{"type":"FeatureCollection","features":[{"type":"Feature","geometry":{"type":"Point","coordinates":[135.7813261,34.9303369]},"properties":{"z":14.5}},{"type":"Feature","geometry":{"type":"Point","coordinates":[135.781279,34.9303599]},"properties":{"z":15.0}},{"type":"Feature","geometry":{"type":"Point","coordinates":[135.7812313,34.9303696]},"properties":{"z":15.0}},{"type":"Feature","geometry":{"type":"Point","coordinates":[135.7811821,34.9303497]},"properties":{"z":14.9}},{"type":"Feature","geometry":{"type":"Point","coordinates":[135.781133,34.9303298]},"properties":{"z":14.3}},{"type":"Feature","geometry":{"type":"Point","coordinates":[135.7810794,34.9303203]},"properties":{"z":14.3}},{"type":"Feature","geometry":{"type":"Point","coordinates":[135.7810258,34.9303109]},"properties":{"z":14.1}},{"type":"Feature","geometry":{"type":"Point","coordinates":[135.7809717,34.9303036]},"properties":{"z":13.8}},{"type":"Feature","geometry":{"type":"Point","coordinates":[135.7809174,34.9302976]},"properties":{"z":13.8}},{"type":"Feature","geometry":{"type":"Point","coordinates":[135.780863,34.9302921]},"properties":{"z":13.9}},{"type":"Feature","geometry":{"type":"Point","coordinates":[135.7808084,34.930288]},"properties":{"z":13.9}},{"type":"Feature","geometry":{"type":"Point","coordinates":[135.7807538,34.9302838]},"properties":{"z":14.1}},{"type":"Feature","geometry":{"type":"Point","coordinates":[135.7806997,34.9302905]},"properties":{"z":14.2}},{"type":"Feature","geometry":{"type":"Point","coordinates":[135.7806458,34.9302985]},"properties":{"z":14.2}},{"type":"Feature","geometry":{"type":"Point","coordinates":[135.7805911,34.9302971]},"properties":{"z":14.2}},{"type":"Feature","geometry":{"type":"Point","coordinates":[135.7805364,34.9302942]},"properties":{"z":14.3}},{"type":"Feature","geometry":{"type":"Point","coordinates":[135.7804822,34.9302876]},"properties":{"z":14.3}},{"type":"Feature","geometry":{"type":"Point","coordinates":[135.7804282,34.9302801]},"properties":{"z":14.3}},{"type":"Feature","geometry":{"type":"Point","coordinates":[135.780374,34.9302733]},"properties":{"z":14.1}},{"type":"Feature","geometry":{"type":"Point","coordinates":[135.7803195,34.930268]},"properties":{"z":14.1}},{"type":"Feature","geometry":{"type":"Point","coordinates":[135.7802651,34.9302627]},"properties":{"z":14.1}},{"type":"Feature","geometry":{"type":"Point","coordinates":[135.7802111,34.9302549]},"properties":{"z":14.1}},{"type":"Feature","geometry":{"type":"Point","coordinates":[135.7801573,34.9302464]},"properties":{"z":14.1}},{"type":"Feature","geometry":{"type":"Point","coordinates":[135.7801032,34.9302392]},"properties":{"z":14.2}},{"type":"Feature","geometry":{"type":"Point","coordinates":[135.7800487,34.9302341]},"properties":{"z":14.2}},{"type":"Feature","geometry":{"type":"Point","coordinates":[135.7799942,34.9302292]},"properties":{"z":14.3}},{"type":"Feature","geometry":{"type":"Point","coordinates":[135.7799395,34.9302277]},"properties":{"z":14.3}},{"type":"Feature","geometry":{"type":"Point","coordinates":[135.7798846,34.9302271]},"properties":{"z":14.3}},{"type":"Feature","geometry":{"type":"Point","coordinates":[135.77983,34.9302244]},"properties":{"z":14.3}},{"type":"Feature","geometry":{"type":"Point","coordinates":[135.7797754,34.9302199]},"properties":{"z":14.3}},{"type":"Feature","geometry":{"type":"Point","coordinates":[135.7797209,34.9302153]},"properties":{"z":14.4}},{"type":"Feature","geometry":{"type":"Point","coordinates":[135.7796663,34.9302109]},"properties":{"z":14.5}},{"type":"Feature","geometry":{"type":"Point","coordinates":[135.7796117,34.9302066]},"properties":{"z":14.5}},{"type":"Feature","geometry":{"type":"Point","coordinates":[135.7795571,34.9302029]},"properties":{"z":14.2}},{"type":"Feature","geometry":{"type":"Point","coordinates":[135.7795023,34.9302021]},"properties":{"z":14.1}},{"type":"Feature","geometry":{"type":"Point","coordinates":[135.7794475,34.9302004]},"properties":{"z":14.1}},{"type":"Feature","geometry":{"type":"Point","coordinates":[135.7793932,34.9301947]},"properties":{"z":14.1}},{"type":"Feature","geometry":{"type":"Point","coordinates":[135.7793388,34.9301891]},"properties":{"z":14.7}},{"type":"Feature","geometry":{"type":"Point","coordinates":[135.7792844,34.9301832]},"properties":{"z":14.7}},{"type":"Feature","geometry":{"type":"Point","coordinates":[135.7792301,34.9301773]},"properties":{"z":14.8}},{"type":"Feature","geometry":{"type":"Point","coordinates":[135.7791757,34.9301714]},"properties":{"z":14.8}},{"type":"Feature","geometry":{"type":"Point","coordinates":[135.7791211,34.9301676]},"properties":{"z":14.8}},{"type":"Feature","geometry":{"type":"Point","coordinates":[135.7790664,34.9301639]},"properties":{"z":14.9}},{"type":"Feature","geometry":{"type":"Point","coordinates":[135.7790119,34.9301594]},"properties":{"z":14.9}},{"type":"Feature","geometry":{"type":"Point","coordinates":[135.7789575,34.9301535]},"properties":{"z":15.1}},{"type":"Feature","geometry":{"type":"Point","coordinates":[135.7789032,34.9301476]},"properties":{"z":15.0}},{"type":"Feature","geometry":{"type":"Point","coordinates":[135.7788488,34.9301421]},"properties":{"z":15.0}},{"type":"Feature","geometry":{"type":"Point","coordinates":[135.7787943,34.9301366]},"properties":{"z":15.0}},{"type":"Feature","geometry":{"type":"Point","coordinates":[135.7787401,34.9301302]},"properties":{"z":14.6}},{"type":"Feature","geometry":{"type":"Point","coordinates":[135.7786863,34.9301214]},"properties":{"z":14.6}},{"type":"Feature","geometry":{"type":"Point","coordinates":[135.7786326,34.9301125]},"properties":{"z":14.7}},{"type":"Feature","geometry":{"type":"Point","coordinates":[135.7785806,34.9300982]},"properties":{"z":14.7}},{"type":"Feature","geometry":{"type":"Point","coordinates":[135.7785286,34.930084]},"properties":{"z":14.8}},{"type":"Feature","geometry":{"type":"Point","coordinates":[135.7784769,34.9300691]},"properties":{"z":14.9}},{"type":"Feature","geometry":{"type":"Point","coordinates":[135.7784255,34.9300534]},"properties":{"z":14.4}},{"type":"Feature","geometry":{"type":"Point","coordinates":[135.778374,34.9300381]},"properties":{"z":14.5}},{"type":"Feature","geometry":{"type":"Point","coordinates":[135.7783214,34.9300252]},"properties":{"z":14.5}},{"type":"Feature","geometry":{"type":"Point","coordinates":[135.7782689,34.9300123]},"properties":{"z":14.7}},{"type":"Feature","geometry":{"type":"Point","coordinates":[135.7782167,34.9299985]},"properties":{"z":14.8}},{"type":"Feature","geometry":{"type":"Point","coordinates":[135.7781652,34.9299832]},"properties":{"z":14.2}},{"type":"Feature","geometry":{"type":"Point","coordinates":[135.7781136,34.9299679]},"properties":{"z":14.3}},{"type":"Feature","geometry":{"type":"Point","coordinates":[135.7780617,34.9299536]},"properties":{"z":14.3}},{"type":"Feature","geometry":{"type":"Point","coordinates":[135.7780095,34.9299397]},"properties":{"z":14.4}},{"type":"Feature","geometry":{"type":"Point","coordinates":[135.7779574,34.9299258]},"properties":{"z":14.4}},{"type":"Feature","geometry":{"type":"Point","coordinates":[135.7779067,34.9299087]},"properties":{"z":13.8}},{"type":"Feature","geometry":{"type":"Point","coordinates":[135.7778565,34.9298906]},"properties":{"z":13.8}},{"type":"Feature","geometry":{"type":"Point","coordinates":[135.7778057,34.9298737]},"properties":{"z":13.8}},{"type":"Feature","geometry":{"type":"Point","coordinates":[135.7777547,34.9298572]},"properties":{"z":13.9}},{"type":"Feature","geometry":{"type":"Point","coordinates":[135.7777037,34.9298407]},"properties":{"z":13.3}},{"type":"Feature","geometry":{"type":"Point","coordinates":[135.7776559,34.9298189]},"properties":{"z":13.3}},{"type":"Feature","geometry":{"type":"Point","coordinates":[135.7776083,34.9297965]},"properties":{"z":13.4}},{"type":"Feature","geometry":{"type":"Point","coordinates":[135.777561,34.9297739]},"properties":{"z":12.8}},{"type":"Feature","geometry":{"type":"Point","coordinates":[135.7775147,34.9297497]},"properties":{"z":12.7}},{"type":"Feature","geometry":{"type":"Point","coordinates":[135.7774685,34.9297256]},"properties":{"z":12.7}},{"type":"Feature","geometry":{"type":"Point","coordinates":[135.7774219,34.9297019]},"properties":{"z":12.1}},{"type":"Feature","geometry":{"type":"Point","coordinates":[135.7773744,34.9296794]},"properties":{"z":12.1}},{"type":"Feature","geometry":{"type":"Point","coordinates":[135.777327,34.9296569]},"properties":{"z":12.0}},{"type":"Feature","geometry":{"type":"Point","coordinates":[135.7772811,34.9296324]},"properties":{"z":11.3}},{"type":"Feature","geometry":{"type":"Point","coordinates":[135.7772377,34.929605]},"properties":{"z":11.3}},{"type":"Feature","geometry":{"type":"Point","coordinates":[135.7771944,34.9295773]},"properties":{"z":11.4}},{"type":"Feature","geometry":{"type":"Point","coordinates":[135.7771522,34.9295487]},"properties":{"z":10.6}},{"type":"Feature","geometry":{"type":"Point","coordinates":[135.7771099,34.92952]},"properties":{"z":10.8}},{"type":"Feature","geometry":{"type":"Point","coordinates":[135.7770641,34.9294954]},"properties":{"z":10.3}},{"type":"Feature","geometry":{"type":"Point","coordinates":[135.7770177,34.9294715]},"properties":{"z":10.4}},{"type":"Feature","geometry":{"type":"Point","coordinates":[135.7769731,34.9294455]},"properties":{"z":10.4}},{"type":"Feature","geometry":{"type":"Point","coordinates":[135.7769301,34.9294175]},"properties":{"z":10.1}},{"type":"Feature","geometry":{"type":"Point","coordinates":[135.7768872,34.9293896]},"properties":{"z":10.1}},{"type":"Feature","geometry":{"type":"Point","coordinates":[135.7768453,34.9293606]},"properties":{"z":10.2}},{"type":"Feature","geometry":{"type":"Point","coordinates":[135.7768034,34.9293316]},"properties":{"z":10.1}},{"type":"Feature","geometry":{"type":"Point","coordinates":[135.7767621,34.929302]},"properties":{"z":10.3}},{"type":"Feature","geometry":{"type":"Point","coordinates":[135.7767217,34.9292716]},"properties":{"z":10.0}},{"type":"Feature","geometry":{"type":"Point","coordinates":[135.7766811,34.9292414]},"properties":{"z":10.1}},{"type":"Feature","geometry":{"type":"Point","coordinates":[135.7766389,34.9292127]},"properties":{"z":10.0}},{"type":"Feature","geometry":{"type":"Point","coordinates":[135.7765967,34.9291841]},"properties":{"z":10.0}},{"type":"Feature","geometry":{"type":"Point","coordinates":[135.7765559,34.929154]},"properties":{"z":10.1}},{"type":"Feature","geometry":{"type":"Point","coordinates":[135.7765152,34.9291239]},"properties":{"z":10.0}},{"type":"Feature","geometry":{"type":"Point","coordinates":[135.7764726,34.9290956]},"properties":{"z":10.1}},{"type":"Feature","geometry":{"type":"Point","coordinates":[135.7764295,34.9290678]},"properties":{"z":10.0}},{"type":"Feature","geometry":{"type":"Point","coordinates":[135.7763882,34.9290383]},"properties":{"z":10.0}},{"type":"Feature","geometry":{"type":"Point","coordinates":[135.7763475,34.9290082]},"properties":{"z":10.0}},{"type":"Feature","geometry":{"type":"Point","coordinates":[135.7763051,34.9289797]},"properties":{"z":10.0}},{"type":"Feature","geometry":{"type":"Point","coordinates":[135.7762614,34.9289526]},"properties":{"z":10.0}},{"type":"Feature","geometry":{"type":"Point","coordinates":[135.7762181,34.9289251]},"properties":{"z":10.0}},{"type":"Feature","geometry":{"type":"Point","coordinates":[135.7761766,34.9288957]},"properties":{"z":10.0}},{"type":"Feature","geometry":{"type":"Point","coordinates":[135.7761351,34.9288663]},"properties":{"z":10.0}},{"type":"Feature","geometry":{"type":"Point","coordinates":[135.776092,34.9288385]},"properties":{"z":10.0}},{"type":"Feature","geometry":{"type":"Point","coordinates":[135.7760486,34.928811]},"properties":{"z":10.0}},{"type":"Feature","geometry":{"type":"Point","coordinates":[135.7760044,34.9287844]},"properties":{"z":10.0}},{"type":"Feature","geometry":{"type":"Point","coordinates":[135.7759598,34.9287584]},"properties":{"z":10.0}},{"type":"Feature","geometry":{"type":"Point","coordinates":[135.775914,34.9287337]},"properties":{"z":10.0}},{"type":"Feature","geometry":{"type":"Point","coordinates":[135.7758668,34.9287108]},"properties":{"z":10.0}},{"type":"Feature","geometry":{"type":"Point","coordinates":[135.7758199,34.9286876]},"properties":{"z":10.0}},{"type":"Feature","geometry":{"type":"Point","coordinates":[135.7757737,34.9286634]},"properties":{"z":10.0}},{"type":"Feature","geometry":{"type":"Point","coordinates":[135.775727,34.9286398]},"properties":{"z":10.0}},{"type":"Feature","geometry":{"type":"Point","coordinates":[135.7756781,34.9286195]},"properties":{"z":10.0}},{"type":"Feature","geometry":{"type":"Point","coordinates":[135.7756292,34.9285992]},"properties":{"z":10.1}},{"type":"Feature","geometry":{"type":"Point","coordinates":[135.7755801,34.9285792]},"properties":{"z":10.0}},{"type":"Feature","geometry":{"type":"Point","coordinates":[135.7755306,34.9285599]},"properties":{"z":10.0}},{"type":"Feature","geometry":{"type":"Point","coordinates":[135.7754809,34.9285408]},"properties":{"z":10.0}},{"type":"Feature","geometry":{"type":"Point","coordinates":[135.7754311,34.9285221]},"properties":{"z":10.1}},{"type":"Feature","geometry":{"type":"Point","coordinates":[135.7753811,34.9285036]},"properties":{"z":10.0}},{"type":"Feature","geometry":{"type":"Point","coordinates":[135.7753308,34.9284858]},"properties":{"z":10.0}},{"type":"Feature","geometry":{"type":"Point","coordinates":[135.7752797,34.9284699]},"properties":{"z":10.0}},{"type":"Feature","geometry":{"type":"Point","coordinates":[135.7752263,34.9284595]},"properties":{"z":10.0}},{"type":"Feature","geometry":{"type":"Point","coordinates":[135.775173,34.9284492]},"properties":{"z":10.0}},{"type":"Feature","geometry":{"type":"Point","coordinates":[135.7751194,34.9284396]},"properties":{"z":10.0}},{"type":"Feature","geometry":{"type":"Point","coordinates":[135.7750657,34.9284306]},"properties":{"z":10.0}},{"type":"Feature","geometry":{"type":"Point","coordinates":[135.7750119,34.9284217]},"properties":{"z":10.0}},{"type":"Feature","geometry":{"type":"Point","coordinates":[135.7749577,34.9284149]},"properties":{"z":10.0}},{"type":"Feature","geometry":{"type":"Point","coordinates":[135.7749035,34.9284082]},"properties":{"z":10.0}},{"type":"Feature","geometry":{"type":"Point","coordinates":[135.7748492,34.9284023]},"properties":{"z":10.0}},{"type":"Feature","geometry":{"type":"Point","coordinates":[135.7747946,34.9283985]},"properties":{"z":10.0}},{"type":"Feature","geometry":{"type":"Point","coordinates":[135.7747401,34.9283973]},"properties":{"z":10.0}},{"type":"Feature","geometry":{"type":"Point","coordinates":[135.7746862,34.9284054]},"properties":{"z":10.0}},{"type":"Feature","geometry":{"type":"Point","coordinates":[135.7746321,34.9284124]},"properties":{"z":10.0}},{"type":"Feature","geometry":{"type":"Point","coordinates":[135.7745773,34.9284127]},"properties":{"z":10.0}},{"type":"Feature","geometry":{"type":"Point","coordinates":[135.7745224,34.928413]},"properties":{"z":10.1}},{"type":"Feature","geometry":{"type":"Point","coordinates":[135.7744682,34.9284189]},"properties":{"z":10.1}},{"type":"Feature","geometry":{"type":"Point","coordinates":[135.7744141,34.9284261]},"properties":{"z":10.1}},{"type":"Feature","geometry":{"type":"Point","coordinates":[135.7743601,34.9284341]},"properties":{"z":10.1}},{"type":"Feature","geometry":{"type":"Point","coordinates":[135.7743063,34.9284425]},"properties":{"z":10.1}},{"type":"Feature","geometry":{"type":"Point","coordinates":[135.7742524,34.928451]},"properties":{"z":10.3}},{"type":"Feature","geometry":{"type":"Point","coordinates":[135.7741987,34.9284602]},"properties":{"z":10.3}},{"type":"Feature","geometry":{"type":"Point","coordinates":[135.774145,34.9284693]},"properties":{"z":10.4}},{"type":"Feature","geometry":{"type":"Point","coordinates":[135.7740928,34.9284827]},"properties":{"z":10.5}},{"type":"Feature","geometry":{"type":"Point","coordinates":[135.7740411,34.9284975]},"properties":{"z":10.5}},{"type":"Feature","geometry":{"type":"Point","coordinates":[135.773989,34.9285112]},"properties":{"z":10.6}},{"type":"Feature","geometry":{"type":"Point","coordinates":[135.7739346,34.9285171]},"properties":{"z":11.2}},{"type":"Feature","geometry":{"type":"Point","coordinates":[135.7738802,34.9285229]},"properties":{"z":11.2}},{"type":"Feature","geometry":{"type":"Point","coordinates":[135.7738257,34.9285276]},"properties":{"z":11.4}},{"type":"Feature","geometry":{"type":"Point","coordinates":[135.7737711,34.9285319]},"properties":{"z":11.4}},{"type":"Feature","geometry":{"type":"Point","coordinates":[135.7737166,34.9285362]},"properties":{"z":11.6}},{"type":"Feature","geometry":{"type":"Point","coordinates":[135.7736619,34.9285379]},"properties":{"z":11.6}},{"type":"Feature","geometry":{"type":"Point","coordinates":[135.773607,34.9285372]},"properties":{"z":11.6}},{"type":"Feature","geometry":{"type":"Point","coordinates":[135.7735522,34.9285365]},"properties":{"z":11.7}},{"type":"Feature","geometry":{"type":"Point","coordinates":[135.7734978,34.9285378]},"properties":{"z":11.6}},{"type":"Feature","geometry":{"type":"Point","coordinates":[135.7734454,34.9285512]},"properties":{"z":11.6}},{"type":"Feature","geometry":{"type":"Point","coordinates":[135.7733931,34.9285646]},"properties":{"z":11.4}},{"type":"Feature","geometry":{"type":"Point","coordinates":[135.7733385,34.9285667]},"properties":{"z":11.4}},{"type":"Feature","geometry":{"type":"Point","coordinates":[135.7732837,34.9285678]},"properties":{"z":10.9}},{"type":"Feature","geometry":{"type":"Point","coordinates":[135.7732292,34.928573]},"properties":{"z":10.4}},{"type":"Feature","geometry":{"type":"Point","coordinates":[135.7731749,34.9285788]},"properties":{"z":10.4}},{"type":"Feature","geometry":{"type":"Point","coordinates":[135.7731204,34.9285834]},"properties":{"z":10.1}},{"type":"Feature","geometry":{"type":"Point","coordinates":[135.7730656,34.9285852]},"properties":{"z":10.0}},{"type":"Feature","geometry":{"type":"Point","coordinates":[135.7730108,34.928587]},"properties":{"z":10.1}},{"type":"Feature","geometry":{"type":"Point","coordinates":[135.772956,34.9285863]},"properties":{"z":10.1}},{"type":"Feature","geometry":{"type":"Point","coordinates":[135.7729013,34.9285843]},"properties":{"z":10.0}},{"type":"Feature","geometry":{"type":"Point","coordinates":[135.7728465,34.9285818]},"properties":{"z":10.0}},{"type":"Feature","geometry":{"type":"Point","coordinates":[135.772792,34.9285773]},"properties":{"z":10.0}},{"type":"Feature","geometry":{"type":"Point","coordinates":[135.7727374,34.9285729]},"properties":{"z":10.0}},{"type":"Feature","geometry":{"type":"Point","coordinates":[135.7726829,34.9285684]},"properties":{"z":10.0}},{"type":"Feature","geometry":{"type":"Point","coordinates":[135.7726282,34.9285648]},"properties":{"z":10.0}},{"type":"Feature","geometry":{"type":"Point","coordinates":[135.7725735,34.9285615]},"properties":{"z":10.0}},{"type":"Feature","geometry":{"type":"Point","coordinates":[135.7725189,34.9285581]},"properties":{"z":10.0}},{"type":"Feature","geometry":{"type":"Point","coordinates":[135.7724642,34.9285546]},"properties":{"z":10.1}},{"type":"Feature","geometry":{"type":"Point","coordinates":[135.7724097,34.9285495]},"properties":{"z":10.1}},{"type":"Feature","geometry":{"type":"Point","coordinates":[135.7723553,34.9285444]},"properties":{"z":10.1}},{"type":"Feature","geometry":{"type":"Point","coordinates":[135.7723008,34.9285389]},"properties":{"z":10.1}},{"type":"Feature","geometry":{"type":"Point","coordinates":[135.7722465,34.9285331]},"properties":{"z":10.1}},{"type":"Feature","geometry":{"type":"Point","coordinates":[135.7721921,34.9285276]},"properties":{"z":10.1}},{"type":"Feature","geometry":{"type":"Point","coordinates":[135.7721376,34.9285225]},"properties":{"z":10.1}},{"type":"Feature","geometry":{"type":"Point","coordinates":[135.7720831,34.9285175]},"properties":{"z":10.2}},{"type":"Feature","geometry":{"type":"Point","coordinates":[135.7720287,34.928512]},"properties":{"z":10.0}},{"type":"Feature","geometry":{"type":"Point","coordinates":[135.7719743,34.9285066]},"properties":{"z":10.0}},{"type":"Feature","geometry":{"type":"Point","coordinates":[135.7719198,34.9285019]},"properties":{"z":10.0}},{"type":"Feature","geometry":{"type":"Point","coordinates":[135.771865,34.9284992]},"properties":{"z":10.0}},{"type":"Feature","geometry":{"type":"Point","coordinates":[135.7718103,34.9284964]},"properties":{"z":10.0}},{"type":"Feature","geometry":{"type":"Point","coordinates":[135.7717567,34.9284871]},"properties":{"z":10.0}},{"type":"Feature","geometry":{"type":"Point","coordinates":[135.771703,34.9284777]},"properties":{"z":10.0}},{"type":"Feature","geometry":{"type":"Point","coordinates":[135.7716493,34.9284687]},"properties":{"z":10.0}},{"type":"Feature","geometry":{"type":"Point","coordinates":[135.7715955,34.9284602]},"properties":{"z":10.0}},{"type":"Feature","geometry":{"type":"Point","coordinates":[135.7715416,34.9284522]},"properties":{"z":10.0}},{"type":"Feature","geometry":{"type":"Point","coordinates":[135.7714873,34.9284455]},"properties":{"z":10.0}},{"type":"Feature","geometry":{"type":"Point","coordinates":[135.7714331,34.9284387]},"properties":{"z":10.0}},{"type":"Feature","geometry":{"type":"Point","coordinates":[135.7713792,34.928431]},"properties":{"z":10.0}},{"type":"Feature","geometry":{"type":"Point","coordinates":[135.7713256,34.9284214]},"properties":{"z":10.0}},{"type":"Feature","geometry":{"type":"Point","coordinates":[135.771272,34.9284121]},"properties":{"z":10.0}},{"type":"Feature","geometry":{"type":"Point","coordinates":[135.7712182,34.9284033]},"properties":{"z":10.0}},{"type":"Feature","geometry":{"type":"Point","coordinates":[135.7711645,34.928394]},"properties":{"z":10.1}},{"type":"Feature","geometry":{"type":"Point","coordinates":[135.7711114,34.9283829]},"properties":{"z":10.1}},{"type":"Feature","geometry":{"type":"Point","coordinates":[135.7710583,34.9283719]},"properties":{"z":10.0}},{"type":"Feature","geometry":{"type":"Point","coordinates":[135.771005,34.9283612]},"properties":{"z":10.0}},{"type":"Feature","geometry":{"type":"Point","coordinates":[135.7709518,34.9283505]},"properties":{"z":10.0}},{"type":"Feature","geometry":{"type":"Point","coordinates":[135.7708984,34.9283404]},"properties":{"z":10.0}},{"type":"Feature","geometry":{"type":"Point","coordinates":[135.7708445,34.9283321]},"properties":{"z":10.0}},{"type":"Feature","geometry":{"type":"Point","coordinates":[135.7707906,34.9283239]},"properties":{"z":10.0}},{"type":"Feature","geometry":{"type":"Point","coordinates":[135.7707372,34.9283139]},"properties":{"z":10.0}},{"type":"Feature","geometry":{"type":"Point","coordinates":[135.7706845,34.9283014]},"properties":{"z":10.0}},{"type":"Feature","geometry":{"type":"Point","coordinates":[135.7706318,34.9282889]},"properties":{"z":10.0}},{"type":"Feature","geometry":{"type":"Point","coordinates":[135.7705781,34.9282802]},"properties":{"z":10.0}},{"type":"Feature","geometry":{"type":"Point","coordinates":[135.7705239,34.9282735]},"properties":{"z":10.0}},{"type":"Feature","geometry":{"type":"Point","coordinates":[135.7704708,34.928263]},"properties":{"z":10.0}},{"type":"Feature","geometry":{"type":"Point","coordinates":[135.770419,34.9282485]},"properties":{"z":10.0}},{"type":"Feature","geometry":{"type":"Point","coordinates":[135.770367,34.928234]},"properties":{"z":10.0}},{"type":"Feature","geometry":{"type":"Point","coordinates":[135.7703135,34.9282244]},"properties":{"z":10.0}},{"type":"Feature","geometry":{"type":"Point","coordinates":[135.77026,34.9282147]},"properties":{"z":10.0}},{"type":"Feature","geometry":{"type":"Point","coordinates":[135.7702064,34.928205]},"properties":{"z":10.0}},{"type":"Feature","geometry":{"type":"Point","coordinates":[135.7701531,34.9281946]},"properties":{"z":10.0}},{"type":"Feature","geometry":{"type":"Point","coordinates":[135.7700997,34.9281843]},"properties":{"z":10.0}},{"type":"Feature","geometry":{"type":"Point","coordinates":[135.7700462,34.9281744]},"properties":{"z":10.1}},{"type":"Feature","geometry":{"type":"Point","coordinates":[135.7699927,34.9281647]},"properties":{"z":10.1}},{"type":"Feature","geometry":{"type":"Point","coordinates":[135.7699392,34.928155]},"properties":{"z":10.0}},{"type":"Feature","geometry":{"type":"Point","coordinates":[135.7698856,34.9281452]},"properties":{"z":10.0}},{"type":"Feature","geometry":{"type":"Point","coordinates":[135.7698321,34.9281354]},"properties":{"z":10.0}},{"type":"Feature","geometry":{"type":"Point","coordinates":[135.7697791,34.928124]},"properties":{"z":10.0}},{"type":"Feature","geometry":{"type":"Point","coordinates":[135.7697263,34.9281118]},"properties":{"z":10.1}},{"type":"Feature","geometry":{"type":"Point","coordinates":[135.7696736,34.9280994]},"properties":{"z":10.1}},{"type":"Feature","geometry":{"type":"Point","coordinates":[135.7696211,34.9280865]},"properties":{"z":10.0}},{"type":"Feature","geometry":{"type":"Point","coordinates":[135.7695686,34.9280736]},"properties":{"z":10.0}},{"type":"Feature","geometry":{"type":"Point","coordinates":[135.7695153,34.9280634]},"properties":{"z":10.0}},{"type":"Feature","geometry":{"type":"Point","coordinates":[135.7694612,34.9280559]},"properties":{"z":10.0}},{"type":"Feature","geometry":{"type":"Point","coordinates":[135.7694072,34.9280484]},"properties":{"z":10.0}},{"type":"Feature","geometry":{"type":"Point","coordinates":[135.7693542,34.9280371]},"properties":{"z":10.0}},{"type":"Feature","geometry":{"type":"Point","coordinates":[135.7693015,34.9280248]},"properties":{"z":10.0}},{"type":"Feature","geometry":{"type":"Point","coordinates":[135.7692486,34.928013]},"properties":{"z":10.0}},{"type":"Feature","geometry":{"type":"Point","coordinates":[135.7691954,34.9280021]},"properties":{"z":10.1}},{"type":"Feature","geometry":{"type":"Point","coordinates":[135.769142,34.9279917]},"properties":{"z":10.1}},{"type":"Feature","geometry":{"type":"Point","coordinates":[135.7690884,34.9279825]},"properties":{"z":10.2}},{"type":"Feature","geometry":{"type":"Point","coordinates":[135.7690347,34.9279732]},"properties":{"z":10.3}},{"type":"Feature","geometry":{"type":"Point","coordinates":[135.7689809,34.9279648]},"properties":{"z":10.3}},{"type":"Feature","geometry":{"type":"Point","coordinates":[135.7689269,34.9279567]},"properties":{"z":10.4}},{"type":"Feature","geometry":{"type":"Point","coordinates":[135.7688736,34.9279464]},"properties":{"z":10.0}},{"type":"Feature","geometry":{"type":"Point","coordinates":[135.7688212,34.9279332]},"properties":{"z":10.0}},{"type":"Feature","geometry":{"type":"Point","coordinates":[135.7687688,34.92792]},"properties":{"z":10.2}},{"type":"Feature","geometry":{"type":"Point","coordinates":[135.7687189,34.9279015]},"properties":{"z":10.2}},{"type":"Feature","geometry":{"type":"Point","coordinates":[135.7686691,34.9278827]},"properties":{"z":10.4}},{"type":"Feature","geometry":{"type":"Point","coordinates":[135.7686185,34.9278655]},"properties":{"z":10.1}},{"type":"Feature","geometry":{"type":"Point","coordinates":[135.7685678,34.9278484]},"properties":{"z":10.1}},{"type":"Feature","geometry":{"type":"Point","coordinates":[135.7685159,34.9278341]},"properties":{"z":10.1}},{"type":"Feature","geometry":{"type":"Point","coordinates":[135.7684629,34.9278226]},"properties":{"z":10.1}},{"type":"Feature","geometry":{"type":"Point","coordinates":[135.7684099,34.927811]},"properties":{"z":10.1}},{"type":"Feature","geometry":{"type":"Point","coordinates":[135.768362,34.9277901]},"properties":{"z":10.1}},{"type":"Feature","geometry":{"type":"Point","coordinates":[135.7683157,34.9277659]},"properties":{"z":10.3}},{"type":"Feature","geometry":{"type":"Point","coordinates":[135.7682695,34.9277417]},"properties":{"z":10.5}},{"type":"Feature","geometry":{"type":"Point","coordinates":[135.7682206,34.9277223]},"properties":{"z":10.0}},{"type":"Feature","geometry":{"type":"Point","coordinates":[135.7681683,34.9277087]},"properties":{"z":10.1}},{"type":"Feature","geometry":{"type":"Point","coordinates":[135.768116,34.9276952]},"properties":{"z":10.1}},{"type":"Feature","geometry":{"type":"Point","coordinates":[135.7680656,34.9276782]},"properties":{"z":10.4}},{"type":"Feature","geometry":{"type":"Point","coordinates":[135.7680177,34.9276563]},"properties":{"z":10.1}},{"type":"Feature","geometry":{"type":"Point","coordinates":[135.7679698,34.9276344]},"properties":{"z":10.2}},{"type":"Feature","geometry":{"type":"Point","coordinates":[135.7679193,34.9276176]},"properties":{"z":10.3}},{"type":"Feature","geometry":{"type":"Point","coordinates":[135.7678667,34.9276048]},"properties":{"z":10.3}},{"type":"Feature","geometry":{"type":"Point","coordinates":[135.7678139,34.9275938]},"properties":{"z":10.1}},{"type":"Feature","geometry":{"type":"Point","coordinates":[135.7677591,34.9275947]},"properties":{"z":10.1}},{"type":"Feature","geometry":{"type":"Point","coordinates":[135.7677042,34.9275955]},"properties":{"z":10.2}},{"type":"Feature","geometry":{"type":"Point","coordinates":[135.7676546,34.927578]},"properties":{"z":10.3}},{"type":"Feature","geometry":{"type":"Point","coordinates":[135.7676057,34.9275576]},"properties":{"z":10.3}},{"type":"Feature","geometry":{"type":"Point","coordinates":[135.7675673,34.9275266]},"properties":{"z":10.0}},{"type":"Feature","geometry":{"type":"Point","coordinates":[135.7675329,34.9274917]},"properties":{"z":10.0}},{"type":"Feature","geometry":{"type":"Point","coordinates":[135.7674918,34.9274628]},"properties":{"z":10.0}},{"type":"Feature","geometry":{"type":"Point","coordinates":[135.7674453,34.9274389]},"properties":{"z":10.0}},{"type":"Feature","geometry":{"type":"Point","coordinates":[135.7674001,34.9274136]},"properties":{"z":10.0}},{"type":"Feature","geometry":{"type":"Point","coordinates":[135.7673566,34.9273862]},"properties":{"z":10.0}},{"type":"Feature","geometry":{"type":"Point","coordinates":[135.7673136,34.9273584]},"properties":{"z":10.0}},{"type":"Feature","geometry":{"type":"Point","coordinates":[135.7672726,34.9273286]},"properties":{"z":10.0}},{"type":"Feature","geometry":{"type":"Point","coordinates":[135.7672309,34.9272995]},"properties":{"z":10.0}},{"type":"Feature","geometry":{"type":"Point","coordinates":[135.7671816,34.9272799]},"properties":{"z":10.0}},{"type":"Feature","geometry":{"type":"Point","coordinates":[135.7671322,34.9272603]},"properties":{"z":10.0}},{"type":"Feature","geometry":{"type":"Point","coordinates":[135.7670908,34.9272314]},"properties":{"z":10.0}},{"type":"Feature","geometry":{"type":"Point","coordinates":[135.7670512,34.9272003]},"properties":{"z":10.0}},{"type":"Feature","geometry":{"type":"Point","coordinates":[135.7670115,34.9271693]},"properties":{"z":10.0}},{"type":"Feature","geometry":{"type":"Point","coordinates":[135.7669714,34.9271387]},"properties":{"z":10.0}},{"type":"Feature","geometry":{"type":"Point","coordinates":[135.7669314,34.9271079]},"properties":{"z":10.0}},{"type":"Feature","geometry":{"type":"Point","coordinates":[135.7668924,34.9270763]},"properties":{"z":10.0}},{"type":"Feature","geometry":{"type":"Point","coordinates":[135.766853,34.9270451]},"properties":{"z":10.0}},{"type":"Feature","geometry":{"type":"Point","coordinates":[135.7668075,34.9270201]},"properties":{"z":10.0}},{"type":"Feature","geometry":{"type":"Point","coordinates":[135.766762,34.926995]},"properties":{"z":10.0}},{"type":"Feature","geometry":{"type":"Point","coordinates":[135.7667134,34.9269743]},"properties":{"z":10.0}},{"type":"Feature","geometry":{"type":"Point","coordinates":[135.7666642,34.9269545]},"properties":{"z":10.0}},{"type":"Feature","geometry":{"type":"Point","coordinates":[135.7666144,34.9269357]},"properties":{"z":10.0}},{"type":"Feature","geometry":{"type":"Point","coordinates":[135.7665644,34.9269172]},"properties":{"z":10.0}},{"type":"Feature","geometry":{"type":"Point","coordinates":[135.7665174,34.9268946]},"properties":{"z":10.0}},{"type":"Feature","geometry":{"type":"Point","coordinates":[135.7664739,34.9268672]},"properties":{"z":10.0}},{"type":"Feature","geometry":{"type":"Point","coordinates":[135.7664305,34.9268398]},"properties":{"z":10.0}},{"type":"Feature","geometry":{"type":"Point","coordinates":[135.7663869,34.9268125]},"properties":{"z":10.0}},{"type":"Feature","geometry":{"type":"Point","coordinates":[135.7663433,34.9267853]},"properties":{"z":10.0}},{"type":"Feature","geometry":{"type":"Point","coordinates":[135.7662982,34.9267599]},"properties":{"z":10.0}},{"type":"Feature","geometry":{"type":"Point","coordinates":[135.7662508,34.9267373]},"properties":{"z":10.0}},{"type":"Feature","geometry":{"type":"Point","coordinates":[135.7662034,34.9267147]},"properties":{"z":10.1}},{"type":"Feature","geometry":{"type":"Point","coordinates":[135.766156,34.926692]},"properties":{"z":10.1}},{"type":"Feature","geometry":{"type":"Point","coordinates":[135.7661087,34.9266694]},"properties":{"z":10.0}},{"type":"Feature","geometry":{"type":"Point","coordinates":[135.7660597,34.9266492]},"properties":{"z":10.0}},{"type":"Feature","geometry":{"type":"Point","coordinates":[135.7660107,34.9266291]},"properties":{"z":10.1}},{"type":"Feature","geometry":{"type":"Point","coordinates":[135.7659619,34.9266085]},"properties":{"z":10.0}},{"type":"Feature","geometry":{"type":"Point","coordinates":[135.7659133,34.9265877]},"properties":{"z":10.1}},{"type":"Feature","geometry":{"type":"Point","coordinates":[135.7658658,34.9265653]},"properties":{"z":10.1}},{"type":"Feature","geometry":{"type":"Point","coordinates":[135.7658195,34.9265413]},"properties":{"z":10.1}},{"type":"Feature","geometry":{"type":"Point","coordinates":[135.7657722,34.9265186]},"properties":{"z":10.1}},{"type":"Feature","geometry":{"type":"Point","coordinates":[135.7657235,34.9264979]},"properties":{"z":10.1}},{"type":"Feature","geometry":{"type":"Point","coordinates":[135.7656749,34.9264772]},"properties":{"z":10.1}},{"type":"Feature","geometry":{"type":"Point","coordinates":[135.7656254,34.9264579]},"properties":{"z":10.1}},{"type":"Feature","geometry":{"type":"Point","coordinates":[135.7655756,34.926439]},"properties":{"z":10.1}},{"type":"Feature","geometry":{"type":"Point","coordinates":[135.7655264,34.9264192]},"properties":{"z":10.1}},{"type":"Feature","geometry":{"type":"Point","coordinates":[135.7654777,34.9263986]},"properties":{"z":10.1}},{"type":"Feature","geometry":{"type":"Point","coordinates":[135.7654284,34.926379]},"properties":{"z":10.1}},{"type":"Feature","geometry":{"type":"Point","coordinates":[135.7653785,34.9263604]},"properties":{"z":10.1}},{"type":"Feature","geometry":{"type":"Point","coordinates":[135.7653303,34.9263393]},"properties":{"z":10.1}},{"type":"Feature","geometry":{"type":"Point","coordinates":[135.7652857,34.9263132]},"properties":{"z":10.1}},{"type":"Feature","geometry":{"type":"Point","coordinates":[135.765241,34.9262871]},"properties":{"z":10.1}},{"type":"Feature","geometry":{"type":"Point","coordinates":[135.765197,34.9262603]},"properties":{"z":10.1}},{"type":"Feature","geometry":{"type":"Point","coordinates":[135.765153,34.9262334]},"properties":{"z":10.1}},{"type":"Feature","geometry":{"type":"Point","coordinates":[135.7651091,34.9262065]},"properties":{"z":10.1}},{"type":"Feature","geometry":{"type":"Point","coordinates":[135.7650558,34.9261968]},"properties":{"z":10.1}},{"type":"Feature","geometry":{"type":"Point","coordinates":[135.7650021,34.9261876]},"properties":{"z":10.1}},{"type":"Feature","geometry":{"type":"Point","coordinates":[135.7649503,34.9261733]},"properties":{"z":10.1}},{"type":"Feature","geometry":{"type":"Point","coordinates":[135.7648992,34.926157]},"properties":{"z":10.1}},{"type":"Feature","geometry":{"type":"Point","coordinates":[135.7648509,34.9261378]},"properties":{"z":10.1}},{"type":"Feature","geometry":{"type":"Point","coordinates":[135.7648187,34.9261014]},"properties":{"z":10.1}},{"type":"Feature","geometry":{"type":"Point","coordinates":[135.764786,34.9260655]},"properties":{"z":10.1}},{"type":"Feature","geometry":{"type":"Point","coordinates":[135.764733,34.926054]},"properties":{"z":10.1}},{"type":"Feature","geometry":{"type":"Point","coordinates":[135.76468,34.9260425]},"properties":{"z":10.1}},{"type":"Feature","geometry":{"type":"Point","coordinates":[135.7646254,34.9260398]},"properties":{"z":10.1}},{"type":"Feature","geometry":{"type":"Point","coordinates":[135.7645706,34.926038]},"properties":{"z":10.1}},{"type":"Feature","geometry":{"type":"Point","coordinates":[135.7645198,34.9260242]},"properties":{"z":10.1}},{"type":"Feature","geometry":{"type":"Point","coordinates":[135.7644713,34.9260032]},"properties":{"z":10.1}},{"type":"Feature","geometry":{"type":"Point","coordinates":[135.7644223,34.9259831]},"properties":{"z":10.1}},{"type":"Feature","geometry":{"type":"Point","coordinates":[135.7643701,34.9259693]},"properties":{"z":10.1}},{"type":"Feature","geometry":{"type":"Point","coordinates":[135.764318,34.9259555]},"properties":{"z":10.1}},{"type":"Feature","geometry":{"type":"Point","coordinates":[135.7642668,34.9259394]},"properties":{"z":10.1}},{"type":"Feature","geometry":{"type":"Point","coordinates":[135.7642158,34.9259229]},"properties":{"z":10.1}},{"type":"Feature","geometry":{"type":"Point","coordinates":[135.7642283,34.9259246]},"properties":{"z":10.1}},{"type":"Feature","geometry":{"type":"Point","coordinates":[135.7642807,34.9259378]},"properties":{"z":10.1}},{"type":"Feature","geometry":{"type":"Point","coordinates":[135.7643331,34.925951]},"properties":{"z":10.1}},{"type":"Feature","geometry":{"type":"Point","coordinates":[135.7643804,34.9259736]},"properties":{"z":10.1}},{"type":"Feature","geometry":{"type":"Point","coordinates":[135.7644274,34.9259967]},"properties":{"z":10.1}},{"type":"Feature","geometry":{"type":"Point","coordinates":[135.7644756,34.9260181]},"properties":{"z":10.1}},{"type":"Feature","geometry":{"type":"Point","coordinates":[135.7645245,34.9260384]},"properties":{"z":10.1}},{"type":"Feature","geometry":{"type":"Point","coordinates":[135.7645734,34.9260588]},"properties":{"z":10.1}},{"type":"Feature","geometry":{"type":"Point","coordinates":[135.7646205,34.9260817]},"properties":{"z":10.1}},{"type":"Feature","geometry":{"type":"Point","coordinates":[135.7646677,34.9261046]},"properties":{"z":10.1}},{"type":"Feature","geometry":{"type":"Point","coordinates":[135.7647152,34.9261271]},"properties":{"z":10.1}},{"type":"Feature","geometry":{"type":"Point","coordinates":[135.7647636,34.9261482]},"properties":{"z":10.1}},{"type":"Feature","geometry":{"type":"Point","coordinates":[135.764812,34.9261694]},"properties":{"z":10.1}},{"type":"Feature","geometry":{"type":"Point","coordinates":[135.7648614,34.9261888]},"properties":{"z":10.1}},{"type":"Feature","geometry":{"type":"Point","coordinates":[135.7649109,34.9262081]},"properties":{"z":10.1}},{"type":"Feature","geometry":{"type":"Point","coordinates":[135.7649595,34.926229]},"properties":{"z":10.1}},{"type":"Feature","geometry":{"type":"Point","coordinates":[135.7650076,34.9262505]},"properties":{"z":10.1}},{"type":"Feature","geometry":{"type":"Point","coordinates":[135.765057,34.9262698]},"properties":{"z":10.1}},{"type":"Feature","geometry":{"type":"Point","coordinates":[135.7651073,34.9262878]},"properties":{"z":10.1}},{"type":"Feature","geometry":{"type":"Point","coordinates":[135.7651575,34.9263059]},"properties":{"z":10.1}},{"type":"Feature","geometry":{"type":"Point","coordinates":[135.7652076,34.9263241]},"properties":{"z":10.1}},{"type":"Feature","geometry":{"type":"Point","coordinates":[135.7652577,34.9263423]},"properties":{"z":10.1}},{"type":"Feature","geometry":{"type":"Point","coordinates":[135.7653079,34.9263605]},"properties":{"z":10.1}},{"type":"Feature","geometry":{"type":"Point","coordinates":[135.765358,34.9263786]},"properties":{"z":10.1}},{"type":"Feature","geometry":{"type":"Point","coordinates":[135.7654089,34.9263953]},"properties":{"z":10.1}},{"type":"Feature","geometry":{"type":"Point","coordinates":[135.7654605,34.9264104]},"properties":{"z":10.1}},{"type":"Feature","geometry":{"type":"Point","coordinates":[135.7655122,34.9264255]},"properties":{"z":10.1}},{"type":"Feature","geometry":{"type":"Point","coordinates":[135.7655629,34.9264424]},"properties":{"z":10.1}},{"type":"Feature","geometry":{"type":"Point","coordinates":[135.7656128,34.926461]},"properties":{"z":10.1}},{"type":"Feature","geometry":{"type":"Point","coordinates":[135.7656611,34.926482]},"properties":{"z":10.1}},{"type":"Feature","geometry":{"type":"Point","coordinates":[135.765706,34.9265078]},"properties":{"z":10.1}},{"type":"Feature","geometry":{"type":"Point","coordinates":[135.7657515,34.9265328]},"properties":{"z":10.1}},{"type":"Feature","geometry":{"type":"Point","coordinates":[135.7658001,34.9265536]},"properties":{"z":10.1}},{"type":"Feature","geometry":{"type":"Point","coordinates":[135.7658471,34.9265759]},"properties":{"z":10.1}},{"type":"Feature","geometry":{"type":"Point","coordinates":[135.7658751,34.9266145]},"properties":{"z":10.1}},{"type":"Feature","geometry":{"type":"Point","coordinates":[135.7659031,34.9266531]},"properties":{"z":10.1}},{"type":"Feature","geometry":{"type":"Point","coordinates":[135.7659313,34.9266916]},"properties":{"z":10.1}},{"type":"Feature","geometry":{"type":"Point","coordinates":[135.7659808,34.926711]},"properties":{"z":10.1}},{"type":"Feature","geometry":{"type":"Point","coordinates":[135.7660303,34.9267303]},"properties":{"z":10.1}},{"type":"Feature","geometry":{"type":"Point","coordinates":[135.7660205,34.9267615]},"properties":{"z":10.1}},{"type":"Feature","geometry":{"type":"Point","coordinates":[135.7659876,34.9267975]},"properties":{"z":10.1}},{"type":"Feature","geometry":{"type":"Point","coordinates":[135.7659546,34.9268334]},"properties":{"z":10.1}},{"type":"Feature","geometry":{"type":"Point","coordinates":[135.7659216,34.9268693]},"properties":{"z":10.2}},{"type":"Feature","geometry":{"type":"Point","coordinates":[135.7659513,34.9269035]},"properties":{"z":10.2}},{"type":"Feature","geometry":{"type":"Point","coordinates":[135.765987,34.9269376]},"properties":{"z":10.2}},{"type":"Feature","geometry":{"type":"Point","coordinates":[135.766003,34.9269785]},"properties":{"z":10.2}},{"type":"Feature","geometry":{"type":"Point","coordinates":[135.7660073,34.9270233]},"properties":{"z":10.2}},{"type":"Feature","geometry":{"type":"Point","coordinates":[135.7660103,34.9270681]},"properties":{"z":10.2}},{"type":"Feature","geometry":{"type":"Point","coordinates":[135.7660028,34.9271126]},"properties":{"z":10.2}},{"type":"Feature","geometry":{"type":"Point","coordinates":[135.7659952,34.9271571]},"properties":{"z":10.2}},{"type":"Feature","geometry":{"type":"Point","coordinates":[135.7659801,34.9271998]},"properties":{"z":10.2}},{"type":"Feature","geometry":{"type":"Point","coordinates":[135.7659572,34.9272407]},"properties":{"z":10.2}},{"type":"Feature","geometry":{"type":"Point","coordinates":[135.7659343,34.9272815]},"properties":{"z":10.3}},{"type":"Feature","geometry":{"type":"Point","coordinates":[135.7658831,34.9272803]},"properties":{"z":10.3}},{"type":"Feature","geometry":{"type":"Point","coordinates":[135.7658288,34.9272744]},"properties":{"z":10.3}},{"type":"Feature","geometry":{"type":"Point","coordinates":[135.7657744,34.9272685]},"properties":{"z":10.3}},{"type":"Feature","geometry":{"type":"Point","coordinates":[135.7657205,34.9272602]},"properties":{"z":10.3}},{"type":"Feature","geometry":{"type":"Point","coordinates":[135.7656667,34.9272516]},"properties":{"z":10.3}},{"type":"Feature","geometry":{"type":"Point","coordinates":[135.7656178,34.9272322]},"properties":{"z":10.3}},{"type":"Feature","geometry":{"type":"Point","coordinates":[135.7655702,34.9272098]},"properties":{"z":10.3}},{"type":"Feature","geometry":{"type":"Point","coordinates":[135.7655175,34.9272001]},"properties":{"z":10.4}},{"type":"Feature","geometry":{"type":"Point","coordinates":[135.7654631,34.9271944]},"properties":{"z":10.4}},{"type":"Feature","geometry":{"type":"Point","coordinates":[135.7654091,34.927187]},"properties":{"z":10.4}},{"type":"Feature","geometry":{"type":"Point","coordinates":[135.7653557,34.9271768]},"properties":{"z":10.4}},{"type":"Feature","geometry":{"type":"Point","coordinates":[135.7653023,34.9271665]},"properties":{"z":10.4}},{"type":"Feature","geometry":{"type":"Point","coordinates":[135.7652483,34.9271587]},"properties":{"z":10.4}},{"type":"Feature","geometry":{"type":"Point","coordinates":[135.7651943,34.9271514]},"properties":{"z":10.4}},{"type":"Feature","geometry":{"type":"Point","coordinates":[135.76514,34.9271455]},"properties":{"z":10.4}},{"type":"Feature","geometry":{"type":"Point","coordinates":[135.7650852,34.9271446]},"properties":{"z":10.4}},{"type":"Feature","geometry":{"type":"Point","coordinates":[135.7650304,34.9271439]},"properties":{"z":10.4}},{"type":"Feature","geometry":{"type":"Point","coordinates":[135.7649755,34.9271444]},"properties":{"z":10.5}},{"type":"Feature","geometry":{"type":"Point","coordinates":[135.7649207,34.9271448]},"properties":{"z":10.5}},{"type":"Feature","geometry":{"type":"Point","coordinates":[135.7648663,34.9271416]},"properties":{"z":10.5}},{"type":"Feature","geometry":{"type":"Point","coordinates":[135.7648122,34.927134]},"properties":{"z":10.5}},{"type":"Feature","geometry":{"type":"Point","coordinates":[135.7647582,34.9271265]},"properties":{"z":10.5}},{"type":"Feature","geometry":{"type":"Point","coordinates":[135.7647037,34.9271275]},"properties":{"z":10.5}},{"type":"Feature","geometry":{"type":"Point","coordinates":[135.764649,34.9271312]},"properties":{"z":10.5}},{"type":"Feature","geometry":{"type":"Point","coordinates":[135.7645943,34.9271313]},"properties":{"z":10.5}},{"type":"Feature","geometry":{"type":"Point","coordinates":[135.7645395,34.9271297]},"properties":{"z":10.6}},{"type":"Feature","geometry":{"type":"Point","coordinates":[135.7644847,34.9271281]},"properties":{"z":10.6}},{"type":"Feature","geometry":{"type":"Point","coordinates":[135.7644299,34.9271286]},"properties":{"z":10.6}},{"type":"Feature","geometry":{"type":"Point","coordinates":[135.7643752,34.9271313]},"properties":{"z":10.6}},{"type":"Feature","geometry":{"type":"Point","coordinates":[135.7643204,34.9271338]},"properties":{"z":10.6}},{"type":"Feature","geometry":{"type":"Point","coordinates":[135.7642657,34.9271359]},"properties":{"z":10.6}},{"type":"Feature","geometry":{"type":"Point","coordinates":[135.7642109,34.927138]},"properties":{"z":10.6}},{"type":"Feature","geometry":{"type":"Point","coordinates":[135.7641561,34.92714]},"properties":{"z":10.6}},{"type":"Feature","geometry":{"type":"Point","coordinates":[135.7641013,34.9271415]},"properties":{"z":10.6}},{"type":"Feature","geometry":{"type":"Point","coordinates":[135.7640466,34.9271431]},"properties":{"z":10.7}},{"type":"Feature","geometry":{"type":"Point","coordinates":[135.7639922,34.927149]},"properties":{"z":10.7}},{"type":"Feature","geometry":{"type":"Point","coordinates":[135.7639379,34.927155]},"properties":{"z":10.7}},{"type":"Feature","geometry":{"type":"Point","coordinates":[135.7638831,34.9271559]},"properties":{"z":10.7}},{"type":"Feature","geometry":{"type":"Point","coordinates":[135.7638283,34.9271566]},"properties":{"z":10.7}},{"type":"Feature","geometry":{"type":"Point","coordinates":[135.7637737,34.927159]},"properties":{"z":10.7}},{"type":"Feature","geometry":{"type":"Point","coordinates":[135.7637208,34.9271706]},"properties":{"z":10.7}},{"type":"Feature","geometry":{"type":"Point","coordinates":[135.7636678,34.9271822]},"properties":{"z":10.7}},{"type":"Feature","geometry":{"type":"Point","coordinates":[135.7636146,34.927193]},"properties":{"z":10.8}},{"type":"Feature","geometry":{"type":"Point","coordinates":[135.7635614,34.9272039]},"properties":{"z":10.8}},{"type":"Feature","geometry":{"type":"Point","coordinates":[135.7635113,34.927221]},"properties":{"z":10.8}},{"type":"Feature","geometry":{"type":"Point","coordinates":[135.7634638,34.9272436]},"properties":{"z":10.8}},{"type":"Feature","geometry":{"type":"Point","coordinates":[135.7634164,34.9272661]},"properties":{"z":10.8}},{"type":"Feature","geometry":{"type":"Point","coordinates":[135.7633668,34.9272851]},"properties":{"z":10.8}},{"type":"Feature","geometry":{"type":"Point","coordinates":[135.7633165,34.9273031]},"properties":{"z":10.8}},{"type":"Feature","geometry":{"type":"Point","coordinates":[135.7632651,34.9273183]},"properties":{"z":10.8}},{"type":"Feature","geometry":{"type":"Point","coordinates":[135.7632124,34.9273307]},"properties":{"z":10.9}},{"type":"Feature","geometry":{"type":"Point","coordinates":[135.7631597,34.9273432]},"properties":{"z":10.9}},{"type":"Feature","geometry":{"type":"Point","coordinates":[135.7631071,34.9273559]},"properties":{"z":10.9}},{"type":"Feature","geometry":{"type":"Point","coordinates":[135.7630547,34.927369]},"properties":{"z":10.9}},{"type":"Feature","geometry":{"type":"Point","coordinates":[135.7630026,34.9273829]},"properties":{"z":10.9}},{"type":"Feature","geometry":{"type":"Point","coordinates":[135.7629541,34.9274039]},"properties":{"z":10.9}},{"type":"Feature","geometry":{"type":"Point","coordinates":[135.7629056,34.9274249]},"properties":{"z":10.9}},{"type":"Feature","geometry":{"type":"Point","coordinates":[135.7628569,34.9274454]},"properties":{"z":10.9}},{"type":"Feature","geometry":{"type":"Point","coordinates":[135.7628078,34.9274654]},"properties":{"z":11.0}},{"type":"Feature","geometry":{"type":"Point","coordinates":[135.7627586,34.9274853]},"properties":{"z":11.0}},{"type":"Feature","geometry":{"type":"Point","coordinates":[135.7627125,34.9275095]},"properties":{"z":11.0}},{"type":"Feature","geometry":{"type":"Point","coordinates":[135.7626677,34.9275353]},"properties":{"z":11.1}},{"type":"Feature","geometry":{"type":"Point","coordinates":[135.7626209,34.9275574]},"properties":{"z":11.1}},{"type":"Feature","geometry":{"type":"Point","coordinates":[135.762567,34.9275653]},"properties":{"z":11.1}},{"type":"Feature","geometry":{"type":"Point","coordinates":[135.762513,34.9275732]},"properties":{"z":11.1}},{"type":"Feature","geometry":{"type":"Point","coordinates":[135.7624614,34.9275875]},"properties":{"z":11.1}},{"type":"Feature","geometry":{"type":"Point","coordinates":[135.7624115,34.9276061]},"properties":{"z":11.1}},{"type":"Feature","geometry":{"type":"Point","coordinates":[135.7623611,34.9276238]},"properties":{"z":11.1}},{"type":"Feature","geometry":{"type":"Point","coordinates":[135.7623104,34.9276407]},"properties":{"z":11.1}},{"type":"Feature","geometry":{"type":"Point","coordinates":[135.7622595,34.9276576]},"properties":{"z":11.1}},{"type":"Feature","geometry":{"type":"Point","coordinates":[135.7622082,34.9276735]},"properties":{"z":11.2}},{"type":"Feature","geometry":{"type":"Point","coordinates":[135.762157,34.9276894]},"properties":{"z":11.2}},{"type":"Feature","geometry":{"type":"Point","coordinates":[135.7621197,34.927722]},"properties":{"z":11.2}},{"type":"Feature","geometry":{"type":"Point","coordinates":[135.7620833,34.9277556]},"properties":{"z":11.3}},{"type":"Feature","geometry":{"type":"Point","coordinates":[135.7620423,34.9277849]},"properties":{"z":11.3}},{"type":"Feature","geometry":{"type":"Point","coordinates":[135.7619967,34.9278098]},"properties":{"z":11.4}},{"type":"Feature","geometry":{"type":"Point","coordinates":[135.7619511,34.9278348]},"properties":{"z":11.4}},{"type":"Feature","geometry":{"type":"Point","coordinates":[135.7619061,34.9278605]},"properties":{"z":11.4}},{"type":"Feature","geometry":{"type":"Point","coordinates":[135.7618612,34.9278862]},"properties":{"z":11.4}},{"type":"Feature","geometry":{"type":"Point","coordinates":[135.7618203,34.9279162]},"properties":{"z":11.4}},{"type":"Feature","geometry":{"type":"Point","coordinates":[135.7617794,34.9279462]},"properties":{"z":11.4}},{"type":"Feature","geometry":{"type":"Point","coordinates":[135.7617339,34.9279712]},"properties":{"z":11.4}},{"type":"Feature","geometry":{"type":"Point","coordinates":[135.761688,34.9279957]},"properties":{"z":11.4}},{"type":"Feature","geometry":{"type":"Point","coordinates":[135.7616437,34.928022]},"properties":{"z":11.5}},{"type":"Feature","geometry":{"type":"Point","coordinates":[135.7616036,34.9280526]},"properties":{"z":11.5}},{"type":"Feature","geometry":{"type":"Point","coordinates":[135.7615636,34.9280834]},"properties":{"z":11.6}},{"type":"Feature","geometry":{"type":"Point","coordinates":[135.7615242,34.9281146]},"properties":{"z":11.6}},{"type":"Feature","geometry":{"type":"Point","coordinates":[135.7614844,34.9281456]},"properties":{"z":11.7}},{"type":"Feature","geometry":{"type":"Point","coordinates":[135.761443,34.928175]},"properties":{"z":11.6}},{"type":"Feature","geometry":{"type":"Point","coordinates":[135.7614015,34.9282044]},"properties":{"z":11.7}},{"type":"Feature","geometry":{"type":"Point","coordinates":[135.7613679,34.9282398]},"properties":{"z":11.6}},{"type":"Feature","geometry":{"type":"Point","coordinates":[135.7613356,34.9282761]},"properties":{"z":11.6}},{"type":"Feature","geometry":{"type":"Point","coordinates":[135.7613099,34.9283147]},"properties":{"z":11.6}},{"type":"Feature","geometry":{"type":"Point","coordinates":[135.7613005,34.928359]},"properties":{"z":11.6}},{"type":"Feature","geometry":{"type":"Point","coordinates":[135.761291,34.9284033]},"properties":{"z":11.6}},{"type":"Feature","geometry":{"type":"Point","coordinates":[135.7612814,34.9284475]},"properties":{"z":11.6}},{"type":"Feature","geometry":{"type":"Point","coordinates":[135.7612718,34.9284918]},"properties":{"z":11.6}},{"type":"Feature","geometry":{"type":"Point","coordinates":[135.7612635,34.9285362]},"properties":{"z":11.6}},{"type":"Feature","geometry":{"type":"Point","coordinates":[135.7612576,34.9285809]},"properties":{"z":11.6}},{"type":"Feature","geometry":{"type":"Point","coordinates":[135.7612517,34.9286256]},"properties":{"z":11.6}},{"type":"Feature","geometry":{"type":"Point","coordinates":[135.7612396,34.9286688]},"properties":{"z":11.7}},{"type":"Feature","geometry":{"type":"Point","coordinates":[135.761215,34.9287089]},"properties":{"z":11.7}},{"type":"Feature","geometry":{"type":"Point","coordinates":[135.7611916,34.9287495]},"properties":{"z":11.7}},{"type":"Feature","geometry":{"type":"Point","coordinates":[135.761176,34.9287926]},"properties":{"z":11.7}},{"type":"Feature","geometry":{"type":"Point","coordinates":[135.7611604,34.9288357]},"properties":{"z":11.7}},{"type":"Feature","geometry":{"type":"Point","coordinates":[135.761147,34.9288793]},"properties":{"z":11.7}},{"type":"Feature","geometry":{"type":"Point","coordinates":[135.7611339,34.9289229]},"properties":{"z":11.7}},{"type":"Feature","geometry":{"type":"Point","coordinates":[135.7611232,34.928967]},"properties":{"z":11.8}},{"type":"Feature","geometry":{"type":"Point","coordinates":[135.761113,34.9290112]},"properties":{"z":11.8}},{"type":"Feature","geometry":{"type":"Point","coordinates":[135.7610999,34.9290548]},"properties":{"z":11.8}},{"type":"Feature","geometry":{"type":"Point","coordinates":[135.7610845,34.9290979]},"properties":{"z":11.8}},{"type":"Feature","geometry":{"type":"Point","coordinates":[135.7610709,34.9291414]},"properties":{"z":11.8}},{"type":"Feature","geometry":{"type":"Point","coordinates":[135.7610612,34.9291856]},"properties":{"z":11.8}},{"type":"Feature","geometry":{"type":"Point","coordinates":[135.7610515,34.9292299]},"properties":{"z":11.8}},{"type":"Feature","geometry":{"type":"Point","coordinates":[135.7610435,34.9292744]},"properties":{"z":11.8}},{"type":"Feature","geometry":{"type":"Point","coordinates":[135.7610362,34.9293189]},"properties":{"z":11.9}},{"type":"Feature","geometry":{"type":"Point","coordinates":[135.7610252,34.9293629]},"properties":{"z":11.9}},{"type":"Feature","geometry":{"type":"Point","coordinates":[135.7610124,34.9294066]},"properties":{"z":11.9}},{"type":"Feature","geometry":{"type":"Point","coordinates":[135.7609999,34.9294504]},"properties":{"z":11.9}},{"type":"Feature","geometry":{"type":"Point","coordinates":[135.7609878,34.9294942]},"properties":{"z":11.9}},{"type":"Feature","geometry":{"type":"Point","coordinates":[135.7609757,34.9295381]},"properties":{"z":11.9}},{"type":"Feature","geometry":{"type":"Point","coordinates":[135.7609609,34.9295813]},"properties":{"z":12.0}},{"type":"Feature","geometry":{"type":"Point","coordinates":[135.7609459,34.9296246]},"properties":{"z":12.0}},{"type":"Feature","geometry":{"type":"Point","coordinates":[135.7609277,34.9296667]},"properties":{"z":12.0}},{"type":"Feature","geometry":{"type":"Point","coordinates":[135.7608996,34.9297053]},"properties":{"z":12.0}},{"type":"Feature","geometry":{"type":"Point","coordinates":[135.7608711,34.9297436]},"properties":{"z":12.0}},{"type":"Feature","geometry":{"type":"Point","coordinates":[135.7608377,34.9297793]},"properties":{"z":12.0}},{"type":"Feature","geometry":{"type":"Point","coordinates":[135.7608042,34.9298149]},"properties":{"z":12.0}},{"type":"Feature","geometry":{"type":"Point","coordinates":[135.760754,34.9298318]},"properties":{"z":12.1}},{"type":"Feature","geometry":{"type":"Point","coordinates":[135.7607025,34.9298473]},"properties":{"z":12.1}},{"type":"Feature","geometry":{"type":"Point","coordinates":[135.7606502,34.9298597]},"properties":{"z":12.1}},{"type":"Feature","geometry":{"type":"Point","coordinates":[135.7605957,34.9298646]},"properties":{"z":12.1}},{"type":"Feature","geometry":{"type":"Point","coordinates":[135.7605411,34.9298677]},"properties":{"z":12.1}},{"type":"Feature","geometry":{"type":"Point","coordinates":[135.7604863,34.9298659]},"properties":{"z":12.1}},{"type":"Feature","geometry":{"type":"Point","coordinates":[135.7604315,34.9298641]},"properties":{"z":12.1}},{"type":"Feature","geometry":{"type":"Point","coordinates":[135.7603767,34.929863]},"properties":{"z":12.1}},{"type":"Feature","geometry":{"type":"Point","coordinates":[135.7603219,34.9298627]},"properties":{"z":12.2}},{"type":"Feature","geometry":{"type":"Point","coordinates":[135.7602671,34.9298624]},"properties":{"z":12.2}},{"type":"Feature","geometry":{"type":"Point","coordinates":[135.7602124,34.9298592]},"properties":{"z":12.2}},{"type":"Feature","geometry":{"type":"Point","coordinates":[135.7601577,34.9298557]},"properties":{"z":12.2}},{"type":"Feature","geometry":{"type":"Point","coordinates":[135.7601036,34.9298592]},"properties":{"z":12.3}},{"type":"Feature","geometry":{"type":"Point","coordinates":[135.76005,34.9298686]},"properties":{"z":12.3}},{"type":"Feature","geometry":{"type":"Point","coordinates":[135.7599962,34.9298764]},"properties":{"z":12.3}},{"type":"Feature","geometry":{"type":"Point","coordinates":[135.7599415,34.9298742]},"properties":{"z":12.3}},{"type":"Feature","geometry":{"type":"Point","coordinates":[135.7598883,34.9298727]},"properties":{"z":12.3}},{"type":"Feature","geometry":{"type":"Point","coordinates":[135.7599222,34.929908]},"properties":{"z":12.3}},{"type":"Feature","geometry":{"type":"Point","coordinates":[135.759956,34.9299434]},"properties":{"z":12.3}},{"type":"Feature","geometry":{"type":"Point","coordinates":[135.759914,34.9299494]},"properties":{"z":12.3}},{"type":"Feature","geometry":{"type":"Point","coordinates":[135.7598592,34.9299505]},"properties":{"z":12.3}},{"type":"Feature","geometry":{"type":"Point","coordinates":[135.7598044,34.9299514]},"properties":{"z":12.3}},{"type":"Feature","geometry":{"type":"Point","coordinates":[135.7597496,34.929952]},"properties":{"z":12.4}},{"type":"Feature","geometry":{"type":"Point","coordinates":[135.7596947,34.9299527]},"properties":{"z":12.4}},{"type":"Feature","geometry":{"type":"Point","coordinates":[135.7596404,34.9299473]},"properties":{"z":12.4}},{"type":"Feature","geometry":{"type":"Point","coordinates":[135.7595861,34.9299411]},"properties":{"z":12.4}},{"type":"Feature","geometry":{"type":"Point","coordinates":[135.7595317,34.9299352]},"properties":{"z":12.4}},{"type":"Feature","geometry":{"type":"Point","coordinates":[135.7594773,34.9299298]},"properties":{"z":12.4}},{"type":"Feature","geometry":{"type":"Point","coordinates":[135.7594228,34.9299245]},"properties":{"z":12.5}},{"type":"Feature","geometry":{"type":"Point","coordinates":[135.7593887,34.9298954]},"properties":{"z":12.5}},{"type":"Feature","geometry":{"type":"Point","coordinates":[135.7593641,34.9298553]},"properties":{"z":12.5}},{"type":"Feature","geometry":{"type":"Point","coordinates":[135.7593484,34.9298138]},"properties":{"z":12.5}},{"type":"Feature","geometry":{"type":"Point","coordinates":[135.7593542,34.9297691]},"properties":{"z":12.5}},{"type":"Feature","geometry":{"type":"Point","coordinates":[135.7593601,34.9297244]},"properties":{"z":12.5}},{"type":"Feature","geometry":{"type":"Point","coordinates":[135.7593374,34.9296896]},"properties":{"z":12.6}},{"type":"Feature","geometry":{"type":"Point","coordinates":[135.7592941,34.929662]},"properties":{"z":12.6}},{"type":"Feature","geometry":{"type":"Point","coordinates":[135.7592718,34.9296607]},"properties":{"z":12.6}},{"type":"Feature","geometry":{"type":"Point","coordinates":[135.7592855,34.9297042]},"properties":{"z":12.6}},{"type":"Feature","geometry":{"type":"Point","coordinates":[135.7592991,34.9297478]},"properties":{"z":12.6}},{"type":"Feature","geometry":{"type":"Point","coordinates":[135.7593168,34.9297203]},"properties":{"z":12.6}},{"type":"Feature","geometry":{"type":"Point","coordinates":[135.7593353,34.929678]},"properties":{"z":12.6}},{"type":"Feature","geometry":{"type":"Point","coordinates":[135.7593322,34.9296348]},"properties":{"z":12.6}},{"type":"Feature","geometry":{"type":"Point","coordinates":[135.7593188,34.9295913]},"properties":{"z":12.6}},{"type":"Feature","geometry":{"type":"Point","coordinates":[135.75931,34.929547]},"properties":{"z":12.6}},{"type":"Feature","geometry":{"type":"Point","coordinates":[135.759305,34.9295023]},"properties":{"z":12.6}},{"type":"Feature","geometry":{"type":"Point","coordinates":[135.7592991,34.9294576]},"properties":{"z":12.6}},{"type":"Feature","geometry":{"type":"Point","coordinates":[135.7592909,34.9294131]},"properties":{"z":12.6}},{"type":"Feature","geometry":{"type":"Point","coordinates":[135.7592826,34.9293687]},"properties":{"z":12.6}},{"type":"Feature","geometry":{"type":"Point","coordinates":[135.7592827,34.9293241]},"properties":{"z":12.6}},{"type":"Feature","geometry":{"type":"Point","coordinates":[135.7592879,34.9292793]},"properties":{"z":12.6}},{"type":"Feature","geometry":{"type":"Point","coordinates":[135.7592917,34.9292345]},"properties":{"z":12.6}},{"type":"Feature","geometry":{"type":"Point","coordinates":[135.7592944,34.9291896]},"properties":{"z":12.6}},{"type":"Feature","geometry":{"type":"Point","coordinates":[135.7593107,34.9291499]},"properties":{"z":12.6}},{"type":"Feature","geometry":{"type":"Point","coordinates":[135.7593509,34.9291194]},"properties":{"z":12.6}},{"type":"Feature","geometry":{"type":"Point","coordinates":[135.7593905,34.9290883]},"properties":{"z":12.6}},{"type":"Feature","geometry":{"type":"Point","coordinates":[135.7594261,34.9290541]},"properties":{"z":12.6}},{"type":"Feature","geometry":{"type":"Point","coordinates":[135.7594616,34.9290199]},"properties":{"z":12.5}},{"type":"Feature","geometry":{"type":"Point","coordinates":[135.7594658,34.9289776]},"properties":{"z":12.5}},{"type":"Feature","geometry":{"type":"Point","coordinates":[135.7594604,34.9289329]},"properties":{"z":12.5}},{"type":"Feature","geometry":{"type":"Point","coordinates":[135.7594417,34.9288913]},"properties":{"z":12.5}},{"type":"Feature","geometry":{"type":"Point","coordinates":[135.7594172,34.9288511]},"properties":{"z":12.6}},{"type":"Feature","geometry":{"type":"Point","coordinates":[135.7593987,34.9288092]},"properties":{"z":12.6}},{"type":"Feature","geometry":{"type":"Point","coordinates":[135.7593883,34.928765]},"properties":{"z":12.6}},{"type":"Feature","geometry":{"type":"Point","coordinates":[135.7593818,34.9287206]},"properties":{"z":12.6}},{"type":"Feature","geometry":{"type":"Point","coordinates":[135.7593812,34.9286756]},"properties":{"z":12.6}},{"type":"Feature","geometry":{"type":"Point","coordinates":[135.7593805,34.9286307]},"properties":{"z":12.5}},{"type":"Feature","geometry":{"type":"Point","coordinates":[135.7593304,34.9286176]},"properties":{"z":12.6}},{"type":"Feature","geometry":{"type":"Point","coordinates":[135.7592773,34.9286064]},"properties":{"z":12.6}},{"type":"Feature","geometry":{"type":"Point","coordinates":[135.7592228,34.9286033]},"properties":{"z":12.7}},{"type":"Feature","geometry":{"type":"Point","coordinates":[135.759168,34.9286019]},"properties":{"z":12.7}},{"type":"Feature","geometry":{"type":"Point","coordinates":[135.7591134,34.9286036]},"properties":{"z":12.7}},{"type":"Feature","geometry":{"type":"Point","coordinates":[135.7590591,34.9286096]},"properties":{"z":12.7}},{"type":"Feature","geometry":{"type":"Point","coordinates":[135.7590047,34.9286155]},"properties":{"z":12.7}},{"type":"Feature","geometry":{"type":"Point","coordinates":[135.7589509,34.928624]},"properties":{"z":12.8}},{"type":"Feature","geometry":{"type":"Point","coordinates":[135.7588972,34.9286329]},"properties":{"z":12.8}},{"type":"Feature","geometry":{"type":"Point","coordinates":[135.7588426,34.9286325]},"properties":{"z":12.8}},{"type":"Feature","geometry":{"type":"Point","coordinates":[135.7587879,34.9286295]},"properties":{"z":12.8}},{"type":"Feature","geometry":{"type":"Point","coordinates":[135.7587576,34.9286055]},"properties":{"z":12.8}},{"type":"Feature","geometry":{"type":"Point","coordinates":[135.7587508,34.9285608]},"properties":{"z":12.8}},{"type":"Feature","geometry":{"type":"Point","coordinates":[135.7587441,34.9285162]},"properties":{"z":12.8}},{"type":"Feature","geometry":{"type":"Point","coordinates":[135.7587551,34.9284724]},"properties":{"z":12.8}},{"type":"Feature","geometry":{"type":"Point","coordinates":[135.7587675,34.9284286]},"properties":{"z":12.8}},{"type":"Feature","geometry":{"type":"Point","coordinates":[135.7587873,34.9283872]},"properties":{"z":12.8}},{"type":"Feature","geometry":{"type":"Point","coordinates":[135.7588152,34.9283486]},"properties":{"z":12.9}},{"type":"Feature","geometry":{"type":"Point","coordinates":[135.7588431,34.9283099]},"properties":{"z":12.8}},{"type":"Feature","geometry":{"type":"Point","coordinates":[135.7588702,34.9282708]},"properties":{"z":12.9}},{"type":"Feature","geometry":{"type":"Point","coordinates":[135.7588973,34.9282317]},"properties":{"z":13.0}},{"type":"Feature","geometry":{"type":"Point","coordinates":[135.7589211,34.9281916]},"properties":{"z":13.0}},{"type":"Feature","geometry":{"type":"Point","coordinates":[135.7589329,34.9281477]},"properties":{"z":13.0}},{"type":"Feature","geometry":{"type":"Point","coordinates":[135.7589448,34.9281038]},"properties":{"z":13.0}},{"type":"Feature","geometry":{"type":"Point","coordinates":[135.7589646,34.9280619]},"properties":{"z":13.1}},{"type":"Feature","geometry":{"type":"Point","coordinates":[135.7589852,34.9280203]},"properties":{"z":13.2}},{"type":"Feature","geometry":{"type":"Point","coordinates":[135.7590056,34.9279786]},"properties":{"z":13.1}},{"type":"Feature","geometry":{"type":"Point","coordinates":[135.7590244,34.9279363]},"properties":{"z":13.2}},{"type":"Feature","geometry":{"type":"Point","coordinates":[135.7590428,34.927894]},"properties":{"z":13.2}},{"type":"Feature","geometry":{"type":"Point","coordinates":[135.7590566,34.9278505]},"properties":{"z":13.3}},{"type":"Feature","geometry":{"type":"Point","coordinates":[135.7590703,34.927807]},"properties":{"z":13.4}},{"type":"Feature","geometry":{"type":"Point","coordinates":[135.7590798,34.9277628]},"properties":{"z":13.4}},{"type":"Feature","geometry":{"type":"Point","coordinates":[135.7590869,34.9277182]},"properties":{"z":13.4}},{"type":"Feature","geometry":{"type":"Point","coordinates":[135.7590971,34.9276742]},"properties":{"z":13.4}},{"type":"Feature","geometry":{"type":"Point","coordinates":[135.7591123,34.927631]},"properties":{"z":13.4}},{"type":"Feature","geometry":{"type":"Point","coordinates":[135.7591266,34.9275876]},"properties":{"z":13.5}},{"type":"Feature","geometry":{"type":"Point","coordinates":[135.7591374,34.9275435]},"properties":{"z":13.5}},{"type":"Feature","geometry":{"type":"Point","coordinates":[135.7591482,34.9274995]},"properties":{"z":13.5}},{"type":"Feature","geometry":{"type":"Point","coordinates":[135.7591644,34.9274566]},"properties":{"z":13.6}},{"type":"Feature","geometry":{"type":"Point","coordinates":[135.7591831,34.9274144]},"properties":{"z":13.6}},{"type":"Feature","geometry":{"type":"Point","coordinates":[135.7592018,34.9273721]},"properties":{"z":13.6}},{"type":"Feature","geometry":{"type":"Point","coordinates":[135.7592211,34.92733]},"properties":{"z":13.6}},{"type":"Feature","geometry":{"type":"Point","coordinates":[135.7592404,34.927288]},"properties":{"z":13.7}},{"type":"Feature","geometry":{"type":"Point","coordinates":[135.759259,34.9272457]},"properties":{"z":13.7}},{"type":"Feature","geometry":{"type":"Point","coordinates":[135.7592772,34.9272033]},"properties":{"z":13.7}},{"type":"Feature","geometry":{"type":"Point","coordinates":[135.7593005,34.927163]},"properties":{"z":13.8}},{"type":"Feature","geometry":{"type":"Point","coordinates":[135.7593312,34.9271257]},"properties":{"z":13.8}},{"type":"Feature","geometry":{"type":"Point","coordinates":[135.759364,34.9270898]},"properties":{"z":13.8}},{"type":"Feature","geometry":{"type":"Point","coordinates":[135.7594006,34.9270564]},"properties":{"z":13.8}},{"type":"Feature","geometry":{"type":"Point","coordinates":[135.7594395,34.9270251]},"properties":{"z":13.9}},{"type":"Feature","geometry":{"type":"Point","coordinates":[135.7594867,34.9270023]},"properties":{"z":13.9}},{"type":"Feature","geometry":{"type":"Point","coordinates":[135.7595339,34.9269795]},"properties":{"z":13.8}},{"type":"Feature","geometry":{"type":"Point","coordinates":[135.7595798,34.9269548]},"properties":{"z":13.9}},{"type":"Feature","geometry":{"type":"Point","coordinates":[135.7596252,34.9269297]},"properties":{"z":13.8}},{"type":"Feature","geometry":{"type":"Point","coordinates":[135.759642,34.9268919]},"properties":{"z":13.9}},{"type":"Feature","geometry":{"type":"Point","coordinates":[135.7596427,34.926847]},"properties":{"z":13.9}},{"type":"Feature","geometry":{"type":"Point","coordinates":[135.759637,34.9268049]},"properties":{"z":13.9}},{"type":"Feature","geometry":{"type":"Point","coordinates":[135.7595904,34.9267812]},"properties":{"z":14.0}},{"type":"Feature","geometry":{"type":"Point","coordinates":[135.7595438,34.9267575]},"properties":{"z":14.0}},{"type":"Feature","geometry":{"type":"Point","coordinates":[135.7594902,34.9267598]},"properties":{"z":14.1}},{"type":"Feature","geometry":{"type":"Point","coordinates":[135.7594358,34.9267653]},"properties":{"z":14.1}},{"type":"Feature","geometry":{"type":"Point","coordinates":[135.7593848,34.9267799]},"properties":{"z":14.1}},{"type":"Feature","geometry":{"type":"Point","coordinates":[135.7593358,34.9268001]},"properties":{"z":14.1}},{"type":"Feature","geometry":{"type":"Point","coordinates":[135.7592858,34.9268122]},"properties":{"z":14.1}},{"type":"Feature","geometry":{"type":"Point","coordinates":[135.759233,34.9268003]},"properties":{"z":14.2}},{"type":"Feature","geometry":{"type":"Point","coordinates":[135.7591797,34.9267899]},"properties":{"z":14.2}},{"type":"Feature","geometry":{"type":"Point","coordinates":[135.7591253,34.9267842]},"properties":{"z":14.2}},{"type":"Feature","geometry":{"type":"Point","coordinates":[135.7590709,34.9267786]},"properties":{"z":14.3}},{"type":"Feature","geometry":{"type":"Point","coordinates":[135.7590163,34.9267744]},"properties":{"z":14.3}},{"type":"Feature","geometry":{"type":"Point","coordinates":[135.7589617,34.9267706]},"properties":{"z":14.3}},{"type":"Feature","geometry":{"type":"Point","coordinates":[135.7589158,34.9267577]},"properties":{"z":14.3}},{"type":"Feature","geometry":{"type":"Point","coordinates":[135.7588991,34.9267149]},"properties":{"z":14.5}},{"type":"Feature","geometry":{"type":"Point","coordinates":[135.7588858,34.9266716]},"properties":{"z":14.5}},{"type":"Feature","geometry":{"type":"Point","coordinates":[135.7588852,34.9266267]},"properties":{"z":14.5}},{"type":"Feature","geometry":{"type":"Point","coordinates":[135.7588846,34.9265817]},"properties":{"z":14.6}},{"type":"Feature","geometry":{"type":"Point","coordinates":[135.7588748,34.9265376]},"properties":{"z":14.6}},{"type":"Feature","geometry":{"type":"Point","coordinates":[135.7588641,34.9264935]},"properties":{"z":14.6}},{"type":"Feature","geometry":{"type":"Point","coordinates":[135.7588663,34.9264489]},"properties":{"z":14.7}},{"type":"Feature","geometry":{"type":"Point","coordinates":[135.7588716,34.9264041]},"properties":{"z":14.7}},{"type":"Feature","geometry":{"type":"Point","coordinates":[135.7588768,34.9263594]},"properties":{"z":14.7}},{"type":"Feature","geometry":{"type":"Point","coordinates":[135.7588819,34.9263146]},"properties":{"z":14.7}},{"type":"Feature","geometry":{"type":"Point","coordinates":[135.758887,34.9262699]},"properties":{"z":14.7}},{"type":"Feature","geometry":{"type":"Point","coordinates":[135.7588867,34.926225]},"properties":{"z":14.8}},{"type":"Feature","geometry":{"type":"Point","coordinates":[135.7588849,34.9261801]},"properties":{"z":14.8}},{"type":"Feature","geometry":{"type":"Point","coordinates":[135.7588877,34.9261353]},"properties":{"z":14.8}},{"type":"Feature","geometry":{"type":"Point","coordinates":[135.7588953,34.9260908]},"properties":{"z":14.9}},{"type":"Feature","geometry":{"type":"Point","coordinates":[135.7589105,34.9260513]},"properties":{"z":14.9}},{"type":"Feature","geometry":{"type":"Point","coordinates":[135.7589619,34.9260356]},"properties":{"z":14.9}},{"type":"Feature","geometry":{"type":"Point","coordinates":[135.7590106,34.9260173]},"properties":{"z":14.9}},{"type":"Feature","geometry":{"type":"Point","coordinates":[135.7590403,34.9259795]},"properties":{"z":14.9}},{"type":"Feature","geometry":{"type":"Point","coordinates":[135.7590699,34.9259416]},"properties":{"z":14.9}},{"type":"Feature","geometry":{"type":"Point","coordinates":[135.7590951,34.9259018]},"properties":{"z":14.9}},{"type":"Feature","geometry":{"type":"Point","coordinates":[135.7591196,34.9258615]},"properties":{"z":14.9}},{"type":"Feature","geometry":{"type":"Point","coordinates":[135.7591462,34.9258223]},"properties":{"z":14.9}},{"type":"Feature","geometry":{"type":"Point","coordinates":[135.7591757,34.9257844]},"properties":{"z":14.9}},{"type":"Feature","geometry":{"type":"Point","coordinates":[135.7592053,34.9257466]},"properties":{"z":14.8}},{"type":"Feature","geometry":{"type":"Point","coordinates":[135.7592259,34.9257052]},"properties":{"z":14.8}},{"type":"Feature","geometry":{"type":"Point","coordinates":[135.7592431,34.9256626]},"properties":{"z":14.8}},{"type":"Feature","geometry":{"type":"Point","coordinates":[135.7592612,34.9256202]},"properties":{"z":14.9}},{"type":"Feature","geometry":{"type":"Point","coordinates":[135.7592871,34.9255805]},"properties":{"z":14.9}},{"type":"Feature","geometry":{"type":"Point","coordinates":[135.7593129,34.9255409]},"properties":{"z":14.9}},{"type":"Feature","geometry":{"type":"Point","coordinates":[135.7593124,34.9255613]},"properties":{"z":14.9}},{"type":"Feature","geometry":{"type":"Point","coordinates":[135.7593014,34.9256054]},"properties":{"z":14.9}},{"type":"Feature","geometry":{"type":"Point","coordinates":[135.7592865,34.9256484]},"properties":{"z":14.9}},{"type":"Feature","geometry":{"type":"Point","coordinates":[135.7592639,34.9256893]},"properties":{"z":14.9}},{"type":"Feature","geometry":{"type":"Point","coordinates":[135.7592423,34.9257306]},"properties":{"z":14.8}},{"type":"Feature","geometry":{"type":"Point","coordinates":[135.7592227,34.9257726]},"properties":{"z":14.9}},{"type":"Feature","geometry":{"type":"Point","coordinates":[135.7592022,34.9258142]},"properties":{"z":14.9}},{"type":"Feature","geometry":{"type":"Point","coordinates":[135.7591715,34.9258514]},"properties":{"z":14.9}},{"type":"Feature","geometry":{"type":"Point","coordinates":[135.7591409,34.9258887]},"properties":{"z":14.9}},{"type":"Feature","geometry":{"type":"Point","coordinates":[135.7591147,34.9259278]},"properties":{"z":14.9}},{"type":"Feature","geometry":{"type":"Point","coordinates":[135.7590965,34.9259702]},"properties":{"z":14.9}},{"type":"Feature","geometry":{"type":"Point","coordinates":[135.7590784,34.9260126]},"properties":{"z":14.9}},{"type":"Feature","geometry":{"type":"Point","coordinates":[135.759046,34.9260483]},"properties":{"z":14.9}},{"type":"Feature","geometry":{"type":"Point","coordinates":[135.7590103,34.9260825]},"properties":{"z":14.9}},{"type":"Feature","geometry":{"type":"Point","coordinates":[135.7589679,34.9261094]},"properties":{"z":14.9}},{"type":"Feature","geometry":{"type":"Point","coordinates":[135.7589185,34.926129]},"properties":{"z":14.8}},{"type":"Feature","geometry":{"type":"Point","coordinates":[135.7588835,34.9261562]},"properties":{"z":14.8}},{"type":"Feature","geometry":{"type":"Point","coordinates":[135.7588816,34.9262011]},"properties":{"z":14.8}},{"type":"Feature","geometry":{"type":"Point","coordinates":[135.7588797,34.9262461]},"properties":{"z":14.8}},{"type":"Feature","geometry":{"type":"Point","coordinates":[135.7588892,34.9262895]},"properties":{"z":14.7}},{"type":"Feature","geometry":{"type":"Point","coordinates":[135.7589077,34.9263319]},"properties":{"z":14.7}},{"type":"Feature","geometry":{"type":"Point","coordinates":[135.7589195,34.9263752]},"properties":{"z":14.7}},{"type":"Feature","geometry":{"type":"Point","coordinates":[135.7589196,34.9264201]},"properties":{"z":14.7}},{"type":"Feature","geometry":{"type":"Point","coordinates":[135.7589198,34.9264651]},"properties":{"z":14.7}},{"type":"Feature","geometry":{"type":"Point","coordinates":[135.7589207,34.92651]},"properties":{"z":14.6}},{"type":"Feature","geometry":{"type":"Point","coordinates":[135.7589216,34.9265549]},"properties":{"z":14.5}},{"type":"Feature","geometry":{"type":"Point","coordinates":[135.7589214,34.9265999]},"properties":{"z":14.5}},{"type":"Feature","geometry":{"type":"Point","coordinates":[135.7589207,34.9266448]},"properties":{"z":14.5}},{"type":"Feature","geometry":{"type":"Point","coordinates":[135.7589203,34.9266898]},"properties":{"z":14.4}},{"type":"Feature","geometry":{"type":"Point","coordinates":[135.7589214,34.9267347]},"properties":{"z":14.4}},{"type":"Feature","geometry":{"type":"Point","coordinates":[135.7589226,34.9267797]},"properties":{"z":14.3}},{"type":"Feature","geometry":{"type":"Point","coordinates":[135.758925,34.9268246]},"properties":{"z":14.3}},{"type":"Feature","geometry":{"type":"Point","coordinates":[135.7589274,34.9268695]},"properties":{"z":14.3}},{"type":"Feature","geometry":{"type":"Point","coordinates":[135.7589312,34.9269143]},"properties":{"z":14.2}},{"type":"Feature","geometry":{"type":"Point","coordinates":[135.7589349,34.9269592]},"properties":{"z":14.2}},{"type":"Feature","geometry":{"type":"Point","coordinates":[135.758937,34.9270041]},"properties":{"z":14.1}},{"type":"Feature","geometry":{"type":"Point","coordinates":[135.7589357,34.927049]},"properties":{"z":14.1}},{"type":"Feature","geometry":{"type":"Point","coordinates":[135.7589344,34.9270939]},"properties":{"z":14.1}},{"type":"Feature","geometry":{"type":"Point","coordinates":[135.7589287,34.9271383]},"properties":{"z":14.0}},{"type":"Feature","geometry":{"type":"Point","coordinates":[135.7589137,34.9271816]},"properties":{"z":14.0}},{"type":"Feature","geometry":{"type":"Point","coordinates":[135.7588988,34.9272248]},"properties":{"z":14.0}},{"type":"Feature","geometry":{"type":"Point","coordinates":[135.758877,34.927266]},"properties":{"z":13.9}},{"type":"Feature","geometry":{"type":"Point","coordinates":[135.7588547,34.9273071]},"properties":{"z":13.9}},{"type":"Feature","geometry":{"type":"Point","coordinates":[135.7588287,34.927345]},"properties":{"z":13.9}},{"type":"Feature","geometry":{"type":"Point","coordinates":[135.7587778,34.9273616]},"properties":{"z":13.9}},{"type":"Feature","geometry":{"type":"Point","coordinates":[135.7587268,34.9273783]},"properties":{"z":13.9}},{"type":"Feature","geometry":{"type":"Point","coordinates":[135.7586745,34.9273907]},"properties":{"z":13.9}},{"type":"Feature","geometry":{"type":"Point","coordinates":[135.7586203,34.9273973]},"properties":{"z":13.9}},{"type":"Feature","geometry":{"type":"Point","coordinates":[135.758566,34.9274038]},"properties":{"z":13.9}},{"type":"Feature","geometry":{"type":"Point","coordinates":[135.7585162,34.9273931]},"properties":{"z":13.9}},{"type":"Feature","geometry":{"type":"Point","coordinates":[135.7584696,34.9273694]},"properties":{"z":14.0}},{"type":"Feature","geometry":{"type":"Point","coordinates":[135.7584227,34.9273464]},"properties":{"z":14.0}},{"type":"Feature","geometry":{"type":"Point","coordinates":[135.7583679,34.9273477]},"properties":{"z":14.0}},{"type":"Feature","geometry":{"type":"Point","coordinates":[135.7583131,34.9273489]},"properties":{"z":14.0}},{"type":"Feature","geometry":{"type":"Point","coordinates":[135.7582592,34.9273561]},"properties":{"z":14.0}},{"type":"Feature","geometry":{"type":"Point","coordinates":[135.7582057,34.9273657]},"properties":{"z":14.0}},{"type":"Feature","geometry":{"type":"Point","coordinates":[135.7581514,34.9273702]},"properties":{"z":14.0}},{"type":"Feature","geometry":{"type":"Point","coordinates":[135.7580966,34.9273709]},"properties":{"z":14.0}},{"type":"Feature","geometry":{"type":"Point","coordinates":[135.7580417,34.9273717]},"properties":{"z":14.0}},{"type":"Feature","geometry":{"type":"Point","coordinates":[135.7579869,34.9273709]},"properties":{"z":14.0}},{"type":"Feature","geometry":{"type":"Point","coordinates":[135.7579321,34.9273701]},"properties":{"z":14.0}},{"type":"Feature","geometry":{"type":"Point","coordinates":[135.7578773,34.9273699]},"properties":{"z":14.0}},{"type":"Feature","geometry":{"type":"Point","coordinates":[135.7578225,34.927371]},"properties":{"z":14.0}},{"type":"Feature","geometry":{"type":"Point","coordinates":[135.7577677,34.9273722]},"properties":{"z":14.0}},{"type":"Feature","geometry":{"type":"Point","coordinates":[135.7577131,34.9273759]},"properties":{"z":14.0}},{"type":"Feature","geometry":{"type":"Point","coordinates":[135.7576585,34.9273805]},"properties":{"z":14.0}},{"type":"Feature","geometry":{"type":"Point","coordinates":[135.757604,34.927385]},"properties":{"z":13.9}},{"type":"Feature","geometry":{"type":"Point","coordinates":[135.7575491,34.9273848]},"properties":{"z":13.9}},{"type":"Feature","geometry":{"type":"Point","coordinates":[135.7574943,34.9273846]},"properties":{"z":13.9}},{"type":"Feature","geometry":{"type":"Point","coordinates":[135.7574395,34.9273852]},"properties":{"z":13.9}},{"type":"Feature","geometry":{"type":"Point","coordinates":[135.7573848,34.9273881]},"properties":{"z":13.9}},{"type":"Feature","geometry":{"type":"Point","coordinates":[135.7573301,34.927391]},"properties":{"z":13.9}},{"type":"Feature","geometry":{"type":"Point","coordinates":[135.7572759,34.9273977]},"properties":{"z":13.9}},{"type":"Feature","geometry":{"type":"Point","coordinates":[135.757222,34.9274057]},"properties":{"z":13.9}},{"type":"Feature","geometry":{"type":"Point","coordinates":[135.7571683,34.9274149]},"properties":{"z":13.9}},{"type":"Feature","geometry":{"type":"Point","coordinates":[135.7571148,34.9274246]},"properties":{"z":13.9}},{"type":"Feature","geometry":{"type":"Point","coordinates":[135.7570616,34.927425]},"properties":{"z":13.9}},{"type":"Feature","geometry":{"type":"Point","coordinates":[135.7570089,34.9274127]},"properties":{"z":13.9}},{"type":"Feature","geometry":{"type":"Point","coordinates":[135.7569559,34.9274011]},"properties":{"z":13.9}},{"type":"Feature","geometry":{"type":"Point","coordinates":[135.7569025,34.9273911]},"properties":{"z":14.0}},{"type":"Feature","geometry":{"type":"Point","coordinates":[135.756849,34.9273811]},"properties":{"z":14.0}},{"type":"Feature","geometry":{"type":"Point","coordinates":[135.7567945,34.927381]},"properties":{"z":14.0}},{"type":"Feature","geometry":{"type":"Point","coordinates":[135.7567398,34.9273834]},"properties":{"z":14.1}},{"type":"Feature","geometry":{"type":"Point","coordinates":[135.7566852,34.9273813]},"properties":{"z":14.1}},{"type":"Feature","geometry":{"type":"Point","coordinates":[135.7566307,34.9273763]},"properties":{"z":14.2}},{"type":"Feature","geometry":{"type":"Point","coordinates":[135.7565762,34.9273757]},"properties":{"z":14.2}},{"type":"Feature","geometry":{"type":"Point","coordinates":[135.7565216,34.9273804]},"properties":{"z":14.2}},{"type":"Feature","geometry":{"type":"Point","coordinates":[135.7564671,34.9273851]},"properties":{"z":14.2}},{"type":"Feature","geometry":{"type":"Point","coordinates":[135.7564127,34.9273847]},"properties":{"z":14.3}},{"type":"Feature","geometry":{"type":"Point","coordinates":[135.7563584,34.9273785]},"properties":{"z":14.3}},{"type":"Feature","geometry":{"type":"Point","coordinates":[135.7563039,34.9273756]},"properties":{"z":14.4}},{"type":"Feature","geometry":{"type":"Point","coordinates":[135.7562492,34.9273781]},"properties":{"z":14.4}},{"type":"Feature","geometry":{"type":"Point","coordinates":[135.7561944,34.9273803]},"properties":{"z":14.4}},{"type":"Feature","geometry":{"type":"Point","coordinates":[135.7561397,34.927377]},"properties":{"z":14.4}},{"type":"Feature","geometry":{"type":"Point","coordinates":[135.7560851,34.9273736]},"properties":{"z":14.4}},{"type":"Feature","geometry":{"type":"Point","coordinates":[135.7560303,34.927371]},"properties":{"z":14.5}},{"type":"Feature","geometry":{"type":"Point","coordinates":[135.7559756,34.9273689]},"properties":{"z":14.5}},{"type":"Feature","geometry":{"type":"Point","coordinates":[135.7559209,34.9273658]},"properties":{"z":14.5}},{"type":"Feature","geometry":{"type":"Point","coordinates":[135.7558665,34.9273604]},"properties":{"z":14.6}},{"type":"Feature","geometry":{"type":"Point","coordinates":[135.7558121,34.927355]},"properties":{"z":14.6}},{"type":"Feature","geometry":{"type":"Point","coordinates":[135.7557574,34.9273511]},"properties":{"z":14.6}},{"type":"Feature","geometry":{"type":"Point","coordinates":[135.7557028,34.9273476]},"properties":{"z":14.7}},{"type":"Feature","geometry":{"type":"Point","coordinates":[135.7556481,34.9273441]},"properties":{"z":14.7}},{"type":"Feature","geometry":{"type":"Point","coordinates":[135.7555933,34.927345]},"properties":{"z":14.7}},{"type":"Feature","geometry":{"type":"Point","coordinates":[135.7555385,34.9273462]},"properties":{"z":14.8}},{"type":"Feature","geometry":{"type":"Point","coordinates":[135.7554838,34.9273446]},"properties":{"z":14.8}},{"type":"Feature","geometry":{"type":"Point","coordinates":[135.755429,34.9273422]},"properties":{"z":14.8}},{"type":"Feature","geometry":{"type":"Point","coordinates":[135.7553749,34.9273471]},"properties":{"z":14.8}},{"type":"Feature","geometry":{"type":"Point","coordinates":[135.7553212,34.927356]},"properties":{"z":14.8}},{"type":"Feature","geometry":{"type":"Point","coordinates":[135.7552674,34.9273649]},"properties":{"z":14.8}},{"type":"Feature","geometry":{"type":"Point","coordinates":[135.7552134,34.9273715]},"properties":{"z":14.9}},{"type":"Feature","geometry":{"type":"Point","coordinates":[135.7551586,34.927372]},"properties":{"z":14.9}},{"type":"Feature","geometry":{"type":"Point","coordinates":[135.7551037,34.9273725]},"properties":{"z":14.9}},{"type":"Feature","geometry":{"type":"Point","coordinates":[135.7550489,34.9273731]},"properties":{"z":14.9}},{"type":"Feature","geometry":{"type":"Point","coordinates":[135.7549941,34.9273744]},"properties":{"z":14.9}},{"type":"Feature","geometry":{"type":"Point","coordinates":[135.7549393,34.9273757]},"properties":{"z":14.9}},{"type":"Feature","geometry":{"type":"Point","coordinates":[135.7548845,34.9273764]},"properties":{"z":14.9}},{"type":"Feature","geometry":{"type":"Point","coordinates":[135.7548298,34.9273731]},"properties":{"z":14.9}},{"type":"Feature","geometry":{"type":"Point","coordinates":[135.7547752,34.9273699]},"properties":{"z":14.9}},{"type":"Feature","geometry":{"type":"Point","coordinates":[135.7547205,34.9273667]},"properties":{"z":14.9}},{"type":"Feature","geometry":{"type":"Point","coordinates":[135.7546658,34.9273634]},"properties":{"z":14.9}},{"type":"Feature","geometry":{"type":"Point","coordinates":[135.7546111,34.9273598]},"properties":{"z":14.9}},{"type":"Feature","geometry":{"type":"Point","coordinates":[135.7545567,34.9273546]},"properties":{"z":14.9}},{"type":"Feature","geometry":{"type":"Point","coordinates":[135.7545022,34.9273495]},"properties":{"z":14.9}},{"type":"Feature","geometry":{"type":"Point","coordinates":[135.7544476,34.9273464]},"properties":{"z":14.9}},{"type":"Feature","geometry":{"type":"Point","coordinates":[135.7543928,34.9273456]},"properties":{"z":14.9}},{"type":"Feature","geometry":{"type":"Point","coordinates":[135.7543379,34.9273447]},"properties":{"z":14.9}},{"type":"Feature","geometry":{"type":"Point","coordinates":[135.7542833,34.9273484]},"properties":{"z":14.9}},{"type":"Feature","geometry":{"type":"Point","coordinates":[135.7542287,34.9273523]},"properties":{"z":14.9}},{"type":"Feature","geometry":{"type":"Point","coordinates":[135.754174,34.9273507]},"properties":{"z":14.9}},{"type":"Feature","geometry":{"type":"Point","coordinates":[135.7541193,34.9273477]},"properties":{"z":14.9}},{"type":"Feature","geometry":{"type":"Point","coordinates":[135.7540649,34.9273422]},"properties":{"z":14.9}},{"type":"Feature","geometry":{"type":"Point","coordinates":[135.7540106,34.9273358]},"properties":{"z":14.9}},{"type":"Feature","geometry":{"type":"Point","coordinates":[135.753956,34.9273344]},"properties":{"z":14.9}},{"type":"Feature","geometry":{"type":"Point","coordinates":[135.7539012,34.9273352]},"properties":{"z":14.9}},{"type":"Feature","geometry":{"type":"Point","coordinates":[135.7538464,34.9273364]},"properties":{"z":14.9}},{"type":"Feature","geometry":{"type":"Point","coordinates":[135.7537916,34.927338]},"properties":{"z":14.9}},{"type":"Feature","geometry":{"type":"Point","coordinates":[135.7537368,34.9273403]},"properties":{"z":14.9}},{"type":"Feature","geometry":{"type":"Point","coordinates":[135.7536822,34.9273439]},"properties":{"z":14.9}},{"type":"Feature","geometry":{"type":"Point","coordinates":[135.7536275,34.9273465]},"properties":{"z":14.9}},{"type":"Feature","geometry":{"type":"Point","coordinates":[135.7535726,34.9273463]},"properties":{"z":14.9}},{"type":"Feature","geometry":{"type":"Point","coordinates":[135.7535178,34.9273461]},"properties":{"z":14.9}},{"type":"Feature","geometry":{"type":"Point","coordinates":[135.7534634,34.9273406]},"properties":{"z":14.9}},{"type":"Feature","geometry":{"type":"Point","coordinates":[135.753409,34.9273349]},"properties":{"z":14.9}},{"type":"Feature","geometry":{"type":"Point","coordinates":[135.7533547,34.9273367]},"properties":{"z":14.9}},{"type":"Feature","geometry":{"type":"Point","coordinates":[135.7533003,34.9273426]},"properties":{"z":14.8}},{"type":"Feature","geometry":{"type":"Point","coordinates":[135.7532459,34.9273485]},"properties":{"z":14.8}},{"type":"Feature","geometry":{"type":"Point","coordinates":[135.7531952,34.9273334]},"properties":{"z":14.8}},{"type":"Feature","geometry":{"type":"Point","coordinates":[135.7531451,34.9273153]},"properties":{"z":14.8}},{"type":"Feature","geometry":{"type":"Point","coordinates":[135.7531154,34.927279]},"properties":{"z":14.8}},{"type":"Feature","geometry":{"type":"Point","coordinates":[135.7530896,34.9272393]},"properties":{"z":14.8}},{"type":"Feature","geometry":{"type":"Point","coordinates":[135.7530773,34.9271965]},"properties":{"z":14.7}},{"type":"Feature","geometry":{"type":"Point","coordinates":[135.7530732,34.9271516]},"properties":{"z":14.8}},{"type":"Feature","geometry":{"type":"Point","coordinates":[135.7530701,34.9271068]},"properties":{"z":14.9}},{"type":"Feature","geometry":{"type":"Point","coordinates":[135.7530691,34.9270618]},"properties":{"z":14.9}},{"type":"Feature","geometry":{"type":"Point","coordinates":[135.753068,34.9270169]},"properties":{"z":14.9}},{"type":"Feature","geometry":{"type":"Point","coordinates":[135.7530691,34.926972]},"properties":{"z":14.9}},{"type":"Feature","geometry":{"type":"Point","coordinates":[135.7530702,34.926927]},"properties":{"z":14.9}},{"type":"Feature","geometry":{"type":"Point","coordinates":[135.753072,34.9268821]},"properties":{"z":14.9}},{"type":"Feature","geometry":{"type":"Point","coordinates":[135.7530741,34.9268372]},"properties":{"z":14.9}},{"type":"Feature","geometry":{"type":"Point","coordinates":[135.753072,34.9267923]},"properties":{"z":14.9}},{"type":"Feature","geometry":{"type":"Point","coordinates":[135.7530677,34.9267475]},"properties":{"z":14.9}},{"type":"Feature","geometry":{"type":"Point","coordinates":[135.7530594,34.9267033]},"properties":{"z":14.9}},{"type":"Feature","geometry":{"type":"Point","coordinates":[135.7530424,34.9266606]},"properties":{"z":14.9}},{"type":"Feature","geometry":{"type":"Point","coordinates":[135.753018,34.9266244]},"properties":{"z":14.9}},{"type":"Feature","geometry":{"type":"Point","coordinates":[135.7529648,34.9266135]},"properties":{"z":14.9}},{"type":"Feature","geometry":{"type":"Point","coordinates":[135.7529114,34.9266048]},"properties":{"z":14.9}},{"type":"Feature","geometry":{"type":"Point","coordinates":[135.7528569,34.9266094]},"properties":{"z":14.9}},{"type":"Feature","geometry":{"type":"Point","coordinates":[135.7528024,34.926614]},"properties":{"z":14.9}},{"type":"Feature","geometry":{"type":"Point","coordinates":[135.7527478,34.9266185]},"properties":{"z":14.9}},{"type":"Feature","geometry":{"type":"Point","coordinates":[135.7526932,34.926623]},"properties":{"z":14.9}},{"type":"Feature","geometry":{"type":"Point","coordinates":[135.7526387,34.926627]},"properties":{"z":14.9}},{"type":"Feature","geometry":{"type":"Point","coordinates":[135.7525838,34.9266273]},"properties":{"z":14.9}},{"type":"Feature","geometry":{"type":"Point","coordinates":[135.752529,34.9266276]},"properties":{"z":14.9}},{"type":"Feature","geometry":{"type":"Point","coordinates":[135.7524742,34.9266279]},"properties":{"z":14.9}},{"type":"Feature","geometry":{"type":"Point","coordinates":[135.7524194,34.9266282]},"properties":{"z":14.9}},{"type":"Feature","geometry":{"type":"Point","coordinates":[135.7523645,34.9266284]},"properties":{"z":14.9}},{"type":"Feature","geometry":{"type":"Point","coordinates":[135.7523097,34.9266289]},"properties":{"z":14.9}},{"type":"Feature","geometry":{"type":"Point","coordinates":[135.7522549,34.9266298]},"properties":{"z":14.9}},{"type":"Feature","geometry":{"type":"Point","coordinates":[135.7522001,34.9266307]},"properties":{"z":14.9}},{"type":"Feature","geometry":{"type":"Point","coordinates":[135.7521453,34.9266289]},"properties":{"z":14.9}},{"type":"Feature","geometry":{"type":"Point","coordinates":[135.7520906,34.9266263]},"properties":{"z":14.9}},{"type":"Feature","geometry":{"type":"Point","coordinates":[135.7520358,34.9266237]},"properties":{"z":14.9}},{"type":"Feature","geometry":{"type":"Point","coordinates":[135.7519812,34.9266264]},"properties":{"z":14.9}},{"type":"Feature","geometry":{"type":"Point","coordinates":[135.7519265,34.9266301]},"properties":{"z":14.8}},{"type":"Feature","geometry":{"type":"Point","coordinates":[135.7518719,34.9266338]},"properties":{"z":14.7}},{"type":"Feature","geometry":{"type":"Point","coordinates":[135.7518178,34.9266408]},"properties":{"z":14.7}},{"type":"Feature","geometry":{"type":"Point","coordinates":[135.7517638,34.9266484]},"properties":{"z":14.6}},{"type":"Feature","geometry":{"type":"Point","coordinates":[135.7517093,34.9266527]},"properties":{"z":14.6}},{"type":"Feature","geometry":{"type":"Point","coordinates":[135.7516545,34.9266534]},"properties":{"z":14.5}},{"type":"Feature","geometry":{"type":"Point","coordinates":[135.7515997,34.9266541]},"properties":{"z":14.4}},{"type":"Feature","geometry":{"type":"Point","coordinates":[135.7515449,34.9266548]},"properties":{"z":14.4}},{"type":"Feature","geometry":{"type":"Point","coordinates":[135.7514901,34.9266553]},"properties":{"z":14.3}},{"type":"Feature","geometry":{"type":"Point","coordinates":[135.7514352,34.9266558]},"properties":{"z":14.2}},{"type":"Feature","geometry":{"type":"Point","coordinates":[135.7513804,34.9266562]},"properties":{"z":14.2}},{"type":"Feature","geometry":{"type":"Point","coordinates":[135.7513256,34.926656]},"properties":{"z":14.1}},{"type":"Feature","geometry":{"type":"Point","coordinates":[135.7512708,34.9266558]},"properties":{"z":14.0}},{"type":"Feature","geometry":{"type":"Point","coordinates":[135.7512159,34.9266555]},"properties":{"z":14.0}},{"type":"Feature","geometry":{"type":"Point","coordinates":[135.7511611,34.9266549]},"properties":{"z":13.9}},{"type":"Feature","geometry":{"type":"Point","coordinates":[135.7511063,34.9266543]},"properties":{"z":13.9}},{"type":"Feature","geometry":{"type":"Point","coordinates":[135.7510515,34.9266547]},"properties":{"z":13.8}},{"type":"Feature","geometry":{"type":"Point","coordinates":[135.7509967,34.926656]},"properties":{"z":13.7}},{"type":"Feature","geometry":{"type":"Point","coordinates":[135.750945,34.926667]},"properties":{"z":13.7}},{"type":"Feature","geometry":{"type":"Point","coordinates":[135.7508965,34.9266879]},"properties":{"z":13.6}},{"type":"Feature","geometry":{"type":"Point","coordinates":[135.7508474,34.9267074]},"properties":{"z":13.6}},{"type":"Feature","geometry":{"type":"Point","coordinates":[135.750793,34.9267121]},"properties":{"z":13.5}},{"type":"Feature","geometry":{"type":"Point","coordinates":[135.7507392,34.9267209]},"properties":{"z":13.4}},{"type":"Feature","geometry":{"type":"Point","coordinates":[135.7506854,34.9267297]},"properties":{"z":13.4}},{"type":"Feature","geometry":{"type":"Point","coordinates":[135.7506309,34.926732]},"properties":{"z":13.2}},{"type":"Feature","geometry":{"type":"Point","coordinates":[135.7505761,34.9267317]},"properties":{"z":13.1}},{"type":"Feature","geometry":{"type":"Point","coordinates":[135.7505214,34.9267324]},"properties":{"z":13.1}},{"type":"Feature","geometry":{"type":"Point","coordinates":[135.7504676,34.926741]},"properties":{"z":13.1}},{"type":"Feature","geometry":{"type":"Point","coordinates":[135.7504137,34.9267496]},"properties":{"z":13.0}},{"type":"Feature","geometry":{"type":"Point","coordinates":[135.750363,34.9267428]},"properties":{"z":13.0}},{"type":"Feature","geometry":{"type":"Point","coordinates":[135.7503154,34.9267206]},"properties":{"z":12.9}},{"type":"Feature","geometry":{"type":"Point","coordinates":[135.7502661,34.9267022]},"properties":{"z":12.9}},{"type":"Feature","geometry":{"type":"Point","coordinates":[135.750212,34.926695]},"properties":{"z":12.8}},{"type":"Feature","geometry":{"type":"Point","coordinates":[135.7501578,34.9266879]},"properties":{"z":12.7}},{"type":"Feature","geometry":{"type":"Point","coordinates":[135.7501032,34.9266895]},"properties":{"z":12.7}},{"type":"Feature","geometry":{"type":"Point","coordinates":[135.7500485,34.9266925]},"properties":{"z":12.6}},{"type":"Feature","geometry":{"type":"Point","coordinates":[135.7499939,34.9266938]},"properties":{"z":12.6}},{"type":"Feature","geometry":{"type":"Point","coordinates":[135.7499394,34.9266885]},"properties":{"z":12.5}},{"type":"Feature","geometry":{"type":"Point","coordinates":[135.749885,34.9266831]},"properties":{"z":12.4}},{"type":"Feature","geometry":{"type":"Point","coordinates":[135.7498304,34.9266855]},"properties":{"z":12.4}},{"type":"Feature","geometry":{"type":"Point","coordinates":[135.7497757,34.9266894]},"properties":{"z":12.3}},{"type":"Feature","geometry":{"type":"Point","coordinates":[135.7497213,34.926687]},"properties":{"z":12.2}},{"type":"Feature","geometry":{"type":"Point","coordinates":[135.749667,34.9266811]},"properties":{"z":12.2}},{"type":"Feature","geometry":{"type":"Point","coordinates":[135.7496125,34.9266766]},"properties":{"z":12.2}},{"type":"Feature","geometry":{"type":"Point","coordinates":[135.7495577,34.9266748]},"properties":{"z":12.0}},{"type":"Feature","geometry":{"type":"Point","coordinates":[135.7495029,34.9266737]},"properties":{"z":12.0}},{"type":"Feature","geometry":{"type":"Point","coordinates":[135.7494486,34.9266799]},"properties":{"z":11.9}},{"type":"Feature","geometry":{"type":"Point","coordinates":[135.7493943,34.9266857]},"properties":{"z":11.9}},{"type":"Feature","geometry":{"type":"Point","coordinates":[135.7493395,34.9266863]},"properties":{"z":11.8}},{"type":"Feature","geometry":{"type":"Point","coordinates":[135.7492846,34.9266869]},"properties":{"z":11.7}},{"type":"Feature","geometry":{"type":"Point","coordinates":[135.7492301,34.9266835]},"properties":{"z":11.8}},{"type":"Feature","geometry":{"type":"Point","coordinates":[135.7491756,34.9266786]},"properties":{"z":11.7}},{"type":"Feature","geometry":{"type":"Point","coordinates":[135.7491211,34.9266736]},"properties":{"z":11.6}},{"type":"Feature","geometry":{"type":"Point","coordinates":[135.7490669,34.9266792]},"properties":{"z":11.6}},{"type":"Feature","geometry":{"type":"Point","coordinates":[135.7490128,34.9266866]},"properties":{"z":11.5}},{"type":"Feature","geometry":{"type":"Point","coordinates":[135.7489587,34.9266934]},"properties":{"z":11.5}},{"type":"Feature","geometry":{"type":"Point","coordinates":[135.748904,34.9266965]},"properties":{"z":11.4}},{"type":"Feature","geometry":{"type":"Point","coordinates":[135.7488493,34.9266996]},"properties":{"z":11.2}},{"type":"Feature","geometry":{"type":"Point","coordinates":[135.7487946,34.9267025]},"properties":{"z":11.2}},{"type":"Feature","geometry":{"type":"Point","coordinates":[135.7487399,34.9267055]},"properties":{"z":11.1}},{"type":"Feature","geometry":{"type":"Point","coordinates":[135.7486851,34.9267081]},"properties":{"z":11.0}},{"type":"Feature","geometry":{"type":"Point","coordinates":[135.7486304,34.9267104]},"properties":{"z":11.0}},{"type":"Feature","geometry":{"type":"Point","coordinates":[135.7485759,34.9267147]},"properties":{"z":11.0}},{"type":"Feature","geometry":{"type":"Point","coordinates":[135.7485222,34.9267236]},"properties":{"z":10.9}},{"type":"Feature","geometry":{"type":"Point","coordinates":[135.7484685,34.9267325]},"properties":{"z":10.9}},{"type":"Feature","geometry":{"type":"Point","coordinates":[135.7484138,34.926733]},"properties":{"z":10.7}},{"type":"Feature","geometry":{"type":"Point","coordinates":[135.7483589,34.9267323]},"properties":{"z":10.7}},{"type":"Feature","geometry":{"type":"Point","coordinates":[135.7483041,34.9267319]},"properties":{"z":10.7}},{"type":"Feature","geometry":{"type":"Point","coordinates":[135.7482493,34.9267324]},"properties":{"z":10.7}},{"type":"Feature","geometry":{"type":"Point","coordinates":[135.7481945,34.9267328]},"properties":{"z":10.7}},{"type":"Feature","geometry":{"type":"Point","coordinates":[135.7481396,34.9267331]},"properties":{"z":10.6}},{"type":"Feature","geometry":{"type":"Point","coordinates":[135.7480848,34.9267333]},"properties":{"z":10.5}},{"type":"Feature","geometry":{"type":"Point","coordinates":[135.74803,34.9267338]},"properties":{"z":10.5}},{"type":"Feature","geometry":{"type":"Point","coordinates":[135.7479752,34.9267346]},"properties":{"z":10.4}},{"type":"Feature","geometry":{"type":"Point","coordinates":[135.7479204,34.9267344]},"properties":{"z":10.4}},{"type":"Feature","geometry":{"type":"Point","coordinates":[135.7478656,34.9267323]},"properties":{"z":10.4}},{"type":"Feature","geometry":{"type":"Point","coordinates":[135.7478108,34.9267303]},"properties":{"z":10.4}},{"type":"Feature","geometry":{"type":"Point","coordinates":[135.747756,34.9267309]},"properties":{"z":10.3}},{"type":"Feature","geometry":{"type":"Point","coordinates":[135.7477012,34.926732]},"properties":{"z":10.3}},{"type":"Feature","geometry":{"type":"Point","coordinates":[135.7476465,34.9267338]},"properties":{"z":10.2}},{"type":"Feature","geometry":{"type":"Point","coordinates":[135.7475919,34.926738]},"properties":{"z":10.2}},{"type":"Feature","geometry":{"type":"Point","coordinates":[135.7475373,34.9267423]},"properties":{"z":10.1}},{"type":"Feature","geometry":{"type":"Point","coordinates":[135.7474825,34.9267431]},"properties":{"z":10.1}},{"type":"Feature","geometry":{"type":"Point","coordinates":[135.7474277,34.9267426]},"properties":{"z":10.1}},{"type":"Feature","geometry":{"type":"Point","coordinates":[135.7473729,34.9267421]},"properties":{"z":10.1}},{"type":"Feature","geometry":{"type":"Point","coordinates":[135.7473183,34.9267453]},"properties":{"z":10.0}},{"type":"Feature","geometry":{"type":"Point","coordinates":[135.7472637,34.9267495]},"properties":{"z":10.0}},{"type":"Feature","geometry":{"type":"Point","coordinates":[135.7472093,34.9267481]},"properties":{"z":8.9}},{"type":"Feature","geometry":{"type":"Point","coordinates":[135.747155,34.9267414]},"properties":{"z":8.4}},{"type":"Feature","geometry":{"type":"Point","coordinates":[135.7471008,34.9267347]},"properties":{"z":8.4}},{"type":"Feature","geometry":{"type":"Point","coordinates":[135.7470462,34.9267355]},"properties":{"z":8.4}},{"type":"Feature","geometry":{"type":"Point","coordinates":[135.7469915,34.9267383]},"properties":{"z":8.4}},{"type":"Feature","geometry":{"type":"Point","coordinates":[135.7469367,34.9267405]},"properties":{"z":8.4}},{"type":"Feature","geometry":{"type":"Point","coordinates":[135.7468819,34.9267413]},"properties":{"z":8.4}},{"type":"Feature","geometry":{"type":"Point","coordinates":[135.7468271,34.926742]},"properties":{"z":8.4}},{"type":"Feature","geometry":{"type":"Point","coordinates":[135.7467723,34.9267425]},"properties":{"z":8.4}},{"type":"Feature","geometry":{"type":"Point","coordinates":[135.7467175,34.9267429]},"properties":{"z":8.4}},{"type":"Feature","geometry":{"type":"Point","coordinates":[135.7466627,34.9267436]},"properties":{"z":8.4}},{"type":"Feature","geometry":{"type":"Point","coordinates":[135.746608,34.9267476]},"properties":{"z":8.4}},{"type":"Feature","geometry":{"type":"Point","coordinates":[135.7465534,34.9267516]},"properties":{"z":8.5}},{"type":"Feature","geometry":{"type":"Point","coordinates":[135.7464987,34.9267541]},"properties":{"z":8.5}},{"type":"Feature","geometry":{"type":"Point","coordinates":[135.7464439,34.9267555]},"properties":{"z":8.4}},{"type":"Feature","geometry":{"type":"Point","coordinates":[135.7463891,34.9267565]},"properties":{"z":9.2}},{"type":"Feature","geometry":{"type":"Point","coordinates":[135.7463343,34.926755]},"properties":{"z":8.3}},{"type":"Feature","geometry":{"type":"Point","coordinates":[135.7462795,34.9267534]},"properties":{"z":8.3}},{"type":"Feature","geometry":{"type":"Point","coordinates":[135.7462248,34.9267512]},"properties":{"z":8.3}},{"type":"Feature","geometry":{"type":"Point","coordinates":[135.74617,34.9267485]},"properties":{"z":8.4}},{"type":"Feature","geometry":{"type":"Point","coordinates":[135.7461153,34.9267474]},"properties":{"z":8.5}},{"type":"Feature","geometry":{"type":"Point","coordinates":[135.7460606,34.9267503]},"properties":{"z":8.5}},{"type":"Feature","geometry":{"type":"Point","coordinates":[135.7460059,34.9267532]},"properties":{"z":8.0}},{"type":"Feature","geometry":{"type":"Point","coordinates":[135.7459513,34.9267571]},"properties":{"z":8.6}},{"type":"Feature","geometry":{"type":"Point","coordinates":[135.7458967,34.9267615]},"properties":{"z":8.6}},{"type":"Feature","geometry":{"type":"Point","coordinates":[135.7458421,34.9267658]},"properties":{"z":8.5}},{"type":"Feature","geometry":{"type":"Point","coordinates":[135.7457875,34.9267696]},"properties":{"z":8.5}},{"type":"Feature","geometry":{"type":"Point","coordinates":[135.7457329,34.9267735]},"properties":{"z":8.5}},{"type":"Feature","geometry":{"type":"Point","coordinates":[135.7456781,34.9267747]},"properties":{"z":8.6}},{"type":"Feature","geometry":{"type":"Point","coordinates":[135.7456233,34.9267737]},"properties":{"z":8.6}},{"type":"Feature","geometry":{"type":"Point","coordinates":[135.7455685,34.9267727]},"properties":{"z":8.6}},{"type":"Feature","geometry":{"type":"Point","coordinates":[135.7455137,34.9267715]},"properties":{"z":8.7}},{"type":"Feature","geometry":{"type":"Point","coordinates":[135.7454589,34.9267704]},"properties":{"z":8.7}},{"type":"Feature","geometry":{"type":"Point","coordinates":[135.7454041,34.9267699]},"properties":{"z":8.7}},{"type":"Feature","geometry":{"type":"Point","coordinates":[135.7453492,34.9267696]},"properties":{"z":8.8}},{"type":"Feature","geometry":{"type":"Point","coordinates":[135.7452944,34.9267693]},"properties":{"z":8.8}},{"type":"Feature","geometry":{"type":"Point","coordinates":[135.7452397,34.9267723]},"properties":{"z":9.0}},{"type":"Feature","geometry":{"type":"Point","coordinates":[135.745185,34.9267755]},"properties":{"z":9.0}},{"type":"Feature","geometry":{"type":"Point","coordinates":[135.7451303,34.9267774]},"properties":{"z":9.2}},{"type":"Feature","geometry":{"type":"Point","coordinates":[135.7450755,34.9267788]},"properties":{"z":9.2}},{"type":"Feature","geometry":{"type":"Point","coordinates":[135.7450236,34.9267848]},"properties":{"z":9.2}},{"type":"Feature","geometry":{"type":"Point","coordinates":[135.7449914,34.9268212]},"properties":{"z":8.6}},{"type":"Feature","geometry":{"type":"Point","coordinates":[135.7449592,34.9268575]},"properties":{"z":8.9}},{"type":"Feature","geometry":{"type":"Point","coordinates":[135.7449143,34.9268764]},"properties":{"z":8.0}},{"type":"Feature","geometry":{"type":"Point","coordinates":[135.7448599,34.9268821]},"properties":{"z":8.0}},{"type":"Feature","geometry":{"type":"Point","coordinates":[135.7448054,34.9268866]},"properties":{"z":7.1}},{"type":"Feature","geometry":{"type":"Point","coordinates":[135.7447506,34.9268882]},"properties":{"z":6.3}},{"type":"Feature","geometry":{"type":"Point","coordinates":[135.7446958,34.9268898]},"properties":{"z":6.3}},{"type":"Feature","geometry":{"type":"Point","coordinates":[135.7446544,34.9268619]},"properties":{"z":7.4}},{"type":"Feature","geometry":{"type":"Point","coordinates":[135.7446142,34.9268313]},"properties":{"z":7.4}},{"type":"Feature","geometry":{"type":"Point","coordinates":[135.7445692,34.9268057]},"properties":{"z":8.6}},{"type":"Feature","geometry":{"type":"Point","coordinates":[135.7445237,34.9267807]},"properties":{"z":8.6}},{"type":"Feature","geometry":{"type":"Point","coordinates":[135.7444992,34.9267421]},"properties":{"z":8.7}},{"type":"Feature","geometry":{"type":"Point","coordinates":[135.7444803,34.9266999]},"properties":{"z":9.5}},{"type":"Feature","geometry":{"type":"Point","coordinates":[135.7444515,34.9266635]},"properties":{"z":9.6}},{"type":"Feature","geometry":{"type":"Point","coordinates":[135.7444092,34.9266348]},"properties":{"z":10.0}},{"type":"Feature","geometry":{"type":"Point","coordinates":[135.7443654,34.9266092]},"properties":{"z":10.0}},{"type":"Feature","geometry":{"type":"Point","coordinates":[135.744311,34.9266031]},"properties":{"z":10.0}},{"type":"Feature","geometry":{"type":"Point","coordinates":[135.7442567,34.9265969]},"properties":{"z":10.0}},{"type":"Feature","geometry":{"type":"Point","coordinates":[135.7442024,34.9265991]},"properties":{"z":10.1}},{"type":"Feature","geometry":{"type":"Point","coordinates":[135.7441481,34.9266054]},"properties":{"z":10.1}},{"type":"Feature","geometry":{"type":"Point","coordinates":[135.7440936,34.926609]},"properties":{"z":10.1}},{"type":"Feature","geometry":{"type":"Point","coordinates":[135.7440388,34.9266105]},"properties":{"z":10.1}},{"type":"Feature","geometry":{"type":"Point","coordinates":[135.743984,34.926611]},"properties":{"z":10.1}},{"type":"Feature","geometry":{"type":"Point","coordinates":[135.7439291,34.9266109]},"properties":{"z":10.2}},{"type":"Feature","geometry":{"type":"Point","coordinates":[135.7438745,34.9266132]},"properties":{"z":10.2}},{"type":"Feature","geometry":{"type":"Point","coordinates":[135.7438206,34.9266211]},"properties":{"z":10.2}},{"type":"Feature","geometry":{"type":"Point","coordinates":[135.7437666,34.9266291]},"properties":{"z":10.2}},{"type":"Feature","geometry":{"type":"Point","coordinates":[135.7437127,34.9266372]},"properties":{"z":10.2}},{"type":"Feature","geometry":{"type":"Point","coordinates":[135.7436588,34.9266454]},"properties":{"z":10.2}},{"type":"Feature","geometry":{"type":"Point","coordinates":[135.7436047,34.9266528]},"properties":{"z":10.3}},{"type":"Feature","geometry":{"type":"Point","coordinates":[135.7435506,34.92666]},"properties":{"z":10.3}},{"type":"Feature","geometry":{"type":"Point","coordinates":[135.7434963,34.9266604]},"properties":{"z":10.3}},{"type":"Feature","geometry":{"type":"Point","coordinates":[135.743442,34.9266546]},"properties":{"z":10.4}},{"type":"Feature","geometry":{"type":"Point","coordinates":[135.7433876,34.9266488]},"properties":{"z":10.4}},{"type":"Feature","geometry":{"type":"Point","coordinates":[135.7433331,34.9266522]},"properties":{"z":10.4}},{"type":"Feature","geometry":{"type":"Point","coordinates":[135.7432785,34.9266566]},"properties":{"z":10.4}},{"type":"Feature","geometry":{"type":"Point","coordinates":[135.7432239,34.9266601]},"properties":{"z":10.4}},{"type":"Feature","geometry":{"type":"Point","coordinates":[135.7431691,34.9266607]},"properties":{"z":10.5}},{"type":"Feature","geometry":{"type":"Point","coordinates":[135.7431142,34.9266613]},"properties":{"z":10.5}},{"type":"Feature","geometry":{"type":"Point","coordinates":[135.7430594,34.9266607]},"properties":{"z":10.5}},{"type":"Feature","geometry":{"type":"Point","coordinates":[135.7430046,34.9266599]},"properties":{"z":10.5}},{"type":"Feature","geometry":{"type":"Point","coordinates":[135.7429498,34.9266583]},"properties":{"z":10.5}},{"type":"Feature","geometry":{"type":"Point","coordinates":[135.7428951,34.9266554]},"properties":{"z":10.5}},{"type":"Feature","geometry":{"type":"Point","coordinates":[135.7428404,34.9266524]},"properties":{"z":10.6}},{"type":"Feature","geometry":{"type":"Point","coordinates":[135.7427856,34.9266513]},"properties":{"z":10.6}},{"type":"Feature","geometry":{"type":"Point","coordinates":[135.7427308,34.9266502]},"properties":{"z":10.6}},{"type":"Feature","geometry":{"type":"Point","coordinates":[135.742676,34.9266512]},"properties":{"z":10.7}},{"type":"Feature","geometry":{"type":"Point","coordinates":[135.7426214,34.9266545]},"properties":{"z":10.7}},{"type":"Feature","geometry":{"type":"Point","coordinates":[135.7425667,34.9266579]},"properties":{"z":10.7}},{"type":"Feature","geometry":{"type":"Point","coordinates":[135.7425119,34.92666]},"properties":{"z":10.7}},{"type":"Feature","geometry":{"type":"Point","coordinates":[135.7424571,34.9266615]},"properties":{"z":10.7}},{"type":"Feature","geometry":{"type":"Point","coordinates":[135.7424023,34.9266626]},"properties":{"z":10.7}},{"type":"Feature","geometry":{"type":"Point","coordinates":[135.7423475,34.9266615]},"properties":{"z":10.8}},{"type":"Feature","geometry":{"type":"Point","coordinates":[135.7422927,34.9266605]},"properties":{"z":10.8}},{"type":"Feature","geometry":{"type":"Point","coordinates":[135.7422426,34.9266434]},"properties":{"z":10.8}},{"type":"Feature","geometry":{"type":"Point","coordinates":[135.7421932,34.926624]},"properties":{"z":10.8}},{"type":"Feature","geometry":{"type":"Point","coordinates":[135.7421526,34.9265972]},"properties":{"z":10.8}},{"type":"Feature","geometry":{"type":"Point","coordinates":[135.7421285,34.9265568]},"properties":{"z":10.8}},{"type":"Feature","geometry":{"type":"Point","coordinates":[135.7421084,34.9265155]},"properties":{"z":10.8}},{"type":"Feature","geometry":{"type":"Point","coordinates":[135.7421035,34.9264708]},"properties":{"z":10.8}},{"type":"Feature","geometry":{"type":"Point","coordinates":[135.7420986,34.926426]},"properties":{"z":10.8}},{"type":"Feature","geometry":{"type":"Point","coordinates":[135.742104,34.9263813]},"properties":{"z":10.8}},{"type":"Feature","geometry":{"type":"Point","coordinates":[135.7421105,34.9263367]},"properties":{"z":10.8}},{"type":"Feature","geometry":{"type":"Point","coordinates":[135.7421155,34.926292]},"properties":{"z":10.8}},{"type":"Feature","geometry":{"type":"Point","coordinates":[135.7421203,34.9262472]},"properties":{"z":10.8}},{"type":"Feature","geometry":{"type":"Point","coordinates":[135.7421178,34.9262024]},"properties":{"z":10.8}},{"type":"Feature","geometry":{"type":"Point","coordinates":[135.7421124,34.9261577]},"properties":{"z":10.8}},{"type":"Feature","geometry":{"type":"Point","coordinates":[135.742107,34.926113]},"properties":{"z":10.8}},{"type":"Feature","geometry":{"type":"Point","coordinates":[135.7420984,34.9260686]},"properties":{"z":10.8}},{"type":"Feature","geometry":{"type":"Point","coordinates":[135.7420897,34.9260242]},"properties":{"z":10.8}},{"type":"Feature","geometry":{"type":"Point","coordinates":[135.7420794,34.9259801]},"properties":{"z":10.8}},{"type":"Feature","geometry":{"type":"Point","coordinates":[135.7420672,34.9259362]},"properties":{"z":10.8}},{"type":"Feature","geometry":{"type":"Point","coordinates":[135.7420551,34.9258924]},"properties":{"z":10.8}},{"type":"Feature","geometry":{"type":"Point","coordinates":[135.7420405,34.9258491]},"properties":{"z":10.8}},{"type":"Feature","geometry":{"type":"Point","coordinates":[135.7420242,34.9258062]},"properties":{"z":10.9}},{"type":"Feature","geometry":{"type":"Point","coordinates":[135.742008,34.9257632]},"properties":{"z":11.0}},{"type":"Feature","geometry":{"type":"Point","coordinates":[135.7419914,34.9257204]},"properties":{"z":11.0}},{"type":"Feature","geometry":{"type":"Point","coordinates":[135.7419748,34.9256776]},"properties":{"z":11.1}},{"type":"Feature","geometry":{"type":"Point","coordinates":[135.7419559,34.9256354]},"properties":{"z":11.1}},{"type":"Feature","geometry":{"type":"Point","coordinates":[135.7419356,34.9255936]},"properties":{"z":11.1}},{"type":"Feature","geometry":{"type":"Point","coordinates":[135.741915,34.925552]},"properties":{"z":11.1}},{"type":"Feature","geometry":{"type":"Point","coordinates":[135.7418853,34.9255142]},"properties":{"z":11.1}},{"type":"Feature","geometry":{"type":"Point","coordinates":[135.7418557,34.9254764]},"properties":{"z":11.1}},{"type":"Feature","geometry":{"type":"Point","coordinates":[135.7418275,34.9254379]},"properties":{"z":11.1}},{"type":"Feature","geometry":{"type":"Point","coordinates":[135.741801,34.9253985]},"properties":{"z":11.1}},{"type":"Feature","geometry":{"type":"Point","coordinates":[135.7417744,34.9253592]},"properties":{"z":11.1}},{"type":"Feature","geometry":{"type":"Point","coordinates":[135.7417446,34.9253215]},"properties":{"z":11.1}},{"type":"Feature","geometry":{"type":"Point","coordinates":[135.7417127,34.925285]},"properties":{"z":11.1}},{"type":"Feature","geometry":{"type":"Point","coordinates":[135.7416807,34.9252485]},"properties":{"z":11.1}},{"type":"Feature","geometry":{"type":"Point","coordinates":[135.7416398,34.9252189]},"properties":{"z":11.1}},{"type":"Feature","geometry":{"type":"Point","coordinates":[135.7415971,34.9251907]},"properties":{"z":11.1}},{"type":"Feature","geometry":{"type":"Point","coordinates":[135.7415562,34.9251609]},"properties":{"z":11.1}},{"type":"Feature","geometry":{"type":"Point","coordinates":[135.7415182,34.9251285]},"properties":{"z":11.1}},{"type":"Feature","geometry":{"type":"Point","coordinates":[135.741478,34.9250982]},"properties":{"z":11.1}},{"type":"Feature","geometry":{"type":"Point","coordinates":[135.7414326,34.9250731]},"properties":{"z":11.1}},{"type":"Feature","geometry":{"type":"Point","coordinates":[135.741387,34.9250481]},"properties":{"z":11.1}},{"type":"Feature","geometry":{"type":"Point","coordinates":[135.7413406,34.9250241]},"properties":{"z":11.1}},{"type":"Feature","geometry":{"type":"Point","coordinates":[135.7412943,34.9250001]},"properties":{"z":11.1}},{"type":"Feature","geometry":{"type":"Point","coordinates":[135.7412481,34.9249759]},"properties":{"z":11.1}},{"type":"Feature","geometry":{"type":"Point","coordinates":[135.7412021,34.9249513]},"properties":{"z":11.1}},{"type":"Feature","geometry":{"type":"Point","coordinates":[135.7411562,34.9249268]},"properties":{"z":11.1}},{"type":"Feature","geometry":{"type":"Point","coordinates":[135.7411099,34.9249027]},"properties":{"z":11.1}},{"type":"Feature","geometry":{"type":"Point","coordinates":[135.7410637,34.9248786]},"properties":{"z":11.1}},{"type":"Feature","geometry":{"type":"Point","coordinates":[135.7410168,34.9248553]},"properties":{"z":11.1}},{"type":"Feature","geometry":{"type":"Point","coordinates":[135.7409691,34.9248332]},"properties":{"z":11.1}},{"type":"Feature","geometry":{"type":"Point","coordinates":[135.7409213,34.9248111]},"properties":{"z":11.1}},{"type":"Feature","geometry":{"type":"Point","coordinates":[135.740876,34.924786]},"properties":{"z":11.1}},{"type":"Feature","geometry":{"type":"Point","coordinates":[135.7408324,34.9247587]},"properties":{"z":11.1}},{"type":"Feature","geometry":{"type":"Point","coordinates":[135.7407888,34.9247314]},"properties":{"z":11.1}},{"type":"Feature","geometry":{"type":"Point","coordinates":[135.7407419,34.9247086]},"properties":{"z":11.1}},{"type":"Feature","geometry":{"type":"Point","coordinates":[135.7406926,34.924689]},"properties":{"z":11.1}},{"type":"Feature","geometry":{"type":"Point","coordinates":[135.7406433,34.9246694]},"properties":{"z":11.1}},{"type":"Feature","geometry":{"type":"Point","coordinates":[135.7405948,34.9246483]},"properties":{"z":11.1}},{"type":"Feature","geometry":{"type":"Point","coordinates":[135.7405467,34.9246267]},"properties":{"z":11.1}},{"type":"Feature","geometry":{"type":"Point","coordinates":[135.7404986,34.9246052]},"properties":{"z":11.1}},{"type":"Feature","geometry":{"type":"Point","coordinates":[135.7404542,34.9245789]},"properties":{"z":11.1}},{"type":"Feature","geometry":{"type":"Point","coordinates":[135.74041,34.9245523]},"properties":{"z":11.1}},{"type":"Feature","geometry":{"type":"Point","coordinates":[135.7403652,34.9245264]},"properties":{"z":11.1}},{"type":"Feature","geometry":{"type":"Point","coordinates":[135.7403182,34.9245033]},"properties":{"z":11.1}},{"type":"Feature","geometry":{"type":"Point","coordinates":[135.7402712,34.9244801]},"properties":{"z":11.1}},{"type":"Feature","geometry":{"type":"Point","coordinates":[135.7402217,34.9244609]},"properties":{"z":11.1}},{"type":"Feature","geometry":{"type":"Point","coordinates":[135.740172,34.9244419]},"properties":{"z":11.1}},{"type":"Feature","geometry":{"type":"Point","coordinates":[135.7401242,34.9244201]},"properties":{"z":11.1}},{"type":"Feature","geometry":{"type":"Point","coordinates":[135.7400791,34.9243946]},"properties":{"z":11.1}},{"type":"Feature","geometry":{"type":"Point","coordinates":[135.740034,34.9243691]},"properties":{"z":11.1}},{"type":"Feature","geometry":{"type":"Point","coordinates":[135.7399881,34.9243445]},"properties":{"z":11.1}},{"type":"Feature","geometry":{"type":"Point","coordinates":[135.7399417,34.9243205]},"properties":{"z":11.1}},{"type":"Feature","geometry":{"type":"Point","coordinates":[135.739895,34.924297]},"properties":{"z":11.1}},{"type":"Feature","geometry":{"type":"Point","coordinates":[135.7398477,34.9242742]},"properties":{"z":11.1}},{"type":"Feature","geometry":{"type":"Point","coordinates":[135.7398004,34.9242515]},"properties":{"z":11.1}},{"type":"Feature","geometry":{"type":"Point","coordinates":[135.7397516,34.924231]},"properties":{"z":11.1}},{"type":"Feature","geometry":{"type":"Point","coordinates":[135.7397028,34.9242106]},"properties":{"z":11.1}},{"type":"Feature","geometry":{"type":"Point","coordinates":[135.7396571,34.924186]},"properties":{"z":11.1}},{"type":"Feature","geometry":{"type":"Point","coordinates":[135.7396133,34.924159]},"properties":{"z":11.1}},{"type":"Feature","geometry":{"type":"Point","coordinates":[135.7395693,34.9241321]},"properties":{"z":11.1}},{"type":"Feature","geometry":{"type":"Point","coordinates":[135.7395244,34.9241064]},"properties":{"z":11.1}},{"type":"Feature","geometry":{"type":"Point","coordinates":[135.7394794,34.9240806]},"properties":{"z":11.1}},{"type":"Feature","geometry":{"type":"Point","coordinates":[135.7394344,34.924055]},"properties":{"z":11.1}},{"type":"Feature","geometry":{"type":"Point","coordinates":[135.7393892,34.9240295]},"properties":{"z":11.1}},{"type":"Feature","geometry":{"type":"Point","coordinates":[135.7393446,34.9240035]},"properties":{"z":11.1}},{"type":"Feature","geometry":{"type":"Point","coordinates":[135.7393046,34.9239728]},"properties":{"z":11.1}},{"type":"Feature","geometry":{"type":"Point","coordinates":[135.7392646,34.923942]},"properties":{"z":11.1}},{"type":"Feature","geometry":{"type":"Point","coordinates":[135.7392265,34.9239097]},"properties":{"z":11.1}},{"type":"Feature","geometry":{"type":"Point","coordinates":[135.7391886,34.9238772]},"properties":{"z":11.1}},{"type":"Feature","geometry":{"type":"Point","coordinates":[135.7391479,34.9238471]},"properties":{"z":11.0}},{"type":"Feature","geometry":{"type":"Point","coordinates":[135.739106,34.9238182]},"properties":{"z":11.0}},{"type":"Feature","geometry":{"type":"Point","coordinates":[135.7390626,34.9237918]},"properties":{"z":11.0}},{"type":"Feature","geometry":{"type":"Point","coordinates":[135.7390084,34.9237848]},"properties":{"z":11.0}},{"type":"Feature","geometry":{"type":"Point","coordinates":[135.7389543,34.9237779]},"properties":{"z":11.0}},{"type":"Feature","geometry":{"type":"Point","coordinates":[135.7389057,34.9237619]},"properties":{"z":11.0}},{"type":"Feature","geometry":{"type":"Point","coordinates":[135.7388666,34.9237303]},"properties":{"z":11.0}},{"type":"Feature","geometry":{"type":"Point","coordinates":[135.7388275,34.9236988]},"properties":{"z":11.0}},{"type":"Feature","geometry":{"type":"Point","coordinates":[135.7387876,34.923668]},"properties":{"z":11.0}},{"type":"Feature","geometry":{"type":"Point","coordinates":[135.7387468,34.923638]},"properties":{"z":10.9}},{"type":"Feature","geometry":{"type":"Point","coordinates":[135.7387058,34.9236081]},"properties":{"z":10.9}},{"type":"Feature","geometry":{"type":"Point","coordinates":[135.7386642,34.9235789]},"properties":{"z":10.9}},{"type":"Feature","geometry":{"type":"Point","coordinates":[135.7386226,34.9235496]},"properties":{"z":11.0}},{"type":"Feature","geometry":{"type":"Point","coordinates":[135.7385948,34.9235112]},"properties":{"z":10.9}},{"type":"Feature","geometry":{"type":"Point","coordinates":[135.7385687,34.9234717]},"properties":{"z":10.9}},{"type":"Feature","geometry":{"type":"Point","coordinates":[135.7385397,34.9234342]},"properties":{"z":10.9}},{"type":"Feature","geometry":{"type":"Point","coordinates":[135.7384958,34.9234072]},"properties":{"z":10.9}},{"type":"Feature","geometry":{"type":"Point","coordinates":[135.738452,34.9233802]},"properties":{"z":10.9}},{"type":"Feature","geometry":{"type":"Point","coordinates":[135.7384106,34.9233511]},"properties":{"z":10.9}},{"type":"Feature","geometry":{"type":"Point","coordinates":[135.7383771,34.9233156]},"properties":{"z":10.9}},{"type":"Feature","geometry":{"type":"Point","coordinates":[135.7383436,34.92328]},"properties":{"z":10.9}},{"type":"Feature","geometry":{"type":"Point","coordinates":[135.7383144,34.923242]},"properties":{"z":10.9}},{"type":"Feature","geometry":{"type":"Point","coordinates":[135.738286,34.9232036]},"properties":{"z":10.8}},{"type":"Feature","geometry":{"type":"Point","coordinates":[135.7382556,34.9231662]},"properties":{"z":10.8}},{"type":"Feature","geometry":{"type":"Point","coordinates":[135.7382233,34.9231298]},"properties":{"z":10.9}},{"type":"Feature","geometry":{"type":"Point","coordinates":[135.738191,34.9230935]},"properties":{"z":10.8}},{"type":"Feature","geometry":{"type":"Point","coordinates":[135.738172,34.9230524]},"properties":{"z":10.8}},{"type":"Feature","geometry":{"type":"Point","coordinates":[135.7381615,34.9230083]},"properties":{"z":10.8}},{"type":"Feature","geometry":{"type":"Point","coordinates":[135.738151,34.9229642]},"properties":{"z":10.8}},{"type":"Feature","geometry":{"type":"Point","coordinates":[135.7381214,34.9229278]},"properties":{"z":10.8}},{"type":"Feature","geometry":{"type":"Point","coordinates":[135.7380852,34.922894]},"properties":{"z":10.8}},{"type":"Feature","geometry":{"type":"Point","coordinates":[135.7380492,34.9228601]},"properties":{"z":10.8}},{"type":"Feature","geometry":{"type":"Point","coordinates":[135.738014,34.9228257]},"properties":{"z":10.8}},{"type":"Feature","geometry":{"type":"Point","coordinates":[135.7379788,34.9227912]},"properties":{"z":10.7}},{"type":"Feature","geometry":{"type":"Point","coordinates":[135.7379436,34.9227567]},"properties":{"z":10.8}},{"type":"Feature","geometry":{"type":"Point","coordinates":[135.7379083,34.9227223]},"properties":{"z":10.7}},{"type":"Feature","geometry":{"type":"Point","coordinates":[135.73787,34.9226902]},"properties":{"z":10.7}},{"type":"Feature","geometry":{"type":"Point","coordinates":[135.7378317,34.922658]},"properties":{"z":10.7}},{"type":"Feature","geometry":{"type":"Point","coordinates":[135.7377886,34.9226308]},"properties":{"z":10.7}},{"type":"Feature","geometry":{"type":"Point","coordinates":[135.7377422,34.9226068]},"properties":{"z":10.7}},{"type":"Feature","geometry":{"type":"Point","coordinates":[135.7376975,34.9225811]},"properties":{"z":10.7}},{"type":"Feature","geometry":{"type":"Point","coordinates":[135.7376588,34.9225493]},"properties":{"z":10.7}},{"type":"Feature","geometry":{"type":"Point","coordinates":[135.7376201,34.9225174]},"properties":{"z":10.7}},{"type":"Feature","geometry":{"type":"Point","coordinates":[135.737589,34.9224807]},"properties":{"z":10.7}},{"type":"Feature","geometry":{"type":"Point","coordinates":[135.7375602,34.9224424]},"properties":{"z":10.7}},{"type":"Feature","geometry":{"type":"Point","coordinates":[135.7375261,34.9224074]},"properties":{"z":10.7}},{"type":"Feature","geometry":{"type":"Point","coordinates":[135.7374897,34.9223738]},"properties":{"z":10.7}},{"type":"Feature","geometry":{"type":"Point","coordinates":[135.7374534,34.9223401]},"properties":{"z":10.7}},{"type":"Feature","geometry":{"type":"Point","coordinates":[135.737417,34.9223065]},"properties":{"z":10.7}},{"type":"Feature","geometry":{"type":"Point","coordinates":[135.7373816,34.9222722]},"properties":{"z":10.7}},{"type":"Feature","geometry":{"type":"Point","coordinates":[135.7373479,34.9222367]},"properties":{"z":10.7}},{"type":"Feature","geometry":{"type":"Point","coordinates":[135.7373142,34.9222013]},"properties":{"z":10.7}},{"type":"Feature","geometry":{"type":"Point","coordinates":[135.7372796,34.9221664]},"properties":{"z":10.7}},{"type":"Feature","geometry":{"type":"Point","coordinates":[135.737243,34.922133]},"properties":{"z":10.7}},{"type":"Feature","geometry":{"type":"Point","coordinates":[135.737205,34.922101]},"properties":{"z":10.7}},{"type":"Feature","geometry":{"type":"Point","coordinates":[135.7371569,34.9220794]},"properties":{"z":10.7}},{"type":"Feature","geometry":{"type":"Point","coordinates":[135.7371087,34.9220579]},"properties":{"z":10.7}},{"type":"Feature","geometry":{"type":"Point","coordinates":[135.7370666,34.9220293]},"properties":{"z":10.7}},{"type":"Feature","geometry":{"type":"Point","coordinates":[135.7370251,34.9219999]},"properties":{"z":10.7}},{"type":"Feature","geometry":{"type":"Point","coordinates":[135.7369871,34.9219677]},"properties":{"z":10.7}},{"type":"Feature","geometry":{"type":"Point","coordinates":[135.7369522,34.9219331]},"properties":{"z":10.7}},{"type":"Feature","geometry":{"type":"Point","coordinates":[135.7369172,34.9218984]},"properties":{"z":10.7}},{"type":"Feature","geometry":{"type":"Point","coordinates":[135.7368859,34.9218616]},"properties":{"z":10.7}},{"type":"Feature","geometry":{"type":"Point","coordinates":[135.7368546,34.9218246]},"properties":{"z":10.7}},{"type":"Feature","geometry":{"type":"Point","coordinates":[135.7368209,34.9217892]},"properties":{"z":10.7}},{"type":"Feature","geometry":{"type":"Point","coordinates":[135.7367869,34.921754]},"properties":{"z":10.7}},{"type":"Feature","geometry":{"type":"Point","coordinates":[135.7367526,34.9217189]},"properties":{"z":10.7}},{"type":"Feature","geometry":{"type":"Point","coordinates":[135.7367182,34.9216839]},"properties":{"z":10.7}},{"type":"Feature","geometry":{"type":"Point","coordinates":[135.7366838,34.9216488]},"properties":{"z":10.7}},{"type":"Feature","geometry":{"type":"Point","coordinates":[135.73665,34.9216135]},"properties":{"z":10.6}},{"type":"Feature","geometry":{"type":"Point","coordinates":[135.7366161,34.9215782]},"properties":{"z":10.6}},{"type":"Feature","geometry":{"type":"Point","coordinates":[135.7365785,34.9215455]},"properties":{"z":10.6}},{"type":"Feature","geometry":{"type":"Point","coordinates":[135.7365408,34.9215128]},"properties":{"z":10.6}},{"type":"Feature","geometry":{"type":"Point","coordinates":[135.7365024,34.9214807]},"properties":{"z":10.5}},{"type":"Feature","geometry":{"type":"Point","coordinates":[135.7364625,34.9214499]},"properties":{"z":10.5}},{"type":"Feature","geometry":{"type":"Point","coordinates":[135.7364224,34.9214193]},"properties":{"z":10.5}},{"type":"Feature","geometry":{"type":"Point","coordinates":[135.7363813,34.9213895]},"properties":{"z":10.4}},{"type":"Feature","geometry":{"type":"Point","coordinates":[135.7363403,34.9213597]},"properties":{"z":10.4}},{"type":"Feature","geometry":{"type":"Point","coordinates":[135.7363036,34.9213264]},"properties":{"z":10.4}},{"type":"Feature","geometry":{"type":"Point","coordinates":[135.7362679,34.9212923]},"properties":{"z":10.4}},{"type":"Feature","geometry":{"type":"Point","coordinates":[135.7362321,34.9212582]},"properties":{"z":10.3}},{"type":"Feature","geometry":{"type":"Point","coordinates":[135.7361939,34.9212259]},"properties":{"z":10.3}},{"type":"Feature","geometry":{"type":"Point","coordinates":[135.7361556,34.9211938]},"properties":{"z":10.3}},{"type":"Feature","geometry":{"type":"Point","coordinates":[135.7361181,34.921161]},"properties":{"z":10.3}},{"type":"Feature","geometry":{"type":"Point","coordinates":[135.736083,34.9211265]},"properties":{"z":10.2}},{"type":"Feature","geometry":{"type":"Point","coordinates":[135.7360478,34.9210921]},"properties":{"z":10.2}},{"type":"Feature","geometry":{"type":"Point","coordinates":[135.7360114,34.9210585]},"properties":{"z":10.2}},{"type":"Feature","geometry":{"type":"Point","coordinates":[135.735975,34.9210248]},"properties":{"z":10.2}},{"type":"Feature","geometry":{"type":"Point","coordinates":[135.7359404,34.92099]},"properties":{"z":10.2}},{"type":"Feature","geometry":{"type":"Point","coordinates":[135.7359059,34.920955]},"properties":{"z":10.2}},{"type":"Feature","geometry":{"type":"Point","coordinates":[135.7358712,34.9209202]},"properties":{"z":10.2}},{"type":"Feature","geometry":{"type":"Point","coordinates":[135.7358363,34.9208856]},"properties":{"z":10.2}},{"type":"Feature","geometry":{"type":"Point","coordinates":[135.7358014,34.9208509]},"properties":{"z":10.3}},{"type":"Feature","geometry":{"type":"Point","coordinates":[135.7357678,34.9208153]},"properties":{"z":10.3}},{"type":"Feature","geometry":{"type":"Point","coordinates":[135.7357343,34.9207798]},"properties":{"z":10.3}},{"type":"Feature","geometry":{"type":"Point","coordinates":[135.7356949,34.9207486]},"properties":{"z":10.3}},{"type":"Feature","geometry":{"type":"Point","coordinates":[135.7356547,34.920718]},"properties":{"z":10.3}},{"type":"Feature","geometry":{"type":"Point","coordinates":[135.7356138,34.9206881]},"properties":{"z":10.4}},{"type":"Feature","geometry":{"type":"Point","coordinates":[135.7355726,34.9206585]},"properties":{"z":10.4}},{"type":"Feature","geometry":{"type":"Point","coordinates":[135.735534,34.920627]},"properties":{"z":10.4}},{"type":"Feature","geometry":{"type":"Point","coordinates":[135.7355038,34.9205894]},"properties":{"z":10.4}},{"type":"Feature","geometry":{"type":"Point","coordinates":[135.7354723,34.9205529]},"properties":{"z":10.4}},{"type":"Feature","geometry":{"type":"Point","coordinates":[135.73543,34.9205243]},"properties":{"z":10.4}},{"type":"Feature","geometry":{"type":"Point","coordinates":[135.7353877,34.9204957]},"properties":{"z":10.4}},{"type":"Feature","geometry":{"type":"Point","coordinates":[135.7353568,34.9204593]},"properties":{"z":10.4}},{"type":"Feature","geometry":{"type":"Point","coordinates":[135.7353302,34.92042]},"properties":{"z":10.4}},{"type":"Feature","geometry":{"type":"Point","coordinates":[135.735303,34.920381]},"properties":{"z":10.5}},{"type":"Feature","geometry":{"type":"Point","coordinates":[135.7352708,34.9203446]},"properties":{"z":10.5}},{"type":"Feature","geometry":{"type":"Point","coordinates":[135.7352386,34.9203082]},"properties":{"z":10.5}},{"type":"Feature","geometry":{"type":"Point","coordinates":[135.7352064,34.9202719]},"properties":{"z":10.5}},{"type":"Feature","geometry":{"type":"Point","coordinates":[135.7351665,34.9202411]},"properties":{"z":10.5}},{"type":"Feature","geometry":{"type":"Point","coordinates":[135.7351265,34.9202103]},"properties":{"z":10.6}},{"type":"Feature","geometry":{"type":"Point","coordinates":[135.7350896,34.9201771]},"properties":{"z":10.6}},{"type":"Feature","geometry":{"type":"Point","coordinates":[135.7350545,34.9201426]},"properties":{"z":10.6}},{"type":"Feature","geometry":{"type":"Point","coordinates":[135.7350203,34.9201075]},"properties":{"z":10.6}},{"type":"Feature","geometry":{"type":"Point","coordinates":[135.7349886,34.9200709]},"properties":{"z":10.6}},{"type":"Feature","geometry":{"type":"Point","coordinates":[135.7349569,34.9200342]},"properties":{"z":10.6}},{"type":"Feature","geometry":{"type":"Point","coordinates":[135.7349259,34.9199971]},"properties":{"z":10.6}},{"type":"Feature","geometry":{"type":"Point","coordinates":[135.7348953,34.9199598]},"properties":{"z":10.6}},{"type":"Feature","geometry":{"type":"Point","coordinates":[135.7348592,34.9199264]},"properties":{"z":10.7}},{"type":"Feature","geometry":{"type":"Point","coordinates":[135.734819,34.9198959]},"properties":{"z":10.7}},{"type":"Feature","geometry":{"type":"Point","coordinates":[135.7347812,34.9198636]},"properties":{"z":10.7}},{"type":"Feature","geometry":{"type":"Point","coordinates":[135.7347488,34.9198272]},"properties":{"z":10.7}},{"type":"Feature","geometry":{"type":"Point","coordinates":[135.7347165,34.9197909]},"properties":{"z":10.7}},{"type":"Feature","geometry":{"type":"Point","coordinates":[135.7346815,34.9197565]},"properties":{"z":10.8}},{"type":"Feature","geometry":{"type":"Point","coordinates":[135.7346433,34.9197242]},"properties":{"z":10.8}},{"type":"Feature","geometry":{"type":"Point","coordinates":[135.7346051,34.919692]},"properties":{"z":10.8}},{"type":"Feature","geometry":{"type":"Point","coordinates":[135.7345682,34.9196588]},"properties":{"z":10.8}},{"type":"Feature","geometry":{"type":"Point","coordinates":[135.7345322,34.9196249]},"properties":{"z":10.8}},{"type":"Feature","geometry":{"type":"Point","coordinates":[135.7344962,34.919591]},"properties":{"z":10.8}},{"type":"Feature","geometry":{"type":"Point","coordinates":[135.73446,34.9195572]},"properties":{"z":10.9}},{"type":"Feature","geometry":{"type":"Point","coordinates":[135.7344237,34.9195235]},"properties":{"z":10.9}},{"type":"Feature","geometry":{"type":"Point","coordinates":[135.7343869,34.9194902]},"properties":{"z":11.0}},{"type":"Feature","geometry":{"type":"Point","coordinates":[135.7343497,34.9194572]},"properties":{"z":11.0}},{"type":"Feature","geometry":{"type":"Point","coordinates":[135.7343124,34.9194243]},"properties":{"z":11.1}},{"type":"Feature","geometry":{"type":"Point","coordinates":[135.7342787,34.9193888]},"properties":{"z":11.1}},{"type":"Feature","geometry":{"type":"Point","coordinates":[135.7342452,34.9193532]},"properties":{"z":11.2}},{"type":"Feature","geometry":{"type":"Point","coordinates":[135.7342083,34.91932]},"properties":{"z":11.2}},{"type":"Feature","geometry":{"type":"Point","coordinates":[135.7341708,34.9192872]},"properties":{"z":11.3}},{"type":"Feature","geometry":{"type":"Point","coordinates":[135.7341338,34.9192541]},"properties":{"z":11.3}},{"type":"Feature","geometry":{"type":"Point","coordinates":[135.7340973,34.9192205]},"properties":{"z":11.5}},{"type":"Feature","geometry":{"type":"Point","coordinates":[135.7340609,34.9191869]},"properties":{"z":11.5}},{"type":"Feature","geometry":{"type":"Point","coordinates":[135.7340271,34.9191515]},"properties":{"z":11.6}},{"type":"Feature","geometry":{"type":"Point","coordinates":[135.7339933,34.9191161]},"properties":{"z":11.6}},{"type":"Feature","geometry":{"type":"Point","coordinates":[135.7339578,34.919082]},"properties":{"z":11.7}},{"type":"Feature","geometry":{"type":"Point","coordinates":[135.7339171,34.9190519]},"properties":{"z":11.8}},{"type":"Feature","geometry":{"type":"Point","coordinates":[135.7338766,34.9190216]},"properties":{"z":11.8}},{"type":"Feature","geometry":{"type":"Point","coordinates":[135.7338423,34.9189866]},"properties":{"z":11.9}},{"type":"Feature","geometry":{"type":"Point","coordinates":[135.733808,34.9189515]},"properties":{"z":11.9}},{"type":"Feature","geometry":{"type":"Point","coordinates":[135.7337887,34.9189098]},"properties":{"z":12.0}},{"type":"Feature","geometry":{"type":"Point","coordinates":[135.7337718,34.918867]},"properties":{"z":12.1}},{"type":"Feature","geometry":{"type":"Point","coordinates":[135.7337795,34.9188265]},"properties":{"z":12.1}},{"type":"Feature","geometry":{"type":"Point","coordinates":[135.7338071,34.9187876]},"properties":{"z":12.2}},{"type":"Feature","geometry":{"type":"Point","coordinates":[135.7338347,34.9187488]},"properties":{"z":12.2}},{"type":"Feature","geometry":{"type":"Point","coordinates":[135.7338632,34.9187104]},"properties":{"z":12.3}},{"type":"Feature","geometry":{"type":"Point","coordinates":[135.7338923,34.9186723]},"properties":{"z":12.3}},{"type":"Feature","geometry":{"type":"Point","coordinates":[135.7339215,34.9186342]},"properties":{"z":12.5}},{"type":"Feature","geometry":{"type":"Point","coordinates":[135.7339518,34.9185968]},"properties":{"z":12.4}},{"type":"Feature","geometry":{"type":"Point","coordinates":[135.7339821,34.9185594]},"properties":{"z":12.5}},{"type":"Feature","geometry":{"type":"Point","coordinates":[135.7340165,34.9185244]},"properties":{"z":12.5}},{"type":"Feature","geometry":{"type":"Point","coordinates":[135.7340526,34.9184906]},"properties":{"z":12.6}},{"type":"Feature","geometry":{"type":"Point","coordinates":[135.7340968,34.9184668]},"properties":{"z":12.6}},{"type":"Feature","geometry":{"type":"Point","coordinates":[135.7341488,34.9184526]},"properties":{"z":12.6}},{"type":"Feature","geometry":{"type":"Point","coordinates":[135.7341876,34.9184342]},"properties":{"z":12.7}},{"type":"Feature","geometry":{"type":"Point","coordinates":[135.7341609,34.918395]},"properties":{"z":12.7}},{"type":"Feature","geometry":{"type":"Point","coordinates":[135.7341342,34.9183557]},"properties":{"z":12.8}},{"type":"Feature","geometry":{"type":"Point","coordinates":[135.7340966,34.9183237]},"properties":{"z":12.8}},{"type":"Feature","geometry":{"type":"Point","coordinates":[135.7340552,34.9182942]},"properties":{"z":12.9}},{"type":"Feature","geometry":{"type":"Point","coordinates":[135.734026,34.9182588]},"properties":{"z":12.9}},{"type":"Feature","geometry":{"type":"Point","coordinates":[135.7340137,34.9182149]},"properties":{"z":13.1}},{"type":"Feature","geometry":{"type":"Point","coordinates":[135.7340019,34.9181711]},"properties":{"z":13.1}},{"type":"Feature","geometry":{"type":"Point","coordinates":[135.7340041,34.9181262]},"properties":{"z":13.2}},{"type":"Feature","geometry":{"type":"Point","coordinates":[135.7340063,34.9180813]},"properties":{"z":13.3}},{"type":"Feature","geometry":{"type":"Point","coordinates":[135.7340067,34.9180363]},"properties":{"z":13.3}},{"type":"Feature","geometry":{"type":"Point","coordinates":[135.7340065,34.9179914]},"properties":{"z":13.4}},{"type":"Feature","geometry":{"type":"Point","coordinates":[135.7340081,34.9179465]},"properties":{"z":13.5}},{"type":"Feature","geometry":{"type":"Point","coordinates":[135.7340107,34.9179016]},"properties":{"z":13.5}},{"type":"Feature","geometry":{"type":"Point","coordinates":[135.7340052,34.9178576]},"properties":{"z":13.6}},{"type":"Feature","geometry":{"type":"Point","coordinates":[135.7339873,34.9178151]},"properties":{"z":13.7}},{"type":"Feature","geometry":{"type":"Point","coordinates":[135.7339646,34.9177786]},"properties":{"z":13.7}},{"type":"Feature","geometry":{"type":"Point","coordinates":[135.7339099,34.9177819]},"properties":{"z":13.8}},{"type":"Feature","geometry":{"type":"Point","coordinates":[135.7338553,34.9177851]},"properties":{"z":13.8}},{"type":"Feature","geometry":{"type":"Point","coordinates":[135.733906,34.9177728]},"properties":{"z":13.8}},{"type":"Feature","geometry":{"type":"Point","coordinates":[135.7339586,34.9177602]},"properties":{"z":13.7}},{"type":"Feature","geometry":{"type":"Point","coordinates":[135.7339806,34.9177943]},"properties":{"z":13.7}},{"type":"Feature","geometry":{"type":"Point","coordinates":[135.7339967,34.9178372]},"properties":{"z":13.6}},{"type":"Feature","geometry":{"type":"Point","coordinates":[135.7340048,34.9178816]},"properties":{"z":13.6}},{"type":"Feature","geometry":{"type":"Point","coordinates":[135.734011,34.9179262]},"properties":{"z":13.5}},{"type":"Feature","geometry":{"type":"Point","coordinates":[135.7340125,34.9179711]},"properties":{"z":13.4}},{"type":"Feature","geometry":{"type":"Point","coordinates":[135.7340126,34.9180161]},"properties":{"z":13.4}},{"type":"Feature","geometry":{"type":"Point","coordinates":[135.7340157,34.9180609]},"properties":{"z":13.3}},{"type":"Feature","geometry":{"type":"Point","coordinates":[135.7340216,34.9181056]},"properties":{"z":13.2}},{"type":"Feature","geometry":{"type":"Point","coordinates":[135.7340276,34.9181502]},"properties":{"z":13.2}},{"type":"Feature","geometry":{"type":"Point","coordinates":[135.7340337,34.9181949]},"properties":{"z":13.0}},{"type":"Feature","geometry":{"type":"Point","coordinates":[135.7340367,34.9182396]},"properties":{"z":13.0}},{"type":"Feature","geometry":{"type":"Point","coordinates":[135.7340288,34.918284]},"properties":{"z":12.9}},{"type":"Feature","geometry":{"type":"Point","coordinates":[135.7340331,34.9183216]},"properties":{"z":12.8}},{"type":"Feature","geometry":{"type":"Point","coordinates":[135.7340867,34.918331]},"properties":{"z":12.8}},{"type":"Feature","geometry":{"type":"Point","coordinates":[135.7341404,34.9183404]},"properties":{"z":12.8}},{"type":"Feature","geometry":{"type":"Point","coordinates":[135.7341949,34.9183444]},"properties":{"z":12.8}},{"type":"Feature","geometry":{"type":"Point","coordinates":[135.7342496,34.9183482]},"properties":{"z":12.8}},{"type":"Feature","geometry":{"type":"Point","coordinates":[135.7343037,34.9183547]},"properties":{"z":12.8}},{"type":"Feature","geometry":{"type":"Point","coordinates":[135.7343577,34.9183628]},"properties":{"z":12.8}},{"type":"Feature","geometry":{"type":"Point","coordinates":[135.734412,34.9183688]},"properties":{"z":12.8}},{"type":"Feature","geometry":{"type":"Point","coordinates":[135.7344665,34.9183732]},"properties":{"z":12.7}},{"type":"Feature","geometry":{"type":"Point","coordinates":[135.7345204,34.9183707]},"properties":{"z":12.7}},{"type":"Feature","geometry":{"type":"Point","coordinates":[135.7345735,34.9183594]},"properties":{"z":12.7}},{"type":"Feature","geometry":{"type":"Point","coordinates":[135.7346271,34.9183506]},"properties":{"z":12.7}},{"type":"Feature","geometry":{"type":"Point","coordinates":[135.7346815,34.9183448]},"properties":{"z":12.7}},{"type":"Feature","geometry":{"type":"Point","coordinates":[135.734736,34.9183417]},"properties":{"z":12.7}},{"type":"Feature","geometry":{"type":"Point","coordinates":[135.7347907,34.9183438]},"properties":{"z":12.7}},{"type":"Feature","geometry":{"type":"Point","coordinates":[135.7348453,34.9183437]},"properties":{"z":12.6}},{"type":"Feature","geometry":{"type":"Point","coordinates":[135.734899,34.9183347]},"properties":{"z":12.6}},{"type":"Feature","geometry":{"type":"Point","coordinates":[135.7349527,34.9183256]},"properties":{"z":12.6}},{"type":"Feature","geometry":{"type":"Point","coordinates":[135.7350073,34.9183222]},"properties":{"z":12.6}},{"type":"Feature","geometry":{"type":"Point","coordinates":[135.735062,34.9183194]},"properties":{"z":12.6}},{"type":"Feature","geometry":{"type":"Point","coordinates":[135.7351166,34.9183153]},"properties":{"z":12.6}},{"type":"Feature","geometry":{"type":"Point","coordinates":[135.7351712,34.918311]},"properties":{"z":12.7}},{"type":"Feature","geometry":{"type":"Point","coordinates":[135.7352258,34.9183069]},"properties":{"z":12.6}},{"type":"Feature","geometry":{"type":"Point","coordinates":[135.7352804,34.9183031]},"properties":{"z":12.6}},{"type":"Feature","geometry":{"type":"Point","coordinates":[135.7353349,34.9182984]},"properties":{"z":12.5}},{"type":"Feature","geometry":{"type":"Point","coordinates":[135.7353893,34.9182929]},"properties":{"z":12.5}},{"type":"Feature","geometry":{"type":"Point","coordinates":[135.7354437,34.9182896]},"properties":{"z":12.5}},{"type":"Feature","geometry":{"type":"Point","coordinates":[135.735498,34.9182958]},"properties":{"z":12.4}},{"type":"Feature","geometry":{"type":"Point","coordinates":[135.7355522,34.9182993]},"properties":{"z":12.4}},{"type":"Feature","geometry":{"type":"Point","coordinates":[135.7356059,34.9182903]},"properties":{"z":12.3}},{"type":"Feature","geometry":{"type":"Point","coordinates":[135.7356597,34.9182816]},"properties":{"z":12.4}},{"type":"Feature","geometry":{"type":"Point","coordinates":[135.7357144,34.9182797]},"properties":{"z":12.4}},{"type":"Feature","geometry":{"type":"Point","coordinates":[135.7357692,34.9182777]},"properties":{"z":12.5}},{"type":"Feature","geometry":{"type":"Point","coordinates":[135.7358237,34.9182725]},"properties":{"z":12.5}},{"type":"Feature","geometry":{"type":"Point","coordinates":[135.7358781,34.9182672]},"properties":{"z":12.5}},{"type":"Feature","geometry":{"type":"Point","coordinates":[135.7359294,34.9182519]},"properties":{"z":12.6}},{"type":"Feature","geometry":{"type":"Point","coordinates":[135.7359804,34.9182354]},"properties":{"z":12.8}},{"type":"Feature","geometry":{"type":"Point","coordinates":[135.7360011,34.9181956]},"properties":{"z":12.8}},{"type":"Feature","geometry":{"type":"Point","coordinates":[135.7360176,34.9181528]},"properties":{"z":13.0}},{"type":"Feature","geometry":{"type":"Point","coordinates":[135.7360276,34.9181087]},"properties":{"z":13.0}},{"type":"Feature","geometry":{"type":"Point","coordinates":[135.7360347,34.9180642]},"properties":{"z":13.2}},{"type":"Feature","geometry":{"type":"Point","coordinates":[135.736038,34.9180194]},"properties":{"z":13.4}},{"type":"Feature","geometry":{"type":"Point","coordinates":[135.736037,34.9179745]},"properties":{"z":13.4}},{"type":"Feature","geometry":{"type":"Point","coordinates":[135.7360327,34.91793]},"properties":{"z":13.5}},{"type":"Feature","geometry":{"type":"Point","coordinates":[135.7360147,34.9178876]},"properties":{"z":13.7}},{"type":"Feature","geometry":{"type":"Point","coordinates":[135.7359967,34.9178451]},"properties":{"z":13.7}},{"type":"Feature","geometry":{"type":"Point","coordinates":[135.7359855,34.9178011]},"properties":{"z":13.8}},{"type":"Feature","geometry":{"type":"Point","coordinates":[135.7359743,34.9177571]},"properties":{"z":13.8}},{"type":"Feature","geometry":{"type":"Point","coordinates":[135.735967,34.9177126]},"properties":{"z":13.9}},{"type":"Feature","geometry":{"type":"Point","coordinates":[135.7359611,34.9176679]},"properties":{"z":14.1}},{"type":"Feature","geometry":{"type":"Point","coordinates":[135.7359312,34.9176748]},"properties":{"z":14.1}},{"type":"Feature","geometry":{"type":"Point","coordinates":[135.7358906,34.917705]},"properties":{"z":13.9}},{"type":"Feature","geometry":{"type":"Point","coordinates":[135.7358543,34.9176921]},"properties":{"z":13.9}},{"type":"Feature","geometry":{"type":"Point","coordinates":[135.7358204,34.9176568]},"properties":{"z":14.0}},{"type":"Feature","geometry":{"type":"Point","coordinates":[135.7358173,34.9176413]},"properties":{"z":14.0}},{"type":"Feature","geometry":{"type":"Point","coordinates":[135.7358674,34.9176596]},"properties":{"z":14.1}},{"type":"Feature","geometry":{"type":"Point","coordinates":[135.7358862,34.9176805]},"properties":{"z":13.9}},{"type":"Feature","geometry":{"type":"Point","coordinates":[135.7358416,34.9177066]},"properties":{"z":13.9}},{"type":"Feature","geometry":{"type":"Point","coordinates":[135.7357969,34.9177327]},"properties":{"z":13.8}},{"type":"Feature","geometry":{"type":"Point","coordinates":[135.7357991,34.9177232]},"properties":{"z":13.8}},{"type":"Feature","geometry":{"type":"Point","coordinates":[135.7358341,34.9176886]},"properties":{"z":13.9}},{"type":"Feature","geometry":{"type":"Point","coordinates":[135.7358691,34.917654]},"properties":{"z":14.1}},{"type":"Feature","geometry":{"type":"Point","coordinates":[135.7359041,34.9176194]},"properties":{"z":14.1}},{"type":"Feature","geometry":{"type":"Point","coordinates":[135.7358807,34.9176548]},"properties":{"z":14.1}},{"type":"Feature","geometry":{"type":"Point","coordinates":[135.7358541,34.9176941]},"properties":{"z":13.9}},{"type":"Feature","geometry":{"type":"Point","coordinates":[135.7358345,34.9176589]},"properties":{"z":14.1}},{"type":"Feature","geometry":{"type":"Point","coordinates":[135.7358155,34.9176167]},"properties":{"z":14.0}},{"type":"Feature","geometry":{"type":"Point","coordinates":[135.7358582,34.9176241]},"properties":{"z":14.1}},{"type":"Feature","geometry":{"type":"Point","coordinates":[135.73591,34.9176389]},"properties":{"z":14.1}},{"type":"Feature","geometry":{"type":"Point","coordinates":[135.7359495,34.9176677]},"properties":{"z":14.1}},{"type":"Feature","geometry":{"type":"Point","coordinates":[135.7359832,34.9177031]},"properties":{"z":13.9}},{"type":"Feature","geometry":{"type":"Point","coordinates":[135.7360027,34.9177358]},"properties":{"z":14.1}},{"type":"Feature","geometry":{"type":"Point","coordinates":[135.735953,34.9177547]},"properties":{"z":13.8}},{"type":"Feature","geometry":{"type":"Point","coordinates":[135.7359033,34.9177737]},"properties":{"z":13.7}},{"type":"Feature","geometry":{"type":"Point","coordinates":[135.7358536,34.9177927]},"properties":{"z":13.7}},{"type":"Feature","geometry":{"type":"Point","coordinates":[135.7358039,34.9178116]},"properties":{"z":13.6}},{"type":"Feature","geometry":{"type":"Point","coordinates":[135.7357542,34.9178306]},"properties":{"z":13.5}},{"type":"Feature","geometry":{"type":"Point","coordinates":[135.7357045,34.9178496]},"properties":{"z":13.4}},{"type":"Feature","geometry":{"type":"Point","coordinates":[135.7356548,34.9178685]},"properties":{"z":13.3}},{"type":"Feature","geometry":{"type":"Point","coordinates":[135.7356051,34.9178875]},"properties":{"z":13.3}},{"type":"Feature","geometry":{"type":"Point","coordinates":[135.7355554,34.9179065]},"properties":{"z":13.1}},{"type":"Feature","geometry":{"type":"Point","coordinates":[135.7355057,34.9179255]},"properties":{"z":13.1}},{"type":"Feature","geometry":{"type":"Point","coordinates":[135.735456,34.9179444]},"properties":{"z":13.0}},{"type":"Feature","geometry":{"type":"Point","coordinates":[135.7354063,34.9179634]},"properties":{"z":12.9}},{"type":"Feature","geometry":{"type":"Point","coordinates":[135.7353566,34.9179824]},"properties":{"z":12.8}},{"type":"Feature","geometry":{"type":"Point","coordinates":[135.7353069,34.9180013]},"properties":{"z":12.9}},{"type":"Feature","geometry":{"type":"Point","coordinates":[135.7352572,34.9180203]},"properties":{"z":12.9}},{"type":"Feature","geometry":{"type":"Point","coordinates":[135.7352075,34.9180393]},"properties":{"z":12.9}},{"type":"Feature","geometry":{"type":"Point","coordinates":[135.7351578,34.9180582]},"properties":{"z":12.9}},{"type":"Feature","geometry":{"type":"Point","coordinates":[135.7351081,34.9180772]},"properties":{"z":13.0}},{"type":"Feature","geometry":{"type":"Point","coordinates":[135.7350584,34.9180962]},"properties":{"z":13.0}},{"type":"Feature","geometry":{"type":"Point","coordinates":[135.7350087,34.9181152]},"properties":{"z":13.0}},{"type":"Feature","geometry":{"type":"Point","coordinates":[135.734959,34.9181341]},"properties":{"z":13.0}},{"type":"Feature","geometry":{"type":"Point","coordinates":[135.7349093,34.9181531]},"properties":{"z":13.0}},{"type":"Feature","geometry":{"type":"Point","coordinates":[135.7348596,34.9181721]},"properties":{"z":12.8}},{"type":"Feature","geometry":{"type":"Point","coordinates":[135.7348099,34.918191]},"properties":{"z":12.8}},{"type":"Feature","geometry":{"type":"Point","coordinates":[135.7347602,34.91821]},"properties":{"z":12.9}},{"type":"Feature","geometry":{"type":"Point","coordinates":[135.7347105,34.918229]},"properties":{"z":12.9}},{"type":"Feature","geometry":{"type":"Point","coordinates":[135.7346608,34.9182479]},"properties":{"z":12.8}},{"type":"Feature","geometry":{"type":"Point","coordinates":[135.7346111,34.9182669]},"properties":{"z":12.8}},{"type":"Feature","geometry":{"type":"Point","coordinates":[135.7345614,34.9182859]},"properties":{"z":12.8}},{"type":"Feature","geometry":{"type":"Point","coordinates":[135.7345117,34.9183049]},"properties":{"z":12.8}},{"type":"Feature","geometry":{"type":"Point","coordinates":[135.734462,34.9183238]},"properties":{"z":12.7}},{"type":"Feature","geometry":{"type":"Point","coordinates":[135.7344123,34.9183428]},"properties":{"z":12.8}},{"type":"Feature","geometry":{"type":"Point","coordinates":[135.7343626,34.9183618]},"properties":{"z":12.8}},{"type":"Feature","geometry":{"type":"Point","coordinates":[135.7343129,34.9183807]},"properties":{"z":12.8}},{"type":"Feature","geometry":{"type":"Point","coordinates":[135.7342632,34.9183997]},"properties":{"z":12.7}},{"type":"Feature","geometry":{"type":"Point","coordinates":[135.7342135,34.9184187]},"properties":{"z":12.7}},{"type":"Feature","geometry":{"type":"Point","coordinates":[135.7341638,34.9184376]},"properties":{"z":12.7}},{"type":"Feature","geometry":{"type":"Point","coordinates":[135.7341141,34.9184566]},"properties":{"z":12.6}},{"type":"Feature","geometry":{"type":"Point","coordinates":[135.7340644,34.9184756]},"properties":{"z":12.6}},{"type":"Feature","geometry":{"type":"Point","coordinates":[135.7340147,34.9184945]},"properties":{"z":12.6}},{"type":"Feature","geometry":{"type":"Point","coordinates":[135.733965,34.9185135]},"properties":{"z":12.6}},{"type":"Feature","geometry":{"type":"Point","coordinates":[135.7339153,34.9185325]},"properties":{"z":12.6}},{"type":"Feature","geometry":{"type":"Point","coordinates":[135.7338656,34.9185515]},"properties":{"z":12.6}},{"type":"Feature","geometry":{"type":"Point","coordinates":[135.7338199,34.9185745]},"properties":{"z":12.6}},{"type":"Feature","geometry":{"type":"Point","coordinates":[135.7337873,34.9186106]},"properties":{"z":12.5}},{"type":"Feature","geometry":{"type":"Point","coordinates":[135.7337536,34.9186456]},"properties":{"z":12.5}},{"type":"Feature","geometry":{"type":"Point","coordinates":[135.7337023,34.9186615]},"properties":{"z":12.5}},{"type":"Feature","geometry":{"type":"Point","coordinates":[135.7336512,34.9186761]},"properties":{"z":12.4}},{"type":"Feature","geometry":{"type":"Point","coordinates":[135.7336079,34.9186486]},"properties":{"z":12.5}},{"type":"Feature","geometry":{"type":"Point","coordinates":[135.7335645,34.918621]},"properties":{"z":12.5}},{"type":"Feature","geometry":{"type":"Point","coordinates":[135.7335281,34.9185874]},"properties":{"z":12.6}},{"type":"Feature","geometry":{"type":"Point","coordinates":[135.7334918,34.9185537]},"properties":{"z":12.7}},{"type":"Feature","geometry":{"type":"Point","coordinates":[135.7334526,34.9185224]},"properties":{"z":12.8}},{"type":"Feature","geometry":{"type":"Point","coordinates":[135.7334133,34.9184911]},"properties":{"z":12.8}},{"type":"Feature","geometry":{"type":"Point","coordinates":[135.7333748,34.9184591]},"properties":{"z":12.8}},{"type":"Feature","geometry":{"type":"Point","coordinates":[135.7333364,34.9184269]},"properties":{"z":12.9}},{"type":"Feature","geometry":{"type":"Point","coordinates":[135.7333008,34.9183928]},"properties":{"z":12.9}},{"type":"Feature","geometry":{"type":"Point","coordinates":[135.7332676,34.9183571]},"properties":{"z":13.0}},{"type":"Feature","geometry":{"type":"Point","coordinates":[135.7332354,34.9183208]},"properties":{"z":13.1}},{"type":"Feature","geometry":{"type":"Point","coordinates":[135.7332045,34.9182836]},"properties":{"z":13.2}},{"type":"Feature","geometry":{"type":"Point","coordinates":[135.7331736,34.9182465]},"properties":{"z":13.2}},{"type":"Feature","geometry":{"type":"Point","coordinates":[135.733138,34.9182123]},"properties":{"z":13.3}},{"type":"Feature","geometry":{"type":"Point","coordinates":[135.7331022,34.9181783]},"properties":{"z":13.3}},{"type":"Feature","geometry":{"type":"Point","coordinates":[135.7330642,34.918146]},"properties":{"z":13.4}},{"type":"Feature","geometry":{"type":"Point","coordinates":[135.7330238,34.9181156]},"properties":{"z":13.4}},{"type":"Feature","geometry":{"type":"Point","coordinates":[135.7329834,34.9180852]},"properties":{"z":13.6}},{"type":"Feature","geometry":{"type":"Point","coordinates":[135.7329466,34.9180519]},"properties":{"z":13.6}},{"type":"Feature","geometry":{"type":"Point","coordinates":[135.7329108,34.9180179]},"properties":{"z":13.7}},{"type":"Feature","geometry":{"type":"Point","coordinates":[135.7328753,34.9179836]},"properties":{"z":13.7}},{"type":"Feature","geometry":{"type":"Point","coordinates":[135.7328403,34.9179491]},"properties":{"z":13.8}},{"type":"Feature","geometry":{"type":"Point","coordinates":[135.7328053,34.9179145]},"properties":{"z":13.8}},{"type":"Feature","geometry":{"type":"Point","coordinates":[135.7327707,34.9178796]},"properties":{"z":13.9}},{"type":"Feature","geometry":{"type":"Point","coordinates":[135.7327361,34.9178447]},"properties":{"z":14.0}},{"type":"Feature","geometry":{"type":"Point","coordinates":[135.7326975,34.9178129]},"properties":{"z":14.0}},{"type":"Feature","geometry":{"type":"Point","coordinates":[135.7326576,34.9177821]},"properties":{"z":14.0}},{"type":"Feature","geometry":{"type":"Point","coordinates":[135.7326189,34.9177503]},"properties":{"z":14.0}},{"type":"Feature","geometry":{"type":"Point","coordinates":[135.7325827,34.9177165]},"properties":{"z":14.1}},{"type":"Feature","geometry":{"type":"Point","coordinates":[135.7325465,34.9176828]},"properties":{"z":14.1}},{"type":"Feature","geometry":{"type":"Point","coordinates":[135.7325098,34.9176494]},"properties":{"z":14.1}},{"type":"Feature","geometry":{"type":"Point","coordinates":[135.7324732,34.9176159]},"properties":{"z":14.1}},{"type":"Feature","geometry":{"type":"Point","coordinates":[135.7324367,34.9175824]},"properties":{"z":14.1}},{"type":"Feature","geometry":{"type":"Point","coordinates":[135.7324003,34.9175488]},"properties":{"z":14.1}},{"type":"Feature","geometry":{"type":"Point","coordinates":[135.7323647,34.9175146]},"properties":{"z":14.1}},{"type":"Feature","geometry":{"type":"Point","coordinates":[135.7323314,34.9174789]},"properties":{"z":14.1}},{"type":"Feature","geometry":{"type":"Point","coordinates":[135.7322982,34.9174432]},"properties":{"z":14.0}},{"type":"Feature","geometry":{"type":"Point","coordinates":[135.7322609,34.9174103]},"properties":{"z":14.0}},{"type":"Feature","geometry":{"type":"Point","coordinates":[135.7322224,34.9173783]},"properties":{"z":14.0}},{"type":"Feature","geometry":{"type":"Point","coordinates":[135.7321815,34.9173489]},"properties":{"z":14.0}},{"type":"Feature","geometry":{"type":"Point","coordinates":[135.7321335,34.9173271]},"properties":{"z":14.0}},{"type":"Feature","geometry":{"type":"Point","coordinates":[135.7320853,34.917306]},"properties":{"z":14.0}},{"type":"Feature","geometry":{"type":"Point","coordinates":[135.7320307,34.9173022]},"properties":{"z":14.0}},{"type":"Feature","geometry":{"type":"Point","coordinates":[135.7319761,34.9172983]},"properties":{"z":14.0}},{"type":"Feature","geometry":{"type":"Point","coordinates":[135.7319354,34.9172702]},"properties":{"z":13.9}},{"type":"Feature","geometry":{"type":"Point","coordinates":[135.7318971,34.9172381]},"properties":{"z":13.9}},{"type":"Feature","geometry":{"type":"Point","coordinates":[135.7318598,34.9172051]},"properties":{"z":13.9}},{"type":"Feature","geometry":{"type":"Point","coordinates":[135.7318242,34.917171]},"properties":{"z":13.9}},{"type":"Feature","geometry":{"type":"Point","coordinates":[135.7317888,34.9171367]},"properties":{"z":13.8}},{"type":"Feature","geometry":{"type":"Point","coordinates":[135.7317548,34.9171014]},"properties":{"z":13.9}},{"type":"Feature","geometry":{"type":"Point","coordinates":[135.7317208,34.9170661]},"properties":{"z":13.9}},{"type":"Feature","geometry":{"type":"Point","coordinates":[135.7316866,34.917031]},"properties":{"z":13.9}},{"type":"Feature","geometry":{"type":"Point","coordinates":[135.7316523,34.9169959]},"properties":{"z":13.9}},{"type":"Feature","geometry":{"type":"Point","coordinates":[135.7316177,34.916961]},"properties":{"z":13.9}},{"type":"Feature","geometry":{"type":"Point","coordinates":[135.7315827,34.9169265]},"properties":{"z":13.9}},{"type":"Feature","geometry":{"type":"Point","coordinates":[135.7315476,34.9168919]},"properties":{"z":13.9}},{"type":"Feature","geometry":{"type":"Point","coordinates":[135.7315124,34.9168575]},"properties":{"z":13.8}},{"type":"Feature","geometry":{"type":"Point","coordinates":[135.7314771,34.9168231]},"properties":{"z":13.8}},{"type":"Feature","geometry":{"type":"Point","coordinates":[135.7314404,34.9167898]},"properties":{"z":13.8}},{"type":"Feature","geometry":{"type":"Point","coordinates":[135.7314027,34.9167571]},"properties":{"z":13.8}},{"type":"Feature","geometry":{"type":"Point","coordinates":[135.7313655,34.9167241]},"properties":{"z":13.8}},{"type":"Feature","geometry":{"type":"Point","coordinates":[135.7313298,34.91669]},"properties":{"z":13.8}},{"type":"Feature","geometry":{"type":"Point","coordinates":[135.7312942,34.9166558]},"properties":{"z":13.8}},{"type":"Feature","geometry":{"type":"Point","coordinates":[135.7312592,34.9166212]},"properties":{"z":13.8}},{"type":"Feature","geometry":{"type":"Point","coordinates":[135.7312243,34.9165865]},"properties":{"z":13.8}},{"type":"Feature","geometry":{"type":"Point","coordinates":[135.7311894,34.9165519]},"properties":{"z":13.8}},{"type":"Feature","geometry":{"type":"Point","coordinates":[135.7311546,34.9165172]},"properties":{"z":13.8}},{"type":"Feature","geometry":{"type":"Point","coordinates":[135.7311193,34.9164828]},"properties":{"z":13.8}},{"type":"Feature","geometry":{"type":"Point","coordinates":[135.7310827,34.9164493]},"properties":{"z":13.8}},{"type":"Feature","geometry":{"type":"Point","coordinates":[135.7310462,34.9164158]},"properties":{"z":13.8}},{"type":"Feature","geometry":{"type":"Point","coordinates":[135.7310119,34.9163807]},"properties":{"z":13.7}},{"type":"Feature","geometry":{"type":"Point","coordinates":[135.7309776,34.9163456]},"properties":{"z":13.7}},{"type":"Feature","geometry":{"type":"Point","coordinates":[135.7309421,34.9163114]},"properties":{"z":13.7}},{"type":"Feature","geometry":{"type":"Point","coordinates":[135.7309057,34.9162777]},"properties":{"z":13.7}},{"type":"Feature","geometry":{"type":"Point","coordinates":[135.7308684,34.9162448]},"properties":{"z":13.7}},{"type":"Feature","geometry":{"type":"Point","coordinates":[135.7308286,34.9162139]},"properties":{"z":13.7}},{"type":"Feature","geometry":{"type":"Point","coordinates":[135.7307871,34.9161888]},"properties":{"z":13.7}},{"type":"Feature","geometry":{"type":"Point","coordinates":[135.7307342,34.9162009]},"properties":{"z":13.6}},{"type":"Feature","geometry":{"type":"Point","coordinates":[135.7306814,34.9162129]},"properties":{"z":13.6}},{"type":"Feature","geometry":{"type":"Point","coordinates":[135.7306356,34.9162368]},"properties":{"z":13.6}},{"type":"Feature","geometry":{"type":"Point","coordinates":[135.7305913,34.9162633]},"properties":{"z":13.6}},{"type":"Feature","geometry":{"type":"Point","coordinates":[135.7305472,34.91629]},"properties":{"z":13.5}},{"type":"Feature","geometry":{"type":"Point","coordinates":[135.7305033,34.9163169]},"properties":{"z":13.5}},{"type":"Feature","geometry":{"type":"Point","coordinates":[135.7304595,34.9163439]},"properties":{"z":13.5}},{"type":"Feature","geometry":{"type":"Point","coordinates":[135.7304169,34.9163722]},"properties":{"z":13.4}},{"type":"Feature","geometry":{"type":"Point","coordinates":[135.7303743,34.9164006]},"properties":{"z":13.4}},{"type":"Feature","geometry":{"type":"Point","coordinates":[135.7303353,34.9164321]},"properties":{"z":13.4}},{"type":"Feature","geometry":{"type":"Point","coordinates":[135.7302965,34.9164639]},"properties":{"z":13.4}},{"type":"Feature","geometry":{"type":"Point","coordinates":[135.730257,34.916495]},"properties":{"z":13.3}},{"type":"Feature","geometry":{"type":"Point","coordinates":[135.7302167,34.9165255]},"properties":{"z":13.3}},{"type":"Feature","geometry":{"type":"Point","coordinates":[135.7301763,34.9165559]},"properties":{"z":13.3}},{"type":"Feature","geometry":{"type":"Point","coordinates":[135.7301355,34.9165859]},"properties":{"z":13.2}},{"type":"Feature","geometry":{"type":"Point","coordinates":[135.7300946,34.9166158]},"properties":{"z":13.2}},{"type":"Feature","geometry":{"type":"Point","coordinates":[135.7300511,34.9166432]},"properties":{"z":13.2}},{"type":"Feature","geometry":{"type":"Point","coordinates":[135.7300074,34.9166703]},"properties":{"z":13.2}},{"type":"Feature","geometry":{"type":"Point","coordinates":[135.7299643,34.9166981]},"properties":{"z":13.1}},{"type":"Feature","geometry":{"type":"Point","coordinates":[135.7299218,34.9167264]},"properties":{"z":13.1}},{"type":"Feature","geometry":{"type":"Point","coordinates":[135.7298792,34.9167547]},"properties":{"z":13.1}},{"type":"Feature","geometry":{"type":"Point","coordinates":[135.7298355,34.9167819]},"properties":{"z":13.1}},{"type":"Feature","geometry":{"type":"Point","coordinates":[135.7297919,34.9168092]},"properties":{"z":13.0}},{"type":"Feature","geometry":{"type":"Point","coordinates":[135.7297503,34.9168384]},"properties":{"z":13.0}},{"type":"Feature","geometry":{"type":"Point","coordinates":[135.7297087,34.9168677]},"properties":{"z":13.0}},{"type":"Feature","geometry":{"type":"Point","coordinates":[135.7296732,34.9169019]},"properties":{"z":13.0}},{"type":"Feature","geometry":{"type":"Point","coordinates":[135.7296384,34.9169366]},"properties":{"z":12.9}},{"type":"Feature","geometry":{"type":"Point","coordinates":[135.7296017,34.91697]},"properties":{"z":12.9}},{"type":"Feature","geometry":{"type":"Point","coordinates":[135.7295637,34.9170024]},"properties":{"z":12.8}},{"type":"Feature","geometry":{"type":"Point","coordinates":[135.7295243,34.9170334]},"properties":{"z":12.8}},{"type":"Feature","geometry":{"type":"Point","coordinates":[135.7294791,34.9170588]},"properties":{"z":12.8}},{"type":"Feature","geometry":{"type":"Point","coordinates":[135.7294349,34.9170852]},"properties":{"z":12.7}},{"type":"Feature","geometry":{"type":"Point","coordinates":[135.7293963,34.9171171]},"properties":{"z":12.7}},{"type":"Feature","geometry":{"type":"Point","coordinates":[135.7293577,34.917149]},"properties":{"z":12.7}},{"type":"Feature","geometry":{"type":"Point","coordinates":[135.729315,34.917177]},"properties":{"z":12.7}},{"type":"Feature","geometry":{"type":"Point","coordinates":[135.7292702,34.9172029]},"properties":{"z":12.6}},{"type":"Feature","geometry":{"type":"Point","coordinates":[135.7292404,34.9172386]},"properties":{"z":12.6}},{"type":"Feature","geometry":{"type":"Point","coordinates":[135.7292196,34.9172802]},"properties":{"z":12.6}},{"type":"Feature","geometry":{"type":"Point","coordinates":[135.7291928,34.9173181]},"properties":{"z":12.6}},{"type":"Feature","geometry":{"type":"Point","coordinates":[135.72915,34.9173462]},"properties":{"z":12.5}},{"type":"Feature","geometry":{"type":"Point","coordinates":[135.7291051,34.9173659]},"properties":{"z":12.5}},{"type":"Feature","geometry":{"type":"Point","coordinates":[135.7290522,34.9173542]},"properties":{"z":12.5}},{"type":"Feature","geometry":{"type":"Point","coordinates":[135.7289993,34.9173425]},"properties":{"z":12.5}},{"type":"Feature","geometry":{"type":"Point","coordinates":[135.7289656,34.9173082]},"properties":{"z":12.5}},{"type":"Feature","geometry":{"type":"Point","coordinates":[135.728934,34.9172714]},"properties":{"z":12.4}},{"type":"Feature","geometry":{"type":"Point","coordinates":[135.7288985,34.9172373]},"properties":{"z":12.4}},{"type":"Feature","geometry":{"type":"Point","coordinates":[135.7288618,34.9172039]},"properties":{"z":12.4}},{"type":"Feature","geometry":{"type":"Point","coordinates":[135.7288257,34.91717]},"properties":{"z":12.4}},{"type":"Feature","geometry":{"type":"Point","coordinates":[135.72879,34.917136]},"properties":{"z":12.4}},{"type":"Feature","geometry":{"type":"Point","coordinates":[135.7287543,34.9171018]},"properties":{"z":12.4}},{"type":"Feature","geometry":{"type":"Point","coordinates":[135.728719,34.9170674]},"properties":{"z":12.4}},{"type":"Feature","geometry":{"type":"Point","coordinates":[135.7286837,34.917033]},"properties":{"z":12.4}},{"type":"Feature","geometry":{"type":"Point","coordinates":[135.7286469,34.9169998]},"properties":{"z":12.4}},{"type":"Feature","geometry":{"type":"Point","coordinates":[135.7286095,34.9169669]},"properties":{"z":12.4}},{"type":"Feature","geometry":{"type":"Point","coordinates":[135.7285739,34.9169328]},"properties":{"z":12.4}},{"type":"Feature","geometry":{"type":"Point","coordinates":[135.7285391,34.916898]},"properties":{"z":12.4}},{"type":"Feature","geometry":{"type":"Point","coordinates":[135.7285052,34.9168627]},"properties":{"z":12.4}},{"type":"Feature","geometry":{"type":"Point","coordinates":[135.7284726,34.9168266]},"properties":{"z":12.4}},{"type":"Feature","geometry":{"type":"Point","coordinates":[135.72844,34.9167904]},"properties":{"z":12.3}},{"type":"Feature","geometry":{"type":"Point","coordinates":[135.7284044,34.9167562]},"properties":{"z":12.3}},{"type":"Feature","geometry":{"type":"Point","coordinates":[135.7283687,34.9167221]},"properties":{"z":12.3}},{"type":"Feature","geometry":{"type":"Point","coordinates":[135.7283316,34.916689]},"properties":{"z":12.3}},{"type":"Feature","geometry":{"type":"Point","coordinates":[135.7282944,34.916656]},"properties":{"z":12.3}},{"type":"Feature","geometry":{"type":"Point","coordinates":[135.72826,34.916621]},"properties":{"z":12.3}},{"type":"Feature","geometry":{"type":"Point","coordinates":[135.7282263,34.9165856]},"properties":{"z":12.3}},{"type":"Feature","geometry":{"type":"Point","coordinates":[135.7281909,34.9165513]},"properties":{"z":12.4}},{"type":"Feature","geometry":{"type":"Point","coordinates":[135.7281545,34.9165177]},"properties":{"z":12.3}},{"type":"Feature","geometry":{"type":"Point","coordinates":[135.7281181,34.9164841]},"properties":{"z":12.3}},{"type":"Feature","geometry":{"type":"Point","coordinates":[135.7280818,34.9164504]},"properties":{"z":12.3}},{"type":"Feature","geometry":{"type":"Point","coordinates":[135.7280456,34.9164167]},"properties":{"z":12.3}},{"type":"Feature","geometry":{"type":"Point","coordinates":[135.7280084,34.9163836]},"properties":{"z":12.2}},{"type":"Feature","geometry":{"type":"Point","coordinates":[135.727971,34.9163508]},"properties":{"z":12.2}},{"type":"Feature","geometry":{"type":"Point","coordinates":[135.7279528,34.9163102]},"properties":{"z":12.3}},{"type":"Feature","geometry":{"type":"Point","coordinates":[135.7279442,34.9162658]},"properties":{"z":12.3}},{"type":"Feature","geometry":{"type":"Point","coordinates":[135.7279358,34.9162214]},"properties":{"z":12.3}},{"type":"Feature","geometry":{"type":"Point","coordinates":[135.7279278,34.9161769]},"properties":{"z":12.3}},{"type":"Feature","geometry":{"type":"Point","coordinates":[135.7279085,34.9161401]},"properties":{"z":12.3}},{"type":"Feature","geometry":{"type":"Point","coordinates":[135.7278566,34.9161255]},"properties":{"z":12.3}},{"type":"Feature","geometry":{"type":"Point","coordinates":[135.7278047,34.9161112]},"properties":{"z":12.3}},{"type":"Feature","geometry":{"type":"Point","coordinates":[135.7277508,34.9161028]},"properties":{"z":12.2}},{"type":"Feature","geometry":{"type":"Point","coordinates":[135.727697,34.9160945]},"properties":{"z":12.2}},{"type":"Feature","geometry":{"type":"Point","coordinates":[135.727661,34.9160614]},"properties":{"z":12.2}},{"type":"Feature","geometry":{"type":"Point","coordinates":[135.7276263,34.9160266]},"properties":{"z":12.2}},{"type":"Feature","geometry":{"type":"Point","coordinates":[135.7275897,34.9159932]},"properties":{"z":12.2}},{"type":"Feature","geometry":{"type":"Point","coordinates":[135.7275516,34.9159608]},"properties":{"z":12.2}},{"type":"Feature","geometry":{"type":"Point","coordinates":[135.7275136,34.9159285]},"properties":{"z":12.2}},{"type":"Feature","geometry":{"type":"Point","coordinates":[135.7274781,34.9158942]},"properties":{"z":12.2}},{"type":"Feature","geometry":{"type":"Point","coordinates":[135.7274427,34.9158599]},"properties":{"z":12.2}},{"type":"Feature","geometry":{"type":"Point","coordinates":[135.7274032,34.9158288]},"properties":{"z":12.1}},{"type":"Feature","geometry":{"type":"Point","coordinates":[135.727362,34.9157992]},"properties":{"z":12.1}},{"type":"Feature","geometry":{"type":"Point","coordinates":[135.7273234,34.9157674]},"properties":{"z":12.1}},{"type":"Feature","geometry":{"type":"Point","coordinates":[135.7272873,34.9157336]},"properties":{"z":12.1}},{"type":"Feature","geometry":{"type":"Point","coordinates":[135.7272539,34.9156983]},"properties":{"z":12.1}},{"type":"Feature","geometry":{"type":"Point","coordinates":[135.7272288,34.9156583]},"properties":{"z":12.1}},{"type":"Feature","geometry":{"type":"Point","coordinates":[135.7272018,34.9156193]},"properties":{"z":12.1}},{"type":"Feature","geometry":{"type":"Point","coordinates":[135.7271682,34.9155838]},"properties":{"z":12.1}},{"type":"Feature","geometry":{"type":"Point","coordinates":[135.727134,34.9155487]},"properties":{"z":12.1}},{"type":"Feature","geometry":{"type":"Point","coordinates":[135.7270971,34.9155155]},"properties":{"z":12.1}},{"type":"Feature","geometry":{"type":"Point","coordinates":[135.7270603,34.9154822]},"properties":{"z":12.1}},{"type":"Feature","geometry":{"type":"Point","coordinates":[135.7270237,34.9154487]},"properties":{"z":12.1}},{"type":"Feature","geometry":{"type":"Point","coordinates":[135.7269871,34.9154153]},"properties":{"z":12.1}},{"type":"Feature","geometry":{"type":"Point","coordinates":[135.7269499,34.9153822]},"properties":{"z":12.1}},{"type":"Feature","geometry":{"type":"Point","coordinates":[135.7269127,34.9153492]},"properties":{"z":12.1}},{"type":"Feature","geometry":{"type":"Point","coordinates":[135.7268766,34.9153153]},"properties":{"z":12.0}},{"type":"Feature","geometry":{"type":"Point","coordinates":[135.7268409,34.9152813]},"properties":{"z":12.1}},{"type":"Feature","geometry":{"type":"Point","coordinates":[135.7268051,34.9152472]},"properties":{"z":12.0}},{"type":"Feature","geometry":{"type":"Point","coordinates":[135.7267693,34.9152132]},"properties":{"z":12.1}},{"type":"Feature","geometry":{"type":"Point","coordinates":[135.7267361,34.9151776]},"properties":{"z":12.1}},{"type":"Feature","geometry":{"type":"Point","coordinates":[135.7267095,34.9151383]},"properties":{"z":12.1}},{"type":"Feature","geometry":{"type":"Point","coordinates":[135.7266801,34.9151012]},"properties":{"z":12.1}},{"type":"Feature","geometry":{"type":"Point","coordinates":[135.7266347,34.915076]},"properties":{"z":12.0}},{"type":"Feature","geometry":{"type":"Point","coordinates":[135.7265893,34.9150508]},"properties":{"z":12.1}},{"type":"Feature","geometry":{"type":"Point","coordinates":[135.7265528,34.9150173]},"properties":{"z":12.0}},{"type":"Feature","geometry":{"type":"Point","coordinates":[135.7265168,34.9149834]},"properties":{"z":12.2}},{"type":"Feature","geometry":{"type":"Point","coordinates":[135.7264835,34.9149478]},"properties":{"z":12.2}},{"type":"Feature","geometry":{"type":"Point","coordinates":[135.7264529,34.9149105]},"properties":{"z":12.2}},{"type":"Feature","geometry":{"type":"Point","coordinates":[135.7264223,34.9148732]},"properties":{"z":12.2}},{"type":"Feature","geometry":{"type":"Point","coordinates":[135.7263917,34.9148359]},"properties":{"z":12.2}},{"type":"Feature","geometry":{"type":"Point","coordinates":[135.7263505,34.9148067]},"properties":{"z":12.2}},{"type":"Feature","geometry":{"type":"Point","coordinates":[135.7263075,34.9147788]},"properties":{"z":12.3}},{"type":"Feature","geometry":{"type":"Point","coordinates":[135.7262646,34.9147508]},"properties":{"z":12.2}},{"type":"Feature","geometry":{"type":"Point","coordinates":[135.7262284,34.914717]},"properties":{"z":12.3}},{"type":"Feature","geometry":{"type":"Point","coordinates":[135.7261923,34.9146832]},"properties":{"z":12.2}},{"type":"Feature","geometry":{"type":"Point","coordinates":[135.7261562,34.9146494]},"properties":{"z":12.3}},{"type":"Feature","geometry":{"type":"Point","coordinates":[135.7261207,34.9146151]},"properties":{"z":12.3}},{"type":"Feature","geometry":{"type":"Point","coordinates":[135.7260853,34.9145808]},"properties":{"z":12.4}},{"type":"Feature","geometry":{"type":"Point","coordinates":[135.7260526,34.9145447]},"properties":{"z":12.4}},{"type":"Feature","geometry":{"type":"Point","coordinates":[135.726021,34.914508]},"properties":{"z":12.4}},{"type":"Feature","geometry":{"type":"Point","coordinates":[135.7259866,34.9144733]},"properties":{"z":12.4}},{"type":"Feature","geometry":{"type":"Point","coordinates":[135.7259472,34.914442]},"properties":{"z":12.3}},{"type":"Feature","geometry":{"type":"Point","coordinates":[135.725908,34.9144106]},"properties":{"z":12.4}},{"type":"Feature","geometry":{"type":"Point","coordinates":[135.7258738,34.9143755]},"properties":{"z":12.4}},{"type":"Feature","geometry":{"type":"Point","coordinates":[135.7258395,34.9143404]},"properties":{"z":12.4}},{"type":"Feature","geometry":{"type":"Point","coordinates":[135.7258052,34.9143054]},"properties":{"z":12.4}},{"type":"Feature","geometry":{"type":"Point","coordinates":[135.7257709,34.9142703]},"properties":{"z":12.4}},{"type":"Feature","geometry":{"type":"Point","coordinates":[135.7257366,34.9142352]},"properties":{"z":12.4}},{"type":"Feature","geometry":{"type":"Point","coordinates":[135.7257037,34.9141993]},"properties":{"z":12.5}},{"type":"Feature","geometry":{"type":"Point","coordinates":[135.7256712,34.9141631]},"properties":{"z":12.4}},{"type":"Feature","geometry":{"type":"Point","coordinates":[135.7256365,34.9141283]},"properties":{"z":12.5}},{"type":"Feature","geometry":{"type":"Point","coordinates":[135.7256009,34.9140941]},"properties":{"z":12.4}},{"type":"Feature","geometry":{"type":"Point","coordinates":[135.7255655,34.9140598]},"properties":{"z":12.5}},{"type":"Feature","geometry":{"type":"Point","coordinates":[135.7255321,34.9140241]},"properties":{"z":12.5}},{"type":"Feature","geometry":{"type":"Point","coordinates":[135.7254987,34.9139885]},"properties":{"z":12.5}},{"type":"Feature","geometry":{"type":"Point","coordinates":[135.725462,34.9139552]},"properties":{"z":12.5}},{"type":"Feature","geometry":{"type":"Point","coordinates":[135.7254238,34.913923]},"properties":{"z":12.4}},{"type":"Feature","geometry":{"type":"Point","coordinates":[135.7253874,34.9138894]},"properties":{"z":12.4}},{"type":"Feature","geometry":{"type":"Point","coordinates":[135.7253538,34.9138539]},"properties":{"z":12.4}},{"type":"Feature","geometry":{"type":"Point","coordinates":[135.7253201,34.9138185]},"properties":{"z":12.4}},{"type":"Feature","geometry":{"type":"Point","coordinates":[135.7252909,34.9137805]},"properties":{"z":12.5}},{"type":"Feature","geometry":{"type":"Point","coordinates":[135.7252629,34.9137418]},"properties":{"z":12.4}},{"type":"Feature","geometry":{"type":"Point","coordinates":[135.7252309,34.9137055]},"properties":{"z":12.5}},{"type":"Feature","geometry":{"type":"Point","coordinates":[135.7251954,34.9136713]},"properties":{"z":12.5}},{"type":"Feature","geometry":{"type":"Point","coordinates":[135.7251579,34.9136387]},"properties":{"z":12.5}},{"type":"Feature","geometry":{"type":"Point","coordinates":[135.7251145,34.9136113]},"properties":{"z":12.5}},{"type":"Feature","geometry":{"type":"Point","coordinates":[135.7250717,34.9135832]},"properties":{"z":12.4}},{"type":"Feature","geometry":{"type":"Point","coordinates":[135.725033,34.9135514]},"properties":{"z":12.4}},{"type":"Feature","geometry":{"type":"Point","coordinates":[135.7249943,34.9135196]},"properties":{"z":12.4}},{"type":"Feature","geometry":{"type":"Point","coordinates":[135.7249576,34.9134862]},"properties":{"z":12.4}},{"type":"Feature","geometry":{"type":"Point","coordinates":[135.7249218,34.9134522]},"properties":{"z":12.4}},{"type":"Feature","geometry":{"type":"Point","coordinates":[135.7248866,34.9134177]},"properties":{"z":12.4}},{"type":"Feature","geometry":{"type":"Point","coordinates":[135.7248527,34.9133824]},"properties":{"z":12.5}},{"type":"Feature","geometry":{"type":"Point","coordinates":[135.7248187,34.9133472]},"properties":{"z":12.4}},{"type":"Feature","geometry":{"type":"Point","coordinates":[135.7247841,34.9133123]},"properties":{"z":12.5}},{"type":"Feature","geometry":{"type":"Point","coordinates":[135.7247496,34.9132774]},"properties":{"z":12.4}},{"type":"Feature","geometry":{"type":"Point","coordinates":[135.7247177,34.9132408]},"properties":{"z":12.5}},{"type":"Feature","geometry":{"type":"Point","coordinates":[135.7246858,34.9132042]},"properties":{"z":12.5}},{"type":"Feature","geometry":{"type":"Point","coordinates":[135.7246513,34.9131694]},"properties":{"z":12.4}},{"type":"Feature","geometry":{"type":"Point","coordinates":[135.7246153,34.9131355]},"properties":{"z":12.4}},{"type":"Feature","geometry":{"type":"Point","coordinates":[135.7245793,34.9131016]},"properties":{"z":12.4}},{"type":"Feature","geometry":{"type":"Point","coordinates":[135.7245429,34.913068]},"properties":{"z":12.4}},{"type":"Feature","geometry":{"type":"Point","coordinates":[135.7245065,34.9130344]},"properties":{"z":12.4}},{"type":"Feature","geometry":{"type":"Point","coordinates":[135.7244689,34.9130017]},"properties":{"z":12.4}},{"type":"Feature","geometry":{"type":"Point","coordinates":[135.7244306,34.9129695]},"properties":{"z":12.4}},{"type":"Feature","geometry":{"type":"Point","coordinates":[135.7243925,34.9129372]},"properties":{"z":12.4}},{"type":"Feature","geometry":{"type":"Point","coordinates":[135.7243547,34.9129046]},"properties":{"z":12.4}},{"type":"Feature","geometry":{"type":"Point","coordinates":[135.724317,34.912872]},"properties":{"z":12.5}},{"type":"Feature","geometry":{"type":"Point","coordinates":[135.7242812,34.9128381]},"properties":{"z":12.5}},{"type":"Feature","geometry":{"type":"Point","coordinates":[135.7242501,34.9128011]},"properties":{"z":12.6}},{"type":"Feature","geometry":{"type":"Point","coordinates":[135.7242181,34.9127647]},"properties":{"z":12.5}},{"type":"Feature","geometry":{"type":"Point","coordinates":[135.7241819,34.9127309]},"properties":{"z":12.5}},{"type":"Feature","geometry":{"type":"Point","coordinates":[135.7241457,34.9126971]},"properties":{"z":12.5}},{"type":"Feature","geometry":{"type":"Point","coordinates":[135.7241049,34.9126671]},"properties":{"z":12.6}},{"type":"Feature","geometry":{"type":"Point","coordinates":[135.7240638,34.9126374]},"properties":{"z":12.5}},{"type":"Feature","geometry":{"type":"Point","coordinates":[135.7240263,34.9126048]},"properties":{"z":12.6}},{"type":"Feature","geometry":{"type":"Point","coordinates":[135.7239921,34.9125697]},"properties":{"z":12.6}},{"type":"Feature","geometry":{"type":"Point","coordinates":[135.7239584,34.9125342]},"properties":{"z":12.5}},{"type":"Feature","geometry":{"type":"Point","coordinates":[135.7239253,34.9124984]},"properties":{"z":12.5}},{"type":"Feature","geometry":{"type":"Point","coordinates":[135.7238921,34.9124626]},"properties":{"z":12.4}},{"type":"Feature","geometry":{"type":"Point","coordinates":[135.7238576,34.9124277]},"properties":{"z":12.4}},{"type":"Feature","geometry":{"type":"Point","coordinates":[135.7238222,34.9123934]},"properties":{"z":12.5}},{"type":"Feature","geometry":{"type":"Point","coordinates":[135.7237869,34.912359]},"properties":{"z":12.4}},{"type":"Feature","geometry":{"type":"Point","coordinates":[135.7237512,34.9123249]},"properties":{"z":12.4}},{"type":"Feature","geometry":{"type":"Point","coordinates":[135.7237155,34.9122907]},"properties":{"z":12.3}},{"type":"Feature","geometry":{"type":"Point","coordinates":[135.7236726,34.9122631]},"properties":{"z":12.3}},{"type":"Feature","geometry":{"type":"Point","coordinates":[135.723628,34.912237]},"properties":{"z":12.2}},{"type":"Feature","geometry":{"type":"Point","coordinates":[135.7235891,34.9122057]},"properties":{"z":12.2}},{"type":"Feature","geometry":{"type":"Point","coordinates":[135.7235525,34.9121722]},"properties":{"z":12.1}},{"type":"Feature","geometry":{"type":"Point","coordinates":[135.723516,34.9121387]},"properties":{"z":12.1}},{"type":"Feature","geometry":{"type":"Point","coordinates":[135.7234761,34.9121079]},"properties":{"z":12.1}},{"type":"Feature","geometry":{"type":"Point","coordinates":[135.7234359,34.9120773]},"properties":{"z":12.0}},{"type":"Feature","geometry":{"type":"Point","coordinates":[135.7234032,34.9120415]},"properties":{"z":12.0}},{"type":"Feature","geometry":{"type":"Point","coordinates":[135.723373,34.912004]},"properties":{"z":12.0}},{"type":"Feature","geometry":{"type":"Point","coordinates":[135.7233437,34.9119661]},"properties":{"z":12.0}},{"type":"Feature","geometry":{"type":"Point","coordinates":[135.7233163,34.9119271]},"properties":{"z":12.0}},{"type":"Feature","geometry":{"type":"Point","coordinates":[135.7232871,34.9118892]},"properties":{"z":11.9}},{"type":"Feature","geometry":{"type":"Point","coordinates":[135.7232508,34.9118555]},"properties":{"z":11.9}},{"type":"Feature","geometry":{"type":"Point","coordinates":[135.7232145,34.9118219]},"properties":{"z":11.9}},{"type":"Feature","geometry":{"type":"Point","coordinates":[135.7231794,34.9117874]},"properties":{"z":11.8}},{"type":"Feature","geometry":{"type":"Point","coordinates":[135.7231444,34.9117528]},"properties":{"z":11.8}},{"type":"Feature","geometry":{"type":"Point","coordinates":[135.7231093,34.9117182]},"properties":{"z":11.7}},{"type":"Feature","geometry":{"type":"Point","coordinates":[135.7230741,34.9116838]},"properties":{"z":11.7}},{"type":"Feature","geometry":{"type":"Point","coordinates":[135.7230387,34.9116494]},"properties":{"z":11.7}},{"type":"Feature","geometry":{"type":"Point","coordinates":[135.7230024,34.9116158]},"properties":{"z":11.7}},{"type":"Feature","geometry":{"type":"Point","coordinates":[135.7229661,34.9115821]},"properties":{"z":11.7}},{"type":"Feature","geometry":{"type":"Point","coordinates":[135.7229263,34.9115513]},"properties":{"z":11.6}},{"type":"Feature","geometry":{"type":"Point","coordinates":[135.7228847,34.911522]},"properties":{"z":11.6}},{"type":"Feature","geometry":{"type":"Point","coordinates":[135.7228431,34.9114928]},"properties":{"z":11.5}},{"type":"Feature","geometry":{"type":"Point","coordinates":[135.7228084,34.9114581]},"properties":{"z":11.5}},{"type":"Feature","geometry":{"type":"Point","coordinates":[135.7227748,34.9114226]},"properties":{"z":11.4}},{"type":"Feature","geometry":{"type":"Point","coordinates":[135.7227444,34.9113853]},"properties":{"z":11.4}},{"type":"Feature","geometry":{"type":"Point","coordinates":[135.7227169,34.9113464]},"properties":{"z":11.4}},{"type":"Feature","geometry":{"type":"Point","coordinates":[135.7226895,34.9113075]},"properties":{"z":11.3}},{"type":"Feature","geometry":{"type":"Point","coordinates":[135.7226569,34.9112714]},"properties":{"z":11.4}},{"type":"Feature","geometry":{"type":"Point","coordinates":[135.7226229,34.9112362]},"properties":{"z":11.4}},{"type":"Feature","geometry":{"type":"Point","coordinates":[135.7225847,34.9112041]},"properties":{"z":11.3}},{"type":"Feature","geometry":{"type":"Point","coordinates":[135.7225441,34.911174]},"properties":{"z":11.3}},{"type":"Feature","geometry":{"type":"Point","coordinates":[135.722504,34.9111433]},"properties":{"z":11.2}},{"type":"Feature","geometry":{"type":"Point","coordinates":[135.7224675,34.9111098]},"properties":{"z":11.2}},{"type":"Feature","geometry":{"type":"Point","coordinates":[135.7224313,34.911076]},"properties":{"z":11.1}},{"type":"Feature","geometry":{"type":"Point","coordinates":[135.7223976,34.9110406]},"properties":{"z":11.1}},{"type":"Feature","geometry":{"type":"Point","coordinates":[135.7223638,34.9110052]},"properties":{"z":11.1}},{"type":"Feature","geometry":{"type":"Point","coordinates":[135.7223272,34.9109718]},"properties":{"z":11.0}},{"type":"Feature","geometry":{"type":"Point","coordinates":[135.7222883,34.9109402]},"properties":{"z":11.0}},{"type":"Feature","geometry":{"type":"Point","coordinates":[135.7222509,34.9109075]},"properties":{"z":11.1}},{"type":"Feature","geometry":{"type":"Point","coordinates":[135.7222185,34.9108712]},"properties":{"z":11.1}},{"type":"Feature","geometry":{"type":"Point","coordinates":[135.7221862,34.9108349]},"properties":{"z":11.1}},{"type":"Feature","geometry":{"type":"Point","coordinates":[135.722154,34.9107985]},"properties":{"z":11.1}},{"type":"Feature","geometry":{"type":"Point","coordinates":[135.7221218,34.9107621]},"properties":{"z":11.1}},{"type":"Feature","geometry":{"type":"Point","coordinates":[135.7220811,34.9107321]},"properties":{"z":11.1}},{"type":"Feature","geometry":{"type":"Point","coordinates":[135.7220399,34.9107025]},"properties":{"z":11.1}},{"type":"Feature","geometry":{"type":"Point","coordinates":[135.7220003,34.9106715]},"properties":{"z":11.1}},{"type":"Feature","geometry":{"type":"Point","coordinates":[135.7219615,34.9106397]},"properties":{"z":11.1}},{"type":"Feature","geometry":{"type":"Point","coordinates":[135.7219226,34.910608]},"properties":{"z":11.1}},{"type":"Feature","geometry":{"type":"Point","coordinates":[135.7218839,34.9105762]},"properties":{"z":11.1}},{"type":"Feature","geometry":{"type":"Point","coordinates":[135.7218452,34.9105443]},"properties":{"z":11.2}},{"type":"Feature","geometry":{"type":"Point","coordinates":[135.7218146,34.9105072]},"properties":{"z":11.1}},{"type":"Feature","geometry":{"type":"Point","coordinates":[135.7217855,34.9104691]},"properties":{"z":11.2}},{"type":"Feature","geometry":{"type":"Point","coordinates":[135.7217496,34.9104358]},"properties":{"z":11.1}},{"type":"Feature","geometry":{"type":"Point","coordinates":[135.7217083,34.9104062]},"properties":{"z":11.2}},{"type":"Feature","geometry":{"type":"Point","coordinates":[135.721668,34.9103758]},"properties":{"z":11.2}},{"type":"Feature","geometry":{"type":"Point","coordinates":[135.7216307,34.9103429]},"properties":{"z":11.2}},{"type":"Feature","geometry":{"type":"Point","coordinates":[135.7215934,34.9103099]},"properties":{"z":11.2}},{"type":"Feature","geometry":{"type":"Point","coordinates":[135.7215619,34.9102731]},"properties":{"z":11.2}},{"type":"Feature","geometry":{"type":"Point","coordinates":[135.7215306,34.9102362]},"properties":{"z":11.2}},{"type":"Feature","geometry":{"type":"Point","coordinates":[135.7215029,34.9101979]},"properties":{"z":11.3}},{"type":"Feature","geometry":{"type":"Point","coordinates":[135.7214883,34.9101546]},"properties":{"z":11.3}},{"type":"Feature","geometry":{"type":"Point","coordinates":[135.7214706,34.9101129]},"properties":{"z":11.3}},{"type":"Feature","geometry":{"type":"Point","coordinates":[135.7214291,34.9100835]},"properties":{"z":11.3}},{"type":"Feature","geometry":{"type":"Point","coordinates":[135.7213876,34.9100542]},"properties":{"z":11.3}},{"type":"Feature","geometry":{"type":"Point","coordinates":[135.7213512,34.9100207]},"properties":{"z":11.3}},{"type":"Feature","geometry":{"type":"Point","coordinates":[135.7213164,34.909986]},"properties":{"z":11.3}},{"type":"Feature","geometry":{"type":"Point","coordinates":[135.7212825,34.9099507]},"properties":{"z":11.3}},{"type":"Feature","geometry":{"type":"Point","coordinates":[135.7212497,34.9099146]},"properties":{"z":11.3}},{"type":"Feature","geometry":{"type":"Point","coordinates":[135.7212158,34.9098794]},"properties":{"z":11.3}},{"type":"Feature","geometry":{"type":"Point","coordinates":[135.7211773,34.9098474]},"properties":{"z":11.3}},{"type":"Feature","geometry":{"type":"Point","coordinates":[135.7211388,34.9098154]},"properties":{"z":11.3}},{"type":"Feature","geometry":{"type":"Point","coordinates":[135.7211018,34.9097823]},"properties":{"z":11.4}},{"type":"Feature","geometry":{"type":"Point","coordinates":[135.7210657,34.9097484]},"properties":{"z":11.4}},{"type":"Feature","geometry":{"type":"Point","coordinates":[135.7210286,34.9097154]},"properties":{"z":11.4}},{"type":"Feature","geometry":{"type":"Point","coordinates":[135.7209904,34.9096831]},"properties":{"z":11.4}},{"type":"Feature","geometry":{"type":"Point","coordinates":[135.7209529,34.9096504]},"properties":{"z":11.4}},{"type":"Feature","geometry":{"type":"Point","coordinates":[135.720916,34.9096171]},"properties":{"z":11.4}},{"type":"Feature","geometry":{"type":"Point","coordinates":[135.7208792,34.9095838]},"properties":{"z":11.4}},{"type":"Feature","geometry":{"type":"Point","coordinates":[135.7208428,34.9095502]},"properties":{"z":11.4}},{"type":"Feature","geometry":{"type":"Point","coordinates":[135.7208063,34.9095166]},"properties":{"z":11.4}},{"type":"Feature","geometry":{"type":"Point","coordinates":[135.7207732,34.9094808]},"properties":{"z":11.4}},{"type":"Feature","geometry":{"type":"Point","coordinates":[135.7207404,34.9094448]},"properties":{"z":11.4}},{"type":"Feature","geometry":{"type":"Point","coordinates":[135.7207067,34.9094094]},"properties":{"z":11.5}},{"type":"Feature","geometry":{"type":"Point","coordinates":[135.7206726,34.9093742]},"properties":{"z":11.5}},{"type":"Feature","geometry":{"type":"Point","coordinates":[135.7206368,34.9093402]},"properties":{"z":11.5}},{"type":"Feature","geometry":{"type":"Point","coordinates":[135.7205987,34.9093078]},"properties":{"z":11.5}},{"type":"Feature","geometry":{"type":"Point","coordinates":[135.7205609,34.9092753]},"properties":{"z":11.5}},{"type":"Feature","geometry":{"type":"Point","coordinates":[135.7205289,34.9092388]},"properties":{"z":11.5}},{"type":"Feature","geometry":{"type":"Point","coordinates":[135.720497,34.9092023]},"properties":{"z":11.5}},{"type":"Feature","geometry":{"type":"Point","coordinates":[135.7204631,34.9091671]},"properties":{"z":11.5}},{"type":"Feature","geometry":{"type":"Point","coordinates":[135.7204257,34.9091342]},"properties":{"z":11.5}},{"type":"Feature","geometry":{"type":"Point","coordinates":[135.7203884,34.9091013]},"properties":{"z":11.5}},{"type":"Feature","geometry":{"type":"Point","coordinates":[135.7203495,34.9090696]},"properties":{"z":11.5}},{"type":"Feature","geometry":{"type":"Point","coordinates":[135.72031,34.9090384]},"properties":{"z":11.5}},{"type":"Feature","geometry":{"type":"Point","coordinates":[135.7202725,34.9090058]},"properties":{"z":11.5}},{"type":"Feature","geometry":{"type":"Point","coordinates":[135.7202391,34.9089702]},"properties":{"z":11.5}},{"type":"Feature","geometry":{"type":"Point","coordinates":[135.7202056,34.9089346]},"properties":{"z":11.5}},{"type":"Feature","geometry":{"type":"Point","coordinates":[135.720172,34.9088991]},"properties":{"z":11.5}},{"type":"Feature","geometry":{"type":"Point","coordinates":[135.7201374,34.9088642]},"properties":{"z":11.5}},{"type":"Feature","geometry":{"type":"Point","coordinates":[135.7200999,34.9088314]},"properties":{"z":11.5}},{"type":"Feature","geometry":{"type":"Point","coordinates":[135.7200625,34.9087986]},"properties":{"z":11.5}},{"type":"Feature","geometry":{"type":"Point","coordinates":[135.7200292,34.9087629]},"properties":{"z":11.4}},{"type":"Feature","geometry":{"type":"Point","coordinates":[135.7199963,34.908727]},"properties":{"z":11.4}},{"type":"Feature","geometry":{"type":"Point","coordinates":[135.7199631,34.9086912]},"properties":{"z":11.4}},{"type":"Feature","geometry":{"type":"Point","coordinates":[135.7199226,34.908661]},"properties":{"z":11.4}},{"type":"Feature","geometry":{"type":"Point","coordinates":[135.719882,34.9086307]},"properties":{"z":11.4}},{"type":"Feature","geometry":{"type":"Point","coordinates":[135.7198503,34.9085944]},"properties":{"z":11.3}},{"type":"Feature","geometry":{"type":"Point","coordinates":[135.7198217,34.9085561]},"properties":{"z":11.3}},{"type":"Feature","geometry":{"type":"Point","coordinates":[135.7197878,34.908521]},"properties":{"z":11.3}},{"type":"Feature","geometry":{"type":"Point","coordinates":[135.7197514,34.9084874]},"properties":{"z":11.3}},{"type":"Feature","geometry":{"type":"Point","coordinates":[135.719715,34.9084538]},"properties":{"z":11.3}},{"type":"Feature","geometry":{"type":"Point","coordinates":[135.7196699,34.9084287]},"properties":{"z":11.2}},{"type":"Feature","geometry":{"type":"Point","coordinates":[135.7196232,34.9084051]},"properties":{"z":11.2}},{"type":"Feature","geometry":{"type":"Point","coordinates":[135.7195811,34.9083772]},"properties":{"z":11.2}},{"type":"Feature","geometry":{"type":"Point","coordinates":[135.7195468,34.9083422]},"properties":{"z":11.2}},{"type":"Feature","geometry":{"type":"Point","coordinates":[135.7195133,34.9083067]},"properties":{"z":11.2}},{"type":"Feature","geometry":{"type":"Point","coordinates":[135.7194834,34.908269]},"properties":{"z":11.2}},{"type":"Feature","geometry":{"type":"Point","coordinates":[135.7194535,34.9082313]},"properties":{"z":11.2}},{"type":"Feature","geometry":{"type":"Point","coordinates":[135.7194126,34.9082017]},"properties":{"z":11.1}},{"type":"Feature","geometry":{"type":"Point","coordinates":[135.7193701,34.9081734]},"properties":{"z":11.1}},{"type":"Feature","geometry":{"type":"Point","coordinates":[135.7193341,34.9081399]},"properties":{"z":11.1}},{"type":"Feature","geometry":{"type":"Point","coordinates":[135.7193017,34.9081037]},"properties":{"z":11.1}},{"type":"Feature","geometry":{"type":"Point","coordinates":[135.719268,34.9080684]},"properties":{"z":11.1}},{"type":"Feature","geometry":{"type":"Point","coordinates":[135.7192286,34.9080371]},"properties":{"z":11.1}},{"type":"Feature","geometry":{"type":"Point","coordinates":[135.7191896,34.9080056]},"properties":{"z":11.1}},{"type":"Feature","geometry":{"type":"Point","coordinates":[135.7191611,34.9079672]},"properties":{"z":11.0}},{"type":"Feature","geometry":{"type":"Point","coordinates":[135.7191326,34.9079288]},"properties":{"z":11.0}},{"type":"Feature","geometry":{"type":"Point","coordinates":[135.7191012,34.907892]},"properties":{"z":11.0}},{"type":"Feature","geometry":{"type":"Point","coordinates":[135.7190694,34.9078553]},"properties":{"z":10.9}},{"type":"Feature","geometry":{"type":"Point","coordinates":[135.7190314,34.9078238]},"properties":{"z":10.9}},{"type":"Feature","geometry":{"type":"Point","coordinates":[135.7189867,34.9077978]},"properties":{"z":10.9}},{"type":"Feature","geometry":{"type":"Point","coordinates":[135.7189465,34.9077679]},"properties":{"z":10.9}},{"type":"Feature","geometry":{"type":"Point","coordinates":[135.7189126,34.9077326]},"properties":{"z":10.8}},{"type":"Feature","geometry":{"type":"Point","coordinates":[135.7188787,34.9076972]},"properties":{"z":10.8}},{"type":"Feature","geometry":{"type":"Point","coordinates":[135.7188478,34.9076601]},"properties":{"z":10.8}},{"type":"Feature","geometry":{"type":"Point","coordinates":[135.7188169,34.907623]},"properties":{"z":10.8}},{"type":"Feature","geometry":{"type":"Point","coordinates":[135.7187971,34.9075819]},"properties":{"z":10.8}},{"type":"Feature","geometry":{"type":"Point","coordinates":[135.7187844,34.9075381]},"properties":{"z":10.8}},{"type":"Feature","geometry":{"type":"Point","coordinates":[135.7187718,34.9074944]},"properties":{"z":10.8}},{"type":"Feature","geometry":{"type":"Point","coordinates":[135.718787,34.9074515]},"properties":{"z":10.8}},{"type":"Feature","geometry":{"type":"Point","coordinates":[135.7188036,34.9074087]},"properties":{"z":10.8}},{"type":"Feature","geometry":{"type":"Point","coordinates":[135.7188223,34.9073664]},"properties":{"z":10.8}},{"type":"Feature","geometry":{"type":"Point","coordinates":[135.7188415,34.9073243]},"properties":{"z":10.8}},{"type":"Feature","geometry":{"type":"Point","coordinates":[135.7188672,34.9072849]},"properties":{"z":10.8}},{"type":"Feature","geometry":{"type":"Point","coordinates":[135.7188978,34.9072476]},"properties":{"z":10.8}},{"type":"Feature","geometry":{"type":"Point","coordinates":[135.7189307,34.907212]},"properties":{"z":10.9}},{"type":"Feature","geometry":{"type":"Point","coordinates":[135.7189711,34.9071817]},"properties":{"z":10.9}},{"type":"Feature","geometry":{"type":"Point","coordinates":[135.7190116,34.9071514]},"properties":{"z":10.9}},{"type":"Feature","geometry":{"type":"Point","coordinates":[135.7190493,34.9071187]},"properties":{"z":10.9}},{"type":"Feature","geometry":{"type":"Point","coordinates":[135.7190869,34.907086]},"properties":{"z":10.9}},{"type":"Feature","geometry":{"type":"Point","coordinates":[135.7191188,34.9070496]},"properties":{"z":11.0}},{"type":"Feature","geometry":{"type":"Point","coordinates":[135.7191494,34.9070122]},"properties":{"z":11.0}},{"type":"Feature","geometry":{"type":"Point","coordinates":[135.7191797,34.9069748]},"properties":{"z":11.1}},{"type":"Feature","geometry":{"type":"Point","coordinates":[135.7192088,34.9069367]},"properties":{"z":11.1}},{"type":"Feature","geometry":{"type":"Point","coordinates":[135.7192381,34.9068988]},"properties":{"z":11.1}},{"type":"Feature","geometry":{"type":"Point","coordinates":[135.7192737,34.9068646]},"properties":{"z":11.1}},{"type":"Feature","geometry":{"type":"Point","coordinates":[135.7193094,34.9068304]},"properties":{"z":11.1}},{"type":"Feature","geometry":{"type":"Point","coordinates":[135.719347,34.9067978]},"properties":{"z":11.2}},{"type":"Feature","geometry":{"type":"Point","coordinates":[135.7193847,34.9067651]},"properties":{"z":11.2}},{"type":"Feature","geometry":{"type":"Point","coordinates":[135.7194242,34.906734]},"properties":{"z":11.2}},{"type":"Feature","geometry":{"type":"Point","coordinates":[135.7194641,34.9067031]},"properties":{"z":11.2}},{"type":"Feature","geometry":{"type":"Point","coordinates":[135.7195074,34.9066761]},"properties":{"z":11.2}},{"type":"Feature","geometry":{"type":"Point","coordinates":[135.7195544,34.9066529]},"properties":{"z":11.3}},{"type":"Feature","geometry":{"type":"Point","coordinates":[135.7195996,34.9066279]},"properties":{"z":11.3}},{"type":"Feature","geometry":{"type":"Point","coordinates":[135.7196383,34.906596]},"properties":{"z":11.3}},{"type":"Feature","geometry":{"type":"Point","coordinates":[135.7196771,34.9065643]},"properties":{"z":11.3}},{"type":"Feature","geometry":{"type":"Point","coordinates":[135.7197166,34.9065331]},"properties":{"z":11.4}},{"type":"Feature","geometry":{"type":"Point","coordinates":[135.7197562,34.906502]},"properties":{"z":11.4}},{"type":"Feature","geometry":{"type":"Point","coordinates":[135.7198054,34.9064823]},"properties":{"z":11.5}},{"type":"Feature","geometry":{"type":"Point","coordinates":[135.7198548,34.9064629]},"properties":{"z":11.5}},{"type":"Feature","geometry":{"type":"Point","coordinates":[135.7199017,34.9064399]},"properties":{"z":11.5}},{"type":"Feature","geometry":{"type":"Point","coordinates":[135.7199465,34.906414]},"properties":{"z":11.6}},{"type":"Feature","geometry":{"type":"Point","coordinates":[135.7199922,34.9063894]},"properties":{"z":11.6}},{"type":"Feature","geometry":{"type":"Point","coordinates":[135.72004,34.9063673]},"properties":{"z":11.6}},{"type":"Feature","geometry":{"type":"Point","coordinates":[135.7200879,34.9063454]},"properties":{"z":11.7}},{"type":"Feature","geometry":{"type":"Point","coordinates":[135.7201372,34.9063258]},"properties":{"z":11.7}},{"type":"Feature","geometry":{"type":"Point","coordinates":[135.7201865,34.9063061]},"properties":{"z":11.7}},{"type":"Feature","geometry":{"type":"Point","coordinates":[135.7202393,34.906297]},"properties":{"z":11.8}},{"type":"Feature","geometry":{"type":"Point","coordinates":[135.7202939,34.9062931]},"properties":{"z":11.8}},{"type":"Feature","geometry":{"type":"Point","coordinates":[135.7203459,34.9062865]},"properties":{"z":11.8}},{"type":"Feature","geometry":{"type":"Point","coordinates":[135.720365,34.9062444]},"properties":{"z":11.8}},{"type":"Feature","geometry":{"type":"Point","coordinates":[135.7203841,34.9062022]},"properties":{"z":11.9}},{"type":"Feature","geometry":{"type":"Point","coordinates":[135.7204119,34.9061641]},"properties":{"z":11.9}},{"type":"Feature","geometry":{"type":"Point","coordinates":[135.7204459,34.9061289]},"properties":{"z":12.0}},{"type":"Feature","geometry":{"type":"Point","coordinates":[135.720481,34.9060944]},"properties":{"z":12.1}},{"type":"Feature","geometry":{"type":"Point","coordinates":[135.7205219,34.9060645]},"properties":{"z":12.1}},{"type":"Feature","geometry":{"type":"Point","coordinates":[135.7205627,34.9060345]},"properties":{"z":12.1}},{"type":"Feature","geometry":{"type":"Point","coordinates":[135.7206006,34.9060021]},"properties":{"z":12.1}},{"type":"Feature","geometry":{"type":"Point","coordinates":[135.7206377,34.905969]},"properties":{"z":12.3}},{"type":"Feature","geometry":{"type":"Point","coordinates":[135.7206745,34.9059533]},"properties":{"z":12.3}},{"type":"Feature","geometry":{"type":"Point","coordinates":[135.7207105,34.9059872]},"properties":{"z":12.3}},{"type":"Feature","geometry":{"type":"Point","coordinates":[135.7207464,34.9060212]},"properties":{"z":12.2}},{"type":"Feature","geometry":{"type":"Point","coordinates":[135.7207945,34.9060198]},"properties":{"z":12.2}},{"type":"Feature","geometry":{"type":"Point","coordinates":[135.7208467,34.9060062]},"properties":{"z":12.2}},{"type":"Feature","geometry":{"type":"Point","coordinates":[135.7208976,34.9059898]},"properties":{"z":12.4}},{"type":"Feature","geometry":{"type":"Point","coordinates":[135.7209468,34.9059701]},"properties":{"z":12.4}},{"type":"Feature","geometry":{"type":"Point","coordinates":[135.7209829,34.9059612]},"properties":{"z":12.4}},{"type":"Feature","geometry":{"type":"Point","coordinates":[135.7209592,34.9060017]},"properties":{"z":12.3}},{"type":"Feature","geometry":{"type":"Point","coordinates":[135.7209354,34.9060423]},"properties":{"z":12.3}},{"type":"Feature","geometry":{"type":"Point","coordinates":[135.7209344,34.906044]},"properties":{"z":12.3}}]}