{"type":"FeatureCollection","features":[{"type":"Feature","geometry":{"type":"Point","coordinates":[135.8312591,34.6036005]},"properties":{"z":65.0}},{"type":"Feature","geometry":{"type":"Point","coordinates":[135.8312372,34.6036417]},"properties":{"z":65.0}},{"type":"Feature","geometry":{"type":"Point","coordinates":[135.8312188,34.6036831]},"properties":{"z":65.1}},{"type":"Feature","geometry":{"type":"Point","coordinates":[135.8312267,34.6037266]},"properties":{"z":65.1}},{"type":"Feature","geometry":{"type":"Point","coordinates":[135.8312521,34.6037661]},"properties":{"z":65.2}},{"type":"Feature","geometry":{"type":"Point","coordinates":[135.8312729,34.6038074]},"properties":{"z":65.2}},{"type":"Feature","geometry":{"type":"Point","coordinates":[135.8312873,34.6038508]},"properties":{"z":65.3}},{"type":"Feature","geometry":{"type":"Point","coordinates":[135.8313206,34.603885]},"properties":{"z":65.3}},{"type":"Feature","geometry":{"type":"Point","coordinates":[135.8313711,34.6038985]},"properties":{"z":65.4}},{"type":"Feature","geometry":{"type":"Point","coordinates":[135.8314252,34.6039033]},"properties":{"z":65.4}},{"type":"Feature","geometry":{"type":"Point","coordinates":[135.8314797,34.6039062]},"properties":{"z":65.4}},{"type":"Feature","geometry":{"type":"Point","coordinates":[135.8315342,34.6039096]},"properties":{"z":65.4}},{"type":"Feature","geometry":{"type":"Point","coordinates":[135.8315888,34.6039113]},"properties":{"z":65.4}},{"type":"Feature","geometry":{"type":"Point","coordinates":[135.8316433,34.6039124]},"properties":{"z":65.4}},{"type":"Feature","geometry":{"type":"Point","coordinates":[135.8316979,34.6039152]},"properties":{"z":65.4}},{"type":"Feature","geometry":{"type":"Point","coordinates":[135.8317524,34.6039168]},"properties":{"z":65.5}},{"type":"Feature","geometry":{"type":"Point","coordinates":[135.831807,34.6039178]},"properties":{"z":65.5}},{"type":"Feature","geometry":{"type":"Point","coordinates":[135.8318616,34.6039199]},"properties":{"z":65.5}},{"type":"Feature","geometry":{"type":"Point","coordinates":[135.8319161,34.6039217]},"properties":{"z":65.6}},{"type":"Feature","geometry":{"type":"Point","coordinates":[135.8319707,34.6039232]},"properties":{"z":65.6}},{"type":"Feature","geometry":{"type":"Point","coordinates":[135.8320253,34.6039252]},"properties":{"z":65.6}},{"type":"Feature","geometry":{"type":"Point","coordinates":[135.8320798,34.6039273]},"properties":{"z":65.7}},{"type":"Feature","geometry":{"type":"Point","coordinates":[135.8321344,34.6039279]},"properties":{"z":65.8}},{"type":"Feature","geometry":{"type":"Point","coordinates":[135.832189,34.6039284]},"properties":{"z":65.8}},{"type":"Feature","geometry":{"type":"Point","coordinates":[135.8322437,34.6039284]},"properties":{"z":65.9}},{"type":"Feature","geometry":{"type":"Point","coordinates":[135.8322983,34.6039283]},"properties":{"z":65.9}},{"type":"Feature","geometry":{"type":"Point","coordinates":[135.8323529,34.6039281]},"properties":{"z":66.0}},{"type":"Feature","geometry":{"type":"Point","coordinates":[135.8324075,34.6039275]},"properties":{"z":66.0}},{"type":"Feature","geometry":{"type":"Point","coordinates":[135.8324621,34.6039263]},"properties":{"z":66.0}},{"type":"Feature","geometry":{"type":"Point","coordinates":[135.8325167,34.6039265]},"properties":{"z":66.1}},{"type":"Feature","geometry":{"type":"Point","coordinates":[135.8325712,34.6039283]},"properties":{"z":66.2}},{"type":"Feature","geometry":{"type":"Point","coordinates":[135.8326258,34.6039296]},"properties":{"z":66.2}},{"type":"Feature","geometry":{"type":"Point","coordinates":[135.8326804,34.6039303]},"properties":{"z":66.3}},{"type":"Feature","geometry":{"type":"Point","coordinates":[135.832735,34.6039306]},"properties":{"z":66.4}},{"type":"Feature","geometry":{"type":"Point","coordinates":[135.8327896,34.6039305]},"properties":{"z":66.4}},{"type":"Feature","geometry":{"type":"Point","coordinates":[135.8328442,34.603932]},"properties":{"z":66.4}},{"type":"Feature","geometry":{"type":"Point","coordinates":[135.8328987,34.6039352]},"properties":{"z":66.4}},{"type":"Feature","geometry":{"type":"Point","coordinates":[135.8329532,34.6039372]},"properties":{"z":66.5}},{"type":"Feature","geometry":{"type":"Point","coordinates":[135.8330078,34.603938]},"properties":{"z":66.6}},{"type":"Feature","geometry":{"type":"Point","coordinates":[135.8330624,34.6039388]},"properties":{"z":66.6}},{"type":"Feature","geometry":{"type":"Point","coordinates":[135.833117,34.6039398]},"properties":{"z":66.7}},{"type":"Feature","geometry":{"type":"Point","coordinates":[135.8331716,34.6039405]},"properties":{"z":66.7}},{"type":"Feature","geometry":{"type":"Point","coordinates":[135.8332262,34.603941]},"properties":{"z":66.7}},{"type":"Feature","geometry":{"type":"Point","coordinates":[135.8332808,34.6039408]},"properties":{"z":66.8}},{"type":"Feature","geometry":{"type":"Point","coordinates":[135.8333354,34.6039403]},"properties":{"z":66.9}},{"type":"Feature","geometry":{"type":"Point","coordinates":[135.83339,34.603942]},"properties":{"z":66.9}},{"type":"Feature","geometry":{"type":"Point","coordinates":[135.8334446,34.6039441]},"properties":{"z":67.0}},{"type":"Feature","geometry":{"type":"Point","coordinates":[135.8334992,34.6039438]},"properties":{"z":67.0}},{"type":"Feature","geometry":{"type":"Point","coordinates":[135.8335538,34.6039433]},"properties":{"z":67.1}},{"type":"Feature","geometry":{"type":"Point","coordinates":[135.8336084,34.6039437]},"properties":{"z":67.2}},{"type":"Feature","geometry":{"type":"Point","coordinates":[135.833663,34.6039441]},"properties":{"z":67.2}},{"type":"Feature","geometry":{"type":"Point","coordinates":[135.8337176,34.6039447]},"properties":{"z":67.3}},{"type":"Feature","geometry":{"type":"Point","coordinates":[135.8337722,34.6039453]},"properties":{"z":67.4}},{"type":"Feature","geometry":{"type":"Point","coordinates":[135.8338268,34.6039456]},"properties":{"z":67.4}},{"type":"Feature","geometry":{"type":"Point","coordinates":[135.8338814,34.6039448]},"properties":{"z":67.5}},{"type":"Feature","geometry":{"type":"Point","coordinates":[135.833936,34.6039429]},"properties":{"z":67.5}},{"type":"Feature","geometry":{"type":"Point","coordinates":[135.8339906,34.6039419]},"properties":{"z":67.5}},{"type":"Feature","geometry":{"type":"Point","coordinates":[135.8340452,34.6039413]},"properties":{"z":67.6}},{"type":"Feature","geometry":{"type":"Point","coordinates":[135.8340996,34.6039443]},"properties":{"z":67.6}},{"type":"Feature","geometry":{"type":"Point","coordinates":[135.8341541,34.6039475]},"properties":{"z":67.7}},{"type":"Feature","geometry":{"type":"Point","coordinates":[135.8342087,34.6039493]},"properties":{"z":67.8}},{"type":"Feature","geometry":{"type":"Point","coordinates":[135.8342633,34.6039509]},"properties":{"z":67.8}},{"type":"Feature","geometry":{"type":"Point","coordinates":[135.8343179,34.6039519]},"properties":{"z":67.9}},{"type":"Feature","geometry":{"type":"Point","coordinates":[135.8343725,34.6039526]},"properties":{"z":68.0}},{"type":"Feature","geometry":{"type":"Point","coordinates":[135.8344271,34.603953]},"properties":{"z":68.0}},{"type":"Feature","geometry":{"type":"Point","coordinates":[135.8344817,34.6039535]},"properties":{"z":68.1}},{"type":"Feature","geometry":{"type":"Point","coordinates":[135.8345363,34.6039541]},"properties":{"z":68.2}},{"type":"Feature","geometry":{"type":"Point","coordinates":[135.8345909,34.6039553]},"properties":{"z":68.2}},{"type":"Feature","geometry":{"type":"Point","coordinates":[135.8346455,34.6039565]},"properties":{"z":68.2}},{"type":"Feature","geometry":{"type":"Point","coordinates":[135.8347001,34.6039562]},"properties":{"z":68.2}},{"type":"Feature","geometry":{"type":"Point","coordinates":[135.8347547,34.6039566]},"properties":{"z":68.3}},{"type":"Feature","geometry":{"type":"Point","coordinates":[135.8348093,34.6039579]},"properties":{"z":68.4}},{"type":"Feature","geometry":{"type":"Point","coordinates":[135.8348638,34.60396]},"properties":{"z":68.4}},{"type":"Feature","geometry":{"type":"Point","coordinates":[135.8349184,34.6039614]},"properties":{"z":68.5}},{"type":"Feature","geometry":{"type":"Point","coordinates":[135.8349718,34.6039675]},"properties":{"z":68.6}},{"type":"Feature","geometry":{"type":"Point","coordinates":[135.8350229,34.6039834]},"properties":{"z":68.6}},{"type":"Feature","geometry":{"type":"Point","coordinates":[135.8350766,34.6039915]},"properties":{"z":68.7}},{"type":"Feature","geometry":{"type":"Point","coordinates":[135.8351309,34.6039938]},"properties":{"z":68.7}},{"type":"Feature","geometry":{"type":"Point","coordinates":[135.8351855,34.6039937]},"properties":{"z":68.8}},{"type":"Feature","geometry":{"type":"Point","coordinates":[135.8352401,34.6039952]},"properties":{"z":68.9}},{"type":"Feature","geometry":{"type":"Point","coordinates":[135.8352947,34.6039964]},"properties":{"z":68.9}},{"type":"Feature","geometry":{"type":"Point","coordinates":[135.8353493,34.6039978]},"properties":{"z":69.0}},{"type":"Feature","geometry":{"type":"Point","coordinates":[135.8354039,34.6039995]},"properties":{"z":69.0}},{"type":"Feature","geometry":{"type":"Point","coordinates":[135.8354583,34.6040031]},"properties":{"z":69.0}},{"type":"Feature","geometry":{"type":"Point","coordinates":[135.8355127,34.6040068]},"properties":{"z":69.1}},{"type":"Feature","geometry":{"type":"Point","coordinates":[135.8355672,34.6040097]},"properties":{"z":69.2}},{"type":"Feature","geometry":{"type":"Point","coordinates":[135.835621,34.6040166]},"properties":{"z":69.2}},{"type":"Feature","geometry":{"type":"Point","coordinates":[135.8356743,34.6040264]},"properties":{"z":69.3}},{"type":"Feature","geometry":{"type":"Point","coordinates":[135.8357216,34.6040158]},"properties":{"z":69.3}},{"type":"Feature","geometry":{"type":"Point","coordinates":[135.8357733,34.6040015]},"properties":{"z":69.4}},{"type":"Feature","geometry":{"type":"Point","coordinates":[135.8358124,34.6039711]},"properties":{"z":69.4}},{"type":"Feature","geometry":{"type":"Point","coordinates":[135.8358456,34.6039355]},"properties":{"z":69.5}},{"type":"Feature","geometry":{"type":"Point","coordinates":[135.8358661,34.6038949]},"properties":{"z":69.5}},{"type":"Feature","geometry":{"type":"Point","coordinates":[135.8358762,34.6038508]},"properties":{"z":69.5}},{"type":"Feature","geometry":{"type":"Point","coordinates":[135.8358787,34.6038059]},"properties":{"z":69.4}},{"type":"Feature","geometry":{"type":"Point","coordinates":[135.8358838,34.6037611]},"properties":{"z":69.4}},{"type":"Feature","geometry":{"type":"Point","coordinates":[135.8358909,34.6037166]},"properties":{"z":69.4}},{"type":"Feature","geometry":{"type":"Point","coordinates":[135.8358953,34.6036718]},"properties":{"z":69.4}},{"type":"Feature","geometry":{"type":"Point","coordinates":[135.8358985,34.6036269]},"properties":{"z":69.4}},{"type":"Feature","geometry":{"type":"Point","coordinates":[135.8358998,34.603582]},"properties":{"z":69.3}},{"type":"Feature","geometry":{"type":"Point","coordinates":[135.8359005,34.603537]},"properties":{"z":69.2}},{"type":"Feature","geometry":{"type":"Point","coordinates":[135.8359044,34.6034922]},"properties":{"z":69.2}},{"type":"Feature","geometry":{"type":"Point","coordinates":[135.8359081,34.6034474]},"properties":{"z":69.3}},{"type":"Feature","geometry":{"type":"Point","coordinates":[135.83591,34.6034024]},"properties":{"z":69.3}},{"type":"Feature","geometry":{"type":"Point","coordinates":[135.8359121,34.6033575]},"properties":{"z":69.3}},{"type":"Feature","geometry":{"type":"Point","coordinates":[135.8359142,34.6033126]},"properties":{"z":69.4}},{"type":"Feature","geometry":{"type":"Point","coordinates":[135.8359193,34.6032679]},"properties":{"z":69.4}},{"type":"Feature","geometry":{"type":"Point","coordinates":[135.8359239,34.6032231]},"properties":{"z":69.5}},{"type":"Feature","geometry":{"type":"Point","coordinates":[135.8359249,34.6031782]},"properties":{"z":69.5}},{"type":"Feature","geometry":{"type":"Point","coordinates":[135.8359245,34.6031332]},"properties":{"z":69.5}},{"type":"Feature","geometry":{"type":"Point","coordinates":[135.8359233,34.6030883]},"properties":{"z":69.7}},{"type":"Feature","geometry":{"type":"Point","coordinates":[135.8359263,34.6030434]},"properties":{"z":69.7}},{"type":"Feature","geometry":{"type":"Point","coordinates":[135.8359332,34.6029989]},"properties":{"z":69.7}},{"type":"Feature","geometry":{"type":"Point","coordinates":[135.8359516,34.6029581]},"properties":{"z":69.8}},{"type":"Feature","geometry":{"type":"Point","coordinates":[135.8359933,34.6029302]},"properties":{"z":69.9}},{"type":"Feature","geometry":{"type":"Point","coordinates":[135.8360459,34.6029231]},"properties":{"z":69.9}},{"type":"Feature","geometry":{"type":"Point","coordinates":[135.8361003,34.6029193]},"properties":{"z":70.0}},{"type":"Feature","geometry":{"type":"Point","coordinates":[135.8361547,34.6029156]},"properties":{"z":70.0}},{"type":"Feature","geometry":{"type":"Point","coordinates":[135.8362093,34.6029138]},"properties":{"z":70.0}},{"type":"Feature","geometry":{"type":"Point","coordinates":[135.8362638,34.6029119]},"properties":{"z":70.0}},{"type":"Feature","geometry":{"type":"Point","coordinates":[135.8363184,34.602911]},"properties":{"z":70.0}},{"type":"Feature","geometry":{"type":"Point","coordinates":[135.836373,34.6029109]},"properties":{"z":70.0}},{"type":"Feature","geometry":{"type":"Point","coordinates":[135.8364276,34.6029126]},"properties":{"z":70.1}},{"type":"Feature","geometry":{"type":"Point","coordinates":[135.8364822,34.6029131]},"properties":{"z":70.1}},{"type":"Feature","geometry":{"type":"Point","coordinates":[135.8365368,34.6029125]},"properties":{"z":70.1}},{"type":"Feature","geometry":{"type":"Point","coordinates":[135.8365914,34.6029123]},"properties":{"z":70.1}},{"type":"Feature","geometry":{"type":"Point","coordinates":[135.836646,34.6029124]},"properties":{"z":70.2}},{"type":"Feature","geometry":{"type":"Point","coordinates":[135.8367006,34.6029133]},"properties":{"z":70.4}},{"type":"Feature","geometry":{"type":"Point","coordinates":[135.8367552,34.6029128]},"properties":{"z":70.4}},{"type":"Feature","geometry":{"type":"Point","coordinates":[135.8368098,34.6029115]},"properties":{"z":70.5}},{"type":"Feature","geometry":{"type":"Point","coordinates":[135.8368644,34.6029131]},"properties":{"z":70.6}},{"type":"Feature","geometry":{"type":"Point","coordinates":[135.8369189,34.6029143]},"properties":{"z":70.6}},{"type":"Feature","geometry":{"type":"Point","coordinates":[135.8369734,34.6029116]},"properties":{"z":70.6}},{"type":"Feature","geometry":{"type":"Point","coordinates":[135.837028,34.6029094]},"properties":{"z":70.7}},{"type":"Feature","geometry":{"type":"Point","coordinates":[135.8370826,34.6029077]},"properties":{"z":70.7}},{"type":"Feature","geometry":{"type":"Point","coordinates":[135.8371371,34.6029085]},"properties":{"z":70.8}},{"type":"Feature","geometry":{"type":"Point","coordinates":[135.8371917,34.6029103]},"properties":{"z":70.8}},{"type":"Feature","geometry":{"type":"Point","coordinates":[135.8372463,34.602911]},"properties":{"z":70.9}},{"type":"Feature","geometry":{"type":"Point","coordinates":[135.8373009,34.6029118]},"properties":{"z":71.0}},{"type":"Feature","geometry":{"type":"Point","coordinates":[135.8373555,34.6029128]},"properties":{"z":71.0}},{"type":"Feature","geometry":{"type":"Point","coordinates":[135.8374101,34.6029129]},"properties":{"z":71.1}},{"type":"Feature","geometry":{"type":"Point","coordinates":[135.8374647,34.6029125]},"properties":{"z":71.2}},{"type":"Feature","geometry":{"type":"Point","coordinates":[135.8375192,34.6029093]},"properties":{"z":71.2}},{"type":"Feature","geometry":{"type":"Point","coordinates":[135.837573,34.6029028]},"properties":{"z":71.2}},{"type":"Feature","geometry":{"type":"Point","coordinates":[135.8376259,34.6028916]},"properties":{"z":71.3}},{"type":"Feature","geometry":{"type":"Point","coordinates":[135.8376793,34.6028821]},"properties":{"z":71.3}},{"type":"Feature","geometry":{"type":"Point","coordinates":[135.8377334,34.6028768]},"properties":{"z":71.4}},{"type":"Feature","geometry":{"type":"Point","coordinates":[135.8377879,34.6028751]},"properties":{"z":71.4}},{"type":"Feature","geometry":{"type":"Point","coordinates":[135.8378417,34.6028721]},"properties":{"z":71.5}},{"type":"Feature","geometry":{"type":"Point","coordinates":[135.8378903,34.6028531]},"properties":{"z":71.6}},{"type":"Feature","geometry":{"type":"Point","coordinates":[135.8379215,34.6028164]},"properties":{"z":71.6}},{"type":"Feature","geometry":{"type":"Point","coordinates":[135.8379601,34.6027846]},"properties":{"z":71.6}},{"type":"Feature","geometry":{"type":"Point","coordinates":[135.8379909,34.6027484]},"properties":{"z":71.6}},{"type":"Feature","geometry":{"type":"Point","coordinates":[135.8380052,34.6027051]},"properties":{"z":71.6}},{"type":"Feature","geometry":{"type":"Point","coordinates":[135.8380148,34.6026608]},"properties":{"z":71.6}},{"type":"Feature","geometry":{"type":"Point","coordinates":[135.838025,34.6026166]},"properties":{"z":71.5}},{"type":"Feature","geometry":{"type":"Point","coordinates":[135.8380332,34.6025723]},"properties":{"z":71.5}},{"type":"Feature","geometry":{"type":"Point","coordinates":[135.838037,34.6025274]},"properties":{"z":71.5}},{"type":"Feature","geometry":{"type":"Point","coordinates":[135.8380378,34.6024825]},"properties":{"z":71.5}},{"type":"Feature","geometry":{"type":"Point","coordinates":[135.8380376,34.6024376]},"properties":{"z":71.4}},{"type":"Feature","geometry":{"type":"Point","coordinates":[135.8380366,34.6023926]},"properties":{"z":71.4}},{"type":"Feature","geometry":{"type":"Point","coordinates":[135.8380351,34.6023477]},"properties":{"z":71.4}},{"type":"Feature","geometry":{"type":"Point","coordinates":[135.8380378,34.6023028]},"properties":{"z":71.3}},{"type":"Feature","geometry":{"type":"Point","coordinates":[135.8380402,34.6022579]},"properties":{"z":71.2}},{"type":"Feature","geometry":{"type":"Point","coordinates":[135.8380392,34.602213]},"properties":{"z":71.2}},{"type":"Feature","geometry":{"type":"Point","coordinates":[135.8380408,34.6021681]},"properties":{"z":71.2}},{"type":"Feature","geometry":{"type":"Point","coordinates":[135.8380435,34.6021232]},"properties":{"z":71.2}},{"type":"Feature","geometry":{"type":"Point","coordinates":[135.8380474,34.6020783]},"properties":{"z":71.2}},{"type":"Feature","geometry":{"type":"Point","coordinates":[135.8380547,34.6020338]},"properties":{"z":71.2}},{"type":"Feature","geometry":{"type":"Point","coordinates":[135.8380633,34.6019894]},"properties":{"z":71.2}},{"type":"Feature","geometry":{"type":"Point","coordinates":[135.838073,34.6019452]},"properties":{"z":71.1}},{"type":"Feature","geometry":{"type":"Point","coordinates":[135.8380801,34.6019007]},"properties":{"z":71.1}},{"type":"Feature","geometry":{"type":"Point","coordinates":[135.8380851,34.6018559]},"properties":{"z":71.1}},{"type":"Feature","geometry":{"type":"Point","coordinates":[135.8380869,34.601811]},"properties":{"z":71.1}},{"type":"Feature","geometry":{"type":"Point","coordinates":[135.8380881,34.601766]},"properties":{"z":71.0}},{"type":"Feature","geometry":{"type":"Point","coordinates":[135.8380885,34.6017211]},"properties":{"z":71.0}},{"type":"Feature","geometry":{"type":"Point","coordinates":[135.8380874,34.6016762]},"properties":{"z":71.0}},{"type":"Feature","geometry":{"type":"Point","coordinates":[135.8380853,34.6016312]},"properties":{"z":71.0}},{"type":"Feature","geometry":{"type":"Point","coordinates":[135.8380877,34.6015864]},"properties":{"z":71.0}},{"type":"Feature","geometry":{"type":"Point","coordinates":[135.8380906,34.6015415]},"properties":{"z":71.0}},{"type":"Feature","geometry":{"type":"Point","coordinates":[135.8380916,34.6014965]},"properties":{"z":71.0}},{"type":"Feature","geometry":{"type":"Point","coordinates":[135.8380926,34.6014516]},"properties":{"z":71.1}},{"type":"Feature","geometry":{"type":"Point","coordinates":[135.8380936,34.6014066]},"properties":{"z":71.1}},{"type":"Feature","geometry":{"type":"Point","coordinates":[135.8380937,34.6013617]},"properties":{"z":71.1}},{"type":"Feature","geometry":{"type":"Point","coordinates":[135.8380925,34.6013168]},"properties":{"z":71.1}},{"type":"Feature","geometry":{"type":"Point","coordinates":[135.8380928,34.6012718]},"properties":{"z":71.1}},{"type":"Feature","geometry":{"type":"Point","coordinates":[135.8380939,34.6012269]},"properties":{"z":71.1}},{"type":"Feature","geometry":{"type":"Point","coordinates":[135.8380968,34.601182]},"properties":{"z":71.1}},{"type":"Feature","geometry":{"type":"Point","coordinates":[135.8380991,34.6011371]},"properties":{"z":71.1}},{"type":"Feature","geometry":{"type":"Point","coordinates":[135.8381007,34.6010921]},"properties":{"z":71.1}},{"type":"Feature","geometry":{"type":"Point","coordinates":[135.8381029,34.6010472]},"properties":{"z":71.1}},{"type":"Feature","geometry":{"type":"Point","coordinates":[135.8381024,34.6010023]},"properties":{"z":71.1}},{"type":"Feature","geometry":{"type":"Point","coordinates":[135.8381,34.6009575]},"properties":{"z":71.1}},{"type":"Feature","geometry":{"type":"Point","coordinates":[135.8381043,34.6009126]},"properties":{"z":71.1}},{"type":"Feature","geometry":{"type":"Point","coordinates":[135.8381054,34.6008677]},"properties":{"z":71.1}},{"type":"Feature","geometry":{"type":"Point","coordinates":[135.8381052,34.6008228]},"properties":{"z":71.0}},{"type":"Feature","geometry":{"type":"Point","coordinates":[135.8381052,34.6007778]},"properties":{"z":71.0}},{"type":"Feature","geometry":{"type":"Point","coordinates":[135.8381056,34.6007329]},"properties":{"z":71.0}},{"type":"Feature","geometry":{"type":"Point","coordinates":[135.8381058,34.6006879]},"properties":{"z":71.0}},{"type":"Feature","geometry":{"type":"Point","coordinates":[135.8381057,34.600643]},"properties":{"z":71.0}},{"type":"Feature","geometry":{"type":"Point","coordinates":[135.8381054,34.600598]},"properties":{"z":71.0}},{"type":"Feature","geometry":{"type":"Point","coordinates":[135.8381049,34.6005531]},"properties":{"z":71.0}},{"type":"Feature","geometry":{"type":"Point","coordinates":[135.8381052,34.6005081]},"properties":{"z":71.0}},{"type":"Feature","geometry":{"type":"Point","coordinates":[135.8381084,34.6004633]},"properties":{"z":71.0}},{"type":"Feature","geometry":{"type":"Point","coordinates":[135.8381089,34.6004184]},"properties":{"z":70.9}},{"type":"Feature","geometry":{"type":"Point","coordinates":[135.838107,34.6003734]},"properties":{"z":70.9}},{"type":"Feature","geometry":{"type":"Point","coordinates":[135.8381075,34.6003285]},"properties":{"z":70.8}},{"type":"Feature","geometry":{"type":"Point","coordinates":[135.838108,34.6002836]},"properties":{"z":70.7}},{"type":"Feature","geometry":{"type":"Point","coordinates":[135.8381069,34.6002386]},"properties":{"z":70.7}},{"type":"Feature","geometry":{"type":"Point","coordinates":[135.8381058,34.6001937]},"properties":{"z":70.5}},{"type":"Feature","geometry":{"type":"Point","coordinates":[135.8381048,34.6001487]},"properties":{"z":70.4}},{"type":"Feature","geometry":{"type":"Point","coordinates":[135.8381108,34.6001041]},"properties":{"z":70.4}},{"type":"Feature","geometry":{"type":"Point","coordinates":[135.8381313,34.600064]},"properties":{"z":70.3}},{"type":"Feature","geometry":{"type":"Point","coordinates":[135.8381801,34.6000549]},"properties":{"z":70.3}},{"type":"Feature","geometry":{"type":"Point","coordinates":[135.8382344,34.6000582]},"properties":{"z":70.3}},{"type":"Feature","geometry":{"type":"Point","coordinates":[135.8382883,34.6000516]},"properties":{"z":70.3}},{"type":"Feature","geometry":{"type":"Point","coordinates":[135.8383423,34.6000524]},"properties":{"z":70.3}},{"type":"Feature","geometry":{"type":"Point","coordinates":[135.8383959,34.600057]},"properties":{"z":70.3}},{"type":"Feature","geometry":{"type":"Point","coordinates":[135.8384499,34.6000602]},"properties":{"z":70.3}},{"type":"Feature","geometry":{"type":"Point","coordinates":[135.8385039,34.6000665]},"properties":{"z":70.3}},{"type":"Feature","geometry":{"type":"Point","coordinates":[135.8385572,34.600057]},"properties":{"z":70.3}},{"type":"Feature","geometry":{"type":"Point","coordinates":[135.8386116,34.6000541]},"properties":{"z":70.3}},{"type":"Feature","geometry":{"type":"Point","coordinates":[135.8386661,34.6000554]},"properties":{"z":70.3}},{"type":"Feature","geometry":{"type":"Point","coordinates":[135.8387205,34.6000591]},"properties":{"z":70.3}},{"type":"Feature","geometry":{"type":"Point","coordinates":[135.8387696,34.6000422]},"properties":{"z":70.3}},{"type":"Feature","geometry":{"type":"Point","coordinates":[135.8388236,34.6000385]},"properties":{"z":70.4}},{"type":"Feature","geometry":{"type":"Point","coordinates":[135.8388755,34.6000514]},"properties":{"z":70.4}},{"type":"Feature","geometry":{"type":"Point","coordinates":[135.8389243,34.6000715]},"properties":{"z":70.4}},{"type":"Feature","geometry":{"type":"Point","coordinates":[135.8389721,34.600093]},"properties":{"z":70.5}},{"type":"Feature","geometry":{"type":"Point","coordinates":[135.8390199,34.6001136]},"properties":{"z":70.5}},{"type":"Feature","geometry":{"type":"Point","coordinates":[135.8390733,34.6001232]},"properties":{"z":70.5}},{"type":"Feature","geometry":{"type":"Point","coordinates":[135.8391264,34.6001336]},"properties":{"z":70.4}},{"type":"Feature","geometry":{"type":"Point","coordinates":[135.8391731,34.6001531]},"properties":{"z":70.5}},{"type":"Feature","geometry":{"type":"Point","coordinates":[135.8392182,34.6001736]},"properties":{"z":70.5}},{"type":"Feature","geometry":{"type":"Point","coordinates":[135.8392716,34.6001821]},"properties":{"z":70.6}},{"type":"Feature","geometry":{"type":"Point","coordinates":[135.8393235,34.6001931]},"properties":{"z":70.6}},{"type":"Feature","geometry":{"type":"Point","coordinates":[135.8393778,34.600188]},"properties":{"z":70.6}},{"type":"Feature","geometry":{"type":"Point","coordinates":[135.8394319,34.6001825]},"properties":{"z":70.7}},{"type":"Feature","geometry":{"type":"Point","coordinates":[135.8394864,34.6001806]},"properties":{"z":70.7}},{"type":"Feature","geometry":{"type":"Point","coordinates":[135.839539,34.6001719]},"properties":{"z":70.8}},{"type":"Feature","geometry":{"type":"Point","coordinates":[135.8395902,34.6001607]},"properties":{"z":70.8}},{"type":"Feature","geometry":{"type":"Point","coordinates":[135.8396441,34.600168]},"properties":{"z":70.9}},{"type":"Feature","geometry":{"type":"Point","coordinates":[135.8396981,34.6001751]},"properties":{"z":70.9}},{"type":"Feature","geometry":{"type":"Point","coordinates":[135.8397512,34.6001852]},"properties":{"z":70.9}},{"type":"Feature","geometry":{"type":"Point","coordinates":[135.8398037,34.6001974]},"properties":{"z":71.2}},{"type":"Feature","geometry":{"type":"Point","coordinates":[135.8398573,34.6002059]},"properties":{"z":71.4}},{"type":"Feature","geometry":{"type":"Point","coordinates":[135.8399112,34.6002134]},"properties":{"z":71.4}},{"type":"Feature","geometry":{"type":"Point","coordinates":[135.8399654,34.6002183]},"properties":{"z":71.6}},{"type":"Feature","geometry":{"type":"Point","coordinates":[135.8400196,34.6002187]},"properties":{"z":71.6}},{"type":"Feature","geometry":{"type":"Point","coordinates":[135.8400737,34.6002123]},"properties":{"z":71.7}},{"type":"Feature","geometry":{"type":"Point","coordinates":[135.8401276,34.6002142]},"properties":{"z":71.9}},{"type":"Feature","geometry":{"type":"Point","coordinates":[135.8401815,34.6002191]},"properties":{"z":71.9}},{"type":"Feature","geometry":{"type":"Point","coordinates":[135.8402358,34.600214]},"properties":{"z":72.1}},{"type":"Feature","geometry":{"type":"Point","coordinates":[135.8402887,34.6002035]},"properties":{"z":72.3}},{"type":"Feature","geometry":{"type":"Point","coordinates":[135.8403415,34.6001928]},"properties":{"z":72.3}},{"type":"Feature","geometry":{"type":"Point","coordinates":[135.8403958,34.6001888]},"properties":{"z":72.5}},{"type":"Feature","geometry":{"type":"Point","coordinates":[135.8404503,34.6001882]},"properties":{"z":72.5}},{"type":"Feature","geometry":{"type":"Point","coordinates":[135.8405026,34.6001959]},"properties":{"z":72.6}},{"type":"Feature","geometry":{"type":"Point","coordinates":[135.8405561,34.600204]},"properties":{"z":72.8}},{"type":"Feature","geometry":{"type":"Point","coordinates":[135.8406101,34.6002112]},"properties":{"z":72.8}},{"type":"Feature","geometry":{"type":"Point","coordinates":[135.840659,34.6002296]},"properties":{"z":73.0}},{"type":"Feature","geometry":{"type":"Point","coordinates":[135.8407132,34.6002349]},"properties":{"z":73.3}},{"type":"Feature","geometry":{"type":"Point","coordinates":[135.8407667,34.6002434]},"properties":{"z":73.3}},{"type":"Feature","geometry":{"type":"Point","coordinates":[135.8408203,34.6002491]},"properties":{"z":73.5}},{"type":"Feature","geometry":{"type":"Point","coordinates":[135.8408748,34.6002459]},"properties":{"z":73.5}},{"type":"Feature","geometry":{"type":"Point","coordinates":[135.8409288,34.6002393]},"properties":{"z":73.7}},{"type":"Feature","geometry":{"type":"Point","coordinates":[135.8409828,34.6002328]},"properties":{"z":74.0}},{"type":"Feature","geometry":{"type":"Point","coordinates":[135.8410371,34.6002286]},"properties":{"z":74.0}},{"type":"Feature","geometry":{"type":"Point","coordinates":[135.8410904,34.6002186]},"properties":{"z":74.2}},{"type":"Feature","geometry":{"type":"Point","coordinates":[135.8411441,34.600211]},"properties":{"z":74.5}},{"type":"Feature","geometry":{"type":"Point","coordinates":[135.8411984,34.6002062]},"properties":{"z":74.5}},{"type":"Feature","geometry":{"type":"Point","coordinates":[135.8412518,34.6001973]},"properties":{"z":74.7}},{"type":"Feature","geometry":{"type":"Point","coordinates":[135.8413061,34.6001926]},"properties":{"z":74.7}},{"type":"Feature","geometry":{"type":"Point","coordinates":[135.8413601,34.6001922]},"properties":{"z":74.9}},{"type":"Feature","geometry":{"type":"Point","coordinates":[135.8414133,34.600202]},"properties":{"z":75.2}},{"type":"Feature","geometry":{"type":"Point","coordinates":[135.8414674,34.6002079]},"properties":{"z":75.2}},{"type":"Feature","geometry":{"type":"Point","coordinates":[135.8415216,34.6002138]},"properties":{"z":75.4}},{"type":"Feature","geometry":{"type":"Point","coordinates":[135.8415753,34.6002217]},"properties":{"z":75.6}},{"type":"Feature","geometry":{"type":"Point","coordinates":[135.8416288,34.6002307]},"properties":{"z":75.6}},{"type":"Feature","geometry":{"type":"Point","coordinates":[135.8416828,34.6002374]},"properties":{"z":75.7}},{"type":"Feature","geometry":{"type":"Point","coordinates":[135.841737,34.600243]},"properties":{"z":75.7}},{"type":"Feature","geometry":{"type":"Point","coordinates":[135.8417915,34.6002434]},"properties":{"z":75.8}},{"type":"Feature","geometry":{"type":"Point","coordinates":[135.8418461,34.6002431]},"properties":{"z":75.9}},{"type":"Feature","geometry":{"type":"Point","coordinates":[135.8419007,34.6002428]},"properties":{"z":75.9}},{"type":"Feature","geometry":{"type":"Point","coordinates":[135.841955,34.6002393]},"properties":{"z":76.0}},{"type":"Feature","geometry":{"type":"Point","coordinates":[135.8420088,34.6002315]},"properties":{"z":76.1}},{"type":"Feature","geometry":{"type":"Point","coordinates":[135.8420627,34.6002243]},"properties":{"z":76.1}},{"type":"Feature","geometry":{"type":"Point","coordinates":[135.8421169,34.6002188]},"properties":{"z":76.2}},{"type":"Feature","geometry":{"type":"Point","coordinates":[135.8421712,34.6002139]},"properties":{"z":76.3}},{"type":"Feature","geometry":{"type":"Point","coordinates":[135.8422256,34.6002101]},"properties":{"z":76.3}},{"type":"Feature","geometry":{"type":"Point","coordinates":[135.8422801,34.6002084]},"properties":{"z":76.4}},{"type":"Feature","geometry":{"type":"Point","coordinates":[135.8423347,34.6002087]},"properties":{"z":76.4}},{"type":"Feature","geometry":{"type":"Point","coordinates":[135.8423891,34.6002128]},"properties":{"z":76.6}},{"type":"Feature","geometry":{"type":"Point","coordinates":[135.8424434,34.600217]},"properties":{"z":76.7}},{"type":"Feature","geometry":{"type":"Point","coordinates":[135.8424979,34.6002199]},"properties":{"z":76.7}},{"type":"Feature","geometry":{"type":"Point","coordinates":[135.8425525,34.6002209]},"properties":{"z":76.7}},{"type":"Feature","geometry":{"type":"Point","coordinates":[135.8426071,34.6002212]},"properties":{"z":76.8}},{"type":"Feature","geometry":{"type":"Point","coordinates":[135.8426617,34.6002201]},"properties":{"z":76.8}},{"type":"Feature","geometry":{"type":"Point","coordinates":[135.8427163,34.6002191]},"properties":{"z":76.9}},{"type":"Feature","geometry":{"type":"Point","coordinates":[135.8427708,34.6002177]},"properties":{"z":76.9}},{"type":"Feature","geometry":{"type":"Point","coordinates":[135.8428238,34.600209]},"properties":{"z":77.0}},{"type":"Feature","geometry":{"type":"Point","coordinates":[135.8428766,34.6001985]},"properties":{"z":77.0}},{"type":"Feature","geometry":{"type":"Point","coordinates":[135.8429309,34.6001964]},"properties":{"z":77.0}},{"type":"Feature","geometry":{"type":"Point","coordinates":[135.8429855,34.6001979]},"properties":{"z":77.1}},{"type":"Feature","geometry":{"type":"Point","coordinates":[135.8430395,34.6001935]},"properties":{"z":77.1}},{"type":"Feature","geometry":{"type":"Point","coordinates":[135.8430932,34.6001861]},"properties":{"z":77.1}},{"type":"Feature","geometry":{"type":"Point","coordinates":[135.8431475,34.6001814]},"properties":{"z":77.2}},{"type":"Feature","geometry":{"type":"Point","coordinates":[135.8432017,34.6001757]},"properties":{"z":77.2}},{"type":"Feature","geometry":{"type":"Point","coordinates":[135.8432555,34.6001682]},"properties":{"z":77.2}},{"type":"Feature","geometry":{"type":"Point","coordinates":[135.8433084,34.6001571]},"properties":{"z":77.2}},{"type":"Feature","geometry":{"type":"Point","coordinates":[135.8433606,34.6001439]},"properties":{"z":77.1}},{"type":"Feature","geometry":{"type":"Point","coordinates":[135.8433986,34.6001202]},"properties":{"z":77.1}},{"type":"Feature","geometry":{"type":"Point","coordinates":[135.8433905,34.6000842]},"properties":{"z":77.1}},{"type":"Feature","geometry":{"type":"Point","coordinates":[135.8434246,34.6001179]},"properties":{"z":77.1}},{"type":"Feature","geometry":{"type":"Point","coordinates":[135.8434573,34.6001534]},"properties":{"z":77.3}},{"type":"Feature","geometry":{"type":"Point","coordinates":[135.8435019,34.6001792]},"properties":{"z":77.3}},{"type":"Feature","geometry":{"type":"Point","coordinates":[135.8435523,34.6001962]},"properties":{"z":77.3}},{"type":"Feature","geometry":{"type":"Point","coordinates":[135.8436066,34.6001951]},"properties":{"z":77.3}},{"type":"Feature","geometry":{"type":"Point","coordinates":[135.8436609,34.6001905]},"properties":{"z":77.3}},{"type":"Feature","geometry":{"type":"Point","coordinates":[135.8437154,34.6001885]},"properties":{"z":77.3}},{"type":"Feature","geometry":{"type":"Point","coordinates":[135.84377,34.6001882]},"properties":{"z":77.4}},{"type":"Feature","geometry":{"type":"Point","coordinates":[135.8438246,34.6001886]},"properties":{"z":77.4}},{"type":"Feature","geometry":{"type":"Point","coordinates":[135.8438792,34.6001909]},"properties":{"z":77.4}},{"type":"Feature","geometry":{"type":"Point","coordinates":[135.8439337,34.6001902]},"properties":{"z":77.5}},{"type":"Feature","geometry":{"type":"Point","coordinates":[135.8439884,34.6001894]},"properties":{"z":77.7}},{"type":"Feature","geometry":{"type":"Point","coordinates":[135.8440429,34.6001901]},"properties":{"z":77.7}},{"type":"Feature","geometry":{"type":"Point","coordinates":[135.8440974,34.6001929]},"properties":{"z":77.8}},{"type":"Feature","geometry":{"type":"Point","coordinates":[135.8441513,34.6002002]},"properties":{"z":77.9}},{"type":"Feature","geometry":{"type":"Point","coordinates":[135.8442045,34.6002101]},"properties":{"z":77.9}},{"type":"Feature","geometry":{"type":"Point","coordinates":[135.8442579,34.6002196]},"properties":{"z":78.0}},{"type":"Feature","geometry":{"type":"Point","coordinates":[135.8443116,34.6002207]},"properties":{"z":78.0}},{"type":"Feature","geometry":{"type":"Point","coordinates":[135.8443653,34.6002128]},"properties":{"z":78.2}},{"type":"Feature","geometry":{"type":"Point","coordinates":[135.8444191,34.6002049]},"properties":{"z":78.3}},{"type":"Feature","geometry":{"type":"Point","coordinates":[135.8444732,34.6001987]},"properties":{"z":78.3}},{"type":"Feature","geometry":{"type":"Point","coordinates":[135.844527,34.6001909]},"properties":{"z":78.4}},{"type":"Feature","geometry":{"type":"Point","coordinates":[135.844581,34.6001847]},"properties":{"z":78.5}},{"type":"Feature","geometry":{"type":"Point","coordinates":[135.8446353,34.6001806]},"properties":{"z":78.5}},{"type":"Feature","geometry":{"type":"Point","coordinates":[135.84469,34.6001806]},"properties":{"z":78.6}},{"type":"Feature","geometry":{"type":"Point","coordinates":[135.8447445,34.6001829]},"properties":{"z":78.6}},{"type":"Feature","geometry":{"type":"Point","coordinates":[135.844798,34.6001899]},"properties":{"z":78.8}},{"type":"Feature","geometry":{"type":"Point","coordinates":[135.8448496,34.6002045]},"properties":{"z":78.9}},{"type":"Feature","geometry":{"type":"Point","coordinates":[135.8449031,34.6002137]},"properties":{"z":78.9}},{"type":"Feature","geometry":{"type":"Point","coordinates":[135.8449571,34.6002167]},"properties":{"z":79.0}},{"type":"Feature","geometry":{"type":"Point","coordinates":[135.8450117,34.6002143]},"properties":{"z":79.1}},{"type":"Feature","geometry":{"type":"Point","coordinates":[135.8450661,34.6002105]},"properties":{"z":79.1}},{"type":"Feature","geometry":{"type":"Point","coordinates":[135.8451204,34.6002062]},"properties":{"z":79.3}},{"type":"Feature","geometry":{"type":"Point","coordinates":[135.8451748,34.6002017]},"properties":{"z":79.3}},{"type":"Feature","geometry":{"type":"Point","coordinates":[135.8452292,34.6001978]},"properties":{"z":79.4}},{"type":"Feature","geometry":{"type":"Point","coordinates":[135.8452837,34.6001948]},"properties":{"z":79.5}},{"type":"Feature","geometry":{"type":"Point","coordinates":[135.8453381,34.6001914]},"properties":{"z":79.5}},{"type":"Feature","geometry":{"type":"Point","coordinates":[135.8453921,34.6001848]},"properties":{"z":79.6}},{"type":"Feature","geometry":{"type":"Point","coordinates":[135.8454339,34.6001561]},"properties":{"z":79.7}},{"type":"Feature","geometry":{"type":"Point","coordinates":[135.8454432,34.6001129]},"properties":{"z":79.6}},{"type":"Feature","geometry":{"type":"Point","coordinates":[135.8454613,34.6000708]},"properties":{"z":79.5}},{"type":"Feature","geometry":{"type":"Point","coordinates":[135.8454873,34.6000315]},"properties":{"z":79.5}},{"type":"Feature","geometry":{"type":"Point","coordinates":[135.8455173,34.5999939]},"properties":{"z":79.4}},{"type":"Feature","geometry":{"type":"Point","coordinates":[135.845547,34.5999562]},"properties":{"z":79.6}},{"type":"Feature","geometry":{"type":"Point","coordinates":[135.8455654,34.599914]},"properties":{"z":79.5}},{"type":"Feature","geometry":{"type":"Point","coordinates":[135.8455788,34.5998706]},"properties":{"z":79.5}},{"type":"Feature","geometry":{"type":"Point","coordinates":[135.8455874,34.5998262]},"properties":{"z":79.4}},{"type":"Feature","geometry":{"type":"Point","coordinates":[135.8455898,34.5997813]},"properties":{"z":79.1}},{"type":"Feature","geometry":{"type":"Point","coordinates":[135.8455912,34.5997364]},"properties":{"z":79.1}},{"type":"Feature","geometry":{"type":"Point","coordinates":[135.8455919,34.5996914]},"properties":{"z":78.8}},{"type":"Feature","geometry":{"type":"Point","coordinates":[135.845591,34.5996465]},"properties":{"z":78.6}},{"type":"Feature","geometry":{"type":"Point","coordinates":[135.8455891,34.5996016]},"properties":{"z":78.6}},{"type":"Feature","geometry":{"type":"Point","coordinates":[135.8455861,34.5995567]},"properties":{"z":78.2}},{"type":"Feature","geometry":{"type":"Point","coordinates":[135.8455829,34.5995118]},"properties":{"z":77.9}},{"type":"Feature","geometry":{"type":"Point","coordinates":[135.8455821,34.5994669]},"properties":{"z":77.9}},{"type":"Feature","geometry":{"type":"Point","coordinates":[135.8455815,34.5994219]},"properties":{"z":77.6}},{"type":"Feature","geometry":{"type":"Point","coordinates":[135.8455797,34.599377]},"properties":{"z":77.6}},{"type":"Feature","geometry":{"type":"Point","coordinates":[135.8455792,34.5993321]},"properties":{"z":77.3}},{"type":"Feature","geometry":{"type":"Point","coordinates":[135.8455858,34.5992875]},"properties":{"z":77.0}},{"type":"Feature","geometry":{"type":"Point","coordinates":[135.8456052,34.5992464]},"properties":{"z":77.1}},{"type":"Feature","geometry":{"type":"Point","coordinates":[135.8456366,34.5992102]},"properties":{"z":76.8}},{"type":"Feature","geometry":{"type":"Point","coordinates":[135.8456779,34.5991809]},"properties":{"z":76.8}},{"type":"Feature","geometry":{"type":"Point","coordinates":[135.8457205,34.5991529]},"properties":{"z":76.7}},{"type":"Feature","geometry":{"type":"Point","coordinates":[135.8457744,34.5991588]},"properties":{"z":76.7}},{"type":"Feature","geometry":{"type":"Point","coordinates":[135.8458248,34.5991756]},"properties":{"z":77.1}},{"type":"Feature","geometry":{"type":"Point","coordinates":[135.8458724,34.5991977]},"properties":{"z":77.2}},{"type":"Feature","geometry":{"type":"Point","coordinates":[135.8459206,34.5992188]},"properties":{"z":77.2}},{"type":"Feature","geometry":{"type":"Point","coordinates":[135.8459694,34.599239]},"properties":{"z":77.6}},{"type":"Feature","geometry":{"type":"Point","coordinates":[135.8460168,34.5992613]},"properties":{"z":77.6}},{"type":"Feature","geometry":{"type":"Point","coordinates":[135.8460634,34.5992847]},"properties":{"z":77.8}},{"type":"Feature","geometry":{"type":"Point","coordinates":[135.8461097,34.5993086]},"properties":{"z":78.0}},{"type":"Feature","geometry":{"type":"Point","coordinates":[135.8461547,34.599334]},"properties":{"z":78.2}},{"type":"Feature","geometry":{"type":"Point","coordinates":[135.8461976,34.5993617]},"properties":{"z":78.2}},{"type":"Feature","geometry":{"type":"Point","coordinates":[135.8462418,34.5993881]},"properties":{"z":78.5}},{"type":"Feature","geometry":{"type":"Point","coordinates":[135.8462868,34.5994137]},"properties":{"z":78.5}},{"type":"Feature","geometry":{"type":"Point","coordinates":[135.84633,34.5994411]},"properties":{"z":78.7}},{"type":"Feature","geometry":{"type":"Point","coordinates":[135.8463744,34.5994671]},"properties":{"z":78.8}},{"type":"Feature","geometry":{"type":"Point","coordinates":[135.8464203,34.5994914]},"properties":{"z":79.0}},{"type":"Feature","geometry":{"type":"Point","coordinates":[135.8464649,34.5995174]},"properties":{"z":79.4}},{"type":"Feature","geometry":{"type":"Point","coordinates":[135.8465058,34.5995472]},"properties":{"z":79.4}},{"type":"Feature","geometry":{"type":"Point","coordinates":[135.8465443,34.5995789]},"properties":{"z":79.4}},{"type":"Feature","geometry":{"type":"Point","coordinates":[135.8465823,34.5996113]},"properties":{"z":79.8}},{"type":"Feature","geometry":{"type":"Point","coordinates":[135.8466203,34.5996435]},"properties":{"z":79.8}},{"type":"Feature","geometry":{"type":"Point","coordinates":[135.8466583,34.5996758]},"properties":{"z":80.0}},{"type":"Feature","geometry":{"type":"Point","coordinates":[135.8466956,34.5997087]},"properties":{"z":80.0}},{"type":"Feature","geometry":{"type":"Point","coordinates":[135.8467325,34.5997418]},"properties":{"z":80.1}},{"type":"Feature","geometry":{"type":"Point","coordinates":[135.8467695,34.5997749]},"properties":{"z":80.1}},{"type":"Feature","geometry":{"type":"Point","coordinates":[135.8468061,34.5998082]},"properties":{"z":80.2}},{"type":"Feature","geometry":{"type":"Point","coordinates":[135.8468417,34.5998423]},"properties":{"z":80.2}},{"type":"Feature","geometry":{"type":"Point","coordinates":[135.8468762,34.5998772]},"properties":{"z":80.3}},{"type":"Feature","geometry":{"type":"Point","coordinates":[135.8469134,34.59991]},"properties":{"z":80.2}},{"type":"Feature","geometry":{"type":"Point","coordinates":[135.8469519,34.5999419]},"properties":{"z":80.3}},{"type":"Feature","geometry":{"type":"Point","coordinates":[135.8469916,34.5999726]},"properties":{"z":80.3}},{"type":"Feature","geometry":{"type":"Point","coordinates":[135.8470347,34.6000002]},"properties":{"z":80.3}},{"type":"Feature","geometry":{"type":"Point","coordinates":[135.8470807,34.6000245]},"properties":{"z":80.4}},{"type":"Feature","geometry":{"type":"Point","coordinates":[135.8471283,34.6000465]},"properties":{"z":80.4}},{"type":"Feature","geometry":{"type":"Point","coordinates":[135.8471762,34.600068]},"properties":{"z":80.4}},{"type":"Feature","geometry":{"type":"Point","coordinates":[135.8472239,34.60009]},"properties":{"z":80.5}},{"type":"Feature","geometry":{"type":"Point","coordinates":[135.8472715,34.6001119]},"properties":{"z":80.5}},{"type":"Feature","geometry":{"type":"Point","coordinates":[135.8473211,34.6001306]},"properties":{"z":80.5}},{"type":"Feature","geometry":{"type":"Point","coordinates":[135.8473733,34.6001439]},"properties":{"z":80.5}},{"type":"Feature","geometry":{"type":"Point","coordinates":[135.8474259,34.6001559]},"properties":{"z":80.6}},{"type":"Feature","geometry":{"type":"Point","coordinates":[135.847479,34.6001663]},"properties":{"z":80.6}},{"type":"Feature","geometry":{"type":"Point","coordinates":[135.8475329,34.6001736]},"properties":{"z":80.6}},{"type":"Feature","geometry":{"type":"Point","coordinates":[135.8475869,34.6001798]},"properties":{"z":80.7}},{"type":"Feature","geometry":{"type":"Point","coordinates":[135.8476404,34.6001887]},"properties":{"z":80.7}},{"type":"Feature","geometry":{"type":"Point","coordinates":[135.8476938,34.6001978]},"properties":{"z":80.7}},{"type":"Feature","geometry":{"type":"Point","coordinates":[135.8477479,34.6002039]},"properties":{"z":80.7}},{"type":"Feature","geometry":{"type":"Point","coordinates":[135.8478019,34.6002108]},"properties":{"z":80.7}},{"type":"Feature","geometry":{"type":"Point","coordinates":[135.8478563,34.6002143]},"properties":{"z":80.7}},{"type":"Feature","geometry":{"type":"Point","coordinates":[135.8479107,34.600218]},"properties":{"z":80.7}},{"type":"Feature","geometry":{"type":"Point","coordinates":[135.847965,34.6002228]},"properties":{"z":80.9}},{"type":"Feature","geometry":{"type":"Point","coordinates":[135.8480195,34.6002252]},"properties":{"z":80.9}},{"type":"Feature","geometry":{"type":"Point","coordinates":[135.8480741,34.6002255]},"properties":{"z":80.9}},{"type":"Feature","geometry":{"type":"Point","coordinates":[135.8481284,34.6002283]},"properties":{"z":80.9}},{"type":"Feature","geometry":{"type":"Point","coordinates":[135.8481825,34.6002349]},"properties":{"z":80.9}},{"type":"Feature","geometry":{"type":"Point","coordinates":[135.8482367,34.6002402]},"properties":{"z":80.9}},{"type":"Feature","geometry":{"type":"Point","coordinates":[135.8482911,34.6002444]},"properties":{"z":80.9}},{"type":"Feature","geometry":{"type":"Point","coordinates":[135.8483454,34.6002487]},"properties":{"z":80.9}},{"type":"Feature","geometry":{"type":"Point","coordinates":[135.8483997,34.6002537]},"properties":{"z":81.0}},{"type":"Feature","geometry":{"type":"Point","coordinates":[135.8484537,34.6002604]},"properties":{"z":81.0}},{"type":"Feature","geometry":{"type":"Point","coordinates":[135.8485079,34.6002658]},"properties":{"z":81.0}},{"type":"Feature","geometry":{"type":"Point","coordinates":[135.8485623,34.6002693]},"properties":{"z":81.1}},{"type":"Feature","geometry":{"type":"Point","coordinates":[135.8486169,34.6002712]},"properties":{"z":81.2}},{"type":"Feature","geometry":{"type":"Point","coordinates":[135.8486711,34.6002766]},"properties":{"z":81.2}},{"type":"Feature","geometry":{"type":"Point","coordinates":[135.8487254,34.6002813]},"properties":{"z":81.3}},{"type":"Feature","geometry":{"type":"Point","coordinates":[135.8487798,34.6002842]},"properties":{"z":81.4}},{"type":"Feature","geometry":{"type":"Point","coordinates":[135.8488344,34.6002836]},"properties":{"z":81.4}},{"type":"Feature","geometry":{"type":"Point","coordinates":[135.8488888,34.6002875]},"properties":{"z":81.5}},{"type":"Feature","geometry":{"type":"Point","coordinates":[135.8489433,34.60029]},"properties":{"z":81.5}},{"type":"Feature","geometry":{"type":"Point","coordinates":[135.8489979,34.6002898]},"properties":{"z":81.6}},{"type":"Feature","geometry":{"type":"Point","coordinates":[135.8490519,34.6002957]},"properties":{"z":81.9}},{"type":"Feature","geometry":{"type":"Point","coordinates":[135.8491065,34.600295]},"properties":{"z":81.9}},{"type":"Feature","geometry":{"type":"Point","coordinates":[135.8491606,34.6002997]},"properties":{"z":82.0}},{"type":"Feature","geometry":{"type":"Point","coordinates":[135.8492143,34.600308]},"properties":{"z":82.1}},{"type":"Feature","geometry":{"type":"Point","coordinates":[135.8492683,34.6003122]},"properties":{"z":82.1}},{"type":"Feature","geometry":{"type":"Point","coordinates":[135.8493228,34.6003094]},"properties":{"z":82.1}},{"type":"Feature","geometry":{"type":"Point","coordinates":[135.8493772,34.6003051]},"properties":{"z":82.1}},{"type":"Feature","geometry":{"type":"Point","coordinates":[135.8494313,34.6003042]},"properties":{"z":82.2}},{"type":"Feature","geometry":{"type":"Point","coordinates":[135.8494851,34.6003121]},"properties":{"z":82.3}},{"type":"Feature","geometry":{"type":"Point","coordinates":[135.8495371,34.6003258]},"properties":{"z":82.3}},{"type":"Feature","geometry":{"type":"Point","coordinates":[135.84959,34.6003366]},"properties":{"z":82.4}},{"type":"Feature","geometry":{"type":"Point","coordinates":[135.8496426,34.6003483]},"properties":{"z":82.5}},{"type":"Feature","geometry":{"type":"Point","coordinates":[135.8496936,34.6003643]},"properties":{"z":82.7}},{"type":"Feature","geometry":{"type":"Point","coordinates":[135.8497429,34.6003837]},"properties":{"z":82.8}},{"type":"Feature","geometry":{"type":"Point","coordinates":[135.849792,34.6004034]},"properties":{"z":82.8}},{"type":"Feature","geometry":{"type":"Point","coordinates":[135.8498414,34.6004226]},"properties":{"z":83.1}},{"type":"Feature","geometry":{"type":"Point","coordinates":[135.8498916,34.6004403]},"properties":{"z":83.3}},{"type":"Feature","geometry":{"type":"Point","coordinates":[135.8499426,34.6004563]},"properties":{"z":83.6}},{"type":"Feature","geometry":{"type":"Point","coordinates":[135.8499947,34.6004697]},"properties":{"z":83.9}},{"type":"Feature","geometry":{"type":"Point","coordinates":[135.8500482,34.6004755]},"properties":{"z":83.9}},{"type":"Feature","geometry":{"type":"Point","coordinates":[135.8501026,34.6004724]},"properties":{"z":84.2}},{"type":"Feature","geometry":{"type":"Point","coordinates":[135.8501564,34.6004649]},"properties":{"z":84.5}},{"type":"Feature","geometry":{"type":"Point","coordinates":[135.85021,34.6004562]},"properties":{"z":84.5}},{"type":"Feature","geometry":{"type":"Point","coordinates":[135.8502635,34.6004472]},"properties":{"z":84.8}},{"type":"Feature","geometry":{"type":"Point","coordinates":[135.8503169,34.6004379]},"properties":{"z":84.8}},{"type":"Feature","geometry":{"type":"Point","coordinates":[135.8503701,34.6004278]},"properties":{"z":84.9}},{"type":"Feature","geometry":{"type":"Point","coordinates":[135.8504233,34.6004179]},"properties":{"z":85.2}},{"type":"Feature","geometry":{"type":"Point","coordinates":[135.8504774,34.6004116]},"properties":{"z":85.2}},{"type":"Feature","geometry":{"type":"Point","coordinates":[135.8505314,34.6004052]},"properties":{"z":85.5}},{"type":"Feature","geometry":{"type":"Point","coordinates":[135.8505854,34.6003982]},"properties":{"z":85.8}},{"type":"Feature","geometry":{"type":"Point","coordinates":[135.8506382,34.6003871]},"properties":{"z":85.8}},{"type":"Feature","geometry":{"type":"Point","coordinates":[135.850691,34.600377]},"properties":{"z":86.4}},{"type":"Feature","geometry":{"type":"Point","coordinates":[135.8507455,34.6003748]},"properties":{"z":86.4}},{"type":"Feature","geometry":{"type":"Point","coordinates":[135.8507998,34.6003789]},"properties":{"z":86.9}},{"type":"Feature","geometry":{"type":"Point","coordinates":[135.8508541,34.600374]},"properties":{"z":87.4}},{"type":"Feature","geometry":{"type":"Point","coordinates":[135.8509083,34.6003685]},"properties":{"z":87.4}},{"type":"Feature","geometry":{"type":"Point","coordinates":[135.8509625,34.6003709]},"properties":{"z":87.9}},{"type":"Feature","geometry":{"type":"Point","coordinates":[135.8510168,34.6003745]},"properties":{"z":88.4}},{"type":"Feature","geometry":{"type":"Point","coordinates":[135.8510713,34.6003734]},"properties":{"z":88.4}},{"type":"Feature","geometry":{"type":"Point","coordinates":[135.8511254,34.6003674]},"properties":{"z":88.9}},{"type":"Feature","geometry":{"type":"Point","coordinates":[135.8511789,34.6003585]},"properties":{"z":88.9}},{"type":"Feature","geometry":{"type":"Point","coordinates":[135.8512325,34.6003504]},"properties":{"z":89.4}},{"type":"Feature","geometry":{"type":"Point","coordinates":[135.8512844,34.6003362]},"properties":{"z":89.9}},{"type":"Feature","geometry":{"type":"Point","coordinates":[135.8513334,34.6003166]},"properties":{"z":89.9}},{"type":"Feature","geometry":{"type":"Point","coordinates":[135.8513845,34.6003009]},"properties":{"z":90.3}},{"type":"Feature","geometry":{"type":"Point","coordinates":[135.8514365,34.6002872]},"properties":{"z":90.4}},{"type":"Feature","geometry":{"type":"Point","coordinates":[135.8514889,34.6002748]},"properties":{"z":90.7}},{"type":"Feature","geometry":{"type":"Point","coordinates":[135.8515412,34.600262]},"properties":{"z":91.1}},{"type":"Feature","geometry":{"type":"Point","coordinates":[135.851592,34.6002457]},"properties":{"z":91.1}},{"type":"Feature","geometry":{"type":"Point","coordinates":[135.8516446,34.6002336]},"properties":{"z":91.5}},{"type":"Feature","geometry":{"type":"Point","coordinates":[135.851696,34.6002184]},"properties":{"z":91.6}},{"type":"Feature","geometry":{"type":"Point","coordinates":[135.8517497,34.6002112]},"properties":{"z":91.9}},{"type":"Feature","geometry":{"type":"Point","coordinates":[135.8518039,34.6002054]},"properties":{"z":92.3}},{"type":"Feature","geometry":{"type":"Point","coordinates":[135.8518577,34.6001978]},"properties":{"z":92.3}},{"type":"Feature","geometry":{"type":"Point","coordinates":[135.8519114,34.60019]},"properties":{"z":92.7}},{"type":"Feature","geometry":{"type":"Point","coordinates":[135.8519658,34.6001858]},"properties":{"z":93.2}},{"type":"Feature","geometry":{"type":"Point","coordinates":[135.8520203,34.6001863]},"properties":{"z":93.2}},{"type":"Feature","geometry":{"type":"Point","coordinates":[135.8520747,34.6001848]},"properties":{"z":93.4}},{"type":"Feature","geometry":{"type":"Point","coordinates":[135.8521291,34.6001807]},"properties":{"z":93.4}},{"type":"Feature","geometry":{"type":"Point","coordinates":[135.8521834,34.6001764]},"properties":{"z":93.4}},{"type":"Feature","geometry":{"type":"Point","coordinates":[135.8522376,34.600171]},"properties":{"z":93.3}},{"type":"Feature","geometry":{"type":"Point","coordinates":[135.852292,34.6001671]},"properties":{"z":93.3}},{"type":"Feature","geometry":{"type":"Point","coordinates":[135.8523466,34.6001654]},"properties":{"z":93.3}},{"type":"Feature","geometry":{"type":"Point","coordinates":[135.8524011,34.600163]},"properties":{"z":93.3}},{"type":"Feature","geometry":{"type":"Point","coordinates":[135.8524557,34.6001632]},"properties":{"z":93.3}},{"type":"Feature","geometry":{"type":"Point","coordinates":[135.8525101,34.6001594]},"properties":{"z":93.2}},{"type":"Feature","geometry":{"type":"Point","coordinates":[135.8525635,34.6001498]},"properties":{"z":92.7}},{"type":"Feature","geometry":{"type":"Point","coordinates":[135.8526174,34.600143]},"properties":{"z":92.7}},{"type":"Feature","geometry":{"type":"Point","coordinates":[135.852672,34.6001444]},"properties":{"z":92.7}},{"type":"Feature","geometry":{"type":"Point","coordinates":[135.8527265,34.6001414]},"properties":{"z":92.7}},{"type":"Feature","geometry":{"type":"Point","coordinates":[135.8527808,34.6001367]},"properties":{"z":92.7}},{"type":"Feature","geometry":{"type":"Point","coordinates":[135.8528333,34.6001246]},"properties":{"z":92.7}},{"type":"Feature","geometry":{"type":"Point","coordinates":[135.8528852,34.6001105]},"properties":{"z":92.7}},{"type":"Feature","geometry":{"type":"Point","coordinates":[135.8529364,34.6000949]},"properties":{"z":92.8}},{"type":"Feature","geometry":{"type":"Point","coordinates":[135.8529873,34.6000786]},"properties":{"z":92.3}},{"type":"Feature","geometry":{"type":"Point","coordinates":[135.8530361,34.6000585]},"properties":{"z":92.3}},{"type":"Feature","geometry":{"type":"Point","coordinates":[135.8530863,34.6000409]},"properties":{"z":92.2}},{"type":"Feature","geometry":{"type":"Point","coordinates":[135.8531341,34.6000192]},"properties":{"z":92.2}},{"type":"Feature","geometry":{"type":"Point","coordinates":[135.8531838,34.6000005]},"properties":{"z":91.9}},{"type":"Feature","geometry":{"type":"Point","coordinates":[135.8532358,34.5999872]},"properties":{"z":91.9}},{"type":"Feature","geometry":{"type":"Point","coordinates":[135.8532891,34.5999776]},"properties":{"z":91.9}},{"type":"Feature","geometry":{"type":"Point","coordinates":[135.8533429,34.5999697]},"properties":{"z":92.0}},{"type":"Feature","geometry":{"type":"Point","coordinates":[135.8533969,34.5999633]},"properties":{"z":92.0}},{"type":"Feature","geometry":{"type":"Point","coordinates":[135.8534513,34.5999603]},"properties":{"z":92.1}},{"type":"Feature","geometry":{"type":"Point","coordinates":[135.8535052,34.5999528]},"properties":{"z":92.5}},{"type":"Feature","geometry":{"type":"Point","coordinates":[135.8535586,34.5999435]},"properties":{"z":92.5}},{"type":"Feature","geometry":{"type":"Point","coordinates":[135.8536118,34.5999336]},"properties":{"z":92.7}},{"type":"Feature","geometry":{"type":"Point","coordinates":[135.8536657,34.599926]},"properties":{"z":92.7}},{"type":"Feature","geometry":{"type":"Point","coordinates":[135.8537195,34.5999185]},"properties":{"z":93.4}},{"type":"Feature","geometry":{"type":"Point","coordinates":[135.8537737,34.5999155]},"properties":{"z":94.1}},{"type":"Feature","geometry":{"type":"Point","coordinates":[135.8538283,34.5999142]},"properties":{"z":94.1}},{"type":"Feature","geometry":{"type":"Point","coordinates":[135.8538828,34.5999115]},"properties":{"z":94.8}},{"type":"Feature","geometry":{"type":"Point","coordinates":[135.8539374,34.5999094]},"properties":{"z":95.6}},{"type":"Feature","geometry":{"type":"Point","coordinates":[135.8539918,34.5999063]},"properties":{"z":95.6}},{"type":"Feature","geometry":{"type":"Point","coordinates":[135.8540461,34.5999017]},"properties":{"z":96.6}},{"type":"Feature","geometry":{"type":"Point","coordinates":[135.8541002,34.5998951]},"properties":{"z":96.6}},{"type":"Feature","geometry":{"type":"Point","coordinates":[135.8541544,34.5998899]},"properties":{"z":97.5}},{"type":"Feature","geometry":{"type":"Point","coordinates":[135.8542081,34.5998816]},"properties":{"z":98.4}},{"type":"Feature","geometry":{"type":"Point","coordinates":[135.854262,34.5998745]},"properties":{"z":98.4}},{"type":"Feature","geometry":{"type":"Point","coordinates":[135.8543164,34.5998714]},"properties":{"z":99.2}},{"type":"Feature","geometry":{"type":"Point","coordinates":[135.8543705,34.5998662]},"properties":{"z":98.6}},{"type":"Feature","geometry":{"type":"Point","coordinates":[135.8544242,34.5998579]},"properties":{"z":98.6}},{"type":"Feature","geometry":{"type":"Point","coordinates":[135.8544779,34.5998497]},"properties":{"z":99.1}},{"type":"Feature","geometry":{"type":"Point","coordinates":[135.8545319,34.5998434]},"properties":{"z":99.3}},{"type":"Feature","geometry":{"type":"Point","coordinates":[135.8545861,34.5998384]},"properties":{"z":99.3}},{"type":"Feature","geometry":{"type":"Point","coordinates":[135.85464,34.5998313]},"properties":{"z":99.4}},{"type":"Feature","geometry":{"type":"Point","coordinates":[135.8546945,34.5998299]},"properties":{"z":99.4}},{"type":"Feature","geometry":{"type":"Point","coordinates":[135.854749,34.5998264]},"properties":{"z":99.6}},{"type":"Feature","geometry":{"type":"Point","coordinates":[135.8548032,34.5998211]},"properties":{"z":99.8}},{"type":"Feature","geometry":{"type":"Point","coordinates":[135.8548571,34.599814]},"properties":{"z":99.8}},{"type":"Feature","geometry":{"type":"Point","coordinates":[135.8549117,34.5998137]},"properties":{"z":100.4}},{"type":"Feature","geometry":{"type":"Point","coordinates":[135.8549662,34.5998164]},"properties":{"z":101.1}},{"type":"Feature","geometry":{"type":"Point","coordinates":[135.8550207,34.599815]},"properties":{"z":101.1}},{"type":"Feature","geometry":{"type":"Point","coordinates":[135.8550747,34.5998089]},"properties":{"z":101.8}},{"type":"Feature","geometry":{"type":"Point","coordinates":[135.8551288,34.5998026]},"properties":{"z":101.8}},{"type":"Feature","geometry":{"type":"Point","coordinates":[135.8551828,34.5997965]},"properties":{"z":102.5}},{"type":"Feature","geometry":{"type":"Point","coordinates":[135.8552365,34.5997882]},"properties":{"z":103.0}},{"type":"Feature","geometry":{"type":"Point","coordinates":[135.8552901,34.5997796]},"properties":{"z":103.0}},{"type":"Feature","geometry":{"type":"Point","coordinates":[135.8553429,34.5997681]},"properties":{"z":103.5}},{"type":"Feature","geometry":{"type":"Point","coordinates":[135.8553958,34.599757]},"properties":{"z":103.9}},{"type":"Feature","geometry":{"type":"Point","coordinates":[135.8554496,34.5997492]},"properties":{"z":103.9}},{"type":"Feature","geometry":{"type":"Point","coordinates":[135.8555037,34.5997432]},"properties":{"z":104.4}},{"type":"Feature","geometry":{"type":"Point","coordinates":[135.8555577,34.5997365]},"properties":{"z":104.4}},{"type":"Feature","geometry":{"type":"Point","coordinates":[135.8556114,34.5997284]},"properties":{"z":105.0}},{"type":"Feature","geometry":{"type":"Point","coordinates":[135.8556651,34.5997203]},"properties":{"z":104.7}},{"type":"Feature","geometry":{"type":"Point","coordinates":[135.8557191,34.5997138]},"properties":{"z":104.7}},{"type":"Feature","geometry":{"type":"Point","coordinates":[135.8557734,34.5997085]},"properties":{"z":105.3}},{"type":"Feature","geometry":{"type":"Point","coordinates":[135.8558277,34.5997045]},"properties":{"z":105.8}},{"type":"Feature","geometry":{"type":"Point","coordinates":[135.8558822,34.5997011]},"properties":{"z":105.8}},{"type":"Feature","geometry":{"type":"Point","coordinates":[135.8559365,34.5996968]},"properties":{"z":106.3}},{"type":"Feature","geometry":{"type":"Point","coordinates":[135.8559905,34.59969]},"properties":{"z":106.8}},{"type":"Feature","geometry":{"type":"Point","coordinates":[135.8560441,34.5996814]},"properties":{"z":106.8}},{"type":"Feature","geometry":{"type":"Point","coordinates":[135.856098,34.5996745]},"properties":{"z":107.1}},{"type":"Feature","geometry":{"type":"Point","coordinates":[135.8561524,34.5996706]},"properties":{"z":107.1}},{"type":"Feature","geometry":{"type":"Point","coordinates":[135.8562065,34.5996651]},"properties":{"z":107.4}},{"type":"Feature","geometry":{"type":"Point","coordinates":[135.8562597,34.5996553]},"properties":{"z":107.0}},{"type":"Feature","geometry":{"type":"Point","coordinates":[135.8563115,34.5996411]},"properties":{"z":107.0}},{"type":"Feature","geometry":{"type":"Point","coordinates":[135.8563613,34.5996228]},"properties":{"z":107.5}},{"type":"Feature","geometry":{"type":"Point","coordinates":[135.8564108,34.5996039]},"properties":{"z":107.5}},{"type":"Feature","geometry":{"type":"Point","coordinates":[135.8564601,34.5995846]},"properties":{"z":106.9}},{"type":"Feature","geometry":{"type":"Point","coordinates":[135.8565055,34.5995598]},"properties":{"z":106.9}},{"type":"Feature","geometry":{"type":"Point","coordinates":[135.8565529,34.5995378]},"properties":{"z":106.9}},{"type":"Feature","geometry":{"type":"Point","coordinates":[135.8566006,34.5995161]},"properties":{"z":107.0}},{"type":"Feature","geometry":{"type":"Point","coordinates":[135.8566473,34.5994928]},"properties":{"z":106.1}},{"type":"Feature","geometry":{"type":"Point","coordinates":[135.8566932,34.5994683]},"properties":{"z":106.4}},{"type":"Feature","geometry":{"type":"Point","coordinates":[135.8567393,34.5994443]},"properties":{"z":106.4}},{"type":"Feature","geometry":{"type":"Point","coordinates":[135.8567855,34.5994203]},"properties":{"z":105.3}},{"type":"Feature","geometry":{"type":"Point","coordinates":[135.8568304,34.5993948]},"properties":{"z":105.3}},{"type":"Feature","geometry":{"type":"Point","coordinates":[135.8568776,34.5993722]},"properties":{"z":104.2}},{"type":"Feature","geometry":{"type":"Point","coordinates":[135.8569273,34.599354]},"properties":{"z":104.2}},{"type":"Feature","geometry":{"type":"Point","coordinates":[135.8569796,34.5993414]},"properties":{"z":104.2}},{"type":"Feature","geometry":{"type":"Point","coordinates":[135.8570333,34.5993346]},"properties":{"z":104.1}},{"type":"Feature","geometry":{"type":"Point","coordinates":[135.8570879,34.5993352]},"properties":{"z":104.1}},{"type":"Feature","geometry":{"type":"Point","coordinates":[135.8571416,34.5993435]},"properties":{"z":103.7}},{"type":"Feature","geometry":{"type":"Point","coordinates":[135.857195,34.5993529]},"properties":{"z":103.2}},{"type":"Feature","geometry":{"type":"Point","coordinates":[135.8572471,34.5993658]},"properties":{"z":103.2}},{"type":"Feature","geometry":{"type":"Point","coordinates":[135.8572976,34.5993829]},"properties":{"z":103.8}},{"type":"Feature","geometry":{"type":"Point","coordinates":[135.8573472,34.5994018]},"properties":{"z":103.8}},{"type":"Feature","geometry":{"type":"Point","coordinates":[135.8573959,34.5994221]},"properties":{"z":103.2}},{"type":"Feature","geometry":{"type":"Point","coordinates":[135.8574441,34.5994432]},"properties":{"z":103.2}},{"type":"Feature","geometry":{"type":"Point","coordinates":[135.8574921,34.5994647]},"properties":{"z":103.7}},{"type":"Feature","geometry":{"type":"Point","coordinates":[135.8575379,34.599489]},"properties":{"z":103.5}},{"type":"Feature","geometry":{"type":"Point","coordinates":[135.8575825,34.5995149]},"properties":{"z":105.0}},{"type":"Feature","geometry":{"type":"Point","coordinates":[135.8576261,34.599542]},"properties":{"z":104.5}},{"type":"Feature","geometry":{"type":"Point","coordinates":[135.857667,34.5995718]},"properties":{"z":104.5}},{"type":"Feature","geometry":{"type":"Point","coordinates":[135.8577067,34.5996027]},"properties":{"z":104.6}},{"type":"Feature","geometry":{"type":"Point","coordinates":[135.8577462,34.5996337]},"properties":{"z":104.6}},{"type":"Feature","geometry":{"type":"Point","coordinates":[135.8577861,34.5996644]},"properties":{"z":105.4}},{"type":"Feature","geometry":{"type":"Point","coordinates":[135.8578267,34.5996945]},"properties":{"z":104.6}},{"type":"Feature","geometry":{"type":"Point","coordinates":[135.8578675,34.5997243]},"properties":{"z":104.6}},{"type":"Feature","geometry":{"type":"Point","coordinates":[135.8579106,34.5997518]},"properties":{"z":105.2}},{"type":"Feature","geometry":{"type":"Point","coordinates":[135.8579572,34.5997747]},"properties":{"z":105.2}},{"type":"Feature","geometry":{"type":"Point","coordinates":[135.8580084,34.5997903]},"properties":{"z":104.6}},{"type":"Feature","geometry":{"type":"Point","coordinates":[135.8580606,34.5998034]},"properties":{"z":105.6}},{"type":"Feature","geometry":{"type":"Point","coordinates":[135.8581128,34.5998167]},"properties":{"z":105.6}},{"type":"Feature","geometry":{"type":"Point","coordinates":[135.8581657,34.5998276]},"properties":{"z":105.5}},{"type":"Feature","geometry":{"type":"Point","coordinates":[135.8582196,34.5998349]},"properties":{"z":105.5}},{"type":"Feature","geometry":{"type":"Point","coordinates":[135.8582738,34.5998397]},"properties":{"z":105.3}},{"type":"Feature","geometry":{"type":"Point","coordinates":[135.8583284,34.5998413]},"properties":{"z":105.3}},{"type":"Feature","geometry":{"type":"Point","coordinates":[135.858383,34.5998406]},"properties":{"z":105.3}},{"type":"Feature","geometry":{"type":"Point","coordinates":[135.8584375,34.5998409]},"properties":{"z":105.3}},{"type":"Feature","geometry":{"type":"Point","coordinates":[135.858492,34.5998438]},"properties":{"z":105.3}},{"type":"Feature","geometry":{"type":"Point","coordinates":[135.8585464,34.599848]},"properties":{"z":105.3}},{"type":"Feature","geometry":{"type":"Point","coordinates":[135.8586007,34.5998529]},"properties":{"z":105.6}},{"type":"Feature","geometry":{"type":"Point","coordinates":[135.8586551,34.5998567]},"properties":{"z":106.5}},{"type":"Feature","geometry":{"type":"Point","coordinates":[135.8587086,34.5998649]},"properties":{"z":106.5}},{"type":"Feature","geometry":{"type":"Point","coordinates":[135.8587607,34.5998782]},"properties":{"z":108.5}},{"type":"Feature","geometry":{"type":"Point","coordinates":[135.8588136,34.5998893]},"properties":{"z":108.5}},{"type":"Feature","geometry":{"type":"Point","coordinates":[135.8588668,34.5998995]},"properties":{"z":109.5}},{"type":"Feature","geometry":{"type":"Point","coordinates":[135.8589198,34.5999105]},"properties":{"z":110.8}},{"type":"Feature","geometry":{"type":"Point","coordinates":[135.8589725,34.599922]},"properties":{"z":110.8}},{"type":"Feature","geometry":{"type":"Point","coordinates":[135.8590239,34.5999372]},"properties":{"z":111.6}},{"type":"Feature","geometry":{"type":"Point","coordinates":[135.8590752,34.5999527]},"properties":{"z":112.3}},{"type":"Feature","geometry":{"type":"Point","coordinates":[135.8591269,34.599967]},"properties":{"z":113.1}},{"type":"Feature","geometry":{"type":"Point","coordinates":[135.8591766,34.5999855]},"properties":{"z":113.5}},{"type":"Feature","geometry":{"type":"Point","coordinates":[135.8592283,34.6]},"properties":{"z":113.5}},{"type":"Feature","geometry":{"type":"Point","coordinates":[135.8592773,34.6000198]},"properties":{"z":114.0}},{"type":"Feature","geometry":{"type":"Point","coordinates":[135.8593264,34.6000395]},"properties":{"z":114.0}},{"type":"Feature","geometry":{"type":"Point","coordinates":[135.8593752,34.6000597]},"properties":{"z":113.3}},{"type":"Feature","geometry":{"type":"Point","coordinates":[135.8594225,34.6000821]},"properties":{"z":114.1}},{"type":"Feature","geometry":{"type":"Point","coordinates":[135.8594693,34.6001052]},"properties":{"z":113.4}},{"type":"Feature","geometry":{"type":"Point","coordinates":[135.8595154,34.6001293]},"properties":{"z":112.8}},{"type":"Feature","geometry":{"type":"Point","coordinates":[135.8595614,34.6001535]},"properties":{"z":113.6}},{"type":"Feature","geometry":{"type":"Point","coordinates":[135.8596086,34.6001761]},"properties":{"z":112.9}},{"type":"Feature","geometry":{"type":"Point","coordinates":[135.8596546,34.6002003]},"properties":{"z":112.9}},{"type":"Feature","geometry":{"type":"Point","coordinates":[135.8597018,34.6002228]},"properties":{"z":113.1}},{"type":"Feature","geometry":{"type":"Point","coordinates":[135.8597485,34.600246]},"properties":{"z":113.1}},{"type":"Feature","geometry":{"type":"Point","coordinates":[135.8597937,34.6002713]},"properties":{"z":112.5}},{"type":"Feature","geometry":{"type":"Point","coordinates":[135.8598397,34.6002954]},"properties":{"z":113.3}},{"type":"Feature","geometry":{"type":"Point","coordinates":[135.8598856,34.6003198]},"properties":{"z":112.6}},{"type":"Feature","geometry":{"type":"Point","coordinates":[135.8599303,34.6003456]},"properties":{"z":112.6}},{"type":"Feature","geometry":{"type":"Point","coordinates":[135.859976,34.6003701]},"properties":{"z":112.6}},{"type":"Feature","geometry":{"type":"Point","coordinates":[135.8600221,34.6003942]},"properties":{"z":112.6}},{"type":"Feature","geometry":{"type":"Point","coordinates":[135.8600646,34.6004222]},"properties":{"z":111.7}},{"type":"Feature","geometry":{"type":"Point","coordinates":[135.8601051,34.6004524]},"properties":{"z":112.6}},{"type":"Feature","geometry":{"type":"Point","coordinates":[135.8601484,34.6004796]},"properties":{"z":112.1}},{"type":"Feature","geometry":{"type":"Point","coordinates":[135.8601943,34.600504]},"properties":{"z":113.2}},{"type":"Feature","geometry":{"type":"Point","coordinates":[135.8602404,34.6005281]},"properties":{"z":112.8}},{"type":"Feature","geometry":{"type":"Point","coordinates":[135.8602865,34.6005522]},"properties":{"z":112.3}},{"type":"Feature","geometry":{"type":"Point","coordinates":[135.8603314,34.6005777]},"properties":{"z":113.3}},{"type":"Feature","geometry":{"type":"Point","coordinates":[135.8603742,34.6006056]},"properties":{"z":112.9}},{"type":"Feature","geometry":{"type":"Point","coordinates":[135.8604159,34.6006346]},"properties":{"z":112.9}},{"type":"Feature","geometry":{"type":"Point","coordinates":[135.8604587,34.6006624]},"properties":{"z":113.4}},{"type":"Feature","geometry":{"type":"Point","coordinates":[135.8605016,34.6006901]},"properties":{"z":113.4}},{"type":"Feature","geometry":{"type":"Point","coordinates":[135.8605416,34.6007206]},"properties":{"z":113.8}},{"type":"Feature","geometry":{"type":"Point","coordinates":[135.860583,34.60075]},"properties":{"z":113.8}},{"type":"Feature","geometry":{"type":"Point","coordinates":[135.8606244,34.6007793]},"properties":{"z":113.3}},{"type":"Feature","geometry":{"type":"Point","coordinates":[135.8606661,34.6008083]},"properties":{"z":114.1}},{"type":"Feature","geometry":{"type":"Point","coordinates":[135.8607089,34.6008363]},"properties":{"z":114.1}},{"type":"Feature","geometry":{"type":"Point","coordinates":[135.8607518,34.600864]},"properties":{"z":114.5}},{"type":"Feature","geometry":{"type":"Point","coordinates":[135.8607947,34.6008918]},"properties":{"z":114.5}},{"type":"Feature","geometry":{"type":"Point","coordinates":[135.8608355,34.6009217]},"properties":{"z":114.2}},{"type":"Feature","geometry":{"type":"Point","coordinates":[135.8608766,34.6009514]},"properties":{"z":115.0}},{"type":"Feature","geometry":{"type":"Point","coordinates":[135.8609172,34.6009814]},"properties":{"z":114.7}},{"type":"Feature","geometry":{"type":"Point","coordinates":[135.8609562,34.6010128]},"properties":{"z":115.6}},{"type":"Feature","geometry":{"type":"Point","coordinates":[135.8609944,34.6010449]},"properties":{"z":115.2}},{"type":"Feature","geometry":{"type":"Point","coordinates":[135.861034,34.6010758]},"properties":{"z":116.1}},{"type":"Feature","geometry":{"type":"Point","coordinates":[135.8610757,34.6011049]},"properties":{"z":115.7}},{"type":"Feature","geometry":{"type":"Point","coordinates":[135.8611177,34.6011337]},"properties":{"z":115.7}},{"type":"Feature","geometry":{"type":"Point","coordinates":[135.8611595,34.6011625]},"properties":{"z":116.3}},{"type":"Feature","geometry":{"type":"Point","coordinates":[135.8612021,34.6011907]},"properties":{"z":116.3}},{"type":"Feature","geometry":{"type":"Point","coordinates":[135.8612446,34.6012189]},"properties":{"z":116.9}},{"type":"Feature","geometry":{"type":"Point","coordinates":[135.8612887,34.6012454]},"properties":{"z":116.9}},{"type":"Feature","geometry":{"type":"Point","coordinates":[135.86133,34.6012749]},"properties":{"z":116.5}},{"type":"Feature","geometry":{"type":"Point","coordinates":[135.8613707,34.6013047]},"properties":{"z":117.3}},{"type":"Feature","geometry":{"type":"Point","coordinates":[135.8614145,34.6013313]},"properties":{"z":117.0}},{"type":"Feature","geometry":{"type":"Point","coordinates":[135.8614546,34.6013617]},"properties":{"z":117.8}},{"type":"Feature","geometry":{"type":"Point","coordinates":[135.8614937,34.6013931]},"properties":{"z":117.6}},{"type":"Feature","geometry":{"type":"Point","coordinates":[135.8615357,34.6014218]},"properties":{"z":117.6}},{"type":"Feature","geometry":{"type":"Point","coordinates":[135.8615762,34.6014519]},"properties":{"z":118.0}},{"type":"Feature","geometry":{"type":"Point","coordinates":[135.8616157,34.601483]},"properties":{"z":118.0}},{"type":"Feature","geometry":{"type":"Point","coordinates":[135.8616562,34.6015131]},"properties":{"z":118.4}},{"type":"Feature","geometry":{"type":"Point","coordinates":[135.8616944,34.6015452]},"properties":{"z":118.4}},{"type":"Feature","geometry":{"type":"Point","coordinates":[135.8617347,34.6015755]},"properties":{"z":119.2}},{"type":"Feature","geometry":{"type":"Point","coordinates":[135.8617749,34.6016059]},"properties":{"z":119.2}},{"type":"Feature","geometry":{"type":"Point","coordinates":[135.8618175,34.601634]},"properties":{"z":120.3}},{"type":"Feature","geometry":{"type":"Point","coordinates":[135.861862,34.60166]},"properties":{"z":121.1}},{"type":"Feature","geometry":{"type":"Point","coordinates":[135.8619062,34.6016864]},"properties":{"z":121.1}},{"type":"Feature","geometry":{"type":"Point","coordinates":[135.8619528,34.6017094]},"properties":{"z":124.8}},{"type":"Feature","geometry":{"type":"Point","coordinates":[135.8620017,34.6017295]},"properties":{"z":123.9}},{"type":"Feature","geometry":{"type":"Point","coordinates":[135.8620535,34.6017436]},"properties":{"z":123.9}},{"type":"Feature","geometry":{"type":"Point","coordinates":[135.862106,34.6017561]},"properties":{"z":122.8}},{"type":"Feature","geometry":{"type":"Point","coordinates":[135.8621584,34.6017687]},"properties":{"z":122.8}},{"type":"Feature","geometry":{"type":"Point","coordinates":[135.8622105,34.6017822]},"properties":{"z":124.8}},{"type":"Feature","geometry":{"type":"Point","coordinates":[135.862263,34.6017945]},"properties":{"z":124.2}},{"type":"Feature","geometry":{"type":"Point","coordinates":[135.8623162,34.6018047]},"properties":{"z":124.2}},{"type":"Feature","geometry":{"type":"Point","coordinates":[135.8623697,34.6018136]},"properties":{"z":123.7}},{"type":"Feature","geometry":{"type":"Point","coordinates":[135.862424,34.601817]},"properties":{"z":123.7}},{"type":"Feature","geometry":{"type":"Point","coordinates":[135.8624766,34.6018057]},"properties":{"z":123.6}},{"type":"Feature","geometry":{"type":"Point","coordinates":[135.8625252,34.6017856]},"properties":{"z":123.9}},{"type":"Feature","geometry":{"type":"Point","coordinates":[135.8625778,34.6017734]},"properties":{"z":121.1}},{"type":"Feature","geometry":{"type":"Point","coordinates":[135.8626297,34.6017595]},"properties":{"z":121.9}},{"type":"Feature","geometry":{"type":"Point","coordinates":[135.8626822,34.6017471]},"properties":{"z":121.9}},{"type":"Feature","geometry":{"type":"Point","coordinates":[135.8627328,34.6017313]},"properties":{"z":123.0}},{"type":"Feature","geometry":{"type":"Point","coordinates":[135.8627771,34.6017052]},"properties":{"z":125.0}},{"type":"Feature","geometry":{"type":"Point","coordinates":[135.8628101,34.6016695]},"properties":{"z":124.0}},{"type":"Feature","geometry":{"type":"Point","coordinates":[135.8628456,34.6016353]},"properties":{"z":124.0}},{"type":"Feature","geometry":{"type":"Point","coordinates":[135.8628786,34.6015997]},"properties":{"z":125.3}},{"type":"Feature","geometry":{"type":"Point","coordinates":[135.8629075,34.6015615]},"properties":{"z":124.3}},{"type":"Feature","geometry":{"type":"Point","coordinates":[135.8629401,34.6015256]},"properties":{"z":124.3}},{"type":"Feature","geometry":{"type":"Point","coordinates":[135.8629827,34.6014984]},"properties":{"z":125.8}},{"type":"Feature","geometry":{"type":"Point","coordinates":[135.8630129,34.6014612]},"properties":{"z":124.8}},{"type":"Feature","geometry":{"type":"Point","coordinates":[135.8630495,34.6014279]},"properties":{"z":126.2}},{"type":"Feature","geometry":{"type":"Point","coordinates":[135.863085,34.6013938]},"properties":{"z":125.4}},{"type":"Feature","geometry":{"type":"Point","coordinates":[135.8631178,34.6013579]},"properties":{"z":126.5}},{"type":"Feature","geometry":{"type":"Point","coordinates":[135.8631555,34.6013255]},"properties":{"z":126.0}},{"type":"Feature","geometry":{"type":"Point","coordinates":[135.8631964,34.6012956]},"properties":{"z":126.0}},{"type":"Feature","geometry":{"type":"Point","coordinates":[135.8632382,34.6012667]},"properties":{"z":126.2}},{"type":"Feature","geometry":{"type":"Point","coordinates":[135.8632816,34.6012395]},"properties":{"z":126.2}},{"type":"Feature","geometry":{"type":"Point","coordinates":[135.8633296,34.6012181]},"properties":{"z":126.8}},{"type":"Feature","geometry":{"type":"Point","coordinates":[135.8633782,34.6011977]},"properties":{"z":126.6}},{"type":"Feature","geometry":{"type":"Point","coordinates":[135.8634284,34.6011801]},"properties":{"z":126.6}},{"type":"Feature","geometry":{"type":"Point","coordinates":[135.8634795,34.6011641]},"properties":{"z":127.1}},{"type":"Feature","geometry":{"type":"Point","coordinates":[135.8635308,34.6011489]},"properties":{"z":127.1}},{"type":"Feature","geometry":{"type":"Point","coordinates":[135.8635817,34.6011326]},"properties":{"z":127.2}},{"type":"Feature","geometry":{"type":"Point","coordinates":[135.8636334,34.6011182]},"properties":{"z":127.8}},{"type":"Feature","geometry":{"type":"Point","coordinates":[135.8636831,34.6010997]},"properties":{"z":127.8}},{"type":"Feature","geometry":{"type":"Point","coordinates":[135.8637332,34.6010818]},"properties":{"z":128.4}},{"type":"Feature","geometry":{"type":"Point","coordinates":[135.8637845,34.6010664]},"properties":{"z":128.0}},{"type":"Feature","geometry":{"type":"Point","coordinates":[135.8638352,34.6010497]},"properties":{"z":128.6}},{"type":"Feature","geometry":{"type":"Point","coordinates":[135.8638844,34.6010303]},"properties":{"z":128.6}},{"type":"Feature","geometry":{"type":"Point","coordinates":[135.8639333,34.6010102]},"properties":{"z":129.2}},{"type":"Feature","geometry":{"type":"Point","coordinates":[135.8639858,34.600998]},"properties":{"z":129.9}},{"type":"Feature","geometry":{"type":"Point","coordinates":[135.8640371,34.6009826]},"properties":{"z":129.5}},{"type":"Feature","geometry":{"type":"Point","coordinates":[135.8640881,34.6009665]},"properties":{"z":130.2}},{"type":"Feature","geometry":{"type":"Point","coordinates":[135.8641392,34.6009508]},"properties":{"z":130.2}},{"type":"Feature","geometry":{"type":"Point","coordinates":[135.8641902,34.6009348]},"properties":{"z":130.8}},{"type":"Feature","geometry":{"type":"Point","coordinates":[135.8642402,34.6009166]},"properties":{"z":130.9}},{"type":"Feature","geometry":{"type":"Point","coordinates":[135.8642887,34.6008961]},"properties":{"z":130.9}},{"type":"Feature","geometry":{"type":"Point","coordinates":[135.8643358,34.6008734]},"properties":{"z":131.5}},{"type":"Feature","geometry":{"type":"Point","coordinates":[135.8643855,34.600855]},"properties":{"z":131.2}},{"type":"Feature","geometry":{"type":"Point","coordinates":[135.8644389,34.6008469]},"properties":{"z":131.8}},{"type":"Feature","geometry":{"type":"Point","coordinates":[135.8644934,34.6008439]},"properties":{"z":132.4}},{"type":"Feature","geometry":{"type":"Point","coordinates":[135.8645469,34.6008362]},"properties":{"z":132.4}},{"type":"Feature","geometry":{"type":"Point","coordinates":[135.8646008,34.6008335]},"properties":{"z":133.0}},{"type":"Feature","geometry":{"type":"Point","coordinates":[135.8646551,34.6008382]},"properties":{"z":133.0}},{"type":"Feature","geometry":{"type":"Point","coordinates":[135.8647096,34.6008413]},"properties":{"z":133.6}},{"type":"Feature","geometry":{"type":"Point","coordinates":[135.8647626,34.6008515]},"properties":{"z":133.9}},{"type":"Feature","geometry":{"type":"Point","coordinates":[135.8648163,34.6008597]},"properties":{"z":134.3}},{"type":"Feature","geometry":{"type":"Point","coordinates":[135.864869,34.6008714]},"properties":{"z":134.6}},{"type":"Feature","geometry":{"type":"Point","coordinates":[135.8649225,34.6008805]},"properties":{"z":134.7}},{"type":"Feature","geometry":{"type":"Point","coordinates":[135.8649749,34.6008931]},"properties":{"z":134.7}},{"type":"Feature","geometry":{"type":"Point","coordinates":[135.8650268,34.600907]},"properties":{"z":134.5}},{"type":"Feature","geometry":{"type":"Point","coordinates":[135.8650769,34.6009241]},"properties":{"z":134.5}},{"type":"Feature","geometry":{"type":"Point","coordinates":[135.8651263,34.600943]},"properties":{"z":135.2}},{"type":"Feature","geometry":{"type":"Point","coordinates":[135.8651792,34.6009534]},"properties":{"z":135.1}},{"type":"Feature","geometry":{"type":"Point","coordinates":[135.865233,34.6009612]},"properties":{"z":135.1}},{"type":"Feature","geometry":{"type":"Point","coordinates":[135.8652872,34.6009665]},"properties":{"z":135.1}},{"type":"Feature","geometry":{"type":"Point","coordinates":[135.8653417,34.6009699]},"properties":{"z":135.1}},{"type":"Feature","geometry":{"type":"Point","coordinates":[135.8653959,34.6009752]},"properties":{"z":135.0}},{"type":"Feature","geometry":{"type":"Point","coordinates":[135.8654503,34.6009771]},"properties":{"z":134.9}},{"type":"Feature","geometry":{"type":"Point","coordinates":[135.8655049,34.6009789]},"properties":{"z":134.9}},{"type":"Feature","geometry":{"type":"Point","coordinates":[135.8655594,34.6009814]},"properties":{"z":135.1}},{"type":"Feature","geometry":{"type":"Point","coordinates":[135.8656137,34.6009796]},"properties":{"z":135.6}},{"type":"Feature","geometry":{"type":"Point","coordinates":[135.8656669,34.6009696]},"properties":{"z":135.6}},{"type":"Feature","geometry":{"type":"Point","coordinates":[135.8657165,34.600954]},"properties":{"z":136.3}},{"type":"Feature","geometry":{"type":"Point","coordinates":[135.8657663,34.6009384]},"properties":{"z":136.3}},{"type":"Feature","geometry":{"type":"Point","coordinates":[135.8658072,34.6009093]},"properties":{"z":135.4}},{"type":"Feature","geometry":{"type":"Point","coordinates":[135.8658466,34.6008782]},"properties":{"z":135.4}},{"type":"Feature","geometry":{"type":"Point","coordinates":[135.865875,34.6008422]},"properties":{"z":135.0}},{"type":"Feature","geometry":{"type":"Point","coordinates":[135.8659202,34.600817]},"properties":{"z":135.0}},{"type":"Feature","geometry":{"type":"Point","coordinates":[135.865966,34.6007926]},"properties":{"z":136.1}},{"type":"Feature","geometry":{"type":"Point","coordinates":[135.8660101,34.600766]},"properties":{"z":135.1}},{"type":"Feature","geometry":{"type":"Point","coordinates":[135.8660542,34.6007396]},"properties":{"z":136.5}},{"type":"Feature","geometry":{"type":"Point","coordinates":[135.8660869,34.6007037]},"properties":{"z":135.7}},{"type":"Feature","geometry":{"type":"Point","coordinates":[135.8661137,34.6006646]},"properties":{"z":135.7}},{"type":"Feature","geometry":{"type":"Point","coordinates":[135.8661396,34.6006251]},"properties":{"z":136.3}},{"type":"Feature","geometry":{"type":"Point","coordinates":[135.866167,34.6005862]},"properties":{"z":136.3}},{"type":"Feature","geometry":{"type":"Point","coordinates":[135.8661937,34.600547]},"properties":{"z":135.8}},{"type":"Feature","geometry":{"type":"Point","coordinates":[135.8662301,34.6005136]},"properties":{"z":137.1}},{"type":"Feature","geometry":{"type":"Point","coordinates":[135.8662563,34.6004741]},"properties":{"z":136.7}},{"type":"Feature","geometry":{"type":"Point","coordinates":[135.8662862,34.6004365]},"properties":{"z":136.7}},{"type":"Feature","geometry":{"type":"Point","coordinates":[135.8663198,34.6004011]},"properties":{"z":137.7}},{"type":"Feature","geometry":{"type":"Point","coordinates":[135.8663405,34.6003598]},"properties":{"z":137.5}},{"type":"Feature","geometry":{"type":"Point","coordinates":[135.8663545,34.6003164]},"properties":{"z":137.5}},{"type":"Feature","geometry":{"type":"Point","coordinates":[135.8663581,34.6002716]},"properties":{"z":137.4}},{"type":"Feature","geometry":{"type":"Point","coordinates":[135.8663593,34.6002266]},"properties":{"z":137.4}},{"type":"Feature","geometry":{"type":"Point","coordinates":[135.866358,34.6001817]},"properties":{"z":137.3}},{"type":"Feature","geometry":{"type":"Point","coordinates":[135.8663553,34.6001368]},"properties":{"z":137.4}},{"type":"Feature","geometry":{"type":"Point","coordinates":[135.8663534,34.6000919]},"properties":{"z":137.4}},{"type":"Feature","geometry":{"type":"Point","coordinates":[135.8663529,34.6000469]},"properties":{"z":137.6}},{"type":"Feature","geometry":{"type":"Point","coordinates":[135.8663566,34.6000022]},"properties":{"z":137.7}},{"type":"Feature","geometry":{"type":"Point","coordinates":[135.8663651,34.5999578]},"properties":{"z":137.7}},{"type":"Feature","geometry":{"type":"Point","coordinates":[135.866373,34.5999133]},"properties":{"z":137.8}},{"type":"Feature","geometry":{"type":"Point","coordinates":[135.8663778,34.5998686]},"properties":{"z":138.7}},{"type":"Feature","geometry":{"type":"Point","coordinates":[135.8663838,34.5998239]},"properties":{"z":138.7}},{"type":"Feature","geometry":{"type":"Point","coordinates":[135.8663997,34.5997826]},"properties":{"z":138.8}},{"type":"Feature","geometry":{"type":"Point","coordinates":[135.8663942,34.5997438]},"properties":{"z":138.8}},{"type":"Feature","geometry":{"type":"Point","coordinates":[135.8663834,34.5997]},"properties":{"z":139.1}},{"type":"Feature","geometry":{"type":"Point","coordinates":[135.8663866,34.5996553]},"properties":{"z":139.6}},{"type":"Feature","geometry":{"type":"Point","coordinates":[135.8664175,34.5996188]},"properties":{"z":139.6}},{"type":"Feature","geometry":{"type":"Point","coordinates":[135.8664459,34.5995814]},"properties":{"z":140.6}},{"type":"Feature","geometry":{"type":"Point","coordinates":[135.8664612,34.5995383]},"properties":{"z":142.0}},{"type":"Feature","geometry":{"type":"Point","coordinates":[135.8664999,34.5995076]},"properties":{"z":142.7}},{"type":"Feature","geometry":{"type":"Point","coordinates":[135.8665386,34.5994761]},"properties":{"z":142.7}},{"type":"Feature","geometry":{"type":"Point","coordinates":[135.8665701,34.5994394]},"properties":{"z":143.3}},{"type":"Feature","geometry":{"type":"Point","coordinates":[135.8665966,34.5994006]},"properties":{"z":143.3}},{"type":"Feature","geometry":{"type":"Point","coordinates":[135.8666232,34.5993619]},"properties":{"z":142.1}},{"type":"Feature","geometry":{"type":"Point","coordinates":[135.8666659,34.5993347]},"properties":{"z":143.4}},{"type":"Feature","geometry":{"type":"Point","coordinates":[135.8667094,34.5993077]},"properties":{"z":143.4}},{"type":"Feature","geometry":{"type":"Point","coordinates":[135.8667476,34.5992755]},"properties":{"z":143.5}},{"type":"Feature","geometry":{"type":"Point","coordinates":[135.866785,34.5992428]},"properties":{"z":143.5}},{"type":"Feature","geometry":{"type":"Point","coordinates":[135.8668234,34.5992111]},"properties":{"z":143.2}},{"type":"Feature","geometry":{"type":"Point","coordinates":[135.8668681,34.5991855]},"properties":{"z":143.2}},{"type":"Feature","geometry":{"type":"Point","coordinates":[135.8669159,34.5991638]},"properties":{"z":144.4}},{"type":"Feature","geometry":{"type":"Point","coordinates":[135.866964,34.5991425]},"properties":{"z":142.6}},{"type":"Feature","geometry":{"type":"Point","coordinates":[135.8670115,34.5991204]},"properties":{"z":143.9}},{"type":"Feature","geometry":{"type":"Point","coordinates":[135.8670594,34.5990988]},"properties":{"z":143.9}},{"type":"Feature","geometry":{"type":"Point","coordinates":[135.8671071,34.5990769]},"properties":{"z":143.3}},{"type":"Feature","geometry":{"type":"Point","coordinates":[135.8671554,34.5990559]},"properties":{"z":144.7}},{"type":"Feature","geometry":{"type":"Point","coordinates":[135.8672039,34.5990353]},"properties":{"z":144.7}},{"type":"Feature","geometry":{"type":"Point","coordinates":[135.8672523,34.5990144]},"properties":{"z":145.3}},{"type":"Feature","geometry":{"type":"Point","coordinates":[135.8673002,34.5989928]},"properties":{"z":145.3}},{"type":"Feature","geometry":{"type":"Point","coordinates":[135.8673482,34.5989714]},"properties":{"z":148.4}},{"type":"Feature","geometry":{"type":"Point","coordinates":[135.8673998,34.598957]},"properties":{"z":148.4}},{"type":"Feature","geometry":{"type":"Point","coordinates":[135.8674496,34.598939]},"properties":{"z":148.3}},{"type":"Feature","geometry":{"type":"Point","coordinates":[135.8674998,34.5989215]},"properties":{"z":149.4}},{"type":"Feature","geometry":{"type":"Point","coordinates":[135.8675518,34.5989079]},"properties":{"z":149.4}},{"type":"Feature","geometry":{"type":"Point","coordinates":[135.8676056,34.5989006]},"properties":{"z":149.6}},{"type":"Feature","geometry":{"type":"Point","coordinates":[135.8676556,34.5988828]},"properties":{"z":149.6}},{"type":"Feature","geometry":{"type":"Point","coordinates":[135.8677081,34.5988707]},"properties":{"z":145.3}},{"type":"Feature","geometry":{"type":"Point","coordinates":[135.8677615,34.598862]},"properties":{"z":146.7}},{"type":"Feature","geometry":{"type":"Point","coordinates":[135.8678116,34.5988442]},"properties":{"z":146.7}},{"type":"Feature","geometry":{"type":"Point","coordinates":[135.8678606,34.5988243]},"properties":{"z":148.7}},{"type":"Feature","geometry":{"type":"Point","coordinates":[135.8679102,34.5988055]},"properties":{"z":145.2}},{"type":"Feature","geometry":{"type":"Point","coordinates":[135.8679595,34.5987862]},"properties":{"z":146.8}},{"type":"Feature","geometry":{"type":"Point","coordinates":[135.8680058,34.5987625]},"properties":{"z":148.6}},{"type":"Feature","geometry":{"type":"Point","coordinates":[135.8680506,34.5987369]},"properties":{"z":145.7}},{"type":"Feature","geometry":{"type":"Point","coordinates":[135.8680846,34.5987018]},"properties":{"z":145.7}},{"type":"Feature","geometry":{"type":"Point","coordinates":[135.8681139,34.598664]},"properties":{"z":144.7}},{"type":"Feature","geometry":{"type":"Point","coordinates":[135.8681527,34.5986335]},"properties":{"z":144.7}},{"type":"Feature","geometry":{"type":"Point","coordinates":[135.868196,34.598606]},"properties":{"z":147.0}},{"type":"Feature","geometry":{"type":"Point","coordinates":[135.8682369,34.5985764]},"properties":{"z":145.2}},{"type":"Feature","geometry":{"type":"Point","coordinates":[135.868276,34.5985449]},"properties":{"z":147.4}},{"type":"Feature","geometry":{"type":"Point","coordinates":[135.8683179,34.5985162]},"properties":{"z":145.3}},{"type":"Feature","geometry":{"type":"Point","coordinates":[135.8683568,34.5984847]},"properties":{"z":148.6}},{"type":"Feature","geometry":{"type":"Point","coordinates":[135.8683882,34.598448]},"properties":{"z":146.1}},{"type":"Feature","geometry":{"type":"Point","coordinates":[135.8684328,34.5984221]},"properties":{"z":146.1}},{"type":"Feature","geometry":{"type":"Point","coordinates":[135.8684746,34.5983934]},"properties":{"z":149.1}},{"type":"Feature","geometry":{"type":"Point","coordinates":[135.8685123,34.5983612]},"properties":{"z":147.3}},{"type":"Feature","geometry":{"type":"Point","coordinates":[135.8685552,34.5983337]},"properties":{"z":149.4}},{"type":"Feature","geometry":{"type":"Point","coordinates":[135.8685916,34.5983002]},"properties":{"z":147.5}},{"type":"Feature","geometry":{"type":"Point","coordinates":[135.868632,34.5982709]},"properties":{"z":149.5}},{"type":"Feature","geometry":{"type":"Point","coordinates":[135.8686816,34.5982522]},"properties":{"z":149.5}},{"type":"Feature","geometry":{"type":"Point","coordinates":[135.8687291,34.5982301]},"properties":{"z":149.5}},{"type":"Feature","geometry":{"type":"Point","coordinates":[135.8687796,34.5982131]},"properties":{"z":150.4}},{"type":"Feature","geometry":{"type":"Point","coordinates":[135.8688313,34.5981987]},"properties":{"z":150.4}},{"type":"Feature","geometry":{"type":"Point","coordinates":[135.8688835,34.5981852]},"properties":{"z":153.3}},{"type":"Feature","geometry":{"type":"Point","coordinates":[135.8689263,34.5981588]},"properties":{"z":152.4}},{"type":"Feature","geometry":{"type":"Point","coordinates":[135.8689757,34.5981402]},"properties":{"z":156.2}},{"type":"Feature","geometry":{"type":"Point","coordinates":[135.8690285,34.5981289]},"properties":{"z":156.2}},{"type":"Feature","geometry":{"type":"Point","coordinates":[135.8690829,34.5981278]},"properties":{"z":160.1}},{"type":"Feature","geometry":{"type":"Point","coordinates":[135.8691276,34.5981099]},"properties":{"z":163.1}},{"type":"Feature","geometry":{"type":"Point","coordinates":[135.8691699,34.5980825]},"properties":{"z":160.9}},{"type":"Feature","geometry":{"type":"Point","coordinates":[135.8692164,34.598059]},"properties":{"z":162.7}},{"type":"Feature","geometry":{"type":"Point","coordinates":[135.8692624,34.5980348]},"properties":{"z":162.7}},{"type":"Feature","geometry":{"type":"Point","coordinates":[135.8693089,34.5980112]},"properties":{"z":161.7}},{"type":"Feature","geometry":{"type":"Point","coordinates":[135.8693538,34.5979857]},"properties":{"z":161.7}},{"type":"Feature","geometry":{"type":"Point","coordinates":[135.8693973,34.5979587]},"properties":{"z":160.7}},{"type":"Feature","geometry":{"type":"Point","coordinates":[135.8694447,34.5979365]},"properties":{"z":160.7}},{"type":"Feature","geometry":{"type":"Point","coordinates":[135.8694897,34.5979109]},"properties":{"z":162.4}},{"type":"Feature","geometry":{"type":"Point","coordinates":[135.8695355,34.5978865]},"properties":{"z":159.6}},{"type":"Feature","geometry":{"type":"Point","coordinates":[135.8695818,34.5978626]},"properties":{"z":161.5}},{"type":"Feature","geometry":{"type":"Point","coordinates":[135.8696304,34.5978425]},"properties":{"z":161.5}},{"type":"Feature","geometry":{"type":"Point","coordinates":[135.8696781,34.5978214]},"properties":{"z":162.8}},{"type":"Feature","geometry":{"type":"Point","coordinates":[135.8697191,34.5977921]},"properties":{"z":160.3}},{"type":"Feature","geometry":{"type":"Point","coordinates":[135.8697556,34.5977587]},"properties":{"z":162.0}},{"type":"Feature","geometry":{"type":"Point","coordinates":[135.8697957,34.5977282]},"properties":{"z":160.0}},{"type":"Feature","geometry":{"type":"Point","coordinates":[135.8698365,34.5976983]},"properties":{"z":162.1}},{"type":"Feature","geometry":{"type":"Point","coordinates":[135.8698754,34.5976668]},"properties":{"z":160.2}},{"type":"Feature","geometry":{"type":"Point","coordinates":[135.8699144,34.5976353]},"properties":{"z":162.7}},{"type":"Feature","geometry":{"type":"Point","coordinates":[135.8699403,34.5975959]},"properties":{"z":161.1}},{"type":"Feature","geometry":{"type":"Point","coordinates":[135.8699641,34.5975554]},"properties":{"z":161.1}},{"type":"Feature","geometry":{"type":"Point","coordinates":[135.869989,34.5975155]},"properties":{"z":162.3}},{"type":"Feature","geometry":{"type":"Point","coordinates":[135.8700115,34.5974746]},"properties":{"z":162.3}},{"type":"Feature","geometry":{"type":"Point","coordinates":[135.8700308,34.5974328]},"properties":{"z":161.1}},{"type":"Feature","geometry":{"type":"Point","coordinates":[135.8700576,34.5973939]},"properties":{"z":160.0}},{"type":"Feature","geometry":{"type":"Point","coordinates":[135.8700818,34.5973537]},"properties":{"z":163.1}},{"type":"Feature","geometry":{"type":"Point","coordinates":[135.870098,34.5973108]},"properties":{"z":162.2}},{"type":"Feature","geometry":{"type":"Point","coordinates":[135.8701092,34.5972669]},"properties":{"z":162.2}},{"type":"Feature","geometry":{"type":"Point","coordinates":[135.8701082,34.5972223]},"properties":{"z":161.8}},{"type":"Feature","geometry":{"type":"Point","coordinates":[135.8701043,34.5971774]},"properties":{"z":161.5}},{"type":"Feature","geometry":{"type":"Point","coordinates":[135.8700939,34.5971335]},"properties":{"z":161.5}},{"type":"Feature","geometry":{"type":"Point","coordinates":[135.870067,34.5970945]},"properties":{"z":161.4}},{"type":"Feature","geometry":{"type":"Point","coordinates":[135.8700314,34.5970608]},"properties":{"z":158.9}},{"type":"Feature","geometry":{"type":"Point","coordinates":[135.8699935,34.5970285]},"properties":{"z":159.2}},{"type":"Feature","geometry":{"type":"Point","coordinates":[135.8699827,34.5969849]},"properties":{"z":159.2}},{"type":"Feature","geometry":{"type":"Point","coordinates":[135.8699727,34.5969407]},"properties":{"z":159.0}},{"type":"Feature","geometry":{"type":"Point","coordinates":[135.8699661,34.5968962]},"properties":{"z":159.5}},{"type":"Feature","geometry":{"type":"Point","coordinates":[135.8699688,34.5968514]},"properties":{"z":159.5}},{"type":"Feature","geometry":{"type":"Point","coordinates":[135.8699681,34.5968065]},"properties":{"z":159.9}},{"type":"Feature","geometry":{"type":"Point","coordinates":[135.869977,34.5967621]},"properties":{"z":159.9}},{"type":"Feature","geometry":{"type":"Point","coordinates":[135.8699906,34.5967186]},"properties":{"z":161.8}},{"type":"Feature","geometry":{"type":"Point","coordinates":[135.8700059,34.5966759]},"properties":{"z":163.1}},{"type":"Feature","geometry":{"type":"Point","coordinates":[135.8700355,34.5966382]},"properties":{"z":163.1}},{"type":"Feature","geometry":{"type":"Point","coordinates":[135.870071,34.5966041]},"properties":{"z":165.4}},{"type":"Feature","geometry":{"type":"Point","coordinates":[135.870109,34.5965717]},"properties":{"z":165.4}},{"type":"Feature","geometry":{"type":"Point","coordinates":[135.8701511,34.5965439]},"properties":{"z":165.1}},{"type":"Feature","geometry":{"type":"Point","coordinates":[135.8702013,34.5965265]},"properties":{"z":166.1}},{"type":"Feature","geometry":{"type":"Point","coordinates":[135.8702542,34.5965158]},"properties":{"z":167.0}},{"type":"Feature","geometry":{"type":"Point","coordinates":[135.8703086,34.5965122]},"properties":{"z":167.0}},{"type":"Feature","geometry":{"type":"Point","coordinates":[135.8703627,34.5965173]},"properties":{"z":167.4}},{"type":"Feature","geometry":{"type":"Point","coordinates":[135.8704165,34.5965248]},"properties":{"z":167.6}},{"type":"Feature","geometry":{"type":"Point","coordinates":[135.8704692,34.5965366]},"properties":{"z":167.6}},{"type":"Feature","geometry":{"type":"Point","coordinates":[135.8705216,34.5965493]},"properties":{"z":168.6}},{"type":"Feature","geometry":{"type":"Point","coordinates":[135.8705737,34.5965625]},"properties":{"z":168.6}},{"type":"Feature","geometry":{"type":"Point","coordinates":[135.870625,34.5965779]},"properties":{"z":168.5}},{"type":"Feature","geometry":{"type":"Point","coordinates":[135.870677,34.5965917]},"properties":{"z":168.2}},{"type":"Feature","geometry":{"type":"Point","coordinates":[135.8707283,34.596607]},"properties":{"z":168.2}},{"type":"Feature","geometry":{"type":"Point","coordinates":[135.8707801,34.5966208]},"properties":{"z":168.8}},{"type":"Feature","geometry":{"type":"Point","coordinates":[135.8708346,34.5966235]},"properties":{"z":168.8}},{"type":"Feature","geometry":{"type":"Point","coordinates":[135.8708889,34.5966258]},"properties":{"z":168.7}},{"type":"Feature","geometry":{"type":"Point","coordinates":[135.8709434,34.5966232]},"properties":{"z":168.6}},{"type":"Feature","geometry":{"type":"Point","coordinates":[135.8709979,34.5966199]},"properties":{"z":168.6}},{"type":"Feature","geometry":{"type":"Point","coordinates":[135.8710515,34.596612]},"properties":{"z":168.1}},{"type":"Feature","geometry":{"type":"Point","coordinates":[135.871104,34.5965995]},"properties":{"z":168.5}},{"type":"Feature","geometry":{"type":"Point","coordinates":[135.8711562,34.5965864]},"properties":{"z":168.5}},{"type":"Feature","geometry":{"type":"Point","coordinates":[135.8712084,34.5965733]},"properties":{"z":168.9}},{"type":"Feature","geometry":{"type":"Point","coordinates":[135.8712597,34.5965578]},"properties":{"z":168.9}},{"type":"Feature","geometry":{"type":"Point","coordinates":[135.8713081,34.5965372]},"properties":{"z":168.8}},{"type":"Feature","geometry":{"type":"Point","coordinates":[135.8713565,34.5965164]},"properties":{"z":169.3}},{"type":"Feature","geometry":{"type":"Point","coordinates":[135.871403,34.5964929]},"properties":{"z":169.3}},{"type":"Feature","geometry":{"type":"Point","coordinates":[135.8714453,34.5964645]},"properties":{"z":169.5}},{"type":"Feature","geometry":{"type":"Point","coordinates":[135.871486,34.5964346]},"properties":{"z":169.5}},{"type":"Feature","geometry":{"type":"Point","coordinates":[135.8715192,34.5963993]},"properties":{"z":169.3}},{"type":"Feature","geometry":{"type":"Point","coordinates":[135.8715483,34.5963613]},"properties":{"z":171.7}},{"type":"Feature","geometry":{"type":"Point","coordinates":[135.8715778,34.5963235]},"properties":{"z":172.0}},{"type":"Feature","geometry":{"type":"Point","coordinates":[135.8716041,34.5962841]},"properties":{"z":172.0}},{"type":"Feature","geometry":{"type":"Point","coordinates":[135.8716291,34.5962441]},"properties":{"z":175.4}},{"type":"Feature","geometry":{"type":"Point","coordinates":[135.8716493,34.5962025]},"properties":{"z":175.4}},{"type":"Feature","geometry":{"type":"Point","coordinates":[135.8716573,34.5961582]},"properties":{"z":174.6}},{"type":"Feature","geometry":{"type":"Point","coordinates":[135.8716653,34.5961138]},"properties":{"z":173.2}},{"type":"Feature","geometry":{"type":"Point","coordinates":[135.8716754,34.5960697]},"properties":{"z":173.2}},{"type":"Feature","geometry":{"type":"Point","coordinates":[135.8716818,34.5960251]},"properties":{"z":172.7}},{"type":"Feature","geometry":{"type":"Point","coordinates":[135.8716879,34.5959804]},"properties":{"z":173.0}},{"type":"Feature","geometry":{"type":"Point","coordinates":[135.8716933,34.5959358]},"properties":{"z":173.0}},{"type":"Feature","geometry":{"type":"Point","coordinates":[135.8717067,34.5958923]},"properties":{"z":174.7}},{"type":"Feature","geometry":{"type":"Point","coordinates":[135.8717181,34.5958484]},"properties":{"z":174.7}},{"type":"Feature","geometry":{"type":"Point","coordinates":[135.8717282,34.5958042]},"properties":{"z":174.6}},{"type":"Feature","geometry":{"type":"Point","coordinates":[135.8717404,34.5957604]},"properties":{"z":174.4}},{"type":"Feature","geometry":{"type":"Point","coordinates":[135.8717486,34.5957159]},"properties":{"z":174.4}},{"type":"Feature","geometry":{"type":"Point","coordinates":[135.8717604,34.595672]},"properties":{"z":174.4}},{"type":"Feature","geometry":{"type":"Point","coordinates":[135.8717731,34.5956283]},"properties":{"z":174.4}},{"type":"Feature","geometry":{"type":"Point","coordinates":[135.8717877,34.595585]},"properties":{"z":175.9}},{"type":"Feature","geometry":{"type":"Point","coordinates":[135.8718018,34.5955416]},"properties":{"z":175.7}},{"type":"Feature","geometry":{"type":"Point","coordinates":[135.8718144,34.5954979]},"properties":{"z":175.7}},{"type":"Feature","geometry":{"type":"Point","coordinates":[135.8718222,34.5954534]},"properties":{"z":175.6}},{"type":"Feature","geometry":{"type":"Point","coordinates":[135.8718351,34.5954097]},"properties":{"z":175.4}},{"type":"Feature","geometry":{"type":"Point","coordinates":[135.8718489,34.5953664]},"properties":{"z":175.4}},{"type":"Feature","geometry":{"type":"Point","coordinates":[135.8718668,34.5953241]},"properties":{"z":175.5}},{"type":"Feature","geometry":{"type":"Point","coordinates":[135.8718811,34.5952808]},"properties":{"z":176.3}},{"type":"Feature","geometry":{"type":"Point","coordinates":[135.8718986,34.5952383]},"properties":{"z":176.2}},{"type":"Feature","geometry":{"type":"Point","coordinates":[135.8719127,34.5951949]},"properties":{"z":176.2}},{"type":"Feature","geometry":{"type":"Point","coordinates":[135.8719282,34.5951518]},"properties":{"z":176.2}},{"type":"Feature","geometry":{"type":"Point","coordinates":[135.87195,34.5951106]},"properties":{"z":176.3}},{"type":"Feature","geometry":{"type":"Point","coordinates":[135.8719749,34.5950706]},"properties":{"z":176.9}},{"type":"Feature","geometry":{"type":"Point","coordinates":[135.871998,34.5950299]},"properties":{"z":176.9}},{"type":"Feature","geometry":{"type":"Point","coordinates":[135.8720217,34.5949894]},"properties":{"z":176.9}},{"type":"Feature","geometry":{"type":"Point","coordinates":[135.8720433,34.5949484]},"properties":{"z":177.5}},{"type":"Feature","geometry":{"type":"Point","coordinates":[135.8720741,34.5949113]},"properties":{"z":177.6}},{"type":"Feature","geometry":{"type":"Point","coordinates":[135.8721056,34.5948746]},"properties":{"z":177.6}},{"type":"Feature","geometry":{"type":"Point","coordinates":[135.8721372,34.5948379]},"properties":{"z":178.7}},{"type":"Feature","geometry":{"type":"Point","coordinates":[135.8721689,34.5948013]},"properties":{"z":178.7}},{"type":"Feature","geometry":{"type":"Point","coordinates":[135.8722025,34.5947659]},"properties":{"z":178.9}},{"type":"Feature","geometry":{"type":"Point","coordinates":[135.8722369,34.594731]},"properties":{"z":179.7}},{"type":"Feature","geometry":{"type":"Point","coordinates":[135.8722728,34.5946972]},"properties":{"z":179.3}},{"type":"Feature","geometry":{"type":"Point","coordinates":[135.8723102,34.5946644]},"properties":{"z":180.8}},{"type":"Feature","geometry":{"type":"Point","coordinates":[135.8723471,34.5946313]},"properties":{"z":180.0}},{"type":"Feature","geometry":{"type":"Point","coordinates":[135.8723806,34.5945959]},"properties":{"z":180.0}},{"type":"Feature","geometry":{"type":"Point","coordinates":[135.8724113,34.5945587]},"properties":{"z":182.0}},{"type":"Feature","geometry":{"type":"Point","coordinates":[135.8724417,34.5945213]},"properties":{"z":182.0}},{"type":"Feature","geometry":{"type":"Point","coordinates":[135.872469,34.5944825]},"properties":{"z":183.5}},{"type":"Feature","geometry":{"type":"Point","coordinates":[135.8724943,34.5944426]},"properties":{"z":183.5}},{"type":"Feature","geometry":{"type":"Point","coordinates":[135.872517,34.5944018]},"properties":{"z":182.3}},{"type":"Feature","geometry":{"type":"Point","coordinates":[135.872538,34.5943603]},"properties":{"z":182.3}},{"type":"Feature","geometry":{"type":"Point","coordinates":[135.8725556,34.5943177]},"properties":{"z":182.8}},{"type":"Feature","geometry":{"type":"Point","coordinates":[135.8725682,34.594274]},"properties":{"z":182.2}},{"type":"Feature","geometry":{"type":"Point","coordinates":[135.8725829,34.5942307]},"properties":{"z":182.2}},{"type":"Feature","geometry":{"type":"Point","coordinates":[135.8725938,34.5941867]},"properties":{"z":181.8}},{"type":"Feature","geometry":{"type":"Point","coordinates":[135.8726003,34.5941421]},"properties":{"z":181.8}},{"type":"Feature","geometry":{"type":"Point","coordinates":[135.8726059,34.5940973]},"properties":{"z":181.8}},{"type":"Feature","geometry":{"type":"Point","coordinates":[135.8726102,34.5940525]},"properties":{"z":181.9}},{"type":"Feature","geometry":{"type":"Point","coordinates":[135.8726119,34.5940076]},"properties":{"z":181.9}},{"type":"Feature","geometry":{"type":"Point","coordinates":[135.8726112,34.5939627]},"properties":{"z":182.2}},{"type":"Feature","geometry":{"type":"Point","coordinates":[135.8726092,34.5939178]},"properties":{"z":182.6}},{"type":"Feature","geometry":{"type":"Point","coordinates":[135.8726081,34.5938728]},"properties":{"z":182.6}},{"type":"Feature","geometry":{"type":"Point","coordinates":[135.8726069,34.5938279]},"properties":{"z":183.0}},{"type":"Feature","geometry":{"type":"Point","coordinates":[135.8726075,34.593783]},"properties":{"z":183.1}},{"type":"Feature","geometry":{"type":"Point","coordinates":[135.8726082,34.593738]},"properties":{"z":183.1}},{"type":"Feature","geometry":{"type":"Point","coordinates":[135.8726082,34.5936931]},"properties":{"z":183.2}},{"type":"Feature","geometry":{"type":"Point","coordinates":[135.8726097,34.5936481]},"properties":{"z":183.4}},{"type":"Feature","geometry":{"type":"Point","coordinates":[135.8726104,34.5936032]},"properties":{"z":183.4}},{"type":"Feature","geometry":{"type":"Point","coordinates":[135.8726095,34.5935582]},"properties":{"z":183.5}},{"type":"Feature","geometry":{"type":"Point","coordinates":[135.8726102,34.5935133]},"properties":{"z":183.5}},{"type":"Feature","geometry":{"type":"Point","coordinates":[135.872612,34.5934684]},"properties":{"z":183.8}},{"type":"Feature","geometry":{"type":"Point","coordinates":[135.8726124,34.5934234]},"properties":{"z":184.3}},{"type":"Feature","geometry":{"type":"Point","coordinates":[135.8726119,34.5933785]},"properties":{"z":184.3}},{"type":"Feature","geometry":{"type":"Point","coordinates":[135.8726108,34.5933336]},"properties":{"z":184.8}},{"type":"Feature","geometry":{"type":"Point","coordinates":[135.8726076,34.5932887]},"properties":{"z":185.3}},{"type":"Feature","geometry":{"type":"Point","coordinates":[135.8726046,34.5932438]},"properties":{"z":185.3}},{"type":"Feature","geometry":{"type":"Point","coordinates":[135.8726041,34.5931989]},"properties":{"z":185.4}},{"type":"Feature","geometry":{"type":"Point","coordinates":[135.8726045,34.5931539]},"properties":{"z":185.6}},{"type":"Feature","geometry":{"type":"Point","coordinates":[135.8726065,34.593109]},"properties":{"z":185.6}},{"type":"Feature","geometry":{"type":"Point","coordinates":[135.8726032,34.5930642]},"properties":{"z":185.9}},{"type":"Feature","geometry":{"type":"Point","coordinates":[135.8726016,34.5930192]},"properties":{"z":185.9}},{"type":"Feature","geometry":{"type":"Point","coordinates":[135.8725963,34.5929745]},"properties":{"z":186.6}},{"type":"Feature","geometry":{"type":"Point","coordinates":[135.8725964,34.5929296]},"properties":{"z":187.8}},{"type":"Feature","geometry":{"type":"Point","coordinates":[135.8725979,34.5928846]},"properties":{"z":187.8}},{"type":"Feature","geometry":{"type":"Point","coordinates":[135.8725989,34.5928397]},"properties":{"z":189.7}},{"type":"Feature","geometry":{"type":"Point","coordinates":[135.8725994,34.5927948]},"properties":{"z":190.1}},{"type":"Feature","geometry":{"type":"Point","coordinates":[135.872599,34.5927498]},"properties":{"z":190.1}},{"type":"Feature","geometry":{"type":"Point","coordinates":[135.8726005,34.5927049]},"properties":{"z":190.3}},{"type":"Feature","geometry":{"type":"Point","coordinates":[135.8726049,34.5926601]},"properties":{"z":190.4}},{"type":"Feature","geometry":{"type":"Point","coordinates":[135.8726128,34.5926157]},"properties":{"z":190.4}},{"type":"Feature","geometry":{"type":"Point","coordinates":[135.8726156,34.5925708]},"properties":{"z":190.9}},{"type":"Feature","geometry":{"type":"Point","coordinates":[135.8726197,34.592526]},"properties":{"z":190.9}},{"type":"Feature","geometry":{"type":"Point","coordinates":[135.872622,34.5924811]},"properties":{"z":191.6}},{"type":"Feature","geometry":{"type":"Point","coordinates":[135.8726234,34.5924362]},"properties":{"z":192.4}},{"type":"Feature","geometry":{"type":"Point","coordinates":[135.8726268,34.5923914]},"properties":{"z":192.4}},{"type":"Feature","geometry":{"type":"Point","coordinates":[135.8726294,34.5923466]},"properties":{"z":192.6}},{"type":"Feature","geometry":{"type":"Point","coordinates":[135.8726353,34.5923019]},"properties":{"z":192.4}},{"type":"Feature","geometry":{"type":"Point","coordinates":[135.8726339,34.5922571]},"properties":{"z":192.4}},{"type":"Feature","geometry":{"type":"Point","coordinates":[135.8726384,34.5922123]},"properties":{"z":191.9}},{"type":"Feature","geometry":{"type":"Point","coordinates":[135.8726447,34.5921677]},"properties":{"z":193.2}},{"type":"Feature","geometry":{"type":"Point","coordinates":[135.8726536,34.5921235]},"properties":{"z":192.8}},{"type":"Feature","geometry":{"type":"Point","coordinates":[135.8726734,34.5920818]},"properties":{"z":192.4}},{"type":"Feature","geometry":{"type":"Point","coordinates":[135.8726829,34.5920376]},"properties":{"z":192.4}},{"type":"Feature","geometry":{"type":"Point","coordinates":[135.8727019,34.5919955]},"properties":{"z":192.2}},{"type":"Feature","geometry":{"type":"Point","coordinates":[135.872724,34.5919544]},"properties":{"z":192.2}},{"type":"Feature","geometry":{"type":"Point","coordinates":[135.8727462,34.5919134]},"properties":{"z":193.1}},{"type":"Feature","geometry":{"type":"Point","coordinates":[135.8727749,34.5918752]},"properties":{"z":192.8}},{"type":"Feature","geometry":{"type":"Point","coordinates":[135.8728072,34.5918392]},"properties":{"z":192.8}},{"type":"Feature","geometry":{"type":"Point","coordinates":[135.872846,34.5918076]},"properties":{"z":193.6}},{"type":"Feature","geometry":{"type":"Point","coordinates":[135.8728883,34.5917793]},"properties":{"z":193.6}},{"type":"Feature","geometry":{"type":"Point","coordinates":[135.8729342,34.5917549]},"properties":{"z":194.6}},{"type":"Feature","geometry":{"type":"Point","coordinates":[135.8729818,34.5917329]},"properties":{"z":194.0}},{"type":"Feature","geometry":{"type":"Point","coordinates":[135.8730306,34.5917129]},"properties":{"z":194.8}},{"type":"Feature","geometry":{"type":"Point","coordinates":[135.8730813,34.5916964]},"properties":{"z":195.5}},{"type":"Feature","geometry":{"type":"Point","coordinates":[135.8731319,34.5916793]},"properties":{"z":195.5}},{"type":"Feature","geometry":{"type":"Point","coordinates":[135.8731799,34.5916582]},"properties":{"z":195.7}},{"type":"Feature","geometry":{"type":"Point","coordinates":[135.8732287,34.5916383]},"properties":{"z":195.7}},{"type":"Feature","geometry":{"type":"Point","coordinates":[135.8732792,34.5916211]},"properties":{"z":196.5}},{"type":"Feature","geometry":{"type":"Point","coordinates":[135.8733283,34.5916015]},"properties":{"z":197.1}},{"type":"Feature","geometry":{"type":"Point","coordinates":[135.8733768,34.5915809]},"properties":{"z":196.4}},{"type":"Feature","geometry":{"type":"Point","coordinates":[135.8734247,34.5915593]},"properties":{"z":197.0}},{"type":"Feature","geometry":{"type":"Point","coordinates":[135.8734706,34.591535]},"properties":{"z":197.0}},{"type":"Feature","geometry":{"type":"Point","coordinates":[135.8735131,34.5915068]},"properties":{"z":197.1}},{"type":"Feature","geometry":{"type":"Point","coordinates":[135.873551,34.5914744]},"properties":{"z":197.1}},{"type":"Feature","geometry":{"type":"Point","coordinates":[135.8735845,34.591439]},"properties":{"z":196.6}},{"type":"Feature","geometry":{"type":"Point","coordinates":[135.8736166,34.5914027]},"properties":{"z":197.2}},{"type":"Feature","geometry":{"type":"Point","coordinates":[135.8736455,34.5913645]},"properties":{"z":196.8}},{"type":"Feature","geometry":{"type":"Point","coordinates":[135.873673,34.5913257]},"properties":{"z":197.3}},{"type":"Feature","geometry":{"type":"Point","coordinates":[135.8736983,34.5912859]},"properties":{"z":197.0}},{"type":"Feature","geometry":{"type":"Point","coordinates":[135.873719,34.5912443]},"properties":{"z":197.1}},{"type":"Feature","geometry":{"type":"Point","coordinates":[135.8737338,34.591201]},"properties":{"z":197.1}},{"type":"Feature","geometry":{"type":"Point","coordinates":[135.8737509,34.5911583]},"properties":{"z":197.3}},{"type":"Feature","geometry":{"type":"Point","coordinates":[135.8737677,34.5911158]},"properties":{"z":197.8}},{"type":"Feature","geometry":{"type":"Point","coordinates":[135.8737661,34.5910711]},"properties":{"z":198.0}},{"type":"Feature","geometry":{"type":"Point","coordinates":[135.8737558,34.591027]},"properties":{"z":197.9}},{"type":"Feature","geometry":{"type":"Point","coordinates":[135.873746,34.5909827]},"properties":{"z":197.9}},{"type":"Feature","geometry":{"type":"Point","coordinates":[135.8737359,34.5909386]},"properties":{"z":198.2}},{"type":"Feature","geometry":{"type":"Point","coordinates":[135.8737233,34.5908949]},"properties":{"z":198.2}},{"type":"Feature","geometry":{"type":"Point","coordinates":[135.873713,34.5908507]},"properties":{"z":198.6}},{"type":"Feature","geometry":{"type":"Point","coordinates":[135.8737039,34.5908064]},"properties":{"z":199.0}},{"type":"Feature","geometry":{"type":"Point","coordinates":[135.8736972,34.5907618]},"properties":{"z":199.0}},{"type":"Feature","geometry":{"type":"Point","coordinates":[135.8736918,34.5907171]},"properties":{"z":199.3}},{"type":"Feature","geometry":{"type":"Point","coordinates":[135.8736844,34.5906726]},"properties":{"z":199.5}},{"type":"Feature","geometry":{"type":"Point","coordinates":[135.8736768,34.5906281]},"properties":{"z":199.5}},{"type":"Feature","geometry":{"type":"Point","coordinates":[135.8736738,34.5905832]},"properties":{"z":199.8}},{"type":"Feature","geometry":{"type":"Point","coordinates":[135.8736736,34.5905383]},"properties":{"z":200.1}},{"type":"Feature","geometry":{"type":"Point","coordinates":[135.8736807,34.5904938]},"properties":{"z":200.1}},{"type":"Feature","geometry":{"type":"Point","coordinates":[135.8736926,34.59045]},"properties":{"z":200.5}},{"type":"Feature","geometry":{"type":"Point","coordinates":[135.8737149,34.590409]},"properties":{"z":200.5}},{"type":"Feature","geometry":{"type":"Point","coordinates":[135.8737414,34.5903698]},"properties":{"z":200.8}},{"type":"Feature","geometry":{"type":"Point","coordinates":[135.8737703,34.5903316]},"properties":{"z":200.8}},{"type":"Feature","geometry":{"type":"Point","coordinates":[135.8738001,34.590294]},"properties":{"z":201.2}},{"type":"Feature","geometry":{"type":"Point","coordinates":[135.8738371,34.5902609]},"properties":{"z":201.2}},{"type":"Feature","geometry":{"type":"Point","coordinates":[135.8738754,34.5902288]},"properties":{"z":202.7}},{"type":"Feature","geometry":{"type":"Point","coordinates":[135.8739156,34.5901986]},"properties":{"z":202.7}},{"type":"Feature","geometry":{"type":"Point","coordinates":[135.8739585,34.5901708]},"properties":{"z":204.9}},{"type":"Feature","geometry":{"type":"Point","coordinates":[135.8740057,34.5901483]},"properties":{"z":204.9}},{"type":"Feature","geometry":{"type":"Point","coordinates":[135.8740526,34.5901255]},"properties":{"z":206.4}},{"type":"Feature","geometry":{"type":"Point","coordinates":[135.8740995,34.5901025]},"properties":{"z":206.3}},{"type":"Feature","geometry":{"type":"Point","coordinates":[135.8741465,34.5900797]},"properties":{"z":207.1}},{"type":"Feature","geometry":{"type":"Point","coordinates":[135.8741932,34.5900564]},"properties":{"z":207.8}},{"type":"Feature","geometry":{"type":"Point","coordinates":[135.8742418,34.590036]},"properties":{"z":207.3}},{"type":"Feature","geometry":{"type":"Point","coordinates":[135.8742868,34.5900108]},"properties":{"z":208.0}},{"type":"Feature","geometry":{"type":"Point","coordinates":[135.8743349,34.5899894]},"properties":{"z":208.0}},{"type":"Feature","geometry":{"type":"Point","coordinates":[135.8743852,34.5899722]},"properties":{"z":208.0}},{"type":"Feature","geometry":{"type":"Point","coordinates":[135.8744347,34.5899531]},"properties":{"z":208.0}},{"type":"Feature","geometry":{"type":"Point","coordinates":[135.8744854,34.5899368]},"properties":{"z":208.7}},{"type":"Feature","geometry":{"type":"Point","coordinates":[135.8745361,34.589921]},"properties":{"z":209.3}},{"type":"Feature","geometry":{"type":"Point","coordinates":[135.8745871,34.5899054]},"properties":{"z":209.3}},{"type":"Feature","geometry":{"type":"Point","coordinates":[135.874639,34.5898916]},"properties":{"z":209.2}},{"type":"Feature","geometry":{"type":"Point","coordinates":[135.8746911,34.5898783]},"properties":{"z":209.2}},{"type":"Feature","geometry":{"type":"Point","coordinates":[135.8747379,34.5898552]},"properties":{"z":209.8}},{"type":"Feature","geometry":{"type":"Point","coordinates":[135.8747866,34.5898434]},"properties":{"z":211.2}},{"type":"Feature","geometry":{"type":"Point","coordinates":[135.8748186,34.5898071]},"properties":{"z":209.3}},{"type":"Feature","geometry":{"type":"Point","coordinates":[135.8748509,34.5897709]},"properties":{"z":209.3}},{"type":"Feature","geometry":{"type":"Point","coordinates":[135.8748917,34.589741]},"properties":{"z":209.2}},{"type":"Feature","geometry":{"type":"Point","coordinates":[135.8749363,34.5897154]},"properties":{"z":209.2}},{"type":"Feature","geometry":{"type":"Point","coordinates":[135.8749755,34.5896844]},"properties":{"z":209.2}},{"type":"Feature","geometry":{"type":"Point","coordinates":[135.8750117,34.5896512]},"properties":{"z":209.2}},{"type":"Feature","geometry":{"type":"Point","coordinates":[135.8750599,34.5896313]},"properties":{"z":209.6}},{"type":"Feature","geometry":{"type":"Point","coordinates":[135.875109,34.5896121]},"properties":{"z":209.6}},{"type":"Feature","geometry":{"type":"Point","coordinates":[135.8751528,34.5895855]},"properties":{"z":210.4}},{"type":"Feature","geometry":{"type":"Point","coordinates":[135.8752003,34.5895638]},"properties":{"z":210.4}},{"type":"Feature","geometry":{"type":"Point","coordinates":[135.8752535,34.5895539]},"properties":{"z":213.3}},{"type":"Feature","geometry":{"type":"Point","coordinates":[135.8753058,34.5895421]},"properties":{"z":215.4}},{"type":"Feature","geometry":{"type":"Point","coordinates":[135.8753542,34.5895213]},"properties":{"z":215.4}},{"type":"Feature","geometry":{"type":"Point","coordinates":[135.8754025,34.5895004]},"properties":{"z":216.2}},{"type":"Feature","geometry":{"type":"Point","coordinates":[135.8754456,34.5894743]},"properties":{"z":214.2}},{"type":"Feature","geometry":{"type":"Point","coordinates":[135.8754973,34.5894602]},"properties":{"z":215.2}},{"type":"Feature","geometry":{"type":"Point","coordinates":[135.8755436,34.5894389]},"properties":{"z":215.2}},{"type":"Feature","geometry":{"type":"Point","coordinates":[135.8755807,34.5894061]},"properties":{"z":214.8}},{"type":"Feature","geometry":{"type":"Point","coordinates":[135.8756127,34.5893701]},"properties":{"z":214.8}},{"type":"Feature","geometry":{"type":"Point","coordinates":[135.8756357,34.5893299]},"properties":{"z":213.0}},{"type":"Feature","geometry":{"type":"Point","coordinates":[135.8756441,34.5892854]},"properties":{"z":213.0}},{"type":"Feature","geometry":{"type":"Point","coordinates":[135.8756671,34.5892462]},"properties":{"z":212.7}},{"type":"Feature","geometry":{"type":"Point","coordinates":[135.8756797,34.589204]},"properties":{"z":212.7}},{"type":"Feature","geometry":{"type":"Point","coordinates":[135.8756985,34.5891621]},"properties":{"z":211.1}},{"type":"Feature","geometry":{"type":"Point","coordinates":[135.8757084,34.589118]},"properties":{"z":210.5}},{"type":"Feature","geometry":{"type":"Point","coordinates":[135.8757047,34.5890735]},"properties":{"z":210.5}},{"type":"Feature","geometry":{"type":"Point","coordinates":[135.8756868,34.5890312]},"properties":{"z":210.6}},{"type":"Feature","geometry":{"type":"Point","coordinates":[135.8756671,34.5889895]},"properties":{"z":210.6}},{"type":"Feature","geometry":{"type":"Point","coordinates":[135.8756401,34.5889504]},"properties":{"z":212.0}},{"type":"Feature","geometry":{"type":"Point","coordinates":[135.8756022,34.5889183]},"properties":{"z":212.0}},{"type":"Feature","geometry":{"type":"Point","coordinates":[135.8755596,34.5888903]},"properties":{"z":213.8}},{"type":"Feature","geometry":{"type":"Point","coordinates":[135.8755126,34.5888677]},"properties":{"z":216.5}},{"type":"Feature","geometry":{"type":"Point","coordinates":[135.8754616,34.5888518]},"properties":{"z":219.8}},{"type":"Feature","geometry":{"type":"Point","coordinates":[135.8754081,34.5888515]},"properties":{"z":219.8}},{"type":"Feature","geometry":{"type":"Point","coordinates":[135.8753561,34.5888648]},"properties":{"z":223.0}},{"type":"Feature","geometry":{"type":"Point","coordinates":[135.8753053,34.5888804]},"properties":{"z":223.0}},{"type":"Feature","geometry":{"type":"Point","coordinates":[135.8752545,34.5888967]},"properties":{"z":225.8}},{"type":"Feature","geometry":{"type":"Point","coordinates":[135.8752052,34.5889155]},"properties":{"z":227.5}},{"type":"Feature","geometry":{"type":"Point","coordinates":[135.8751556,34.5889342]},"properties":{"z":225.3}},{"type":"Feature","geometry":{"type":"Point","coordinates":[135.8751039,34.5889487]},"properties":{"z":226.5}},{"type":"Feature","geometry":{"type":"Point","coordinates":[135.8750508,34.5889582]},"properties":{"z":226.5}},{"type":"Feature","geometry":{"type":"Point","coordinates":[135.8750017,34.5889776]},"properties":{"z":227.6}},{"type":"Feature","geometry":{"type":"Point","coordinates":[135.8749573,34.5890036]},"properties":{"z":226.4}},{"type":"Feature","geometry":{"type":"Point","coordinates":[135.8749202,34.5890366]},"properties":{"z":226.4}},{"type":"Feature","geometry":{"type":"Point","coordinates":[135.8748707,34.5890556]},"properties":{"z":227.7}},{"type":"Feature","geometry":{"type":"Point","coordinates":[135.8748215,34.589075]},"properties":{"z":225.1}},{"type":"Feature","geometry":{"type":"Point","coordinates":[135.8747711,34.5890922]},"properties":{"z":226.2}},{"type":"Feature","geometry":{"type":"Point","coordinates":[135.8747201,34.5891083]},"properties":{"z":226.2}},{"type":"Feature","geometry":{"type":"Point","coordinates":[135.874668,34.5891218]},"properties":{"z":227.3}},{"type":"Feature","geometry":{"type":"Point","coordinates":[135.8746147,34.5891307]},"properties":{"z":225.0}},{"type":"Feature","geometry":{"type":"Point","coordinates":[135.8745627,34.589143]},"properties":{"z":226.0}},{"type":"Feature","geometry":{"type":"Point","coordinates":[135.8745112,34.5891579]},"properties":{"z":227.0}},{"type":"Feature","geometry":{"type":"Point","coordinates":[135.8744597,34.5891708]},"properties":{"z":227.0}},{"type":"Feature","geometry":{"type":"Point","coordinates":[135.8744066,34.5891794]},"properties":{"z":228.0}},{"type":"Feature","geometry":{"type":"Point","coordinates":[135.8743608,34.5892034]},"properties":{"z":225.2}},{"type":"Feature","geometry":{"type":"Point","coordinates":[135.8743076,34.5892134]},"properties":{"z":226.0}},{"type":"Feature","geometry":{"type":"Point","coordinates":[135.8742542,34.5892208]},"properties":{"z":226.7}},{"type":"Feature","geometry":{"type":"Point","coordinates":[135.8742022,34.5892089]},"properties":{"z":226.7}},{"type":"Feature","geometry":{"type":"Point","coordinates":[135.8741491,34.5892112]},"properties":{"z":227.6}},{"type":"Feature","geometry":{"type":"Point","coordinates":[135.8740962,34.5892002]},"properties":{"z":229.1}},{"type":"Feature","geometry":{"type":"Point","coordinates":[135.8740496,34.58918]},"properties":{"z":233.9}},{"type":"Feature","geometry":{"type":"Point","coordinates":[135.8739972,34.5891923]},"properties":{"z":236.6}},{"type":"Feature","geometry":{"type":"Point","coordinates":[135.8739458,34.5892064]},"properties":{"z":230.8}},{"type":"Feature","geometry":{"type":"Point","coordinates":[135.873899,34.5892046]},"properties":{"z":233.2}},{"type":"Feature","geometry":{"type":"Point","coordinates":[135.873849,34.5891885]},"properties":{"z":238.7}},{"type":"Feature","geometry":{"type":"Point","coordinates":[135.873797,34.5891755]},"properties":{"z":239.5}},{"type":"Feature","geometry":{"type":"Point","coordinates":[135.8737426,34.5891764]},"properties":{"z":239.1}},{"type":"Feature","geometry":{"type":"Point","coordinates":[135.8736897,34.5891671]},"properties":{"z":239.1}},{"type":"Feature","geometry":{"type":"Point","coordinates":[135.8736363,34.5891751]},"properties":{"z":238.8}},{"type":"Feature","geometry":{"type":"Point","coordinates":[135.8735842,34.5891884]},"properties":{"z":238.6}},{"type":"Feature","geometry":{"type":"Point","coordinates":[135.8735305,34.5891932]},"properties":{"z":238.6}},{"type":"Feature","geometry":{"type":"Point","coordinates":[135.873476,34.589195]},"properties":{"z":238.3}},{"type":"Feature","geometry":{"type":"Point","coordinates":[135.8734222,34.5892021]},"properties":{"z":236.3}},{"type":"Feature","geometry":{"type":"Point","coordinates":[135.8733678,34.5892059]},"properties":{"z":236.2}},{"type":"Feature","geometry":{"type":"Point","coordinates":[135.8733132,34.5892053]},"properties":{"z":236.3}},{"type":"Feature","geometry":{"type":"Point","coordinates":[135.873259,34.5892107]},"properties":{"z":236.3}},{"type":"Feature","geometry":{"type":"Point","coordinates":[135.873205,34.5892098]},"properties":{"z":237.9}},{"type":"Feature","geometry":{"type":"Point","coordinates":[135.8731509,34.5892102]},"properties":{"z":239.9}},{"type":"Feature","geometry":{"type":"Point","coordinates":[135.8730968,34.5892066]},"properties":{"z":239.9}},{"type":"Feature","geometry":{"type":"Point","coordinates":[135.8730429,34.5892022]},"properties":{"z":242.3}},{"type":"Feature","geometry":{"type":"Point","coordinates":[135.8729904,34.5891898]},"properties":{"z":241.4}},{"type":"Feature","geometry":{"type":"Point","coordinates":[135.8729372,34.5891799]},"properties":{"z":243.2}},{"type":"Feature","geometry":{"type":"Point","coordinates":[135.8728838,34.5891707]},"properties":{"z":245.1}},{"type":"Feature","geometry":{"type":"Point","coordinates":[135.8728307,34.5891604]},"properties":{"z":245.1}},{"type":"Feature","geometry":{"type":"Point","coordinates":[135.8727776,34.5891498]},"properties":{"z":246.4}},{"type":"Feature","geometry":{"type":"Point","coordinates":[135.8727251,34.5891376]},"properties":{"z":247.5}},{"type":"Feature","geometry":{"type":"Point","coordinates":[135.8726751,34.5891196]},"properties":{"z":246.7}},{"type":"Feature","geometry":{"type":"Point","coordinates":[135.8726269,34.5890986]},"properties":{"z":247.9}},{"type":"Feature","geometry":{"type":"Point","coordinates":[135.8725813,34.5890744]},"properties":{"z":247.9}},{"type":"Feature","geometry":{"type":"Point","coordinates":[135.872543,34.5890423]},"properties":{"z":248.7}},{"type":"Feature","geometry":{"type":"Point","coordinates":[135.8725096,34.589007]},"properties":{"z":248.7}},{"type":"Feature","geometry":{"type":"Point","coordinates":[135.8724828,34.5889679]},"properties":{"z":248.7}},{"type":"Feature","geometry":{"type":"Point","coordinates":[135.8724621,34.5889264]},"properties":{"z":250.9}},{"type":"Feature","geometry":{"type":"Point","coordinates":[135.8724534,34.5888821]},"properties":{"z":251.0}},{"type":"Feature","geometry":{"type":"Point","coordinates":[135.8724519,34.5888373]},"properties":{"z":251.0}},{"type":"Feature","geometry":{"type":"Point","coordinates":[135.872461,34.588793]},"properties":{"z":251.0}},{"type":"Feature","geometry":{"type":"Point","coordinates":[135.8724749,34.5887499]},"properties":{"z":248.9}},{"type":"Feature","geometry":{"type":"Point","coordinates":[135.8724976,34.5887091]},"properties":{"z":248.9}},{"type":"Feature","geometry":{"type":"Point","coordinates":[135.8725268,34.5886713]},"properties":{"z":248.7}},{"type":"Feature","geometry":{"type":"Point","coordinates":[135.8725574,34.588634]},"properties":{"z":247.8}},{"type":"Feature","geometry":{"type":"Point","coordinates":[135.8725932,34.5886002]},"properties":{"z":247.8}},{"type":"Feature","geometry":{"type":"Point","coordinates":[135.8726337,34.5885701]},"properties":{"z":247.8}},{"type":"Feature","geometry":{"type":"Point","coordinates":[135.8726774,34.5885432]},"properties":{"z":247.3}},{"type":"Feature","geometry":{"type":"Point","coordinates":[135.8727248,34.5885212]},"properties":{"z":247.3}},{"type":"Feature","geometry":{"type":"Point","coordinates":[135.8727774,34.5885096]},"properties":{"z":247.1}},{"type":"Feature","geometry":{"type":"Point","coordinates":[135.8728302,34.5885018]},"properties":{"z":247.0}},{"type":"Feature","geometry":{"type":"Point","coordinates":[135.8728821,34.5885144]},"properties":{"z":247.0}},{"type":"Feature","geometry":{"type":"Point","coordinates":[135.8729214,34.5885436]},"properties":{"z":247.1}},{"type":"Feature","geometry":{"type":"Point","coordinates":[135.8729617,34.5885736]},"properties":{"z":246.2}},{"type":"Feature","geometry":{"type":"Point","coordinates":[135.8730025,34.5886033]},"properties":{"z":246.3}},{"type":"Feature","geometry":{"type":"Point","coordinates":[135.8730341,34.5886398]},"properties":{"z":245.3}},{"type":"Feature","geometry":{"type":"Point","coordinates":[135.8730702,34.5886735]},"properties":{"z":245.5}},{"type":"Feature","geometry":{"type":"Point","coordinates":[135.8731006,34.5887107]},"properties":{"z":244.6}},{"type":"Feature","geometry":{"type":"Point","coordinates":[135.8731292,34.5887488]},"properties":{"z":244.6}},{"type":"Feature","geometry":{"type":"Point","coordinates":[135.8731622,34.5887845]},"properties":{"z":243.9}},{"type":"Feature","geometry":{"type":"Point","coordinates":[135.8732007,34.5888155]},"properties":{"z":243.9}},{"type":"Feature","geometry":{"type":"Point","coordinates":[135.8732475,34.5888385]},"properties":{"z":244.5}},{"type":"Feature","geometry":{"type":"Point","coordinates":[135.8732957,34.5888596]},"properties":{"z":243.2}},{"type":"Feature","geometry":{"type":"Point","coordinates":[135.8733434,34.5888815]},"properties":{"z":244.0}},{"type":"Feature","geometry":{"type":"Point","coordinates":[135.8733908,34.5889038]},"properties":{"z":244.0}},{"type":"Feature","geometry":{"type":"Point","coordinates":[135.8734401,34.5889231]},"properties":{"z":243.2}},{"type":"Feature","geometry":{"type":"Point","coordinates":[135.8734881,34.5889442]},"properties":{"z":243.2}},{"type":"Feature","geometry":{"type":"Point","coordinates":[135.8735395,34.5889566]},"properties":{"z":243.5}},{"type":"Feature","geometry":{"type":"Point","coordinates":[135.8735918,34.5889687]},"properties":{"z":244.0}},{"type":"Feature","geometry":{"type":"Point","coordinates":[135.8736452,34.5889774]},"properties":{"z":244.0}},{"type":"Feature","geometry":{"type":"Point","coordinates":[135.8736988,34.588976]},"properties":{"z":244.9}},{"type":"Feature","geometry":{"type":"Point","coordinates":[135.8737522,34.5889669]},"properties":{"z":244.9}},{"type":"Feature","geometry":{"type":"Point","coordinates":[135.8738051,34.588956]},"properties":{"z":245.6}},{"type":"Feature","geometry":{"type":"Point","coordinates":[135.8738576,34.5889453]},"properties":{"z":246.0}},{"type":"Feature","geometry":{"type":"Point","coordinates":[135.8739098,34.5889324]},"properties":{"z":246.0}},{"type":"Feature","geometry":{"type":"Point","coordinates":[135.8739638,34.5889259]},"properties":{"z":246.2}},{"type":"Feature","geometry":{"type":"Point","coordinates":[135.8740093,34.5889023]},"properties":{"z":248.5}},{"type":"Feature","geometry":{"type":"Point","coordinates":[135.8740611,34.5888898]},"properties":{"z":248.0}},{"type":"Feature","geometry":{"type":"Point","coordinates":[135.8741139,34.5888795]},"properties":{"z":248.4}},{"type":"Feature","geometry":{"type":"Point","coordinates":[135.8741617,34.5888579]},"properties":{"z":248.4}},{"type":"Feature","geometry":{"type":"Point","coordinates":[135.8742092,34.5888358]},"properties":{"z":255.7}},{"type":"Feature","geometry":{"type":"Point","coordinates":[135.8742587,34.5888172]},"properties":{"z":255.7}},{"type":"Feature","geometry":{"type":"Point","coordinates":[135.8743112,34.5888051]},"properties":{"z":256.5}},{"type":"Feature","geometry":{"type":"Point","coordinates":[135.8743605,34.588786]},"properties":{"z":255.8}},{"type":"Feature","geometry":{"type":"Point","coordinates":[135.8744095,34.588767]},"properties":{"z":258.1}},{"type":"Feature","geometry":{"type":"Point","coordinates":[135.8744495,34.5887364]},"properties":{"z":257.0}},{"type":"Feature","geometry":{"type":"Point","coordinates":[135.8744879,34.5887045]},"properties":{"z":257.0}},{"type":"Feature","geometry":{"type":"Point","coordinates":[135.8745324,34.5886787]},"properties":{"z":260.0}},{"type":"Feature","geometry":{"type":"Point","coordinates":[135.8745855,34.5886689]},"properties":{"z":260.0}},{"type":"Feature","geometry":{"type":"Point","coordinates":[135.8746385,34.5886581]},"properties":{"z":256.7}},{"type":"Feature","geometry":{"type":"Point","coordinates":[135.8746878,34.5886396]},"properties":{"z":256.7}},{"type":"Feature","geometry":{"type":"Point","coordinates":[135.874739,34.5886239]},"properties":{"z":258.4}},{"type":"Feature","geometry":{"type":"Point","coordinates":[135.8747865,34.5886022]},"properties":{"z":256.3}},{"type":"Feature","geometry":{"type":"Point","coordinates":[135.8748307,34.5885758]},"properties":{"z":256.3}},{"type":"Feature","geometry":{"type":"Point","coordinates":[135.8748682,34.5885441]},"properties":{"z":258.4}},{"type":"Feature","geometry":{"type":"Point","coordinates":[135.874921,34.588533]},"properties":{"z":256.8}},{"type":"Feature","geometry":{"type":"Point","coordinates":[135.8749755,34.5885309]},"properties":{"z":255.2}},{"type":"Feature","geometry":{"type":"Point","coordinates":[135.8750278,34.5885191]},"properties":{"z":255.2}},{"type":"Feature","geometry":{"type":"Point","coordinates":[135.8750726,34.5884933]},"properties":{"z":254.6}},{"type":"Feature","geometry":{"type":"Point","coordinates":[135.8751142,34.5884644]},"properties":{"z":256.7}},{"type":"Feature","geometry":{"type":"Point","coordinates":[135.8751541,34.5884337]},"properties":{"z":258.4}},{"type":"Feature","geometry":{"type":"Point","coordinates":[135.8751915,34.5884012]},"properties":{"z":260.4}},{"type":"Feature","geometry":{"type":"Point","coordinates":[135.8752267,34.5883668]},"properties":{"z":262.0}},{"type":"Feature","geometry":{"type":"Point","coordinates":[135.8752578,34.5883304]},"properties":{"z":263.5}},{"type":"Feature","geometry":{"type":"Point","coordinates":[135.8752838,34.5882913]},"properties":{"z":263.5}},{"type":"Feature","geometry":{"type":"Point","coordinates":[135.8753008,34.5882486]},"properties":{"z":264.8}},{"type":"Feature","geometry":{"type":"Point","coordinates":[135.8753228,34.5882077]},"properties":{"z":264.5}},{"type":"Feature","geometry":{"type":"Point","coordinates":[135.8753507,34.5881691]},"properties":{"z":264.5}},{"type":"Feature","geometry":{"type":"Point","coordinates":[135.8753812,34.5881318]},"properties":{"z":266.0}},{"type":"Feature","geometry":{"type":"Point","coordinates":[135.8754092,34.5880932]},"properties":{"z":264.3}},{"type":"Feature","geometry":{"type":"Point","coordinates":[135.8754369,34.5880546]},"properties":{"z":265.7}},{"type":"Feature","geometry":{"type":"Point","coordinates":[135.8754653,34.5880166]},"properties":{"z":265.7}},{"type":"Feature","geometry":{"type":"Point","coordinates":[135.8755057,34.5879866]},"properties":{"z":265.4}},{"type":"Feature","geometry":{"type":"Point","coordinates":[135.8755512,34.587962]},"properties":{"z":265.4}},{"type":"Feature","geometry":{"type":"Point","coordinates":[135.8755985,34.5879395]},"properties":{"z":266.2}},{"type":"Feature","geometry":{"type":"Point","coordinates":[135.8756471,34.587919]},"properties":{"z":269.5}},{"type":"Feature","geometry":{"type":"Point","coordinates":[135.8756953,34.5878983]},"properties":{"z":269.5}},{"type":"Feature","geometry":{"type":"Point","coordinates":[135.8757404,34.5878731]},"properties":{"z":266.5}},{"type":"Feature","geometry":{"type":"Point","coordinates":[135.8757899,34.5878542]},"properties":{"z":270.3}},{"type":"Feature","geometry":{"type":"Point","coordinates":[135.8758364,34.5878308]},"properties":{"z":267.7}},{"type":"Feature","geometry":{"type":"Point","coordinates":[135.8758873,34.587816]},"properties":{"z":267.7}},{"type":"Feature","geometry":{"type":"Point","coordinates":[135.875894,34.5878423]},"properties":{"z":267.7}},{"type":"Feature","geometry":{"type":"Point","coordinates":[135.8759107,34.5878242]},"properties":{"z":265.4}},{"type":"Feature","geometry":{"type":"Point","coordinates":[135.8759596,34.5878099]},"properties":{"z":265.4}},{"type":"Feature","geometry":{"type":"Point","coordinates":[135.8760056,34.5878323]},"properties":{"z":263.3}},{"type":"Feature","geometry":{"type":"Point","coordinates":[135.876043,34.587865]},"properties":{"z":259.4}},{"type":"Feature","geometry":{"type":"Point","coordinates":[135.8760804,34.5878977]},"properties":{"z":261.1}},{"type":"Feature","geometry":{"type":"Point","coordinates":[135.8761179,34.5879219]},"properties":{"z":261.1}},{"type":"Feature","geometry":{"type":"Point","coordinates":[135.8761556,34.5879543]},"properties":{"z":257.3}},{"type":"Feature","geometry":{"type":"Point","coordinates":[135.876191,34.5879885]},"properties":{"z":260.4}},{"type":"Feature","geometry":{"type":"Point","coordinates":[135.8762264,34.5880227]},"properties":{"z":254.7}},{"type":"Feature","geometry":{"type":"Point","coordinates":[135.8762618,34.588057]},"properties":{"z":261.5}},{"type":"Feature","geometry":{"type":"Point","coordinates":[135.8762973,34.5880911]},"properties":{"z":255.7}},{"type":"Feature","geometry":{"type":"Point","coordinates":[135.8763328,34.5881253]},"properties":{"z":260.5}},{"type":"Feature","geometry":{"type":"Point","coordinates":[135.8763687,34.5881591]},"properties":{"z":257.6}},{"type":"Feature","geometry":{"type":"Point","coordinates":[135.8764049,34.5881928]},"properties":{"z":257.6}},{"type":"Feature","geometry":{"type":"Point","coordinates":[135.8764401,34.5882272]},"properties":{"z":256.7}},{"type":"Feature","geometry":{"type":"Point","coordinates":[135.8764747,34.5882619]},"properties":{"z":256.7}},{"type":"Feature","geometry":{"type":"Point","coordinates":[135.8765119,34.5882948]},"properties":{"z":257.2}},{"type":"Feature","geometry":{"type":"Point","coordinates":[135.8765486,34.5883281]},"properties":{"z":257.2}},{"type":"Feature","geometry":{"type":"Point","coordinates":[135.8765842,34.5883622]},"properties":{"z":251.8}},{"type":"Feature","geometry":{"type":"Point","coordinates":[135.87662,34.5883961]},"properties":{"z":260.0}},{"type":"Feature","geometry":{"type":"Point","coordinates":[135.8766542,34.5884311]},"properties":{"z":252.5}},{"type":"Feature","geometry":{"type":"Point","coordinates":[135.8766901,34.5884649]},"properties":{"z":259.7}},{"type":"Feature","geometry":{"type":"Point","coordinates":[135.8767259,34.5884987]},"properties":{"z":255.5}},{"type":"Feature","geometry":{"type":"Point","coordinates":[135.8767609,34.5885332]},"properties":{"z":258.8}},{"type":"Feature","geometry":{"type":"Point","coordinates":[135.8767986,34.5885657]},"properties":{"z":255.5}},{"type":"Feature","geometry":{"type":"Point","coordinates":[135.8768337,34.5886]},"properties":{"z":255.5}},{"type":"Feature","geometry":{"type":"Point","coordinates":[135.876868,34.588635]},"properties":{"z":254.1}},{"type":"Feature","geometry":{"type":"Point","coordinates":[135.8769008,34.5886709]},"properties":{"z":254.1}},{"type":"Feature","geometry":{"type":"Point","coordinates":[135.8769375,34.5887042]},"properties":{"z":254.6}},{"type":"Feature","geometry":{"type":"Point","coordinates":[135.8769739,34.5887377]},"properties":{"z":254.6}},{"type":"Feature","geometry":{"type":"Point","coordinates":[135.8770092,34.5887719]},"properties":{"z":254.6}},{"type":"Feature","geometry":{"type":"Point","coordinates":[135.8770465,34.5888048]},"properties":{"z":253.2}},{"type":"Feature","geometry":{"type":"Point","coordinates":[135.877084,34.5888375]},"properties":{"z":253.2}},{"type":"Feature","geometry":{"type":"Point","coordinates":[135.87712,34.5888712]},"properties":{"z":258.0}},{"type":"Feature","geometry":{"type":"Point","coordinates":[135.8771544,34.5889061]},"properties":{"z":258.0}},{"type":"Feature","geometry":{"type":"Point","coordinates":[135.8771917,34.5889387]},"properties":{"z":260.6}},{"type":"Feature","geometry":{"type":"Point","coordinates":[135.8772368,34.5889637]},"properties":{"z":260.6}},{"type":"Feature","geometry":{"type":"Point","coordinates":[135.8772849,34.5889851]},"properties":{"z":264.9}},{"type":"Feature","geometry":{"type":"Point","coordinates":[135.877335,34.5890029]},"properties":{"z":266.8}},{"type":"Feature","geometry":{"type":"Point","coordinates":[135.8773874,34.5890151]},"properties":{"z":271.3}},{"type":"Feature","geometry":{"type":"Point","coordinates":[135.8774415,34.5890203]},"properties":{"z":271.3}},{"type":"Feature","geometry":{"type":"Point","coordinates":[135.877496,34.5890226]},"properties":{"z":274.7}},{"type":"Feature","geometry":{"type":"Point","coordinates":[135.8775502,34.5890276]},"properties":{"z":276.3}},{"type":"Feature","geometry":{"type":"Point","coordinates":[135.8776038,34.5890308]},"properties":{"z":276.3}},{"type":"Feature","geometry":{"type":"Point","coordinates":[135.8776572,34.5890215]},"properties":{"z":277.9}},{"type":"Feature","geometry":{"type":"Point","coordinates":[135.8777112,34.5890176]},"properties":{"z":279.9}},{"type":"Feature","geometry":{"type":"Point","coordinates":[135.8777657,34.5890167]},"properties":{"z":279.9}},{"type":"Feature","geometry":{"type":"Point","coordinates":[135.877819,34.5890083]},"properties":{"z":282.5}},{"type":"Feature","geometry":{"type":"Point","coordinates":[135.8778599,34.5889823]},"properties":{"z":280.8}},{"type":"Feature","geometry":{"type":"Point","coordinates":[135.8778709,34.5889386]},"properties":{"z":280.8}},{"type":"Feature","geometry":{"type":"Point","coordinates":[135.877883,34.5888952]},"properties":{"z":279.6}},{"type":"Feature","geometry":{"type":"Point","coordinates":[135.8778979,34.5889029]},"properties":{"z":279.6}},{"type":"Feature","geometry":{"type":"Point","coordinates":[135.8778752,34.5889436]},"properties":{"z":280.8}},{"type":"Feature","geometry":{"type":"Point","coordinates":[135.8778602,34.5889869]},"properties":{"z":282.5}},{"type":"Feature","geometry":{"type":"Point","coordinates":[135.8778285,34.5890216]},"properties":{"z":282.5}},{"type":"Feature","geometry":{"type":"Point","coordinates":[135.8777787,34.5890359]},"properties":{"z":279.9}},{"type":"Feature","geometry":{"type":"Point","coordinates":[135.8777245,34.5890305]},"properties":{"z":279.9}},{"type":"Feature","geometry":{"type":"Point","coordinates":[135.8776703,34.5890248]},"properties":{"z":277.9}},{"type":"Feature","geometry":{"type":"Point","coordinates":[135.8776165,34.5890176]},"properties":{"z":276.3}},{"type":"Feature","geometry":{"type":"Point","coordinates":[135.8775651,34.5890028]},"properties":{"z":276.3}},{"type":"Feature","geometry":{"type":"Point","coordinates":[135.877511,34.5889963]},"properties":{"z":274.7}},{"type":"Feature","geometry":{"type":"Point","coordinates":[135.8774588,34.5889833]},"properties":{"z":272.1}},{"type":"Feature","geometry":{"type":"Point","coordinates":[135.8774083,34.5889661]},"properties":{"z":269.4}},{"type":"Feature","geometry":{"type":"Point","coordinates":[135.8773578,34.5889491]},"properties":{"z":264.9}},{"type":"Feature","geometry":{"type":"Point","coordinates":[135.8773084,34.5889299]},"properties":{"z":264.9}},{"type":"Feature","geometry":{"type":"Point","coordinates":[135.8772623,34.5889061]},"properties":{"z":262.1}},{"type":"Feature","geometry":{"type":"Point","coordinates":[135.8772173,34.5888806]},"properties":{"z":262.1}},{"type":"Feature","geometry":{"type":"Point","coordinates":[135.877172,34.5888555]},"properties":{"z":258.0}},{"type":"Feature","geometry":{"type":"Point","coordinates":[135.8771279,34.588829]},"properties":{"z":260.6}},{"type":"Feature","geometry":{"type":"Point","coordinates":[135.8770915,34.5887955]},"properties":{"z":253.2}},{"type":"Feature","geometry":{"type":"Point","coordinates":[135.8770591,34.5887595]},"properties":{"z":260.1}},{"type":"Feature","geometry":{"type":"Point","coordinates":[135.8770171,34.5887308]},"properties":{"z":254.6}},{"type":"Feature","geometry":{"type":"Point","coordinates":[135.8769797,34.5886985]},"properties":{"z":258.6}},{"type":"Feature","geometry":{"type":"Point","coordinates":[135.8769492,34.5886613]},"properties":{"z":258.6}},{"type":"Feature","geometry":{"type":"Point","coordinates":[135.8769156,34.588626]},"properties":{"z":259.8}},{"type":"Feature","geometry":{"type":"Point","coordinates":[135.8768802,34.5885918]},"properties":{"z":259.8}},{"type":"Feature","geometry":{"type":"Point","coordinates":[135.8768451,34.5885575]},"properties":{"z":258.8}},{"type":"Feature","geometry":{"type":"Point","coordinates":[135.8768091,34.5885236]},"properties":{"z":258.8}},{"type":"Feature","geometry":{"type":"Point","coordinates":[135.8767707,34.5884918]},"properties":{"z":260.2}},{"type":"Feature","geometry":{"type":"Point","coordinates":[135.8767335,34.588459]},"properties":{"z":259.7}},{"type":"Feature","geometry":{"type":"Point","coordinates":[135.8766964,34.5884261]},"properties":{"z":259.7}},{"type":"Feature","geometry":{"type":"Point","coordinates":[135.8766605,34.5883922]},"properties":{"z":260.0}},{"type":"Feature","geometry":{"type":"Point","coordinates":[135.876626,34.5883573]},"properties":{"z":260.0}},{"type":"Feature","geometry":{"type":"Point","coordinates":[135.8765994,34.5883183]},"properties":{"z":260.1}},{"type":"Feature","geometry":{"type":"Point","coordinates":[135.8765621,34.5882858]},"properties":{"z":257.2}},{"type":"Feature","geometry":{"type":"Point","coordinates":[135.8765254,34.5882525]},"properties":{"z":260.3}},{"type":"Feature","geometry":{"type":"Point","coordinates":[135.8764884,34.5882194]},"properties":{"z":256.7}},{"type":"Feature","geometry":{"type":"Point","coordinates":[135.876456,34.5881833]},"properties":{"z":260.1}},{"type":"Feature","geometry":{"type":"Point","coordinates":[135.8764251,34.5881462]},"properties":{"z":260.1}},{"type":"Feature","geometry":{"type":"Point","coordinates":[135.8763904,34.5881115]},"properties":{"z":260.5}},{"type":"Feature","geometry":{"type":"Point","coordinates":[135.8763549,34.5880774]},"properties":{"z":260.5}},{"type":"Feature","geometry":{"type":"Point","coordinates":[135.8763163,34.5880456]},"properties":{"z":261.5}},{"type":"Feature","geometry":{"type":"Point","coordinates":[135.8762782,34.5880134]},"properties":{"z":261.5}},{"type":"Feature","geometry":{"type":"Point","coordinates":[135.8762427,34.5879792]},"properties":{"z":260.4}},{"type":"Feature","geometry":{"type":"Point","coordinates":[135.8762108,34.5879428]},"properties":{"z":260.4}},{"type":"Feature","geometry":{"type":"Point","coordinates":[135.8761759,34.5879083]},"properties":{"z":263.1}},{"type":"Feature","geometry":{"type":"Point","coordinates":[135.8761405,34.5878741]},"properties":{"z":261.1}},{"type":"Feature","geometry":{"type":"Point","coordinates":[135.8761032,34.5878413]},"properties":{"z":263.6}},{"type":"Feature","geometry":{"type":"Point","coordinates":[135.8760687,34.5878066]},"properties":{"z":263.3}},{"type":"Feature","geometry":{"type":"Point","coordinates":[135.8760336,34.5877722]},"properties":{"z":266.2}},{"type":"Feature","geometry":{"type":"Point","coordinates":[135.8759977,34.5877383]},"properties":{"z":266.2}},{"type":"Feature","geometry":{"type":"Point","coordinates":[135.8759619,34.5877044]},"properties":{"z":270.4}},{"type":"Feature","geometry":{"type":"Point","coordinates":[135.8759324,34.5876671]},"properties":{"z":270.4}},{"type":"Feature","geometry":{"type":"Point","coordinates":[135.8758938,34.5876367]},"properties":{"z":272.0}},{"type":"Feature","geometry":{"type":"Point","coordinates":[135.8758487,34.5876122]},"properties":{"z":272.0}},{"type":"Feature","geometry":{"type":"Point","coordinates":[135.8758167,34.5875758]},"properties":{"z":272.0}},{"type":"Feature","geometry":{"type":"Point","coordinates":[135.8758151,34.5875433]},"properties":{"z":273.9}},{"type":"Feature","geometry":{"type":"Point","coordinates":[135.8758419,34.5875085]},"properties":{"z":272.9}},{"type":"Feature","geometry":{"type":"Point","coordinates":[135.8758479,34.5874642]},"properties":{"z":274.0}},{"type":"Feature","geometry":{"type":"Point","coordinates":[135.8758637,34.5874212]},"properties":{"z":275.3}},{"type":"Feature","geometry":{"type":"Point","coordinates":[135.8758876,34.587381]},"properties":{"z":275.3}},{"type":"Feature","geometry":{"type":"Point","coordinates":[135.8759092,34.5873402]},"properties":{"z":276.1}},{"type":"Feature","geometry":{"type":"Point","coordinates":[135.8759407,34.5873037]},"properties":{"z":276.1}},{"type":"Feature","geometry":{"type":"Point","coordinates":[135.8759657,34.5872639]},"properties":{"z":277.1}},{"type":"Feature","geometry":{"type":"Point","coordinates":[135.8759872,34.5872226]},"properties":{"z":277.1}},{"type":"Feature","geometry":{"type":"Point","coordinates":[135.8760138,34.5871834]},"properties":{"z":276.8}},{"type":"Feature","geometry":{"type":"Point","coordinates":[135.8760355,34.5871422]},"properties":{"z":276.6}},{"type":"Feature","geometry":{"type":"Point","coordinates":[135.8760564,34.5871006]},"properties":{"z":276.6}},{"type":"Feature","geometry":{"type":"Point","coordinates":[135.8760782,34.5870594]},"properties":{"z":273.5}},{"type":"Feature","geometry":{"type":"Point","coordinates":[135.8761005,34.5870184]},"properties":{"z":273.5}},{"type":"Feature","geometry":{"type":"Point","coordinates":[135.8761292,34.5869802]},"properties":{"z":270.8}},{"type":"Feature","geometry":{"type":"Point","coordinates":[135.8761521,34.5869396]},"properties":{"z":270.8}},{"type":"Feature","geometry":{"type":"Point","coordinates":[135.8761728,34.5868981]},"properties":{"z":269.4}},{"type":"Feature","geometry":{"type":"Point","coordinates":[135.8762009,34.5868596]},"properties":{"z":269.1}},{"type":"Feature","geometry":{"type":"Point","coordinates":[135.8762249,34.5868193]},"properties":{"z":269.1}},{"type":"Feature","geometry":{"type":"Point","coordinates":[135.8762497,34.5867792]},"properties":{"z":268.8}},{"type":"Feature","geometry":{"type":"Point","coordinates":[135.8762701,34.5867379]},"properties":{"z":268.8}},{"type":"Feature","geometry":{"type":"Point","coordinates":[135.8763061,34.5867047]},"properties":{"z":268.6}},{"type":"Feature","geometry":{"type":"Point","coordinates":[135.8763413,34.5866704]},"properties":{"z":268.3}},{"type":"Feature","geometry":{"type":"Point","coordinates":[135.8763742,34.5866347]},"properties":{"z":268.4}},{"type":"Feature","geometry":{"type":"Point","coordinates":[135.8763967,34.5865938]},"properties":{"z":268.4}},{"type":"Feature","geometry":{"type":"Point","coordinates":[135.8764188,34.5865527]},"properties":{"z":268.8}},{"type":"Feature","geometry":{"type":"Point","coordinates":[135.8764399,34.5865112]},"properties":{"z":269.1}},{"type":"Feature","geometry":{"type":"Point","coordinates":[135.8764637,34.5864709]},"properties":{"z":269.1}},{"type":"Feature","geometry":{"type":"Point","coordinates":[135.8764914,34.5864321]},"properties":{"z":269.5}},{"type":"Feature","geometry":{"type":"Point","coordinates":[135.8765197,34.5863937]},"properties":{"z":269.5}},{"type":"Feature","geometry":{"type":"Point","coordinates":[135.8765431,34.5863531]},"properties":{"z":270.6}},{"type":"Feature","geometry":{"type":"Point","coordinates":[135.8765686,34.5863133]},"properties":{"z":270.6}},{"type":"Feature","geometry":{"type":"Point","coordinates":[135.8765934,34.5862733]},"properties":{"z":271.2}},{"type":"Feature","geometry":{"type":"Point","coordinates":[135.8766171,34.5862328]},"properties":{"z":271.2}},{"type":"Feature","geometry":{"type":"Point","coordinates":[135.8766391,34.5861917]},"properties":{"z":272.8}},{"type":"Feature","geometry":{"type":"Point","coordinates":[135.8766654,34.5861524]},"properties":{"z":274.5}},{"type":"Feature","geometry":{"type":"Point","coordinates":[135.8766937,34.586114]},"properties":{"z":271.0}},{"type":"Feature","geometry":{"type":"Point","coordinates":[135.8767195,34.5860743]},"properties":{"z":272.4}},{"type":"Feature","geometry":{"type":"Point","coordinates":[135.8767422,34.5860335]},"properties":{"z":272.4}},{"type":"Feature","geometry":{"type":"Point","coordinates":[135.8767708,34.5859952]},"properties":{"z":271.2}},{"type":"Feature","geometry":{"type":"Point","coordinates":[135.8767986,34.5859565]},"properties":{"z":271.2}},{"type":"Feature","geometry":{"type":"Point","coordinates":[135.876827,34.5859181]},"properties":{"z":272.6}},{"type":"Feature","geometry":{"type":"Point","coordinates":[135.8768549,34.5858795]},"properties":{"z":270.4}},{"type":"Feature","geometry":{"type":"Point","coordinates":[135.87688,34.5858396]},"properties":{"z":271.5}},{"type":"Feature","geometry":{"type":"Point","coordinates":[135.8769093,34.5858017]},"properties":{"z":273.1}},{"type":"Feature","geometry":{"type":"Point","coordinates":[135.8769377,34.5857633]},"properties":{"z":270.4}},{"type":"Feature","geometry":{"type":"Point","coordinates":[135.8769677,34.5857258]},"properties":{"z":271.6}},{"type":"Feature","geometry":{"type":"Point","coordinates":[135.8770001,34.5856896]},"properties":{"z":271.6}},{"type":"Feature","geometry":{"type":"Point","coordinates":[135.8770306,34.5856523]},"properties":{"z":269.8}},{"type":"Feature","geometry":{"type":"Point","coordinates":[135.8770599,34.5856144]},"properties":{"z":269.8}},{"type":"Feature","geometry":{"type":"Point","coordinates":[135.8770903,34.5855771]},"properties":{"z":271.6}},{"type":"Feature","geometry":{"type":"Point","coordinates":[135.8771258,34.5855431]},"properties":{"z":269.9}},{"type":"Feature","geometry":{"type":"Point","coordinates":[135.8771612,34.585509]},"properties":{"z":270.8}},{"type":"Feature","geometry":{"type":"Point","coordinates":[135.8771919,34.5854719]},"properties":{"z":269.5}},{"type":"Feature","geometry":{"type":"Point","coordinates":[135.8772193,34.5854331]},"properties":{"z":270.2}},{"type":"Feature","geometry":{"type":"Point","coordinates":[135.8772452,34.5853935]},"properties":{"z":270.2}},{"type":"Feature","geometry":{"type":"Point","coordinates":[135.8772707,34.5853538]},"properties":{"z":271.0}},{"type":"Feature","geometry":{"type":"Point","coordinates":[135.87729,34.5853118]},"properties":{"z":269.5}},{"type":"Feature","geometry":{"type":"Point","coordinates":[135.8773129,34.585271]},"properties":{"z":269.5}},{"type":"Feature","geometry":{"type":"Point","coordinates":[135.8773318,34.5852288]},"properties":{"z":270.3}},{"type":"Feature","geometry":{"type":"Point","coordinates":[135.8773339,34.5851845]},"properties":{"z":270.3}},{"type":"Feature","geometry":{"type":"Point","coordinates":[135.8773301,34.5851397]},"properties":{"z":271.1}},{"type":"Feature","geometry":{"type":"Point","coordinates":[135.8773214,34.5850953]},"properties":{"z":271.8}},{"type":"Feature","geometry":{"type":"Point","coordinates":[135.8773162,34.5850507]},"properties":{"z":271.8}},{"type":"Feature","geometry":{"type":"Point","coordinates":[135.8773137,34.5850058]},"properties":{"z":271.5}},{"type":"Feature","geometry":{"type":"Point","coordinates":[135.8772983,34.5849627]},"properties":{"z":271.5}},{"type":"Feature","geometry":{"type":"Point","coordinates":[135.8772776,34.5849213]},"properties":{"z":270.9}},{"type":"Feature","geometry":{"type":"Point","coordinates":[135.8772516,34.5848819]},"properties":{"z":272.8}},{"type":"Feature","geometry":{"type":"Point","coordinates":[135.8772127,34.5848503]},"properties":{"z":272.8}},{"type":"Feature","geometry":{"type":"Point","coordinates":[135.8771727,34.5848198]},"properties":{"z":276.9}},{"type":"Feature","geometry":{"type":"Point","coordinates":[135.8771305,34.5847914]},"properties":{"z":273.7}},{"type":"Feature","geometry":{"type":"Point","coordinates":[135.8770838,34.5847682]},"properties":{"z":276.7}},{"type":"Feature","geometry":{"type":"Point","coordinates":[135.8770379,34.5847439]},"properties":{"z":273.4}},{"type":"Feature","geometry":{"type":"Point","coordinates":[135.8769925,34.5847189]},"properties":{"z":275.9}},{"type":"Feature","geometry":{"type":"Point","coordinates":[135.8769514,34.5846893]},"properties":{"z":275.9}},{"type":"Feature","geometry":{"type":"Point","coordinates":[135.8769099,34.5846601]},"properties":{"z":275.4}},{"type":"Feature","geometry":{"type":"Point","coordinates":[135.8768673,34.584632]},"properties":{"z":275.4}},{"type":"Feature","geometry":{"type":"Point","coordinates":[135.8768238,34.5846049]},"properties":{"z":274.7}},{"type":"Feature","geometry":{"type":"Point","coordinates":[135.8767793,34.5845788]},"properties":{"z":274.7}},{"type":"Feature","geometry":{"type":"Point","coordinates":[135.8767396,34.5845482]},"properties":{"z":276.9}},{"type":"Feature","geometry":{"type":"Point","coordinates":[135.8767017,34.5845159]},"properties":{"z":274.8}},{"type":"Feature","geometry":{"type":"Point","coordinates":[135.8766577,34.5844892]},"properties":{"z":276.6}},{"type":"Feature","geometry":{"type":"Point","coordinates":[135.8766111,34.5844663]},"properties":{"z":276.6}},{"type":"Feature","geometry":{"type":"Point","coordinates":[135.8765611,34.5844482]},"properties":{"z":276.2}},{"type":"Feature","geometry":{"type":"Point","coordinates":[135.8765108,34.5844308]},"properties":{"z":276.2}},{"type":"Feature","geometry":{"type":"Point","coordinates":[135.8764663,34.5844048]},"properties":{"z":278.3}},{"type":"Feature","geometry":{"type":"Point","coordinates":[135.8764226,34.5843778]},"properties":{"z":275.8}},{"type":"Feature","geometry":{"type":"Point","coordinates":[135.876379,34.5843507]},"properties":{"z":277.1}},{"type":"Feature","geometry":{"type":"Point","coordinates":[135.8763343,34.5843249]},"properties":{"z":277.1}},{"type":"Feature","geometry":{"type":"Point","coordinates":[135.8762881,34.584301]},"properties":{"z":276.7}},{"type":"Feature","geometry":{"type":"Point","coordinates":[135.8762419,34.5842771]},"properties":{"z":279.2}},{"type":"Feature","geometry":{"type":"Point","coordinates":[135.8761963,34.5842524]},"properties":{"z":279.2}},{"type":"Feature","geometry":{"type":"Point","coordinates":[135.8761554,34.5842232]},"properties":{"z":281.3}},{"type":"Feature","geometry":{"type":"Point","coordinates":[135.8761238,34.5841867]},"properties":{"z":281.3}},{"type":"Feature","geometry":{"type":"Point","coordinates":[135.87609,34.5841519]},"properties":{"z":277.3}},{"type":"Feature","geometry":{"type":"Point","coordinates":[135.8760588,34.5841165]},"properties":{"z":282.5}},{"type":"Feature","geometry":{"type":"Point","coordinates":[135.8760432,34.5840734]},"properties":{"z":278.8}},{"type":"Feature","geometry":{"type":"Point","coordinates":[135.876021,34.5840324]},"properties":{"z":276.7}},{"type":"Feature","geometry":{"type":"Point","coordinates":[135.875993,34.5839939]},"properties":{"z":276.7}},{"type":"Feature","geometry":{"type":"Point","coordinates":[135.8759773,34.5839508]},"properties":{"z":277.4}},{"type":"Feature","geometry":{"type":"Point","coordinates":[135.8759601,34.5839081]},"properties":{"z":277.4}},{"type":"Feature","geometry":{"type":"Point","coordinates":[135.8759437,34.5838655]},"properties":{"z":276.1}},{"type":"Feature","geometry":{"type":"Point","coordinates":[135.8759392,34.5838207]},"properties":{"z":275.1}},{"type":"Feature","geometry":{"type":"Point","coordinates":[135.8759393,34.5837758]},"properties":{"z":275.1}},{"type":"Feature","geometry":{"type":"Point","coordinates":[135.8759427,34.583731]},"properties":{"z":274.2}},{"type":"Feature","geometry":{"type":"Point","coordinates":[135.8759333,34.5836868]},"properties":{"z":273.5}},{"type":"Feature","geometry":{"type":"Point","coordinates":[135.8759268,34.5836423]},"properties":{"z":273.5}},{"type":"Feature","geometry":{"type":"Point","coordinates":[135.8759229,34.5835975]},"properties":{"z":272.9}},{"type":"Feature","geometry":{"type":"Point","coordinates":[135.8759166,34.5835528]},"properties":{"z":272.9}},{"type":"Feature","geometry":{"type":"Point","coordinates":[135.8759118,34.583508]},"properties":{"z":272.5}},{"type":"Feature","geometry":{"type":"Point","coordinates":[135.8759078,34.5834632]},"properties":{"z":272.3}},{"type":"Feature","geometry":{"type":"Point","coordinates":[135.8759048,34.5834183]},"properties":{"z":272.3}},{"type":"Feature","geometry":{"type":"Point","coordinates":[135.8759012,34.5833735]},"properties":{"z":274.5}},{"type":"Feature","geometry":{"type":"Point","coordinates":[135.8758904,34.5833295]},"properties":{"z":276.7}},{"type":"Feature","geometry":{"type":"Point","coordinates":[135.8758766,34.583286]},"properties":{"z":276.7}},{"type":"Feature","geometry":{"type":"Point","coordinates":[135.8758591,34.5832434]},"properties":{"z":279.0}},{"type":"Feature","geometry":{"type":"Point","coordinates":[135.8758519,34.5831991]},"properties":{"z":279.0}},{"type":"Feature","geometry":{"type":"Point","coordinates":[135.87585,34.5831542]},"properties":{"z":281.0}},{"type":"Feature","geometry":{"type":"Point","coordinates":[135.8758509,34.5831093]},"properties":{"z":280.9}},{"type":"Feature","geometry":{"type":"Point","coordinates":[135.8758475,34.5830644]},"properties":{"z":280.9}},{"type":"Feature","geometry":{"type":"Point","coordinates":[135.8758383,34.5830202]},"properties":{"z":280.3}},{"type":"Feature","geometry":{"type":"Point","coordinates":[135.8758294,34.5829758]},"properties":{"z":279.6}},{"type":"Feature","geometry":{"type":"Point","coordinates":[135.8758225,34.5829313]},"properties":{"z":279.6}},{"type":"Feature","geometry":{"type":"Point","coordinates":[135.8758147,34.5828869]},"properties":{"z":282.8}},{"type":"Feature","geometry":{"type":"Point","coordinates":[135.8758042,34.5828428]},"properties":{"z":282.8}},{"type":"Feature","geometry":{"type":"Point","coordinates":[135.8757994,34.5827983]},"properties":{"z":281.7}},{"type":"Feature","geometry":{"type":"Point","coordinates":[135.8758093,34.5827541]},"properties":{"z":280.3}},{"type":"Feature","geometry":{"type":"Point","coordinates":[135.875831,34.5827134]},"properties":{"z":276.1}},{"type":"Feature","geometry":{"type":"Point","coordinates":[135.8758645,34.5826801]},"properties":{"z":275.0}},{"type":"Feature","geometry":{"type":"Point","coordinates":[135.8759132,34.5826598]},"properties":{"z":274.0}},{"type":"Feature","geometry":{"type":"Point","coordinates":[135.8759652,34.582646]},"properties":{"z":274.0}},{"type":"Feature","geometry":{"type":"Point","coordinates":[135.8760142,34.5826267]},"properties":{"z":275.8}},{"type":"Feature","geometry":{"type":"Point","coordinates":[135.8760638,34.5826116]},"properties":{"z":275.8}},{"type":"Feature","geometry":{"type":"Point","coordinates":[135.8761183,34.582614]},"properties":{"z":277.1}},{"type":"Feature","geometry":{"type":"Point","coordinates":[135.8761519,34.5826467]},"properties":{"z":276.6}},{"type":"Feature","geometry":{"type":"Point","coordinates":[135.8761653,34.5826896]},"properties":{"z":277.9}},{"type":"Feature","geometry":{"type":"Point","coordinates":[135.8761857,34.5827301]},"properties":{"z":277.4}},{"type":"Feature","geometry":{"type":"Point","coordinates":[135.8762178,34.5827664]},"properties":{"z":277.4}},{"type":"Feature","geometry":{"type":"Point","coordinates":[135.8762511,34.582802]},"properties":{"z":278.1}},{"type":"Feature","geometry":{"type":"Point","coordinates":[135.8762801,34.5828399]},"properties":{"z":277.4}},{"type":"Feature","geometry":{"type":"Point","coordinates":[135.8763036,34.5828804]},"properties":{"z":277.4}},{"type":"Feature","geometry":{"type":"Point","coordinates":[135.8763262,34.5829214]},"properties":{"z":276.7}},{"type":"Feature","geometry":{"type":"Point","coordinates":[135.8763482,34.5829625]},"properties":{"z":278.3}},{"type":"Feature","geometry":{"type":"Point","coordinates":[135.8763763,34.583001]},"properties":{"z":277.4}},{"type":"Feature","geometry":{"type":"Point","coordinates":[135.8764051,34.5830392]},"properties":{"z":277.4}},{"type":"Feature","geometry":{"type":"Point","coordinates":[135.8764348,34.5830769]},"properties":{"z":277.9}},{"type":"Feature","geometry":{"type":"Point","coordinates":[135.8764681,34.5831124]},"properties":{"z":277.9}},{"type":"Feature","geometry":{"type":"Point","coordinates":[135.8765018,34.5831478]},"properties":{"z":276.6}},{"type":"Feature","geometry":{"type":"Point","coordinates":[135.8765338,34.5831842]},"properties":{"z":278.1}},{"type":"Feature","geometry":{"type":"Point","coordinates":[135.8765664,34.5832202]},"properties":{"z":276.6}},{"type":"Feature","geometry":{"type":"Point","coordinates":[135.8765988,34.5832563]},"properties":{"z":278.0}},{"type":"Feature","geometry":{"type":"Point","coordinates":[135.8766404,34.583285]},"properties":{"z":276.5}},{"type":"Feature","geometry":{"type":"Point","coordinates":[135.8766886,34.5833058]},"properties":{"z":277.5}},{"type":"Feature","geometry":{"type":"Point","coordinates":[135.8767327,34.5833321]},"properties":{"z":277.5}},{"type":"Feature","geometry":{"type":"Point","coordinates":[135.8767847,34.5833447]},"properties":{"z":276.7}},{"type":"Feature","geometry":{"type":"Point","coordinates":[135.8768393,34.5833426]},"properties":{"z":276.7}},{"type":"Feature","geometry":{"type":"Point","coordinates":[135.8768938,34.5833399]},"properties":{"z":277.1}},{"type":"Feature","geometry":{"type":"Point","coordinates":[135.8769483,34.5833394]},"properties":{"z":277.4}},{"type":"Feature","geometry":{"type":"Point","coordinates":[135.8770015,34.583333]},"properties":{"z":279.0}},{"type":"Feature","geometry":{"type":"Point","coordinates":[135.8770555,34.583328]},"properties":{"z":279.3}},{"type":"Feature","geometry":{"type":"Point","coordinates":[135.8771099,34.5833242]},"properties":{"z":279.7}},{"type":"Feature","geometry":{"type":"Point","coordinates":[135.877163,34.5833141]},"properties":{"z":279.7}},{"type":"Feature","geometry":{"type":"Point","coordinates":[135.8772141,34.5832985]},"properties":{"z":280.4}},{"type":"Feature","geometry":{"type":"Point","coordinates":[135.8772604,34.5832758]},"properties":{"z":280.4}},{"type":"Feature","geometry":{"type":"Point","coordinates":[135.8773048,34.5832514]},"properties":{"z":286.3}},{"type":"Feature","geometry":{"type":"Point","coordinates":[135.8773566,34.5832374]},"properties":{"z":286.3}},{"type":"Feature","geometry":{"type":"Point","coordinates":[135.8774102,34.5832348]},"properties":{"z":285.9}},{"type":"Feature","geometry":{"type":"Point","coordinates":[135.8774643,34.5832402]},"properties":{"z":285.7}},{"type":"Feature","geometry":{"type":"Point","coordinates":[135.8775176,34.5832479]},"properties":{"z":285.7}},{"type":"Feature","geometry":{"type":"Point","coordinates":[135.877565,34.5832697]},"properties":{"z":279.2}},{"type":"Feature","geometry":{"type":"Point","coordinates":[135.8776139,34.5832895]},"properties":{"z":279.2}},{"type":"Feature","geometry":{"type":"Point","coordinates":[135.877665,34.5833044]},"properties":{"z":279.2}},{"type":"Feature","geometry":{"type":"Point","coordinates":[135.877713,34.5833251]},"properties":{"z":279.1}},{"type":"Feature","geometry":{"type":"Point","coordinates":[135.8777591,34.5833492]},"properties":{"z":277.6}},{"type":"Feature","geometry":{"type":"Point","coordinates":[135.8777806,34.5833895]},"properties":{"z":277.6}},{"type":"Feature","geometry":{"type":"Point","coordinates":[135.8777873,34.583434]},"properties":{"z":276.3}},{"type":"Feature","geometry":{"type":"Point","coordinates":[135.8778,34.5834777]},"properties":{"z":275.9}},{"type":"Feature","geometry":{"type":"Point","coordinates":[135.8778148,34.583521]},"properties":{"z":275.9}},{"type":"Feature","geometry":{"type":"Point","coordinates":[135.8778296,34.5835643]},"properties":{"z":276.1}},{"type":"Feature","geometry":{"type":"Point","coordinates":[135.8778396,34.5836084]},"properties":{"z":276.1}},{"type":"Feature","geometry":{"type":"Point","coordinates":[135.8778473,34.5836529]},"properties":{"z":276.2}},{"type":"Feature","geometry":{"type":"Point","coordinates":[135.8778548,34.5836974]},"properties":{"z":276.2}},{"type":"Feature","geometry":{"type":"Point","coordinates":[135.877864,34.5837417]},"properties":{"z":276.2}},{"type":"Feature","geometry":{"type":"Point","coordinates":[135.8778749,34.5837857]},"properties":{"z":275.8}},{"type":"Feature","geometry":{"type":"Point","coordinates":[135.8778952,34.5838274]},"properties":{"z":277.5}},{"type":"Feature","geometry":{"type":"Point","coordinates":[135.8779266,34.5838638]},"properties":{"z":276.7}},{"type":"Feature","geometry":{"type":"Point","coordinates":[135.8779679,34.5838923]},"properties":{"z":278.2}},{"type":"Feature","geometry":{"type":"Point","coordinates":[135.8780144,34.5839158]},"properties":{"z":276.6}},{"type":"Feature","geometry":{"type":"Point","coordinates":[135.8780629,34.5839364]},"properties":{"z":277.6}},{"type":"Feature","geometry":{"type":"Point","coordinates":[135.8781149,34.5839495]},"properties":{"z":277.6}},{"type":"Feature","geometry":{"type":"Point","coordinates":[135.878168,34.5839598]},"properties":{"z":278.3}},{"type":"Feature","geometry":{"type":"Point","coordinates":[135.8782225,34.5839632]},"properties":{"z":278.7}},{"type":"Feature","geometry":{"type":"Point","coordinates":[135.8782769,34.5839662]},"properties":{"z":278.7}},{"type":"Feature","geometry":{"type":"Point","coordinates":[135.8783315,34.5839675]},"properties":{"z":278.9}},{"type":"Feature","geometry":{"type":"Point","coordinates":[135.8783858,34.5839664]},"properties":{"z":278.9}},{"type":"Feature","geometry":{"type":"Point","coordinates":[135.878439,34.5839564]},"properties":{"z":278.8}},{"type":"Feature","geometry":{"type":"Point","coordinates":[135.8784925,34.5839483]},"properties":{"z":278.6}},{"type":"Feature","geometry":{"type":"Point","coordinates":[135.8785468,34.5839522]},"properties":{"z":278.6}},{"type":"Feature","geometry":{"type":"Point","coordinates":[135.8785997,34.5839591]},"properties":{"z":278.0}},{"type":"Feature","geometry":{"type":"Point","coordinates":[135.8786404,34.583989]},"properties":{"z":276.2}},{"type":"Feature","geometry":{"type":"Point","coordinates":[135.8786811,34.584019]},"properties":{"z":276.3}},{"type":"Feature","geometry":{"type":"Point","coordinates":[135.8787212,34.5840495]},"properties":{"z":275.5}},{"type":"Feature","geometry":{"type":"Point","coordinates":[135.8787598,34.5840808]},"properties":{"z":276.9}},{"type":"Feature","geometry":{"type":"Point","coordinates":[135.8787785,34.584123]},"properties":{"z":276.8}},{"type":"Feature","geometry":{"type":"Point","coordinates":[135.8787971,34.5841653]},"properties":{"z":276.8}},{"type":"Feature","geometry":{"type":"Point","coordinates":[135.878816,34.5842075]},"properties":{"z":276.3}},{"type":"Feature","geometry":{"type":"Point","coordinates":[135.8788362,34.584249]},"properties":{"z":277.7}},{"type":"Feature","geometry":{"type":"Point","coordinates":[135.8788447,34.5842933]},"properties":{"z":277.0}},{"type":"Feature","geometry":{"type":"Point","coordinates":[135.8788529,34.5843376]},"properties":{"z":276.9}},{"type":"Feature","geometry":{"type":"Point","coordinates":[135.8788622,34.5843814]},"properties":{"z":276.9}},{"type":"Feature","geometry":{"type":"Point","coordinates":[135.8788546,34.5844254]},"properties":{"z":276.9}},{"type":"Feature","geometry":{"type":"Point","coordinates":[135.8788335,34.5844666]},"properties":{"z":277.0}},{"type":"Feature","geometry":{"type":"Point","coordinates":[135.8788073,34.5845061]},"properties":{"z":275.8}},{"type":"Feature","geometry":{"type":"Point","coordinates":[135.878772,34.5845394]},"properties":{"z":276.5}},{"type":"Feature","geometry":{"type":"Point","coordinates":[135.8787278,34.5845652]},"properties":{"z":275.7}},{"type":"Feature","geometry":{"type":"Point","coordinates":[135.8786758,34.5845784]},"properties":{"z":275.7}},{"type":"Feature","geometry":{"type":"Point","coordinates":[135.878622,34.5845863]},"properties":{"z":274.8}},{"type":"Feature","geometry":{"type":"Point","coordinates":[135.8785686,34.5845954]},"properties":{"z":274.8}},{"type":"Feature","geometry":{"type":"Point","coordinates":[135.8785169,34.5846091]},"properties":{"z":275.1}},{"type":"Feature","geometry":{"type":"Point","coordinates":[135.8784695,34.5846314]},"properties":{"z":273.7}},{"type":"Feature","geometry":{"type":"Point","coordinates":[135.8784259,34.5846583]},"properties":{"z":273.7}},{"type":"Feature","geometry":{"type":"Point","coordinates":[135.8783912,34.5846929]},"properties":{"z":273.0}},{"type":"Feature","geometry":{"type":"Point","coordinates":[135.8783644,34.5847318]},"properties":{"z":273.0}},{"type":"Feature","geometry":{"type":"Point","coordinates":[135.8783545,34.584776]},"properties":{"z":273.5}},{"type":"Feature","geometry":{"type":"Point","coordinates":[135.8783494,34.5848207]},"properties":{"z":273.8}},{"type":"Feature","geometry":{"type":"Point","coordinates":[135.8783516,34.5848613]},"properties":{"z":273.8}},{"type":"Feature","geometry":{"type":"Point","coordinates":[135.8783747,34.5849018]},"properties":{"z":273.5}},{"type":"Feature","geometry":{"type":"Point","coordinates":[135.8783948,34.5849436]},"properties":{"z":276.8}},{"type":"Feature","geometry":{"type":"Point","coordinates":[135.8784122,34.5849862]},"properties":{"z":276.7}},{"type":"Feature","geometry":{"type":"Point","coordinates":[135.8784156,34.585031]},"properties":{"z":276.6}},{"type":"Feature","geometry":{"type":"Point","coordinates":[135.8784022,34.5850746]},"properties":{"z":276.6}},{"type":"Feature","geometry":{"type":"Point","coordinates":[135.8783816,34.5851162]},"properties":{"z":272.9}},{"type":"Feature","geometry":{"type":"Point","coordinates":[135.8783537,34.5851548]},"properties":{"z":272.9}},{"type":"Feature","geometry":{"type":"Point","coordinates":[135.8783274,34.5851942]},"properties":{"z":273.2}},{"type":"Feature","geometry":{"type":"Point","coordinates":[135.8783081,34.5852362]},"properties":{"z":273.2}},{"type":"Feature","geometry":{"type":"Point","coordinates":[135.8782942,34.5852796]},"properties":{"z":270.1}},{"type":"Feature","geometry":{"type":"Point","coordinates":[135.8782876,34.5853242]},"properties":{"z":270.5}},{"type":"Feature","geometry":{"type":"Point","coordinates":[135.8782852,34.5853691]},"properties":{"z":270.5}},{"type":"Feature","geometry":{"type":"Point","coordinates":[135.8782846,34.585414]},"properties":{"z":270.7}},{"type":"Feature","geometry":{"type":"Point","coordinates":[135.8782882,34.5854588]},"properties":{"z":270.8}},{"type":"Feature","geometry":{"type":"Point","coordinates":[135.8782933,34.5854939]},"properties":{"z":270.8}},{"type":"Feature","geometry":{"type":"Point","coordinates":[135.8782797,34.585497]},"properties":{"z":270.8}},{"type":"Feature","geometry":{"type":"Point","coordinates":[135.878289,34.5855413]},"properties":{"z":270.7}},{"type":"Feature","geometry":{"type":"Point","coordinates":[135.8782934,34.5855861]},"properties":{"z":270.7}},{"type":"Feature","geometry":{"type":"Point","coordinates":[135.878295,34.585631]},"properties":{"z":270.6}},{"type":"Feature","geometry":{"type":"Point","coordinates":[135.878309,34.5856723]},"properties":{"z":274.1}},{"type":"Feature","geometry":{"type":"Point","coordinates":[135.8783195,34.5857159]},"properties":{"z":274.1}},{"type":"Feature","geometry":{"type":"Point","coordinates":[135.8783261,34.5857605]},"properties":{"z":273.8}},{"type":"Feature","geometry":{"type":"Point","coordinates":[135.8783338,34.585805]},"properties":{"z":273.8}},{"type":"Feature","geometry":{"type":"Point","coordinates":[135.8783401,34.5858496]},"properties":{"z":273.3}},{"type":"Feature","geometry":{"type":"Point","coordinates":[135.8783481,34.5858941]},"properties":{"z":272.9}},{"type":"Feature","geometry":{"type":"Point","coordinates":[135.8783561,34.5859385]},"properties":{"z":272.9}},{"type":"Feature","geometry":{"type":"Point","coordinates":[135.8783658,34.5859828]},"properties":{"z":272.2}},{"type":"Feature","geometry":{"type":"Point","coordinates":[135.8783757,34.5860269]},"properties":{"z":271.3}},{"type":"Feature","geometry":{"type":"Point","coordinates":[135.8783946,34.5860675]},"properties":{"z":273.7}},{"type":"Feature","geometry":{"type":"Point","coordinates":[135.878434,34.5860975]},"properties":{"z":272.0}},{"type":"Feature","geometry":{"type":"Point","coordinates":[135.8784823,34.5861184]},"properties":{"z":274.2}},{"type":"Feature","geometry":{"type":"Point","coordinates":[135.8785336,34.5861336]},"properties":{"z":274.2}},{"type":"Feature","geometry":{"type":"Point","coordinates":[135.878588,34.5861371]},"properties":{"z":276.0}},{"type":"Feature","geometry":{"type":"Point","coordinates":[135.8786422,34.5861427]},"properties":{"z":276.0}},{"type":"Feature","geometry":{"type":"Point","coordinates":[135.8786961,34.5861498]},"properties":{"z":280.6}},{"type":"Feature","geometry":{"type":"Point","coordinates":[135.8787497,34.586158]},"properties":{"z":283.9}},{"type":"Feature","geometry":{"type":"Point","coordinates":[135.8788032,34.5861672]},"properties":{"z":276.8}},{"type":"Feature","geometry":{"type":"Point","coordinates":[135.8788551,34.586181]},"properties":{"z":280.7}},{"type":"Feature","geometry":{"type":"Point","coordinates":[135.8789088,34.5861878]},"properties":{"z":286.9}},{"type":"Feature","geometry":{"type":"Point","coordinates":[135.878963,34.586193]},"properties":{"z":286.9}},{"type":"Feature","geometry":{"type":"Point","coordinates":[135.8790169,34.5862002]},"properties":{"z":288.0}},{"type":"Feature","geometry":{"type":"Point","coordinates":[135.8790698,34.5862111]},"properties":{"z":288.0}},{"type":"Feature","geometry":{"type":"Point","coordinates":[135.8791237,34.5862176]},"properties":{"z":289.3}},{"type":"Feature","geometry":{"type":"Point","coordinates":[135.879178,34.5862227]},"properties":{"z":290.7}},{"type":"Feature","geometry":{"type":"Point","coordinates":[135.8792316,34.5862311]},"properties":{"z":280.1}},{"type":"Feature","geometry":{"type":"Point","coordinates":[135.879279,34.5862506]},"properties":{"z":282.6}},{"type":"Feature","geometry":{"type":"Point","coordinates":[135.8793095,34.5862848]},"properties":{"z":282.6}},{"type":"Feature","geometry":{"type":"Point","coordinates":[135.8793201,34.5863289]},"properties":{"z":277.9}},{"type":"Feature","geometry":{"type":"Point","coordinates":[135.8793042,34.5863702]},"properties":{"z":277.9}},{"type":"Feature","geometry":{"type":"Point","coordinates":[135.8792795,34.5864101]},"properties":{"z":275.1}},{"type":"Feature","geometry":{"type":"Point","coordinates":[135.8792423,34.586443]},"properties":{"z":271.6}},{"type":"Feature","geometry":{"type":"Point","coordinates":[135.8792106,34.5864792]},"properties":{"z":271.6}},{"type":"Feature","geometry":{"type":"Point","coordinates":[135.8791825,34.5865178]},"properties":{"z":272.4}},{"type":"Feature","geometry":{"type":"Point","coordinates":[135.8791528,34.5865554]},"properties":{"z":270.2}},{"type":"Feature","geometry":{"type":"Point","coordinates":[135.8791321,34.586597]},"properties":{"z":271.1}},{"type":"Feature","geometry":{"type":"Point","coordinates":[135.8791088,34.5866376]},"properties":{"z":271.1}},{"type":"Feature","geometry":{"type":"Point","coordinates":[135.8790839,34.5866776]},"properties":{"z":273.8}},{"type":"Feature","geometry":{"type":"Point","coordinates":[135.8790521,34.5867142]},"properties":{"z":271.9}},{"type":"Feature","geometry":{"type":"Point","coordinates":[135.8790115,34.5867417]},"properties":{"z":274.3}},{"type":"Feature","geometry":{"type":"Point","coordinates":[135.8789598,34.5867497]},"properties":{"z":273.8}},{"type":"Feature","geometry":{"type":"Point","coordinates":[135.8789062,34.5867414]},"properties":{"z":274.4}},{"type":"Feature","geometry":{"type":"Point","coordinates":[135.878854,34.5867282]},"properties":{"z":274.4}},{"type":"Feature","geometry":{"type":"Point","coordinates":[135.8788026,34.5867131]},"properties":{"z":272.1}},{"type":"Feature","geometry":{"type":"Point","coordinates":[135.8787534,34.5866937]},"properties":{"z":272.1}},{"type":"Feature","geometry":{"type":"Point","coordinates":[135.8787003,34.586684]},"properties":{"z":272.1}},{"type":"Feature","geometry":{"type":"Point","coordinates":[135.8786459,34.5866823]},"properties":{"z":271.6}},{"type":"Feature","geometry":{"type":"Point","coordinates":[135.8785935,34.5866917]},"properties":{"z":271.6}},{"type":"Feature","geometry":{"type":"Point","coordinates":[135.8785464,34.5867127]},"properties":{"z":269.9}},{"type":"Feature","geometry":{"type":"Point","coordinates":[135.878512,34.5867471]},"properties":{"z":271.2}},{"type":"Feature","geometry":{"type":"Point","coordinates":[135.8784947,34.5867897]},"properties":{"z":271.2}},{"type":"Feature","geometry":{"type":"Point","coordinates":[135.8784945,34.5868346]},"properties":{"z":272.9}},{"type":"Feature","geometry":{"type":"Point","coordinates":[135.8784932,34.5868796]},"properties":{"z":273.9}},{"type":"Feature","geometry":{"type":"Point","coordinates":[135.8784897,34.5869244]},"properties":{"z":273.9}},{"type":"Feature","geometry":{"type":"Point","coordinates":[135.878491,34.5869692]},"properties":{"z":274.3}},{"type":"Feature","geometry":{"type":"Point","coordinates":[135.8784974,34.5870138]},"properties":{"z":273.8}},{"type":"Feature","geometry":{"type":"Point","coordinates":[135.8785089,34.5870578]},"properties":{"z":273.8}},{"type":"Feature","geometry":{"type":"Point","coordinates":[135.8785188,34.587102]},"properties":{"z":272.4}},{"type":"Feature","geometry":{"type":"Point","coordinates":[135.8785301,34.5871459]},"properties":{"z":272.4}},{"type":"Feature","geometry":{"type":"Point","coordinates":[135.8785441,34.5871894]},"properties":{"z":271.0}},{"type":"Feature","geometry":{"type":"Point","coordinates":[135.8785684,34.5872295]},"properties":{"z":271.4}},{"type":"Feature","geometry":{"type":"Point","coordinates":[135.8786005,34.5872648]},"properties":{"z":271.4}},{"type":"Feature","geometry":{"type":"Point","coordinates":[135.8786424,34.5872936]},"properties":{"z":269.8}},{"type":"Feature","geometry":{"type":"Point","coordinates":[135.8786887,34.5873174]},"properties":{"z":271.3}},{"type":"Feature","geometry":{"type":"Point","coordinates":[135.8787338,34.5873347]},"properties":{"z":271.3}},{"type":"Feature","geometry":{"type":"Point","coordinates":[135.8787866,34.5873451]},"properties":{"z":273.1}},{"type":"Feature","geometry":{"type":"Point","coordinates":[135.8788343,34.5873667]},"properties":{"z":272.2}},{"type":"Feature","geometry":{"type":"Point","coordinates":[135.8788771,34.5873943]},"properties":{"z":272.2}},{"type":"Feature","geometry":{"type":"Point","coordinates":[135.8789149,34.5874266]},"properties":{"z":275.0}},{"type":"Feature","geometry":{"type":"Point","coordinates":[135.8789479,34.5874624]},"properties":{"z":272.6}},{"type":"Feature","geometry":{"type":"Point","coordinates":[135.878978,34.5874999]},"properties":{"z":272.6}},{"type":"Feature","geometry":{"type":"Point","coordinates":[135.8790057,34.5875386]},"properties":{"z":273.7}},{"type":"Feature","geometry":{"type":"Point","coordinates":[135.8790331,34.5875775]},"properties":{"z":271.8}},{"type":"Feature","geometry":{"type":"Point","coordinates":[135.879058,34.5876174]},"properties":{"z":271.8}},{"type":"Feature","geometry":{"type":"Point","coordinates":[135.8790802,34.5876585]},"properties":{"z":272.7}},{"type":"Feature","geometry":{"type":"Point","coordinates":[135.8791039,34.587699]},"properties":{"z":272.7}},{"type":"Feature","geometry":{"type":"Point","coordinates":[135.8791319,34.5877375]},"properties":{"z":270.8}},{"type":"Feature","geometry":{"type":"Point","coordinates":[135.879164,34.5877737]},"properties":{"z":273.0}},{"type":"Feature","geometry":{"type":"Point","coordinates":[135.8792032,34.5878039]},"properties":{"z":270.5}},{"type":"Feature","geometry":{"type":"Point","coordinates":[135.8792525,34.5878232]},"properties":{"z":272.3}},{"type":"Feature","geometry":{"type":"Point","coordinates":[135.8793013,34.5878432]},"properties":{"z":272.3}},{"type":"Feature","geometry":{"type":"Point","coordinates":[135.8793456,34.5878694]},"properties":{"z":273.0}},{"type":"Feature","geometry":{"type":"Point","coordinates":[135.8793788,34.5879049]},"properties":{"z":273.0}},{"type":"Feature","geometry":{"type":"Point","coordinates":[135.8794014,34.5879449]},"properties":{"z":271.6}},{"type":"Feature","geometry":{"type":"Point","coordinates":[135.8794153,34.5879884]},"properties":{"z":271.6}},{"type":"Feature","geometry":{"type":"Point","coordinates":[135.8794117,34.5880325]},"properties":{"z":271.0}},{"type":"Feature","geometry":{"type":"Point","coordinates":[135.8794021,34.5880768]},"properties":{"z":270.8}},{"type":"Feature","geometry":{"type":"Point","coordinates":[135.8793915,34.5881209]},"properties":{"z":270.8}},{"type":"Feature","geometry":{"type":"Point","coordinates":[135.8793874,34.5881657]},"properties":{"z":270.8}},{"type":"Feature","geometry":{"type":"Point","coordinates":[135.8793869,34.5882106]},"properties":{"z":270.9}},{"type":"Feature","geometry":{"type":"Point","coordinates":[135.8793888,34.5882555]},"properties":{"z":270.9}},{"type":"Feature","geometry":{"type":"Point","coordinates":[135.879391,34.5883004]},"properties":{"z":271.0}},{"type":"Feature","geometry":{"type":"Point","coordinates":[135.8793965,34.5883451]},"properties":{"z":271.0}},{"type":"Feature","geometry":{"type":"Point","coordinates":[135.8794045,34.5883896]},"properties":{"z":271.1}},{"type":"Feature","geometry":{"type":"Point","coordinates":[135.8794283,34.58843]},"properties":{"z":273.3}},{"type":"Feature","geometry":{"type":"Point","coordinates":[135.8794534,34.5884699]},"properties":{"z":273.3}},{"type":"Feature","geometry":{"type":"Point","coordinates":[135.8794798,34.5885092]},"properties":{"z":272.2}},{"type":"Feature","geometry":{"type":"Point","coordinates":[135.8795194,34.5885401]},"properties":{"z":274.7}},{"type":"Feature","geometry":{"type":"Point","coordinates":[135.8795655,34.5885628]},"properties":{"z":272.5}},{"type":"Feature","geometry":{"type":"Point","coordinates":[135.8796176,34.5885749]},"properties":{"z":274.3}},{"type":"Feature","geometry":{"type":"Point","coordinates":[135.8796706,34.5885826]},"properties":{"z":274.3}},{"type":"Feature","geometry":{"type":"Point","coordinates":[135.879703,34.5886125]},"properties":{"z":275.8}},{"type":"Feature","geometry":{"type":"Point","coordinates":[135.8797467,34.5885875]},"properties":{"z":275.8}},{"type":"Feature","geometry":{"type":"Point","coordinates":[135.8797966,34.5885719]},"properties":{"z":276.6}},{"type":"Feature","geometry":{"type":"Point","coordinates":[135.879851,34.5885683]},"properties":{"z":276.3}},{"type":"Feature","geometry":{"type":"Point","coordinates":[135.8798983,34.5885861]},"properties":{"z":276.3}},{"type":"Feature","geometry":{"type":"Point","coordinates":[135.8799228,34.5886228]},"properties":{"z":276.3}},{"type":"Feature","geometry":{"type":"Point","coordinates":[135.8799524,34.5886006]},"properties":{"z":275.4}},{"type":"Feature","geometry":{"type":"Point","coordinates":[135.8799423,34.5886269]},"properties":{"z":275.4}},{"type":"Feature","geometry":{"type":"Point","coordinates":[135.879946,34.5886714]},"properties":{"z":271.9}},{"type":"Feature","geometry":{"type":"Point","coordinates":[135.8799588,34.5887151]},"properties":{"z":269.6}},{"type":"Feature","geometry":{"type":"Point","coordinates":[135.8799783,34.5887571]},"properties":{"z":269.6}},{"type":"Feature","geometry":{"type":"Point","coordinates":[135.8799939,34.5888]},"properties":{"z":269.2}},{"type":"Feature","geometry":{"type":"Point","coordinates":[135.8800114,34.5888425]},"properties":{"z":269.2}},{"type":"Feature","geometry":{"type":"Point","coordinates":[135.8800218,34.5888867]},"properties":{"z":268.7}},{"type":"Feature","geometry":{"type":"Point","coordinates":[135.8800332,34.5889306]},"properties":{"z":268.3}},{"type":"Feature","geometry":{"type":"Point","coordinates":[135.8800447,34.5889746]},"properties":{"z":268.3}},{"type":"Feature","geometry":{"type":"Point","coordinates":[135.8800623,34.589017]},"properties":{"z":267.9}},{"type":"Feature","geometry":{"type":"Point","coordinates":[135.8800734,34.589061]},"properties":{"z":267.5}},{"type":"Feature","geometry":{"type":"Point","coordinates":[135.8800898,34.5891038]},"properties":{"z":267.5}},{"type":"Feature","geometry":{"type":"Point","coordinates":[135.8801029,34.5891474]},"properties":{"z":267.0}},{"type":"Feature","geometry":{"type":"Point","coordinates":[135.8801145,34.5891913]},"properties":{"z":267.1}},{"type":"Feature","geometry":{"type":"Point","coordinates":[135.880129,34.5892345]},"properties":{"z":267.4}},{"type":"Feature","geometry":{"type":"Point","coordinates":[135.8801408,34.589278]},"properties":{"z":267.9}},{"type":"Feature","geometry":{"type":"Point","coordinates":[135.8801519,34.5893216]},"properties":{"z":267.9}},{"type":"Feature","geometry":{"type":"Point","coordinates":[135.8801695,34.5893641]},"properties":{"z":268.6}},{"type":"Feature","geometry":{"type":"Point","coordinates":[135.8801882,34.5894063]},"properties":{"z":268.6}},{"type":"Feature","geometry":{"type":"Point","coordinates":[135.8801977,34.5894504]},"properties":{"z":270.1}},{"type":"Feature","geometry":{"type":"Point","coordinates":[135.8802109,34.589494]},"properties":{"z":272.3}},{"type":"Feature","geometry":{"type":"Point","coordinates":[135.8802286,34.5895363]},"properties":{"z":272.3}},{"type":"Feature","geometry":{"type":"Point","coordinates":[135.8802279,34.5895806]},"properties":{"z":277.3}},{"type":"Feature","geometry":{"type":"Point","coordinates":[135.8802079,34.589622]},"properties":{"z":277.3}},{"type":"Feature","geometry":{"type":"Point","coordinates":[135.8801668,34.5896502]},"properties":{"z":279.0}},{"type":"Feature","geometry":{"type":"Point","coordinates":[135.8801187,34.5896715]},"properties":{"z":279.0}},{"type":"Feature","geometry":{"type":"Point","coordinates":[135.8800699,34.5896915]},"properties":{"z":275.8}},{"type":"Feature","geometry":{"type":"Point","coordinates":[135.8800215,34.5897124]},"properties":{"z":281.9}},{"type":"Feature","geometry":{"type":"Point","coordinates":[135.8799737,34.5897341]},"properties":{"z":281.9}},{"type":"Feature","geometry":{"type":"Point","coordinates":[135.8799251,34.5897545]},"properties":{"z":281.2}},{"type":"Feature","geometry":{"type":"Point","coordinates":[135.879875,34.5897724]},"properties":{"z":283.7}},{"type":"Feature","geometry":{"type":"Point","coordinates":[135.879825,34.5897903]},"properties":{"z":282.7}},{"type":"Feature","geometry":{"type":"Point","coordinates":[135.8797746,34.5898076]},"properties":{"z":282.7}},{"type":"Feature","geometry":{"type":"Point","coordinates":[135.8797259,34.5898262]},"properties":{"z":280.9}},{"type":"Feature","geometry":{"type":"Point","coordinates":[135.879684,34.5898545]},"properties":{"z":284.8}},{"type":"Feature","geometry":{"type":"Point","coordinates":[135.8796344,34.5898728]},"properties":{"z":284.0}},{"type":"Feature","geometry":{"type":"Point","coordinates":[135.8795868,34.5898947]},"properties":{"z":283.0}},{"type":"Feature","geometry":{"type":"Point","coordinates":[135.8795381,34.5899151]},"properties":{"z":285.4}},{"type":"Feature","geometry":{"type":"Point","coordinates":[135.8794909,34.5899377]},"properties":{"z":284.3}},{"type":"Feature","geometry":{"type":"Point","coordinates":[135.8794433,34.5899597]},"properties":{"z":284.3}},{"type":"Feature","geometry":{"type":"Point","coordinates":[135.8793937,34.5899784]},"properties":{"z":285.4}},{"type":"Feature","geometry":{"type":"Point","coordinates":[135.8793451,34.5899988]},"properties":{"z":285.4}},{"type":"Feature","geometry":{"type":"Point","coordinates":[135.879294,34.5900146]},"properties":{"z":284.4}},{"type":"Feature","geometry":{"type":"Point","coordinates":[135.8792417,34.5900274]},"properties":{"z":283.6}},{"type":"Feature","geometry":{"type":"Point","coordinates":[135.8791904,34.5900426]},"properties":{"z":283.6}},{"type":"Feature","geometry":{"type":"Point","coordinates":[135.879141,34.5900616]},"properties":{"z":285.6}},{"type":"Feature","geometry":{"type":"Point","coordinates":[135.8790929,34.5900827]},"properties":{"z":285.6}},{"type":"Feature","geometry":{"type":"Point","coordinates":[135.8790418,34.5900984]},"properties":{"z":285.4}},{"type":"Feature","geometry":{"type":"Point","coordinates":[135.8789887,34.5901087]},"properties":{"z":284.8}},{"type":"Feature","geometry":{"type":"Point","coordinates":[135.8789347,34.5901154]},"properties":{"z":284.8}},{"type":"Feature","geometry":{"type":"Point","coordinates":[135.8788802,34.5901132]},"properties":{"z":284.9}},{"type":"Feature","geometry":{"type":"Point","coordinates":[135.8788257,34.5901111]},"properties":{"z":284.9}},{"type":"Feature","geometry":{"type":"Point","coordinates":[135.8787725,34.590102]},"properties":{"z":285.5}},{"type":"Feature","geometry":{"type":"Point","coordinates":[135.8787211,34.5900871]},"properties":{"z":287.4}},{"type":"Feature","geometry":{"type":"Point","coordinates":[135.8786702,34.5900716]},"properties":{"z":287.4}},{"type":"Feature","geometry":{"type":"Point","coordinates":[135.8786244,34.5900474]},"properties":{"z":291.2}},{"type":"Feature","geometry":{"type":"Point","coordinates":[135.8785874,34.5900146]},"properties":{"z":287.0}},{"type":"Feature","geometry":{"type":"Point","coordinates":[135.8785514,34.5899808]},"properties":{"z":293.4}},{"type":"Feature","geometry":{"type":"Point","coordinates":[135.8785187,34.5899448]},"properties":{"z":287.5}},{"type":"Feature","geometry":{"type":"Point","coordinates":[135.8784904,34.5899064]},"properties":{"z":287.5}},{"type":"Feature","geometry":{"type":"Point","coordinates":[135.8784655,34.5898665]},"properties":{"z":290.4}},{"type":"Feature","geometry":{"type":"Point","coordinates":[135.8784441,34.5898251]},"properties":{"z":286.8}},{"type":"Feature","geometry":{"type":"Point","coordinates":[135.878425,34.5897831]},"properties":{"z":286.8}},{"type":"Feature","geometry":{"type":"Point","coordinates":[135.8784038,34.5897416]},"properties":{"z":285.2}},{"type":"Feature","geometry":{"type":"Point","coordinates":[135.8783827,34.5897002]},"properties":{"z":288.0}},{"type":"Feature","geometry":{"type":"Point","coordinates":[135.8783615,34.5896587]},"properties":{"z":286.2}},{"type":"Feature","geometry":{"type":"Point","coordinates":[135.8783385,34.589618]},"properties":{"z":284.7}},{"type":"Feature","geometry":{"type":"Point","coordinates":[135.8783151,34.5895774]},"properties":{"z":284.7}},{"type":"Feature","geometry":{"type":"Point","coordinates":[135.8782909,34.5895371]},"properties":{"z":285.7}},{"type":"Feature","geometry":{"type":"Point","coordinates":[135.8782659,34.5894971]},"properties":{"z":285.7}},{"type":"Feature","geometry":{"type":"Point","coordinates":[135.8782401,34.5894575]},"properties":{"z":284.1}},{"type":"Feature","geometry":{"type":"Point","coordinates":[135.8782141,34.589418]},"properties":{"z":286.5}},{"type":"Feature","geometry":{"type":"Point","coordinates":[135.8781879,34.5893785]},"properties":{"z":285.1}},{"type":"Feature","geometry":{"type":"Point","coordinates":[135.8781586,34.5893406]},"properties":{"z":285.1}},{"type":"Feature","geometry":{"type":"Point","coordinates":[135.8781287,34.589303]},"properties":{"z":286.1}},{"type":"Feature","geometry":{"type":"Point","coordinates":[135.8780988,34.5892654]},"properties":{"z":284.9}},{"type":"Feature","geometry":{"type":"Point","coordinates":[135.8780665,34.5892293]},"properties":{"z":284.9}},{"type":"Feature","geometry":{"type":"Point","coordinates":[135.8780293,34.5891964]},"properties":{"z":286.0}},{"type":"Feature","geometry":{"type":"Point","coordinates":[135.8779893,34.5891662]},"properties":{"z":286.0}},{"type":"Feature","geometry":{"type":"Point","coordinates":[135.8779435,34.5891418]},"properties":{"z":287.2}},{"type":"Feature","geometry":{"type":"Point","coordinates":[135.8778972,34.5891181]},"properties":{"z":285.4}},{"type":"Feature","geometry":{"type":"Point","coordinates":[135.8778467,34.5891009]},"properties":{"z":284.5}},{"type":"Feature","geometry":{"type":"Point","coordinates":[135.8777963,34.5890837]},"properties":{"z":284.5}},{"type":"Feature","geometry":{"type":"Point","coordinates":[135.8777444,34.5890698]},"properties":{"z":282.7}},{"type":"Feature","geometry":{"type":"Point","coordinates":[135.877692,34.5890574]},"properties":{"z":280.9}},{"type":"Feature","geometry":{"type":"Point","coordinates":[135.8776395,34.5890449]},"properties":{"z":277.9}},{"type":"Feature","geometry":{"type":"Point","coordinates":[135.8775868,34.5890331]},"properties":{"z":276.3}},{"type":"Feature","geometry":{"type":"Point","coordinates":[135.8775341,34.5890212]},"properties":{"z":276.3}},{"type":"Feature","geometry":{"type":"Point","coordinates":[135.8774817,34.5890087]},"properties":{"z":274.7}},{"type":"Feature","geometry":{"type":"Point","coordinates":[135.8774306,34.5889929]},"properties":{"z":271.3}},{"type":"Feature","geometry":{"type":"Point","coordinates":[135.8773796,34.588977]},"properties":{"z":269.4}},{"type":"Feature","geometry":{"type":"Point","coordinates":[135.8773298,34.5889587]},"properties":{"z":264.9}},{"type":"Feature","geometry":{"type":"Point","coordinates":[135.8772819,34.5889372]},"properties":{"z":264.9}},{"type":"Feature","geometry":{"type":"Point","coordinates":[135.877234,34.5889156]},"properties":{"z":262.1}},{"type":"Feature","geometry":{"type":"Point","coordinates":[135.8771911,34.588888]},"properties":{"z":262.1}},{"type":"Feature","geometry":{"type":"Point","coordinates":[135.8771495,34.5888589]},"properties":{"z":258.0}},{"type":"Feature","geometry":{"type":"Point","coordinates":[135.8771095,34.5888284]},"properties":{"z":260.6}},{"type":"Feature","geometry":{"type":"Point","coordinates":[135.8770722,34.5887956]},"properties":{"z":253.2}},{"type":"Feature","geometry":{"type":"Point","coordinates":[135.8770349,34.5887627]},"properties":{"z":260.1}},{"type":"Feature","geometry":{"type":"Point","coordinates":[135.8769982,34.5887295]},"properties":{"z":254.6}},{"type":"Feature","geometry":{"type":"Point","coordinates":[135.8769614,34.5886962]},"properties":{"z":258.6}},{"type":"Feature","geometry":{"type":"Point","coordinates":[135.8769254,34.5886624]},"properties":{"z":254.1}},{"type":"Feature","geometry":{"type":"Point","coordinates":[135.8768894,34.5886286]},"properties":{"z":259.8}},{"type":"Feature","geometry":{"type":"Point","coordinates":[135.8768539,34.5885945]},"properties":{"z":259.8}},{"type":"Feature","geometry":{"type":"Point","coordinates":[135.8768185,34.5885603]},"properties":{"z":258.8}},{"type":"Feature","geometry":{"type":"Point","coordinates":[135.876784,34.5885254]},"properties":{"z":258.8}},{"type":"Feature","geometry":{"type":"Point","coordinates":[135.8767499,34.5884903]},"properties":{"z":259.7}},{"type":"Feature","geometry":{"type":"Point","coordinates":[135.8767146,34.588456]},"properties":{"z":259.7}},{"type":"Feature","geometry":{"type":"Point","coordinates":[135.8766791,34.5884219]},"properties":{"z":259.7}},{"type":"Feature","geometry":{"type":"Point","coordinates":[135.8766432,34.588388]},"properties":{"z":260.0}},{"type":"Feature","geometry":{"type":"Point","coordinates":[135.8766076,34.5883539]},"properties":{"z":260.0}},{"type":"Feature","geometry":{"type":"Point","coordinates":[135.8765725,34.5883195]},"properties":{"z":257.2}},{"type":"Feature","geometry":{"type":"Point","coordinates":[135.8765367,34.5882855]},"properties":{"z":257.2}},{"type":"Feature","geometry":{"type":"Point","coordinates":[135.8765006,34.5882518]},"properties":{"z":256.7}},{"type":"Feature","geometry":{"type":"Point","coordinates":[135.8764661,34.588217]},"properties":{"z":256.7}},{"type":"Feature","geometry":{"type":"Point","coordinates":[135.8764321,34.5881818]},"properties":{"z":260.1}},{"type":"Feature","geometry":{"type":"Point","coordinates":[135.8763957,34.5881483]},"properties":{"z":257.6}},{"type":"Feature","geometry":{"type":"Point","coordinates":[135.8763597,34.5881145]},"properties":{"z":260.5}},{"type":"Feature","geometry":{"type":"Point","coordinates":[135.8763258,34.5880793]},"properties":{"z":255.7}},{"type":"Feature","geometry":{"type":"Point","coordinates":[135.8762909,34.5880448]},"properties":{"z":261.5}},{"type":"Feature","geometry":{"type":"Point","coordinates":[135.8762551,34.5880108]},"properties":{"z":261.5}},{"type":"Feature","geometry":{"type":"Point","coordinates":[135.8762201,34.5879763]},"properties":{"z":260.4}},{"type":"Feature","geometry":{"type":"Point","coordinates":[135.8761848,34.587942]},"properties":{"z":260.4}},{"type":"Feature","geometry":{"type":"Point","coordinates":[135.8761489,34.5879081]},"properties":{"z":261.1}},{"type":"Feature","geometry":{"type":"Point","coordinates":[135.8761123,34.5878748]},"properties":{"z":261.1}},{"type":"Feature","geometry":{"type":"Point","coordinates":[135.8760749,34.587842]},"properties":{"z":263.6}},{"type":"Feature","geometry":{"type":"Point","coordinates":[135.8760364,34.5878102]},"properties":{"z":263.3}},{"type":"Feature","geometry":{"type":"Point","coordinates":[135.8759957,34.5877807]},"properties":{"z":266.2}},{"type":"Feature","geometry":{"type":"Point","coordinates":[135.8759471,34.5877602]},"properties":{"z":268.6}},{"type":"Feature","geometry":{"type":"Point","coordinates":[135.8758947,34.5877493]},"properties":{"z":269.9}},{"type":"Feature","geometry":{"type":"Point","coordinates":[135.8758405,34.5877445]},"properties":{"z":269.9}},{"type":"Feature","geometry":{"type":"Point","coordinates":[135.8757859,34.587744]},"properties":{"z":271.7}},{"type":"Feature","geometry":{"type":"Point","coordinates":[135.8757315,34.5877472]},"properties":{"z":271.7}},{"type":"Feature","geometry":{"type":"Point","coordinates":[135.8756779,34.5877561]},"properties":{"z":273.5}},{"type":"Feature","geometry":{"type":"Point","coordinates":[135.8756265,34.5877706]},"properties":{"z":275.1}},{"type":"Feature","geometry":{"type":"Point","coordinates":[135.8755816,34.5877957]},"properties":{"z":273.1}},{"type":"Feature","geometry":{"type":"Point","coordinates":[135.8755467,34.5878299]},"properties":{"z":271.7}},{"type":"Feature","geometry":{"type":"Point","coordinates":[135.8755154,34.5878668]},"properties":{"z":268.2}},{"type":"Feature","geometry":{"type":"Point","coordinates":[135.8754853,34.5879043]},"properties":{"z":268.2}},{"type":"Feature","geometry":{"type":"Point","coordinates":[135.8754516,34.5879395]},"properties":{"z":267.1}},{"type":"Feature","geometry":{"type":"Point","coordinates":[135.8754198,34.587976]},"properties":{"z":267.1}},{"type":"Feature","geometry":{"type":"Point","coordinates":[135.8754,34.5880179]},"properties":{"z":265.7}},{"type":"Feature","geometry":{"type":"Point","coordinates":[135.8753727,34.5880567]},"properties":{"z":268.5}},{"type":"Feature","geometry":{"type":"Point","coordinates":[135.8753377,34.5880909]},"properties":{"z":266.0}},{"type":"Feature","geometry":{"type":"Point","coordinates":[135.8753011,34.5881243]},"properties":{"z":267.4}},{"type":"Feature","geometry":{"type":"Point","coordinates":[135.8752652,34.5881581]},"properties":{"z":265.9}},{"type":"Feature","geometry":{"type":"Point","coordinates":[135.8752319,34.5881936]},"properties":{"z":265.9}},{"type":"Feature","geometry":{"type":"Point","coordinates":[135.8752018,34.5882312]},"properties":{"z":266.0}},{"type":"Feature","geometry":{"type":"Point","coordinates":[135.8751649,34.5882637]},"properties":{"z":266.0}},{"type":"Feature","geometry":{"type":"Point","coordinates":[135.8751236,34.5882931]},"properties":{"z":263.6}},{"type":"Feature","geometry":{"type":"Point","coordinates":[135.8750964,34.5883318]},"properties":{"z":263.6}},{"type":"Feature","geometry":{"type":"Point","coordinates":[135.8750825,34.5883744]},"properties":{"z":258.7}},{"type":"Feature","geometry":{"type":"Point","coordinates":[135.8750713,34.5884176]},"properties":{"z":258.7}},{"type":"Feature","geometry":{"type":"Point","coordinates":[135.8750813,34.5884591]},"properties":{"z":256.7}},{"type":"Feature","geometry":{"type":"Point","coordinates":[135.8750632,34.5884915]},"properties":{"z":256.7}},{"type":"Feature","geometry":{"type":"Point","coordinates":[135.8750124,34.588507]},"properties":{"z":255.2}},{"type":"Feature","geometry":{"type":"Point","coordinates":[135.8749629,34.5885257]},"properties":{"z":255.2}},{"type":"Feature","geometry":{"type":"Point","coordinates":[135.8749176,34.58855]},"properties":{"z":256.8}},{"type":"Feature","geometry":{"type":"Point","coordinates":[135.874878,34.5885811]},"properties":{"z":255.0}},{"type":"Feature","geometry":{"type":"Point","coordinates":[135.8748302,34.5885995]},"properties":{"z":256.3}},{"type":"Feature","geometry":{"type":"Point","coordinates":[135.8747771,34.5886101]},"properties":{"z":258.4}},{"type":"Feature","geometry":{"type":"Point","coordinates":[135.8747305,34.5886334]},"properties":{"z":255.5}},{"type":"Feature","geometry":{"type":"Point","coordinates":[135.8746836,34.5886563]},"properties":{"z":256.7}},{"type":"Feature","geometry":{"type":"Point","coordinates":[135.8746339,34.5886749]},"properties":{"z":256.7}},{"type":"Feature","geometry":{"type":"Point","coordinates":[135.8745843,34.5886937]},"properties":{"z":260.0}},{"type":"Feature","geometry":{"type":"Point","coordinates":[135.8745348,34.5887127]},"properties":{"z":255.8}},{"type":"Feature","geometry":{"type":"Point","coordinates":[135.8744863,34.5887332]},"properties":{"z":257.0}},{"type":"Feature","geometry":{"type":"Point","coordinates":[135.874439,34.5887558]},"properties":{"z":258.1}},{"type":"Feature","geometry":{"type":"Point","coordinates":[135.8743888,34.5887724]},"properties":{"z":258.1}},{"type":"Feature","geometry":{"type":"Point","coordinates":[135.8743361,34.5887841]},"properties":{"z":256.5}},{"type":"Feature","geometry":{"type":"Point","coordinates":[135.8742906,34.588808]},"properties":{"z":256.5}},{"type":"Feature","geometry":{"type":"Point","coordinates":[135.8742467,34.5888347]},"properties":{"z":255.7}},{"type":"Feature","geometry":{"type":"Point","coordinates":[135.8741973,34.5888537]},"properties":{"z":251.3}},{"type":"Feature","geometry":{"type":"Point","coordinates":[135.8741468,34.5888703]},"properties":{"z":248.4}},{"type":"Feature","geometry":{"type":"Point","coordinates":[135.8740932,34.5888787]},"properties":{"z":248.0}},{"type":"Feature","geometry":{"type":"Point","coordinates":[135.8740404,34.5888898]},"properties":{"z":248.0}},{"type":"Feature","geometry":{"type":"Point","coordinates":[135.8739889,34.5889045]},"properties":{"z":248.5}},{"type":"Feature","geometry":{"type":"Point","coordinates":[135.8739368,34.5889181]},"properties":{"z":246.2}},{"type":"Feature","geometry":{"type":"Point","coordinates":[135.8738842,34.5889231]},"properties":{"z":246.0}},{"type":"Feature","geometry":{"type":"Point","coordinates":[135.8738307,34.5889139]},"properties":{"z":247.4}},{"type":"Feature","geometry":{"type":"Point","coordinates":[135.8737803,34.5888976]},"properties":{"z":247.4}},{"type":"Feature","geometry":{"type":"Point","coordinates":[135.8737318,34.5888769]},"properties":{"z":246.5}},{"type":"Feature","geometry":{"type":"Point","coordinates":[135.8736859,34.5888527]},"properties":{"z":246.5}},{"type":"Feature","geometry":{"type":"Point","coordinates":[135.8736488,34.5888201]},"properties":{"z":247.2}},{"type":"Feature","geometry":{"type":"Point","coordinates":[135.8736128,34.5887864]},"properties":{"z":247.2}},{"type":"Feature","geometry":{"type":"Point","coordinates":[135.8735736,34.5887551]},"properties":{"z":248.0}},{"type":"Feature","geometry":{"type":"Point","coordinates":[135.8735293,34.588733]},"properties":{"z":248.0}},{"type":"Feature","geometry":{"type":"Point","coordinates":[135.8735042,34.5886931]},"properties":{"z":251.8}},{"type":"Feature","geometry":{"type":"Point","coordinates":[135.8734819,34.5886521]},"properties":{"z":248.2}},{"type":"Feature","geometry":{"type":"Point","coordinates":[135.8734544,34.5886134]},"properties":{"z":250.7}},{"type":"Feature","geometry":{"type":"Point","coordinates":[135.8734245,34.5885757]},"properties":{"z":250.7}},{"type":"Feature","geometry":{"type":"Point","coordinates":[135.8733873,34.5885429]},"properties":{"z":249.4}},{"type":"Feature","geometry":{"type":"Point","coordinates":[135.873343,34.5885177]},"properties":{"z":249.4}},{"type":"Feature","geometry":{"type":"Point","coordinates":[135.8732943,34.5884974]},"properties":{"z":248.6}},{"type":"Feature","geometry":{"type":"Point","coordinates":[135.8732437,34.5884804]},"properties":{"z":254.5}},{"type":"Feature","geometry":{"type":"Point","coordinates":[135.8731948,34.5884606]},"properties":{"z":250.1}},{"type":"Feature","geometry":{"type":"Point","coordinates":[135.8731473,34.5884385]},"properties":{"z":248.3}},{"type":"Feature","geometry":{"type":"Point","coordinates":[135.8730962,34.5884279]},"properties":{"z":248.3}},{"type":"Feature","geometry":{"type":"Point","coordinates":[135.8730416,34.5884285]},"properties":{"z":248.1}},{"type":"Feature","geometry":{"type":"Point","coordinates":[135.872987,34.5884278]},"properties":{"z":248.1}},{"type":"Feature","geometry":{"type":"Point","coordinates":[135.8729324,34.5884274]},"properties":{"z":248.0}},{"type":"Feature","geometry":{"type":"Point","coordinates":[135.8728779,34.5884302]},"properties":{"z":247.9}},{"type":"Feature","geometry":{"type":"Point","coordinates":[135.8728241,34.5884362]},"properties":{"z":247.9}},{"type":"Feature","geometry":{"type":"Point","coordinates":[135.8727716,34.5884485]},"properties":{"z":247.9}},{"type":"Feature","geometry":{"type":"Point","coordinates":[135.8727233,34.5884684]},"properties":{"z":248.0}},{"type":"Feature","geometry":{"type":"Point","coordinates":[135.8726776,34.588493]},"properties":{"z":247.3}},{"type":"Feature","geometry":{"type":"Point","coordinates":[135.8726343,34.5885202]},"properties":{"z":247.8}},{"type":"Feature","geometry":{"type":"Point","coordinates":[135.8725924,34.5885491]},"properties":{"z":247.8}},{"type":"Feature","geometry":{"type":"Point","coordinates":[135.872555,34.5885815]},"properties":{"z":247.8}},{"type":"Feature","geometry":{"type":"Point","coordinates":[135.8725216,34.5886171]},"properties":{"z":248.6}},{"type":"Feature","geometry":{"type":"Point","coordinates":[135.8724913,34.5886542]},"properties":{"z":248.7}},{"type":"Feature","geometry":{"type":"Point","coordinates":[135.8724672,34.5886945]},"properties":{"z":250.0}},{"type":"Feature","geometry":{"type":"Point","coordinates":[135.8724494,34.5887366]},"properties":{"z":250.7}},{"type":"Feature","geometry":{"type":"Point","coordinates":[135.8724389,34.5887807]},"properties":{"z":251.0}},{"type":"Feature","geometry":{"type":"Point","coordinates":[135.8724375,34.5888255]},"properties":{"z":251.0}},{"type":"Feature","geometry":{"type":"Point","coordinates":[135.8724389,34.5888704]},"properties":{"z":251.0}},{"type":"Feature","geometry":{"type":"Point","coordinates":[135.8724553,34.5889133]},"properties":{"z":251.0}},{"type":"Feature","geometry":{"type":"Point","coordinates":[135.8724726,34.5889559]},"properties":{"z":248.7}},{"type":"Feature","geometry":{"type":"Point","coordinates":[135.8725003,34.5889946]},"properties":{"z":248.7}},{"type":"Feature","geometry":{"type":"Point","coordinates":[135.8725279,34.5890334]},"properties":{"z":248.7}},{"type":"Feature","geometry":{"type":"Point","coordinates":[135.8725665,34.5890651]},"properties":{"z":247.9}},{"type":"Feature","geometry":{"type":"Point","coordinates":[135.8726056,34.5890964]},"properties":{"z":247.9}},{"type":"Feature","geometry":{"type":"Point","coordinates":[135.8726523,34.5891197]},"properties":{"z":246.7}},{"type":"Feature","geometry":{"type":"Point","coordinates":[135.8726994,34.5891425]},"properties":{"z":247.5}},{"type":"Feature","geometry":{"type":"Point","coordinates":[135.8727489,34.5891615]},"properties":{"z":246.4}},{"type":"Feature","geometry":{"type":"Point","coordinates":[135.8727998,34.5891771]},"properties":{"z":246.4}},{"type":"Feature","geometry":{"type":"Point","coordinates":[135.8728528,34.589188]},"properties":{"z":245.1}},{"type":"Feature","geometry":{"type":"Point","coordinates":[135.8729061,34.5891974]},"properties":{"z":243.2}},{"type":"Feature","geometry":{"type":"Point","coordinates":[135.8729599,34.5892052]},"properties":{"z":244.6}},{"type":"Feature","geometry":{"type":"Point","coordinates":[135.8730134,34.5892139]},"properties":{"z":242.3}},{"type":"Feature","geometry":{"type":"Point","coordinates":[135.873066,34.5892262]},"properties":{"z":242.3}},{"type":"Feature","geometry":{"type":"Point","coordinates":[135.8731185,34.5892382]},"properties":{"z":239.9}},{"type":"Feature","geometry":{"type":"Point","coordinates":[135.873172,34.5892473]},"properties":{"z":237.9}},{"type":"Feature","geometry":{"type":"Point","coordinates":[135.8732255,34.5892563]},"properties":{"z":237.9}},{"type":"Feature","geometry":{"type":"Point","coordinates":[135.8732792,34.5892646]},"properties":{"z":236.3}},{"type":"Feature","geometry":{"type":"Point","coordinates":[135.873333,34.5892723]},"properties":{"z":234.6}},{"type":"Feature","geometry":{"type":"Point","coordinates":[135.8733872,34.5892776]},"properties":{"z":234.6}},{"type":"Feature","geometry":{"type":"Point","coordinates":[135.8734415,34.5892818]},"properties":{"z":234.3}},{"type":"Feature","geometry":{"type":"Point","coordinates":[135.873496,34.5892846]},"properties":{"z":234.3}},{"type":"Feature","geometry":{"type":"Point","coordinates":[135.8735494,34.5892768]},"properties":{"z":234.3}},{"type":"Feature","geometry":{"type":"Point","coordinates":[135.8736027,34.5892716]},"properties":{"z":234.2}},{"type":"Feature","geometry":{"type":"Point","coordinates":[135.8736564,34.5892797]},"properties":{"z":234.2}},{"type":"Feature","geometry":{"type":"Point","coordinates":[135.8737105,34.5892803]},"properties":{"z":234.1}},{"type":"Feature","geometry":{"type":"Point","coordinates":[135.8737649,34.5892761]},"properties":{"z":232.4}},{"type":"Feature","geometry":{"type":"Point","coordinates":[135.8738193,34.5892728]},"properties":{"z":232.4}},{"type":"Feature","geometry":{"type":"Point","coordinates":[135.8738738,34.5892696]},"properties":{"z":229.5}},{"type":"Feature","geometry":{"type":"Point","coordinates":[135.8739272,34.5892603]},"properties":{"z":233.2}},{"type":"Feature","geometry":{"type":"Point","coordinates":[135.8739805,34.58926]},"properties":{"z":230.8}},{"type":"Feature","geometry":{"type":"Point","coordinates":[135.8740337,34.5892701]},"properties":{"z":225.1}},{"type":"Feature","geometry":{"type":"Point","coordinates":[135.8740876,34.5892745]},"properties":{"z":225.1}},{"type":"Feature","geometry":{"type":"Point","coordinates":[135.8741422,34.5892734]},"properties":{"z":224.6}},{"type":"Feature","geometry":{"type":"Point","coordinates":[135.8741968,34.589272]},"properties":{"z":224.0}},{"type":"Feature","geometry":{"type":"Point","coordinates":[135.8742514,34.5892706]},"properties":{"z":224.0}},{"type":"Feature","geometry":{"type":"Point","coordinates":[135.8743059,34.5892681]},"properties":{"z":226.0}},{"type":"Feature","geometry":{"type":"Point","coordinates":[135.8743603,34.5892646]},"properties":{"z":225.2}},{"type":"Feature","geometry":{"type":"Point","coordinates":[135.8744136,34.5892558]},"properties":{"z":225.2}},{"type":"Feature","geometry":{"type":"Point","coordinates":[135.8744663,34.5892441]},"properties":{"z":224.4}},{"type":"Feature","geometry":{"type":"Point","coordinates":[135.8745156,34.5892259]},"properties":{"z":224.4}},{"type":"Feature","geometry":{"type":"Point","coordinates":[135.874562,34.5892021]},"properties":{"z":223.5}},{"type":"Feature","geometry":{"type":"Point","coordinates":[135.8746084,34.5891785]},"properties":{"z":226.0}},{"type":"Feature","geometry":{"type":"Point","coordinates":[135.8746564,34.589157]},"properties":{"z":225.0}},{"type":"Feature","geometry":{"type":"Point","coordinates":[135.8747044,34.5891356]},"properties":{"z":223.9}},{"type":"Feature","geometry":{"type":"Point","coordinates":[135.8747524,34.5891141]},"properties":{"z":226.2}},{"type":"Feature","geometry":{"type":"Point","coordinates":[135.8748003,34.5890925]},"properties":{"z":225.1}},{"type":"Feature","geometry":{"type":"Point","coordinates":[135.8748482,34.5890709]},"properties":{"z":225.1}},{"type":"Feature","geometry":{"type":"Point","coordinates":[135.8748951,34.589048]},"properties":{"z":226.4}},{"type":"Feature","geometry":{"type":"Point","coordinates":[135.8749419,34.5890249]},"properties":{"z":226.4}},{"type":"Feature","geometry":{"type":"Point","coordinates":[135.8749867,34.5889992]},"properties":{"z":225.3}},{"type":"Feature","geometry":{"type":"Point","coordinates":[135.8750308,34.5889727]},"properties":{"z":227.6}},{"type":"Feature","geometry":{"type":"Point","coordinates":[135.8750685,34.5889404]},"properties":{"z":226.5}},{"type":"Feature","geometry":{"type":"Point","coordinates":[135.8751041,34.5889064]},"properties":{"z":229.9}},{"type":"Feature","geometry":{"type":"Point","coordinates":[135.8751441,34.5888777]},"properties":{"z":227.5}},{"type":"Feature","geometry":{"type":"Point","coordinates":[135.8751959,34.5888635]},"properties":{"z":227.5}},{"type":"Feature","geometry":{"type":"Point","coordinates":[135.8752477,34.5888493]},"properties":{"z":225.8}},{"type":"Feature","geometry":{"type":"Point","coordinates":[135.8752938,34.5888254]},"properties":{"z":228.6}},{"type":"Feature","geometry":{"type":"Point","coordinates":[135.8753397,34.588801]},"properties":{"z":224.4}},{"type":"Feature","geometry":{"type":"Point","coordinates":[135.8753918,34.5887876]},"properties":{"z":220.2}},{"type":"Feature","geometry":{"type":"Point","coordinates":[135.8754444,34.5887782]},"properties":{"z":220.2}},{"type":"Feature","geometry":{"type":"Point","coordinates":[135.8754988,34.5887827]},"properties":{"z":217.0}},{"type":"Feature","geometry":{"type":"Point","coordinates":[135.8755509,34.5887938]},"properties":{"z":217.0}},{"type":"Feature","geometry":{"type":"Point","coordinates":[135.875597,34.5888167]},"properties":{"z":215.8}},{"type":"Feature","geometry":{"type":"Point","coordinates":[135.875635,34.588849]},"properties":{"z":213.8}},{"type":"Feature","geometry":{"type":"Point","coordinates":[135.8756706,34.588883]},"properties":{"z":213.5}},{"type":"Feature","geometry":{"type":"Point","coordinates":[135.8757015,34.5889195]},"properties":{"z":211.5}},{"type":"Feature","geometry":{"type":"Point","coordinates":[135.8757228,34.5889609]},"properties":{"z":211.5}},{"type":"Feature","geometry":{"type":"Point","coordinates":[135.8757637,34.5889899]},"properties":{"z":211.5}},{"type":"Feature","geometry":{"type":"Point","coordinates":[135.8757661,34.5890316]},"properties":{"z":211.5}},{"type":"Feature","geometry":{"type":"Point","coordinates":[135.8757425,34.5890715]},"properties":{"z":211.9}},{"type":"Feature","geometry":{"type":"Point","coordinates":[135.8757086,34.5891067]},"properties":{"z":210.5}},{"type":"Feature","geometry":{"type":"Point","coordinates":[135.8756792,34.5891446]},"properties":{"z":211.1}},{"type":"Feature","geometry":{"type":"Point","coordinates":[135.8756527,34.5891839]},"properties":{"z":211.1}},{"type":"Feature","geometry":{"type":"Point","coordinates":[135.8756274,34.5892237]},"properties":{"z":211.3}},{"type":"Feature","geometry":{"type":"Point","coordinates":[135.8756003,34.5892626]},"properties":{"z":211.3}},{"type":"Feature","geometry":{"type":"Point","coordinates":[135.8755658,34.5892974]},"properties":{"z":213.0}},{"type":"Feature","geometry":{"type":"Point","coordinates":[135.875528,34.5893298]},"properties":{"z":211.6}},{"type":"Feature","geometry":{"type":"Point","coordinates":[135.8754896,34.5893618]},"properties":{"z":213.4}},{"type":"Feature","geometry":{"type":"Point","coordinates":[135.8754513,34.5893938]},"properties":{"z":212.3}},{"type":"Feature","geometry":{"type":"Point","coordinates":[135.8754112,34.5894243]},"properties":{"z":214.2}},{"type":"Feature","geometry":{"type":"Point","coordinates":[135.8753698,34.5894536]},"properties":{"z":213.5}},{"type":"Feature","geometry":{"type":"Point","coordinates":[135.8753264,34.5894808]},"properties":{"z":213.5}},{"type":"Feature","geometry":{"type":"Point","coordinates":[135.8752821,34.589507]},"properties":{"z":214.0}},{"type":"Feature","geometry":{"type":"Point","coordinates":[135.8752353,34.5895302]},"properties":{"z":214.0}},{"type":"Feature","geometry":{"type":"Point","coordinates":[135.8751883,34.5895531]},"properties":{"z":210.4}},{"type":"Feature","geometry":{"type":"Point","coordinates":[135.8751395,34.5895733]},"properties":{"z":210.4}},{"type":"Feature","geometry":{"type":"Point","coordinates":[135.8750909,34.5895938]},"properties":{"z":209.6}},{"type":"Feature","geometry":{"type":"Point","coordinates":[135.8750435,34.589616]},"properties":{"z":209.0}},{"type":"Feature","geometry":{"type":"Point","coordinates":[135.8749964,34.5896388]},"properties":{"z":209.2}},{"type":"Feature","geometry":{"type":"Point","coordinates":[135.87495,34.5896625]},"properties":{"z":208.8}},{"type":"Feature","geometry":{"type":"Point","coordinates":[135.8749018,34.5896832]},"properties":{"z":208.8}},{"type":"Feature","geometry":{"type":"Point","coordinates":[135.8748514,34.5897005]},"properties":{"z":208.8}},{"type":"Feature","geometry":{"type":"Point","coordinates":[135.8748016,34.589719]},"properties":{"z":208.8}},{"type":"Feature","geometry":{"type":"Point","coordinates":[135.8747524,34.5897385]},"properties":{"z":208.5}},{"type":"Feature","geometry":{"type":"Point","coordinates":[135.8747047,34.5897602]},"properties":{"z":208.5}},{"type":"Feature","geometry":{"type":"Point","coordinates":[135.8746575,34.5897829]},"properties":{"z":208.7}},{"type":"Feature","geometry":{"type":"Point","coordinates":[135.8746088,34.5898031]},"properties":{"z":208.2}},{"type":"Feature","geometry":{"type":"Point","coordinates":[135.8745596,34.5898226]},"properties":{"z":208.2}},{"type":"Feature","geometry":{"type":"Point","coordinates":[135.8745097,34.5898408]},"properties":{"z":208.1}},{"type":"Feature","geometry":{"type":"Point","coordinates":[135.8744595,34.5898586]},"properties":{"z":208.1}},{"type":"Feature","geometry":{"type":"Point","coordinates":[135.8744098,34.5898772]},"properties":{"z":207.4}},{"type":"Feature","geometry":{"type":"Point","coordinates":[135.8743602,34.589896]},"properties":{"z":207.4}},{"type":"Feature","geometry":{"type":"Point","coordinates":[135.874311,34.5899155]},"properties":{"z":207.3}},{"type":"Feature","geometry":{"type":"Point","coordinates":[135.874262,34.5899353]},"properties":{"z":206.7}},{"type":"Feature","geometry":{"type":"Point","coordinates":[135.874213,34.5899552]},"properties":{"z":206.7}},{"type":"Feature","geometry":{"type":"Point","coordinates":[135.8741641,34.5899751]},"properties":{"z":206.0}},{"type":"Feature","geometry":{"type":"Point","coordinates":[135.8741158,34.589996]},"properties":{"z":206.6}},{"type":"Feature","geometry":{"type":"Point","coordinates":[135.8740684,34.5900184]},"properties":{"z":205.9}},{"type":"Feature","geometry":{"type":"Point","coordinates":[135.8740209,34.5900406]},"properties":{"z":205.9}},{"type":"Feature","geometry":{"type":"Point","coordinates":[135.873973,34.5900621]},"properties":{"z":205.4}},{"type":"Feature","geometry":{"type":"Point","coordinates":[135.873925,34.5900836]},"properties":{"z":204.0}},{"type":"Feature","geometry":{"type":"Point","coordinates":[135.8738806,34.5901097]},"properties":{"z":204.0}},{"type":"Feature","geometry":{"type":"Point","coordinates":[135.8738361,34.5901358]},"properties":{"z":202.2}},{"type":"Feature","geometry":{"type":"Point","coordinates":[135.8737971,34.5901672]},"properties":{"z":202.2}},{"type":"Feature","geometry":{"type":"Point","coordinates":[135.8737585,34.590199]},"properties":{"z":201.7}},{"type":"Feature","geometry":{"type":"Point","coordinates":[135.873729,34.5902367]},"properties":{"z":201.6}},{"type":"Feature","geometry":{"type":"Point","coordinates":[135.8737001,34.5902749]},"properties":{"z":201.2}},{"type":"Feature","geometry":{"type":"Point","coordinates":[135.8736768,34.5903155]},"properties":{"z":201.2}},{"type":"Feature","geometry":{"type":"Point","coordinates":[135.873655,34.5903566]},"properties":{"z":200.9}},{"type":"Feature","geometry":{"type":"Point","coordinates":[135.8736392,34.5903997]},"properties":{"z":200.9}},{"type":"Feature","geometry":{"type":"Point","coordinates":[135.873626,34.5904432]},"properties":{"z":200.5}},{"type":"Feature","geometry":{"type":"Point","coordinates":[135.8736184,34.5904877]},"properties":{"z":200.2}},{"type":"Feature","geometry":{"type":"Point","coordinates":[135.8736131,34.5905324]},"properties":{"z":200.2}},{"type":"Feature","geometry":{"type":"Point","coordinates":[135.8736104,34.5905773]},"properties":{"z":199.8}},{"type":"Feature","geometry":{"type":"Point","coordinates":[135.8736111,34.5906221]},"properties":{"z":199.4}},{"type":"Feature","geometry":{"type":"Point","coordinates":[135.8736154,34.5906669]},"properties":{"z":199.4}},{"type":"Feature","geometry":{"type":"Point","coordinates":[135.8736217,34.5907115]},"properties":{"z":199.1}},{"type":"Feature","geometry":{"type":"Point","coordinates":[135.8736334,34.5907554]},"properties":{"z":198.6}},{"type":"Feature","geometry":{"type":"Point","coordinates":[135.8736442,34.5907995]},"properties":{"z":198.6}},{"type":"Feature","geometry":{"type":"Point","coordinates":[135.8736527,34.5908439]},"properties":{"z":198.2}},{"type":"Feature","geometry":{"type":"Point","coordinates":[135.8736622,34.5908881]},"properties":{"z":198.2}},{"type":"Feature","geometry":{"type":"Point","coordinates":[135.8736733,34.5909321]},"properties":{"z":198.2}},{"type":"Feature","geometry":{"type":"Point","coordinates":[135.8736777,34.5909767]},"properties":{"z":197.9}},{"type":"Feature","geometry":{"type":"Point","coordinates":[135.873678,34.5910217]},"properties":{"z":197.9}},{"type":"Feature","geometry":{"type":"Point","coordinates":[135.8736725,34.5910663]},"properties":{"z":197.5}},{"type":"Feature","geometry":{"type":"Point","coordinates":[135.8736656,34.5911109]},"properties":{"z":196.7}},{"type":"Feature","geometry":{"type":"Point","coordinates":[135.873649,34.5911537]},"properties":{"z":196.7}},{"type":"Feature","geometry":{"type":"Point","coordinates":[135.8736314,34.5911963]},"properties":{"z":196.5}},{"type":"Feature","geometry":{"type":"Point","coordinates":[135.8736103,34.5912377]},"properties":{"z":196.5}},{"type":"Feature","geometry":{"type":"Point","coordinates":[135.8735885,34.5912789]},"properties":{"z":196.4}},{"type":"Feature","geometry":{"type":"Point","coordinates":[135.873556,34.591315]},"properties":{"z":196.0}},{"type":"Feature","geometry":{"type":"Point","coordinates":[135.8735235,34.5913511]},"properties":{"z":196.2}},{"type":"Feature","geometry":{"type":"Point","coordinates":[135.8734857,34.5913833]},"properties":{"z":195.8}},{"type":"Feature","geometry":{"type":"Point","coordinates":[135.8734452,34.5914135]},"properties":{"z":196.0}},{"type":"Feature","geometry":{"type":"Point","coordinates":[135.8734036,34.5914424]},"properties":{"z":195.4}},{"type":"Feature","geometry":{"type":"Point","coordinates":[135.8733572,34.591466]},"properties":{"z":195.8}},{"type":"Feature","geometry":{"type":"Point","coordinates":[135.8733107,34.5914896]},"properties":{"z":195.3}},{"type":"Feature","geometry":{"type":"Point","coordinates":[135.8732624,34.5915104]},"properties":{"z":195.3}},{"type":"Feature","geometry":{"type":"Point","coordinates":[135.8732129,34.5915295]},"properties":{"z":194.6}},{"type":"Feature","geometry":{"type":"Point","coordinates":[135.8731633,34.5915482]},"properties":{"z":195.1}},{"type":"Feature","geometry":{"type":"Point","coordinates":[135.8731128,34.5915653]},"properties":{"z":194.4}},{"type":"Feature","geometry":{"type":"Point","coordinates":[135.8730623,34.5915824]},"properties":{"z":193.7}},{"type":"Feature","geometry":{"type":"Point","coordinates":[135.8730129,34.5916016]},"properties":{"z":194.2}},{"type":"Feature","geometry":{"type":"Point","coordinates":[135.8729635,34.5916207]},"properties":{"z":193.4}},{"type":"Feature","geometry":{"type":"Point","coordinates":[135.8729161,34.591643]},"properties":{"z":193.4}},{"type":"Feature","geometry":{"type":"Point","coordinates":[135.872869,34.5916657]},"properties":{"z":192.5}},{"type":"Feature","geometry":{"type":"Point","coordinates":[135.8728269,34.5916944]},"properties":{"z":193.0}},{"type":"Feature","geometry":{"type":"Point","coordinates":[135.8727857,34.5917238]},"properties":{"z":192.2}},{"type":"Feature","geometry":{"type":"Point","coordinates":[135.8727491,34.5917571]},"properties":{"z":192.5}},{"type":"Feature","geometry":{"type":"Point","coordinates":[135.872714,34.5917914]},"properties":{"z":191.7}},{"type":"Feature","geometry":{"type":"Point","coordinates":[135.8726835,34.5918287]},"properties":{"z":191.6}},{"type":"Feature","geometry":{"type":"Point","coordinates":[135.8726543,34.5918666]},"properties":{"z":191.6}},{"type":"Feature","geometry":{"type":"Point","coordinates":[135.8726313,34.5919074]},"properties":{"z":190.7}},{"type":"Feature","geometry":{"type":"Point","coordinates":[135.8726098,34.5919486]},"properties":{"z":190.7}},{"type":"Feature","geometry":{"type":"Point","coordinates":[135.872598,34.5919925]},"properties":{"z":190.9}},{"type":"Feature","geometry":{"type":"Point","coordinates":[135.8725862,34.5920363]},"properties":{"z":191.1}},{"type":"Feature","geometry":{"type":"Point","coordinates":[135.8725776,34.5920807]},"properties":{"z":191.1}},{"type":"Feature","geometry":{"type":"Point","coordinates":[135.8725694,34.5921252]},"properties":{"z":191.5}},{"type":"Feature","geometry":{"type":"Point","coordinates":[135.872562,34.5921697]},"properties":{"z":191.9}},{"type":"Feature","geometry":{"type":"Point","coordinates":[135.8725552,34.5922143]},"properties":{"z":191.9}},{"type":"Feature","geometry":{"type":"Point","coordinates":[135.8725485,34.5922589]},"properties":{"z":191.1}},{"type":"Feature","geometry":{"type":"Point","coordinates":[135.8725439,34.5923037]},"properties":{"z":191.1}},{"type":"Feature","geometry":{"type":"Point","coordinates":[135.8725393,34.5923485]},"properties":{"z":191.5}},{"type":"Feature","geometry":{"type":"Point","coordinates":[135.8725348,34.5923933]},"properties":{"z":191.5}},{"type":"Feature","geometry":{"type":"Point","coordinates":[135.8725303,34.5924381]},"properties":{"z":191.5}},{"type":"Feature","geometry":{"type":"Point","coordinates":[135.8725258,34.5924829]},"properties":{"z":190.5}},{"type":"Feature","geometry":{"type":"Point","coordinates":[135.8725237,34.5925278]},"properties":{"z":189.9}},{"type":"Feature","geometry":{"type":"Point","coordinates":[135.872522,34.5925727]},"properties":{"z":189.9}},{"type":"Feature","geometry":{"type":"Point","coordinates":[135.8725202,34.5926177]},"properties":{"z":189.5}},{"type":"Feature","geometry":{"type":"Point","coordinates":[135.8725183,34.5926626]},"properties":{"z":189.6}},{"type":"Feature","geometry":{"type":"Point","coordinates":[135.8725164,34.5927075]},"properties":{"z":189.6}},{"type":"Feature","geometry":{"type":"Point","coordinates":[135.8725151,34.5927525]},"properties":{"z":189.1}},{"type":"Feature","geometry":{"type":"Point","coordinates":[135.8725143,34.5927974]},"properties":{"z":189.1}},{"type":"Feature","geometry":{"type":"Point","coordinates":[135.8725135,34.5928424]},"properties":{"z":188.1}},{"type":"Feature","geometry":{"type":"Point","coordinates":[135.8725127,34.5928873]},"properties":{"z":186.5}},{"type":"Feature","geometry":{"type":"Point","coordinates":[135.8725121,34.5929322]},"properties":{"z":186.5}},{"type":"Feature","geometry":{"type":"Point","coordinates":[135.8725115,34.5929772]},"properties":{"z":185.4}},{"type":"Feature","geometry":{"type":"Point","coordinates":[135.8725108,34.5930221]},"properties":{"z":184.7}},{"type":"Feature","geometry":{"type":"Point","coordinates":[135.8725101,34.5930671]},"properties":{"z":184.7}},{"type":"Feature","geometry":{"type":"Point","coordinates":[135.8725094,34.593112]},"properties":{"z":184.4}},{"type":"Feature","geometry":{"type":"Point","coordinates":[135.8725099,34.593157]},"properties":{"z":184.2}},{"type":"Feature","geometry":{"type":"Point","coordinates":[135.8725112,34.5932019]},"properties":{"z":184.2}},{"type":"Feature","geometry":{"type":"Point","coordinates":[135.8725125,34.5932469]},"properties":{"z":183.9}},{"type":"Feature","geometry":{"type":"Point","coordinates":[135.8725131,34.5932918]},"properties":{"z":183.9}},{"type":"Feature","geometry":{"type":"Point","coordinates":[135.8725132,34.5933368]},"properties":{"z":183.8}},{"type":"Feature","geometry":{"type":"Point","coordinates":[135.8725133,34.5933817]},"properties":{"z":183.6}},{"type":"Feature","geometry":{"type":"Point","coordinates":[135.8725141,34.5934267]},"properties":{"z":183.6}},{"type":"Feature","geometry":{"type":"Point","coordinates":[135.8725153,34.5934716]},"properties":{"z":183.2}},{"type":"Feature","geometry":{"type":"Point","coordinates":[135.8725166,34.5935165]},"properties":{"z":182.9}},{"type":"Feature","geometry":{"type":"Point","coordinates":[135.8725177,34.5935615]},"properties":{"z":182.9}},{"type":"Feature","geometry":{"type":"Point","coordinates":[135.8725186,34.5936064]},"properties":{"z":182.8}},{"type":"Feature","geometry":{"type":"Point","coordinates":[135.8725194,34.5936514]},"properties":{"z":182.5}},{"type":"Feature","geometry":{"type":"Point","coordinates":[135.8725202,34.5936963]},"properties":{"z":182.5}},{"type":"Feature","geometry":{"type":"Point","coordinates":[135.8725209,34.5937413]},"properties":{"z":182.3}},{"type":"Feature","geometry":{"type":"Point","coordinates":[135.8725216,34.5937862]},"properties":{"z":182.3}},{"type":"Feature","geometry":{"type":"Point","coordinates":[135.8725219,34.5938312]},"properties":{"z":182.1}},{"type":"Feature","geometry":{"type":"Point","coordinates":[135.8725211,34.5938761]},"properties":{"z":181.6}},{"type":"Feature","geometry":{"type":"Point","coordinates":[135.8725203,34.5939211]},"properties":{"z":181.6}},{"type":"Feature","geometry":{"type":"Point","coordinates":[135.8725194,34.593966]},"properties":{"z":181.2}},{"type":"Feature","geometry":{"type":"Point","coordinates":[135.8725182,34.5940109]},"properties":{"z":180.7}},{"type":"Feature","geometry":{"type":"Point","coordinates":[135.8725169,34.5940559]},"properties":{"z":180.7}},{"type":"Feature","geometry":{"type":"Point","coordinates":[135.8725156,34.5941008]},"properties":{"z":180.5}},{"type":"Feature","geometry":{"type":"Point","coordinates":[135.8725067,34.5941451]},"properties":{"z":180.5}},{"type":"Feature","geometry":{"type":"Point","coordinates":[135.8724968,34.5941893]},"properties":{"z":180.5}},{"type":"Feature","geometry":{"type":"Point","coordinates":[135.8724869,34.5942335]},"properties":{"z":180.8}},{"type":"Feature","geometry":{"type":"Point","coordinates":[135.8724708,34.5942763]},"properties":{"z":180.8}},{"type":"Feature","geometry":{"type":"Point","coordinates":[135.8724516,34.5943184]},"properties":{"z":180.4}},{"type":"Feature","geometry":{"type":"Point","coordinates":[135.8724324,34.5943605]},"properties":{"z":181.2}},{"type":"Feature","geometry":{"type":"Point","coordinates":[135.8724098,34.5944013]},"properties":{"z":181.2}},{"type":"Feature","geometry":{"type":"Point","coordinates":[135.8723835,34.5944407]},"properties":{"z":181.7}},{"type":"Feature","geometry":{"type":"Point","coordinates":[135.8723571,34.59448]},"properties":{"z":180.1}},{"type":"Feature","geometry":{"type":"Point","coordinates":[135.8723283,34.5945181]},"properties":{"z":180.1}},{"type":"Feature","geometry":{"type":"Point","coordinates":[135.8722951,34.5945538]},"properties":{"z":179.0}},{"type":"Feature","geometry":{"type":"Point","coordinates":[135.8722619,34.5945895]},"properties":{"z":179.0}},{"type":"Feature","geometry":{"type":"Point","coordinates":[135.8722278,34.5946245]},"properties":{"z":179.0}},{"type":"Feature","geometry":{"type":"Point","coordinates":[135.8721919,34.5946584]},"properties":{"z":178.7}},{"type":"Feature","geometry":{"type":"Point","coordinates":[135.872156,34.5946923]},"properties":{"z":178.7}},{"type":"Feature","geometry":{"type":"Point","coordinates":[135.8721213,34.5947269]},"properties":{"z":177.9}},{"type":"Feature","geometry":{"type":"Point","coordinates":[135.8720891,34.5947632]},"properties":{"z":177.9}},{"type":"Feature","geometry":{"type":"Point","coordinates":[135.8720569,34.5947995]},"properties":{"z":177.7}},{"type":"Feature","geometry":{"type":"Point","coordinates":[135.8720266,34.5948368]},"properties":{"z":176.9}},{"type":"Feature","geometry":{"type":"Point","coordinates":[135.8720016,34.5948768]},"properties":{"z":176.9}},{"type":"Feature","geometry":{"type":"Point","coordinates":[135.8719767,34.5949168]},"properties":{"z":176.9}},{"type":"Feature","geometry":{"type":"Point","coordinates":[135.8719559,34.5949582]},"properties":{"z":176.9}},{"type":"Feature","geometry":{"type":"Point","coordinates":[135.8719386,34.5950009]},"properties":{"z":176.3}},{"type":"Feature","geometry":{"type":"Point","coordinates":[135.8719213,34.5950435]},"properties":{"z":176.3}},{"type":"Feature","geometry":{"type":"Point","coordinates":[135.8719078,34.595087]},"properties":{"z":176.3}},{"type":"Feature","geometry":{"type":"Point","coordinates":[135.8718951,34.5951307]},"properties":{"z":176.3}},{"type":"Feature","geometry":{"type":"Point","coordinates":[135.8719435,34.5951419]},"properties":{"z":176.2}},{"type":"Feature","geometry":{"type":"Point","coordinates":[135.8719897,34.5951341]},"properties":{"z":176.9}},{"type":"Feature","geometry":{"type":"Point","coordinates":[135.8720365,34.595151]},"properties":{"z":176.9}},{"type":"Feature","geometry":{"type":"Point","coordinates":[135.872087,34.5951364]},"properties":{"z":177.7}},{"type":"Feature","geometry":{"type":"Point","coordinates":[135.8721408,34.5951299]},"properties":{"z":178.4}},{"type":"Feature","geometry":{"type":"Point","coordinates":[135.8721948,34.595123]},"properties":{"z":178.4}},{"type":"Feature","geometry":{"type":"Point","coordinates":[135.8722478,34.5951122]},"properties":{"z":179.1}},{"type":"Feature","geometry":{"type":"Point","coordinates":[135.8722991,34.5950969]},"properties":{"z":179.8}},{"type":"Feature","geometry":{"type":"Point","coordinates":[135.8723508,34.5950833]},"properties":{"z":179.8}},{"type":"Feature","geometry":{"type":"Point","coordinates":[135.8724022,34.595069]},"properties":{"z":180.9}},{"type":"Feature","geometry":{"type":"Point","coordinates":[135.8724559,34.5950615]},"properties":{"z":180.4}},{"type":"Feature","geometry":{"type":"Point","coordinates":[135.8725103,34.595058]},"properties":{"z":181.8}},{"type":"Feature","geometry":{"type":"Point","coordinates":[135.8725629,34.5950668]},"properties":{"z":184.6}},{"type":"Feature","geometry":{"type":"Point","coordinates":[135.8726173,34.5950713]},"properties":{"z":184.6}},{"type":"Feature","geometry":{"type":"Point","coordinates":[135.8726707,34.5950667]},"properties":{"z":186.7}},{"type":"Feature","geometry":{"type":"Point","coordinates":[135.8727233,34.5950731]},"properties":{"z":186.7}},{"type":"Feature","geometry":{"type":"Point","coordinates":[135.8727759,34.5950849]},"properties":{"z":188.7}},{"type":"Feature","geometry":{"type":"Point","coordinates":[135.8728274,34.5950984]},"properties":{"z":190.7}},{"type":"Feature","geometry":{"type":"Point","coordinates":[135.8728791,34.5951071]},"properties":{"z":190.7}},{"type":"Feature","geometry":{"type":"Point","coordinates":[135.8729251,34.5951302]},"properties":{"z":193.0}},{"type":"Feature","geometry":{"type":"Point","coordinates":[135.8729723,34.5951496]},"properties":{"z":195.1}},{"type":"Feature","geometry":{"type":"Point","coordinates":[135.8730245,34.5951622]},"properties":{"z":198.3}},{"type":"Feature","geometry":{"type":"Point","coordinates":[135.8730754,34.5951779]},"properties":{"z":199.8}},{"type":"Feature","geometry":{"type":"Point","coordinates":[135.8731256,34.5951936]},"properties":{"z":199.8}},{"type":"Feature","geometry":{"type":"Point","coordinates":[135.8731723,34.5952159]},"properties":{"z":203.8}},{"type":"Feature","geometry":{"type":"Point","coordinates":[135.87321,34.5952482]},"properties":{"z":203.8}},{"type":"Feature","geometry":{"type":"Point","coordinates":[135.8732503,34.5952786]},"properties":{"z":204.2}},{"type":"Feature","geometry":{"type":"Point","coordinates":[135.8732924,34.5953067]},"properties":{"z":204.2}},{"type":"Feature","geometry":{"type":"Point","coordinates":[135.8733259,34.5953421]},"properties":{"z":204.2}},{"type":"Feature","geometry":{"type":"Point","coordinates":[135.873353,34.5953811]},"properties":{"z":206.1}},{"type":"Feature","geometry":{"type":"Point","coordinates":[135.8733922,34.5954112]},"properties":{"z":206.1}},{"type":"Feature","geometry":{"type":"Point","coordinates":[135.8734296,34.5954412]},"properties":{"z":207.3}},{"type":"Feature","geometry":{"type":"Point","coordinates":[135.873475,34.5954584]},"properties":{"z":207.3}},{"type":"Feature","geometry":{"type":"Point","coordinates":[135.8735292,34.5954617]},"properties":{"z":205.4}},{"type":"Feature","geometry":{"type":"Point","coordinates":[135.8735706,34.5954791]},"properties":{"z":205.4}},{"type":"Feature","geometry":{"type":"Point","coordinates":[135.8736024,34.5955117]},"properties":{"z":206.7}},{"type":"Feature","geometry":{"type":"Point","coordinates":[135.8736455,34.595534]},"properties":{"z":206.7}},{"type":"Feature","geometry":{"type":"Point","coordinates":[135.8736733,34.5955715]},"properties":{"z":207.5}},{"type":"Feature","geometry":{"type":"Point","coordinates":[135.873675,34.595615]},"properties":{"z":207.5}},{"type":"Feature","geometry":{"type":"Point","coordinates":[135.8737045,34.5956517]},"properties":{"z":210.4}},{"type":"Feature","geometry":{"type":"Point","coordinates":[135.8737448,34.5956803]},"properties":{"z":210.4}},{"type":"Feature","geometry":{"type":"Point","coordinates":[135.8737793,34.5957132]},"properties":{"z":210.1}},{"type":"Feature","geometry":{"type":"Point","coordinates":[135.8738048,34.5957407]},"properties":{"z":210.1}},{"type":"Feature","geometry":{"type":"Point","coordinates":[135.8738431,34.59577]},"properties":{"z":210.1}},{"type":"Feature","geometry":{"type":"Point","coordinates":[135.8738541,34.5958136]},"properties":{"z":210.1}},{"type":"Feature","geometry":{"type":"Point","coordinates":[135.8738807,34.5958517]},"properties":{"z":214.3}},{"type":"Feature","geometry":{"type":"Point","coordinates":[135.8739262,34.5958748]},"properties":{"z":214.3}},{"type":"Feature","geometry":{"type":"Point","coordinates":[135.8739773,34.5958866]},"properties":{"z":210.7}},{"type":"Feature","geometry":{"type":"Point","coordinates":[135.8740179,34.5959141]},"properties":{"z":211.0}},{"type":"Feature","geometry":{"type":"Point","coordinates":[135.8740597,34.5959404]},"properties":{"z":211.0}},{"type":"Feature","geometry":{"type":"Point","coordinates":[135.8740977,34.5959711]},"properties":{"z":211.0}},{"type":"Feature","geometry":{"type":"Point","coordinates":[135.8741315,34.5960053]},"properties":{"z":212.4}},{"type":"Feature","geometry":{"type":"Point","coordinates":[135.87416,34.5960437]},"properties":{"z":212.4}},{"type":"Feature","geometry":{"type":"Point","coordinates":[135.8741919,34.5960801]},"properties":{"z":213.3}},{"type":"Feature","geometry":{"type":"Point","coordinates":[135.87423,34.5961109]},"properties":{"z":213.3}},{"type":"Feature","geometry":{"type":"Point","coordinates":[135.8742534,34.5961515]},"properties":{"z":215.0}},{"type":"Feature","geometry":{"type":"Point","coordinates":[135.8742769,34.5961921]},"properties":{"z":214.2}},{"type":"Feature","geometry":{"type":"Point","coordinates":[135.8742991,34.5962322]},"properties":{"z":215.3}},{"type":"Feature","geometry":{"type":"Point","coordinates":[135.8743049,34.5962769]},"properties":{"z":216.3}},{"type":"Feature","geometry":{"type":"Point","coordinates":[135.8743032,34.5963217]},"properties":{"z":216.3}},{"type":"Feature","geometry":{"type":"Point","coordinates":[135.8743048,34.5963666]},"properties":{"z":216.8}},{"type":"Feature","geometry":{"type":"Point","coordinates":[135.8743068,34.5964116]},"properties":{"z":217.5}},{"type":"Feature","geometry":{"type":"Point","coordinates":[135.8743084,34.5964565]},"properties":{"z":217.5}},{"type":"Feature","geometry":{"type":"Point","coordinates":[135.8743101,34.5965014]},"properties":{"z":218.3}},{"type":"Feature","geometry":{"type":"Point","coordinates":[135.8743117,34.5965463]},"properties":{"z":218.3}},{"type":"Feature","geometry":{"type":"Point","coordinates":[135.8743134,34.5965913]},"properties":{"z":219.0}},{"type":"Feature","geometry":{"type":"Point","coordinates":[135.874313,34.5966361]},"properties":{"z":219.9}},{"type":"Feature","geometry":{"type":"Point","coordinates":[135.8742895,34.5966746]},"properties":{"z":219.9}},{"type":"Feature","geometry":{"type":"Point","coordinates":[135.8742882,34.5967183]},"properties":{"z":221.0}},{"type":"Feature","geometry":{"type":"Point","coordinates":[135.874295,34.5967629]},"properties":{"z":222.3}},{"type":"Feature","geometry":{"type":"Point","coordinates":[135.8742993,34.5968077]},"properties":{"z":222.3}},{"type":"Feature","geometry":{"type":"Point","coordinates":[135.8742833,34.5968491]},"properties":{"z":223.8}},{"type":"Feature","geometry":{"type":"Point","coordinates":[135.8742758,34.5968923]},"properties":{"z":223.8}},{"type":"Feature","geometry":{"type":"Point","coordinates":[135.8742518,34.5969308]},"properties":{"z":226.6}},{"type":"Feature","geometry":{"type":"Point","coordinates":[135.8742458,34.59697]},"properties":{"z":226.6}},{"type":"Feature","geometry":{"type":"Point","coordinates":[135.8742348,34.5970125]},"properties":{"z":227.7}},{"type":"Feature","geometry":{"type":"Point","coordinates":[135.8742123,34.5970529]},"properties":{"z":228.8}},{"type":"Feature","geometry":{"type":"Point","coordinates":[135.874193,34.5970939]},"properties":{"z":228.8}},{"type":"Feature","geometry":{"type":"Point","coordinates":[135.8741715,34.597135]},"properties":{"z":232.4}},{"type":"Feature","geometry":{"type":"Point","coordinates":[135.8741557,34.597178]},"properties":{"z":232.4}},{"type":"Feature","geometry":{"type":"Point","coordinates":[135.8741488,34.5972225]},"properties":{"z":232.7}},{"type":"Feature","geometry":{"type":"Point","coordinates":[135.874128,34.5972641]},"properties":{"z":233.0}},{"type":"Feature","geometry":{"type":"Point","coordinates":[135.8740947,34.5972987]},"properties":{"z":236.2}},{"type":"Feature","geometry":{"type":"Point","coordinates":[135.874072,34.5973396]},"properties":{"z":235.9}},{"type":"Feature","geometry":{"type":"Point","coordinates":[135.8740569,34.5973822]},"properties":{"z":235.9}},{"type":"Feature","geometry":{"type":"Point","coordinates":[135.8740619,34.5974253]},"properties":{"z":236.0}},{"type":"Feature","geometry":{"type":"Point","coordinates":[135.8740839,34.5974659]},"properties":{"z":236.2}},{"type":"Feature","geometry":{"type":"Point","coordinates":[135.8740989,34.5975008]},"properties":{"z":236.2}},{"type":"Feature","geometry":{"type":"Point","coordinates":[135.8740655,34.5975339]},"properties":{"z":236.2}},{"type":"Feature","geometry":{"type":"Point","coordinates":[135.8740189,34.5975187]},"properties":{"z":236.2}},{"type":"Feature","geometry":{"type":"Point","coordinates":[135.8740154,34.5974777]},"properties":{"z":236.2}},{"type":"Feature","geometry":{"type":"Point","coordinates":[135.8740186,34.5974345]},"properties":{"z":236.0}},{"type":"Feature","geometry":{"type":"Point","coordinates":[135.874029,34.5973917]},"properties":{"z":235.9}},{"type":"Feature","geometry":{"type":"Point","coordinates":[135.8740367,34.5973486]},"properties":{"z":235.9}},{"type":"Feature","geometry":{"type":"Point","coordinates":[135.8740579,34.5973092]},"properties":{"z":236.2}},{"type":"Feature","geometry":{"type":"Point","coordinates":[135.8740735,34.5972664]},"properties":{"z":236.2}},{"type":"Feature","geometry":{"type":"Point","coordinates":[135.8740881,34.5972231]},"properties":{"z":236.2}},{"type":"Feature","geometry":{"type":"Point","coordinates":[135.8741054,34.5971811]},"properties":{"z":232.4}},{"type":"Feature","geometry":{"type":"Point","coordinates":[135.8741403,34.5971466]},"properties":{"z":232.4}},{"type":"Feature","geometry":{"type":"Point","coordinates":[135.8741741,34.5971114]},"properties":{"z":231.5}},{"type":"Feature","geometry":{"type":"Point","coordinates":[135.8741995,34.5970719]},"properties":{"z":228.8}},{"type":"Feature","geometry":{"type":"Point","coordinates":[135.8742146,34.5970289]},"properties":{"z":227.7}},{"type":"Feature","geometry":{"type":"Point","coordinates":[135.8742244,34.5969848]},"properties":{"z":227.7}},{"type":"Feature","geometry":{"type":"Point","coordinates":[135.8742396,34.5969416]},"properties":{"z":226.6}},{"type":"Feature","geometry":{"type":"Point","coordinates":[135.8742506,34.5968976]},"properties":{"z":225.6}},{"type":"Feature","geometry":{"type":"Point","coordinates":[135.874256,34.5968529]},"properties":{"z":225.6}},{"type":"Feature","geometry":{"type":"Point","coordinates":[135.8742599,34.5968084]},"properties":{"z":224.3}},{"type":"Feature","geometry":{"type":"Point","coordinates":[135.8742751,34.5967654]},"properties":{"z":222.3}},{"type":"Feature","geometry":{"type":"Point","coordinates":[135.8742853,34.5967212]},"properties":{"z":221.0}},{"type":"Feature","geometry":{"type":"Point","coordinates":[135.8742986,34.5966777]},"properties":{"z":219.9}},{"type":"Feature","geometry":{"type":"Point","coordinates":[135.8743001,34.596633]},"properties":{"z":219.9}},{"type":"Feature","geometry":{"type":"Point","coordinates":[135.8743035,34.5965886]},"properties":{"z":219.0}},{"type":"Feature","geometry":{"type":"Point","coordinates":[135.8743046,34.5965441]},"properties":{"z":218.3}},{"type":"Feature","geometry":{"type":"Point","coordinates":[135.8742815,34.5965042]},"properties":{"z":218.3}},{"type":"Feature","geometry":{"type":"Point","coordinates":[135.8742653,34.596463]},"properties":{"z":218.5}},{"type":"Feature","geometry":{"type":"Point","coordinates":[135.8742703,34.5964186]},"properties":{"z":218.5}},{"type":"Feature","geometry":{"type":"Point","coordinates":[135.8742494,34.5963771]},"properties":{"z":217.8}},{"type":"Feature","geometry":{"type":"Point","coordinates":[135.8742213,34.5963387]},"properties":{"z":217.8}},{"type":"Feature","geometry":{"type":"Point","coordinates":[135.8741846,34.5963055]},"properties":{"z":220.7}},{"type":"Feature","geometry":{"type":"Point","coordinates":[135.8741541,34.5962684]},"properties":{"z":220.7}},{"type":"Feature","geometry":{"type":"Point","coordinates":[135.8741298,34.5962289]},"properties":{"z":219.2}},{"type":"Feature","geometry":{"type":"Point","coordinates":[135.8740888,34.5961993]},"properties":{"z":224.8}},{"type":"Feature","geometry":{"type":"Point","coordinates":[135.8740505,34.5961673]},"properties":{"z":219.6}},{"type":"Feature","geometry":{"type":"Point","coordinates":[135.8740152,34.5961331]},"properties":{"z":219.6}},{"type":"Feature","geometry":{"type":"Point","coordinates":[135.8739849,34.5960957]},"properties":{"z":226.2}},{"type":"Feature","geometry":{"type":"Point","coordinates":[135.8739584,34.5960564]},"properties":{"z":226.2}},{"type":"Feature","geometry":{"type":"Point","coordinates":[135.873938,34.5960148]},"properties":{"z":219.9}},{"type":"Feature","geometry":{"type":"Point","coordinates":[135.8739239,34.5959717]},"properties":{"z":219.8}},{"type":"Feature","geometry":{"type":"Point","coordinates":[135.8739154,34.5959277]},"properties":{"z":219.8}},{"type":"Feature","geometry":{"type":"Point","coordinates":[135.8738825,34.5958918]},"properties":{"z":214.3}},{"type":"Feature","geometry":{"type":"Point","coordinates":[135.8738496,34.5958562]},"properties":{"z":214.3}},{"type":"Feature","geometry":{"type":"Point","coordinates":[135.8738292,34.5958145]},"properties":{"z":213.3}},{"type":"Feature","geometry":{"type":"Point","coordinates":[135.8737984,34.595779]},"properties":{"z":213.3}},{"type":"Feature","geometry":{"type":"Point","coordinates":[135.8737569,34.5957497]},"properties":{"z":210.1}},{"type":"Feature","geometry":{"type":"Point","coordinates":[135.8737325,34.5957114]},"properties":{"z":213.3}},{"type":"Feature","geometry":{"type":"Point","coordinates":[135.873717,34.5956683]},"properties":{"z":210.4}},{"type":"Feature","geometry":{"type":"Point","coordinates":[135.8736903,34.5956296]},"properties":{"z":210.4}},{"type":"Feature","geometry":{"type":"Point","coordinates":[135.8736591,34.5955927]},"properties":{"z":210.3}},{"type":"Feature","geometry":{"type":"Point","coordinates":[135.8736302,34.5955546]},"properties":{"z":206.7}},{"type":"Feature","geometry":{"type":"Point","coordinates":[135.873593,34.595523]},"properties":{"z":206.7}},{"type":"Feature","geometry":{"type":"Point","coordinates":[135.8735486,34.5954968]},"properties":{"z":208.9}},{"type":"Feature","geometry":{"type":"Point","coordinates":[135.8735033,34.5954717]},"properties":{"z":205.4}},{"type":"Feature","geometry":{"type":"Point","coordinates":[135.8734585,34.595446]},"properties":{"z":207.3}},{"type":"Feature","geometry":{"type":"Point","coordinates":[135.873415,34.5954188]},"properties":{"z":207.3}},{"type":"Feature","geometry":{"type":"Point","coordinates":[135.8733715,34.5953916]},"properties":{"z":206.1}},{"type":"Feature","geometry":{"type":"Point","coordinates":[135.8733287,34.5953639]},"properties":{"z":206.1}},{"type":"Feature","geometry":{"type":"Point","coordinates":[135.8732895,34.5953326]},"properties":{"z":204.2}},{"type":"Feature","geometry":{"type":"Point","coordinates":[135.8732503,34.5953013]},"properties":{"z":204.2}},{"type":"Feature","geometry":{"type":"Point","coordinates":[135.8732086,34.5952722]},"properties":{"z":203.8}},{"type":"Feature","geometry":{"type":"Point","coordinates":[135.8731653,34.5952453]},"properties":{"z":203.8}},{"type":"Feature","geometry":{"type":"Point","coordinates":[135.8731127,34.5952333]},"properties":{"z":205.2}},{"type":"Feature","geometry":{"type":"Point","coordinates":[135.8730626,34.5952158]},"properties":{"z":204.7}},{"type":"Feature","geometry":{"type":"Point","coordinates":[135.8730133,34.5951964]},"properties":{"z":198.3}},{"type":"Feature","geometry":{"type":"Point","coordinates":[135.872962,34.5951811]},"properties":{"z":195.1}},{"type":"Feature","geometry":{"type":"Point","coordinates":[135.8729106,34.5951659]},"properties":{"z":195.1}},{"type":"Feature","geometry":{"type":"Point","coordinates":[135.8728603,34.5951485]},"properties":{"z":191.4}},{"type":"Feature","geometry":{"type":"Point","coordinates":[135.8728096,34.5951318]},"properties":{"z":188.7}},{"type":"Feature","geometry":{"type":"Point","coordinates":[135.8727574,34.5951186]},"properties":{"z":188.7}},{"type":"Feature","geometry":{"type":"Point","coordinates":[135.8727047,34.5951073]},"properties":{"z":186.7}},{"type":"Feature","geometry":{"type":"Point","coordinates":[135.8726507,34.5951009]},"properties":{"z":186.7}},{"type":"Feature","geometry":{"type":"Point","coordinates":[135.8725965,34.5950956]},"properties":{"z":184.6}},{"type":"Feature","geometry":{"type":"Point","coordinates":[135.872542,34.5950921]},"properties":{"z":182.4}},{"type":"Feature","geometry":{"type":"Point","coordinates":[135.8724876,34.5950927]},"properties":{"z":182.4}},{"type":"Feature","geometry":{"type":"Point","coordinates":[135.8724332,34.5950968]},"properties":{"z":180.9}},{"type":"Feature","geometry":{"type":"Point","coordinates":[135.8723797,34.5951052]},"properties":{"z":179.8}},{"type":"Feature","geometry":{"type":"Point","coordinates":[135.8723264,34.595115]},"properties":{"z":179.8}},{"type":"Feature","geometry":{"type":"Point","coordinates":[135.8722734,34.5951259]},"properties":{"z":179.1}},{"type":"Feature","geometry":{"type":"Point","coordinates":[135.8722207,34.5951377]},"properties":{"z":179.3}},{"type":"Feature","geometry":{"type":"Point","coordinates":[135.8721675,34.5951471]},"properties":{"z":178.5}},{"type":"Feature","geometry":{"type":"Point","coordinates":[135.8721131,34.5951513]},"properties":{"z":177.7}},{"type":"Feature","geometry":{"type":"Point","coordinates":[135.8720587,34.5951531]},"properties":{"z":177.7}},{"type":"Feature","geometry":{"type":"Point","coordinates":[135.8720041,34.595152]},"properties":{"z":176.9}},{"type":"Feature","geometry":{"type":"Point","coordinates":[135.8719495,34.5951541]},"properties":{"z":176.2}},{"type":"Feature","geometry":{"type":"Point","coordinates":[135.8719004,34.5951671]},"properties":{"z":176.2}},{"type":"Feature","geometry":{"type":"Point","coordinates":[135.8718622,34.5951983]},"properties":{"z":175.6}},{"type":"Feature","geometry":{"type":"Point","coordinates":[135.8718529,34.5952426]},"properties":{"z":175.6}},{"type":"Feature","geometry":{"type":"Point","coordinates":[135.8718377,34.5952857]},"properties":{"z":175.5}},{"type":"Feature","geometry":{"type":"Point","coordinates":[135.8718185,34.5953278]},"properties":{"z":175.5}},{"type":"Feature","geometry":{"type":"Point","coordinates":[135.8718012,34.5953699]},"properties":{"z":175.4}},{"type":"Feature","geometry":{"type":"Point","coordinates":[135.8717973,34.5954147]},"properties":{"z":175.4}},{"type":"Feature","geometry":{"type":"Point","coordinates":[135.87178,34.5954573]},"properties":{"z":174.3}},{"type":"Feature","geometry":{"type":"Point","coordinates":[135.8717628,34.5954999]},"properties":{"z":174.2}},{"type":"Feature","geometry":{"type":"Point","coordinates":[135.8717474,34.595543]},"properties":{"z":174.2}},{"type":"Feature","geometry":{"type":"Point","coordinates":[135.8717376,34.5955872]},"properties":{"z":174.4}},{"type":"Feature","geometry":{"type":"Point","coordinates":[135.8717297,34.5956317]},"properties":{"z":174.4}},{"type":"Feature","geometry":{"type":"Point","coordinates":[135.8717188,34.5956757]},"properties":{"z":174.4}},{"type":"Feature","geometry":{"type":"Point","coordinates":[135.8717074,34.5957196]},"properties":{"z":174.4}},{"type":"Feature","geometry":{"type":"Point","coordinates":[135.8716955,34.5957635]},"properties":{"z":172.7}},{"type":"Feature","geometry":{"type":"Point","coordinates":[135.8716836,34.5958074]},"properties":{"z":172.7}},{"type":"Feature","geometry":{"type":"Point","coordinates":[135.8716722,34.5958513]},"properties":{"z":172.8}},{"type":"Feature","geometry":{"type":"Point","coordinates":[135.8716609,34.5958953]},"properties":{"z":172.8}},{"type":"Feature","geometry":{"type":"Point","coordinates":[135.8716492,34.5959392]},"properties":{"z":173.0}},{"type":"Feature","geometry":{"type":"Point","coordinates":[135.8716374,34.5959831]},"properties":{"z":172.7}},{"type":"Feature","geometry":{"type":"Point","coordinates":[135.8716223,34.5960263]},"properties":{"z":172.7}},{"type":"Feature","geometry":{"type":"Point","coordinates":[135.8716061,34.5960692]},"properties":{"z":171.7}},{"type":"Feature","geometry":{"type":"Point","coordinates":[135.8715906,34.5961123]},"properties":{"z":171.7}},{"type":"Feature","geometry":{"type":"Point","coordinates":[135.8715754,34.5961555]},"properties":{"z":172.8}},{"type":"Feature","geometry":{"type":"Point","coordinates":[135.8715566,34.5961975]},"properties":{"z":172.5}},{"type":"Feature","geometry":{"type":"Point","coordinates":[135.8715319,34.5962376]},"properties":{"z":172.5}},{"type":"Feature","geometry":{"type":"Point","coordinates":[135.8715073,34.5962777]},"properties":{"z":169.5}},{"type":"Feature","geometry":{"type":"Point","coordinates":[135.8714689,34.5963096]},"properties":{"z":169.5}},{"type":"Feature","geometry":{"type":"Point","coordinates":[135.8714301,34.5963412]},"properties":{"z":168.7}},{"type":"Feature","geometry":{"type":"Point","coordinates":[135.8713871,34.5963689]},"properties":{"z":168.7}},{"type":"Feature","geometry":{"type":"Point","coordinates":[135.8713459,34.5963984]},"properties":{"z":168.1}},{"type":"Feature","geometry":{"type":"Point","coordinates":[135.8713057,34.5964288]},"properties":{"z":168.4}},{"type":"Feature","geometry":{"type":"Point","coordinates":[135.871263,34.5964568]},"properties":{"z":167.9}},{"type":"Feature","geometry":{"type":"Point","coordinates":[135.8712147,34.5964759]},"properties":{"z":167.9}},{"type":"Feature","geometry":{"type":"Point","coordinates":[135.8711619,34.5964874]},"properties":{"z":167.9}},{"type":"Feature","geometry":{"type":"Point","coordinates":[135.8711092,34.5964992]},"properties":{"z":167.9}},{"type":"Feature","geometry":{"type":"Point","coordinates":[135.8710556,34.5965059]},"properties":{"z":167.5}},{"type":"Feature","geometry":{"type":"Point","coordinates":[135.871001,34.5965075]},"properties":{"z":167.3}},{"type":"Feature","geometry":{"type":"Point","coordinates":[135.8709468,34.5965029]},"properties":{"z":167.3}},{"type":"Feature","geometry":{"type":"Point","coordinates":[135.8708932,34.5964946]},"properties":{"z":167.3}},{"type":"Feature","geometry":{"type":"Point","coordinates":[135.8708403,34.5964833]},"properties":{"z":167.3}},{"type":"Feature","geometry":{"type":"Point","coordinates":[135.8707883,34.5964698]},"properties":{"z":166.5}},{"type":"Feature","geometry":{"type":"Point","coordinates":[135.8707369,34.5964547]},"properties":{"z":166.3}},{"type":"Feature","geometry":{"type":"Point","coordinates":[135.8706869,34.5964367]},"properties":{"z":166.3}},{"type":"Feature","geometry":{"type":"Point","coordinates":[135.870636,34.5964206]},"properties":{"z":166.4}},{"type":"Feature","geometry":{"type":"Point","coordinates":[135.8705834,34.5964084]},"properties":{"z":166.4}},{"type":"Feature","geometry":{"type":"Point","coordinates":[135.8705309,34.5963962]},"properties":{"z":165.8}},{"type":"Feature","geometry":{"type":"Point","coordinates":[135.8704784,34.5963838]},"properties":{"z":165.8}},{"type":"Feature","geometry":{"type":"Point","coordinates":[135.8704257,34.5963722]},"properties":{"z":165.8}},{"type":"Feature","geometry":{"type":"Point","coordinates":[135.8703716,34.5963663]},"properties":{"z":165.7}},{"type":"Feature","geometry":{"type":"Point","coordinates":[135.8703174,34.596364]},"properties":{"z":165.6}},{"type":"Feature","geometry":{"type":"Point","coordinates":[135.8702633,34.5963698]},"properties":{"z":165.6}},{"type":"Feature","geometry":{"type":"Point","coordinates":[135.8702097,34.596378]},"properties":{"z":164.9}},{"type":"Feature","geometry":{"type":"Point","coordinates":[135.8701569,34.5963894]},"properties":{"z":164.9}},{"type":"Feature","geometry":{"type":"Point","coordinates":[135.8701049,34.5964029]},"properties":{"z":164.0}},{"type":"Feature","geometry":{"type":"Point","coordinates":[135.8700538,34.5964187]},"properties":{"z":163.6}},{"type":"Feature","geometry":{"type":"Point","coordinates":[135.8700036,34.5964365]},"properties":{"z":163.6}},{"type":"Feature","geometry":{"type":"Point","coordinates":[135.8699545,34.5964561]},"properties":{"z":162.7}},{"type":"Feature","geometry":{"type":"Point","coordinates":[135.8699081,34.5964797]},"properties":{"z":163.0}},{"type":"Feature","geometry":{"type":"Point","coordinates":[135.8698631,34.596505]},"properties":{"z":162.1}},{"type":"Feature","geometry":{"type":"Point","coordinates":[135.8698201,34.5965327]},"properties":{"z":162.1}},{"type":"Feature","geometry":{"type":"Point","coordinates":[135.8697776,34.596561]},"properties":{"z":162.7}},{"type":"Feature","geometry":{"type":"Point","coordinates":[135.869736,34.5965901]},"properties":{"z":162.7}},{"type":"Feature","geometry":{"type":"Point","coordinates":[135.8696943,34.5966191]},"properties":{"z":164.8}},{"type":"Feature","geometry":{"type":"Point","coordinates":[135.8696509,34.5966464]},"properties":{"z":164.8}},{"type":"Feature","geometry":{"type":"Point","coordinates":[135.8696076,34.5966738]},"properties":{"z":166.6}},{"type":"Feature","geometry":{"type":"Point","coordinates":[135.8695651,34.5967019]},"properties":{"z":165.9}},{"type":"Feature","geometry":{"type":"Point","coordinates":[135.8695224,34.59673]},"properties":{"z":167.1}},{"type":"Feature","geometry":{"type":"Point","coordinates":[135.8694797,34.596758]},"properties":{"z":167.1}},{"type":"Feature","geometry":{"type":"Point","coordinates":[135.8694362,34.5967851]},"properties":{"z":167.0}},{"type":"Feature","geometry":{"type":"Point","coordinates":[135.8693919,34.5968115]},"properties":{"z":167.0}},{"type":"Feature","geometry":{"type":"Point","coordinates":[135.8693483,34.5968386]},"properties":{"z":167.0}},{"type":"Feature","geometry":{"type":"Point","coordinates":[135.8693053,34.5968663]},"properties":{"z":167.0}},{"type":"Feature","geometry":{"type":"Point","coordinates":[135.8692626,34.5968943]},"properties":{"z":168.8}},{"type":"Feature","geometry":{"type":"Point","coordinates":[135.8692201,34.5969225]},"properties":{"z":167.2}},{"type":"Feature","geometry":{"type":"Point","coordinates":[135.8691777,34.5969508]},"properties":{"z":168.7}},{"type":"Feature","geometry":{"type":"Point","coordinates":[135.8691354,34.5969792]},"properties":{"z":167.2}},{"type":"Feature","geometry":{"type":"Point","coordinates":[135.8690949,34.5970093]},"properties":{"z":169.1}},{"type":"Feature","geometry":{"type":"Point","coordinates":[135.8690556,34.5970405]},"properties":{"z":169.1}},{"type":"Feature","geometry":{"type":"Point","coordinates":[135.8690169,34.5970722]},"properties":{"z":168.6}},{"type":"Feature","geometry":{"type":"Point","coordinates":[135.8689785,34.5971042]},"properties":{"z":168.6}},{"type":"Feature","geometry":{"type":"Point","coordinates":[135.8689399,34.597136]},"properties":{"z":168.0}},{"type":"Feature","geometry":{"type":"Point","coordinates":[135.868901,34.5971676]},"properties":{"z":168.0}},{"type":"Feature","geometry":{"type":"Point","coordinates":[135.8688625,34.5971995]},"properties":{"z":166.6}},{"type":"Feature","geometry":{"type":"Point","coordinates":[135.8688243,34.5972316]},"properties":{"z":166.6}},{"type":"Feature","geometry":{"type":"Point","coordinates":[135.8687862,34.5972638]},"properties":{"z":164.1}},{"type":"Feature","geometry":{"type":"Point","coordinates":[135.8687483,34.5972961]},"properties":{"z":164.3}},{"type":"Feature","geometry":{"type":"Point","coordinates":[135.8687113,34.5973291]},"properties":{"z":161.1}},{"type":"Feature","geometry":{"type":"Point","coordinates":[135.8686753,34.597363]},"properties":{"z":160.8}},{"type":"Feature","geometry":{"type":"Point","coordinates":[135.8686406,34.5973976]},"properties":{"z":158.4}},{"type":"Feature","geometry":{"type":"Point","coordinates":[135.868608,34.5974337]},"properties":{"z":158.4}},{"type":"Feature","geometry":{"type":"Point","coordinates":[135.8685749,34.5974694]},"properties":{"z":157.8}},{"type":"Feature","geometry":{"type":"Point","coordinates":[135.8685402,34.5975042]},"properties":{"z":157.8}},{"type":"Feature","geometry":{"type":"Point","coordinates":[135.8685056,34.5975389]},"properties":{"z":157.9}},{"type":"Feature","geometry":{"type":"Point","coordinates":[135.8684724,34.5975746]},"properties":{"z":157.9}},{"type":"Feature","geometry":{"type":"Point","coordinates":[135.8684391,34.5976103]},"properties":{"z":156.4}},{"type":"Feature","geometry":{"type":"Point","coordinates":[135.8684078,34.5976471]},"properties":{"z":158.1}},{"type":"Feature","geometry":{"type":"Point","coordinates":[135.8683766,34.5976839]},"properties":{"z":156.7}},{"type":"Feature","geometry":{"type":"Point","coordinates":[135.868345,34.5977207]},"properties":{"z":158.2}},{"type":"Feature","geometry":{"type":"Point","coordinates":[135.8683134,34.5977573]},"properties":{"z":156.5}},{"type":"Feature","geometry":{"type":"Point","coordinates":[135.8682815,34.5977938]},"properties":{"z":156.5}},{"type":"Feature","geometry":{"type":"Point","coordinates":[135.868248,34.5978292]},"properties":{"z":156.4}},{"type":"Feature","geometry":{"type":"Point","coordinates":[135.8682144,34.5978647]},"properties":{"z":156.4}},{"type":"Feature","geometry":{"type":"Point","coordinates":[135.8681802,34.5978998]},"properties":{"z":155.0}},{"type":"Feature","geometry":{"type":"Point","coordinates":[135.8681457,34.5979346]},"properties":{"z":156.8}},{"type":"Feature","geometry":{"type":"Point","coordinates":[135.8681093,34.5979679]},"properties":{"z":155.1}},{"type":"Feature","geometry":{"type":"Point","coordinates":[135.8680669,34.5979962]},"properties":{"z":156.2}},{"type":"Feature","geometry":{"type":"Point","coordinates":[135.8680244,34.5980245]},"properties":{"z":156.2}},{"type":"Feature","geometry":{"type":"Point","coordinates":[135.8679831,34.5980539]},"properties":{"z":151.9}},{"type":"Feature","geometry":{"type":"Point","coordinates":[135.8679418,34.5980832]},"properties":{"z":151.9}},{"type":"Feature","geometry":{"type":"Point","coordinates":[135.8678985,34.5981106]},"properties":{"z":150.3}},{"type":"Feature","geometry":{"type":"Point","coordinates":[135.8678549,34.5981377]},"properties":{"z":150.3}},{"type":"Feature","geometry":{"type":"Point","coordinates":[135.8678098,34.598163]},"properties":{"z":152.8}},{"type":"Feature","geometry":{"type":"Point","coordinates":[135.8677644,34.598188]},"properties":{"z":148.8}},{"type":"Feature","geometry":{"type":"Point","coordinates":[135.8677187,34.5982126]},"properties":{"z":149.9}},{"type":"Feature","geometry":{"type":"Point","coordinates":[135.8676729,34.5982371]},"properties":{"z":149.9}},{"type":"Feature","geometry":{"type":"Point","coordinates":[135.8676265,34.5982608]},"properties":{"z":149.2}},{"type":"Feature","geometry":{"type":"Point","coordinates":[135.8675798,34.5982841]},"properties":{"z":149.2}},{"type":"Feature","geometry":{"type":"Point","coordinates":[135.8675317,34.598305]},"properties":{"z":149.6}},{"type":"Feature","geometry":{"type":"Point","coordinates":[135.8674811,34.598322]},"properties":{"z":149.7}},{"type":"Feature","geometry":{"type":"Point","coordinates":[135.8674305,34.5983388]},"properties":{"z":149.7}},{"type":"Feature","geometry":{"type":"Point","coordinates":[135.8673794,34.5983547]},"properties":{"z":151.5}},{"type":"Feature","geometry":{"type":"Point","coordinates":[135.8673283,34.5983706]},"properties":{"z":151.5}},{"type":"Feature","geometry":{"type":"Point","coordinates":[135.8672781,34.5983883]},"properties":{"z":148.5}},{"type":"Feature","geometry":{"type":"Point","coordinates":[135.867228,34.5984061]},"properties":{"z":151.6}},{"type":"Feature","geometry":{"type":"Point","coordinates":[135.867177,34.5984221]},"properties":{"z":151.6}},{"type":"Feature","geometry":{"type":"Point","coordinates":[135.8671251,34.5984362]},"properties":{"z":153.7}},{"type":"Feature","geometry":{"type":"Point","coordinates":[135.8670735,34.5984508]},"properties":{"z":153.7}},{"type":"Feature","geometry":{"type":"Point","coordinates":[135.8670227,34.5984673]},"properties":{"z":149.6}},{"type":"Feature","geometry":{"type":"Point","coordinates":[135.8669719,34.5984837]},"properties":{"z":150.0}},{"type":"Feature","geometry":{"type":"Point","coordinates":[135.8669207,34.5984995]},"properties":{"z":150.0}},{"type":"Feature","geometry":{"type":"Point","coordinates":[135.8668695,34.5985151]},"properties":{"z":150.1}},{"type":"Feature","geometry":{"type":"Point","coordinates":[135.8668184,34.5985309]},"properties":{"z":146.1}},{"type":"Feature","geometry":{"type":"Point","coordinates":[135.8667676,34.5985474]},"properties":{"z":145.5}},{"type":"Feature","geometry":{"type":"Point","coordinates":[135.8667168,34.5985638]},"properties":{"z":145.3}},{"type":"Feature","geometry":{"type":"Point","coordinates":[135.8666663,34.598581]},"properties":{"z":145.3}},{"type":"Feature","geometry":{"type":"Point","coordinates":[135.8666159,34.5985983]},"properties":{"z":142.3}},{"type":"Feature","geometry":{"type":"Point","coordinates":[135.8665659,34.5986164]},"properties":{"z":142.3}},{"type":"Feature","geometry":{"type":"Point","coordinates":[135.8665164,34.5986354]},"properties":{"z":145.0}},{"type":"Feature","geometry":{"type":"Point","coordinates":[135.8664669,34.5986543]},"properties":{"z":145.0}},{"type":"Feature","geometry":{"type":"Point","coordinates":[135.8664229,34.5986809]},"properties":{"z":144.8}},{"type":"Feature","geometry":{"type":"Point","coordinates":[135.8663788,34.5987075]},"properties":{"z":144.8}},{"type":"Feature","geometry":{"type":"Point","coordinates":[135.8663394,34.5987382]},"properties":{"z":145.2}},{"type":"Feature","geometry":{"type":"Point","coordinates":[135.8663035,34.5987721]},"properties":{"z":145.2}},{"type":"Feature","geometry":{"type":"Point","coordinates":[135.8662675,34.5988059]},"properties":{"z":149.5}},{"type":"Feature","geometry":{"type":"Point","coordinates":[135.8662428,34.5988459]},"properties":{"z":144.2}},{"type":"Feature","geometry":{"type":"Point","coordinates":[135.8662184,34.5988861]},"properties":{"z":141.0}},{"type":"Feature","geometry":{"type":"Point","coordinates":[135.866194,34.5989264]},"properties":{"z":143.7}},{"type":"Feature","geometry":{"type":"Point","coordinates":[135.8661722,34.5989676]},"properties":{"z":140.2}},{"type":"Feature","geometry":{"type":"Point","coordinates":[135.8661518,34.5990093]},"properties":{"z":140.2}},{"type":"Feature","geometry":{"type":"Point","coordinates":[135.8661313,34.5990509]},"properties":{"z":139.5}},{"type":"Feature","geometry":{"type":"Point","coordinates":[135.8661089,34.5990919]},"properties":{"z":139.9}},{"type":"Feature","geometry":{"type":"Point","coordinates":[135.8660862,34.5991328]},"properties":{"z":139.9}},{"type":"Feature","geometry":{"type":"Point","coordinates":[135.8660674,34.599175]},"properties":{"z":139.3}},{"type":"Feature","geometry":{"type":"Point","coordinates":[135.8660501,34.5992176]},"properties":{"z":139.3}},{"type":"Feature","geometry":{"type":"Point","coordinates":[135.8660358,34.5992608]},"properties":{"z":139.0}},{"type":"Feature","geometry":{"type":"Point","coordinates":[135.8660291,34.5993054]},"properties":{"z":139.4}},{"type":"Feature","geometry":{"type":"Point","coordinates":[135.8660224,34.59935]},"properties":{"z":139.4}},{"type":"Feature","geometry":{"type":"Point","coordinates":[135.8660179,34.5993948]},"properties":{"z":139.2}},{"type":"Feature","geometry":{"type":"Point","coordinates":[135.866015,34.5994397]},"properties":{"z":139.2}},{"type":"Feature","geometry":{"type":"Point","coordinates":[135.8660127,34.5994845]},"properties":{"z":139.0}},{"type":"Feature","geometry":{"type":"Point","coordinates":[135.8660178,34.5995293]},"properties":{"z":138.8}},{"type":"Feature","geometry":{"type":"Point","coordinates":[135.8660229,34.5995741]},"properties":{"z":138.8}},{"type":"Feature","geometry":{"type":"Point","coordinates":[135.8660283,34.5996188]},"properties":{"z":138.7}},{"type":"Feature","geometry":{"type":"Point","coordinates":[135.8660338,34.5996635]},"properties":{"z":137.6}},{"type":"Feature","geometry":{"type":"Point","coordinates":[135.8660394,34.5997082]},"properties":{"z":137.6}},{"type":"Feature","geometry":{"type":"Point","coordinates":[135.8660406,34.5997531]},"properties":{"z":137.4}},{"type":"Feature","geometry":{"type":"Point","coordinates":[135.8660412,34.5997981]},"properties":{"z":137.1}},{"type":"Feature","geometry":{"type":"Point","coordinates":[135.8660417,34.599843]},"properties":{"z":137.1}},{"type":"Feature","geometry":{"type":"Point","coordinates":[135.8660452,34.5998879]},"properties":{"z":136.9}},{"type":"Feature","geometry":{"type":"Point","coordinates":[135.8660497,34.5999327]},"properties":{"z":136.9}},{"type":"Feature","geometry":{"type":"Point","coordinates":[135.8660542,34.5999775]},"properties":{"z":136.8}},{"type":"Feature","geometry":{"type":"Point","coordinates":[135.8660597,34.6000222]},"properties":{"z":136.6}},{"type":"Feature","geometry":{"type":"Point","coordinates":[135.8660653,34.6000669]},"properties":{"z":136.6}},{"type":"Feature","geometry":{"type":"Point","coordinates":[135.8660709,34.6001116]},"properties":{"z":136.4}},{"type":"Feature","geometry":{"type":"Point","coordinates":[135.86607,34.6001566]},"properties":{"z":136.2}},{"type":"Feature","geometry":{"type":"Point","coordinates":[135.8660691,34.6002015]},"properties":{"z":136.2}},{"type":"Feature","geometry":{"type":"Point","coordinates":[135.8660651,34.6002462]},"properties":{"z":135.9}},{"type":"Feature","geometry":{"type":"Point","coordinates":[135.8660527,34.6002899]},"properties":{"z":135.9}},{"type":"Feature","geometry":{"type":"Point","coordinates":[135.8660404,34.6003337]},"properties":{"z":135.7}},{"type":"Feature","geometry":{"type":"Point","coordinates":[135.8660221,34.6003759]},"properties":{"z":135.9}},{"type":"Feature","geometry":{"type":"Point","coordinates":[135.8660005,34.6004172]},"properties":{"z":135.9}},{"type":"Feature","geometry":{"type":"Point","coordinates":[135.8659788,34.6004585]},"properties":{"z":135.5}},{"type":"Feature","geometry":{"type":"Point","coordinates":[135.8659467,34.6004948]},"properties":{"z":135.5}},{"type":"Feature","geometry":{"type":"Point","coordinates":[135.8659146,34.6005311]},"properties":{"z":135.4}},{"type":"Feature","geometry":{"type":"Point","coordinates":[135.8658803,34.6005659]},"properties":{"z":135.4}},{"type":"Feature","geometry":{"type":"Point","coordinates":[135.8658398,34.6005961]},"properties":{"z":135.3}},{"type":"Feature","geometry":{"type":"Point","coordinates":[135.8657994,34.6006264]},"properties":{"z":135.3}},{"type":"Feature","geometry":{"type":"Point","coordinates":[135.865754,34.6006503]},"properties":{"z":134.9}},{"type":"Feature","geometry":{"type":"Point","coordinates":[135.8657043,34.6006689]},"properties":{"z":134.9}},{"type":"Feature","geometry":{"type":"Point","coordinates":[135.8656545,34.6006874]},"properties":{"z":134.9}},{"type":"Feature","geometry":{"type":"Point","coordinates":[135.8656014,34.6006972]},"properties":{"z":134.8}},{"type":"Feature","geometry":{"type":"Point","coordinates":[135.8655477,34.6007055]},"properties":{"z":134.8}},{"type":"Feature","geometry":{"type":"Point","coordinates":[135.865494,34.6007133]},"properties":{"z":134.5}},{"type":"Feature","geometry":{"type":"Point","coordinates":[135.8654398,34.6007191]},"properties":{"z":133.8}},{"type":"Feature","geometry":{"type":"Point","coordinates":[135.8653856,34.6007249]},"properties":{"z":133.4}},{"type":"Feature","geometry":{"type":"Point","coordinates":[135.8653311,34.6007241]},"properties":{"z":133.1}},{"type":"Feature","geometry":{"type":"Point","coordinates":[135.8652765,34.6007229]},"properties":{"z":133.1}},{"type":"Feature","geometry":{"type":"Point","coordinates":[135.8652219,34.6007223]},"properties":{"z":132.8}},{"type":"Feature","geometry":{"type":"Point","coordinates":[135.8651673,34.6007221]},"properties":{"z":132.7}},{"type":"Feature","geometry":{"type":"Point","coordinates":[135.8651127,34.6007224]},"properties":{"z":132.7}},{"type":"Feature","geometry":{"type":"Point","coordinates":[135.8650581,34.6007242]},"properties":{"z":132.9}},{"type":"Feature","geometry":{"type":"Point","coordinates":[135.8650035,34.600726]},"properties":{"z":132.9}},{"type":"Feature","geometry":{"type":"Point","coordinates":[135.864949,34.600727]},"properties":{"z":133.1}},{"type":"Feature","geometry":{"type":"Point","coordinates":[135.8648943,34.6007274]},"properties":{"z":133.2}},{"type":"Feature","geometry":{"type":"Point","coordinates":[135.8648397,34.6007278]},"properties":{"z":133.2}},{"type":"Feature","geometry":{"type":"Point","coordinates":[135.8647851,34.6007282]},"properties":{"z":133.2}},{"type":"Feature","geometry":{"type":"Point","coordinates":[135.8647305,34.6007286]},"properties":{"z":133.0}},{"type":"Feature","geometry":{"type":"Point","coordinates":[135.8646759,34.600729]},"properties":{"z":133.0}},{"type":"Feature","geometry":{"type":"Point","coordinates":[135.8646213,34.6007283]},"properties":{"z":132.7}},{"type":"Feature","geometry":{"type":"Point","coordinates":[135.8645667,34.6007275]},"properties":{"z":132.2}},{"type":"Feature","geometry":{"type":"Point","coordinates":[135.8645121,34.6007268]},"properties":{"z":132.2}},{"type":"Feature","geometry":{"type":"Point","coordinates":[135.8644575,34.6007262]},"properties":{"z":131.6}},{"type":"Feature","geometry":{"type":"Point","coordinates":[135.8644029,34.6007258]},"properties":{"z":131.6}},{"type":"Feature","geometry":{"type":"Point","coordinates":[135.8643483,34.6007253]},"properties":{"z":131.0}},{"type":"Feature","geometry":{"type":"Point","coordinates":[135.8642938,34.6007223]},"properties":{"z":130.5}},{"type":"Feature","geometry":{"type":"Point","coordinates":[135.8642393,34.6007194]},"properties":{"z":130.5}},{"type":"Feature","geometry":{"type":"Point","coordinates":[135.8641848,34.6007171]},"properties":{"z":130.2}},{"type":"Feature","geometry":{"type":"Point","coordinates":[135.8641302,34.6007192]},"properties":{"z":130.0}},{"type":"Feature","geometry":{"type":"Point","coordinates":[135.8640757,34.6007213]},"properties":{"z":130.0}},{"type":"Feature","geometry":{"type":"Point","coordinates":[135.8640211,34.6007233]},"properties":{"z":129.7}},{"type":"Feature","geometry":{"type":"Point","coordinates":[135.8639666,34.6007253]},"properties":{"z":129.4}},{"type":"Feature","geometry":{"type":"Point","coordinates":[135.863912,34.6007272]},"properties":{"z":129.4}},{"type":"Feature","geometry":{"type":"Point","coordinates":[135.8638577,34.6007314]},"properties":{"z":129.4}},{"type":"Feature","geometry":{"type":"Point","coordinates":[135.8638034,34.6007367]},"properties":{"z":129.4}},{"type":"Feature","geometry":{"type":"Point","coordinates":[135.8637492,34.600742]},"properties":{"z":129.3}},{"type":"Feature","geometry":{"type":"Point","coordinates":[135.863695,34.6007476]},"properties":{"z":129.2}},{"type":"Feature","geometry":{"type":"Point","coordinates":[135.8636408,34.6007532]},"properties":{"z":129.2}},{"type":"Feature","geometry":{"type":"Point","coordinates":[135.863588,34.6007643]},"properties":{"z":129.0}},{"type":"Feature","geometry":{"type":"Point","coordinates":[135.8635356,34.6007769]},"properties":{"z":128.8}},{"type":"Feature","geometry":{"type":"Point","coordinates":[135.8634832,34.6007894]},"properties":{"z":128.0}},{"type":"Feature","geometry":{"type":"Point","coordinates":[135.8634305,34.6008014]},"properties":{"z":127.8}},{"type":"Feature","geometry":{"type":"Point","coordinates":[135.8633779,34.6008134]},"properties":{"z":127.8}},{"type":"Feature","geometry":{"type":"Point","coordinates":[135.8633259,34.6008271]},"properties":{"z":128.1}},{"type":"Feature","geometry":{"type":"Point","coordinates":[135.863274,34.6008411]},"properties":{"z":128.7}},{"type":"Feature","geometry":{"type":"Point","coordinates":[135.8632214,34.6008527]},"properties":{"z":128.7}},{"type":"Feature","geometry":{"type":"Point","coordinates":[135.8631676,34.6008608]},"properties":{"z":127.8}},{"type":"Feature","geometry":{"type":"Point","coordinates":[135.863114,34.600869]},"properties":{"z":127.8}},{"type":"Feature","geometry":{"type":"Point","coordinates":[135.8630618,34.6008822]},"properties":{"z":128.0}},{"type":"Feature","geometry":{"type":"Point","coordinates":[135.8630095,34.6008954]},"properties":{"z":128.4}},{"type":"Feature","geometry":{"type":"Point","coordinates":[135.8629578,34.6009098]},"properties":{"z":128.4}},{"type":"Feature","geometry":{"type":"Point","coordinates":[135.8629066,34.6009252]},"properties":{"z":130.0}},{"type":"Feature","geometry":{"type":"Point","coordinates":[135.862855,34.60094]},"properties":{"z":128.2}},{"type":"Feature","geometry":{"type":"Point","coordinates":[135.8628022,34.6009515]},"properties":{"z":128.2}},{"type":"Feature","geometry":{"type":"Point","coordinates":[135.8627494,34.600963]},"properties":{"z":128.7}},{"type":"Feature","geometry":{"type":"Point","coordinates":[135.8626957,34.6009706]},"properties":{"z":128.7}},{"type":"Feature","geometry":{"type":"Point","coordinates":[135.8626415,34.6009763]},"properties":{"z":129.1}},{"type":"Feature","geometry":{"type":"Point","coordinates":[135.8625872,34.6009809]},"properties":{"z":129.3}},{"type":"Feature","geometry":{"type":"Point","coordinates":[135.8625327,34.6009834]},"properties":{"z":129.3}},{"type":"Feature","geometry":{"type":"Point","coordinates":[135.8624782,34.6009854]},"properties":{"z":129.4}},{"type":"Feature","geometry":{"type":"Point","coordinates":[135.8624236,34.6009836]},"properties":{"z":129.5}},{"type":"Feature","geometry":{"type":"Point","coordinates":[135.8623691,34.6009817]},"properties":{"z":129.5}},{"type":"Feature","geometry":{"type":"Point","coordinates":[135.8623148,34.6009767]},"properties":{"z":129.5}},{"type":"Feature","geometry":{"type":"Point","coordinates":[135.8622606,34.6009712]},"properties":{"z":129.5}},{"type":"Feature","geometry":{"type":"Point","coordinates":[135.8622069,34.6009631]},"properties":{"z":129.5}},{"type":"Feature","geometry":{"type":"Point","coordinates":[135.8621535,34.6009537]},"properties":{"z":129.6}},{"type":"Feature","geometry":{"type":"Point","coordinates":[135.8621003,34.6009436]},"properties":{"z":129.6}},{"type":"Feature","geometry":{"type":"Point","coordinates":[135.8620476,34.6009319]},"properties":{"z":129.8}},{"type":"Feature","geometry":{"type":"Point","coordinates":[135.8619949,34.6009202]},"properties":{"z":135.8}},{"type":"Feature","geometry":{"type":"Point","coordinates":[135.8619435,34.600905]},"properties":{"z":135.8}},{"type":"Feature","geometry":{"type":"Point","coordinates":[135.8618921,34.6008897]},"properties":{"z":135.9}},{"type":"Feature","geometry":{"type":"Point","coordinates":[135.8618406,34.6008748]},"properties":{"z":135.9}},{"type":"Feature","geometry":{"type":"Point","coordinates":[135.861789,34.6008601]},"properties":{"z":135.1}},{"type":"Feature","geometry":{"type":"Point","coordinates":[135.8617375,34.6008451]},"properties":{"z":138.6}},{"type":"Feature","geometry":{"type":"Point","coordinates":[135.8616867,34.6008286]},"properties":{"z":138.6}},{"type":"Feature","geometry":{"type":"Point","coordinates":[135.8616359,34.6008121]},"properties":{"z":130.1}},{"type":"Feature","geometry":{"type":"Point","coordinates":[135.8615878,34.6007912]},"properties":{"z":130.1}},{"type":"Feature","geometry":{"type":"Point","coordinates":[135.8615418,34.600767]},"properties":{"z":125.4}},{"type":"Feature","geometry":{"type":"Point","coordinates":[135.8614958,34.6007428]},"properties":{"z":125.4}},{"type":"Feature","geometry":{"type":"Point","coordinates":[135.8614509,34.6007172]},"properties":{"z":120.8}},{"type":"Feature","geometry":{"type":"Point","coordinates":[135.8614063,34.6006913]},"properties":{"z":122.7}},{"type":"Feature","geometry":{"type":"Point","coordinates":[135.8613625,34.6006646]},"properties":{"z":119.3}},{"type":"Feature","geometry":{"type":"Point","coordinates":[135.8613205,34.6006358]},"properties":{"z":120.6}},{"type":"Feature","geometry":{"type":"Point","coordinates":[135.8612786,34.600607]},"properties":{"z":118.7}},{"type":"Feature","geometry":{"type":"Point","coordinates":[135.8612398,34.6005755]},"properties":{"z":118.7}},{"type":"Feature","geometry":{"type":"Point","coordinates":[135.8612034,34.600542]},"properties":{"z":118.6}},{"type":"Feature","geometry":{"type":"Point","coordinates":[135.8611669,34.6005085]},"properties":{"z":118.6}},{"type":"Feature","geometry":{"type":"Point","coordinates":[135.8611315,34.6004743]},"properties":{"z":118.7}},{"type":"Feature","geometry":{"type":"Point","coordinates":[135.8610963,34.60044]},"properties":{"z":118.7}},{"type":"Feature","geometry":{"type":"Point","coordinates":[135.8610611,34.6004056]},"properties":{"z":120.1}},{"type":"Feature","geometry":{"type":"Point","coordinates":[135.8610246,34.6003722]},"properties":{"z":118.3}},{"type":"Feature","geometry":{"type":"Point","coordinates":[135.8609878,34.6003389]},"properties":{"z":119.6}},{"type":"Feature","geometry":{"type":"Point","coordinates":[135.860951,34.6003057]},"properties":{"z":118.0}},{"type":"Feature","geometry":{"type":"Point","coordinates":[135.8609146,34.6002722]},"properties":{"z":119.0}},{"type":"Feature","geometry":{"type":"Point","coordinates":[135.8608784,34.6002386]},"properties":{"z":117.9}},{"type":"Feature","geometry":{"type":"Point","coordinates":[135.8608421,34.600205]},"properties":{"z":118.9}},{"type":"Feature","geometry":{"type":"Point","coordinates":[135.8608058,34.6001713]},"properties":{"z":118.9}},{"type":"Feature","geometry":{"type":"Point","coordinates":[135.8607695,34.6001378]},"properties":{"z":118.6}},{"type":"Feature","geometry":{"type":"Point","coordinates":[135.8607331,34.6001043]},"properties":{"z":118.6}},{"type":"Feature","geometry":{"type":"Point","coordinates":[135.8606968,34.6000707]},"properties":{"z":118.2}},{"type":"Feature","geometry":{"type":"Point","coordinates":[135.8606599,34.6000376]},"properties":{"z":118.2}},{"type":"Feature","geometry":{"type":"Point","coordinates":[135.8606228,34.6000046]},"properties":{"z":118.0}},{"type":"Feature","geometry":{"type":"Point","coordinates":[135.8605856,34.5999716]},"properties":{"z":118.0}},{"type":"Feature","geometry":{"type":"Point","coordinates":[135.8605485,34.5999387]},"properties":{"z":118.0}},{"type":"Feature","geometry":{"type":"Point","coordinates":[135.8605111,34.5999059]},"properties":{"z":117.5}},{"type":"Feature","geometry":{"type":"Point","coordinates":[135.8604738,34.5998731]},"properties":{"z":117.5}},{"type":"Feature","geometry":{"type":"Point","coordinates":[135.8604364,34.5998403]},"properties":{"z":116.9}},{"type":"Feature","geometry":{"type":"Point","coordinates":[135.8603997,34.5998071]},"properties":{"z":116.9}},{"type":"Feature","geometry":{"type":"Point","coordinates":[135.8603631,34.5997737]},"properties":{"z":115.8}},{"type":"Feature","geometry":{"type":"Point","coordinates":[135.8603265,34.5997404]},"properties":{"z":115.8}},{"type":"Feature","geometry":{"type":"Point","coordinates":[135.8602899,34.599707]},"properties":{"z":116.3}},{"type":"Feature","geometry":{"type":"Point","coordinates":[135.8602534,34.5996736]},"properties":{"z":114.9}},{"type":"Feature","geometry":{"type":"Point","coordinates":[135.8602169,34.5996401]},"properties":{"z":115.6}},{"type":"Feature","geometry":{"type":"Point","coordinates":[135.8601803,34.5996067]},"properties":{"z":114.3}},{"type":"Feature","geometry":{"type":"Point","coordinates":[135.860144,34.5995732]},"properties":{"z":114.4}},{"type":"Feature","geometry":{"type":"Point","coordinates":[135.8601076,34.5995396]},"properties":{"z":113.4}},{"type":"Feature","geometry":{"type":"Point","coordinates":[135.8600712,34.5995061]},"properties":{"z":113.6}},{"type":"Feature","geometry":{"type":"Point","coordinates":[135.8600357,34.599472]},"properties":{"z":113.6}},{"type":"Feature","geometry":{"type":"Point","coordinates":[135.8600004,34.5994376]},"properties":{"z":113.7}},{"type":"Feature","geometry":{"type":"Point","coordinates":[135.859965,34.5994034]},"properties":{"z":113.7}},{"type":"Feature","geometry":{"type":"Point","coordinates":[135.8599291,34.5993696]},"properties":{"z":114.3}},{"type":"Feature","geometry":{"type":"Point","coordinates":[135.8598931,34.5993358]},"properties":{"z":114.3}},{"type":"Feature","geometry":{"type":"Point","coordinates":[135.8598562,34.5993027]},"properties":{"z":114.3}},{"type":"Feature","geometry":{"type":"Point","coordinates":[135.8598197,34.5992692]},"properties":{"z":114.8}},{"type":"Feature","geometry":{"type":"Point","coordinates":[135.8597844,34.5992349]},"properties":{"z":114.8}},{"type":"Feature","geometry":{"type":"Point","coordinates":[135.8597489,34.5992007]},"properties":{"z":115.5}},{"type":"Feature","geometry":{"type":"Point","coordinates":[135.8597131,34.5991668]},"properties":{"z":115.5}},{"type":"Feature","geometry":{"type":"Point","coordinates":[135.8596611,34.5991609]},"properties":{"z":116.3}},{"type":"Feature","geometry":{"type":"Point","coordinates":[135.8596196,34.5991759]},"properties":{"z":114.6}},{"type":"Feature","geometry":{"type":"Point","coordinates":[135.8596525,34.5992107]},"properties":{"z":114.6}},{"type":"Feature","geometry":{"type":"Point","coordinates":[135.8596945,34.5992393]},"properties":{"z":113.8}},{"type":"Feature","geometry":{"type":"Point","coordinates":[135.8597352,34.5992693]},"properties":{"z":113.8}},{"type":"Feature","geometry":{"type":"Point","coordinates":[135.8597737,34.599301]},"properties":{"z":114.8}},{"type":"Feature","geometry":{"type":"Point","coordinates":[135.8598087,34.5993356]},"properties":{"z":113.5}},{"type":"Feature","geometry":{"type":"Point","coordinates":[135.8598432,34.5993704]},"properties":{"z":113.5}},{"type":"Feature","geometry":{"type":"Point","coordinates":[135.8598769,34.5994058]},"properties":{"z":113.0}},{"type":"Feature","geometry":{"type":"Point","coordinates":[135.8599106,34.5994411]},"properties":{"z":113.0}},{"type":"Feature","geometry":{"type":"Point","coordinates":[135.8599462,34.5994752]},"properties":{"z":112.8}},{"type":"Feature","geometry":{"type":"Point","coordinates":[135.8599819,34.5995092]},"properties":{"z":112.8}},{"type":"Feature","geometry":{"type":"Point","coordinates":[135.8600176,34.5995433]},"properties":{"z":112.4}},{"type":"Feature","geometry":{"type":"Point","coordinates":[135.8600513,34.5995786]},"properties":{"z":113.4}},{"type":"Feature","geometry":{"type":"Point","coordinates":[135.860085,34.599614]},"properties":{"z":113.3}},{"type":"Feature","geometry":{"type":"Point","coordinates":[135.8601187,34.5996494]},"properties":{"z":114.3}},{"type":"Feature","geometry":{"type":"Point","coordinates":[135.8601535,34.599684]},"properties":{"z":113.6}},{"type":"Feature","geometry":{"type":"Point","coordinates":[135.8601887,34.5997184]},"properties":{"z":113.6}},{"type":"Feature","geometry":{"type":"Point","coordinates":[135.8602239,34.5997528]},"properties":{"z":114.3}},{"type":"Feature","geometry":{"type":"Point","coordinates":[135.8602595,34.5997868]},"properties":{"z":114.3}},{"type":"Feature","geometry":{"type":"Point","coordinates":[135.8602956,34.5998206]},"properties":{"z":115.3}},{"type":"Feature","geometry":{"type":"Point","coordinates":[135.8603316,34.5998544]},"properties":{"z":115.3}},{"type":"Feature","geometry":{"type":"Point","coordinates":[135.8603672,34.5998885]},"properties":{"z":116.0}},{"type":"Feature","geometry":{"type":"Point","coordinates":[135.8604019,34.5999232]},"properties":{"z":116.0}},{"type":"Feature","geometry":{"type":"Point","coordinates":[135.8604366,34.5999579]},"properties":{"z":115.1}},{"type":"Feature","geometry":{"type":"Point","coordinates":[135.8604712,34.5999926]},"properties":{"z":116.6}},{"type":"Feature","geometry":{"type":"Point","coordinates":[135.8605052,34.6000278]},"properties":{"z":115.6}},{"type":"Feature","geometry":{"type":"Point","coordinates":[135.8605392,34.600063]},"properties":{"z":116.9}},{"type":"Feature","geometry":{"type":"Point","coordinates":[135.8605736,34.6000979]},"properties":{"z":115.8}},{"type":"Feature","geometry":{"type":"Point","coordinates":[135.8606095,34.6001318]},"properties":{"z":115.8}},{"type":"Feature","geometry":{"type":"Point","coordinates":[135.8606454,34.6001657]},"properties":{"z":116.2}},{"type":"Feature","geometry":{"type":"Point","coordinates":[135.8606805,34.6002001]},"properties":{"z":116.2}},{"type":"Feature","geometry":{"type":"Point","coordinates":[135.8607152,34.6002348]},"properties":{"z":116.8}},{"type":"Feature","geometry":{"type":"Point","coordinates":[135.8607498,34.6002696]},"properties":{"z":116.8}},{"type":"Feature","geometry":{"type":"Point","coordinates":[135.8607843,34.6003045]},"properties":{"z":116.0}},{"type":"Feature","geometry":{"type":"Point","coordinates":[135.8608206,34.6003379]},"properties":{"z":117.0}},{"type":"Feature","geometry":{"type":"Point","coordinates":[135.8608579,34.6003709]},"properties":{"z":116.2}},{"type":"Feature","geometry":{"type":"Point","coordinates":[135.8608931,34.6004052]},"properties":{"z":117.3}},{"type":"Feature","geometry":{"type":"Point","coordinates":[135.8609277,34.60044]},"properties":{"z":116.5}},{"type":"Feature","geometry":{"type":"Point","coordinates":[135.8609615,34.6004753]},"properties":{"z":116.5}},{"type":"Feature","geometry":{"type":"Point","coordinates":[135.8609978,34.6005088]},"properties":{"z":116.7}},{"type":"Feature","geometry":{"type":"Point","coordinates":[135.8610345,34.6005421]},"properties":{"z":116.7}},{"type":"Feature","geometry":{"type":"Point","coordinates":[135.8610717,34.6005751]},"properties":{"z":116.7}},{"type":"Feature","geometry":{"type":"Point","coordinates":[135.8611097,34.6006073]},"properties":{"z":116.7}},{"type":"Feature","geometry":{"type":"Point","coordinates":[135.8611477,34.6006395]},"properties":{"z":117.8}},{"type":"Feature","geometry":{"type":"Point","coordinates":[135.8611817,34.6006747]},"properties":{"z":117.0}},{"type":"Feature","geometry":{"type":"Point","coordinates":[135.8612179,34.6007083]},"properties":{"z":117.0}},{"type":"Feature","geometry":{"type":"Point","coordinates":[135.861257,34.6007398]},"properties":{"z":117.6}},{"type":"Feature","geometry":{"type":"Point","coordinates":[135.8612936,34.6007731]},"properties":{"z":117.6}},{"type":"Feature","geometry":{"type":"Point","coordinates":[135.8613332,34.6008039]},"properties":{"z":119.2}},{"type":"Feature","geometry":{"type":"Point","coordinates":[135.8613753,34.6008324]},"properties":{"z":119.2}},{"type":"Feature","geometry":{"type":"Point","coordinates":[135.861419,34.6008595]},"properties":{"z":122.3}},{"type":"Feature","geometry":{"type":"Point","coordinates":[135.8614641,34.6008848]},"properties":{"z":122.3}},{"type":"Feature","geometry":{"type":"Point","coordinates":[135.8615108,34.600908]},"properties":{"z":124.8}},{"type":"Feature","geometry":{"type":"Point","coordinates":[135.8615583,34.6009302]},"properties":{"z":124.4}},{"type":"Feature","geometry":{"type":"Point","coordinates":[135.8616067,34.6009509]},"properties":{"z":126.2}},{"type":"Feature","geometry":{"type":"Point","coordinates":[135.861657,34.6009685]},"properties":{"z":127.6}},{"type":"Feature","geometry":{"type":"Point","coordinates":[135.8617066,34.6009873]},"properties":{"z":127.6}},{"type":"Feature","geometry":{"type":"Point","coordinates":[135.8617579,34.6010026]},"properties":{"z":126.3}},{"type":"Feature","geometry":{"type":"Point","coordinates":[135.8618087,34.6010191]},"properties":{"z":126.3}},{"type":"Feature","geometry":{"type":"Point","coordinates":[135.8618601,34.6010342]},"properties":{"z":127.1}},{"type":"Feature","geometry":{"type":"Point","coordinates":[135.8619127,34.6010463]},"properties":{"z":127.6}},{"type":"Feature","geometry":{"type":"Point","coordinates":[135.8619656,34.6010573]},"properties":{"z":127.6}},{"type":"Feature","geometry":{"type":"Point","coordinates":[135.8620192,34.6010662]},"properties":{"z":127.8}},{"type":"Feature","geometry":{"type":"Point","coordinates":[135.8620726,34.6010754]},"properties":{"z":125.9}},{"type":"Feature","geometry":{"type":"Point","coordinates":[135.8621261,34.6010844]},"properties":{"z":125.9}},{"type":"Feature","geometry":{"type":"Point","coordinates":[135.8621802,34.6010904]},"properties":{"z":126.1}},{"type":"Feature","geometry":{"type":"Point","coordinates":[135.8622345,34.6010947]},"properties":{"z":126.1}},{"type":"Feature","geometry":{"type":"Point","coordinates":[135.8622891,34.6010952]},"properties":{"z":126.5}},{"type":"Feature","geometry":{"type":"Point","coordinates":[135.8623434,34.6010934]},"properties":{"z":126.8}},{"type":"Feature","geometry":{"type":"Point","coordinates":[135.8623973,34.6011009]},"properties":{"z":126.8}},{"type":"Feature","geometry":{"type":"Point","coordinates":[135.8624516,34.6011032]},"properties":{"z":126.7}},{"type":"Feature","geometry":{"type":"Point","coordinates":[135.8625056,34.6010971]},"properties":{"z":126.7}},{"type":"Feature","geometry":{"type":"Point","coordinates":[135.8625597,34.6010937]},"properties":{"z":126.6}},{"type":"Feature","geometry":{"type":"Point","coordinates":[135.8626142,34.6010911]},"properties":{"z":126.5}},{"type":"Feature","geometry":{"type":"Point","coordinates":[135.8626688,34.6010892]},"properties":{"z":126.5}},{"type":"Feature","geometry":{"type":"Point","coordinates":[135.8627218,34.6010789]},"properties":{"z":126.2}},{"type":"Feature","geometry":{"type":"Point","coordinates":[135.8627751,34.6010689]},"properties":{"z":125.6}},{"type":"Feature","geometry":{"type":"Point","coordinates":[135.8628286,34.6010599]},"properties":{"z":126.9}},{"type":"Feature","geometry":{"type":"Point","coordinates":[135.8628817,34.6010497]},"properties":{"z":126.3}},{"type":"Feature","geometry":{"type":"Point","coordinates":[135.8629339,34.6010364]},"properties":{"z":126.3}},{"type":"Feature","geometry":{"type":"Point","coordinates":[135.8629855,34.6010217]},"properties":{"z":125.7}},{"type":"Feature","geometry":{"type":"Point","coordinates":[135.8630372,34.6010074]},"properties":{"z":125.2}},{"type":"Feature","geometry":{"type":"Point","coordinates":[135.8630888,34.6009926]},"properties":{"z":126.6}},{"type":"Feature","geometry":{"type":"Point","coordinates":[135.8631405,34.6009782]},"properties":{"z":126.5}},{"type":"Feature","geometry":{"type":"Point","coordinates":[135.8631923,34.600964]},"properties":{"z":126.5}},{"type":"Feature","geometry":{"type":"Point","coordinates":[135.8632438,34.600949]},"properties":{"z":126.3}},{"type":"Feature","geometry":{"type":"Point","coordinates":[135.8632954,34.6009341]},"properties":{"z":126.1}},{"type":"Feature","geometry":{"type":"Point","coordinates":[135.8633463,34.6009179]},"properties":{"z":127.1}},{"type":"Feature","geometry":{"type":"Point","coordinates":[135.8633978,34.6009029]},"properties":{"z":126.9}},{"type":"Feature","geometry":{"type":"Point","coordinates":[135.8634496,34.6008888]},"properties":{"z":126.9}},{"type":"Feature","geometry":{"type":"Point","coordinates":[135.8635015,34.6008748]},"properties":{"z":127.2}},{"type":"Feature","geometry":{"type":"Point","coordinates":[135.8635533,34.6008605]},"properties":{"z":127.4}},{"type":"Feature","geometry":{"type":"Point","coordinates":[135.8636059,34.6008483]},"properties":{"z":128.2}},{"type":"Feature","geometry":{"type":"Point","coordinates":[135.8636582,34.6008356]},"properties":{"z":128.5}},{"type":"Feature","geometry":{"type":"Point","coordinates":[135.8637117,34.6008272]},"properties":{"z":128.5}},{"type":"Feature","geometry":{"type":"Point","coordinates":[135.8637652,34.6008188]},"properties":{"z":128.7}},{"type":"Feature","geometry":{"type":"Point","coordinates":[135.8638186,34.6008092]},"properties":{"z":128.9}},{"type":"Feature","geometry":{"type":"Point","coordinates":[135.8638723,34.6008014]},"properties":{"z":128.9}},{"type":"Feature","geometry":{"type":"Point","coordinates":[135.8639263,34.6007943]},"properties":{"z":129.0}},{"type":"Feature","geometry":{"type":"Point","coordinates":[135.8639806,34.6007895]},"properties":{"z":129.3}},{"type":"Feature","geometry":{"type":"Point","coordinates":[135.8640351,34.6007871]},"properties":{"z":129.3}},{"type":"Feature","geometry":{"type":"Point","coordinates":[135.8640891,34.6007807]},"properties":{"z":130.0}},{"type":"Feature","geometry":{"type":"Point","coordinates":[135.8641437,34.600782]},"properties":{"z":130.2}},{"type":"Feature","geometry":{"type":"Point","coordinates":[135.8641982,34.600784]},"properties":{"z":130.2}},{"type":"Feature","geometry":{"type":"Point","coordinates":[135.8642525,34.6007863]},"properties":{"z":130.6}},{"type":"Feature","geometry":{"type":"Point","coordinates":[135.8642996,34.6008064]},"properties":{"z":130.6}},{"type":"Feature","geometry":{"type":"Point","coordinates":[135.8642749,34.6008331]},"properties":{"z":130.6}},{"type":"Feature","geometry":{"type":"Point","coordinates":[135.8642357,34.600861]},"properties":{"z":130.9}},{"type":"Feature","geometry":{"type":"Point","coordinates":[135.8641825,34.6008709]},"properties":{"z":130.4}},{"type":"Feature","geometry":{"type":"Point","coordinates":[135.8641306,34.6008847]},"properties":{"z":129.9}},{"type":"Feature","geometry":{"type":"Point","coordinates":[135.8640805,34.6009025]},"properties":{"z":129.9}},{"type":"Feature","geometry":{"type":"Point","coordinates":[135.8640302,34.60092]},"properties":{"z":129.4}},{"type":"Feature","geometry":{"type":"Point","coordinates":[135.8639798,34.6009373]},"properties":{"z":129.5}},{"type":"Feature","geometry":{"type":"Point","coordinates":[135.8639286,34.6009528]},"properties":{"z":128.8}},{"type":"Feature","geometry":{"type":"Point","coordinates":[135.8638774,34.6009686]},"properties":{"z":128.2}},{"type":"Feature","geometry":{"type":"Point","coordinates":[135.8638263,34.6009845]},"properties":{"z":128.2}},{"type":"Feature","geometry":{"type":"Point","coordinates":[135.863775,34.6009998]},"properties":{"z":128.0}},{"type":"Feature","geometry":{"type":"Point","coordinates":[135.8637232,34.601014]},"properties":{"z":128.0}},{"type":"Feature","geometry":{"type":"Point","coordinates":[135.863671,34.6010273]},"properties":{"z":127.5}},{"type":"Feature","geometry":{"type":"Point","coordinates":[135.8636185,34.6010395]},"properties":{"z":126.9}},{"type":"Feature","geometry":{"type":"Point","coordinates":[135.8635671,34.6010547]},"properties":{"z":126.9}},{"type":"Feature","geometry":{"type":"Point","coordinates":[135.863516,34.6010706]},"properties":{"z":126.6}},{"type":"Feature","geometry":{"type":"Point","coordinates":[135.863465,34.6010866]},"properties":{"z":126.6}},{"type":"Feature","geometry":{"type":"Point","coordinates":[135.8634133,34.601101]},"properties":{"z":126.0}},{"type":"Feature","geometry":{"type":"Point","coordinates":[135.8633609,34.6011136]},"properties":{"z":125.5}},{"type":"Feature","geometry":{"type":"Point","coordinates":[135.8633111,34.6011315]},"properties":{"z":125.5}},{"type":"Feature","geometry":{"type":"Point","coordinates":[135.8632627,34.6011524]},"properties":{"z":125.5}},{"type":"Feature","geometry":{"type":"Point","coordinates":[135.8632183,34.6011783]},"properties":{"z":125.5}},{"type":"Feature","geometry":{"type":"Point","coordinates":[135.863175,34.6012058]},"properties":{"z":124.9}},{"type":"Feature","geometry":{"type":"Point","coordinates":[135.8631386,34.6012392]},"properties":{"z":125.5}},{"type":"Feature","geometry":{"type":"Point","coordinates":[135.8631027,34.6012731]},"properties":{"z":124.3}},{"type":"Feature","geometry":{"type":"Point","coordinates":[135.8630732,34.6013109]},"properties":{"z":124.8}},{"type":"Feature","geometry":{"type":"Point","coordinates":[135.8630455,34.6013495]},"properties":{"z":124.8}},{"type":"Feature","geometry":{"type":"Point","coordinates":[135.8630209,34.6013897]},"properties":{"z":124.0}},{"type":"Feature","geometry":{"type":"Point","coordinates":[135.8630018,34.6014317]},"properties":{"z":124.8}},{"type":"Feature","geometry":{"type":"Point","coordinates":[135.8629835,34.6014741]},"properties":{"z":124.8}},{"type":"Feature","geometry":{"type":"Point","coordinates":[135.8629627,34.6015157]},"properties":{"z":125.8}},{"type":"Feature","geometry":{"type":"Point","coordinates":[135.8629408,34.6015568]},"properties":{"z":124.3}},{"type":"Feature","geometry":{"type":"Point","coordinates":[135.862915,34.6015964]},"properties":{"z":125.3}},{"type":"Feature","geometry":{"type":"Point","coordinates":[135.8628841,34.6016332]},"properties":{"z":125.3}},{"type":"Feature","geometry":{"type":"Point","coordinates":[135.8628492,34.6016678]},"properties":{"z":124.0}},{"type":"Feature","geometry":{"type":"Point","coordinates":[135.8628055,34.6016942]},"properties":{"z":124.0}},{"type":"Feature","geometry":{"type":"Point","coordinates":[135.8627593,34.6017181]},"properties":{"z":123.0}},{"type":"Feature","geometry":{"type":"Point","coordinates":[135.8627117,34.6017402]},"properties":{"z":123.0}},{"type":"Feature","geometry":{"type":"Point","coordinates":[135.8626622,34.6017587]},"properties":{"z":121.9}},{"type":"Feature","geometry":{"type":"Point","coordinates":[135.8626107,34.6017737]},"properties":{"z":121.9}},{"type":"Feature","geometry":{"type":"Point","coordinates":[135.8625577,34.6017819]},"properties":{"z":123.9}},{"type":"Feature","geometry":{"type":"Point","coordinates":[135.8625031,34.6017831]},"properties":{"z":123.6}},{"type":"Feature","geometry":{"type":"Point","coordinates":[135.8624485,34.601784]},"properties":{"z":123.6}},{"type":"Feature","geometry":{"type":"Point","coordinates":[135.8623944,34.6017779]},"properties":{"z":123.7}},{"type":"Feature","geometry":{"type":"Point","coordinates":[135.8623403,34.6017718]},"properties":{"z":121.1}},{"type":"Feature","geometry":{"type":"Point","coordinates":[135.8622874,34.6017612]},"properties":{"z":121.1}},{"type":"Feature","geometry":{"type":"Point","coordinates":[135.862235,34.6017484]},"properties":{"z":121.8}},{"type":"Feature","geometry":{"type":"Point","coordinates":[135.8621828,34.6017353]},"properties":{"z":121.8}},{"type":"Feature","geometry":{"type":"Point","coordinates":[135.862131,34.601721]},"properties":{"z":122.8}},{"type":"Feature","geometry":{"type":"Point","coordinates":[135.8620793,34.6017066]},"properties":{"z":123.9}},{"type":"Feature","geometry":{"type":"Point","coordinates":[135.8620283,34.6016905]},"properties":{"z":121.7}},{"type":"Feature","geometry":{"type":"Point","coordinates":[135.8619773,34.6016744]},"properties":{"z":122.7}},{"type":"Feature","geometry":{"type":"Point","coordinates":[135.8619338,34.6016474]},"properties":{"z":122.7}},{"type":"Feature","geometry":{"type":"Point","coordinates":[135.8618907,34.6016198]},"properties":{"z":119.8}},{"type":"Feature","geometry":{"type":"Point","coordinates":[135.8618476,34.6015921]},"properties":{"z":119.8}},{"type":"Feature","geometry":{"type":"Point","coordinates":[135.8618046,34.6015645]},"properties":{"z":119.2}},{"type":"Feature","geometry":{"type":"Point","coordinates":[135.8617616,34.6015367]},"properties":{"z":118.3}},{"type":"Feature","geometry":{"type":"Point","coordinates":[135.861719,34.6015086]},"properties":{"z":118.4}},{"type":"Feature","geometry":{"type":"Point","coordinates":[135.8616764,34.6014805]},"properties":{"z":117.7}},{"type":"Feature","geometry":{"type":"Point","coordinates":[135.8616353,34.6014509]},"properties":{"z":118.0}},{"type":"Feature","geometry":{"type":"Point","coordinates":[135.8615942,34.6014213]},"properties":{"z":117.3}},{"type":"Feature","geometry":{"type":"Point","coordinates":[135.8615512,34.6013935]},"properties":{"z":117.6}},{"type":"Feature","geometry":{"type":"Point","coordinates":[135.861508,34.6013661]},"properties":{"z":117.6}},{"type":"Feature","geometry":{"type":"Point","coordinates":[135.8614646,34.6013388]},"properties":{"z":117.0}},{"type":"Feature","geometry":{"type":"Point","coordinates":[135.8614212,34.6013115]},"properties":{"z":117.0}},{"type":"Feature","geometry":{"type":"Point","coordinates":[135.8613782,34.6012839]},"properties":{"z":117.3}},{"type":"Feature","geometry":{"type":"Point","coordinates":[135.8613363,34.601255]},"properties":{"z":116.5}},{"type":"Feature","geometry":{"type":"Point","coordinates":[135.8612944,34.6012262]},"properties":{"z":116.9}},{"type":"Feature","geometry":{"type":"Point","coordinates":[135.8612527,34.6011971]},"properties":{"z":116.0}},{"type":"Feature","geometry":{"type":"Point","coordinates":[135.8612112,34.601168]},"properties":{"z":116.3}},{"type":"Feature","geometry":{"type":"Point","coordinates":[135.8611696,34.6011388]},"properties":{"z":115.4}},{"type":"Feature","geometry":{"type":"Point","coordinates":[135.8611288,34.6011089]},"properties":{"z":115.7}},{"type":"Feature","geometry":{"type":"Point","coordinates":[135.8610883,34.6010787]},"properties":{"z":115.7}},{"type":"Feature","geometry":{"type":"Point","coordinates":[135.8610478,34.6010486]},"properties":{"z":115.2}},{"type":"Feature","geometry":{"type":"Point","coordinates":[135.8610063,34.6010194]},"properties":{"z":115.2}},{"type":"Feature","geometry":{"type":"Point","coordinates":[135.8609644,34.6009906]},"properties":{"z":114.7}},{"type":"Feature","geometry":{"type":"Point","coordinates":[135.8609226,34.6009617]},"properties":{"z":114.7}},{"type":"Feature","geometry":{"type":"Point","coordinates":[135.8608806,34.6009329]},"properties":{"z":115.0}},{"type":"Feature","geometry":{"type":"Point","coordinates":[135.8608386,34.6009042]},"properties":{"z":114.2}},{"type":"Feature","geometry":{"type":"Point","coordinates":[135.8607965,34.6008755]},"properties":{"z":114.2}},{"type":"Feature","geometry":{"type":"Point","coordinates":[135.8607545,34.6008468]},"properties":{"z":113.7}},{"type":"Feature","geometry":{"type":"Point","coordinates":[135.8607125,34.6008181]},"properties":{"z":113.7}},{"type":"Feature","geometry":{"type":"Point","coordinates":[135.8606704,34.6007894]},"properties":{"z":114.1}},{"type":"Feature","geometry":{"type":"Point","coordinates":[135.8606282,34.6007609]},"properties":{"z":113.3}},{"type":"Feature","geometry":{"type":"Point","coordinates":[135.8605859,34.6007325]},"properties":{"z":113.8}},{"type":"Feature","geometry":{"type":"Point","coordinates":[135.8605436,34.6007041]},"properties":{"z":112.9}},{"type":"Feature","geometry":{"type":"Point","coordinates":[135.8605011,34.6006758]},"properties":{"z":113.4}},{"type":"Feature","geometry":{"type":"Point","coordinates":[135.8604584,34.6006478]},"properties":{"z":113.4}},{"type":"Feature","geometry":{"type":"Point","coordinates":[135.8604158,34.6006197]},"properties":{"z":112.9}},{"type":"Feature","geometry":{"type":"Point","coordinates":[135.8603734,34.6005913]},"properties":{"z":112.9}},{"type":"Feature","geometry":{"type":"Point","coordinates":[135.8603314,34.6005626]},"properties":{"z":112.3}},{"type":"Feature","geometry":{"type":"Point","coordinates":[135.8602894,34.6005339]},"properties":{"z":112.3}},{"type":"Feature","geometry":{"type":"Point","coordinates":[135.8602466,34.600506]},"properties":{"z":112.8}},{"type":"Feature","geometry":{"type":"Point","coordinates":[135.8602027,34.6004793]},"properties":{"z":111.7}},{"type":"Feature","geometry":{"type":"Point","coordinates":[135.8601587,34.6004527]},"properties":{"z":112.1}},{"type":"Feature","geometry":{"type":"Point","coordinates":[135.8601147,34.6004261]},"properties":{"z":111.1}},{"type":"Feature","geometry":{"type":"Point","coordinates":[135.8600706,34.6003994]},"properties":{"z":111.7}},{"type":"Feature","geometry":{"type":"Point","coordinates":[135.8600266,34.6003728]},"properties":{"z":111.7}},{"type":"Feature","geometry":{"type":"Point","coordinates":[135.8599824,34.6003464]},"properties":{"z":111.8}},{"type":"Feature","geometry":{"type":"Point","coordinates":[135.859938,34.6003203]},"properties":{"z":111.8}},{"type":"Feature","geometry":{"type":"Point","coordinates":[135.8598935,34.6002942]},"properties":{"z":112.6}},{"type":"Feature","geometry":{"type":"Point","coordinates":[135.8598489,34.6002684]},"properties":{"z":112.5}},{"type":"Feature","geometry":{"type":"Point","coordinates":[135.8598039,34.6002428]},"properties":{"z":112.5}},{"type":"Feature","geometry":{"type":"Point","coordinates":[135.859759,34.6002172]},"properties":{"z":112.3}},{"type":"Feature","geometry":{"type":"Point","coordinates":[135.8597137,34.6001921]},"properties":{"z":112.3}},{"type":"Feature","geometry":{"type":"Point","coordinates":[135.8596683,34.6001672]},"properties":{"z":112.9}},{"type":"Feature","geometry":{"type":"Point","coordinates":[135.8596228,34.6001423]},"properties":{"z":112.3}},{"type":"Feature","geometry":{"type":"Point","coordinates":[135.8595755,34.6001198]},"properties":{"z":112.8}},{"type":"Feature","geometry":{"type":"Point","coordinates":[135.8595278,34.6000981]},"properties":{"z":112.8}},{"type":"Feature","geometry":{"type":"Point","coordinates":[135.85948,34.6000762]},"properties":{"z":112.7}},{"type":"Feature","geometry":{"type":"Point","coordinates":[135.8594324,34.6000542]},"properties":{"z":112.7}},{"type":"Feature","geometry":{"type":"Point","coordinates":[135.8593849,34.6000321]},"properties":{"z":113.3}},{"type":"Feature","geometry":{"type":"Point","coordinates":[135.8593368,34.6000107]},"properties":{"z":114.0}},{"type":"Feature","geometry":{"type":"Point","coordinates":[135.8592876,34.5999912]},"properties":{"z":113.2}},{"type":"Feature","geometry":{"type":"Point","coordinates":[135.8592384,34.5999718]},"properties":{"z":113.5}},{"type":"Feature","geometry":{"type":"Point","coordinates":[135.8591882,34.5999542]},"properties":{"z":113.5}},{"type":"Feature","geometry":{"type":"Point","coordinates":[135.8591374,34.5999376]},"properties":{"z":112.4}},{"type":"Feature","geometry":{"type":"Point","coordinates":[135.8590866,34.5999211]},"properties":{"z":112.4}},{"type":"Feature","geometry":{"type":"Point","coordinates":[135.8590346,34.5999074]},"properties":{"z":111.6}},{"type":"Feature","geometry":{"type":"Point","coordinates":[135.8589826,34.5998937]},"properties":{"z":110.8}},{"type":"Feature","geometry":{"type":"Point","coordinates":[135.8589308,34.5998795]},"properties":{"z":110.8}},{"type":"Feature","geometry":{"type":"Point","coordinates":[135.8588792,34.5998648]},"properties":{"z":108.6}},{"type":"Feature","geometry":{"type":"Point","coordinates":[135.8588275,34.5998504]},"properties":{"z":108.6}},{"type":"Feature","geometry":{"type":"Point","coordinates":[135.8587746,34.5998392]},"properties":{"z":107.4}},{"type":"Feature","geometry":{"type":"Point","coordinates":[135.8587217,34.599828]},"properties":{"z":106.5}},{"type":"Feature","geometry":{"type":"Point","coordinates":[135.8586684,34.5998186]},"properties":{"z":106.5}},{"type":"Feature","geometry":{"type":"Point","coordinates":[135.8586143,34.5998122]},"properties":{"z":105.6}},{"type":"Feature","geometry":{"type":"Point","coordinates":[135.8585602,34.5998059]},"properties":{"z":105.3}},{"type":"Feature","geometry":{"type":"Point","coordinates":[135.8585057,34.5998052]},"properties":{"z":105.3}},{"type":"Feature","geometry":{"type":"Point","coordinates":[135.8584511,34.5998052]},"properties":{"z":105.3}},{"type":"Feature","geometry":{"type":"Point","coordinates":[135.8583965,34.5998035]},"properties":{"z":105.3}},{"type":"Feature","geometry":{"type":"Point","coordinates":[135.858342,34.5998008]},"properties":{"z":105.3}},{"type":"Feature","geometry":{"type":"Point","coordinates":[135.8582875,34.5997983]},"properties":{"z":105.3}},{"type":"Feature","geometry":{"type":"Point","coordinates":[135.8582329,34.5997973]},"properties":{"z":105.3}},{"type":"Feature","geometry":{"type":"Point","coordinates":[135.8581783,34.5997963]},"properties":{"z":104.2}},{"type":"Feature","geometry":{"type":"Point","coordinates":[135.8581241,34.5997921]},"properties":{"z":104.3}},{"type":"Feature","geometry":{"type":"Point","coordinates":[135.8580701,34.599785]},"properties":{"z":104.3}},{"type":"Feature","geometry":{"type":"Point","coordinates":[135.8580162,34.5997779]},"properties":{"z":104.6}},{"type":"Feature","geometry":{"type":"Point","coordinates":[135.8579686,34.5997563]},"properties":{"z":104.6}},{"type":"Feature","geometry":{"type":"Point","coordinates":[135.8579214,34.5997336]},"properties":{"z":105.2}},{"type":"Feature","geometry":{"type":"Point","coordinates":[135.8578768,34.5997081]},"properties":{"z":104.6}},{"type":"Feature","geometry":{"type":"Point","coordinates":[135.8578359,34.5996783]},"properties":{"z":104.6}},{"type":"Feature","geometry":{"type":"Point","coordinates":[135.857795,34.5996485]},"properties":{"z":103.4}},{"type":"Feature","geometry":{"type":"Point","coordinates":[135.8577566,34.5996166]},"properties":{"z":104.6}},{"type":"Feature","geometry":{"type":"Point","coordinates":[135.8577188,34.5995841]},"properties":{"z":103.6}},{"type":"Feature","geometry":{"type":"Point","coordinates":[135.8576796,34.599553]},"properties":{"z":104.5}},{"type":"Feature","geometry":{"type":"Point","coordinates":[135.8576362,34.5995257]},"properties":{"z":104.5}},{"type":"Feature","geometry":{"type":"Point","coordinates":[135.8575928,34.5994984]},"properties":{"z":103.5}},{"type":"Feature","geometry":{"type":"Point","coordinates":[135.8575485,34.5994721]},"properties":{"z":103.5}},{"type":"Feature","geometry":{"type":"Point","coordinates":[135.8575038,34.5994463]},"properties":{"z":103.7}},{"type":"Feature","geometry":{"type":"Point","coordinates":[135.8574586,34.5994212]},"properties":{"z":102.6}},{"type":"Feature","geometry":{"type":"Point","coordinates":[135.8574098,34.5994011]},"properties":{"z":103.2}},{"type":"Feature","geometry":{"type":"Point","coordinates":[135.8573609,34.599381]},"properties":{"z":103.8}},{"type":"Feature","geometry":{"type":"Point","coordinates":[135.8573116,34.5993617]},"properties":{"z":102.7}},{"type":"Feature","geometry":{"type":"Point","coordinates":[135.8572611,34.5993451]},"properties":{"z":103.2}},{"type":"Feature","geometry":{"type":"Point","coordinates":[135.8572073,34.5993372]},"properties":{"z":103.2}},{"type":"Feature","geometry":{"type":"Point","coordinates":[135.8571536,34.5993293]},"properties":{"z":103.7}},{"type":"Feature","geometry":{"type":"Point","coordinates":[135.8570998,34.5993214]},"properties":{"z":104.1}},{"type":"Feature","geometry":{"type":"Point","coordinates":[135.8570459,34.599318]},"properties":{"z":104.1}},{"type":"Feature","geometry":{"type":"Point","coordinates":[135.8569917,34.5993237]},"properties":{"z":104.2}},{"type":"Feature","geometry":{"type":"Point","coordinates":[135.8569376,34.5993293]},"properties":{"z":104.2}},{"type":"Feature","geometry":{"type":"Point","coordinates":[135.8568868,34.5993452]},"properties":{"z":104.2}},{"type":"Feature","geometry":{"type":"Point","coordinates":[135.8568367,34.5993631]},"properties":{"z":104.2}},{"type":"Feature","geometry":{"type":"Point","coordinates":[135.856788,34.5993829]},"properties":{"z":105.3}},{"type":"Feature","geometry":{"type":"Point","coordinates":[135.8567434,34.5994089]},"properties":{"z":105.3}},{"type":"Feature","geometry":{"type":"Point","coordinates":[135.8566988,34.5994348]},"properties":{"z":105.3}},{"type":"Feature","geometry":{"type":"Point","coordinates":[135.8566521,34.599458]},"properties":{"z":106.1}},{"type":"Feature","geometry":{"type":"Point","coordinates":[135.8566036,34.5994785]},"properties":{"z":106.1}},{"type":"Feature","geometry":{"type":"Point","coordinates":[135.856555,34.5994991]},"properties":{"z":106.1}},{"type":"Feature","geometry":{"type":"Point","coordinates":[135.8565059,34.5995187]},"properties":{"z":106.9}},{"type":"Feature","geometry":{"type":"Point","coordinates":[135.8564566,34.5995381]},"properties":{"z":106.9}},{"type":"Feature","geometry":{"type":"Point","coordinates":[135.8564073,34.5995575]},"properties":{"z":107.0}},{"type":"Feature","geometry":{"type":"Point","coordinates":[135.8563583,34.5995773]},"properties":{"z":107.0}},{"type":"Feature","geometry":{"type":"Point","coordinates":[135.8563092,34.5995971]},"properties":{"z":107.0}},{"type":"Feature","geometry":{"type":"Point","coordinates":[135.8562588,34.5996136]},"properties":{"z":107.0}},{"type":"Feature","geometry":{"type":"Point","coordinates":[135.8562055,34.5996232]},"properties":{"z":106.7}},{"type":"Feature","geometry":{"type":"Point","coordinates":[135.8561521,34.5996329]},"properties":{"z":106.4}},{"type":"Feature","geometry":{"type":"Point","coordinates":[135.8560981,34.599639]},"properties":{"z":106.4}},{"type":"Feature","geometry":{"type":"Point","coordinates":[135.8560438,34.599644]},"properties":{"z":106.1}},{"type":"Feature","geometry":{"type":"Point","coordinates":[135.8559896,34.5996495]},"properties":{"z":106.1}},{"type":"Feature","geometry":{"type":"Point","coordinates":[135.8559358,34.599657]},"properties":{"z":106.3}},{"type":"Feature","geometry":{"type":"Point","coordinates":[135.8558819,34.5996645]},"properties":{"z":105.8}},{"type":"Feature","geometry":{"type":"Point","coordinates":[135.855828,34.5996715]},"properties":{"z":105.8}},{"type":"Feature","geometry":{"type":"Point","coordinates":[135.855774,34.5996783]},"properties":{"z":105.3}},{"type":"Feature","geometry":{"type":"Point","coordinates":[135.8557199,34.5996839]},"properties":{"z":104.7}},{"type":"Feature","geometry":{"type":"Point","coordinates":[135.8556654,34.5996874]},"properties":{"z":104.7}},{"type":"Feature","geometry":{"type":"Point","coordinates":[135.855611,34.599691]},"properties":{"z":104.2}},{"type":"Feature","geometry":{"type":"Point","coordinates":[135.8555568,34.5996967]},"properties":{"z":103.6}},{"type":"Feature","geometry":{"type":"Point","coordinates":[135.8555027,34.5997024]},"properties":{"z":103.6}},{"type":"Feature","geometry":{"type":"Point","coordinates":[135.8554486,34.599709]},"properties":{"z":103.1}},{"type":"Feature","geometry":{"type":"Point","coordinates":[135.8553947,34.5997159]},"properties":{"z":103.1}},{"type":"Feature","geometry":{"type":"Point","coordinates":[135.8553408,34.5997232]},"properties":{"z":102.7}},{"type":"Feature","geometry":{"type":"Point","coordinates":[135.855287,34.599731]},"properties":{"z":103.0}},{"type":"Feature","geometry":{"type":"Point","coordinates":[135.8552331,34.5997381]},"properties":{"z":103.0}},{"type":"Feature","geometry":{"type":"Point","coordinates":[135.8551787,34.5997422]},"properties":{"z":102.5}},{"type":"Feature","geometry":{"type":"Point","coordinates":[135.8551243,34.5997462]},"properties":{"z":101.7}},{"type":"Feature","geometry":{"type":"Point","coordinates":[135.8550709,34.5997553]},"properties":{"z":101.7}},{"type":"Feature","geometry":{"type":"Point","coordinates":[135.8550174,34.5997646]},"properties":{"z":100.9}},{"type":"Feature","geometry":{"type":"Point","coordinates":[135.8549633,34.59977]},"properties":{"z":100.9}},{"type":"Feature","geometry":{"type":"Point","coordinates":[135.854909,34.5997746]},"properties":{"z":100.1}},{"type":"Feature","geometry":{"type":"Point","coordinates":[135.8548544,34.599777]},"properties":{"z":99.2}},{"type":"Feature","geometry":{"type":"Point","coordinates":[135.8547999,34.5997784]},"properties":{"z":99.2}},{"type":"Feature","geometry":{"type":"Point","coordinates":[135.8547455,34.5997823]},"properties":{"z":98.7}},{"type":"Feature","geometry":{"type":"Point","coordinates":[135.8546914,34.5997882]},"properties":{"z":98.5}},{"type":"Feature","geometry":{"type":"Point","coordinates":[135.8546372,34.5997939]},"properties":{"z":98.5}},{"type":"Feature","geometry":{"type":"Point","coordinates":[135.854583,34.5997996]},"properties":{"z":99.3}},{"type":"Feature","geometry":{"type":"Point","coordinates":[135.8545289,34.5998055]},"properties":{"z":99.1}},{"type":"Feature","geometry":{"type":"Point","coordinates":[135.854475,34.5998128]},"properties":{"z":99.1}},{"type":"Feature","geometry":{"type":"Point","coordinates":[135.8544211,34.5998201]},"properties":{"z":98.6}},{"type":"Feature","geometry":{"type":"Point","coordinates":[135.8543671,34.5998264]},"properties":{"z":98.6}},{"type":"Feature","geometry":{"type":"Point","coordinates":[135.854313,34.5998325]},"properties":{"z":98.2}},{"type":"Feature","geometry":{"type":"Point","coordinates":[135.8542588,34.5998384]},"properties":{"z":97.6}},{"type":"Feature","geometry":{"type":"Point","coordinates":[135.8542047,34.5998442]},"properties":{"z":97.6}},{"type":"Feature","geometry":{"type":"Point","coordinates":[135.8541505,34.5998499]},"properties":{"z":96.9}},{"type":"Feature","geometry":{"type":"Point","coordinates":[135.8540962,34.5998544]},"properties":{"z":95.9}},{"type":"Feature","geometry":{"type":"Point","coordinates":[135.8540418,34.5998589]},"properties":{"z":95.9}},{"type":"Feature","geometry":{"type":"Point","coordinates":[135.8539875,34.5998635]},"properties":{"z":95.0}},{"type":"Feature","geometry":{"type":"Point","coordinates":[135.8539332,34.599868]},"properties":{"z":95.6}},{"type":"Feature","geometry":{"type":"Point","coordinates":[135.8538788,34.5998722]},"properties":{"z":94.8}},{"type":"Feature","geometry":{"type":"Point","coordinates":[135.8538244,34.5998761]},"properties":{"z":94.1}},{"type":"Feature","geometry":{"type":"Point","coordinates":[135.8537699,34.5998792]},"properties":{"z":94.1}},{"type":"Feature","geometry":{"type":"Point","coordinates":[135.8537154,34.5998823]},"properties":{"z":93.4}},{"type":"Feature","geometry":{"type":"Point","coordinates":[135.853661,34.5998853]},"properties":{"z":92.7}},{"type":"Feature","geometry":{"type":"Point","coordinates":[135.8536065,34.5998882]},"properties":{"z":92.7}},{"type":"Feature","geometry":{"type":"Point","coordinates":[135.8535519,34.5998895]},"properties":{"z":92.1}},{"type":"Feature","geometry":{"type":"Point","coordinates":[135.8534973,34.5998907]},"properties":{"z":91.7}},{"type":"Feature","geometry":{"type":"Point","coordinates":[135.8534431,34.5998954]},"properties":{"z":91.7}},{"type":"Feature","geometry":{"type":"Point","coordinates":[135.853389,34.5999019]},"properties":{"z":91.6}},{"type":"Feature","geometry":{"type":"Point","coordinates":[135.8533351,34.5999091]},"properties":{"z":91.6}},{"type":"Feature","geometry":{"type":"Point","coordinates":[135.8532816,34.5999179]},"properties":{"z":91.6}},{"type":"Feature","geometry":{"type":"Point","coordinates":[135.8532292,34.5999294]},"properties":{"z":91.5}},{"type":"Feature","geometry":{"type":"Point","coordinates":[135.8531807,34.5999501]},"properties":{"z":91.9}},{"type":"Feature","geometry":{"type":"Point","coordinates":[135.8531322,34.5999708]},"properties":{"z":91.9}},{"type":"Feature","geometry":{"type":"Point","coordinates":[135.8530839,34.5999918]},"properties":{"z":91.9}},{"type":"Feature","geometry":{"type":"Point","coordinates":[135.8530345,34.6000106]},"properties":{"z":92.3}},{"type":"Feature","geometry":{"type":"Point","coordinates":[135.8529825,34.6000244]},"properties":{"z":92.5}},{"type":"Feature","geometry":{"type":"Point","coordinates":[135.8529303,34.6000375]},"properties":{"z":92.5}},{"type":"Feature","geometry":{"type":"Point","coordinates":[135.8528779,34.6000502]},"properties":{"z":92.4}},{"type":"Feature","geometry":{"type":"Point","coordinates":[135.8528248,34.6000603]},"properties":{"z":92.4}},{"type":"Feature","geometry":{"type":"Point","coordinates":[135.8527711,34.6000684]},"properties":{"z":92.3}},{"type":"Feature","geometry":{"type":"Point","coordinates":[135.8527168,34.6000733]},"properties":{"z":92.3}},{"type":"Feature","geometry":{"type":"Point","coordinates":[135.8526624,34.6000772]},"properties":{"z":92.3}},{"type":"Feature","geometry":{"type":"Point","coordinates":[135.8526083,34.600083]},"properties":{"z":92.7}},{"type":"Feature","geometry":{"type":"Point","coordinates":[135.8525541,34.6000889]},"properties":{"z":92.8}},{"type":"Feature","geometry":{"type":"Point","coordinates":[135.8525003,34.6000963]},"properties":{"z":92.8}},{"type":"Feature","geometry":{"type":"Point","coordinates":[135.8524462,34.6001023]},"properties":{"z":92.9}},{"type":"Feature","geometry":{"type":"Point","coordinates":[135.8523917,34.6001051]},"properties":{"z":92.9}},{"type":"Feature","geometry":{"type":"Point","coordinates":[135.8523375,34.6001101]},"properties":{"z":92.9}},{"type":"Feature","geometry":{"type":"Point","coordinates":[135.8522833,34.6001156]},"properties":{"z":92.9}},{"type":"Feature","geometry":{"type":"Point","coordinates":[135.8522291,34.6001213]},"properties":{"z":92.9}},{"type":"Feature","geometry":{"type":"Point","coordinates":[135.8521748,34.600126]},"properties":{"z":93.0}},{"type":"Feature","geometry":{"type":"Point","coordinates":[135.8521203,34.6001296]},"properties":{"z":93.1}},{"type":"Feature","geometry":{"type":"Point","coordinates":[135.8520658,34.6001295]},"properties":{"z":93.1}},{"type":"Feature","geometry":{"type":"Point","coordinates":[135.8520112,34.6001282]},"properties":{"z":93.0}},{"type":"Feature","geometry":{"type":"Point","coordinates":[135.8519567,34.6001302]},"properties":{"z":93.0}},{"type":"Feature","geometry":{"type":"Point","coordinates":[135.8519022,34.6001329]},"properties":{"z":92.7}},{"type":"Feature","geometry":{"type":"Point","coordinates":[135.8518481,34.6001393]},"properties":{"z":92.3}},{"type":"Feature","geometry":{"type":"Point","coordinates":[135.8517942,34.6001462]},"properties":{"z":92.3}},{"type":"Feature","geometry":{"type":"Point","coordinates":[135.8517417,34.6001587]},"properties":{"z":91.9}},{"type":"Feature","geometry":{"type":"Point","coordinates":[135.8516894,34.6001715]},"properties":{"z":91.6}},{"type":"Feature","geometry":{"type":"Point","coordinates":[135.8516374,34.6001853]},"properties":{"z":91.6}},{"type":"Feature","geometry":{"type":"Point","coordinates":[135.8515854,34.6001991]},"properties":{"z":91.2}},{"type":"Feature","geometry":{"type":"Point","coordinates":[135.8515335,34.6002129]},"properties":{"z":91.2}},{"type":"Feature","geometry":{"type":"Point","coordinates":[135.8514814,34.6002266]},"properties":{"z":90.7}},{"type":"Feature","geometry":{"type":"Point","coordinates":[135.8514294,34.6002403]},"properties":{"z":90.4}},{"type":"Feature","geometry":{"type":"Point","coordinates":[135.8513773,34.6002536]},"properties":{"z":90.4}},{"type":"Feature","geometry":{"type":"Point","coordinates":[135.8513251,34.6002668]},"properties":{"z":90.0}},{"type":"Feature","geometry":{"type":"Point","coordinates":[135.8512764,34.6002872]},"properties":{"z":90.0}},{"type":"Feature","geometry":{"type":"Point","coordinates":[135.8512257,34.6003034]},"properties":{"z":89.4}},{"type":"Feature","geometry":{"type":"Point","coordinates":[135.8511727,34.6003139]},"properties":{"z":88.9}},{"type":"Feature","geometry":{"type":"Point","coordinates":[135.8511188,34.6003208]},"properties":{"z":88.9}},{"type":"Feature","geometry":{"type":"Point","coordinates":[135.8510645,34.6003257]},"properties":{"z":88.3}},{"type":"Feature","geometry":{"type":"Point","coordinates":[135.8510103,34.6003313]},"properties":{"z":87.7}},{"type":"Feature","geometry":{"type":"Point","coordinates":[135.8509561,34.6003365]},"properties":{"z":87.7}},{"type":"Feature","geometry":{"type":"Point","coordinates":[135.8509017,34.6003408]},"properties":{"z":87.2}},{"type":"Feature","geometry":{"type":"Point","coordinates":[135.8508473,34.600344]},"properties":{"z":87.2}},{"type":"Feature","geometry":{"type":"Point","coordinates":[135.8507927,34.6003455]},"properties":{"z":86.7}},{"type":"Feature","geometry":{"type":"Point","coordinates":[135.8507381,34.6003464]},"properties":{"z":86.2}},{"type":"Feature","geometry":{"type":"Point","coordinates":[135.8506835,34.6003454]},"properties":{"z":86.2}},{"type":"Feature","geometry":{"type":"Point","coordinates":[135.850629,34.6003451]},"properties":{"z":85.6}},{"type":"Feature","geometry":{"type":"Point","coordinates":[135.8505754,34.6003535]},"properties":{"z":85.2}},{"type":"Feature","geometry":{"type":"Point","coordinates":[135.8505217,34.600362]},"properties":{"z":85.2}},{"type":"Feature","geometry":{"type":"Point","coordinates":[135.8504681,34.6003706]},"properties":{"z":85.2}},{"type":"Feature","geometry":{"type":"Point","coordinates":[135.8504143,34.6003783]},"properties":{"z":85.2}},{"type":"Feature","geometry":{"type":"Point","coordinates":[135.8503605,34.6003858]},"properties":{"z":84.9}},{"type":"Feature","geometry":{"type":"Point","coordinates":[135.8503066,34.6003933]},"properties":{"z":84.6}},{"type":"Feature","geometry":{"type":"Point","coordinates":[135.8502526,34.6003996]},"properties":{"z":84.6}},{"type":"Feature","geometry":{"type":"Point","coordinates":[135.8501983,34.6004046]},"properties":{"z":84.2}},{"type":"Feature","geometry":{"type":"Point","coordinates":[135.8501439,34.6004068]},"properties":{"z":83.9}},{"type":"Feature","geometry":{"type":"Point","coordinates":[135.8500894,34.6004047]},"properties":{"z":83.9}},{"type":"Feature","geometry":{"type":"Point","coordinates":[135.8500358,34.6003979]},"properties":{"z":83.6}},{"type":"Feature","geometry":{"type":"Point","coordinates":[135.8499834,34.6003851]},"properties":{"z":83.6}},{"type":"Feature","geometry":{"type":"Point","coordinates":[135.8499313,34.6003718]},"properties":{"z":83.4}},{"type":"Feature","geometry":{"type":"Point","coordinates":[135.8498797,34.6003571]},"properties":{"z":82.9}},{"type":"Feature","geometry":{"type":"Point","coordinates":[135.8498283,34.6003418]},"properties":{"z":82.9}},{"type":"Feature","geometry":{"type":"Point","coordinates":[135.8497778,34.6003248]},"properties":{"z":82.6}},{"type":"Feature","geometry":{"type":"Point","coordinates":[135.8497273,34.6003076]},"properties":{"z":82.6}},{"type":"Feature","geometry":{"type":"Point","coordinates":[135.849677,34.6002902]},"properties":{"z":82.3}},{"type":"Feature","geometry":{"type":"Point","coordinates":[135.8496253,34.6002785]},"properties":{"z":82.3}},{"type":"Feature","geometry":{"type":"Point","coordinates":[135.8495707,34.600279]},"properties":{"z":82.3}},{"type":"Feature","geometry":{"type":"Point","coordinates":[135.8495163,34.6002763]},"properties":{"z":82.2}},{"type":"Feature","geometry":{"type":"Point","coordinates":[135.8494619,34.600274]},"properties":{"z":82.1}},{"type":"Feature","geometry":{"type":"Point","coordinates":[135.849408,34.6002795]},"properties":{"z":82.1}},{"type":"Feature","geometry":{"type":"Point","coordinates":[135.8493578,34.6002973]},"properties":{"z":82.1}},{"type":"Feature","geometry":{"type":"Point","coordinates":[135.8493102,34.6003192]},"properties":{"z":82.1}},{"type":"Feature","geometry":{"type":"Point","coordinates":[135.8492795,34.6003528]},"properties":{"z":82.1}},{"type":"Feature","geometry":{"type":"Point","coordinates":[135.8492649,34.6003959]},"properties":{"z":82.2}},{"type":"Feature","geometry":{"type":"Point","coordinates":[135.849261,34.6004408]},"properties":{"z":82.3}},{"type":"Feature","geometry":{"type":"Point","coordinates":[135.8492594,34.6004857]},"properties":{"z":82.3}},{"type":"Feature","geometry":{"type":"Point","coordinates":[135.8492587,34.6005306]},"properties":{"z":82.5}},{"type":"Feature","geometry":{"type":"Point","coordinates":[135.8492553,34.6005755]},"properties":{"z":82.6}},{"type":"Feature","geometry":{"type":"Point","coordinates":[135.8492498,34.6006202]},"properties":{"z":82.6}},{"type":"Feature","geometry":{"type":"Point","coordinates":[135.8492483,34.6006651]},"properties":{"z":82.8}},{"type":"Feature","geometry":{"type":"Point","coordinates":[135.8492479,34.6007101]},"properties":{"z":82.8}},{"type":"Feature","geometry":{"type":"Point","coordinates":[135.8492473,34.600755]},"properties":{"z":82.9}},{"type":"Feature","geometry":{"type":"Point","coordinates":[135.849249,34.6007999]},"properties":{"z":83.0}},{"type":"Feature","geometry":{"type":"Point","coordinates":[135.8492508,34.6008448]},"properties":{"z":83.0}},{"type":"Feature","geometry":{"type":"Point","coordinates":[135.8492496,34.6008898]},"properties":{"z":83.2}},{"type":"Feature","geometry":{"type":"Point","coordinates":[135.849247,34.6009347]},"properties":{"z":83.3}},{"type":"Feature","geometry":{"type":"Point","coordinates":[135.8492434,34.6009795]},"properties":{"z":83.3}},{"type":"Feature","geometry":{"type":"Point","coordinates":[135.8492447,34.6010245]},"properties":{"z":83.4}},{"type":"Feature","geometry":{"type":"Point","coordinates":[135.8492454,34.6010694]},"properties":{"z":83.6}},{"type":"Feature","geometry":{"type":"Point","coordinates":[135.8492447,34.6011143]},"properties":{"z":83.6}},{"type":"Feature","geometry":{"type":"Point","coordinates":[135.8492441,34.6011593]},"properties":{"z":83.7}},{"type":"Feature","geometry":{"type":"Point","coordinates":[135.8492439,34.6012042]},"properties":{"z":83.7}},{"type":"Feature","geometry":{"type":"Point","coordinates":[135.849245,34.6012492]},"properties":{"z":83.8}},{"type":"Feature","geometry":{"type":"Point","coordinates":[135.8492439,34.6012941]},"properties":{"z":83.9}},{"type":"Feature","geometry":{"type":"Point","coordinates":[135.8492408,34.601339]},"properties":{"z":83.9}},{"type":"Feature","geometry":{"type":"Point","coordinates":[135.8492407,34.6013839]},"properties":{"z":84.1}},{"type":"Feature","geometry":{"type":"Point","coordinates":[135.8492405,34.6014289]},"properties":{"z":84.1}},{"type":"Feature","geometry":{"type":"Point","coordinates":[135.8492381,34.6014738]},"properties":{"z":84.1}},{"type":"Feature","geometry":{"type":"Point","coordinates":[135.849237,34.6015187]},"properties":{"z":84.2}},{"type":"Feature","geometry":{"type":"Point","coordinates":[135.8492367,34.6015637]},"properties":{"z":84.3}},{"type":"Feature","geometry":{"type":"Point","coordinates":[135.8492381,34.6016086]},"properties":{"z":84.3}},{"type":"Feature","geometry":{"type":"Point","coordinates":[135.8492392,34.6016535]},"properties":{"z":84.5}},{"type":"Feature","geometry":{"type":"Point","coordinates":[135.8492386,34.6016985]},"properties":{"z":84.5}},{"type":"Feature","geometry":{"type":"Point","coordinates":[135.8492384,34.6017434]},"properties":{"z":84.6}},{"type":"Feature","geometry":{"type":"Point","coordinates":[135.8492386,34.6017884]},"properties":{"z":84.7}},{"type":"Feature","geometry":{"type":"Point","coordinates":[135.8492373,34.6018333]},"properties":{"z":84.7}},{"type":"Feature","geometry":{"type":"Point","coordinates":[135.8492359,34.6018783]},"properties":{"z":84.8}},{"type":"Feature","geometry":{"type":"Point","coordinates":[135.8492345,34.6019232]},"properties":{"z":84.9}},{"type":"Feature","geometry":{"type":"Point","coordinates":[135.849233,34.6019681]},"properties":{"z":84.9}},{"type":"Feature","geometry":{"type":"Point","coordinates":[135.8492315,34.6020131]},"properties":{"z":85.0}},{"type":"Feature","geometry":{"type":"Point","coordinates":[135.8492299,34.602058]},"properties":{"z":85.1}},{"type":"Feature","geometry":{"type":"Point","coordinates":[135.849228,34.6021029]},"properties":{"z":85.1}},{"type":"Feature","geometry":{"type":"Point","coordinates":[135.8492258,34.6021478]},"properties":{"z":85.2}},{"type":"Feature","geometry":{"type":"Point","coordinates":[135.8492255,34.6021928]},"properties":{"z":85.2}},{"type":"Feature","geometry":{"type":"Point","coordinates":[135.8492245,34.6022377]},"properties":{"z":85.3}},{"type":"Feature","geometry":{"type":"Point","coordinates":[135.8492237,34.6022827]},"properties":{"z":85.4}},{"type":"Feature","geometry":{"type":"Point","coordinates":[135.8492235,34.6023276]},"properties":{"z":85.4}},{"type":"Feature","geometry":{"type":"Point","coordinates":[135.8492232,34.6023726]},"properties":{"z":85.5}},{"type":"Feature","geometry":{"type":"Point","coordinates":[135.8492222,34.6024175]},"properties":{"z":85.7}},{"type":"Feature","geometry":{"type":"Point","coordinates":[135.8492205,34.6024625]},"properties":{"z":85.7}},{"type":"Feature","geometry":{"type":"Point","coordinates":[135.8492207,34.6025074]},"properties":{"z":85.8}},{"type":"Feature","geometry":{"type":"Point","coordinates":[135.8492213,34.6025524]},"properties":{"z":86.0}},{"type":"Feature","geometry":{"type":"Point","coordinates":[135.8492209,34.6025973]},"properties":{"z":86.0}},{"type":"Feature","geometry":{"type":"Point","coordinates":[135.8492155,34.6026419]},"properties":{"z":86.2}},{"type":"Feature","geometry":{"type":"Point","coordinates":[135.8492066,34.6026863]},"properties":{"z":86.0}},{"type":"Feature","geometry":{"type":"Point","coordinates":[135.8492042,34.6027311]},"properties":{"z":86.2}},{"type":"Feature","geometry":{"type":"Point","coordinates":[135.8492044,34.602776]},"properties":{"z":86.5}},{"type":"Feature","geometry":{"type":"Point","coordinates":[135.8492143,34.6028202]},"properties":{"z":86.6}},{"type":"Feature","geometry":{"type":"Point","coordinates":[135.8492196,34.6028647]},"properties":{"z":86.8}},{"type":"Feature","geometry":{"type":"Point","coordinates":[135.8492181,34.6029096]},"properties":{"z":87.0}},{"type":"Feature","geometry":{"type":"Point","coordinates":[135.8492125,34.6029543]},"properties":{"z":87.0}},{"type":"Feature","geometry":{"type":"Point","coordinates":[135.8492048,34.6029988]},"properties":{"z":87.0}},{"type":"Feature","geometry":{"type":"Point","coordinates":[135.8491972,34.6030433]},"properties":{"z":87.0}},{"type":"Feature","geometry":{"type":"Point","coordinates":[135.8491898,34.6030878]},"properties":{"z":87.1}},{"type":"Feature","geometry":{"type":"Point","coordinates":[135.8491832,34.6031324]},"properties":{"z":87.1}},{"type":"Feature","geometry":{"type":"Point","coordinates":[135.8491768,34.6031771]},"properties":{"z":87.1}},{"type":"Feature","geometry":{"type":"Point","coordinates":[135.8491704,34.6032217]},"properties":{"z":87.1}},{"type":"Feature","geometry":{"type":"Point","coordinates":[135.8491642,34.6032664]},"properties":{"z":87.0}},{"type":"Feature","geometry":{"type":"Point","coordinates":[135.8491601,34.6033112]},"properties":{"z":87.0}},{"type":"Feature","geometry":{"type":"Point","coordinates":[135.8491566,34.6033561]},"properties":{"z":86.9}},{"type":"Feature","geometry":{"type":"Point","coordinates":[135.8491563,34.603401]},"properties":{"z":86.9}},{"type":"Feature","geometry":{"type":"Point","coordinates":[135.8491552,34.6034459]},"properties":{"z":86.9}},{"type":"Feature","geometry":{"type":"Point","coordinates":[135.849152,34.6034908]},"properties":{"z":86.8}},{"type":"Feature","geometry":{"type":"Point","coordinates":[135.8491489,34.6035357]},"properties":{"z":86.8}},{"type":"Feature","geometry":{"type":"Point","coordinates":[135.8491459,34.6035806]},"properties":{"z":86.7}},{"type":"Feature","geometry":{"type":"Point","coordinates":[135.8491437,34.6036255]},"properties":{"z":86.6}},{"type":"Feature","geometry":{"type":"Point","coordinates":[135.8491423,34.6036704]},"properties":{"z":86.6}},{"type":"Feature","geometry":{"type":"Point","coordinates":[135.8491401,34.6037154]},"properties":{"z":86.5}},{"type":"Feature","geometry":{"type":"Point","coordinates":[135.8491378,34.6037603]},"properties":{"z":86.4}},{"type":"Feature","geometry":{"type":"Point","coordinates":[135.8491354,34.6038052]},"properties":{"z":86.4}},{"type":"Feature","geometry":{"type":"Point","coordinates":[135.8491338,34.6038501]},"properties":{"z":86.4}},{"type":"Feature","geometry":{"type":"Point","coordinates":[135.849133,34.603895]},"properties":{"z":86.2}},{"type":"Feature","geometry":{"type":"Point","coordinates":[135.8491024,34.6039321]},"properties":{"z":85.9}},{"type":"Feature","geometry":{"type":"Point","coordinates":[135.8490599,34.6039598]},"properties":{"z":85.9}},{"type":"Feature","geometry":{"type":"Point","coordinates":[135.8490365,34.6040004]},"properties":{"z":85.8}},{"type":"Feature","geometry":{"type":"Point","coordinates":[135.8490209,34.6040432]},"properties":{"z":85.9}},{"type":"Feature","geometry":{"type":"Point","coordinates":[135.8490186,34.6040868]},"properties":{"z":85.9}},{"type":"Feature","geometry":{"type":"Point","coordinates":[135.8490362,34.6041294]},"properties":{"z":86.2}},{"type":"Feature","geometry":{"type":"Point","coordinates":[135.8490692,34.6041651]},"properties":{"z":86.3}},{"type":"Feature","geometry":{"type":"Point","coordinates":[135.8491005,34.6042004]},"properties":{"z":86.5}},{"type":"Feature","geometry":{"type":"Point","coordinates":[135.8490964,34.6042452]},"properties":{"z":86.5}},{"type":"Feature","geometry":{"type":"Point","coordinates":[135.8490995,34.6042901]},"properties":{"z":86.9}},{"type":"Feature","geometry":{"type":"Point","coordinates":[135.8491015,34.604335]},"properties":{"z":87.2}},{"type":"Feature","geometry":{"type":"Point","coordinates":[135.8490988,34.6043798]},"properties":{"z":87.2}},{"type":"Feature","geometry":{"type":"Point","coordinates":[135.8490991,34.6044246]},"properties":{"z":87.5}},{"type":"Feature","geometry":{"type":"Point","coordinates":[135.8491009,34.6044695]},"properties":{"z":87.8}},{"type":"Feature","geometry":{"type":"Point","coordinates":[135.8491061,34.6045142]},"properties":{"z":87.8}},{"type":"Feature","geometry":{"type":"Point","coordinates":[135.8491072,34.6045591]},"properties":{"z":88.1}},{"type":"Feature","geometry":{"type":"Point","coordinates":[135.8491013,34.6046038]},"properties":{"z":88.4}},{"type":"Feature","geometry":{"type":"Point","coordinates":[135.849106,34.6046485]},"properties":{"z":88.4}},{"type":"Feature","geometry":{"type":"Point","coordinates":[135.8491068,34.6046935]},"properties":{"z":88.7}},{"type":"Feature","geometry":{"type":"Point","coordinates":[135.8491095,34.6047384]},"properties":{"z":88.7}},{"type":"Feature","geometry":{"type":"Point","coordinates":[135.8491048,34.6047832]},"properties":{"z":89.0}},{"type":"Feature","geometry":{"type":"Point","coordinates":[135.8491024,34.6048281]},"properties":{"z":89.4}},{"type":"Feature","geometry":{"type":"Point","coordinates":[135.8491023,34.604873]},"properties":{"z":89.4}},{"type":"Feature","geometry":{"type":"Point","coordinates":[135.8491035,34.6049179]},"properties":{"z":89.9}},{"type":"Feature","geometry":{"type":"Point","coordinates":[135.8491066,34.6049628]},"properties":{"z":90.5}},{"type":"Feature","geometry":{"type":"Point","coordinates":[135.8491094,34.6050077]},"properties":{"z":90.5}},{"type":"Feature","geometry":{"type":"Point","coordinates":[135.8491045,34.6050524]},"properties":{"z":91.2}},{"type":"Feature","geometry":{"type":"Point","coordinates":[135.8490922,34.6050961]},"properties":{"z":91.9}},{"type":"Feature","geometry":{"type":"Point","coordinates":[135.8490879,34.6051408]},"properties":{"z":91.9}},{"type":"Feature","geometry":{"type":"Point","coordinates":[135.8490863,34.6051857]},"properties":{"z":92.7}},{"type":"Feature","geometry":{"type":"Point","coordinates":[135.8490849,34.6052307]},"properties":{"z":92.7}},{"type":"Feature","geometry":{"type":"Point","coordinates":[135.8490879,34.6052756]},"properties":{"z":93.5}},{"type":"Feature","geometry":{"type":"Point","coordinates":[135.849086,34.6053205]},"properties":{"z":93.7}},{"type":"Feature","geometry":{"type":"Point","coordinates":[135.8490855,34.6053654]},"properties":{"z":93.7}},{"type":"Feature","geometry":{"type":"Point","coordinates":[135.8490813,34.6054103]},"properties":{"z":93.6}},{"type":"Feature","geometry":{"type":"Point","coordinates":[135.8490727,34.6054546]},"properties":{"z":93.4}},{"type":"Feature","geometry":{"type":"Point","coordinates":[135.8490676,34.6054994]},"properties":{"z":93.4}},{"type":"Feature","geometry":{"type":"Point","coordinates":[135.8490614,34.6055441]},"properties":{"z":93.2}},{"type":"Feature","geometry":{"type":"Point","coordinates":[135.8490567,34.6055888]},"properties":{"z":93.2}},{"type":"Feature","geometry":{"type":"Point","coordinates":[135.8490537,34.6056337]},"properties":{"z":93.0}},{"type":"Feature","geometry":{"type":"Point","coordinates":[135.8490501,34.6056785]},"properties":{"z":92.8}},{"type":"Feature","geometry":{"type":"Point","coordinates":[135.8490418,34.605723]},"properties":{"z":92.8}},{"type":"Feature","geometry":{"type":"Point","coordinates":[135.8490302,34.6057668]},"properties":{"z":91.9}},{"type":"Feature","geometry":{"type":"Point","coordinates":[135.8490161,34.6058103]},"properties":{"z":91.6}},{"type":"Feature","geometry":{"type":"Point","coordinates":[135.8489976,34.6058526]},"properties":{"z":91.6}},{"type":"Feature","geometry":{"type":"Point","coordinates":[135.8489804,34.6058952]},"properties":{"z":91.4}},{"type":"Feature","geometry":{"type":"Point","coordinates":[135.8489658,34.6059385]},"properties":{"z":91.4}},{"type":"Feature","geometry":{"type":"Point","coordinates":[135.8489481,34.605981]},"properties":{"z":90.7}},{"type":"Feature","geometry":{"type":"Point","coordinates":[135.8489286,34.606023]},"properties":{"z":90.8}},{"type":"Feature","geometry":{"type":"Point","coordinates":[135.8489064,34.6060641]},"properties":{"z":90.8}},{"type":"Feature","geometry":{"type":"Point","coordinates":[135.8488803,34.6061034]},"properties":{"z":91.6}},{"type":"Feature","geometry":{"type":"Point","coordinates":[135.848852,34.6061419]},"properties":{"z":91.1}},{"type":"Feature","geometry":{"type":"Point","coordinates":[135.8488247,34.6061808]},"properties":{"z":92.0}},{"type":"Feature","geometry":{"type":"Point","coordinates":[135.8487963,34.6062192]},"properties":{"z":92.0}},{"type":"Feature","geometry":{"type":"Point","coordinates":[135.8487672,34.6062572]},"properties":{"z":92.2}},{"type":"Feature","geometry":{"type":"Point","coordinates":[135.8487333,34.6062924]},"properties":{"z":92.2}},{"type":"Feature","geometry":{"type":"Point","coordinates":[135.8486969,34.6063259]},"properties":{"z":93.4}},{"type":"Feature","geometry":{"type":"Point","coordinates":[135.8486584,34.6063578]},"properties":{"z":93.1}},{"type":"Feature","geometry":{"type":"Point","coordinates":[135.8486178,34.6063879]},"properties":{"z":94.4}},{"type":"Feature","geometry":{"type":"Point","coordinates":[135.8485768,34.6064176]},"properties":{"z":94.1}},{"type":"Feature","geometry":{"type":"Point","coordinates":[135.8485357,34.6064472]},"properties":{"z":95.4}},{"type":"Feature","geometry":{"type":"Point","coordinates":[135.8484949,34.606477]},"properties":{"z":95.0}},{"type":"Feature","geometry":{"type":"Point","coordinates":[135.8484539,34.6065067]},"properties":{"z":95.0}},{"type":"Feature","geometry":{"type":"Point","coordinates":[135.8484128,34.6065363]},"properties":{"z":95.4}},{"type":"Feature","geometry":{"type":"Point","coordinates":[135.8483696,34.6065638]},"properties":{"z":95.4}},{"type":"Feature","geometry":{"type":"Point","coordinates":[135.8483267,34.6065916]},"properties":{"z":94.6}},{"type":"Feature","geometry":{"type":"Point","coordinates":[135.8482846,34.6066203]},"properties":{"z":94.6}},{"type":"Feature","geometry":{"type":"Point","coordinates":[135.8482448,34.606651]},"properties":{"z":93.7}},{"type":"Feature","geometry":{"type":"Point","coordinates":[135.8482074,34.6066837]},"properties":{"z":93.7}},{"type":"Feature","geometry":{"type":"Point","coordinates":[135.8481724,34.6067182]},"properties":{"z":92.6}},{"type":"Feature","geometry":{"type":"Point","coordinates":[135.8481395,34.6067541]},"properties":{"z":93.0}},{"type":"Feature","geometry":{"type":"Point","coordinates":[135.8481073,34.6067904]},"properties":{"z":93.0}},{"type":"Feature","geometry":{"type":"Point","coordinates":[135.8480786,34.6068286]},"properties":{"z":92.4}},{"type":"Feature","geometry":{"type":"Point","coordinates":[135.8480523,34.606868]},"properties":{"z":92.9}},{"type":"Feature","geometry":{"type":"Point","coordinates":[135.8480291,34.6069087]},"properties":{"z":92.9}},{"type":"Feature","geometry":{"type":"Point","coordinates":[135.8480126,34.6069515]},"properties":{"z":93.4}},{"type":"Feature","geometry":{"type":"Point","coordinates":[135.8480001,34.606995]},"properties":{"z":92.5}},{"type":"Feature","geometry":{"type":"Point","coordinates":[135.8479967,34.6070399]},"properties":{"z":92.9}},{"type":"Feature","geometry":{"type":"Point","coordinates":[135.8479911,34.6070845]},"properties":{"z":92.7}},{"type":"Feature","geometry":{"type":"Point","coordinates":[135.8479828,34.607129]},"properties":{"z":92.7}},{"type":"Feature","geometry":{"type":"Point","coordinates":[135.847983,34.6071735]},"properties":{"z":92.5}},{"type":"Feature","geometry":{"type":"Point","coordinates":[135.84799,34.6072181]},"properties":{"z":92.2}},{"type":"Feature","geometry":{"type":"Point","coordinates":[135.848002,34.6072619]},"properties":{"z":92.2}},{"type":"Feature","geometry":{"type":"Point","coordinates":[135.8480149,34.6073056]},"properties":{"z":93.6}},{"type":"Feature","geometry":{"type":"Point","coordinates":[135.8480287,34.6073491]},"properties":{"z":93.6}},{"type":"Feature","geometry":{"type":"Point","coordinates":[135.8480419,34.6073927]},"properties":{"z":93.7}},{"type":"Feature","geometry":{"type":"Point","coordinates":[135.8480548,34.6074363]},"properties":{"z":93.7}},{"type":"Feature","geometry":{"type":"Point","coordinates":[135.8480698,34.6074796]},"properties":{"z":93.7}},{"type":"Feature","geometry":{"type":"Point","coordinates":[135.8480849,34.6075228]},"properties":{"z":93.7}},{"type":"Feature","geometry":{"type":"Point","coordinates":[135.8480991,34.6075662]},"properties":{"z":95.3}},{"type":"Feature","geometry":{"type":"Point","coordinates":[135.8481165,34.6076087]},"properties":{"z":95.3}},{"type":"Feature","geometry":{"type":"Point","coordinates":[135.8481341,34.6076513]},"properties":{"z":95.2}},{"type":"Feature","geometry":{"type":"Point","coordinates":[135.8481511,34.607694]},"properties":{"z":95.2}},{"type":"Feature","geometry":{"type":"Point","coordinates":[135.8481699,34.6077362]},"properties":{"z":95.0}},{"type":"Feature","geometry":{"type":"Point","coordinates":[135.8481897,34.6077781]},"properties":{"z":96.2}},{"type":"Feature","geometry":{"type":"Point","coordinates":[135.8482153,34.6078178]},"properties":{"z":96.0}},{"type":"Feature","geometry":{"type":"Point","coordinates":[135.8482441,34.6078559]},"properties":{"z":95.8}},{"type":"Feature","geometry":{"type":"Point","coordinates":[135.8482735,34.6078938]},"properties":{"z":96.9}},{"type":"Feature","geometry":{"type":"Point","coordinates":[135.8483054,34.6079301]},"properties":{"z":96.6}},{"type":"Feature","geometry":{"type":"Point","coordinates":[135.8483353,34.6079672]},"properties":{"z":96.6}},{"type":"Feature","geometry":{"type":"Point","coordinates":[135.8483599,34.6080072]},"properties":{"z":97.0}},{"type":"Feature","geometry":{"type":"Point","coordinates":[135.84839,34.6080447]},"properties":{"z":97.0}},{"type":"Feature","geometry":{"type":"Point","coordinates":[135.8484182,34.6080832]},"properties":{"z":96.8}},{"type":"Feature","geometry":{"type":"Point","coordinates":[135.8484461,34.6081218]},"properties":{"z":97.6}},{"type":"Feature","geometry":{"type":"Point","coordinates":[135.8484797,34.6081573]},"properties":{"z":97.4}},{"type":"Feature","geometry":{"type":"Point","coordinates":[135.8485166,34.6081904]},"properties":{"z":97.4}},{"type":"Feature","geometry":{"type":"Point","coordinates":[135.848558,34.6082196]},"properties":{"z":97.7}},{"type":"Feature","geometry":{"type":"Point","coordinates":[135.8485944,34.6082531]},"properties":{"z":97.7}},{"type":"Feature","geometry":{"type":"Point","coordinates":[135.8486321,34.6082855]},"properties":{"z":98.0}},{"type":"Feature","geometry":{"type":"Point","coordinates":[135.8486733,34.608315]},"properties":{"z":98.0}},{"type":"Feature","geometry":{"type":"Point","coordinates":[135.8487175,34.6083414]},"properties":{"z":98.5}},{"type":"Feature","geometry":{"type":"Point","coordinates":[135.8487612,34.6083683]},"properties":{"z":98.3}},{"type":"Feature","geometry":{"type":"Point","coordinates":[135.8488051,34.6083951]},"properties":{"z":98.6}},{"type":"Feature","geometry":{"type":"Point","coordinates":[135.8488494,34.6084214]},"properties":{"z":98.6}},{"type":"Feature","geometry":{"type":"Point","coordinates":[135.8488942,34.6084471]},"properties":{"z":99.0}},{"type":"Feature","geometry":{"type":"Point","coordinates":[135.8489399,34.6084716]},"properties":{"z":99.0}},{"type":"Feature","geometry":{"type":"Point","coordinates":[135.8489854,34.6084965]},"properties":{"z":99.7}},{"type":"Feature","geometry":{"type":"Point","coordinates":[135.849032,34.6085199]},"properties":{"z":99.7}},{"type":"Feature","geometry":{"type":"Point","coordinates":[135.8490795,34.608542]},"properties":{"z":100.5}},{"type":"Feature","geometry":{"type":"Point","coordinates":[135.8491263,34.6085651]},"properties":{"z":102.5}},{"type":"Feature","geometry":{"type":"Point","coordinates":[135.849173,34.6085885]},"properties":{"z":102.5}},{"type":"Feature","geometry":{"type":"Point","coordinates":[135.8492221,34.608608]},"properties":{"z":104.1}},{"type":"Feature","geometry":{"type":"Point","coordinates":[135.8492686,34.6086315]},"properties":{"z":103.4}},{"type":"Feature","geometry":{"type":"Point","coordinates":[135.8493143,34.6086561]},"properties":{"z":104.4}},{"type":"Feature","geometry":{"type":"Point","coordinates":[135.84936,34.6086806]},"properties":{"z":104.4}},{"type":"Feature","geometry":{"type":"Point","coordinates":[135.8494082,34.6087018]},"properties":{"z":104.3}},{"type":"Feature","geometry":{"type":"Point","coordinates":[135.8494509,34.6087294]},"properties":{"z":104.3}},{"type":"Feature","geometry":{"type":"Point","coordinates":[135.8494912,34.6087591]},"properties":{"z":105.3}},{"type":"Feature","geometry":{"type":"Point","coordinates":[135.8495442,34.6087692]},"properties":{"z":104.3}},{"type":"Feature","geometry":{"type":"Point","coordinates":[135.8495943,34.608785]},"properties":{"z":105.3}},{"type":"Feature","geometry":{"type":"Point","coordinates":[135.8496405,34.6088089]},"properties":{"z":106.2}},{"type":"Feature","geometry":{"type":"Point","coordinates":[135.8496881,34.6088309]},"properties":{"z":106.2}},{"type":"Feature","geometry":{"type":"Point","coordinates":[135.849735,34.6088539]},"properties":{"z":105.9}},{"type":"Feature","geometry":{"type":"Point","coordinates":[135.8497809,34.6088783]},"properties":{"z":105.9}},{"type":"Feature","geometry":{"type":"Point","coordinates":[135.8498267,34.6089027]},"properties":{"z":106.6}},{"type":"Feature","geometry":{"type":"Point","coordinates":[135.8498718,34.608928]},"properties":{"z":105.6}},{"type":"Feature","geometry":{"type":"Point","coordinates":[135.8499182,34.6089516]},"properties":{"z":106.3}},{"type":"Feature","geometry":{"type":"Point","coordinates":[135.849965,34.6089747]},"properties":{"z":106.3}},{"type":"Feature","geometry":{"type":"Point","coordinates":[135.8500113,34.6089985]},"properties":{"z":105.7}},{"type":"Feature","geometry":{"type":"Point","coordinates":[135.8500595,34.6090196]},"properties":{"z":105.7}},{"type":"Feature","geometry":{"type":"Point","coordinates":[135.8501051,34.6090442]},"properties":{"z":106.3}},{"type":"Feature","geometry":{"type":"Point","coordinates":[135.8501498,34.6090699]},"properties":{"z":105.3}},{"type":"Feature","geometry":{"type":"Point","coordinates":[135.8501932,34.6090972]},"properties":{"z":105.9}},{"type":"Feature","geometry":{"type":"Point","coordinates":[135.8502376,34.6091234]},"properties":{"z":105.0}},{"type":"Feature","geometry":{"type":"Point","coordinates":[135.8502827,34.6091487]},"properties":{"z":105.5}},{"type":"Feature","geometry":{"type":"Point","coordinates":[135.8503252,34.6091767]},"properties":{"z":106.2}},{"type":"Feature","geometry":{"type":"Point","coordinates":[135.8503717,34.6092002]},"properties":{"z":106.5}},{"type":"Feature","geometry":{"type":"Point","coordinates":[135.8504174,34.6092249]},"properties":{"z":107.2}},{"type":"Feature","geometry":{"type":"Point","coordinates":[135.8504622,34.6092504]},"properties":{"z":107.2}},{"type":"Feature","geometry":{"type":"Point","coordinates":[135.850502,34.609281]},"properties":{"z":108.7}},{"type":"Feature","geometry":{"type":"Point","coordinates":[135.8505417,34.6093118]},"properties":{"z":108.7}},{"type":"Feature","geometry":{"type":"Point","coordinates":[135.8505828,34.6093412]},"properties":{"z":110.4}},{"type":"Feature","geometry":{"type":"Point","coordinates":[135.8506254,34.6093693]},"properties":{"z":110.4}},{"type":"Feature","geometry":{"type":"Point","coordinates":[135.8506715,34.6093931]},"properties":{"z":111.2}},{"type":"Feature","geometry":{"type":"Point","coordinates":[135.8507159,34.6094193]},"properties":{"z":112.4}},{"type":"Feature","geometry":{"type":"Point","coordinates":[135.8507553,34.60945]},"properties":{"z":113.4}},{"type":"Feature","geometry":{"type":"Point","coordinates":[135.8507944,34.6094813]},"properties":{"z":114.4}},{"type":"Feature","geometry":{"type":"Point","coordinates":[135.8508347,34.6095116]},"properties":{"z":114.4}},{"type":"Feature","geometry":{"type":"Point","coordinates":[135.8508783,34.6095385]},"properties":{"z":115.3}},{"type":"Feature","geometry":{"type":"Point","coordinates":[135.8509197,34.6095679]},"properties":{"z":114.8}},{"type":"Feature","geometry":{"type":"Point","coordinates":[135.8509616,34.6095966]},"properties":{"z":115.6}},{"type":"Feature","geometry":{"type":"Point","coordinates":[135.8510036,34.6096254]},"properties":{"z":114.5}},{"type":"Feature","geometry":{"type":"Point","coordinates":[135.8510443,34.6096551]},"properties":{"z":115.3}},{"type":"Feature","geometry":{"type":"Point","coordinates":[135.8510843,34.6096856]},"properties":{"z":115.3}},{"type":"Feature","geometry":{"type":"Point","coordinates":[135.8511255,34.6097142]},"properties":{"z":114.8}},{"type":"Feature","geometry":{"type":"Point","coordinates":[135.8511683,34.6097421]},"properties":{"z":114.8}},{"type":"Feature","geometry":{"type":"Point","coordinates":[135.8512101,34.609771]},"properties":{"z":114.6}},{"type":"Feature","geometry":{"type":"Point","coordinates":[135.8512502,34.6098015]},"properties":{"z":114.6}},{"type":"Feature","geometry":{"type":"Point","coordinates":[135.8512903,34.6098321]},"properties":{"z":114.5}},{"type":"Feature","geometry":{"type":"Point","coordinates":[135.8513304,34.6098626]},"properties":{"z":114.5}},{"type":"Feature","geometry":{"type":"Point","coordinates":[135.8513712,34.6098925]},"properties":{"z":115.1}},{"type":"Feature","geometry":{"type":"Point","coordinates":[135.8514114,34.6099229]},"properties":{"z":114.4}},{"type":"Feature","geometry":{"type":"Point","coordinates":[135.8514515,34.6099535]},"properties":{"z":114.9}},{"type":"Feature","geometry":{"type":"Point","coordinates":[135.8514912,34.6099843]},"properties":{"z":114.3}},{"type":"Feature","geometry":{"type":"Point","coordinates":[135.8515296,34.6100162]},"properties":{"z":114.8}},{"type":"Feature","geometry":{"type":"Point","coordinates":[135.8515695,34.610047]},"properties":{"z":114.2}},{"type":"Feature","geometry":{"type":"Point","coordinates":[135.8516066,34.6100799]},"properties":{"z":114.2}},{"type":"Feature","geometry":{"type":"Point","coordinates":[135.8516425,34.6101138]},"properties":{"z":114.5}},{"type":"Feature","geometry":{"type":"Point","coordinates":[135.8516779,34.610148]},"properties":{"z":114.5}},{"type":"Feature","geometry":{"type":"Point","coordinates":[135.8517122,34.610183]},"properties":{"z":115.0}},{"type":"Feature","geometry":{"type":"Point","coordinates":[135.8517467,34.6102179]},"properties":{"z":115.0}},{"type":"Feature","geometry":{"type":"Point","coordinates":[135.8517816,34.6102524]},"properties":{"z":115.0}},{"type":"Feature","geometry":{"type":"Point","coordinates":[135.8518184,34.6102856]},"properties":{"z":115.6}},{"type":"Feature","geometry":{"type":"Point","coordinates":[135.8518538,34.6103198]},"properties":{"z":115.6}},{"type":"Feature","geometry":{"type":"Point","coordinates":[135.8518901,34.6103534]},"properties":{"z":116.4}},{"type":"Feature","geometry":{"type":"Point","coordinates":[135.8519253,34.6103878]},"properties":{"z":116.4}},{"type":"Feature","geometry":{"type":"Point","coordinates":[135.8519597,34.6104226]},"properties":{"z":116.9}},{"type":"Feature","geometry":{"type":"Point","coordinates":[135.8519953,34.6104568]},"properties":{"z":116.9}},{"type":"Feature","geometry":{"type":"Point","coordinates":[135.8520311,34.6104907]},"properties":{"z":117.2}},{"type":"Feature","geometry":{"type":"Point","coordinates":[135.8520681,34.6105238]},"properties":{"z":117.7}},{"type":"Feature","geometry":{"type":"Point","coordinates":[135.8521056,34.6105565]},"properties":{"z":117.9}},{"type":"Feature","geometry":{"type":"Point","coordinates":[135.852143,34.6105892]},"properties":{"z":118.4}},{"type":"Feature","geometry":{"type":"Point","coordinates":[135.8521801,34.6106222]},"properties":{"z":118.7}},{"type":"Feature","geometry":{"type":"Point","coordinates":[135.8522163,34.6106558]},"properties":{"z":119.2}},{"type":"Feature","geometry":{"type":"Point","coordinates":[135.852253,34.6106891]},"properties":{"z":119.5}},{"type":"Feature","geometry":{"type":"Point","coordinates":[135.8522912,34.6107212]},"properties":{"z":119.5}},{"type":"Feature","geometry":{"type":"Point","coordinates":[135.8523291,34.6107536]},"properties":{"z":121.2}},{"type":"Feature","geometry":{"type":"Point","coordinates":[135.8523629,34.6107889]},"properties":{"z":121.2}},{"type":"Feature","geometry":{"type":"Point","coordinates":[135.8523965,34.6108243]},"properties":{"z":123.7}},{"type":"Feature","geometry":{"type":"Point","coordinates":[135.852431,34.6108592]},"properties":{"z":123.7}},{"type":"Feature","geometry":{"type":"Point","coordinates":[135.8524662,34.6108935]},"properties":{"z":124.6}},{"type":"Feature","geometry":{"type":"Point","coordinates":[135.852503,34.6109267]},"properties":{"z":125.9}},{"type":"Feature","geometry":{"type":"Point","coordinates":[135.8525385,34.6109609]},"properties":{"z":125.5}},{"type":"Feature","geometry":{"type":"Point","coordinates":[135.8525732,34.6109956]},"properties":{"z":126.3}},{"type":"Feature","geometry":{"type":"Point","coordinates":[135.852608,34.6110302]},"properties":{"z":125.6}},{"type":"Feature","geometry":{"type":"Point","coordinates":[135.8526417,34.6110656]},"properties":{"z":125.6}},{"type":"Feature","geometry":{"type":"Point","coordinates":[135.8526753,34.611101]},"properties":{"z":125.6}},{"type":"Feature","geometry":{"type":"Point","coordinates":[135.852711,34.611135]},"properties":{"z":125.6}},{"type":"Feature","geometry":{"type":"Point","coordinates":[135.8527474,34.6111686]},"properties":{"z":126.3}},{"type":"Feature","geometry":{"type":"Point","coordinates":[135.8527833,34.6112024]},"properties":{"z":125.5}},{"type":"Feature","geometry":{"type":"Point","coordinates":[135.8528205,34.6112354]},"properties":{"z":126.1}},{"type":"Feature","geometry":{"type":"Point","coordinates":[135.8528589,34.6112672]},"properties":{"z":125.3}},{"type":"Feature","geometry":{"type":"Point","coordinates":[135.8528959,34.6113003]},"properties":{"z":125.3}},{"type":"Feature","geometry":{"type":"Point","coordinates":[135.8529312,34.6113346]},"properties":{"z":125.9}},{"type":"Feature","geometry":{"type":"Point","coordinates":[135.8529658,34.6113693]},"properties":{"z":125.9}},{"type":"Feature","geometry":{"type":"Point","coordinates":[135.8530047,34.6114008]},"properties":{"z":126.5}},{"type":"Feature","geometry":{"type":"Point","coordinates":[135.8530423,34.6114334]},"properties":{"z":126.5}},{"type":"Feature","geometry":{"type":"Point","coordinates":[135.8530799,34.611466]},"properties":{"z":126.9}},{"type":"Feature","geometry":{"type":"Point","coordinates":[135.8531156,34.6114999]},"properties":{"z":126.9}},{"type":"Feature","geometry":{"type":"Point","coordinates":[135.8531535,34.6115321]},"properties":{"z":127.0}},{"type":"Feature","geometry":{"type":"Point","coordinates":[135.853188,34.6115669]},"properties":{"z":127.8}},{"type":"Feature","geometry":{"type":"Point","coordinates":[135.8532241,34.6116006]},"properties":{"z":128.2}},{"type":"Feature","geometry":{"type":"Point","coordinates":[135.8532588,34.6116353]},"properties":{"z":128.9}},{"type":"Feature","geometry":{"type":"Point","coordinates":[135.8532928,34.6116705]},"properties":{"z":129.9}},{"type":"Feature","geometry":{"type":"Point","coordinates":[135.8533258,34.6117063]},"properties":{"z":129.9}},{"type":"Feature","geometry":{"type":"Point","coordinates":[135.8533601,34.6117413]},"properties":{"z":131.8}},{"type":"Feature","geometry":{"type":"Point","coordinates":[135.8533934,34.6117769]},"properties":{"z":131.8}},{"type":"Feature","geometry":{"type":"Point","coordinates":[135.8534243,34.611814]},"properties":{"z":134.8}},{"type":"Feature","geometry":{"type":"Point","coordinates":[135.8534527,34.6118522]},"properties":{"z":134.8}},{"type":"Feature","geometry":{"type":"Point","coordinates":[135.8534805,34.6118909]},"properties":{"z":135.9}},{"type":"Feature","geometry":{"type":"Point","coordinates":[135.8535108,34.6119283]},"properties":{"z":137.6}},{"type":"Feature","geometry":{"type":"Point","coordinates":[135.8535341,34.6119688]},"properties":{"z":137.7}},{"type":"Feature","geometry":{"type":"Point","coordinates":[135.8535551,34.6120102]},"properties":{"z":137.7}},{"type":"Feature","geometry":{"type":"Point","coordinates":[135.8535818,34.6120494]},"properties":{"z":137.4}},{"type":"Feature","geometry":{"type":"Point","coordinates":[135.8536106,34.6120877]},"properties":{"z":138.1}},{"type":"Feature","geometry":{"type":"Point","coordinates":[135.8536315,34.6121291]},"properties":{"z":137.3}},{"type":"Feature","geometry":{"type":"Point","coordinates":[135.8536484,34.6121718]},"properties":{"z":136.4}},{"type":"Feature","geometry":{"type":"Point","coordinates":[135.8536666,34.6122142]},"properties":{"z":136.4}},{"type":"Feature","geometry":{"type":"Point","coordinates":[135.8536817,34.6122574]},"properties":{"z":136.4}},{"type":"Feature","geometry":{"type":"Point","coordinates":[135.8536983,34.6123002]},"properties":{"z":136.4}},{"type":"Feature","geometry":{"type":"Point","coordinates":[135.8537125,34.6123436]},"properties":{"z":135.5}},{"type":"Feature","geometry":{"type":"Point","coordinates":[135.8537274,34.6123868]},"properties":{"z":134.8}},{"type":"Feature","geometry":{"type":"Point","coordinates":[135.8537423,34.61243]},"properties":{"z":134.8}},{"type":"Feature","geometry":{"type":"Point","coordinates":[135.8537558,34.6124736]},"properties":{"z":134.8}},{"type":"Feature","geometry":{"type":"Point","coordinates":[135.8537621,34.6125182]},"properties":{"z":136.2}},{"type":"Feature","geometry":{"type":"Point","coordinates":[135.8537681,34.6125628]},"properties":{"z":136.2}},{"type":"Feature","geometry":{"type":"Point","coordinates":[135.8537729,34.6126076]},"properties":{"z":136.6}},{"type":"Feature","geometry":{"type":"Point","coordinates":[135.8537749,34.6126525]},"properties":{"z":136.6}},{"type":"Feature","geometry":{"type":"Point","coordinates":[135.8537755,34.6126975]},"properties":{"z":137.0}},{"type":"Feature","geometry":{"type":"Point","coordinates":[135.8537766,34.6127424]},"properties":{"z":137.4}},{"type":"Feature","geometry":{"type":"Point","coordinates":[135.8537737,34.6127873]},"properties":{"z":137.4}},{"type":"Feature","geometry":{"type":"Point","coordinates":[135.8537697,34.6128321]},"properties":{"z":137.7}},{"type":"Feature","geometry":{"type":"Point","coordinates":[135.8537634,34.6128766]},"properties":{"z":138.5}},{"type":"Feature","geometry":{"type":"Point","coordinates":[135.8537502,34.6129202]},"properties":{"z":138.7}},{"type":"Feature","geometry":{"type":"Point","coordinates":[135.8537349,34.6129633]},"properties":{"z":139.7}},{"type":"Feature","geometry":{"type":"Point","coordinates":[135.8537183,34.613006]},"properties":{"z":139.7}},{"type":"Feature","geometry":{"type":"Point","coordinates":[135.8536984,34.6130478]},"properties":{"z":140.9}},{"type":"Feature","geometry":{"type":"Point","coordinates":[135.8536749,34.6130884]},"properties":{"z":142.2}},{"type":"Feature","geometry":{"type":"Point","coordinates":[135.8536565,34.6131306]},"properties":{"z":143.4}},{"type":"Feature","geometry":{"type":"Point","coordinates":[135.8536334,34.6131714]},"properties":{"z":144.5}},{"type":"Feature","geometry":{"type":"Point","coordinates":[135.853611,34.6132123]},"properties":{"z":144.5}},{"type":"Feature","geometry":{"type":"Point","coordinates":[135.8536038,34.6132555]},"properties":{"z":145.9}},{"type":"Feature","geometry":{"type":"Point","coordinates":[135.8536015,34.6133001]},"properties":{"z":147.0}},{"type":"Feature","geometry":{"type":"Point","coordinates":[135.8535847,34.6133428]},"properties":{"z":147.9}},{"type":"Feature","geometry":{"type":"Point","coordinates":[135.8535685,34.6133857]},"properties":{"z":148.6}},{"type":"Feature","geometry":{"type":"Point","coordinates":[135.8535548,34.6134291]},"properties":{"z":148.6}},{"type":"Feature","geometry":{"type":"Point","coordinates":[135.8535417,34.6134726]},"properties":{"z":148.6}},{"type":"Feature","geometry":{"type":"Point","coordinates":[135.8535309,34.6135166]},"properties":{"z":148.6}},{"type":"Feature","geometry":{"type":"Point","coordinates":[135.8535233,34.6135611]},"properties":{"z":148.6}},{"type":"Feature","geometry":{"type":"Point","coordinates":[135.8535222,34.613606]},"properties":{"z":148.7}},{"type":"Feature","geometry":{"type":"Point","coordinates":[135.8535225,34.613651]},"properties":{"z":148.4}},{"type":"Feature","geometry":{"type":"Point","coordinates":[135.8535263,34.6136958]},"properties":{"z":148.4}},{"type":"Feature","geometry":{"type":"Point","coordinates":[135.8535332,34.6137403]},"properties":{"z":148.3}},{"type":"Feature","geometry":{"type":"Point","coordinates":[135.8535451,34.6137842]},"properties":{"z":148.3}},{"type":"Feature","geometry":{"type":"Point","coordinates":[135.8535519,34.6138285]},"properties":{"z":148.3}},{"type":"Feature","geometry":{"type":"Point","coordinates":[135.8535425,34.6138727]},"properties":{"z":147.2}},{"type":"Feature","geometry":{"type":"Point","coordinates":[135.8535474,34.613916]},"properties":{"z":147.2}},{"type":"Feature","geometry":{"type":"Point","coordinates":[135.8535663,34.6139582]},"properties":{"z":145.9}},{"type":"Feature","geometry":{"type":"Point","coordinates":[135.8535906,34.6139983]},"properties":{"z":144.3}},{"type":"Feature","geometry":{"type":"Point","coordinates":[135.8536218,34.6140351]},"properties":{"z":144.3}},{"type":"Feature","geometry":{"type":"Point","coordinates":[135.8536554,34.6140706]},"properties":{"z":143.7}},{"type":"Feature","geometry":{"type":"Point","coordinates":[135.85369,34.6141053]},"properties":{"z":142.9}},{"type":"Feature","geometry":{"type":"Point","coordinates":[135.8537265,34.6141388]},"properties":{"z":142.5}},{"type":"Feature","geometry":{"type":"Point","coordinates":[135.8537649,34.6141708]},"properties":{"z":141.7}},{"type":"Feature","geometry":{"type":"Point","coordinates":[135.8538051,34.6142011]},"properties":{"z":141.7}},{"type":"Feature","geometry":{"type":"Point","coordinates":[135.8538471,34.6142298]},"properties":{"z":140.7}},{"type":"Feature","geometry":{"type":"Point","coordinates":[135.8538906,34.614257]},"properties":{"z":140.7}},{"type":"Feature","geometry":{"type":"Point","coordinates":[135.8539352,34.614283]},"properties":{"z":140.3}},{"type":"Feature","geometry":{"type":"Point","coordinates":[135.8539805,34.6143081]},"properties":{"z":140.3}},{"type":"Feature","geometry":{"type":"Point","coordinates":[135.8540265,34.6143324]},"properties":{"z":140.1}},{"type":"Feature","geometry":{"type":"Point","coordinates":[135.8540738,34.6143547]},"properties":{"z":140.6}},{"type":"Feature","geometry":{"type":"Point","coordinates":[135.8541218,34.6143762]},"properties":{"z":140.3}},{"type":"Feature","geometry":{"type":"Point","coordinates":[135.8541702,34.614397]},"properties":{"z":140.3}},{"type":"Feature","geometry":{"type":"Point","coordinates":[135.8542188,34.6144176]},"properties":{"z":139.8}},{"type":"Feature","geometry":{"type":"Point","coordinates":[135.8542676,34.6144378]},"properties":{"z":139.9}},{"type":"Feature","geometry":{"type":"Point","coordinates":[135.8543178,34.6144553]},"properties":{"z":139.4}},{"type":"Feature","geometry":{"type":"Point","coordinates":[135.8543674,34.614474]},"properties":{"z":138.8}},{"type":"Feature","geometry":{"type":"Point","coordinates":[135.8543987,34.6145039]},"properties":{"z":139.5}},{"type":"Feature","geometry":{"type":"Point","coordinates":[135.8544524,34.6145122]},"properties":{"z":139.1}},{"type":"Feature","geometry":{"type":"Point","coordinates":[135.8545062,34.6145195]},"properties":{"z":139.1}},{"type":"Feature","geometry":{"type":"Point","coordinates":[135.8545561,34.6145341]},"properties":{"z":138.6}},{"type":"Feature","geometry":{"type":"Point","coordinates":[135.8546014,34.6145195]},"properties":{"z":138.6}},{"type":"Feature","geometry":{"type":"Point","coordinates":[135.8546523,34.6145091]},"properties":{"z":137.9}},{"type":"Feature","geometry":{"type":"Point","coordinates":[135.854703,34.6145242]},"properties":{"z":137.5}},{"type":"Feature","geometry":{"type":"Point","coordinates":[135.8547456,34.6145519]},"properties":{"z":137.5}},{"type":"Feature","geometry":{"type":"Point","coordinates":[135.8547613,34.6145937]},"properties":{"z":137.8}},{"type":"Feature","geometry":{"type":"Point","coordinates":[135.8547915,34.6146302]},"properties":{"z":136.7}},{"type":"Feature","geometry":{"type":"Point","coordinates":[135.8548114,34.6146719]},"properties":{"z":136.6}},{"type":"Feature","geometry":{"type":"Point","coordinates":[135.854829,34.6147142]},"properties":{"z":136.8}},{"type":"Feature","geometry":{"type":"Point","coordinates":[135.8548621,34.6147496]},"properties":{"z":136.8}},{"type":"Feature","geometry":{"type":"Point","coordinates":[135.8548749,34.6147926]},"properties":{"z":136.0}},{"type":"Feature","geometry":{"type":"Point","coordinates":[135.8548601,34.6148339]},"properties":{"z":136.8}},{"type":"Feature","geometry":{"type":"Point","coordinates":[135.8548246,34.614868]},"properties":{"z":136.3}},{"type":"Feature","geometry":{"type":"Point","coordinates":[135.8548052,34.6149088]},"properties":{"z":136.3}},{"type":"Feature","geometry":{"type":"Point","coordinates":[135.8548192,34.6149494]},"properties":{"z":135.4}},{"type":"Feature","geometry":{"type":"Point","coordinates":[135.8548506,34.6149861]},"properties":{"z":134.5}},{"type":"Feature","geometry":{"type":"Point","coordinates":[135.8548777,34.6150245]},"properties":{"z":134.5}},{"type":"Feature","geometry":{"type":"Point","coordinates":[135.8548935,34.6150673]},"properties":{"z":134.5}},{"type":"Feature","geometry":{"type":"Point","coordinates":[135.8549001,34.6151118]},"properties":{"z":134.5}},{"type":"Feature","geometry":{"type":"Point","coordinates":[135.8548993,34.6151568]},"properties":{"z":135.0}},{"type":"Feature","geometry":{"type":"Point","coordinates":[135.8548853,34.6151999]},"properties":{"z":135.9}},{"type":"Feature","geometry":{"type":"Point","coordinates":[135.8548664,34.615242]},"properties":{"z":135.5}},{"type":"Feature","geometry":{"type":"Point","coordinates":[135.8548445,34.6152832]},"properties":{"z":136.3}},{"type":"Feature","geometry":{"type":"Point","coordinates":[135.8548301,34.6153265]},"properties":{"z":136.3}},{"type":"Feature","geometry":{"type":"Point","coordinates":[135.8547962,34.6153618]},"properties":{"z":137.1}},{"type":"Feature","geometry":{"type":"Point","coordinates":[135.8547578,34.6153936]},"properties":{"z":136.7}},{"type":"Feature","geometry":{"type":"Point","coordinates":[135.8547163,34.6154228]},"properties":{"z":137.4}},{"type":"Feature","geometry":{"type":"Point","coordinates":[135.8546742,34.6154514]},"properties":{"z":136.9}},{"type":"Feature","geometry":{"type":"Point","coordinates":[135.8546339,34.6154818]},"properties":{"z":137.6}},{"type":"Feature","geometry":{"type":"Point","coordinates":[135.8545933,34.6155118]},"properties":{"z":137.0}},{"type":"Feature","geometry":{"type":"Point","coordinates":[135.8545525,34.6155417]},"properties":{"z":137.0}},{"type":"Feature","geometry":{"type":"Point","coordinates":[135.8545117,34.6155715]},"properties":{"z":137.0}},{"type":"Feature","geometry":{"type":"Point","coordinates":[135.8544713,34.6156019]},"properties":{"z":137.0}},{"type":"Feature","geometry":{"type":"Point","coordinates":[135.8544308,34.615632]},"properties":{"z":137.1}},{"type":"Feature","geometry":{"type":"Point","coordinates":[135.8543904,34.6156623]},"properties":{"z":137.1}},{"type":"Feature","geometry":{"type":"Point","coordinates":[135.8543512,34.6156936]},"properties":{"z":136.9}},{"type":"Feature","geometry":{"type":"Point","coordinates":[135.8543114,34.6157243]},"properties":{"z":136.9}},{"type":"Feature","geometry":{"type":"Point","coordinates":[135.8542713,34.6157549]},"properties":{"z":136.1}},{"type":"Feature","geometry":{"type":"Point","coordinates":[135.8542324,34.6157864]},"properties":{"z":136.7}},{"type":"Feature","geometry":{"type":"Point","coordinates":[135.8541937,34.6158182]},"properties":{"z":136.7}},{"type":"Feature","geometry":{"type":"Point","coordinates":[135.8541551,34.6158499]},"properties":{"z":136.5}},{"type":"Feature","geometry":{"type":"Point","coordinates":[135.8541164,34.6158817]},"properties":{"z":136.5}},{"type":"Feature","geometry":{"type":"Point","coordinates":[135.8540778,34.6159135]},"properties":{"z":136.4}},{"type":"Feature","geometry":{"type":"Point","coordinates":[135.8540391,34.6159452]},"properties":{"z":136.4}},{"type":"Feature","geometry":{"type":"Point","coordinates":[135.8540002,34.6159768]},"properties":{"z":136.1}},{"type":"Feature","geometry":{"type":"Point","coordinates":[135.853961,34.616008]},"properties":{"z":136.1}},{"type":"Feature","geometry":{"type":"Point","coordinates":[135.8539212,34.6160389]},"properties":{"z":135.3}},{"type":"Feature","geometry":{"type":"Point","coordinates":[135.8538817,34.6160699]},"properties":{"z":135.7}},{"type":"Feature","geometry":{"type":"Point","coordinates":[135.8538424,34.6161011]},"properties":{"z":134.8}},{"type":"Feature","geometry":{"type":"Point","coordinates":[135.8538029,34.6161321]},"properties":{"z":135.1}},{"type":"Feature","geometry":{"type":"Point","coordinates":[135.8537623,34.6161622]},"properties":{"z":135.1}},{"type":"Feature","geometry":{"type":"Point","coordinates":[135.8537217,34.6161923]},"properties":{"z":134.8}},{"type":"Feature","geometry":{"type":"Point","coordinates":[135.8536812,34.6162224]},"properties":{"z":134.8}},{"type":"Feature","geometry":{"type":"Point","coordinates":[135.8536407,34.6162526]},"properties":{"z":133.7}},{"type":"Feature","geometry":{"type":"Point","coordinates":[135.8536001,34.6162827]},"properties":{"z":134.6}},{"type":"Feature","geometry":{"type":"Point","coordinates":[135.8535593,34.6163126]},"properties":{"z":133.4}},{"type":"Feature","geometry":{"type":"Point","coordinates":[135.8535186,34.6163425]},"properties":{"z":134.0}},{"type":"Feature","geometry":{"type":"Point","coordinates":[135.8534782,34.6163727]},"properties":{"z":132.5}},{"type":"Feature","geometry":{"type":"Point","coordinates":[135.8534378,34.6164031]},"properties":{"z":133.4}},{"type":"Feature","geometry":{"type":"Point","coordinates":[135.8533975,34.6164333]},"properties":{"z":132.0}},{"type":"Feature","geometry":{"type":"Point","coordinates":[135.8533565,34.6164631]},"properties":{"z":132.0}},{"type":"Feature","geometry":{"type":"Point","coordinates":[135.8533156,34.6164929]},"properties":{"z":132.0}},{"type":"Feature","geometry":{"type":"Point","coordinates":[135.8532746,34.6165226]},"properties":{"z":132.0}},{"type":"Feature","geometry":{"type":"Point","coordinates":[135.8532335,34.6165522]},"properties":{"z":132.7}},{"type":"Feature","geometry":{"type":"Point","coordinates":[135.8531928,34.6165822]},"properties":{"z":132.7}},{"type":"Feature","geometry":{"type":"Point","coordinates":[135.853153,34.616613]},"properties":{"z":133.2}},{"type":"Feature","geometry":{"type":"Point","coordinates":[135.8531132,34.6166437]},"properties":{"z":133.2}},{"type":"Feature","geometry":{"type":"Point","coordinates":[135.8530727,34.6166739]},"properties":{"z":133.2}},{"type":"Feature","geometry":{"type":"Point","coordinates":[135.8530323,34.6167041]},"properties":{"z":133.2}},{"type":"Feature","geometry":{"type":"Point","coordinates":[135.8529928,34.6167352]},"properties":{"z":133.2}},{"type":"Feature","geometry":{"type":"Point","coordinates":[135.8529516,34.6167645]},"properties":{"z":132.7}},{"type":"Feature","geometry":{"type":"Point","coordinates":[135.8529081,34.6167916]},"properties":{"z":132.7}},{"type":"Feature","geometry":{"type":"Point","coordinates":[135.8528669,34.6168209]},"properties":{"z":131.4}},{"type":"Feature","geometry":{"type":"Point","coordinates":[135.8528308,34.6168546]},"properties":{"z":132.5}},{"type":"Feature","geometry":{"type":"Point","coordinates":[135.8527979,34.6168906]},"properties":{"z":131.5}},{"type":"Feature","geometry":{"type":"Point","coordinates":[135.8527634,34.6169254]},"properties":{"z":132.9}},{"type":"Feature","geometry":{"type":"Point","coordinates":[135.8527318,34.616962]},"properties":{"z":132.9}},{"type":"Feature","geometry":{"type":"Point","coordinates":[135.8527006,34.6169989]},"properties":{"z":134.6}},{"type":"Feature","geometry":{"type":"Point","coordinates":[135.8526697,34.617036]},"properties":{"z":136.2}},{"type":"Feature","geometry":{"type":"Point","coordinates":[135.85264,34.6170737]},"properties":{"z":136.6}},{"type":"Feature","geometry":{"type":"Point","coordinates":[135.8526116,34.6171121]},"properties":{"z":137.6}},{"type":"Feature","geometry":{"type":"Point","coordinates":[135.8525842,34.617151]},"properties":{"z":137.6}},{"type":"Feature","geometry":{"type":"Point","coordinates":[135.8525577,34.6171903]},"properties":{"z":138.3}},{"type":"Feature","geometry":{"type":"Point","coordinates":[135.8525301,34.617229]},"properties":{"z":138.6}},{"type":"Feature","geometry":{"type":"Point","coordinates":[135.8524985,34.6172657]},"properties":{"z":138.3}},{"type":"Feature","geometry":{"type":"Point","coordinates":[135.8524678,34.6173029]},"properties":{"z":137.9}},{"type":"Feature","geometry":{"type":"Point","coordinates":[135.8524359,34.6173394]},"properties":{"z":138.8}},{"type":"Feature","geometry":{"type":"Point","coordinates":[135.8524037,34.6173756]},"properties":{"z":138.8}},{"type":"Feature","geometry":{"type":"Point","coordinates":[135.852369,34.6174103]},"properties":{"z":139.6}},{"type":"Feature","geometry":{"type":"Point","coordinates":[135.8523326,34.6174438]},"properties":{"z":139.6}},{"type":"Feature","geometry":{"type":"Point","coordinates":[135.852296,34.6174772]},"properties":{"z":139.8}},{"type":"Feature","geometry":{"type":"Point","coordinates":[135.8522516,34.6175016]},"properties":{"z":139.8}},{"type":"Feature","geometry":{"type":"Point","coordinates":[135.8522106,34.6175312]},"properties":{"z":139.2}},{"type":"Feature","geometry":{"type":"Point","coordinates":[135.8521675,34.6175588]},"properties":{"z":139.2}},{"type":"Feature","geometry":{"type":"Point","coordinates":[135.8521226,34.6175844]},"properties":{"z":140.6}},{"type":"Feature","geometry":{"type":"Point","coordinates":[135.8520759,34.6176076]},"properties":{"z":138.7}},{"type":"Feature","geometry":{"type":"Point","coordinates":[135.8520271,34.6176278]},"properties":{"z":139.0}},{"type":"Feature","geometry":{"type":"Point","coordinates":[135.8519787,34.6176487]},"properties":{"z":139.0}},{"type":"Feature","geometry":{"type":"Point","coordinates":[135.8519294,34.6176679]},"properties":{"z":139.9}},{"type":"Feature","geometry":{"type":"Point","coordinates":[135.8518792,34.6176855]},"properties":{"z":138.7}},{"type":"Feature","geometry":{"type":"Point","coordinates":[135.8518275,34.6177]},"properties":{"z":139.2}},{"type":"Feature","geometry":{"type":"Point","coordinates":[135.8517758,34.6177145]},"properties":{"z":139.5}},{"type":"Feature","geometry":{"type":"Point","coordinates":[135.8517241,34.6177291]},"properties":{"z":139.5}},{"type":"Feature","geometry":{"type":"Point","coordinates":[135.8516707,34.6177384]},"properties":{"z":139.2}},{"type":"Feature","geometry":{"type":"Point","coordinates":[135.8516171,34.6177472]},"properties":{"z":137.8}},{"type":"Feature","geometry":{"type":"Point","coordinates":[135.8515627,34.6177493]},"properties":{"z":137.5}},{"type":"Feature","geometry":{"type":"Point","coordinates":[135.8515081,34.61775]},"properties":{"z":137.1}},{"type":"Feature","geometry":{"type":"Point","coordinates":[135.8514535,34.61775]},"properties":{"z":137.1}},{"type":"Feature","geometry":{"type":"Point","coordinates":[135.8513988,34.6177489]},"properties":{"z":136.7}},{"type":"Feature","geometry":{"type":"Point","coordinates":[135.8513442,34.6177479]},"properties":{"z":136.3}},{"type":"Feature","geometry":{"type":"Point","coordinates":[135.8512898,34.6177447]},"properties":{"z":136.3}},{"type":"Feature","geometry":{"type":"Point","coordinates":[135.8512354,34.6177407]},"properties":{"z":136.0}},{"type":"Feature","geometry":{"type":"Point","coordinates":[135.8511809,34.617738]},"properties":{"z":137.2}},{"type":"Feature","geometry":{"type":"Point","coordinates":[135.8511263,34.6177386]},"properties":{"z":137.2}},{"type":"Feature","geometry":{"type":"Point","coordinates":[135.8510717,34.617739]},"properties":{"z":137.3}},{"type":"Feature","geometry":{"type":"Point","coordinates":[135.8510171,34.6177369]},"properties":{"z":137.3}},{"type":"Feature","geometry":{"type":"Point","coordinates":[135.8509627,34.6177356]},"properties":{"z":137.6}},{"type":"Feature","geometry":{"type":"Point","coordinates":[135.85091,34.6177475]},"properties":{"z":135.4}},{"type":"Feature","geometry":{"type":"Point","coordinates":[135.8508573,34.6177592]},"properties":{"z":135.4}},{"type":"Feature","geometry":{"type":"Point","coordinates":[135.8508041,34.6177695]},"properties":{"z":133.6}},{"type":"Feature","geometry":{"type":"Point","coordinates":[135.8507511,34.6177804]},"properties":{"z":131.3}},{"type":"Feature","geometry":{"type":"Point","coordinates":[135.8506997,34.6177955]},"properties":{"z":131.3}},{"type":"Feature","geometry":{"type":"Point","coordinates":[135.8506487,34.6178116]},"properties":{"z":130.4}},{"type":"Feature","geometry":{"type":"Point","coordinates":[135.850599,34.6178302]},"properties":{"z":130.4}},{"type":"Feature","geometry":{"type":"Point","coordinates":[135.8505507,34.617851]},"properties":{"z":126.9}},{"type":"Feature","geometry":{"type":"Point","coordinates":[135.8505037,34.6178739]},"properties":{"z":126.9}},{"type":"Feature","geometry":{"type":"Point","coordinates":[135.850462,34.617903]},"properties":{"z":123.0}},{"type":"Feature","geometry":{"type":"Point","coordinates":[135.8504204,34.6179321]},"properties":{"z":123.0}},{"type":"Feature","geometry":{"type":"Point","coordinates":[135.850379,34.6179614]},"properties":{"z":122.5}},{"type":"Feature","geometry":{"type":"Point","coordinates":[135.8503361,34.6179892]},"properties":{"z":122.5}},{"type":"Feature","geometry":{"type":"Point","coordinates":[135.8502925,34.6180162]},"properties":{"z":124.5}},{"type":"Feature","geometry":{"type":"Point","coordinates":[135.8502472,34.6180414]},"properties":{"z":124.5}},{"type":"Feature","geometry":{"type":"Point","coordinates":[135.8502018,34.6180664]},"properties":{"z":126.3}},{"type":"Feature","geometry":{"type":"Point","coordinates":[135.850156,34.6180909]},"properties":{"z":126.3}},{"type":"Feature","geometry":{"type":"Point","coordinates":[135.8501088,34.6181135]},"properties":{"z":127.0}},{"type":"Feature","geometry":{"type":"Point","coordinates":[135.8500612,34.6181355]},"properties":{"z":127.8}},{"type":"Feature","geometry":{"type":"Point","coordinates":[135.8500134,34.6181572]},"properties":{"z":127.8}},{"type":"Feature","geometry":{"type":"Point","coordinates":[135.8499651,34.6181782]},"properties":{"z":127.9}},{"type":"Feature","geometry":{"type":"Point","coordinates":[135.8499193,34.6182027]},"properties":{"z":127.9}},{"type":"Feature","geometry":{"type":"Point","coordinates":[135.8498725,34.6182258]},"properties":{"z":128.6}},{"type":"Feature","geometry":{"type":"Point","coordinates":[135.8498289,34.6182509]},"properties":{"z":128.1}},{"type":"Feature","geometry":{"type":"Point","coordinates":[135.8498048,34.6182913]},"properties":{"z":128.6}},{"type":"Feature","geometry":{"type":"Point","coordinates":[135.8497717,34.6183262]},"properties":{"z":127.9}},{"type":"Feature","geometry":{"type":"Point","coordinates":[135.8497324,34.6183575]},"properties":{"z":127.9}},{"type":"Feature","geometry":{"type":"Point","coordinates":[135.8496874,34.6183823]},"properties":{"z":127.5}},{"type":"Feature","geometry":{"type":"Point","coordinates":[135.8496397,34.6184043]},"properties":{"z":127.5}},{"type":"Feature","geometry":{"type":"Point","coordinates":[135.8495916,34.6184255]},"properties":{"z":127.9}},{"type":"Feature","geometry":{"type":"Point","coordinates":[135.8495429,34.6184458]},"properties":{"z":128.2}},{"type":"Feature","geometry":{"type":"Point","coordinates":[135.8494951,34.6184675]},"properties":{"z":127.4}},{"type":"Feature","geometry":{"type":"Point","coordinates":[135.8494503,34.6184932]},"properties":{"z":127.8}},{"type":"Feature","geometry":{"type":"Point","coordinates":[135.849407,34.6185206]},"properties":{"z":126.9}},{"type":"Feature","geometry":{"type":"Point","coordinates":[135.849365,34.6185493]},"properties":{"z":127.3}},{"type":"Feature","geometry":{"type":"Point","coordinates":[135.8493156,34.6185684]},"properties":{"z":127.3}},{"type":"Feature","geometry":{"type":"Point","coordinates":[135.8492666,34.6185883]},"properties":{"z":126.8}},{"type":"Feature","geometry":{"type":"Point","coordinates":[135.8492182,34.6186091]},"properties":{"z":126.8}},{"type":"Feature","geometry":{"type":"Point","coordinates":[135.8491666,34.6186237]},"properties":{"z":127.3}},{"type":"Feature","geometry":{"type":"Point","coordinates":[135.8491148,34.618638]},"properties":{"z":127.2}},{"type":"Feature","geometry":{"type":"Point","coordinates":[135.8490631,34.6186526]},"properties":{"z":127.2}},{"type":"Feature","geometry":{"type":"Point","coordinates":[135.849011,34.6186661]},"properties":{"z":125.3}},{"type":"Feature","geometry":{"type":"Point","coordinates":[135.8489585,34.6186784]},"properties":{"z":125.3}},{"type":"Feature","geometry":{"type":"Point","coordinates":[135.8489067,34.6186925]},"properties":{"z":124.6}},{"type":"Feature","geometry":{"type":"Point","coordinates":[135.8488559,34.618709]},"properties":{"z":124.4}},{"type":"Feature","geometry":{"type":"Point","coordinates":[135.8488055,34.6187264]},"properties":{"z":124.4}},{"type":"Feature","geometry":{"type":"Point","coordinates":[135.8487558,34.618745]},"properties":{"z":123.7}},{"type":"Feature","geometry":{"type":"Point","coordinates":[135.8487051,34.6187615]},"properties":{"z":123.7}},{"type":"Feature","geometry":{"type":"Point","coordinates":[135.8486536,34.6187765]},"properties":{"z":124.8}},{"type":"Feature","geometry":{"type":"Point","coordinates":[135.848602,34.6187913]},"properties":{"z":125.5}},{"type":"Feature","geometry":{"type":"Point","coordinates":[135.8485504,34.618806]},"properties":{"z":123.7}},{"type":"Feature","geometry":{"type":"Point","coordinates":[135.8484983,34.6188195]},"properties":{"z":124.3}},{"type":"Feature","geometry":{"type":"Point","coordinates":[135.8484461,34.6188328]},"properties":{"z":124.3}},{"type":"Feature","geometry":{"type":"Point","coordinates":[135.8483939,34.6188459]},"properties":{"z":124.2}},{"type":"Feature","geometry":{"type":"Point","coordinates":[135.8483419,34.6188596]},"properties":{"z":123.8}},{"type":"Feature","geometry":{"type":"Point","coordinates":[135.8482908,34.6188755]},"properties":{"z":123.3}},{"type":"Feature","geometry":{"type":"Point","coordinates":[135.8482396,34.6188914]},"properties":{"z":122.9}},{"type":"Feature","geometry":{"type":"Point","coordinates":[135.8481885,34.6189072]},"properties":{"z":122.9}},{"type":"Feature","geometry":{"type":"Point","coordinates":[135.8481382,34.6189246]},"properties":{"z":122.4}},{"type":"Feature","geometry":{"type":"Point","coordinates":[135.8480889,34.6189439]},"properties":{"z":121.6}},{"type":"Feature","geometry":{"type":"Point","coordinates":[135.8480401,34.6189641]},"properties":{"z":121.6}},{"type":"Feature","geometry":{"type":"Point","coordinates":[135.8479917,34.618985]},"properties":{"z":121.2}},{"type":"Feature","geometry":{"type":"Point","coordinates":[135.8479442,34.619007]},"properties":{"z":121.2}},{"type":"Feature","geometry":{"type":"Point","coordinates":[135.8478974,34.6190303]},"properties":{"z":120.4}},{"type":"Feature","geometry":{"type":"Point","coordinates":[135.8478507,34.6190536]},"properties":{"z":120.4}},{"type":"Feature","geometry":{"type":"Point","coordinates":[135.847804,34.619077]},"properties":{"z":119.9}},{"type":"Feature","geometry":{"type":"Point","coordinates":[135.8477591,34.6191024]},"properties":{"z":119.5}},{"type":"Feature","geometry":{"type":"Point","coordinates":[135.8477147,34.6191287]},"properties":{"z":118.9}},{"type":"Feature","geometry":{"type":"Point","coordinates":[135.8476712,34.6191559]},"properties":{"z":118.5}},{"type":"Feature","geometry":{"type":"Point","coordinates":[135.8476282,34.6191835]},"properties":{"z":118.3}},{"type":"Feature","geometry":{"type":"Point","coordinates":[135.8475899,34.6192156]},"properties":{"z":118.3}},{"type":"Feature","geometry":{"type":"Point","coordinates":[135.8475523,34.6192481]},"properties":{"z":117.9}},{"type":"Feature","geometry":{"type":"Point","coordinates":[135.8475164,34.619282]},"properties":{"z":117.9}},{"type":"Feature","geometry":{"type":"Point","coordinates":[135.8474812,34.6193164]},"properties":{"z":117.7}},{"type":"Feature","geometry":{"type":"Point","coordinates":[135.847447,34.6193515]},"properties":{"z":117.7}},{"type":"Feature","geometry":{"type":"Point","coordinates":[135.8474144,34.6193875]},"properties":{"z":117.0}},{"type":"Feature","geometry":{"type":"Point","coordinates":[135.8473829,34.6194242]},"properties":{"z":117.6}},{"type":"Feature","geometry":{"type":"Point","coordinates":[135.8473544,34.6194625]},"properties":{"z":116.4}},{"type":"Feature","geometry":{"type":"Point","coordinates":[135.8473271,34.6195015]},"properties":{"z":116.4}},{"type":"Feature","geometry":{"type":"Point","coordinates":[135.8473072,34.6195432]},"properties":{"z":115.9}},{"type":"Feature","geometry":{"type":"Point","coordinates":[135.847313,34.6195873]},"properties":{"z":114.7}},{"type":"Feature","geometry":{"type":"Point","coordinates":[135.8473263,34.6196306]},"properties":{"z":114.8}},{"type":"Feature","geometry":{"type":"Point","coordinates":[135.8473467,34.6196723]},"properties":{"z":114.4}},{"type":"Feature","geometry":{"type":"Point","coordinates":[135.8473616,34.6197154]},"properties":{"z":114.4}},{"type":"Feature","geometry":{"type":"Point","coordinates":[135.8473726,34.6197594]},"properties":{"z":114.0}},{"type":"Feature","geometry":{"type":"Point","coordinates":[135.8473749,34.6198041]},"properties":{"z":113.6}},{"type":"Feature","geometry":{"type":"Point","coordinates":[135.8473741,34.6198491]},"properties":{"z":113.6}},{"type":"Feature","geometry":{"type":"Point","coordinates":[135.8473747,34.619894]},"properties":{"z":113.2}},{"type":"Feature","geometry":{"type":"Point","coordinates":[135.8473758,34.6199389]},"properties":{"z":112.8}},{"type":"Feature","geometry":{"type":"Point","coordinates":[135.8473858,34.6199831]},"properties":{"z":112.8}},{"type":"Feature","geometry":{"type":"Point","coordinates":[135.8474017,34.6200256]},"properties":{"z":112.6}},{"type":"Feature","geometry":{"type":"Point","coordinates":[135.8474277,34.6200651]},"properties":{"z":112.9}},{"type":"Feature","geometry":{"type":"Point","coordinates":[135.8474558,34.6201037]},"properties":{"z":113.1}},{"type":"Feature","geometry":{"type":"Point","coordinates":[135.8474882,34.6201395]},"properties":{"z":113.1}},{"type":"Feature","geometry":{"type":"Point","coordinates":[135.8475264,34.6201716]},"properties":{"z":113.8}},{"type":"Feature","geometry":{"type":"Point","coordinates":[135.8475704,34.6201983]},"properties":{"z":113.8}},{"type":"Feature","geometry":{"type":"Point","coordinates":[135.8476173,34.6202212]},"properties":{"z":114.4}},{"type":"Feature","geometry":{"type":"Point","coordinates":[135.8476659,34.6202417]},"properties":{"z":114.8}},{"type":"Feature","geometry":{"type":"Point","coordinates":[135.8477146,34.6202619]},"properties":{"z":114.8}},{"type":"Feature","geometry":{"type":"Point","coordinates":[135.8477622,34.620284]},"properties":{"z":115.7}},{"type":"Feature","geometry":{"type":"Point","coordinates":[135.8478089,34.6203073]},"properties":{"z":115.7}},{"type":"Feature","geometry":{"type":"Point","coordinates":[135.847857,34.6203284]},"properties":{"z":116.2}},{"type":"Feature","geometry":{"type":"Point","coordinates":[135.8479069,34.6203467]},"properties":{"z":116.2}},{"type":"Feature","geometry":{"type":"Point","coordinates":[135.8479565,34.6203656]},"properties":{"z":117.2}},{"type":"Feature","geometry":{"type":"Point","coordinates":[135.8480077,34.6203811]},"properties":{"z":117.7}},{"type":"Feature","geometry":{"type":"Point","coordinates":[135.8480555,34.6204028]},"properties":{"z":117.7}},{"type":"Feature","geometry":{"type":"Point","coordinates":[135.8481044,34.6204228]},"properties":{"z":118.2}},{"type":"Feature","geometry":{"type":"Point","coordinates":[135.8481555,34.6204381]},"properties":{"z":118.3}},{"type":"Feature","geometry":{"type":"Point","coordinates":[135.8482088,34.6204476]},"properties":{"z":118.7}},{"type":"Feature","geometry":{"type":"Point","coordinates":[135.8482633,34.6204501]},"properties":{"z":118.7}},{"type":"Feature","geometry":{"type":"Point","coordinates":[135.8483178,34.6204482]},"properties":{"z":119.2}},{"type":"Feature","geometry":{"type":"Point","coordinates":[135.848371,34.6204393]},"properties":{"z":119.7}},{"type":"Feature","geometry":{"type":"Point","coordinates":[135.8484231,34.6204256]},"properties":{"z":119.7}},{"type":"Feature","geometry":{"type":"Point","coordinates":[135.848474,34.6204095]},"properties":{"z":119.9}},{"type":"Feature","geometry":{"type":"Point","coordinates":[135.8485238,34.6203911]},"properties":{"z":120.0}},{"type":"Feature","geometry":{"type":"Point","coordinates":[135.8485745,34.6203743]},"properties":{"z":120.0}},{"type":"Feature","geometry":{"type":"Point","coordinates":[135.8486248,34.620357]},"properties":{"z":120.0}},{"type":"Feature","geometry":{"type":"Point","coordinates":[135.8486719,34.6203343]},"properties":{"z":120.0}},{"type":"Feature","geometry":{"type":"Point","coordinates":[135.8487192,34.6203118]},"properties":{"z":120.0}},{"type":"Feature","geometry":{"type":"Point","coordinates":[135.8487669,34.6202898]},"properties":{"z":120.0}},{"type":"Feature","geometry":{"type":"Point","coordinates":[135.8488145,34.6202682]},"properties":{"z":120.0}},{"type":"Feature","geometry":{"type":"Point","coordinates":[135.8488652,34.6202514]},"properties":{"z":120.0}},{"type":"Feature","geometry":{"type":"Point","coordinates":[135.8489136,34.6202306]},"properties":{"z":120.0}},{"type":"Feature","geometry":{"type":"Point","coordinates":[135.8489621,34.62021]},"properties":{"z":120.0}},{"type":"Feature","geometry":{"type":"Point","coordinates":[135.8490116,34.620191]},"properties":{"z":120.0}},{"type":"Feature","geometry":{"type":"Point","coordinates":[135.8490647,34.620192]},"properties":{"z":120.0}},{"type":"Feature","geometry":{"type":"Point","coordinates":[135.8490601,34.6202333]},"properties":{"z":120.0}},{"type":"Feature","geometry":{"type":"Point","coordinates":[135.8490247,34.6202671]},"properties":{"z":120.0}},{"type":"Feature","geometry":{"type":"Point","coordinates":[135.8489853,34.6202983]},"properties":{"z":120.0}},{"type":"Feature","geometry":{"type":"Point","coordinates":[135.8489432,34.6203269]},"properties":{"z":120.0}},{"type":"Feature","geometry":{"type":"Point","coordinates":[135.8488987,34.6203529]},"properties":{"z":120.0}},{"type":"Feature","geometry":{"type":"Point","coordinates":[135.8488524,34.6203768]},"properties":{"z":120.0}},{"type":"Feature","geometry":{"type":"Point","coordinates":[135.848808,34.6204028]},"properties":{"z":120.0}},{"type":"Feature","geometry":{"type":"Point","coordinates":[135.8487638,34.6204292]},"properties":{"z":120.0}},{"type":"Feature","geometry":{"type":"Point","coordinates":[135.8487194,34.6204554]},"properties":{"z":120.0}},{"type":"Feature","geometry":{"type":"Point","coordinates":[135.8486778,34.6204845]},"properties":{"z":120.0}},{"type":"Feature","geometry":{"type":"Point","coordinates":[135.8486353,34.6205123]},"properties":{"z":120.0}},{"type":"Feature","geometry":{"type":"Point","coordinates":[135.8485877,34.6205344]},"properties":{"z":120.0}},{"type":"Feature","geometry":{"type":"Point","coordinates":[135.8485446,34.6205618]},"properties":{"z":120.0}},{"type":"Feature","geometry":{"type":"Point","coordinates":[135.848509,34.6205958]},"properties":{"z":120.0}},{"type":"Feature","geometry":{"type":"Point","coordinates":[135.8484713,34.6206283]},"properties":{"z":120.0}},{"type":"Feature","geometry":{"type":"Point","coordinates":[135.8484393,34.6206647]},"properties":{"z":120.0}},{"type":"Feature","geometry":{"type":"Point","coordinates":[135.8484132,34.6207041]},"properties":{"z":120.0}},{"type":"Feature","geometry":{"type":"Point","coordinates":[135.8483938,34.6207461]},"properties":{"z":120.0}},{"type":"Feature","geometry":{"type":"Point","coordinates":[135.8483796,34.6207894]},"properties":{"z":120.0}},{"type":"Feature","geometry":{"type":"Point","coordinates":[135.8483739,34.6208339]},"properties":{"z":120.0}},{"type":"Feature","geometry":{"type":"Point","coordinates":[135.848372,34.6208788]},"properties":{"z":120.0}},{"type":"Feature","geometry":{"type":"Point","coordinates":[135.8483705,34.6209237]},"properties":{"z":120.0}},{"type":"Feature","geometry":{"type":"Point","coordinates":[135.8483736,34.6209685]},"properties":{"z":120.0}},{"type":"Feature","geometry":{"type":"Point","coordinates":[135.8483832,34.6210127]},"properties":{"z":120.0}},{"type":"Feature","geometry":{"type":"Point","coordinates":[135.8483892,34.6210574]},"properties":{"z":120.0}},{"type":"Feature","geometry":{"type":"Point","coordinates":[135.8483934,34.6211022]},"properties":{"z":120.0}},{"type":"Feature","geometry":{"type":"Point","coordinates":[135.8483983,34.621147]},"properties":{"z":120.0}},{"type":"Feature","geometry":{"type":"Point","coordinates":[135.8483997,34.6211918]},"properties":{"z":120.0}},{"type":"Feature","geometry":{"type":"Point","coordinates":[135.8483979,34.6212367]},"properties":{"z":120.0}},{"type":"Feature","geometry":{"type":"Point","coordinates":[135.8483999,34.6212816]},"properties":{"z":120.0}},{"type":"Feature","geometry":{"type":"Point","coordinates":[135.8484043,34.6213264]},"properties":{"z":120.0}},{"type":"Feature","geometry":{"type":"Point","coordinates":[135.8484117,34.6213709]},"properties":{"z":120.0}},{"type":"Feature","geometry":{"type":"Point","coordinates":[135.848422,34.6214151]},"properties":{"z":120.0}},{"type":"Feature","geometry":{"type":"Point","coordinates":[135.8484321,34.6214592]},"properties":{"z":120.0}},{"type":"Feature","geometry":{"type":"Point","coordinates":[135.848435,34.6215038]},"properties":{"z":120.0}},{"type":"Feature","geometry":{"type":"Point","coordinates":[135.8484335,34.6215487]},"properties":{"z":120.0}},{"type":"Feature","geometry":{"type":"Point","coordinates":[135.8484442,34.6215922]},"properties":{"z":120.0}},{"type":"Feature","geometry":{"type":"Point","coordinates":[135.848456,34.6216358]},"properties":{"z":120.0}},{"type":"Feature","geometry":{"type":"Point","coordinates":[135.848461,34.6216806]},"properties":{"z":120.0}},{"type":"Feature","geometry":{"type":"Point","coordinates":[135.8484641,34.6217254]},"properties":{"z":120.0}},{"type":"Feature","geometry":{"type":"Point","coordinates":[135.848464,34.6217703]},"properties":{"z":120.0}},{"type":"Feature","geometry":{"type":"Point","coordinates":[135.848465,34.6218151]},"properties":{"z":120.0}},{"type":"Feature","geometry":{"type":"Point","coordinates":[135.8484707,34.6218598]},"properties":{"z":120.0}},{"type":"Feature","geometry":{"type":"Point","coordinates":[135.8484787,34.6219042]},"properties":{"z":120.0}},{"type":"Feature","geometry":{"type":"Point","coordinates":[135.848485,34.6219488]},"properties":{"z":120.0}},{"type":"Feature","geometry":{"type":"Point","coordinates":[135.8484856,34.6219938]},"properties":{"z":120.0}},{"type":"Feature","geometry":{"type":"Point","coordinates":[135.8484937,34.6220382]},"properties":{"z":120.0}},{"type":"Feature","geometry":{"type":"Point","coordinates":[135.848501,34.6220828]},"properties":{"z":120.0}},{"type":"Feature","geometry":{"type":"Point","coordinates":[135.8485072,34.6221274]},"properties":{"z":120.0}},{"type":"Feature","geometry":{"type":"Point","coordinates":[135.848512,34.6221722]},"properties":{"z":120.0}},{"type":"Feature","geometry":{"type":"Point","coordinates":[135.8485163,34.622217]},"properties":{"z":120.0}},{"type":"Feature","geometry":{"type":"Point","coordinates":[135.8485225,34.6222616]},"properties":{"z":120.1}},{"type":"Feature","geometry":{"type":"Point","coordinates":[135.8485254,34.6223065]},"properties":{"z":120.1}},{"type":"Feature","geometry":{"type":"Point","coordinates":[135.8485358,34.6223506]},"properties":{"z":120.1}},{"type":"Feature","geometry":{"type":"Point","coordinates":[135.8485488,34.6223943]},"properties":{"z":120.1}},{"type":"Feature","geometry":{"type":"Point","coordinates":[135.8485608,34.622438]},"properties":{"z":120.1}},{"type":"Feature","geometry":{"type":"Point","coordinates":[135.8485653,34.6224828]},"properties":{"z":120.1}},{"type":"Feature","geometry":{"type":"Point","coordinates":[135.8485694,34.6225276]},"properties":{"z":120.1}},{"type":"Feature","geometry":{"type":"Point","coordinates":[135.848575,34.6225723]},"properties":{"z":120.1}},{"type":"Feature","geometry":{"type":"Point","coordinates":[135.8485823,34.6226169]},"properties":{"z":120.1}},{"type":"Feature","geometry":{"type":"Point","coordinates":[135.8485888,34.6226615]},"properties":{"z":120.1}},{"type":"Feature","geometry":{"type":"Point","coordinates":[135.8485931,34.6227063]},"properties":{"z":120.2}},{"type":"Feature","geometry":{"type":"Point","coordinates":[135.848596,34.6227512]},"properties":{"z":120.2}},{"type":"Feature","geometry":{"type":"Point","coordinates":[135.8485991,34.6227961]},"properties":{"z":120.1}},{"type":"Feature","geometry":{"type":"Point","coordinates":[135.8486028,34.6228409]},"properties":{"z":120.1}},{"type":"Feature","geometry":{"type":"Point","coordinates":[135.8486048,34.6228858]},"properties":{"z":120.1}},{"type":"Feature","geometry":{"type":"Point","coordinates":[135.848613,34.6229302]},"properties":{"z":120.1}},{"type":"Feature","geometry":{"type":"Point","coordinates":[135.8486249,34.622974]},"properties":{"z":120.1}},{"type":"Feature","geometry":{"type":"Point","coordinates":[135.8486407,34.623017]},"properties":{"z":120.1}},{"type":"Feature","geometry":{"type":"Point","coordinates":[135.8486621,34.6230584]},"properties":{"z":120.1}},{"type":"Feature","geometry":{"type":"Point","coordinates":[135.8486849,34.6230992]},"properties":{"z":120.1}},{"type":"Feature","geometry":{"type":"Point","coordinates":[135.8487089,34.6231396]},"properties":{"z":120.1}},{"type":"Feature","geometry":{"type":"Point","coordinates":[135.8487346,34.6231792]},"properties":{"z":120.1}},{"type":"Feature","geometry":{"type":"Point","coordinates":[135.8487647,34.6232167]},"properties":{"z":120.1}},{"type":"Feature","geometry":{"type":"Point","coordinates":[135.8487985,34.6232519]},"properties":{"z":120.1}},{"type":"Feature","geometry":{"type":"Point","coordinates":[135.848836,34.6232845]},"properties":{"z":120.1}},{"type":"Feature","geometry":{"type":"Point","coordinates":[135.848876,34.6233151]},"properties":{"z":120.1}},{"type":"Feature","geometry":{"type":"Point","coordinates":[135.8489187,34.6233429]},"properties":{"z":120.1}},{"type":"Feature","geometry":{"type":"Point","coordinates":[135.8489645,34.6233675]},"properties":{"z":120.1}},{"type":"Feature","geometry":{"type":"Point","coordinates":[135.849013,34.6233881]},"properties":{"z":120.1}},{"type":"Feature","geometry":{"type":"Point","coordinates":[135.8490639,34.6234038]},"properties":{"z":120.1}},{"type":"Feature","geometry":{"type":"Point","coordinates":[135.8491168,34.6234148]},"properties":{"z":120.1}},{"type":"Feature","geometry":{"type":"Point","coordinates":[135.8491706,34.6234227]},"properties":{"z":120.2}},{"type":"Feature","geometry":{"type":"Point","coordinates":[135.8492249,34.6234271]},"properties":{"z":120.2}},{"type":"Feature","geometry":{"type":"Point","coordinates":[135.8492795,34.6234288]},"properties":{"z":120.2}},{"type":"Feature","geometry":{"type":"Point","coordinates":[135.8493339,34.6234324]},"properties":{"z":120.2}},{"type":"Feature","geometry":{"type":"Point","coordinates":[135.8493878,34.6234391]},"properties":{"z":120.3}},{"type":"Feature","geometry":{"type":"Point","coordinates":[135.8494413,34.6234484]},"properties":{"z":120.3}},{"type":"Feature","geometry":{"type":"Point","coordinates":[135.8494948,34.6234576]},"properties":{"z":120.3}},{"type":"Feature","geometry":{"type":"Point","coordinates":[135.8495487,34.6234642]},"properties":{"z":120.2}},{"type":"Feature","geometry":{"type":"Point","coordinates":[135.8496032,34.6234672]},"properties":{"z":120.2}},{"type":"Feature","geometry":{"type":"Point","coordinates":[135.8496574,34.6234729]},"properties":{"z":120.3}},{"type":"Feature","geometry":{"type":"Point","coordinates":[135.8497099,34.6234843]},"properties":{"z":120.3}},{"type":"Feature","geometry":{"type":"Point","coordinates":[135.8497612,34.6234997]},"properties":{"z":120.3}},{"type":"Feature","geometry":{"type":"Point","coordinates":[135.8498119,34.6235164]},"properties":{"z":120.4}},{"type":"Feature","geometry":{"type":"Point","coordinates":[135.8498586,34.6235388]},"properties":{"z":120.4}},{"type":"Feature","geometry":{"type":"Point","coordinates":[135.8498706,34.6235778]},"properties":{"z":120.4}},{"type":"Feature","geometry":{"type":"Point","coordinates":[135.8498394,34.6235498]},"properties":{"z":120.4}},{"type":"Feature","geometry":{"type":"Point","coordinates":[135.8497929,34.6235264]},"properties":{"z":120.3}},{"type":"Feature","geometry":{"type":"Point","coordinates":[135.8497482,34.6235006]},"properties":{"z":120.3}},{"type":"Feature","geometry":{"type":"Point","coordinates":[135.8497175,34.6234683]},"properties":{"z":120.3}},{"type":"Feature","geometry":{"type":"Point","coordinates":[135.849757,34.6234936]},"properties":{"z":120.3}},{"type":"Feature","geometry":{"type":"Point","coordinates":[135.8498008,34.6235202]},"properties":{"z":120.3}},{"type":"Feature","geometry":{"type":"Point","coordinates":[135.8498328,34.6235551]},"properties":{"z":120.4}},{"type":"Feature","geometry":{"type":"Point","coordinates":[135.8498314,34.6235987]},"properties":{"z":120.4}},{"type":"Feature","geometry":{"type":"Point","coordinates":[135.8498615,34.6236357]},"properties":{"z":120.3}},{"type":"Feature","geometry":{"type":"Point","coordinates":[135.8498803,34.6236359]},"properties":{"z":120.3}},{"type":"Feature","geometry":{"type":"Point","coordinates":[135.8498359,34.6236141]},"properties":{"z":120.3}},{"type":"Feature","geometry":{"type":"Point","coordinates":[135.8498224,34.6235757]},"properties":{"z":120.4}},{"type":"Feature","geometry":{"type":"Point","coordinates":[135.8498692,34.6235579]},"properties":{"z":120.4}},{"type":"Feature","geometry":{"type":"Point","coordinates":[135.8499217,34.6235608]},"properties":{"z":120.4}},{"type":"Feature","geometry":{"type":"Point","coordinates":[135.8499675,34.6235853]},"properties":{"z":120.4}},{"type":"Feature","geometry":{"type":"Point","coordinates":[135.8500112,34.6236118]},"properties":{"z":120.5}},{"type":"Feature","geometry":{"type":"Point","coordinates":[135.8500453,34.6236466]},"properties":{"z":120.5}},{"type":"Feature","geometry":{"type":"Point","coordinates":[135.8500818,34.6236801]},"properties":{"z":120.5}},{"type":"Feature","geometry":{"type":"Point","coordinates":[135.8501189,34.6237129]},"properties":{"z":120.5}},{"type":"Feature","geometry":{"type":"Point","coordinates":[135.850165,34.6237342]},"properties":{"z":120.5}},{"type":"Feature","geometry":{"type":"Point","coordinates":[135.8501823,34.6237768]},"properties":{"z":121.4}},{"type":"Feature","geometry":{"type":"Point","coordinates":[135.8501684,34.6238188]},"properties":{"z":122.7}},{"type":"Feature","geometry":{"type":"Point","coordinates":[135.850146,34.6238598]},"properties":{"z":122.2}},{"type":"Feature","geometry":{"type":"Point","coordinates":[135.850116,34.623897]},"properties":{"z":124.2}},{"type":"Feature","geometry":{"type":"Point","coordinates":[135.8500725,34.6239239]},"properties":{"z":124.2}},{"type":"Feature","geometry":{"type":"Point","coordinates":[135.8500212,34.6239334]},"properties":{"z":123.9}},{"type":"Feature","geometry":{"type":"Point","coordinates":[135.8499678,34.6239421]},"properties":{"z":123.6}},{"type":"Feature","geometry":{"type":"Point","coordinates":[135.8499137,34.623948]},"properties":{"z":123.6}},{"type":"Feature","geometry":{"type":"Point","coordinates":[135.8498608,34.6239592]},"properties":{"z":125.2}},{"type":"Feature","geometry":{"type":"Point","coordinates":[135.8498073,34.6239681]},"properties":{"z":124.6}},{"type":"Feature","geometry":{"type":"Point","coordinates":[135.8497534,34.6239754]},"properties":{"z":124.6}},{"type":"Feature","geometry":{"type":"Point","coordinates":[135.8496989,34.6239752]},"properties":{"z":123.5}},{"type":"Feature","geometry":{"type":"Point","coordinates":[135.8496444,34.6239765]},"properties":{"z":123.5}},{"type":"Feature","geometry":{"type":"Point","coordinates":[135.8495902,34.623982]},"properties":{"z":121.7}},{"type":"Feature","geometry":{"type":"Point","coordinates":[135.8495414,34.6240021]},"properties":{"z":119.4}},{"type":"Feature","geometry":{"type":"Point","coordinates":[135.8494932,34.6240232]},"properties":{"z":119.4}},{"type":"Feature","geometry":{"type":"Point","coordinates":[135.8494455,34.6240451]},"properties":{"z":118.0}},{"type":"Feature","geometry":{"type":"Point","coordinates":[135.8494015,34.6240716]},"properties":{"z":118.0}},{"type":"Feature","geometry":{"type":"Point","coordinates":[135.849359,34.6240997]},"properties":{"z":118.1}},{"type":"Feature","geometry":{"type":"Point","coordinates":[135.8493247,34.6241347]},"properties":{"z":118.1}},{"type":"Feature","geometry":{"type":"Point","coordinates":[135.8492896,34.6241691]},"properties":{"z":118.3}},{"type":"Feature","geometry":{"type":"Point","coordinates":[135.8492538,34.6242031]},"properties":{"z":118.3}},{"type":"Feature","geometry":{"type":"Point","coordinates":[135.8492151,34.6242348]},"properties":{"z":118.3}},{"type":"Feature","geometry":{"type":"Point","coordinates":[135.8491764,34.6242665]},"properties":{"z":118.7}},{"type":"Feature","geometry":{"type":"Point","coordinates":[135.8491388,34.6242992]},"properties":{"z":118.7}},{"type":"Feature","geometry":{"type":"Point","coordinates":[135.8491013,34.6243318]},"properties":{"z":118.8}},{"type":"Feature","geometry":{"type":"Point","coordinates":[135.8490627,34.6243636]},"properties":{"z":118.8}},{"type":"Feature","geometry":{"type":"Point","coordinates":[135.849024,34.6243954]},"properties":{"z":118.8}},{"type":"Feature","geometry":{"type":"Point","coordinates":[135.8489843,34.6244262]},"properties":{"z":118.8}},{"type":"Feature","geometry":{"type":"Point","coordinates":[135.8489439,34.6244565]},"properties":{"z":118.6}},{"type":"Feature","geometry":{"type":"Point","coordinates":[135.8489075,34.6244898]},"properties":{"z":118.6}},{"type":"Feature","geometry":{"type":"Point","coordinates":[135.8488735,34.624525]},"properties":{"z":119.9}},{"type":"Feature","geometry":{"type":"Point","coordinates":[135.8488382,34.6245593]},"properties":{"z":118.8}},{"type":"Feature","geometry":{"type":"Point","coordinates":[135.8488025,34.6245933]},"properties":{"z":119.9}},{"type":"Feature","geometry":{"type":"Point","coordinates":[135.8487655,34.6246264]},"properties":{"z":119.0}},{"type":"Feature","geometry":{"type":"Point","coordinates":[135.8487189,34.6246471]},"properties":{"z":119.0}},{"type":"Feature","geometry":{"type":"Point","coordinates":[135.8486658,34.6246526]},"properties":{"z":118.2}},{"type":"Feature","geometry":{"type":"Point","coordinates":[135.8486126,34.624645]},"properties":{"z":118.2}},{"type":"Feature","geometry":{"type":"Point","coordinates":[135.8485643,34.624624]},"properties":{"z":117.6}},{"type":"Feature","geometry":{"type":"Point","coordinates":[135.8485347,34.6245876]},"properties":{"z":116.6}},{"type":"Feature","geometry":{"type":"Point","coordinates":[135.8485114,34.624547]},"properties":{"z":116.7}},{"type":"Feature","geometry":{"type":"Point","coordinates":[135.8484908,34.6245054]},"properties":{"z":115.7}},{"type":"Feature","geometry":{"type":"Point","coordinates":[135.8484723,34.6244631]},"properties":{"z":115.7}},{"type":"Feature","geometry":{"type":"Point","coordinates":[135.8484553,34.6244204]},"properties":{"z":114.7}},{"type":"Feature","geometry":{"type":"Point","coordinates":[135.8484418,34.6243768]},"properties":{"z":113.5}},{"type":"Feature","geometry":{"type":"Point","coordinates":[135.8484265,34.6243337]},"properties":{"z":113.9}},{"type":"Feature","geometry":{"type":"Point","coordinates":[135.8484037,34.6242935]},"properties":{"z":112.0}},{"type":"Feature","geometry":{"type":"Point","coordinates":[135.8483753,34.6242558]},"properties":{"z":112.0}},{"type":"Feature","geometry":{"type":"Point","coordinates":[135.8483623,34.6242121]},"properties":{"z":111.2}},{"type":"Feature","geometry":{"type":"Point","coordinates":[135.848345,34.6241696]},"properties":{"z":111.2}},{"type":"Feature","geometry":{"type":"Point","coordinates":[135.8483244,34.6241279]},"properties":{"z":110.2}},{"type":"Feature","geometry":{"type":"Point","coordinates":[135.8483017,34.6240871]},"properties":{"z":109.3}},{"type":"Feature","geometry":{"type":"Point","coordinates":[135.8482733,34.6240487]},"properties":{"z":109.3}},{"type":"Feature","geometry":{"type":"Point","coordinates":[135.8482424,34.6240117]},"properties":{"z":108.2}},{"type":"Feature","geometry":{"type":"Point","coordinates":[135.8482094,34.6239759]},"properties":{"z":108.2}},{"type":"Feature","geometry":{"type":"Point","coordinates":[135.8481744,34.6239414]},"properties":{"z":107.4}},{"type":"Feature","geometry":{"type":"Point","coordinates":[135.8481392,34.623907]},"properties":{"z":107.4}},{"type":"Feature","geometry":{"type":"Point","coordinates":[135.8481017,34.6238743]},"properties":{"z":106.6}},{"type":"Feature","geometry":{"type":"Point","coordinates":[135.848064,34.6238417]},"properties":{"z":107.0}},{"type":"Feature","geometry":{"type":"Point","coordinates":[135.8480245,34.6238108]},"properties":{"z":106.1}},{"type":"Feature","geometry":{"type":"Point","coordinates":[135.8479819,34.6237827]},"properties":{"z":106.7}},{"type":"Feature","geometry":{"type":"Point","coordinates":[135.8479392,34.6237547]},"properties":{"z":106.7}},{"type":"Feature","geometry":{"type":"Point","coordinates":[135.8478947,34.6237287]},"properties":{"z":106.2}},{"type":"Feature","geometry":{"type":"Point","coordinates":[135.8478484,34.6237048]},"properties":{"z":106.2}},{"type":"Feature","geometry":{"type":"Point","coordinates":[135.8478022,34.6236809]},"properties":{"z":106.7}},{"type":"Feature","geometry":{"type":"Point","coordinates":[135.8477543,34.6236594]},"properties":{"z":105.6}},{"type":"Feature","geometry":{"type":"Point","coordinates":[135.8477053,34.6236395]},"properties":{"z":105.9}},{"type":"Feature","geometry":{"type":"Point","coordinates":[135.8476563,34.6236196]},"properties":{"z":106.5}},{"type":"Feature","geometry":{"type":"Point","coordinates":[135.8476054,34.6236035]},"properties":{"z":106.5}},{"type":"Feature","geometry":{"type":"Point","coordinates":[135.847554,34.6235884]},"properties":{"z":105.1}},{"type":"Feature","geometry":{"type":"Point","coordinates":[135.8475023,34.6235739]},"properties":{"z":105.1}},{"type":"Feature","geometry":{"type":"Point","coordinates":[135.847449,34.6235639]},"properties":{"z":105.2}},{"type":"Feature","geometry":{"type":"Point","coordinates":[135.8473958,34.6235538]},"properties":{"z":104.9}},{"type":"Feature","geometry":{"type":"Point","coordinates":[135.8473419,34.6235468]},"properties":{"z":104.9}},{"type":"Feature","geometry":{"type":"Point","coordinates":[135.8472876,34.6235421]},"properties":{"z":103.6}},{"type":"Feature","geometry":{"type":"Point","coordinates":[135.8472333,34.6235375]},"properties":{"z":101.1}},{"type":"Feature","geometry":{"type":"Point","coordinates":[135.8471787,34.6235349]},"properties":{"z":101.1}},{"type":"Feature","geometry":{"type":"Point","coordinates":[135.8471242,34.6235322]},"properties":{"z":99.6}},{"type":"Feature","geometry":{"type":"Point","coordinates":[135.8470698,34.6235286]},"properties":{"z":99.1}},{"type":"Feature","geometry":{"type":"Point","coordinates":[135.8470154,34.6235246]},"properties":{"z":98.3}},{"type":"Feature","geometry":{"type":"Point","coordinates":[135.8469608,34.6235223]},"properties":{"z":97.6}},{"type":"Feature","geometry":{"type":"Point","coordinates":[135.8469062,34.6235212]},"properties":{"z":97.6}},{"type":"Feature","geometry":{"type":"Point","coordinates":[135.8468518,34.623518]},"properties":{"z":96.8}},{"type":"Feature","geometry":{"type":"Point","coordinates":[135.8467975,34.6235132]},"properties":{"z":96.1}},{"type":"Feature","geometry":{"type":"Point","coordinates":[135.8467437,34.6235062]},"properties":{"z":96.1}},{"type":"Feature","geometry":{"type":"Point","coordinates":[135.8466892,34.6235046]},"properties":{"z":95.6}},{"type":"Feature","geometry":{"type":"Point","coordinates":[135.8466354,34.6234985]},"properties":{"z":95.6}},{"type":"Feature","geometry":{"type":"Point","coordinates":[135.8465848,34.6235155]},"properties":{"z":95.0}},{"type":"Feature","geometry":{"type":"Point","coordinates":[135.8465469,34.623546]},"properties":{"z":94.7}},{"type":"Feature","geometry":{"type":"Point","coordinates":[135.8465175,34.6235836]},"properties":{"z":94.7}},{"type":"Feature","geometry":{"type":"Point","coordinates":[135.8464943,34.6236243]},"properties":{"z":95.5}},{"type":"Feature","geometry":{"type":"Point","coordinates":[135.846468,34.6236637]},"properties":{"z":95.5}},{"type":"Feature","geometry":{"type":"Point","coordinates":[135.8464401,34.6237023]},"properties":{"z":95.1}},{"type":"Feature","geometry":{"type":"Point","coordinates":[135.846411,34.6237403]},"properties":{"z":95.1}},{"type":"Feature","geometry":{"type":"Point","coordinates":[135.8463808,34.6237778]},"properties":{"z":96.1}},{"type":"Feature","geometry":{"type":"Point","coordinates":[135.8463531,34.6238166]},"properties":{"z":95.8}},{"type":"Feature","geometry":{"type":"Point","coordinates":[135.8463245,34.6238548]},"properties":{"z":95.8}},{"type":"Feature","geometry":{"type":"Point","coordinates":[135.8462939,34.623892]},"properties":{"z":96.9}},{"type":"Feature","geometry":{"type":"Point","coordinates":[135.846261,34.6239279]},"properties":{"z":95.6}},{"type":"Feature","geometry":{"type":"Point","coordinates":[135.8462244,34.6239611]},"properties":{"z":97.0}},{"type":"Feature","geometry":{"type":"Point","coordinates":[135.8461852,34.6239924]},"properties":{"z":95.8}},{"type":"Feature","geometry":{"type":"Point","coordinates":[135.8461469,34.6240245]},"properties":{"z":95.8}},{"type":"Feature","geometry":{"type":"Point","coordinates":[135.846108,34.6240561]},"properties":{"z":95.8}},{"type":"Feature","geometry":{"type":"Point","coordinates":[135.8460687,34.6240872]},"properties":{"z":95.8}},{"type":"Feature","geometry":{"type":"Point","coordinates":[135.8460285,34.6241177]},"properties":{"z":96.2}},{"type":"Feature","geometry":{"type":"Point","coordinates":[135.8459882,34.624148]},"properties":{"z":96.2}},{"type":"Feature","geometry":{"type":"Point","coordinates":[135.8459478,34.6241783]},"properties":{"z":97.5}},{"type":"Feature","geometry":{"type":"Point","coordinates":[135.845907,34.6242082]},"properties":{"z":96.3}},{"type":"Feature","geometry":{"type":"Point","coordinates":[135.845866,34.6242379]},"properties":{"z":96.3}},{"type":"Feature","geometry":{"type":"Point","coordinates":[135.8458233,34.6242659]},"properties":{"z":95.7}},{"type":"Feature","geometry":{"type":"Point","coordinates":[135.8457799,34.6242932]},"properties":{"z":95.7}},{"type":"Feature","geometry":{"type":"Point","coordinates":[135.8457353,34.6243191]},"properties":{"z":94.4}},{"type":"Feature","geometry":{"type":"Point","coordinates":[135.8456907,34.6243451]},"properties":{"z":94.4}},{"type":"Feature","geometry":{"type":"Point","coordinates":[135.8456459,34.6243707]},"properties":{"z":93.1}},{"type":"Feature","geometry":{"type":"Point","coordinates":[135.8456001,34.6243953]},"properties":{"z":94.0}},{"type":"Feature","geometry":{"type":"Point","coordinates":[135.8455486,34.6244086]},"properties":{"z":94.0}},{"type":"Feature","geometry":{"type":"Point","coordinates":[135.8454983,34.6244071]},"properties":{"z":95.1}},{"type":"Feature","geometry":{"type":"Point","coordinates":[135.8454554,34.6243792]},"properties":{"z":93.6}},{"type":"Feature","geometry":{"type":"Point","coordinates":[135.845428,34.6243416]},"properties":{"z":94.6}},{"type":"Feature","geometry":{"type":"Point","coordinates":[135.8454062,34.6243004]},"properties":{"z":92.7}},{"type":"Feature","geometry":{"type":"Point","coordinates":[135.8453763,34.6242628]},"properties":{"z":92.7}},{"type":"Feature","geometry":{"type":"Point","coordinates":[135.8453419,34.6242296]},"properties":{"z":91.3}},{"type":"Feature","geometry":{"type":"Point","coordinates":[135.8452915,34.6242123]},"properties":{"z":91.3}},{"type":"Feature","geometry":{"type":"Point","coordinates":[135.8452396,34.6242005]},"properties":{"z":91.4}},{"type":"Feature","geometry":{"type":"Point","coordinates":[135.8451851,34.6241987]},"properties":{"z":91.4}},{"type":"Feature","geometry":{"type":"Point","coordinates":[135.8451318,34.624204]},"properties":{"z":91.4}},{"type":"Feature","geometry":{"type":"Point","coordinates":[135.8450803,34.624219]},"properties":{"z":91.3}},{"type":"Feature","geometry":{"type":"Point","coordinates":[135.8450299,34.6242361]},"properties":{"z":91.3}},{"type":"Feature","geometry":{"type":"Point","coordinates":[135.8449811,34.6242563]},"properties":{"z":92.9}},{"type":"Feature","geometry":{"type":"Point","coordinates":[135.8449338,34.6242787]},"properties":{"z":92.9}},{"type":"Feature","geometry":{"type":"Point","coordinates":[135.8448889,34.6243043]},"properties":{"z":92.2}},{"type":"Feature","geometry":{"type":"Point","coordinates":[135.8448419,34.6243269]},"properties":{"z":94.6}},{"type":"Feature","geometry":{"type":"Point","coordinates":[135.8447931,34.624347]},"properties":{"z":94.0}},{"type":"Feature","geometry":{"type":"Point","coordinates":[135.8447416,34.624362]},"properties":{"z":93.3}},{"type":"Feature","geometry":{"type":"Point","coordinates":[135.8446885,34.6243704]},"properties":{"z":93.3}},{"type":"Feature","geometry":{"type":"Point","coordinates":[135.8446339,34.6243722]},"properties":{"z":92.6}},{"type":"Feature","geometry":{"type":"Point","coordinates":[135.8445793,34.6243712]},"properties":{"z":92.6}},{"type":"Feature","geometry":{"type":"Point","coordinates":[135.8445248,34.6243714]},"properties":{"z":92.3}},{"type":"Feature","geometry":{"type":"Point","coordinates":[135.8444706,34.6243771]},"properties":{"z":91.9}},{"type":"Feature","geometry":{"type":"Point","coordinates":[135.844417,34.6243853]},"properties":{"z":94.3}},{"type":"Feature","geometry":{"type":"Point","coordinates":[135.8443639,34.6243959]},"properties":{"z":93.7}},{"type":"Feature","geometry":{"type":"Point","coordinates":[135.8443133,34.6244124]},"properties":{"z":93.0}},{"type":"Feature","geometry":{"type":"Point","coordinates":[135.8442636,34.624431]},"properties":{"z":93.0}},{"type":"Feature","geometry":{"type":"Point","coordinates":[135.8442135,34.6244489]},"properties":{"z":92.1}},{"type":"Feature","geometry":{"type":"Point","coordinates":[135.8441633,34.6244666]},"properties":{"z":94.2}},{"type":"Feature","geometry":{"type":"Point","coordinates":[135.8441137,34.6244855]},"properties":{"z":93.2}},{"type":"Feature","geometry":{"type":"Point","coordinates":[135.8440643,34.6245048]},"properties":{"z":93.2}},{"type":"Feature","geometry":{"type":"Point","coordinates":[135.8440136,34.6245212]},"properties":{"z":93.1}},{"type":"Feature","geometry":{"type":"Point","coordinates":[135.8439618,34.6245355]},"properties":{"z":91.6}},{"type":"Feature","geometry":{"type":"Point","coordinates":[135.84391,34.6245497]},"properties":{"z":91.6}},{"type":"Feature","geometry":{"type":"Point","coordinates":[135.8438581,34.6245639]},"properties":{"z":90.9}},{"type":"Feature","geometry":{"type":"Point","coordinates":[135.8438063,34.624578]},"properties":{"z":90.9}},{"type":"Feature","geometry":{"type":"Point","coordinates":[135.8437545,34.6245923]},"properties":{"z":91.4}},{"type":"Feature","geometry":{"type":"Point","coordinates":[135.8437027,34.6246065]},"properties":{"z":91.4}},{"type":"Feature","geometry":{"type":"Point","coordinates":[135.8436498,34.6246179]},"properties":{"z":91.4}},{"type":"Feature","geometry":{"type":"Point","coordinates":[135.8435969,34.6246291]},"properties":{"z":91.5}},{"type":"Feature","geometry":{"type":"Point","coordinates":[135.8435436,34.6246389]},"properties":{"z":91.7}},{"type":"Feature","geometry":{"type":"Point","coordinates":[135.8434902,34.6246483]},"properties":{"z":91.7}},{"type":"Feature","geometry":{"type":"Point","coordinates":[135.8434369,34.624658]},"properties":{"z":91.8}},{"type":"Feature","geometry":{"type":"Point","coordinates":[135.8433836,34.6246679]},"properties":{"z":92.7}},{"type":"Feature","geometry":{"type":"Point","coordinates":[135.84333,34.6246764]},"properties":{"z":92.7}},{"type":"Feature","geometry":{"type":"Point","coordinates":[135.8432761,34.6246839]},"properties":{"z":92.7}},{"type":"Feature","geometry":{"type":"Point","coordinates":[135.8432222,34.6246911]},"properties":{"z":92.7}},{"type":"Feature","geometry":{"type":"Point","coordinates":[135.8431682,34.6246979]},"properties":{"z":92.5}},{"type":"Feature","geometry":{"type":"Point","coordinates":[135.8431143,34.6247052]},"properties":{"z":92.6}},{"type":"Feature","geometry":{"type":"Point","coordinates":[135.8430607,34.624714]},"properties":{"z":92.6}},{"type":"Feature","geometry":{"type":"Point","coordinates":[135.8430072,34.6247228]},"properties":{"z":91.6}},{"type":"Feature","geometry":{"type":"Point","coordinates":[135.842954,34.6247332]},"properties":{"z":92.0}},{"type":"Feature","geometry":{"type":"Point","coordinates":[135.842901,34.6247441]},"properties":{"z":90.6}},{"type":"Feature","geometry":{"type":"Point","coordinates":[135.8428482,34.6247556]},"properties":{"z":89.6}},{"type":"Feature","geometry":{"type":"Point","coordinates":[135.8427976,34.6247724]},"properties":{"z":89.6}},{"type":"Feature","geometry":{"type":"Point","coordinates":[135.8427469,34.6247892]},"properties":{"z":89.0}},{"type":"Feature","geometry":{"type":"Point","coordinates":[135.8426962,34.6248058]},"properties":{"z":89.1}},{"type":"Feature","geometry":{"type":"Point","coordinates":[135.8426451,34.6248218]},"properties":{"z":88.7}},{"type":"Feature","geometry":{"type":"Point","coordinates":[135.8425941,34.6248378]},"properties":{"z":88.4}},{"type":"Feature","geometry":{"type":"Point","coordinates":[135.8425429,34.6248534]},"properties":{"z":88.4}},{"type":"Feature","geometry":{"type":"Point","coordinates":[135.8424911,34.6248678]},"properties":{"z":88.0}},{"type":"Feature","geometry":{"type":"Point","coordinates":[135.8424394,34.6248823]},"properties":{"z":88.7}},{"type":"Feature","geometry":{"type":"Point","coordinates":[135.842388,34.6248976]},"properties":{"z":88.3}},{"type":"Feature","geometry":{"type":"Point","coordinates":[135.8423369,34.6249133]},"properties":{"z":87.9}},{"type":"Feature","geometry":{"type":"Point","coordinates":[135.8422864,34.6249305]},"properties":{"z":87.9}},{"type":"Feature","geometry":{"type":"Point","coordinates":[135.8422373,34.6249501]},"properties":{"z":88.1}},{"type":"Feature","geometry":{"type":"Point","coordinates":[135.8421894,34.6249717]},"properties":{"z":88.1}},{"type":"Feature","geometry":{"type":"Point","coordinates":[135.8421425,34.6249947]},"properties":{"z":87.7}},{"type":"Feature","geometry":{"type":"Point","coordinates":[135.8420959,34.6250182]},"properties":{"z":88.4}},{"type":"Feature","geometry":{"type":"Point","coordinates":[135.8420481,34.62504]},"properties":{"z":88.0}},{"type":"Feature","geometry":{"type":"Point","coordinates":[135.8420001,34.6250614]},"properties":{"z":88.0}},{"type":"Feature","geometry":{"type":"Point","coordinates":[135.8419528,34.6250839]},"properties":{"z":87.8}},{"type":"Feature","geometry":{"type":"Point","coordinates":[135.8419058,34.6251068]},"properties":{"z":88.1}},{"type":"Feature","geometry":{"type":"Point","coordinates":[135.8418607,34.6251321]},"properties":{"z":88.1}},{"type":"Feature","geometry":{"type":"Point","coordinates":[135.8418164,34.6251584]},"properties":{"z":88.4}},{"type":"Feature","geometry":{"type":"Point","coordinates":[135.8417744,34.6251871]},"properties":{"z":88.4}},{"type":"Feature","geometry":{"type":"Point","coordinates":[135.8417335,34.6252168]},"properties":{"z":88.0}},{"type":"Feature","geometry":{"type":"Point","coordinates":[135.8416919,34.625246]},"properties":{"z":88.7}},{"type":"Feature","geometry":{"type":"Point","coordinates":[135.84165,34.6252748]},"properties":{"z":88.3}},{"type":"Feature","geometry":{"type":"Point","coordinates":[135.8416077,34.6253033]},"properties":{"z":88.9}},{"type":"Feature","geometry":{"type":"Point","coordinates":[135.8415653,34.6253316]},"properties":{"z":88.5}},{"type":"Feature","geometry":{"type":"Point","coordinates":[135.8415194,34.6253558]},"properties":{"z":88.5}},{"type":"Feature","geometry":{"type":"Point","coordinates":[135.8414718,34.6253777]},"properties":{"z":88.8}},{"type":"Feature","geometry":{"type":"Point","coordinates":[135.8414239,34.6253993]},"properties":{"z":88.8}},{"type":"Feature","geometry":{"type":"Point","coordinates":[135.8413758,34.6254207]},"properties":{"z":88.3}},{"type":"Feature","geometry":{"type":"Point","coordinates":[135.8413255,34.6254379]},"properties":{"z":88.3}},{"type":"Feature","geometry":{"type":"Point","coordinates":[135.841274,34.6254528]},"properties":{"z":88.5}},{"type":"Feature","geometry":{"type":"Point","coordinates":[135.8412207,34.6254621]},"properties":{"z":88.1}},{"type":"Feature","geometry":{"type":"Point","coordinates":[135.8411668,34.6254694]},"properties":{"z":88.1}},{"type":"Feature","geometry":{"type":"Point","coordinates":[135.8411125,34.6254738]},"properties":{"z":87.9}},{"type":"Feature","geometry":{"type":"Point","coordinates":[135.841058,34.6254772]},"properties":{"z":87.9}},{"type":"Feature","geometry":{"type":"Point","coordinates":[135.8410046,34.6254858]},"properties":{"z":87.8}},{"type":"Feature","geometry":{"type":"Point","coordinates":[135.8409517,34.6254972]},"properties":{"z":87.7}},{"type":"Feature","geometry":{"type":"Point","coordinates":[135.8408988,34.6255083]},"properties":{"z":87.7}},{"type":"Feature","geometry":{"type":"Point","coordinates":[135.8408458,34.6255191]},"properties":{"z":88.3}},{"type":"Feature","geometry":{"type":"Point","coordinates":[135.8407926,34.6255295]},"properties":{"z":88.2}},{"type":"Feature","geometry":{"type":"Point","coordinates":[135.8407389,34.6255374]},"properties":{"z":88.2}},{"type":"Feature","geometry":{"type":"Point","coordinates":[135.8406851,34.6255453]},"properties":{"z":88.0}},{"type":"Feature","geometry":{"type":"Point","coordinates":[135.8406312,34.6255528]},"properties":{"z":88.0}},{"type":"Feature","geometry":{"type":"Point","coordinates":[135.8405773,34.6255602]},"properties":{"z":87.9}},{"type":"Feature","geometry":{"type":"Point","coordinates":[135.8405231,34.6255646]},"properties":{"z":87.9}},{"type":"Feature","geometry":{"type":"Point","coordinates":[135.8404685,34.6255668]},"properties":{"z":87.9}},{"type":"Feature","geometry":{"type":"Point","coordinates":[135.8404139,34.6255674]},"properties":{"z":87.8}},{"type":"Feature","geometry":{"type":"Point","coordinates":[135.8403594,34.6255654]},"properties":{"z":87.6}},{"type":"Feature","geometry":{"type":"Point","coordinates":[135.8403048,34.6255628]},"properties":{"z":87.6}},{"type":"Feature","geometry":{"type":"Point","coordinates":[135.8402505,34.6255582]},"properties":{"z":87.4}},{"type":"Feature","geometry":{"type":"Point","coordinates":[135.8401962,34.6255535]},"properties":{"z":87.2}},{"type":"Feature","geometry":{"type":"Point","coordinates":[135.8401419,34.6255482]},"properties":{"z":87.2}},{"type":"Feature","geometry":{"type":"Point","coordinates":[135.8400877,34.6255429]},"properties":{"z":87.0}},{"type":"Feature","geometry":{"type":"Point","coordinates":[135.8400334,34.6255382]},"properties":{"z":87.0}},{"type":"Feature","geometry":{"type":"Point","coordinates":[135.839979,34.6255335]},"properties":{"z":86.8}},{"type":"Feature","geometry":{"type":"Point","coordinates":[135.8399246,34.6255293]},"properties":{"z":86.6}},{"type":"Feature","geometry":{"type":"Point","coordinates":[135.8398702,34.6255253]},"properties":{"z":86.6}},{"type":"Feature","geometry":{"type":"Point","coordinates":[135.8398157,34.6255245]},"properties":{"z":86.4}},{"type":"Feature","geometry":{"type":"Point","coordinates":[135.8397611,34.6255252]},"properties":{"z":86.2}},{"type":"Feature","geometry":{"type":"Point","coordinates":[135.8397065,34.6255271]},"properties":{"z":86.2}},{"type":"Feature","geometry":{"type":"Point","coordinates":[135.839652,34.6255298]},"properties":{"z":85.7}},{"type":"Feature","geometry":{"type":"Point","coordinates":[135.839598,34.6255363]},"properties":{"z":85.7}},{"type":"Feature","geometry":{"type":"Point","coordinates":[135.8395444,34.6255448]},"properties":{"z":85.1}},{"type":"Feature","geometry":{"type":"Point","coordinates":[135.8394906,34.6255526]},"properties":{"z":84.6}},{"type":"Feature","geometry":{"type":"Point","coordinates":[135.8394367,34.6255602]},"properties":{"z":84.6}},{"type":"Feature","geometry":{"type":"Point","coordinates":[135.8393833,34.6255694]},"properties":{"z":84.2}},{"type":"Feature","geometry":{"type":"Point","coordinates":[135.8393299,34.6255789]},"properties":{"z":83.9}},{"type":"Feature","geometry":{"type":"Point","coordinates":[135.8392762,34.6255871]},"properties":{"z":85.2}},{"type":"Feature","geometry":{"type":"Point","coordinates":[135.8392225,34.6255952]},"properties":{"z":85.1}},{"type":"Feature","geometry":{"type":"Point","coordinates":[135.8391687,34.6256032]},"properties":{"z":85.1}},{"type":"Feature","geometry":{"type":"Point","coordinates":[135.8391149,34.6256111]},"properties":{"z":85.0}},{"type":"Feature","geometry":{"type":"Point","coordinates":[135.8390606,34.6256157]},"properties":{"z":84.8}},{"type":"Feature","geometry":{"type":"Point","coordinates":[135.8390062,34.6256197]},"properties":{"z":84.8}},{"type":"Feature","geometry":{"type":"Point","coordinates":[135.8389544,34.6256063]},"properties":{"z":84.3}},{"type":"Feature","geometry":{"type":"Point","coordinates":[135.8389329,34.6255704]},"properties":{"z":82.9}},{"type":"Feature","geometry":{"type":"Point","coordinates":[135.8389238,34.6255261]},"properties":{"z":82.9}},{"type":"Feature","geometry":{"type":"Point","coordinates":[135.8389156,34.6254816]},"properties":{"z":81.6}},{"type":"Feature","geometry":{"type":"Point","coordinates":[135.8388958,34.6254402]},"properties":{"z":81.2}},{"type":"Feature","geometry":{"type":"Point","coordinates":[135.8388709,34.6254003]},"properties":{"z":80.1}},{"type":"Feature","geometry":{"type":"Point","coordinates":[135.8388251,34.6253789]},"properties":{"z":80.1}},{"type":"Feature","geometry":{"type":"Point","coordinates":[135.8387746,34.6253618]},"properties":{"z":79.7}},{"type":"Feature","geometry":{"type":"Point","coordinates":[135.8387221,34.6253639]},"properties":{"z":79.6}},{"type":"Feature","geometry":{"type":"Point","coordinates":[135.8386688,34.6253738]},"properties":{"z":79.9}},{"type":"Feature","geometry":{"type":"Point","coordinates":[135.8386173,34.6253879]},"properties":{"z":79.7}},{"type":"Feature","geometry":{"type":"Point","coordinates":[135.8385677,34.6254069]},"properties":{"z":79.7}},{"type":"Feature","geometry":{"type":"Point","coordinates":[135.838518,34.6254254]},"properties":{"z":79.6}},{"type":"Feature","geometry":{"type":"Point","coordinates":[135.8384671,34.6254418]},"properties":{"z":79.7}},{"type":"Feature","geometry":{"type":"Point","coordinates":[135.8384163,34.6254582]},"properties":{"z":79.7}},{"type":"Feature","geometry":{"type":"Point","coordinates":[135.8383628,34.6254667]},"properties":{"z":79.6}},{"type":"Feature","geometry":{"type":"Point","coordinates":[135.8383088,34.6254734]},"properties":{"z":79.6}},{"type":"Feature","geometry":{"type":"Point","coordinates":[135.8382545,34.6254769]},"properties":{"z":79.5}},{"type":"Feature","geometry":{"type":"Point","coordinates":[135.8381999,34.6254766]},"properties":{"z":79.3}},{"type":"Feature","geometry":{"type":"Point","coordinates":[135.8381453,34.625476]},"properties":{"z":79.3}},{"type":"Feature","geometry":{"type":"Point","coordinates":[135.838091,34.6254712]},"properties":{"z":79.3}},{"type":"Feature","geometry":{"type":"Point","coordinates":[135.8380367,34.6254665]},"properties":{"z":79.2}},{"type":"Feature","geometry":{"type":"Point","coordinates":[135.8379827,34.6254599]},"properties":{"z":79.2}},{"type":"Feature","geometry":{"type":"Point","coordinates":[135.8379289,34.6254519]},"properties":{"z":79.2}},{"type":"Feature","geometry":{"type":"Point","coordinates":[135.8378752,34.6254438]},"properties":{"z":79.3}},{"type":"Feature","geometry":{"type":"Point","coordinates":[135.8378224,34.6254321]},"properties":{"z":78.9}},{"type":"Feature","geometry":{"type":"Point","coordinates":[135.8377697,34.6254204]},"properties":{"z":79.0}},{"type":"Feature","geometry":{"type":"Point","coordinates":[135.8377172,34.6254079]},"properties":{"z":79.0}},{"type":"Feature","geometry":{"type":"Point","coordinates":[135.8376653,34.6253938]},"properties":{"z":79.1}},{"type":"Feature","geometry":{"type":"Point","coordinates":[135.8376134,34.6253798]},"properties":{"z":79.2}},{"type":"Feature","geometry":{"type":"Point","coordinates":[135.8375625,34.6253636]},"properties":{"z":78.9}},{"type":"Feature","geometry":{"type":"Point","coordinates":[135.8375121,34.6253463]},"properties":{"z":78.9}},{"type":"Feature","geometry":{"type":"Point","coordinates":[135.8374627,34.6253278]},"properties":{"z":78.9}},{"type":"Feature","geometry":{"type":"Point","coordinates":[135.8374258,34.6252946]},"properties":{"z":78.7}},{"type":"Feature","geometry":{"type":"Point","coordinates":[135.837389,34.6252615]},"properties":{"z":78.7}},{"type":"Feature","geometry":{"type":"Point","coordinates":[135.8373606,34.625224]},"properties":{"z":78.6}},{"type":"Feature","geometry":{"type":"Point","coordinates":[135.8373409,34.625182]},"properties":{"z":78.6}},{"type":"Feature","geometry":{"type":"Point","coordinates":[135.8373213,34.6251401]},"properties":{"z":78.5}},{"type":"Feature","geometry":{"type":"Point","coordinates":[135.8373001,34.6250986]},"properties":{"z":78.5}},{"type":"Feature","geometry":{"type":"Point","coordinates":[135.8372788,34.6250573]},"properties":{"z":78.5}},{"type":"Feature","geometry":{"type":"Point","coordinates":[135.8372551,34.6250169]},"properties":{"z":78.4}},{"type":"Feature","geometry":{"type":"Point","coordinates":[135.837225,34.6249794]},"properties":{"z":78.3}},{"type":"Feature","geometry":{"type":"Point","coordinates":[135.8371949,34.6249419]},"properties":{"z":78.2}},{"type":"Feature","geometry":{"type":"Point","coordinates":[135.8371568,34.6249101]},"properties":{"z":78.1}},{"type":"Feature","geometry":{"type":"Point","coordinates":[135.837116,34.6248802]},"properties":{"z":78.1}},{"type":"Feature","geometry":{"type":"Point","coordinates":[135.8370737,34.6248521]},"properties":{"z":78.0}},{"type":"Feature","geometry":{"type":"Point","coordinates":[135.8370259,34.6248303]},"properties":{"z":78.0}},{"type":"Feature","geometry":{"type":"Point","coordinates":[135.8369781,34.6248086]},"properties":{"z":77.9}},{"type":"Feature","geometry":{"type":"Point","coordinates":[135.8369274,34.6247922]},"properties":{"z":77.8}},{"type":"Feature","geometry":{"type":"Point","coordinates":[135.8368753,34.6247787]},"properties":{"z":77.8}},{"type":"Feature","geometry":{"type":"Point","coordinates":[135.8368232,34.6247653]},"properties":{"z":77.7}},{"type":"Feature","geometry":{"type":"Point","coordinates":[135.8367703,34.6247541]},"properties":{"z":77.7}},{"type":"Feature","geometry":{"type":"Point","coordinates":[135.8367174,34.624743]},"properties":{"z":77.6}},{"type":"Feature","geometry":{"type":"Point","coordinates":[135.8366642,34.6247326]},"properties":{"z":77.5}},{"type":"Feature","geometry":{"type":"Point","coordinates":[135.8366108,34.6247233]},"properties":{"z":77.5}},{"type":"Feature","geometry":{"type":"Point","coordinates":[135.8365573,34.6247141]},"properties":{"z":77.4}},{"type":"Feature","geometry":{"type":"Point","coordinates":[135.8365041,34.624704]},"properties":{"z":77.4}},{"type":"Feature","geometry":{"type":"Point","coordinates":[135.8364509,34.6246936]},"properties":{"z":77.4}},{"type":"Feature","geometry":{"type":"Point","coordinates":[135.8363977,34.6246836]},"properties":{"z":77.3}},{"type":"Feature","geometry":{"type":"Point","coordinates":[135.8363438,34.6246762]},"properties":{"z":77.3}},{"type":"Feature","geometry":{"type":"Point","coordinates":[135.83629,34.6246687]},"properties":{"z":77.2}},{"type":"Feature","geometry":{"type":"Point","coordinates":[135.8362363,34.6246604]},"properties":{"z":77.1}},{"type":"Feature","geometry":{"type":"Point","coordinates":[135.8361829,34.6246509]},"properties":{"z":77.1}},{"type":"Feature","geometry":{"type":"Point","coordinates":[135.8361295,34.6246415]},"properties":{"z":77.1}},{"type":"Feature","geometry":{"type":"Point","coordinates":[135.8360762,34.6246317]},"properties":{"z":77.0}},{"type":"Feature","geometry":{"type":"Point","coordinates":[135.8360229,34.6246218]},"properties":{"z":77.0}},{"type":"Feature","geometry":{"type":"Point","coordinates":[135.8359696,34.6246119]},"properties":{"z":76.8}},{"type":"Feature","geometry":{"type":"Point","coordinates":[135.8359164,34.6246015]},"properties":{"z":76.8}},{"type":"Feature","geometry":{"type":"Point","coordinates":[135.8358633,34.6245912]},"properties":{"z":76.7}},{"type":"Feature","geometry":{"type":"Point","coordinates":[135.8358108,34.6245788]},"properties":{"z":76.7}},{"type":"Feature","geometry":{"type":"Point","coordinates":[135.8357586,34.6245656]},"properties":{"z":76.7}},{"type":"Feature","geometry":{"type":"Point","coordinates":[135.8357077,34.6245499]},"properties":{"z":76.6}},{"type":"Feature","geometry":{"type":"Point","coordinates":[135.8356613,34.6245262]},"properties":{"z":76.6}},{"type":"Feature","geometry":{"type":"Point","coordinates":[135.8356149,34.6245025]},"properties":{"z":76.6}},{"type":"Feature","geometry":{"type":"Point","coordinates":[135.8355716,34.6244752]},"properties":{"z":76.6}},{"type":"Feature","geometry":{"type":"Point","coordinates":[135.8355292,34.6244469]},"properties":{"z":76.5}},{"type":"Feature","geometry":{"type":"Point","coordinates":[135.8354876,34.6244178]},"properties":{"z":76.5}},{"type":"Feature","geometry":{"type":"Point","coordinates":[135.8354477,34.6243871]},"properties":{"z":76.4}},{"type":"Feature","geometry":{"type":"Point","coordinates":[135.8354079,34.6243563]},"properties":{"z":76.4}},{"type":"Feature","geometry":{"type":"Point","coordinates":[135.8353632,34.6243305]},"properties":{"z":76.3}},{"type":"Feature","geometry":{"type":"Point","coordinates":[135.8353181,34.6243051]},"properties":{"z":76.3}},{"type":"Feature","geometry":{"type":"Point","coordinates":[135.8352707,34.624283]},"properties":{"z":76.2}},{"type":"Feature","geometry":{"type":"Point","coordinates":[135.8352217,34.6242632]},"properties":{"z":76.2}},{"type":"Feature","geometry":{"type":"Point","coordinates":[135.8351719,34.6242449]},"properties":{"z":76.1}},{"type":"Feature","geometry":{"type":"Point","coordinates":[135.8351198,34.6242313]},"properties":{"z":76.0}},{"type":"Feature","geometry":{"type":"Point","coordinates":[135.8350677,34.6242178]},"properties":{"z":76.0}},{"type":"Feature","geometry":{"type":"Point","coordinates":[135.835014,34.6242099]},"properties":{"z":75.9}},{"type":"Feature","geometry":{"type":"Point","coordinates":[135.8349602,34.6242022]},"properties":{"z":75.8}},{"type":"Feature","geometry":{"type":"Point","coordinates":[135.834906,34.6241964]},"properties":{"z":75.8}},{"type":"Feature","geometry":{"type":"Point","coordinates":[135.8348517,34.6241915]},"properties":{"z":75.8}},{"type":"Feature","geometry":{"type":"Point","coordinates":[135.8347973,34.6241876]},"properties":{"z":75.8}},{"type":"Feature","geometry":{"type":"Point","coordinates":[135.8347427,34.6241856]},"properties":{"z":75.7}},{"type":"Feature","geometry":{"type":"Point","coordinates":[135.8346882,34.6241833]},"properties":{"z":75.6}},{"type":"Feature","geometry":{"type":"Point","coordinates":[135.834634,34.6241779]},"properties":{"z":75.6}},{"type":"Feature","geometry":{"type":"Point","coordinates":[135.8345797,34.6241725]},"properties":{"z":75.6}},{"type":"Feature","geometry":{"type":"Point","coordinates":[135.8345296,34.6241553]},"properties":{"z":75.6}},{"type":"Feature","geometry":{"type":"Point","coordinates":[135.8344801,34.6241363]},"properties":{"z":75.6}},{"type":"Feature","geometry":{"type":"Point","coordinates":[135.8344468,34.6241032]},"properties":{"z":75.6}},{"type":"Feature","geometry":{"type":"Point","coordinates":[135.8344211,34.6240636]},"properties":{"z":75.6}},{"type":"Feature","geometry":{"type":"Point","coordinates":[135.8344077,34.6240209]},"properties":{"z":75.7}},{"type":"Feature","geometry":{"type":"Point","coordinates":[135.8344025,34.6239761]},"properties":{"z":75.7}},{"type":"Feature","geometry":{"type":"Point","coordinates":[135.8343966,34.6239314]},"properties":{"z":75.7}},{"type":"Feature","geometry":{"type":"Point","coordinates":[135.8343897,34.6238868]},"properties":{"z":75.7}},{"type":"Feature","geometry":{"type":"Point","coordinates":[135.8343826,34.6238423]},"properties":{"z":75.7}},{"type":"Feature","geometry":{"type":"Point","coordinates":[135.834375,34.6237978]},"properties":{"z":75.8}},{"type":"Feature","geometry":{"type":"Point","coordinates":[135.8343675,34.6237532]},"properties":{"z":75.8}},{"type":"Feature","geometry":{"type":"Point","coordinates":[135.8343604,34.6237087]},"properties":{"z":75.8}},{"type":"Feature","geometry":{"type":"Point","coordinates":[135.8343533,34.6236641]},"properties":{"z":75.8}},{"type":"Feature","geometry":{"type":"Point","coordinates":[135.8343404,34.6236204]},"properties":{"z":75.8}},{"type":"Feature","geometry":{"type":"Point","coordinates":[135.834327,34.6235769]},"properties":{"z":75.9}},{"type":"Feature","geometry":{"type":"Point","coordinates":[135.8343023,34.6235374]},"properties":{"z":75.9}},{"type":"Feature","geometry":{"type":"Point","coordinates":[135.8342722,34.6234999]},"properties":{"z":76.1}},{"type":"Feature","geometry":{"type":"Point","coordinates":[135.8342391,34.6234642]},"properties":{"z":76.1}},{"type":"Feature","geometry":{"type":"Point","coordinates":[135.8342032,34.6234304]},"properties":{"z":76.2}},{"type":"Feature","geometry":{"type":"Point","coordinates":[135.8341643,34.623399]},"properties":{"z":76.2}},{"type":"Feature","geometry":{"type":"Point","coordinates":[135.8341212,34.6233714]},"properties":{"z":76.4}},{"type":"Feature","geometry":{"type":"Point","coordinates":[135.8340772,34.6233449]},"properties":{"z":76.3}},{"type":"Feature","geometry":{"type":"Point","coordinates":[135.8340316,34.6233201]},"properties":{"z":76.5}},{"type":"Feature","geometry":{"type":"Point","coordinates":[135.8339864,34.6232949]},"properties":{"z":76.4}},{"type":"Feature","geometry":{"type":"Point","coordinates":[135.8339419,34.6232688]},"properties":{"z":76.4}},{"type":"Feature","geometry":{"type":"Point","coordinates":[135.8338962,34.6232444]},"properties":{"z":76.5}},{"type":"Feature","geometry":{"type":"Point","coordinates":[135.8338463,34.6232262]},"properties":{"z":76.5}},{"type":"Feature","geometry":{"type":"Point","coordinates":[135.8337962,34.6232084]},"properties":{"z":76.4}},{"type":"Feature","geometry":{"type":"Point","coordinates":[135.833743,34.6231981]},"properties":{"z":76.3}},{"type":"Feature","geometry":{"type":"Point","coordinates":[135.8336899,34.6231878]},"properties":{"z":76.3}},{"type":"Feature","geometry":{"type":"Point","coordinates":[135.8336357,34.6231821]},"properties":{"z":76.1}},{"type":"Feature","geometry":{"type":"Point","coordinates":[135.8335814,34.6231774]},"properties":{"z":76.1}},{"type":"Feature","geometry":{"type":"Point","coordinates":[135.8335269,34.6231761]},"properties":{"z":76.1}},{"type":"Feature","geometry":{"type":"Point","coordinates":[135.8334723,34.6231774]},"properties":{"z":75.9}},{"type":"Feature","geometry":{"type":"Point","coordinates":[135.8334179,34.62318]},"properties":{"z":75.7}},{"type":"Feature","geometry":{"type":"Point","coordinates":[135.8333636,34.6231856]},"properties":{"z":75.5}},{"type":"Feature","geometry":{"type":"Point","coordinates":[135.8333094,34.6231912]},"properties":{"z":75.3}},{"type":"Feature","geometry":{"type":"Point","coordinates":[135.8332552,34.6231967]},"properties":{"z":75.3}},{"type":"Feature","geometry":{"type":"Point","coordinates":[135.833201,34.6232022]},"properties":{"z":75.2}},{"type":"Feature","geometry":{"type":"Point","coordinates":[135.8331466,34.6232059]},"properties":{"z":75.1}},{"type":"Feature","geometry":{"type":"Point","coordinates":[135.8330921,34.6232096]},"properties":{"z":75.1}},{"type":"Feature","geometry":{"type":"Point","coordinates":[135.8330378,34.6232135]},"properties":{"z":75.1}},{"type":"Feature","geometry":{"type":"Point","coordinates":[135.8330092,34.6231784]},"properties":{"z":75.1}},{"type":"Feature","geometry":{"type":"Point","coordinates":[135.8330005,34.6231342]},"properties":{"z":75.1}},{"type":"Feature","geometry":{"type":"Point","coordinates":[135.8329923,34.6230898]},"properties":{"z":75.1}},{"type":"Feature","geometry":{"type":"Point","coordinates":[135.8329841,34.6230454]},"properties":{"z":75.0}},{"type":"Feature","geometry":{"type":"Point","coordinates":[135.8329791,34.6230006]},"properties":{"z":75.0}},{"type":"Feature","geometry":{"type":"Point","coordinates":[135.8329765,34.6229557]},"properties":{"z":75.0}},{"type":"Feature","geometry":{"type":"Point","coordinates":[135.8329655,34.6229117]},"properties":{"z":75.0}},{"type":"Feature","geometry":{"type":"Point","coordinates":[135.8329543,34.6228677]},"properties":{"z":75.2}},{"type":"Feature","geometry":{"type":"Point","coordinates":[135.8329444,34.6228235]},"properties":{"z":75.4}},{"type":"Feature","geometry":{"type":"Point","coordinates":[135.8329366,34.622779]},"properties":{"z":75.4}},{"type":"Feature","geometry":{"type":"Point","coordinates":[135.8329281,34.6227346]},"properties":{"z":75.6}},{"type":"Feature","geometry":{"type":"Point","coordinates":[135.8329199,34.6226902]},"properties":{"z":75.6}},{"type":"Feature","geometry":{"type":"Point","coordinates":[135.8329124,34.6226457]},"properties":{"z":75.7}},{"type":"Feature","geometry":{"type":"Point","coordinates":[135.8329057,34.6226011]},"properties":{"z":75.9}},{"type":"Feature","geometry":{"type":"Point","coordinates":[135.832899,34.6225565]},"properties":{"z":75.6}},{"type":"Feature","geometry":{"type":"Point","coordinates":[135.8328885,34.6225123]},"properties":{"z":75.6}},{"type":"Feature","geometry":{"type":"Point","coordinates":[135.8328764,34.6224685]},"properties":{"z":75.7}},{"type":"Feature","geometry":{"type":"Point","coordinates":[135.8328629,34.622425]},"properties":{"z":75.7}},{"type":"Feature","geometry":{"type":"Point","coordinates":[135.8328534,34.6223807]},"properties":{"z":75.8}},{"type":"Feature","geometry":{"type":"Point","coordinates":[135.8328438,34.6223365]},"properties":{"z":75.8}},{"type":"Feature","geometry":{"type":"Point","coordinates":[135.8328331,34.6222924]},"properties":{"z":75.9}},{"type":"Feature","geometry":{"type":"Point","coordinates":[135.8328232,34.6222482]},"properties":{"z":76.0}},{"type":"Feature","geometry":{"type":"Point","coordinates":[135.8328138,34.6222039]},"properties":{"z":75.6}},{"type":"Feature","geometry":{"type":"Point","coordinates":[135.8328021,34.62216]},"properties":{"z":75.7}},{"type":"Feature","geometry":{"type":"Point","coordinates":[135.8327905,34.6221161]},"properties":{"z":75.9}},{"type":"Feature","geometry":{"type":"Point","coordinates":[135.8327793,34.6220721]},"properties":{"z":75.9}},{"type":"Feature","geometry":{"type":"Point","coordinates":[135.832768,34.6220281]},"properties":{"z":76.1}},{"type":"Feature","geometry":{"type":"Point","coordinates":[135.8327565,34.6219841]},"properties":{"z":76.1}},{"type":"Feature","geometry":{"type":"Point","coordinates":[135.8327437,34.6219404]},"properties":{"z":76.4}},{"type":"Feature","geometry":{"type":"Point","coordinates":[135.8327304,34.6218968]},"properties":{"z":76.7}},{"type":"Feature","geometry":{"type":"Point","coordinates":[135.8327166,34.6218534]},"properties":{"z":76.2}},{"type":"Feature","geometry":{"type":"Point","coordinates":[135.8327031,34.6218098]},"properties":{"z":76.5}},{"type":"Feature","geometry":{"type":"Point","coordinates":[135.8326899,34.6217662]},"properties":{"z":76.8}},{"type":"Feature","geometry":{"type":"Point","coordinates":[135.8326778,34.6217223]},"properties":{"z":76.8}},{"type":"Feature","geometry":{"type":"Point","coordinates":[135.8326651,34.6216786]},"properties":{"z":77.0}},{"type":"Feature","geometry":{"type":"Point","coordinates":[135.8326515,34.6216351]},"properties":{"z":77.0}},{"type":"Feature","geometry":{"type":"Point","coordinates":[135.8326384,34.6215914]},"properties":{"z":76.9}},{"type":"Feature","geometry":{"type":"Point","coordinates":[135.8326235,34.6215483]},"properties":{"z":77.2}},{"type":"Feature","geometry":{"type":"Point","coordinates":[135.8326036,34.6215064]},"properties":{"z":77.2}},{"type":"Feature","geometry":{"type":"Point","coordinates":[135.8325868,34.6214637]},"properties":{"z":77.4}},{"type":"Feature","geometry":{"type":"Point","coordinates":[135.832572,34.6214204]},"properties":{"z":77.4}},{"type":"Feature","geometry":{"type":"Point","coordinates":[135.8325584,34.6213769]},"properties":{"z":77.7}},{"type":"Feature","geometry":{"type":"Point","coordinates":[135.8325428,34.6213338]},"properties":{"z":77.4}},{"type":"Feature","geometry":{"type":"Point","coordinates":[135.8325279,34.6212906]},"properties":{"z":77.4}},{"type":"Feature","geometry":{"type":"Point","coordinates":[135.8325138,34.6212471]},"properties":{"z":77.5}},{"type":"Feature","geometry":{"type":"Point","coordinates":[135.8324985,34.621204]},"properties":{"z":77.5}},{"type":"Feature","geometry":{"type":"Point","coordinates":[135.8324832,34.6211608]},"properties":{"z":77.6}},{"type":"Feature","geometry":{"type":"Point","coordinates":[135.8324677,34.6211177]},"properties":{"z":77.0}},{"type":"Feature","geometry":{"type":"Point","coordinates":[135.8324523,34.6210746]},"properties":{"z":77.0}},{"type":"Feature","geometry":{"type":"Point","coordinates":[135.8324374,34.6210313]},"properties":{"z":76.8}},{"type":"Feature","geometry":{"type":"Point","coordinates":[135.8324228,34.620988]},"properties":{"z":76.6}},{"type":"Feature","geometry":{"type":"Point","coordinates":[135.8324057,34.6209453]},"properties":{"z":76.6}},{"type":"Feature","geometry":{"type":"Point","coordinates":[135.8323891,34.6209025]},"properties":{"z":76.4}},{"type":"Feature","geometry":{"type":"Point","coordinates":[135.8323732,34.6208595]},"properties":{"z":76.0}},{"type":"Feature","geometry":{"type":"Point","coordinates":[135.8323539,34.6208175]},"properties":{"z":75.9}},{"type":"Feature","geometry":{"type":"Point","coordinates":[135.8323338,34.6207757]},"properties":{"z":75.8}},{"type":"Feature","geometry":{"type":"Point","coordinates":[135.8323137,34.6207339]},"properties":{"z":75.8}},{"type":"Feature","geometry":{"type":"Point","coordinates":[135.8322942,34.6206919]},"properties":{"z":75.5}},{"type":"Feature","geometry":{"type":"Point","coordinates":[135.8322754,34.6206497]},"properties":{"z":75.5}},{"type":"Feature","geometry":{"type":"Point","coordinates":[135.8322621,34.6206061]},"properties":{"z":75.6}},{"type":"Feature","geometry":{"type":"Point","coordinates":[135.8322472,34.6205629]},"properties":{"z":75.6}},{"type":"Feature","geometry":{"type":"Point","coordinates":[135.8322304,34.6205201]},"properties":{"z":75.6}},{"type":"Feature","geometry":{"type":"Point","coordinates":[135.8322111,34.6204781]},"properties":{"z":75.5}},{"type":"Feature","geometry":{"type":"Point","coordinates":[135.8321911,34.6204362]},"properties":{"z":75.5}},{"type":"Feature","geometry":{"type":"Point","coordinates":[135.8321705,34.6203946]},"properties":{"z":75.6}},{"type":"Feature","geometry":{"type":"Point","coordinates":[135.8321496,34.6203531]},"properties":{"z":75.7}},{"type":"Feature","geometry":{"type":"Point","coordinates":[135.8321288,34.6203115]},"properties":{"z":75.7}},{"type":"Feature","geometry":{"type":"Point","coordinates":[135.832108,34.6202699]},"properties":{"z":75.6}},{"type":"Feature","geometry":{"type":"Point","coordinates":[135.8320902,34.6202274]},"properties":{"z":75.6}},{"type":"Feature","geometry":{"type":"Point","coordinates":[135.8320718,34.6201851]},"properties":{"z":75.8}},{"type":"Feature","geometry":{"type":"Point","coordinates":[135.8320523,34.6201431]},"properties":{"z":75.8}},{"type":"Feature","geometry":{"type":"Point","coordinates":[135.832034,34.6201008]},"properties":{"z":75.7}},{"type":"Feature","geometry":{"type":"Point","coordinates":[135.8320161,34.6200583]},"properties":{"z":75.9}},{"type":"Feature","geometry":{"type":"Point","coordinates":[135.8319983,34.6200158]},"properties":{"z":75.9}},{"type":"Feature","geometry":{"type":"Point","coordinates":[135.8319765,34.6199746]},"properties":{"z":76.0}},{"type":"Feature","geometry":{"type":"Point","coordinates":[135.8319556,34.6199331]},"properties":{"z":75.7}},{"type":"Feature","geometry":{"type":"Point","coordinates":[135.8319363,34.619891]},"properties":{"z":75.6}},{"type":"Feature","geometry":{"type":"Point","coordinates":[135.8319201,34.6198481]},"properties":{"z":75.5}},{"type":"Feature","geometry":{"type":"Point","coordinates":[135.8319031,34.6198054]},"properties":{"z":75.5}},{"type":"Feature","geometry":{"type":"Point","coordinates":[135.8318847,34.6197631]},"properties":{"z":75.3}},{"type":"Feature","geometry":{"type":"Point","coordinates":[135.8318688,34.6197201]},"properties":{"z":75.2}},{"type":"Feature","geometry":{"type":"Point","coordinates":[135.8318542,34.6196768]},"properties":{"z":75.1}},{"type":"Feature","geometry":{"type":"Point","coordinates":[135.8318416,34.6196331]},"properties":{"z":74.8}},{"type":"Feature","geometry":{"type":"Point","coordinates":[135.8318308,34.619589]},"properties":{"z":74.8}},{"type":"Feature","geometry":{"type":"Point","coordinates":[135.8318215,34.6195447]},"properties":{"z":74.6}},{"type":"Feature","geometry":{"type":"Point","coordinates":[135.8318157,34.6195]},"properties":{"z":74.5}},{"type":"Feature","geometry":{"type":"Point","coordinates":[135.8318103,34.6194553]},"properties":{"z":74.5}},{"type":"Feature","geometry":{"type":"Point","coordinates":[135.8318041,34.6194106]},"properties":{"z":74.5}},{"type":"Feature","geometry":{"type":"Point","coordinates":[135.8318038,34.6193657]},"properties":{"z":74.5}},{"type":"Feature","geometry":{"type":"Point","coordinates":[135.8318015,34.6193208]},"properties":{"z":74.3}},{"type":"Feature","geometry":{"type":"Point","coordinates":[135.8318016,34.619276]},"properties":{"z":74.1}},{"type":"Feature","geometry":{"type":"Point","coordinates":[135.8318064,34.6192313]},"properties":{"z":74.1}},{"type":"Feature","geometry":{"type":"Point","coordinates":[135.8318091,34.6191864]},"properties":{"z":74.1}},{"type":"Feature","geometry":{"type":"Point","coordinates":[135.8318119,34.6191415]},"properties":{"z":74.5}},{"type":"Feature","geometry":{"type":"Point","coordinates":[135.8318155,34.6190966]},"properties":{"z":74.5}},{"type":"Feature","geometry":{"type":"Point","coordinates":[135.8318233,34.6190522]},"properties":{"z":75.1}},{"type":"Feature","geometry":{"type":"Point","coordinates":[135.8318326,34.6190079]},"properties":{"z":75.5}},{"type":"Feature","geometry":{"type":"Point","coordinates":[135.8318415,34.6189635]},"properties":{"z":75.5}},{"type":"Feature","geometry":{"type":"Point","coordinates":[135.831851,34.6189193]},"properties":{"z":75.9}},{"type":"Feature","geometry":{"type":"Point","coordinates":[135.8318602,34.618875]},"properties":{"z":75.9}},{"type":"Feature","geometry":{"type":"Point","coordinates":[135.8318704,34.6188308]},"properties":{"z":76.2}},{"type":"Feature","geometry":{"type":"Point","coordinates":[135.8318817,34.6187868]},"properties":{"z":76.6}},{"type":"Feature","geometry":{"type":"Point","coordinates":[135.8318921,34.6187427]},"properties":{"z":76.6}},{"type":"Feature","geometry":{"type":"Point","coordinates":[135.831901,34.6186984]},"properties":{"z":76.9}},{"type":"Feature","geometry":{"type":"Point","coordinates":[135.8319095,34.618654]},"properties":{"z":77.1}},{"type":"Feature","geometry":{"type":"Point","coordinates":[135.8319186,34.6186096]},"properties":{"z":77.1}},{"type":"Feature","geometry":{"type":"Point","coordinates":[135.8319284,34.6185654]},"properties":{"z":77.2}},{"type":"Feature","geometry":{"type":"Point","coordinates":[135.8319381,34.6185212]},"properties":{"z":77.2}},{"type":"Feature","geometry":{"type":"Point","coordinates":[135.8319481,34.618477]},"properties":{"z":77.2}},{"type":"Feature","geometry":{"type":"Point","coordinates":[135.8319584,34.6184329]},"properties":{"z":77.2}},{"type":"Feature","geometry":{"type":"Point","coordinates":[135.8319635,34.6183881]},"properties":{"z":77.2}},{"type":"Feature","geometry":{"type":"Point","coordinates":[135.8319721,34.6183438]},"properties":{"z":77.0}},{"type":"Feature","geometry":{"type":"Point","coordinates":[135.8319829,34.6182997]},"properties":{"z":76.8}},{"type":"Feature","geometry":{"type":"Point","coordinates":[135.8319929,34.6182557]},"properties":{"z":76.8}},{"type":"Feature","geometry":{"type":"Point","coordinates":[135.8319959,34.6182108]},"properties":{"z":76.6}},{"type":"Feature","geometry":{"type":"Point","coordinates":[135.831998,34.6181659]},"properties":{"z":76.6}},{"type":"Feature","geometry":{"type":"Point","coordinates":[135.8320055,34.6181214]},"properties":{"z":76.4}},{"type":"Feature","geometry":{"type":"Point","coordinates":[135.8320112,34.6180767]},"properties":{"z":76.2}},{"type":"Feature","geometry":{"type":"Point","coordinates":[135.8320191,34.6180324]},"properties":{"z":76.2}},{"type":"Feature","geometry":{"type":"Point","coordinates":[135.8320413,34.6179933]},"properties":{"z":76.1}},{"type":"Feature","geometry":{"type":"Point","coordinates":[135.8320796,34.617962]},"properties":{"z":76.3}},{"type":"Feature","geometry":{"type":"Point","coordinates":[135.8320902,34.6179182]},"properties":{"z":76.3}},{"type":"Feature","geometry":{"type":"Point","coordinates":[135.8320856,34.6178735]},"properties":{"z":76.5}},{"type":"Feature","geometry":{"type":"Point","coordinates":[135.8320795,34.6178291]},"properties":{"z":76.5}},{"type":"Feature","geometry":{"type":"Point","coordinates":[135.8320769,34.6177844]},"properties":{"z":76.6}},{"type":"Feature","geometry":{"type":"Point","coordinates":[135.8320695,34.61774]},"properties":{"z":76.8}},{"type":"Feature","geometry":{"type":"Point","coordinates":[135.8320643,34.6176953]},"properties":{"z":76.8}},{"type":"Feature","geometry":{"type":"Point","coordinates":[135.8320641,34.617651]},"properties":{"z":76.9}},{"type":"Feature","geometry":{"type":"Point","coordinates":[135.8320721,34.6176066]},"properties":{"z":76.9}},{"type":"Feature","geometry":{"type":"Point","coordinates":[135.8320686,34.6175621]},"properties":{"z":77.0}},{"type":"Feature","geometry":{"type":"Point","coordinates":[135.8320786,34.6175187]},"properties":{"z":77.1}},{"type":"Feature","geometry":{"type":"Point","coordinates":[135.8320959,34.6174763]},"properties":{"z":77.1}},{"type":"Feature","geometry":{"type":"Point","coordinates":[135.8321056,34.6174321]},"properties":{"z":77.3}},{"type":"Feature","geometry":{"type":"Point","coordinates":[135.8321122,34.6173875]},"properties":{"z":77.3}},{"type":"Feature","geometry":{"type":"Point","coordinates":[135.8321083,34.6173427]},"properties":{"z":77.4}},{"type":"Feature","geometry":{"type":"Point","coordinates":[135.8320954,34.6172991]},"properties":{"z":77.5}},{"type":"Feature","geometry":{"type":"Point","coordinates":[135.8320771,34.6172568]},"properties":{"z":77.5}},{"type":"Feature","geometry":{"type":"Point","coordinates":[135.83206,34.6172143]},"properties":{"z":77.6}},{"type":"Feature","geometry":{"type":"Point","coordinates":[135.832048,34.6171705]},"properties":{"z":77.7}},{"type":"Feature","geometry":{"type":"Point","coordinates":[135.8320523,34.6171257]},"properties":{"z":77.7}},{"type":"Feature","geometry":{"type":"Point","coordinates":[135.8320561,34.6170808]},"properties":{"z":77.8}},{"type":"Feature","geometry":{"type":"Point","coordinates":[135.8320596,34.617036]},"properties":{"z":77.8}},{"type":"Feature","geometry":{"type":"Point","coordinates":[135.832065,34.6169912]},"properties":{"z":77.9}},{"type":"Feature","geometry":{"type":"Point","coordinates":[135.8320709,34.6169465]},"properties":{"z":78.0}},{"type":"Feature","geometry":{"type":"Point","coordinates":[135.8320751,34.6169018]},"properties":{"z":78.0}},{"type":"Feature","geometry":{"type":"Point","coordinates":[135.8320765,34.6168568]},"properties":{"z":78.1}},{"type":"Feature","geometry":{"type":"Point","coordinates":[135.832075,34.6168119]},"properties":{"z":78.1}},{"type":"Feature","geometry":{"type":"Point","coordinates":[135.8320744,34.616767]},"properties":{"z":78.1}},{"type":"Feature","geometry":{"type":"Point","coordinates":[135.8320755,34.616722]},"properties":{"z":78.1}},{"type":"Feature","geometry":{"type":"Point","coordinates":[135.8320787,34.6166771]},"properties":{"z":78.1}},{"type":"Feature","geometry":{"type":"Point","coordinates":[135.8320816,34.6166323]},"properties":{"z":78.1}},{"type":"Feature","geometry":{"type":"Point","coordinates":[135.8320833,34.6165873]},"properties":{"z":78.1}},{"type":"Feature","geometry":{"type":"Point","coordinates":[135.8320889,34.6165426]},"properties":{"z":78.1}},{"type":"Feature","geometry":{"type":"Point","coordinates":[135.8320948,34.616498]},"properties":{"z":78.0}},{"type":"Feature","geometry":{"type":"Point","coordinates":[135.8320978,34.6164531]},"properties":{"z":78.0}},{"type":"Feature","geometry":{"type":"Point","coordinates":[135.832101,34.6164082]},"properties":{"z":78.0}},{"type":"Feature","geometry":{"type":"Point","coordinates":[135.8321045,34.6163633]},"properties":{"z":78.0}},{"type":"Feature","geometry":{"type":"Point","coordinates":[135.8321085,34.6163185]},"properties":{"z":78.0}},{"type":"Feature","geometry":{"type":"Point","coordinates":[135.8321126,34.6162737]},"properties":{"z":78.0}},{"type":"Feature","geometry":{"type":"Point","coordinates":[135.8321158,34.6162288]},"properties":{"z":78.0}},{"type":"Feature","geometry":{"type":"Point","coordinates":[135.8321184,34.6161839]},"properties":{"z":78.0}},{"type":"Feature","geometry":{"type":"Point","coordinates":[135.8321181,34.616139]},"properties":{"z":78.0}},{"type":"Feature","geometry":{"type":"Point","coordinates":[135.8321215,34.6160942]},"properties":{"z":78.0}},{"type":"Feature","geometry":{"type":"Point","coordinates":[135.832127,34.6160495]},"properties":{"z":78.0}},{"type":"Feature","geometry":{"type":"Point","coordinates":[135.8321305,34.6160046]},"properties":{"z":78.2}},{"type":"Feature","geometry":{"type":"Point","coordinates":[135.8321334,34.6159597]},"properties":{"z":78.1}},{"type":"Feature","geometry":{"type":"Point","coordinates":[135.8321356,34.6159148]},"properties":{"z":78.1}},{"type":"Feature","geometry":{"type":"Point","coordinates":[135.8321366,34.6158699]},"properties":{"z":78.0}},{"type":"Feature","geometry":{"type":"Point","coordinates":[135.8321376,34.6158249]},"properties":{"z":77.9}},{"type":"Feature","geometry":{"type":"Point","coordinates":[135.8321448,34.6157804]},"properties":{"z":77.9}},{"type":"Feature","geometry":{"type":"Point","coordinates":[135.8321505,34.6157357]},"properties":{"z":77.7}},{"type":"Feature","geometry":{"type":"Point","coordinates":[135.8321542,34.6156908]},"properties":{"z":77.5}},{"type":"Feature","geometry":{"type":"Point","coordinates":[135.832155,34.6156459]},"properties":{"z":77.5}},{"type":"Feature","geometry":{"type":"Point","coordinates":[135.8321548,34.615601]},"properties":{"z":77.4}},{"type":"Feature","geometry":{"type":"Point","coordinates":[135.8321551,34.615556]},"properties":{"z":77.4}},{"type":"Feature","geometry":{"type":"Point","coordinates":[135.8321573,34.6155111]},"properties":{"z":77.2}},{"type":"Feature","geometry":{"type":"Point","coordinates":[135.8321619,34.6154663]},"properties":{"z":77.1}},{"type":"Feature","geometry":{"type":"Point","coordinates":[135.8321665,34.6154216]},"properties":{"z":77.1}},{"type":"Feature","geometry":{"type":"Point","coordinates":[135.8321701,34.6153767]},"properties":{"z":77.0}},{"type":"Feature","geometry":{"type":"Point","coordinates":[135.8321694,34.6153318]},"properties":{"z":77.0}},{"type":"Feature","geometry":{"type":"Point","coordinates":[135.8321704,34.6152868]},"properties":{"z":77.0}},{"type":"Feature","geometry":{"type":"Point","coordinates":[135.8321727,34.6152419]},"properties":{"z":77.0}},{"type":"Feature","geometry":{"type":"Point","coordinates":[135.8321763,34.6151971]},"properties":{"z":77.0}},{"type":"Feature","geometry":{"type":"Point","coordinates":[135.8321795,34.6151522]},"properties":{"z":77.0}},{"type":"Feature","geometry":{"type":"Point","coordinates":[135.8321815,34.6151073]},"properties":{"z":77.1}},{"type":"Feature","geometry":{"type":"Point","coordinates":[135.8321857,34.6150625]},"properties":{"z":77.1}},{"type":"Feature","geometry":{"type":"Point","coordinates":[135.8321908,34.6150177]},"properties":{"z":77.1}},{"type":"Feature","geometry":{"type":"Point","coordinates":[135.8321928,34.6149728]},"properties":{"z":77.1}},{"type":"Feature","geometry":{"type":"Point","coordinates":[135.8321951,34.6149279]},"properties":{"z":77.1}},{"type":"Feature","geometry":{"type":"Point","coordinates":[135.8321997,34.6148831]},"properties":{"z":77.1}},{"type":"Feature","geometry":{"type":"Point","coordinates":[135.8322039,34.6148383]},"properties":{"z":77.1}},{"type":"Feature","geometry":{"type":"Point","coordinates":[135.8322078,34.6147935]},"properties":{"z":77.1}},{"type":"Feature","geometry":{"type":"Point","coordinates":[135.8322125,34.6147487]},"properties":{"z":77.2}},{"type":"Feature","geometry":{"type":"Point","coordinates":[135.832217,34.6147039]},"properties":{"z":77.3}},{"type":"Feature","geometry":{"type":"Point","coordinates":[135.8322173,34.6146589]},"properties":{"z":77.3}},{"type":"Feature","geometry":{"type":"Point","coordinates":[135.8322184,34.614614]},"properties":{"z":77.3}},{"type":"Feature","geometry":{"type":"Point","coordinates":[135.8322208,34.6145691]},"properties":{"z":77.3}},{"type":"Feature","geometry":{"type":"Point","coordinates":[135.8322228,34.6145242]},"properties":{"z":77.3}},{"type":"Feature","geometry":{"type":"Point","coordinates":[135.8322246,34.6144793]},"properties":{"z":77.4}},{"type":"Feature","geometry":{"type":"Point","coordinates":[135.8322268,34.6144343]},"properties":{"z":77.4}},{"type":"Feature","geometry":{"type":"Point","coordinates":[135.8322313,34.6143896]},"properties":{"z":77.4}},{"type":"Feature","geometry":{"type":"Point","coordinates":[135.8322407,34.6143454]},"properties":{"z":77.4}},{"type":"Feature","geometry":{"type":"Point","coordinates":[135.832245,34.6143006]},"properties":{"z":77.4}},{"type":"Feature","geometry":{"type":"Point","coordinates":[135.8322481,34.6142558]},"properties":{"z":77.4}},{"type":"Feature","geometry":{"type":"Point","coordinates":[135.8322577,34.6142116]},"properties":{"z":77.4}},{"type":"Feature","geometry":{"type":"Point","coordinates":[135.8322668,34.6141673]},"properties":{"z":77.4}},{"type":"Feature","geometry":{"type":"Point","coordinates":[135.8322762,34.614123]},"properties":{"z":77.4}},{"type":"Feature","geometry":{"type":"Point","coordinates":[135.8322882,34.6140791]},"properties":{"z":77.4}},{"type":"Feature","geometry":{"type":"Point","coordinates":[135.8323006,34.6140354]},"properties":{"z":77.6}},{"type":"Feature","geometry":{"type":"Point","coordinates":[135.8323134,34.6139917]},"properties":{"z":77.6}},{"type":"Feature","geometry":{"type":"Point","coordinates":[135.8323284,34.6139484]},"properties":{"z":77.6}},{"type":"Feature","geometry":{"type":"Point","coordinates":[135.8323428,34.6139051]},"properties":{"z":77.6}},{"type":"Feature","geometry":{"type":"Point","coordinates":[135.8323566,34.6138616]},"properties":{"z":77.6}},{"type":"Feature","geometry":{"type":"Point","coordinates":[135.8323734,34.6138188]},"properties":{"z":77.6}},{"type":"Feature","geometry":{"type":"Point","coordinates":[135.8323894,34.6137758]},"properties":{"z":77.8}},{"type":"Feature","geometry":{"type":"Point","coordinates":[135.8324044,34.6137326]},"properties":{"z":77.8}},{"type":"Feature","geometry":{"type":"Point","coordinates":[135.8324205,34.6136897]},"properties":{"z":77.8}},{"type":"Feature","geometry":{"type":"Point","coordinates":[135.8324378,34.613647]},"properties":{"z":77.8}},{"type":"Feature","geometry":{"type":"Point","coordinates":[135.8324579,34.6136052]},"properties":{"z":77.8}},{"type":"Feature","geometry":{"type":"Point","coordinates":[135.8324766,34.613563]},"properties":{"z":77.9}},{"type":"Feature","geometry":{"type":"Point","coordinates":[135.8324942,34.6135205]},"properties":{"z":77.9}},{"type":"Feature","geometry":{"type":"Point","coordinates":[135.8325118,34.6134779]},"properties":{"z":77.9}},{"type":"Feature","geometry":{"type":"Point","coordinates":[135.8325296,34.6134354]},"properties":{"z":77.9}},{"type":"Feature","geometry":{"type":"Point","coordinates":[135.8325478,34.613393]},"properties":{"z":77.8}},{"type":"Feature","geometry":{"type":"Point","coordinates":[135.8325675,34.6133511]},"properties":{"z":77.7}},{"type":"Feature","geometry":{"type":"Point","coordinates":[135.8325872,34.6133092]},"properties":{"z":77.7}},{"type":"Feature","geometry":{"type":"Point","coordinates":[135.8326058,34.6132669]},"properties":{"z":77.6}},{"type":"Feature","geometry":{"type":"Point","coordinates":[135.8326232,34.6132243]},"properties":{"z":77.6}},{"type":"Feature","geometry":{"type":"Point","coordinates":[135.8326406,34.6131817]},"properties":{"z":77.4}},{"type":"Feature","geometry":{"type":"Point","coordinates":[135.8326585,34.6131393]},"properties":{"z":77.3}},{"type":"Feature","geometry":{"type":"Point","coordinates":[135.8326778,34.6130972]},"properties":{"z":77.3}},{"type":"Feature","geometry":{"type":"Point","coordinates":[135.8326946,34.6130544]},"properties":{"z":77.2}},{"type":"Feature","geometry":{"type":"Point","coordinates":[135.8327118,34.6130118]},"properties":{"z":77.2}},{"type":"Feature","geometry":{"type":"Point","coordinates":[135.83273,34.6129694]},"properties":{"z":77.1}},{"type":"Feature","geometry":{"type":"Point","coordinates":[135.8327507,34.6129279]},"properties":{"z":76.9}},{"type":"Feature","geometry":{"type":"Point","coordinates":[135.8327762,34.6128881]},"properties":{"z":76.9}},{"type":"Feature","geometry":{"type":"Point","coordinates":[135.8327964,34.6128464]},"properties":{"z":76.7}},{"type":"Feature","geometry":{"type":"Point","coordinates":[135.8328144,34.6128039]},"properties":{"z":76.7}},{"type":"Feature","geometry":{"type":"Point","coordinates":[135.8328333,34.6127618]},"properties":{"z":76.7}},{"type":"Feature","geometry":{"type":"Point","coordinates":[135.8328532,34.6127199]},"properties":{"z":76.7}},{"type":"Feature","geometry":{"type":"Point","coordinates":[135.8328707,34.6126774]},"properties":{"z":76.7}},{"type":"Feature","geometry":{"type":"Point","coordinates":[135.8328889,34.612635]},"properties":{"z":76.7}},{"type":"Feature","geometry":{"type":"Point","coordinates":[135.8329134,34.6125948]},"properties":{"z":76.8}},{"type":"Feature","geometry":{"type":"Point","coordinates":[135.8329393,34.6125552]},"properties":{"z":76.7}},{"type":"Feature","geometry":{"type":"Point","coordinates":[135.832962,34.6125145]},"properties":{"z":76.7}},{"type":"Feature","geometry":{"type":"Point","coordinates":[135.83298,34.6124721]},"properties":{"z":76.7}},{"type":"Feature","geometry":{"type":"Point","coordinates":[135.8329965,34.6124292]},"properties":{"z":76.9}},{"type":"Feature","geometry":{"type":"Point","coordinates":[135.8330143,34.6123867]},"properties":{"z":76.9}},{"type":"Feature","geometry":{"type":"Point","coordinates":[135.8330273,34.6123434]},"properties":{"z":76.9}},{"type":"Feature","geometry":{"type":"Point","coordinates":[135.8330344,34.6122988]},"properties":{"z":77.0}},{"type":"Feature","geometry":{"type":"Point","coordinates":[135.8330456,34.6122549]},"properties":{"z":77.0}},{"type":"Feature","geometry":{"type":"Point","coordinates":[135.8330627,34.6122123]},"properties":{"z":77.0}},{"type":"Feature","geometry":{"type":"Point","coordinates":[135.8330858,34.6121715]},"properties":{"z":77.2}},{"type":"Feature","geometry":{"type":"Point","coordinates":[135.8331081,34.6121305]},"properties":{"z":77.3}},{"type":"Feature","geometry":{"type":"Point","coordinates":[135.8331284,34.6120889]},"properties":{"z":77.4}},{"type":"Feature","geometry":{"type":"Point","coordinates":[135.8331451,34.612046]},"properties":{"z":77.4}},{"type":"Feature","geometry":{"type":"Point","coordinates":[135.8331657,34.6120044]},"properties":{"z":77.5}},{"type":"Feature","geometry":{"type":"Point","coordinates":[135.8331857,34.6119626]},"properties":{"z":77.5}},{"type":"Feature","geometry":{"type":"Point","coordinates":[135.8332032,34.61192]},"properties":{"z":77.3}},{"type":"Feature","geometry":{"type":"Point","coordinates":[135.8332217,34.6118778]},"properties":{"z":77.3}},{"type":"Feature","geometry":{"type":"Point","coordinates":[135.833241,34.6118357]},"properties":{"z":77.1}},{"type":"Feature","geometry":{"type":"Point","coordinates":[135.8332601,34.6117936]},"properties":{"z":77.1}},{"type":"Feature","geometry":{"type":"Point","coordinates":[135.8332793,34.6117515]},"properties":{"z":77.1}},{"type":"Feature","geometry":{"type":"Point","coordinates":[135.8332991,34.6117096]},"properties":{"z":76.9}},{"type":"Feature","geometry":{"type":"Point","coordinates":[135.833318,34.6116674]},"properties":{"z":76.9}},{"type":"Feature","geometry":{"type":"Point","coordinates":[135.8333363,34.6116251]},"properties":{"z":76.9}},{"type":"Feature","geometry":{"type":"Point","coordinates":[135.833356,34.6115832]},"properties":{"z":76.7}},{"type":"Feature","geometry":{"type":"Point","coordinates":[135.8333761,34.6115414]},"properties":{"z":76.7}},{"type":"Feature","geometry":{"type":"Point","coordinates":[135.8333935,34.6114988]},"properties":{"z":76.5}},{"type":"Feature","geometry":{"type":"Point","coordinates":[135.8334113,34.6114563]},"properties":{"z":76.5}},{"type":"Feature","geometry":{"type":"Point","coordinates":[135.8334317,34.6114146]},"properties":{"z":76.3}},{"type":"Feature","geometry":{"type":"Point","coordinates":[135.8334514,34.6113726]},"properties":{"z":76.2}},{"type":"Feature","geometry":{"type":"Point","coordinates":[135.8334703,34.6113305]},"properties":{"z":76.2}},{"type":"Feature","geometry":{"type":"Point","coordinates":[135.833489,34.6112882]},"properties":{"z":76.0}},{"type":"Feature","geometry":{"type":"Point","coordinates":[135.8335077,34.611246]},"properties":{"z":76.2}},{"type":"Feature","geometry":{"type":"Point","coordinates":[135.8335271,34.6112041]},"properties":{"z":76.1}},{"type":"Feature","geometry":{"type":"Point","coordinates":[135.8335528,34.6111644]},"properties":{"z":76.1}},{"type":"Feature","geometry":{"type":"Point","coordinates":[135.8335719,34.6111226]},"properties":{"z":76.1}},{"type":"Feature","geometry":{"type":"Point","coordinates":[135.8335857,34.6110791]},"properties":{"z":76.2}},{"type":"Feature","geometry":{"type":"Point","coordinates":[135.8336012,34.611036]},"properties":{"z":76.4}},{"type":"Feature","geometry":{"type":"Point","coordinates":[135.8336173,34.610993]},"properties":{"z":76.4}},{"type":"Feature","geometry":{"type":"Point","coordinates":[135.8336355,34.6109507]},"properties":{"z":76.4}},{"type":"Feature","geometry":{"type":"Point","coordinates":[135.8336539,34.6109083]},"properties":{"z":76.4}},{"type":"Feature","geometry":{"type":"Point","coordinates":[135.8336725,34.6108661]},"properties":{"z":76.1}},{"type":"Feature","geometry":{"type":"Point","coordinates":[135.8336916,34.6108239]},"properties":{"z":76.2}},{"type":"Feature","geometry":{"type":"Point","coordinates":[135.8337114,34.610782]},"properties":{"z":76.1}},{"type":"Feature","geometry":{"type":"Point","coordinates":[135.8337312,34.6107402]},"properties":{"z":76.1}},{"type":"Feature","geometry":{"type":"Point","coordinates":[135.833751,34.6106983]},"properties":{"z":76.1}},{"type":"Feature","geometry":{"type":"Point","coordinates":[135.833769,34.6106559]},"properties":{"z":76.2}},{"type":"Feature","geometry":{"type":"Point","coordinates":[135.8337862,34.6106132]},"properties":{"z":76.2}},{"type":"Feature","geometry":{"type":"Point","coordinates":[135.8338053,34.6105711]},"properties":{"z":76.1}},{"type":"Feature","geometry":{"type":"Point","coordinates":[135.833825,34.6105291]},"properties":{"z":75.9}},{"type":"Feature","geometry":{"type":"Point","coordinates":[135.8338431,34.6104867]},"properties":{"z":75.9}},{"type":"Feature","geometry":{"type":"Point","coordinates":[135.8338612,34.6104443]},"properties":{"z":75.5}},{"type":"Feature","geometry":{"type":"Point","coordinates":[135.8338793,34.6104019]},"properties":{"z":75.5}},{"type":"Feature","geometry":{"type":"Point","coordinates":[135.8338974,34.6103595]},"properties":{"z":75.2}},{"type":"Feature","geometry":{"type":"Point","coordinates":[135.8339156,34.6103171]},"properties":{"z":74.8}},{"type":"Feature","geometry":{"type":"Point","coordinates":[135.8339346,34.610275]},"properties":{"z":74.8}},{"type":"Feature","geometry":{"type":"Point","coordinates":[135.8339546,34.6102331]},"properties":{"z":74.7}},{"type":"Feature","geometry":{"type":"Point","coordinates":[135.8339731,34.6101909]},"properties":{"z":74.7}},{"type":"Feature","geometry":{"type":"Point","coordinates":[135.8339909,34.6101484]},"properties":{"z":74.6}},{"type":"Feature","geometry":{"type":"Point","coordinates":[135.834009,34.610106]},"properties":{"z":74.4}},{"type":"Feature","geometry":{"type":"Point","coordinates":[135.8340272,34.6100636]},"properties":{"z":74.7}},{"type":"Feature","geometry":{"type":"Point","coordinates":[135.8340482,34.6100221]},"properties":{"z":74.6}},{"type":"Feature","geometry":{"type":"Point","coordinates":[135.8340682,34.6099803]},"properties":{"z":74.6}},{"type":"Feature","geometry":{"type":"Point","coordinates":[135.8340845,34.6099374]},"properties":{"z":74.5}},{"type":"Feature","geometry":{"type":"Point","coordinates":[135.8341022,34.6098949]},"properties":{"z":74.4}},{"type":"Feature","geometry":{"type":"Point","coordinates":[135.8341216,34.6098529]},"properties":{"z":74.7}},{"type":"Feature","geometry":{"type":"Point","coordinates":[135.8341412,34.6098109]},"properties":{"z":74.6}},{"type":"Feature","geometry":{"type":"Point","coordinates":[135.8341609,34.609769]},"properties":{"z":74.6}},{"type":"Feature","geometry":{"type":"Point","coordinates":[135.8341798,34.6097268]},"properties":{"z":74.5}},{"type":"Feature","geometry":{"type":"Point","coordinates":[135.834198,34.6096844]},"properties":{"z":74.4}},{"type":"Feature","geometry":{"type":"Point","coordinates":[135.8342161,34.609642]},"properties":{"z":74.4}},{"type":"Feature","geometry":{"type":"Point","coordinates":[135.834234,34.6095995]},"properties":{"z":74.2}},{"type":"Feature","geometry":{"type":"Point","coordinates":[135.8342536,34.6095576]},"properties":{"z":74.2}},{"type":"Feature","geometry":{"type":"Point","coordinates":[135.8342741,34.6095159]},"properties":{"z":74.0}},{"type":"Feature","geometry":{"type":"Point","coordinates":[135.8342943,34.6094741]},"properties":{"z":73.9}},{"type":"Feature","geometry":{"type":"Point","coordinates":[135.8343142,34.6094323]},"properties":{"z":73.9}},{"type":"Feature","geometry":{"type":"Point","coordinates":[135.834336,34.6093911]},"properties":{"z":73.8}},{"type":"Feature","geometry":{"type":"Point","coordinates":[135.8343571,34.6093496]},"properties":{"z":73.8}},{"type":"Feature","geometry":{"type":"Point","coordinates":[135.8343755,34.6093073]},"properties":{"z":74.0}},{"type":"Feature","geometry":{"type":"Point","coordinates":[135.8343939,34.609265]},"properties":{"z":74.0}},{"type":"Feature","geometry":{"type":"Point","coordinates":[135.8344121,34.6092226]},"properties":{"z":73.9}},{"type":"Feature","geometry":{"type":"Point","coordinates":[135.8344302,34.6091802]},"properties":{"z":73.8}},{"type":"Feature","geometry":{"type":"Point","coordinates":[135.8344478,34.6091376]},"properties":{"z":74.0}},{"type":"Feature","geometry":{"type":"Point","coordinates":[135.8344659,34.6090953]},"properties":{"z":73.8}},{"type":"Feature","geometry":{"type":"Point","coordinates":[135.8344856,34.6090533]},"properties":{"z":73.8}},{"type":"Feature","geometry":{"type":"Point","coordinates":[135.8345049,34.6090113]},"properties":{"z":73.6}},{"type":"Feature","geometry":{"type":"Point","coordinates":[135.8345233,34.6089689]},"properties":{"z":73.4}},{"type":"Feature","geometry":{"type":"Point","coordinates":[135.8345443,34.6089277]},"properties":{"z":73.4}},{"type":"Feature","geometry":{"type":"Point","coordinates":[135.8345726,34.6088892]},"properties":{"z":73.2}},{"type":"Feature","geometry":{"type":"Point","coordinates":[135.8346031,34.608852]},"properties":{"z":73.2}},{"type":"Feature","geometry":{"type":"Point","coordinates":[135.8346376,34.6088172]},"properties":{"z":73.0}},{"type":"Feature","geometry":{"type":"Point","coordinates":[135.834668,34.6087801]},"properties":{"z":73.0}},{"type":"Feature","geometry":{"type":"Point","coordinates":[135.8346948,34.6087408]},"properties":{"z":72.8}},{"type":"Feature","geometry":{"type":"Point","coordinates":[135.8347125,34.6086985]},"properties":{"z":72.8}},{"type":"Feature","geometry":{"type":"Point","coordinates":[135.8347266,34.6086553]},"properties":{"z":72.6}},{"type":"Feature","geometry":{"type":"Point","coordinates":[135.8347197,34.6086107]},"properties":{"z":72.4}},{"type":"Feature","geometry":{"type":"Point","coordinates":[135.8347166,34.6085661]},"properties":{"z":72.4}},{"type":"Feature","geometry":{"type":"Point","coordinates":[135.8347225,34.6085214]},"properties":{"z":72.2}},{"type":"Feature","geometry":{"type":"Point","coordinates":[135.8347366,34.6084783]},"properties":{"z":71.9}},{"type":"Feature","geometry":{"type":"Point","coordinates":[135.8347548,34.6084359]},"properties":{"z":71.9}},{"type":"Feature","geometry":{"type":"Point","coordinates":[135.8347727,34.6083934]},"properties":{"z":71.7}},{"type":"Feature","geometry":{"type":"Point","coordinates":[135.8347905,34.6083509]},"properties":{"z":71.7}},{"type":"Feature","geometry":{"type":"Point","coordinates":[135.8348082,34.6083084]},"properties":{"z":71.4}},{"type":"Feature","geometry":{"type":"Point","coordinates":[135.8348259,34.6082659]},"properties":{"z":71.2}},{"type":"Feature","geometry":{"type":"Point","coordinates":[135.8348425,34.608223]},"properties":{"z":71.2}},{"type":"Feature","geometry":{"type":"Point","coordinates":[135.834859,34.6081802]},"properties":{"z":70.9}},{"type":"Feature","geometry":{"type":"Point","coordinates":[135.8348797,34.6081386]},"properties":{"z":70.8}},{"type":"Feature","geometry":{"type":"Point","coordinates":[135.8349005,34.608097]},"properties":{"z":70.6}},{"type":"Feature","geometry":{"type":"Point","coordinates":[135.8349215,34.6080555]},"properties":{"z":70.4}},{"type":"Feature","geometry":{"type":"Point","coordinates":[135.8349419,34.6080138]},"properties":{"z":70.4}},{"type":"Feature","geometry":{"type":"Point","coordinates":[135.8349589,34.6079711]},"properties":{"z":70.2}},{"type":"Feature","geometry":{"type":"Point","coordinates":[135.8349756,34.6079283]},"properties":{"z":70.1}},{"type":"Feature","geometry":{"type":"Point","coordinates":[135.8349913,34.6078853]},"properties":{"z":70.0}},{"type":"Feature","geometry":{"type":"Point","coordinates":[135.8350071,34.6078423]},"properties":{"z":69.9}},{"type":"Feature","geometry":{"type":"Point","coordinates":[135.8350231,34.6077993]},"properties":{"z":69.9}},{"type":"Feature","geometry":{"type":"Point","coordinates":[135.83504,34.6077565]},"properties":{"z":69.8}},{"type":"Feature","geometry":{"type":"Point","coordinates":[135.8350575,34.607714]},"properties":{"z":69.8}},{"type":"Feature","geometry":{"type":"Point","coordinates":[135.8350757,34.6076716]},"properties":{"z":69.8}},{"type":"Feature","geometry":{"type":"Point","coordinates":[135.8350939,34.6076292]},"properties":{"z":69.8}},{"type":"Feature","geometry":{"type":"Point","coordinates":[135.8351097,34.6075862]},"properties":{"z":69.8}},{"type":"Feature","geometry":{"type":"Point","coordinates":[135.8351254,34.6075431]},"properties":{"z":69.7}},{"type":"Feature","geometry":{"type":"Point","coordinates":[135.8351404,34.6074999]},"properties":{"z":69.7}},{"type":"Feature","geometry":{"type":"Point","coordinates":[135.835155,34.6074566]},"properties":{"z":69.7}},{"type":"Feature","geometry":{"type":"Point","coordinates":[135.8351689,34.6074131]},"properties":{"z":69.7}},{"type":"Feature","geometry":{"type":"Point","coordinates":[135.8351838,34.6073699]},"properties":{"z":69.7}},{"type":"Feature","geometry":{"type":"Point","coordinates":[135.8352009,34.6073272]},"properties":{"z":69.7}},{"type":"Feature","geometry":{"type":"Point","coordinates":[135.8352168,34.6072842]},"properties":{"z":69.6}},{"type":"Feature","geometry":{"type":"Point","coordinates":[135.8352317,34.6072409]},"properties":{"z":69.7}},{"type":"Feature","geometry":{"type":"Point","coordinates":[135.835246,34.6071976]},"properties":{"z":69.6}},{"type":"Feature","geometry":{"type":"Point","coordinates":[135.8352602,34.6071541]},"properties":{"z":69.6}},{"type":"Feature","geometry":{"type":"Point","coordinates":[135.8352736,34.6071106]},"properties":{"z":69.6}},{"type":"Feature","geometry":{"type":"Point","coordinates":[135.8352873,34.6070671]},"properties":{"z":69.6}},{"type":"Feature","geometry":{"type":"Point","coordinates":[135.8353012,34.6070236]},"properties":{"z":69.6}},{"type":"Feature","geometry":{"type":"Point","coordinates":[135.8353143,34.6069799]},"properties":{"z":69.6}},{"type":"Feature","geometry":{"type":"Point","coordinates":[135.8353269,34.6069362]},"properties":{"z":69.6}},{"type":"Feature","geometry":{"type":"Point","coordinates":[135.8353384,34.6068923]},"properties":{"z":69.5}},{"type":"Feature","geometry":{"type":"Point","coordinates":[135.8353498,34.6068483]},"properties":{"z":69.5}},{"type":"Feature","geometry":{"type":"Point","coordinates":[135.8353627,34.6068046]},"properties":{"z":69.5}},{"type":"Feature","geometry":{"type":"Point","coordinates":[135.835376,34.606761]},"properties":{"z":69.4}},{"type":"Feature","geometry":{"type":"Point","coordinates":[135.8353904,34.6067177]},"properties":{"z":69.4}},{"type":"Feature","geometry":{"type":"Point","coordinates":[135.8354035,34.606674]},"properties":{"z":69.4}},{"type":"Feature","geometry":{"type":"Point","coordinates":[135.8354157,34.6066302]},"properties":{"z":69.4}},{"type":"Feature","geometry":{"type":"Point","coordinates":[135.8354279,34.6065864]},"properties":{"z":69.4}},{"type":"Feature","geometry":{"type":"Point","coordinates":[135.83544,34.6065426]},"properties":{"z":69.4}},{"type":"Feature","geometry":{"type":"Point","coordinates":[135.8354516,34.6064986]},"properties":{"z":69.3}},{"type":"Feature","geometry":{"type":"Point","coordinates":[135.835462,34.6064545]},"properties":{"z":69.3}},{"type":"Feature","geometry":{"type":"Point","coordinates":[135.8354715,34.6064103]},"properties":{"z":69.3}},{"type":"Feature","geometry":{"type":"Point","coordinates":[135.8354842,34.6063666]},"properties":{"z":69.3}},{"type":"Feature","geometry":{"type":"Point","coordinates":[135.8354976,34.606323]},"properties":{"z":69.3}},{"type":"Feature","geometry":{"type":"Point","coordinates":[135.83551,34.6062792]},"properties":{"z":69.2}},{"type":"Feature","geometry":{"type":"Point","coordinates":[135.8355222,34.6062354]},"properties":{"z":69.2}},{"type":"Feature","geometry":{"type":"Point","coordinates":[135.8355339,34.6061915]},"properties":{"z":69.1}},{"type":"Feature","geometry":{"type":"Point","coordinates":[135.8355449,34.6061475]},"properties":{"z":69.1}},{"type":"Feature","geometry":{"type":"Point","coordinates":[135.8355548,34.6061032]},"properties":{"z":69.1}},{"type":"Feature","geometry":{"type":"Point","coordinates":[135.8355668,34.6060594]},"properties":{"z":69.1}},{"type":"Feature","geometry":{"type":"Point","coordinates":[135.8355797,34.6060157]},"properties":{"z":69.1}},{"type":"Feature","geometry":{"type":"Point","coordinates":[135.83559,34.6059716]},"properties":{"z":69.1}},{"type":"Feature","geometry":{"type":"Point","coordinates":[135.835599,34.6059273]},"properties":{"z":69.1}},{"type":"Feature","geometry":{"type":"Point","coordinates":[135.8356059,34.6058827]},"properties":{"z":69.1}},{"type":"Feature","geometry":{"type":"Point","coordinates":[135.8356152,34.6058384]},"properties":{"z":69.0}},{"type":"Feature","geometry":{"type":"Point","coordinates":[135.8356241,34.605794]},"properties":{"z":69.2}},{"type":"Feature","geometry":{"type":"Point","coordinates":[135.8356324,34.6057496]},"properties":{"z":69.2}},{"type":"Feature","geometry":{"type":"Point","coordinates":[135.8356408,34.6057052]},"properties":{"z":69.3}},{"type":"Feature","geometry":{"type":"Point","coordinates":[135.8356492,34.6056608]},"properties":{"z":69.5}},{"type":"Feature","geometry":{"type":"Point","coordinates":[135.8356574,34.6056163]},"properties":{"z":69.6}},{"type":"Feature","geometry":{"type":"Point","coordinates":[135.8356639,34.6055717]},"properties":{"z":69.7}},{"type":"Feature","geometry":{"type":"Point","coordinates":[135.8356696,34.605527]},"properties":{"z":69.7}},{"type":"Feature","geometry":{"type":"Point","coordinates":[135.8356754,34.6054823]},"properties":{"z":69.8}},{"type":"Feature","geometry":{"type":"Point","coordinates":[135.8356825,34.6054378]},"properties":{"z":69.7}},{"type":"Feature","geometry":{"type":"Point","coordinates":[135.8356911,34.6053934]},"properties":{"z":69.7}},{"type":"Feature","geometry":{"type":"Point","coordinates":[135.8356944,34.6053485]},"properties":{"z":69.7}},{"type":"Feature","geometry":{"type":"Point","coordinates":[135.8356991,34.6053038]},"properties":{"z":69.6}},{"type":"Feature","geometry":{"type":"Point","coordinates":[135.835705,34.6052591]},"properties":{"z":69.6}},{"type":"Feature","geometry":{"type":"Point","coordinates":[135.8357077,34.6052142]},"properties":{"z":69.5}},{"type":"Feature","geometry":{"type":"Point","coordinates":[135.835712,34.6051694]},"properties":{"z":69.5}},{"type":"Feature","geometry":{"type":"Point","coordinates":[135.8357184,34.6051248]},"properties":{"z":69.4}},{"type":"Feature","geometry":{"type":"Point","coordinates":[135.8357253,34.6050802]},"properties":{"z":69.3}},{"type":"Feature","geometry":{"type":"Point","coordinates":[135.8357322,34.6050356]},"properties":{"z":69.3}},{"type":"Feature","geometry":{"type":"Point","coordinates":[135.835738,34.6049909]},"properties":{"z":69.3}},{"type":"Feature","geometry":{"type":"Point","coordinates":[135.8357445,34.6049462]},"properties":{"z":69.3}},{"type":"Feature","geometry":{"type":"Point","coordinates":[135.8357524,34.6049018]},"properties":{"z":69.3}},{"type":"Feature","geometry":{"type":"Point","coordinates":[135.8357621,34.6048575]},"properties":{"z":69.3}},{"type":"Feature","geometry":{"type":"Point","coordinates":[135.8357732,34.6048135]},"properties":{"z":69.3}},{"type":"Feature","geometry":{"type":"Point","coordinates":[135.8357779,34.6047688]},"properties":{"z":69.3}},{"type":"Feature","geometry":{"type":"Point","coordinates":[135.835781,34.604724]},"properties":{"z":69.3}},{"type":"Feature","geometry":{"type":"Point","coordinates":[135.835785,34.6046791]},"properties":{"z":69.3}},{"type":"Feature","geometry":{"type":"Point","coordinates":[135.8357914,34.6046345]},"properties":{"z":69.3}},{"type":"Feature","geometry":{"type":"Point","coordinates":[135.8357976,34.6045899]},"properties":{"z":69.4}},{"type":"Feature","geometry":{"type":"Point","coordinates":[135.8358018,34.604545]},"properties":{"z":69.4}},{"type":"Feature","geometry":{"type":"Point","coordinates":[135.8358025,34.6045001]},"properties":{"z":69.4}},{"type":"Feature","geometry":{"type":"Point","coordinates":[135.8358037,34.6044552]},"properties":{"z":69.4}},{"type":"Feature","geometry":{"type":"Point","coordinates":[135.8358055,34.6044102]},"properties":{"z":69.4}},{"type":"Feature","geometry":{"type":"Point","coordinates":[135.8358075,34.6043653]},"properties":{"z":69.5}},{"type":"Feature","geometry":{"type":"Point","coordinates":[135.835811,34.6043204]},"properties":{"z":69.5}},{"type":"Feature","geometry":{"type":"Point","coordinates":[135.8358176,34.6042759]},"properties":{"z":69.5}},{"type":"Feature","geometry":{"type":"Point","coordinates":[135.8358282,34.6042319]},"properties":{"z":69.5}},{"type":"Feature","geometry":{"type":"Point","coordinates":[135.8358428,34.6041885]},"properties":{"z":69.5}},{"type":"Feature","geometry":{"type":"Point","coordinates":[135.8358546,34.6041447]},"properties":{"z":69.5}},{"type":"Feature","geometry":{"type":"Point","coordinates":[135.8358614,34.6041001]},"properties":{"z":69.4}},{"type":"Feature","geometry":{"type":"Point","coordinates":[135.8358472,34.6040609]},"properties":{"z":69.4}},{"type":"Feature","geometry":{"type":"Point","coordinates":[135.8358033,34.6040341]},"properties":{"z":69.4}},{"type":"Feature","geometry":{"type":"Point","coordinates":[135.83575,34.6040245]},"properties":{"z":69.4}},{"type":"Feature","geometry":{"type":"Point","coordinates":[135.8356974,34.6040126]},"properties":{"z":69.3}},{"type":"Feature","geometry":{"type":"Point","coordinates":[135.8356444,34.6040028]},"properties":{"z":69.2}},{"type":"Feature","geometry":{"type":"Point","coordinates":[135.8355899,34.6040006]},"properties":{"z":69.2}},{"type":"Feature","geometry":{"type":"Point","coordinates":[135.8355353,34.6039993]},"properties":{"z":69.1}},{"type":"Feature","geometry":{"type":"Point","coordinates":[135.8354807,34.6039986]},"properties":{"z":69.1}},{"type":"Feature","geometry":{"type":"Point","coordinates":[135.8354262,34.6039961]},"properties":{"z":69.0}},{"type":"Feature","geometry":{"type":"Point","coordinates":[135.8353716,34.6039937]},"properties":{"z":69.0}},{"type":"Feature","geometry":{"type":"Point","coordinates":[135.8353171,34.603992]},"properties":{"z":69.0}},{"type":"Feature","geometry":{"type":"Point","coordinates":[135.8352625,34.6039913]},"properties":{"z":68.9}},{"type":"Feature","geometry":{"type":"Point","coordinates":[135.8352079,34.6039923]},"properties":{"z":68.8}},{"type":"Feature","geometry":{"type":"Point","coordinates":[135.8351534,34.6039907]},"properties":{"z":68.8}},{"type":"Feature","geometry":{"type":"Point","coordinates":[135.835099,34.6039868]},"properties":{"z":68.7}},{"type":"Feature","geometry":{"type":"Point","coordinates":[135.8350447,34.6039815]},"properties":{"z":68.6}},{"type":"Feature","geometry":{"type":"Point","coordinates":[135.8349905,34.6039759]},"properties":{"z":68.6}},{"type":"Feature","geometry":{"type":"Point","coordinates":[135.8349362,34.6039711]},"properties":{"z":68.5}},{"type":"Feature","geometry":{"type":"Point","coordinates":[135.8348819,34.6039666]},"properties":{"z":68.5}},{"type":"Feature","geometry":{"type":"Point","coordinates":[135.8348274,34.603964]},"properties":{"z":68.4}},{"type":"Feature","geometry":{"type":"Point","coordinates":[135.8347729,34.6039612]},"properties":{"z":68.3}},{"type":"Feature","geometry":{"type":"Point","coordinates":[135.8347184,34.6039577]},"properties":{"z":68.3}},{"type":"Feature","geometry":{"type":"Point","coordinates":[135.8346639,34.6039555]},"properties":{"z":68.2}},{"type":"Feature","geometry":{"type":"Point","coordinates":[135.8346093,34.6039554]},"properties":{"z":68.2}},{"type":"Feature","geometry":{"type":"Point","coordinates":[135.8345547,34.6039555]},"properties":{"z":68.2}},{"type":"Feature","geometry":{"type":"Point","coordinates":[135.8345001,34.6039558]},"properties":{"z":68.1}},{"type":"Feature","geometry":{"type":"Point","coordinates":[135.8344455,34.6039552]},"properties":{"z":68.0}},{"type":"Feature","geometry":{"type":"Point","coordinates":[135.8343909,34.6039538]},"properties":{"z":68.0}},{"type":"Feature","geometry":{"type":"Point","coordinates":[135.8343363,34.6039524]},"properties":{"z":67.9}},{"type":"Feature","geometry":{"type":"Point","coordinates":[135.8342817,34.6039511]},"properties":{"z":67.9}},{"type":"Feature","geometry":{"type":"Point","coordinates":[135.8342271,34.6039513]},"properties":{"z":67.8}},{"type":"Feature","geometry":{"type":"Point","coordinates":[135.8341725,34.6039517]},"properties":{"z":67.7}},{"type":"Feature","geometry":{"type":"Point","coordinates":[135.8341179,34.6039518]},"properties":{"z":67.7}},{"type":"Feature","geometry":{"type":"Point","coordinates":[135.8340633,34.6039518]},"properties":{"z":67.6}},{"type":"Feature","geometry":{"type":"Point","coordinates":[135.8340087,34.6039511]},"properties":{"z":67.5}},{"type":"Feature","geometry":{"type":"Point","coordinates":[135.8339541,34.6039502]},"properties":{"z":67.5}},{"type":"Feature","geometry":{"type":"Point","coordinates":[135.8338995,34.6039483]},"properties":{"z":67.5}},{"type":"Feature","geometry":{"type":"Point","coordinates":[135.833845,34.6039461]},"properties":{"z":67.4}},{"type":"Feature","geometry":{"type":"Point","coordinates":[135.8337904,34.6039454]},"properties":{"z":67.4}},{"type":"Feature","geometry":{"type":"Point","coordinates":[135.8337358,34.6039452]},"properties":{"z":67.3}},{"type":"Feature","geometry":{"type":"Point","coordinates":[135.8336812,34.6039437]},"properties":{"z":67.3}},{"type":"Feature","geometry":{"type":"Point","coordinates":[135.8336266,34.6039418]},"properties":{"z":67.2}},{"type":"Feature","geometry":{"type":"Point","coordinates":[135.833572,34.60394]},"properties":{"z":67.1}},{"type":"Feature","geometry":{"type":"Point","coordinates":[135.8335175,34.6039382]},"properties":{"z":67.1}},{"type":"Feature","geometry":{"type":"Point","coordinates":[135.8334629,34.603938]},"properties":{"z":67.0}},{"type":"Feature","geometry":{"type":"Point","coordinates":[135.8334083,34.6039386]},"properties":{"z":66.9}},{"type":"Feature","geometry":{"type":"Point","coordinates":[135.8333537,34.6039383]},"properties":{"z":66.9}},{"type":"Feature","geometry":{"type":"Point","coordinates":[135.8332991,34.6039372]},"properties":{"z":66.8}},{"type":"Feature","geometry":{"type":"Point","coordinates":[135.8332445,34.603936]},"properties":{"z":66.8}},{"type":"Feature","geometry":{"type":"Point","coordinates":[135.8331899,34.6039347]},"properties":{"z":66.7}},{"type":"Feature","geometry":{"type":"Point","coordinates":[135.8331353,34.6039344]},"properties":{"z":66.7}},{"type":"Feature","geometry":{"type":"Point","coordinates":[135.8330807,34.6039354]},"properties":{"z":66.7}},{"type":"Feature","geometry":{"type":"Point","coordinates":[135.8330261,34.6039349]},"properties":{"z":66.6}},{"type":"Feature","geometry":{"type":"Point","coordinates":[135.8329715,34.6039331]},"properties":{"z":66.5}},{"type":"Feature","geometry":{"type":"Point","coordinates":[135.832917,34.6039318]},"properties":{"z":66.5}},{"type":"Feature","geometry":{"type":"Point","coordinates":[135.8328624,34.603931]},"properties":{"z":66.4}},{"type":"Feature","geometry":{"type":"Point","coordinates":[135.8328077,34.6039306]},"properties":{"z":66.4}},{"type":"Feature","geometry":{"type":"Point","coordinates":[135.8327531,34.6039305]},"properties":{"z":66.4}},{"type":"Feature","geometry":{"type":"Point","coordinates":[135.8326985,34.6039312]},"properties":{"z":66.3}},{"type":"Feature","geometry":{"type":"Point","coordinates":[135.8326439,34.6039321]},"properties":{"z":66.3}},{"type":"Feature","geometry":{"type":"Point","coordinates":[135.8325893,34.6039317]},"properties":{"z":66.2}},{"type":"Feature","geometry":{"type":"Point","coordinates":[135.8325347,34.6039309]},"properties":{"z":66.1}},{"type":"Feature","geometry":{"type":"Point","coordinates":[135.8324802,34.6039282]},"properties":{"z":66.1}},{"type":"Feature","geometry":{"type":"Point","coordinates":[135.8324257,34.6039259]},"properties":{"z":66.0}},{"type":"Feature","geometry":{"type":"Point","coordinates":[135.8323711,34.6039246]},"properties":{"z":66.0}},{"type":"Feature","geometry":{"type":"Point","coordinates":[135.8323165,34.6039234]},"properties":{"z":66.0}},{"type":"Feature","geometry":{"type":"Point","coordinates":[135.8322619,34.6039223]},"properties":{"z":65.9}},{"type":"Feature","geometry":{"type":"Point","coordinates":[135.8322073,34.6039209]},"properties":{"z":65.8}},{"type":"Feature","geometry":{"type":"Point","coordinates":[135.8321527,34.6039194]},"properties":{"z":65.8}},{"type":"Feature","geometry":{"type":"Point","coordinates":[135.8320982,34.603917]},"properties":{"z":65.7}},{"type":"Feature","geometry":{"type":"Point","coordinates":[135.8320436,34.6039158]},"properties":{"z":65.7}},{"type":"Feature","geometry":{"type":"Point","coordinates":[135.831989,34.6039161]},"properties":{"z":65.6}},{"type":"Feature","geometry":{"type":"Point","coordinates":[135.8319344,34.6039165]},"properties":{"z":65.6}},{"type":"Feature","geometry":{"type":"Point","coordinates":[135.8318798,34.6039167]},"properties":{"z":65.6}},{"type":"Feature","geometry":{"type":"Point","coordinates":[135.8318252,34.6039154]},"properties":{"z":65.5}},{"type":"Feature","geometry":{"type":"Point","coordinates":[135.8317706,34.6039137]},"properties":{"z":65.5}},{"type":"Feature","geometry":{"type":"Point","coordinates":[135.8317161,34.6039119]},"properties":{"z":65.5}},{"type":"Feature","geometry":{"type":"Point","coordinates":[135.8316615,34.6039092]},"properties":{"z":65.4}},{"type":"Feature","geometry":{"type":"Point","coordinates":[135.8316071,34.6039055]},"properties":{"z":65.4}},{"type":"Feature","geometry":{"type":"Point","coordinates":[135.8315527,34.6039023]},"properties":{"z":65.4}},{"type":"Feature","geometry":{"type":"Point","coordinates":[135.8314981,34.6039043]},"properties":{"z":65.4}},{"type":"Feature","geometry":{"type":"Point","coordinates":[135.8314436,34.6039041]},"properties":{"z":65.4}},{"type":"Feature","geometry":{"type":"Point","coordinates":[135.831389,34.6039033]},"properties":{"z":65.4}},{"type":"Feature","geometry":{"type":"Point","coordinates":[135.8313343,34.6039035]},"properties":{"z":65.4}},{"type":"Feature","geometry":{"type":"Point","coordinates":[135.8312801,34.6039083]},"properties":{"z":65.4}},{"type":"Feature","geometry":{"type":"Point","coordinates":[135.831269,34.6039096]},"properties":{"z":65.3}}]}