{"type":"FeatureCollection","features":[{"type":"Feature","geometry":{"type":"Point","coordinates":[135.8198583,34.6850649]},"properties":{"z":69.8}},{"type":"Feature","geometry":{"type":"Point","coordinates":[135.8198646,34.6850203]},"properties":{"z":69.7}},{"type":"Feature","geometry":{"type":"Point","coordinates":[135.8198765,34.6849764]},"properties":{"z":69.7}},{"type":"Feature","geometry":{"type":"Point","coordinates":[135.8198938,34.6849338]},"properties":{"z":69.7}},{"type":"Feature","geometry":{"type":"Point","coordinates":[135.8199071,34.6848902]},"properties":{"z":69.7}},{"type":"Feature","geometry":{"type":"Point","coordinates":[135.8199133,34.6848455]},"properties":{"z":69.7}},{"type":"Feature","geometry":{"type":"Point","coordinates":[135.8199202,34.6848009]},"properties":{"z":69.7}},{"type":"Feature","geometry":{"type":"Point","coordinates":[135.8199109,34.6847566]},"properties":{"z":69.7}},{"type":"Feature","geometry":{"type":"Point","coordinates":[135.8199378,34.684723]},"properties":{"z":69.7}},{"type":"Feature","geometry":{"type":"Point","coordinates":[135.8199919,34.6847181]},"properties":{"z":69.7}},{"type":"Feature","geometry":{"type":"Point","coordinates":[135.8200458,34.6847106]},"properties":{"z":69.7}},{"type":"Feature","geometry":{"type":"Point","coordinates":[135.8200997,34.6847033]},"properties":{"z":69.7}},{"type":"Feature","geometry":{"type":"Point","coordinates":[135.8201535,34.6846953]},"properties":{"z":69.7}},{"type":"Feature","geometry":{"type":"Point","coordinates":[135.8202072,34.6846867]},"properties":{"z":69.8}},{"type":"Feature","geometry":{"type":"Point","coordinates":[135.8202608,34.6846779]},"properties":{"z":69.8}},{"type":"Feature","geometry":{"type":"Point","coordinates":[135.8203147,34.6846702]},"properties":{"z":69.9}},{"type":"Feature","geometry":{"type":"Point","coordinates":[135.8203681,34.6846607]},"properties":{"z":69.9}},{"type":"Feature","geometry":{"type":"Point","coordinates":[135.8204221,34.6846544]},"properties":{"z":70.3}},{"type":"Feature","geometry":{"type":"Point","coordinates":[135.8204754,34.6846468]},"properties":{"z":70.6}},{"type":"Feature","geometry":{"type":"Point","coordinates":[135.8205267,34.6846316]},"properties":{"z":70.6}},{"type":"Feature","geometry":{"type":"Point","coordinates":[135.82058,34.6846217]},"properties":{"z":70.9}},{"type":"Feature","geometry":{"type":"Point","coordinates":[135.820634,34.6846149]},"properties":{"z":71.2}},{"type":"Feature","geometry":{"type":"Point","coordinates":[135.8206883,34.6846102]},"properties":{"z":71.2}},{"type":"Feature","geometry":{"type":"Point","coordinates":[135.8207402,34.6846211]},"properties":{"z":71.6}},{"type":"Feature","geometry":{"type":"Point","coordinates":[135.8207863,34.6846335]},"properties":{"z":71.6}},{"type":"Feature","geometry":{"type":"Point","coordinates":[135.8207887,34.6845992]},"properties":{"z":71.5}},{"type":"Feature","geometry":{"type":"Point","coordinates":[135.8208272,34.6846289]},"properties":{"z":71.9}},{"type":"Feature","geometry":{"type":"Point","coordinates":[135.8208813,34.6846322]},"properties":{"z":71.9}},{"type":"Feature","geometry":{"type":"Point","coordinates":[135.820935,34.6846238]},"properties":{"z":72.2}},{"type":"Feature","geometry":{"type":"Point","coordinates":[135.8209889,34.684626]},"properties":{"z":72.6}},{"type":"Feature","geometry":{"type":"Point","coordinates":[135.8209989,34.6846664]},"properties":{"z":72.6}},{"type":"Feature","geometry":{"type":"Point","coordinates":[135.8209945,34.6847112]},"properties":{"z":72.6}},{"type":"Feature","geometry":{"type":"Point","coordinates":[135.8209913,34.6847561]},"properties":{"z":72.7}},{"type":"Feature","geometry":{"type":"Point","coordinates":[135.820979,34.6847996]},"properties":{"z":72.7}},{"type":"Feature","geometry":{"type":"Point","coordinates":[135.8209604,34.6848412]},"properties":{"z":72.5}},{"type":"Feature","geometry":{"type":"Point","coordinates":[135.8209494,34.6848852]},"properties":{"z":72.5}},{"type":"Feature","geometry":{"type":"Point","coordinates":[135.8209388,34.6849292]},"properties":{"z":72.6}},{"type":"Feature","geometry":{"type":"Point","coordinates":[135.8209299,34.6849736]},"properties":{"z":72.7}},{"type":"Feature","geometry":{"type":"Point","coordinates":[135.8209199,34.6850178]},"properties":{"z":72.7}},{"type":"Feature","geometry":{"type":"Point","coordinates":[135.8209089,34.6850618]},"properties":{"z":72.9}},{"type":"Feature","geometry":{"type":"Point","coordinates":[135.8208974,34.6851057]},"properties":{"z":73.0}},{"type":"Feature","geometry":{"type":"Point","coordinates":[135.8208849,34.6851495]},"properties":{"z":73.0}},{"type":"Feature","geometry":{"type":"Point","coordinates":[135.8208729,34.6851933]},"properties":{"z":73.5}},{"type":"Feature","geometry":{"type":"Point","coordinates":[135.8208592,34.6852369]},"properties":{"z":73.5}},{"type":"Feature","geometry":{"type":"Point","coordinates":[135.8208417,34.6852794]},"properties":{"z":74.0}},{"type":"Feature","geometry":{"type":"Point","coordinates":[135.8208214,34.6853212]},"properties":{"z":74.6}},{"type":"Feature","geometry":{"type":"Point","coordinates":[135.8207966,34.6853611]},"properties":{"z":74.4}},{"type":"Feature","geometry":{"type":"Point","coordinates":[135.8207709,34.6854008]},"properties":{"z":74.8}},{"type":"Feature","geometry":{"type":"Point","coordinates":[135.8207466,34.685441]},"properties":{"z":74.8}},{"type":"Feature","geometry":{"type":"Point","coordinates":[135.8207285,34.6854833]},"properties":{"z":74.9}},{"type":"Feature","geometry":{"type":"Point","coordinates":[135.8207122,34.6855262]},"properties":{"z":74.3}},{"type":"Feature","geometry":{"type":"Point","coordinates":[135.8206903,34.6855674]},"properties":{"z":74.3}},{"type":"Feature","geometry":{"type":"Point","coordinates":[135.8206708,34.6856094]},"properties":{"z":74.3}},{"type":"Feature","geometry":{"type":"Point","coordinates":[135.8206525,34.6856517]},"properties":{"z":74.3}},{"type":"Feature","geometry":{"type":"Point","coordinates":[135.8206336,34.6856939]},"properties":{"z":74.4}},{"type":"Feature","geometry":{"type":"Point","coordinates":[135.8206121,34.6857352]},"properties":{"z":73.9}},{"type":"Feature","geometry":{"type":"Point","coordinates":[135.8205908,34.6857766]},"properties":{"z":73.9}},{"type":"Feature","geometry":{"type":"Point","coordinates":[135.8205714,34.6858186]},"properties":{"z":74.0}},{"type":"Feature","geometry":{"type":"Point","coordinates":[135.8205546,34.6858614]},"properties":{"z":74.0}},{"type":"Feature","geometry":{"type":"Point","coordinates":[135.820529,34.6859011]},"properties":{"z":74.0}},{"type":"Feature","geometry":{"type":"Point","coordinates":[135.8205042,34.6859412]},"properties":{"z":74.0}},{"type":"Feature","geometry":{"type":"Point","coordinates":[135.8204869,34.6859838]},"properties":{"z":74.3}},{"type":"Feature","geometry":{"type":"Point","coordinates":[135.8204646,34.6860248]},"properties":{"z":74.6}},{"type":"Feature","geometry":{"type":"Point","coordinates":[135.820442,34.6860657]},"properties":{"z":73.8}},{"type":"Feature","geometry":{"type":"Point","coordinates":[135.8204248,34.6861081]},"properties":{"z":74.0}},{"type":"Feature","geometry":{"type":"Point","coordinates":[135.8204106,34.6861515]},"properties":{"z":74.0}},{"type":"Feature","geometry":{"type":"Point","coordinates":[135.8203945,34.6861945]},"properties":{"z":74.2}},{"type":"Feature","geometry":{"type":"Point","coordinates":[135.8203732,34.6862359]},"properties":{"z":74.3}},{"type":"Feature","geometry":{"type":"Point","coordinates":[135.820351,34.6862769]},"properties":{"z":73.5}},{"type":"Feature","geometry":{"type":"Point","coordinates":[135.8203284,34.6863179]},"properties":{"z":73.6}},{"type":"Feature","geometry":{"type":"Point","coordinates":[135.8203041,34.6863581]},"properties":{"z":73.6}},{"type":"Feature","geometry":{"type":"Point","coordinates":[135.8202779,34.6863975]},"properties":{"z":73.4}},{"type":"Feature","geometry":{"type":"Point","coordinates":[135.820252,34.6864371]},"properties":{"z":73.4}},{"type":"Feature","geometry":{"type":"Point","coordinates":[135.8202382,34.6864806]},"properties":{"z":74.0}},{"type":"Feature","geometry":{"type":"Point","coordinates":[135.8202578,34.6865187]},"properties":{"z":74.5}},{"type":"Feature","geometry":{"type":"Point","coordinates":[135.8202892,34.6865554]},"properties":{"z":75.0}},{"type":"Feature","geometry":{"type":"Point","coordinates":[135.8202943,34.6865886]},"properties":{"z":75.4}},{"type":"Feature","geometry":{"type":"Point","coordinates":[135.8202452,34.6866064]},"properties":{"z":74.9}},{"type":"Feature","geometry":{"type":"Point","coordinates":[135.8202021,34.6866307]},"properties":{"z":74.9}},{"type":"Feature","geometry":{"type":"Point","coordinates":[135.8201684,34.6866661]},"properties":{"z":74.3}},{"type":"Feature","geometry":{"type":"Point","coordinates":[135.8201332,34.6867005]},"properties":{"z":74.3}},{"type":"Feature","geometry":{"type":"Point","coordinates":[135.8200983,34.686735]},"properties":{"z":74.1}},{"type":"Feature","geometry":{"type":"Point","coordinates":[135.8200727,34.6867747]},"properties":{"z":74.1}},{"type":"Feature","geometry":{"type":"Point","coordinates":[135.8200423,34.6868118]},"properties":{"z":74.5}},{"type":"Feature","geometry":{"type":"Point","coordinates":[135.8200081,34.6868469]},"properties":{"z":74.3}},{"type":"Feature","geometry":{"type":"Point","coordinates":[135.8199743,34.6868822]},"properties":{"z":74.4}},{"type":"Feature","geometry":{"type":"Point","coordinates":[135.8199422,34.6869186]},"properties":{"z":74.4}},{"type":"Feature","geometry":{"type":"Point","coordinates":[135.8199112,34.6869556]},"properties":{"z":74.0}},{"type":"Feature","geometry":{"type":"Point","coordinates":[135.8198736,34.686988]},"properties":{"z":74.0}},{"type":"Feature","geometry":{"type":"Point","coordinates":[135.8198337,34.6870187]},"properties":{"z":73.6}},{"type":"Feature","geometry":{"type":"Point","coordinates":[135.8197897,34.6870453]},"properties":{"z":73.6}},{"type":"Feature","geometry":{"type":"Point","coordinates":[135.8197463,34.6870727]},"properties":{"z":73.3}},{"type":"Feature","geometry":{"type":"Point","coordinates":[135.8197055,34.6871026]},"properties":{"z":73.4}},{"type":"Feature","geometry":{"type":"Point","coordinates":[135.8196687,34.6871353]},"properties":{"z":73.2}},{"type":"Feature","geometry":{"type":"Point","coordinates":[135.8196394,34.6871732]},"properties":{"z":73.4}},{"type":"Feature","geometry":{"type":"Point","coordinates":[135.8196192,34.6872147]},"properties":{"z":73.4}},{"type":"Feature","geometry":{"type":"Point","coordinates":[135.819604,34.6872578]},"properties":{"z":73.6}},{"type":"Feature","geometry":{"type":"Point","coordinates":[135.8195987,34.6873025]},"properties":{"z":73.8}},{"type":"Feature","geometry":{"type":"Point","coordinates":[135.8195941,34.6873473]},"properties":{"z":73.6}},{"type":"Feature","geometry":{"type":"Point","coordinates":[135.8195915,34.6873922]},"properties":{"z":73.7}},{"type":"Feature","geometry":{"type":"Point","coordinates":[135.8195923,34.687437]},"properties":{"z":73.7}},{"type":"Feature","geometry":{"type":"Point","coordinates":[135.8195983,34.6874817]},"properties":{"z":73.9}},{"type":"Feature","geometry":{"type":"Point","coordinates":[135.8196039,34.6875264]},"properties":{"z":73.8}},{"type":"Feature","geometry":{"type":"Point","coordinates":[135.8196092,34.6875711]},"properties":{"z":73.7}},{"type":"Feature","geometry":{"type":"Point","coordinates":[135.8196172,34.6876155]},"properties":{"z":73.7}},{"type":"Feature","geometry":{"type":"Point","coordinates":[135.8196286,34.6876595]},"properties":{"z":73.6}},{"type":"Feature","geometry":{"type":"Point","coordinates":[135.819641,34.6877033]},"properties":{"z":73.6}},{"type":"Feature","geometry":{"type":"Point","coordinates":[135.819654,34.6877469]},"properties":{"z":73.5}},{"type":"Feature","geometry":{"type":"Point","coordinates":[135.8196691,34.6877901]},"properties":{"z":73.4}},{"type":"Feature","geometry":{"type":"Point","coordinates":[135.8196834,34.6878335]},"properties":{"z":73.6}},{"type":"Feature","geometry":{"type":"Point","coordinates":[135.8196956,34.6878773]},"properties":{"z":73.5}},{"type":"Feature","geometry":{"type":"Point","coordinates":[135.8197115,34.6879203]},"properties":{"z":73.5}},{"type":"Feature","geometry":{"type":"Point","coordinates":[135.8197256,34.6879636]},"properties":{"z":73.4}},{"type":"Feature","geometry":{"type":"Point","coordinates":[135.8197318,34.6880082]},"properties":{"z":73.3}},{"type":"Feature","geometry":{"type":"Point","coordinates":[135.8197369,34.688053]},"properties":{"z":73.3}},{"type":"Feature","geometry":{"type":"Point","coordinates":[135.8197406,34.6880978]},"properties":{"z":73.2}},{"type":"Feature","geometry":{"type":"Point","coordinates":[135.8197438,34.6881427]},"properties":{"z":73.1}},{"type":"Feature","geometry":{"type":"Point","coordinates":[135.8197461,34.6881876]},"properties":{"z":73.1}},{"type":"Feature","geometry":{"type":"Point","coordinates":[135.8197432,34.6882325]},"properties":{"z":72.9}},{"type":"Feature","geometry":{"type":"Point","coordinates":[135.8197379,34.6882772]},"properties":{"z":72.8}},{"type":"Feature","geometry":{"type":"Point","coordinates":[135.8197333,34.6883219]},"properties":{"z":72.8}},{"type":"Feature","geometry":{"type":"Point","coordinates":[135.8197234,34.6883661]},"properties":{"z":72.8}},{"type":"Feature","geometry":{"type":"Point","coordinates":[135.8197122,34.6884101]},"properties":{"z":72.8}},{"type":"Feature","geometry":{"type":"Point","coordinates":[135.8197064,34.6884547]},"properties":{"z":72.8}},{"type":"Feature","geometry":{"type":"Point","coordinates":[135.8197063,34.6884997]},"properties":{"z":72.8}},{"type":"Feature","geometry":{"type":"Point","coordinates":[135.8196947,34.6885436]},"properties":{"z":72.8}},{"type":"Feature","geometry":{"type":"Point","coordinates":[135.8196894,34.6885882]},"properties":{"z":72.8}},{"type":"Feature","geometry":{"type":"Point","coordinates":[135.819686,34.6886331]},"properties":{"z":72.7}},{"type":"Feature","geometry":{"type":"Point","coordinates":[135.8196819,34.6886779]},"properties":{"z":72.3}},{"type":"Feature","geometry":{"type":"Point","coordinates":[135.8196806,34.6887227]},"properties":{"z":72.2}},{"type":"Feature","geometry":{"type":"Point","coordinates":[135.8196896,34.6887657]},"properties":{"z":72.6}},{"type":"Feature","geometry":{"type":"Point","coordinates":[135.8197343,34.6887915]},"properties":{"z":72.4}},{"type":"Feature","geometry":{"type":"Point","coordinates":[135.8197844,34.6888093]},"properties":{"z":72.7}},{"type":"Feature","geometry":{"type":"Point","coordinates":[135.8198336,34.6888286]},"properties":{"z":72.7}},{"type":"Feature","geometry":{"type":"Point","coordinates":[135.8198815,34.6888503]},"properties":{"z":72.4}},{"type":"Feature","geometry":{"type":"Point","coordinates":[135.8199277,34.6888743]},"properties":{"z":72.4}},{"type":"Feature","geometry":{"type":"Point","coordinates":[135.8199712,34.6889015]},"properties":{"z":72.6}},{"type":"Feature","geometry":{"type":"Point","coordinates":[135.8200136,34.6889299]},"properties":{"z":72.0}},{"type":"Feature","geometry":{"type":"Point","coordinates":[135.8200608,34.6889516]},"properties":{"z":72.2}},{"type":"Feature","geometry":{"type":"Point","coordinates":[135.8201075,34.6889743]},"properties":{"z":72.2}},{"type":"Feature","geometry":{"type":"Point","coordinates":[135.8201003,34.6890169]},"properties":{"z":71.7}},{"type":"Feature","geometry":{"type":"Point","coordinates":[135.8200879,34.6890607]},"properties":{"z":71.3}},{"type":"Feature","geometry":{"type":"Point","coordinates":[135.8200706,34.6891033]},"properties":{"z":71.3}},{"type":"Feature","geometry":{"type":"Point","coordinates":[135.8200542,34.6891461]},"properties":{"z":71.3}},{"type":"Feature","geometry":{"type":"Point","coordinates":[135.8200599,34.6891873]},"properties":{"z":71.3}},{"type":"Feature","geometry":{"type":"Point","coordinates":[135.8201034,34.6892118]},"properties":{"z":71.3}},{"type":"Feature","geometry":{"type":"Point","coordinates":[135.8201527,34.689231]},"properties":{"z":71.4}},{"type":"Feature","geometry":{"type":"Point","coordinates":[135.8202006,34.6892526]},"properties":{"z":71.4}},{"type":"Feature","geometry":{"type":"Point","coordinates":[135.8202487,34.689274]},"properties":{"z":71.4}},{"type":"Feature","geometry":{"type":"Point","coordinates":[135.8202969,34.6892953]},"properties":{"z":71.5}},{"type":"Feature","geometry":{"type":"Point","coordinates":[135.8203449,34.6893168]},"properties":{"z":71.5}},{"type":"Feature","geometry":{"type":"Point","coordinates":[135.8203931,34.689338]},"properties":{"z":71.6}},{"type":"Feature","geometry":{"type":"Point","coordinates":[135.8204416,34.6893587]},"properties":{"z":71.6}},{"type":"Feature","geometry":{"type":"Point","coordinates":[135.8204894,34.6893805]},"properties":{"z":71.6}},{"type":"Feature","geometry":{"type":"Point","coordinates":[135.8205369,34.6894027]},"properties":{"z":71.6}},{"type":"Feature","geometry":{"type":"Point","coordinates":[135.820584,34.6894256]},"properties":{"z":71.7}},{"type":"Feature","geometry":{"type":"Point","coordinates":[135.8206311,34.6894485]},"properties":{"z":71.8}},{"type":"Feature","geometry":{"type":"Point","coordinates":[135.8206781,34.6894714]},"properties":{"z":71.8}},{"type":"Feature","geometry":{"type":"Point","coordinates":[135.8207265,34.6894922]},"properties":{"z":71.9}},{"type":"Feature","geometry":{"type":"Point","coordinates":[135.8207753,34.6895126]},"properties":{"z":71.9}},{"type":"Feature","geometry":{"type":"Point","coordinates":[135.8208247,34.6895318]},"properties":{"z":71.9}},{"type":"Feature","geometry":{"type":"Point","coordinates":[135.8208744,34.6895506]},"properties":{"z":72.0}},{"type":"Feature","geometry":{"type":"Point","coordinates":[135.8209249,34.6895678]},"properties":{"z":72.0}},{"type":"Feature","geometry":{"type":"Point","coordinates":[135.8209759,34.6895839]},"properties":{"z":72.0}},{"type":"Feature","geometry":{"type":"Point","coordinates":[135.8210276,34.6895984]},"properties":{"z":72.0}},{"type":"Feature","geometry":{"type":"Point","coordinates":[135.8210792,34.6896133]},"properties":{"z":72.1}},{"type":"Feature","geometry":{"type":"Point","coordinates":[135.8211307,34.6896283]},"properties":{"z":72.2}},{"type":"Feature","geometry":{"type":"Point","coordinates":[135.8211829,34.6896418]},"properties":{"z":72.3}},{"type":"Feature","geometry":{"type":"Point","coordinates":[135.8212351,34.689655]},"properties":{"z":72.3}},{"type":"Feature","geometry":{"type":"Point","coordinates":[135.8212879,34.6896667]},"properties":{"z":72.3}},{"type":"Feature","geometry":{"type":"Point","coordinates":[135.821341,34.6896769]},"properties":{"z":72.3}},{"type":"Feature","geometry":{"type":"Point","coordinates":[135.8213953,34.6896827]},"properties":{"z":72.3}},{"type":"Feature","geometry":{"type":"Point","coordinates":[135.8214498,34.6896854]},"properties":{"z":72.4}},{"type":"Feature","geometry":{"type":"Point","coordinates":[135.8215035,34.6896805]},"properties":{"z":72.5}},{"type":"Feature","geometry":{"type":"Point","coordinates":[135.821557,34.6896765]},"properties":{"z":72.5}},{"type":"Feature","geometry":{"type":"Point","coordinates":[135.8216114,34.6896796]},"properties":{"z":72.5}},{"type":"Feature","geometry":{"type":"Point","coordinates":[135.8216659,34.6896764]},"properties":{"z":72.6}},{"type":"Feature","geometry":{"type":"Point","coordinates":[135.8217192,34.6896755]},"properties":{"z":72.6}},{"type":"Feature","geometry":{"type":"Point","coordinates":[135.8217664,34.6896966]},"properties":{"z":72.7}},{"type":"Feature","geometry":{"type":"Point","coordinates":[135.8218022,34.6897304]},"properties":{"z":72.7}},{"type":"Feature","geometry":{"type":"Point","coordinates":[135.821847,34.6897561]},"properties":{"z":72.7}},{"type":"Feature","geometry":{"type":"Point","coordinates":[135.8218902,34.6897837]},"properties":{"z":72.8}},{"type":"Feature","geometry":{"type":"Point","coordinates":[135.8219318,34.6898128]},"properties":{"z":72.9}},{"type":"Feature","geometry":{"type":"Point","coordinates":[135.8219735,34.6898419]},"properties":{"z":72.9}},{"type":"Feature","geometry":{"type":"Point","coordinates":[135.8220088,34.6898761]},"properties":{"z":73.0}},{"type":"Feature","geometry":{"type":"Point","coordinates":[135.822045,34.6899098]},"properties":{"z":73.0}},{"type":"Feature","geometry":{"type":"Point","coordinates":[135.8220813,34.6899434]},"properties":{"z":73.0}},{"type":"Feature","geometry":{"type":"Point","coordinates":[135.8221194,34.6899756]},"properties":{"z":73.1}},{"type":"Feature","geometry":{"type":"Point","coordinates":[135.8221575,34.6900079]},"properties":{"z":73.1}},{"type":"Feature","geometry":{"type":"Point","coordinates":[135.8221942,34.6900412]},"properties":{"z":73.2}},{"type":"Feature","geometry":{"type":"Point","coordinates":[135.8222308,34.6900746]},"properties":{"z":73.2}},{"type":"Feature","geometry":{"type":"Point","coordinates":[135.8222636,34.6901105]},"properties":{"z":73.3}},{"type":"Feature","geometry":{"type":"Point","coordinates":[135.8222957,34.6901469]},"properties":{"z":73.3}},{"type":"Feature","geometry":{"type":"Point","coordinates":[135.8223358,34.6901773]},"properties":{"z":73.3}},{"type":"Feature","geometry":{"type":"Point","coordinates":[135.8223767,34.6902072]},"properties":{"z":73.4}},{"type":"Feature","geometry":{"type":"Point","coordinates":[135.8224141,34.6902397]},"properties":{"z":73.4}},{"type":"Feature","geometry":{"type":"Point","coordinates":[135.822448,34.690275]},"properties":{"z":73.5}},{"type":"Feature","geometry":{"type":"Point","coordinates":[135.8224767,34.6903121]},"properties":{"z":73.5}},{"type":"Feature","geometry":{"type":"Point","coordinates":[135.8224864,34.6903564]},"properties":{"z":73.6}},{"type":"Feature","geometry":{"type":"Point","coordinates":[135.8224957,34.6904007]},"properties":{"z":73.6}},{"type":"Feature","geometry":{"type":"Point","coordinates":[135.8224982,34.6904456]},"properties":{"z":73.6}},{"type":"Feature","geometry":{"type":"Point","coordinates":[135.8225007,34.6904905]},"properties":{"z":73.6}},{"type":"Feature","geometry":{"type":"Point","coordinates":[135.822503,34.6905354]},"properties":{"z":73.7}},{"type":"Feature","geometry":{"type":"Point","coordinates":[135.8225053,34.6905803]},"properties":{"z":73.7}},{"type":"Feature","geometry":{"type":"Point","coordinates":[135.8225085,34.6906252]},"properties":{"z":73.7}},{"type":"Feature","geometry":{"type":"Point","coordinates":[135.8225127,34.69067]},"properties":{"z":73.7}},{"type":"Feature","geometry":{"type":"Point","coordinates":[135.8225166,34.6907148]},"properties":{"z":73.8}},{"type":"Feature","geometry":{"type":"Point","coordinates":[135.8225202,34.6907597]},"properties":{"z":73.9}},{"type":"Feature","geometry":{"type":"Point","coordinates":[135.8225235,34.6908045]},"properties":{"z":73.9}},{"type":"Feature","geometry":{"type":"Point","coordinates":[135.8225216,34.6908495]},"properties":{"z":73.9}},{"type":"Feature","geometry":{"type":"Point","coordinates":[135.8225197,34.6908944]},"properties":{"z":74.0}},{"type":"Feature","geometry":{"type":"Point","coordinates":[135.8225237,34.6909392]},"properties":{"z":74.0}},{"type":"Feature","geometry":{"type":"Point","coordinates":[135.8225289,34.6909839]},"properties":{"z":74.0}},{"type":"Feature","geometry":{"type":"Point","coordinates":[135.8225352,34.6910286]},"properties":{"z":74.1}},{"type":"Feature","geometry":{"type":"Point","coordinates":[135.8225423,34.6910731]},"properties":{"z":74.1}},{"type":"Feature","geometry":{"type":"Point","coordinates":[135.8225479,34.6911178]},"properties":{"z":74.2}},{"type":"Feature","geometry":{"type":"Point","coordinates":[135.8225498,34.6911627]},"properties":{"z":74.2}},{"type":"Feature","geometry":{"type":"Point","coordinates":[135.8225524,34.6912076]},"properties":{"z":74.3}},{"type":"Feature","geometry":{"type":"Point","coordinates":[135.8225566,34.6912524]},"properties":{"z":74.4}},{"type":"Feature","geometry":{"type":"Point","coordinates":[135.8225633,34.691297]},"properties":{"z":74.4}},{"type":"Feature","geometry":{"type":"Point","coordinates":[135.8225693,34.6913417]},"properties":{"z":74.4}},{"type":"Feature","geometry":{"type":"Point","coordinates":[135.8225724,34.6913865]},"properties":{"z":74.5}},{"type":"Feature","geometry":{"type":"Point","coordinates":[135.8225758,34.6914314]},"properties":{"z":74.5}},{"type":"Feature","geometry":{"type":"Point","coordinates":[135.8225809,34.6914762]},"properties":{"z":74.5}},{"type":"Feature","geometry":{"type":"Point","coordinates":[135.8225844,34.691521]},"properties":{"z":74.5}},{"type":"Feature","geometry":{"type":"Point","coordinates":[135.8225855,34.6915659]},"properties":{"z":74.6}},{"type":"Feature","geometry":{"type":"Point","coordinates":[135.8225922,34.6916104]},"properties":{"z":74.7}},{"type":"Feature","geometry":{"type":"Point","coordinates":[135.8226014,34.6916547]},"properties":{"z":74.7}},{"type":"Feature","geometry":{"type":"Point","coordinates":[135.8226143,34.6916984]},"properties":{"z":74.8}},{"type":"Feature","geometry":{"type":"Point","coordinates":[135.8226277,34.691742]},"properties":{"z":74.8}},{"type":"Feature","geometry":{"type":"Point","coordinates":[135.822636,34.6917864]},"properties":{"z":74.8}},{"type":"Feature","geometry":{"type":"Point","coordinates":[135.8226449,34.6918308]},"properties":{"z":74.9}},{"type":"Feature","geometry":{"type":"Point","coordinates":[135.8226572,34.6918746]},"properties":{"z":75.0}},{"type":"Feature","geometry":{"type":"Point","coordinates":[135.8226706,34.6919181]},"properties":{"z":75.0}},{"type":"Feature","geometry":{"type":"Point","coordinates":[135.8226861,34.6919612]},"properties":{"z":75.1}},{"type":"Feature","geometry":{"type":"Point","coordinates":[135.8227037,34.6920037]},"properties":{"z":75.3}},{"type":"Feature","geometry":{"type":"Point","coordinates":[135.8227241,34.6920454]},"properties":{"z":75.5}},{"type":"Feature","geometry":{"type":"Point","coordinates":[135.822744,34.6920873]},"properties":{"z":75.7}},{"type":"Feature","geometry":{"type":"Point","coordinates":[135.8227627,34.6921295]},"properties":{"z":75.7}},{"type":"Feature","geometry":{"type":"Point","coordinates":[135.8227803,34.6921721]},"properties":{"z":75.8}},{"type":"Feature","geometry":{"type":"Point","coordinates":[135.8227951,34.6922154]},"properties":{"z":75.8}},{"type":"Feature","geometry":{"type":"Point","coordinates":[135.8228063,34.6922591]},"properties":{"z":76.0}},{"type":"Feature","geometry":{"type":"Point","coordinates":[135.8228103,34.692304]},"properties":{"z":76.2}},{"type":"Feature","geometry":{"type":"Point","coordinates":[135.8228166,34.6923485]},"properties":{"z":76.2}},{"type":"Feature","geometry":{"type":"Point","coordinates":[135.8228278,34.6923925]},"properties":{"z":76.3}},{"type":"Feature","geometry":{"type":"Point","coordinates":[135.8228389,34.6924365]},"properties":{"z":76.3}},{"type":"Feature","geometry":{"type":"Point","coordinates":[135.8228497,34.6924806]},"properties":{"z":76.5}},{"type":"Feature","geometry":{"type":"Point","coordinates":[135.8228609,34.6925246]},"properties":{"z":76.7}},{"type":"Feature","geometry":{"type":"Point","coordinates":[135.8228739,34.6925683]},"properties":{"z":76.7}},{"type":"Feature","geometry":{"type":"Point","coordinates":[135.822887,34.6926119]},"properties":{"z":76.9}},{"type":"Feature","geometry":{"type":"Point","coordinates":[135.8229002,34.6926555]},"properties":{"z":77.0}},{"type":"Feature","geometry":{"type":"Point","coordinates":[135.8229133,34.6926992]},"properties":{"z":77.0}},{"type":"Feature","geometry":{"type":"Point","coordinates":[135.8229233,34.6927434]},"properties":{"z":77.2}},{"type":"Feature","geometry":{"type":"Point","coordinates":[135.8229331,34.6927876]},"properties":{"z":77.2}},{"type":"Feature","geometry":{"type":"Point","coordinates":[135.8229455,34.6928314]},"properties":{"z":77.4}},{"type":"Feature","geometry":{"type":"Point","coordinates":[135.8229584,34.692875]},"properties":{"z":77.5}},{"type":"Feature","geometry":{"type":"Point","coordinates":[135.8229712,34.6929187]},"properties":{"z":77.5}},{"type":"Feature","geometry":{"type":"Point","coordinates":[135.8229838,34.6929625]},"properties":{"z":77.7}},{"type":"Feature","geometry":{"type":"Point","coordinates":[135.822996,34.6930063]},"properties":{"z":77.7}},{"type":"Feature","geometry":{"type":"Point","coordinates":[135.8230076,34.6930502]},"properties":{"z":77.7}},{"type":"Feature","geometry":{"type":"Point","coordinates":[135.8230191,34.6930942]},"properties":{"z":77.8}},{"type":"Feature","geometry":{"type":"Point","coordinates":[135.8230308,34.6931381]},"properties":{"z":78.0}},{"type":"Feature","geometry":{"type":"Point","coordinates":[135.8230424,34.693182]},"properties":{"z":78.1}},{"type":"Feature","geometry":{"type":"Point","coordinates":[135.8230536,34.693226]},"properties":{"z":78.1}},{"type":"Feature","geometry":{"type":"Point","coordinates":[135.8230648,34.69327]},"properties":{"z":78.1}},{"type":"Feature","geometry":{"type":"Point","coordinates":[135.8230763,34.693314]},"properties":{"z":78.2}},{"type":"Feature","geometry":{"type":"Point","coordinates":[135.8230878,34.6933579]},"properties":{"z":78.3}},{"type":"Feature","geometry":{"type":"Point","coordinates":[135.8230991,34.6934019]},"properties":{"z":78.3}},{"type":"Feature","geometry":{"type":"Point","coordinates":[135.8231104,34.6934459]},"properties":{"z":78.3}},{"type":"Feature","geometry":{"type":"Point","coordinates":[135.8231219,34.6934898]},"properties":{"z":78.6}},{"type":"Feature","geometry":{"type":"Point","coordinates":[135.8231335,34.6935337]},"properties":{"z":78.6}},{"type":"Feature","geometry":{"type":"Point","coordinates":[135.823146,34.6935775]},"properties":{"z":78.7}},{"type":"Feature","geometry":{"type":"Point","coordinates":[135.8231588,34.6936212]},"properties":{"z":78.7}},{"type":"Feature","geometry":{"type":"Point","coordinates":[135.8231719,34.6936648]},"properties":{"z":78.8}},{"type":"Feature","geometry":{"type":"Point","coordinates":[135.8231851,34.6937085]},"properties":{"z":78.8}},{"type":"Feature","geometry":{"type":"Point","coordinates":[135.8231972,34.6937523]},"properties":{"z":79.0}},{"type":"Feature","geometry":{"type":"Point","coordinates":[135.8232088,34.6937962]},"properties":{"z":79.5}},{"type":"Feature","geometry":{"type":"Point","coordinates":[135.8232199,34.6938403]},"properties":{"z":79.5}},{"type":"Feature","geometry":{"type":"Point","coordinates":[135.823233,34.6938839]},"properties":{"z":79.9}},{"type":"Feature","geometry":{"type":"Point","coordinates":[135.8232457,34.6939276]},"properties":{"z":80.3}},{"type":"Feature","geometry":{"type":"Point","coordinates":[135.8232567,34.6939716]},"properties":{"z":80.3}},{"type":"Feature","geometry":{"type":"Point","coordinates":[135.823266,34.6940159]},"properties":{"z":80.5}},{"type":"Feature","geometry":{"type":"Point","coordinates":[135.8232821,34.6940588]},"properties":{"z":80.5}},{"type":"Feature","geometry":{"type":"Point","coordinates":[135.8232971,34.6941019]},"properties":{"z":81.3}},{"type":"Feature","geometry":{"type":"Point","coordinates":[135.8233094,34.6941457]},"properties":{"z":81.6}},{"type":"Feature","geometry":{"type":"Point","coordinates":[135.8233203,34.6941898]},"properties":{"z":81.6}},{"type":"Feature","geometry":{"type":"Point","coordinates":[135.8233309,34.6942339]},"properties":{"z":82.2}},{"type":"Feature","geometry":{"type":"Point","coordinates":[135.823343,34.6942777]},"properties":{"z":82.7}},{"type":"Feature","geometry":{"type":"Point","coordinates":[135.8233526,34.6943219]},"properties":{"z":82.7}},{"type":"Feature","geometry":{"type":"Point","coordinates":[135.8233628,34.6943661]},"properties":{"z":83.3}},{"type":"Feature","geometry":{"type":"Point","coordinates":[135.8233741,34.6944101]},"properties":{"z":83.8}},{"type":"Feature","geometry":{"type":"Point","coordinates":[135.823385,34.6944541]},"properties":{"z":84.4}},{"type":"Feature","geometry":{"type":"Point","coordinates":[135.8233981,34.6944978]},"properties":{"z":84.9}},{"type":"Feature","geometry":{"type":"Point","coordinates":[135.8234104,34.6945416]},"properties":{"z":84.9}},{"type":"Feature","geometry":{"type":"Point","coordinates":[135.8234224,34.6945854]},"properties":{"z":85.5}},{"type":"Feature","geometry":{"type":"Point","coordinates":[135.8234369,34.6946287]},"properties":{"z":86.0}},{"type":"Feature","geometry":{"type":"Point","coordinates":[135.8234529,34.6946717]},"properties":{"z":86.0}},{"type":"Feature","geometry":{"type":"Point","coordinates":[135.8234691,34.6947147]},"properties":{"z":86.5}},{"type":"Feature","geometry":{"type":"Point","coordinates":[135.823485,34.6947577]},"properties":{"z":86.5}},{"type":"Feature","geometry":{"type":"Point","coordinates":[135.8235038,34.6947999]},"properties":{"z":86.9}},{"type":"Feature","geometry":{"type":"Point","coordinates":[135.8235249,34.6948413]},"properties":{"z":87.3}},{"type":"Feature","geometry":{"type":"Point","coordinates":[135.8235479,34.6948821]},"properties":{"z":86.8}},{"type":"Feature","geometry":{"type":"Point","coordinates":[135.8235723,34.6949223]},"properties":{"z":87.1}},{"type":"Feature","geometry":{"type":"Point","coordinates":[135.8235939,34.6949636]},"properties":{"z":87.1}},{"type":"Feature","geometry":{"type":"Point","coordinates":[135.8236154,34.6950049]},"properties":{"z":87.5}},{"type":"Feature","geometry":{"type":"Point","coordinates":[135.8236364,34.6950464]},"properties":{"z":87.1}},{"type":"Feature","geometry":{"type":"Point","coordinates":[135.8236582,34.6950875]},"properties":{"z":87.4}},{"type":"Feature","geometry":{"type":"Point","coordinates":[135.8236832,34.6951275]},"properties":{"z":87.7}},{"type":"Feature","geometry":{"type":"Point","coordinates":[135.8237065,34.6951681]},"properties":{"z":87.7}},{"type":"Feature","geometry":{"type":"Point","coordinates":[135.8237294,34.6952089]},"properties":{"z":87.7}},{"type":"Feature","geometry":{"type":"Point","coordinates":[135.8237545,34.6952488]},"properties":{"z":87.7}},{"type":"Feature","geometry":{"type":"Point","coordinates":[135.8237772,34.6952897]},"properties":{"z":88.1}},{"type":"Feature","geometry":{"type":"Point","coordinates":[135.8237999,34.6953306]},"properties":{"z":88.1}},{"type":"Feature","geometry":{"type":"Point","coordinates":[135.8238159,34.6953735]},"properties":{"z":88.3}},{"type":"Feature","geometry":{"type":"Point","coordinates":[135.8238402,34.6954136]},"properties":{"z":88.8}},{"type":"Feature","geometry":{"type":"Point","coordinates":[135.8238699,34.6954512]},"properties":{"z":88.8}},{"type":"Feature","geometry":{"type":"Point","coordinates":[135.8238964,34.6954905]},"properties":{"z":89.6}},{"type":"Feature","geometry":{"type":"Point","coordinates":[135.8239231,34.6955296]},"properties":{"z":89.6}},{"type":"Feature","geometry":{"type":"Point","coordinates":[135.8239441,34.6955711]},"properties":{"z":90.4}},{"type":"Feature","geometry":{"type":"Point","coordinates":[135.823962,34.6956135]},"properties":{"z":90.4}},{"type":"Feature","geometry":{"type":"Point","coordinates":[135.823987,34.6956533]},"properties":{"z":91.4}},{"type":"Feature","geometry":{"type":"Point","coordinates":[135.8240158,34.6956915]},"properties":{"z":92.4}},{"type":"Feature","geometry":{"type":"Point","coordinates":[135.8240422,34.6957308]},"properties":{"z":92.4}},{"type":"Feature","geometry":{"type":"Point","coordinates":[135.8240707,34.6957691]},"properties":{"z":93.5}},{"type":"Feature","geometry":{"type":"Point","coordinates":[135.8241087,34.6958014]},"properties":{"z":93.5}},{"type":"Feature","geometry":{"type":"Point","coordinates":[135.8241384,34.695839]},"properties":{"z":94.8}},{"type":"Feature","geometry":{"type":"Point","coordinates":[135.8241761,34.6958716]},"properties":{"z":94.7}},{"type":"Feature","geometry":{"type":"Point","coordinates":[135.8242132,34.6959046]},"properties":{"z":96.0}},{"type":"Feature","geometry":{"type":"Point","coordinates":[135.8242506,34.6959374]},"properties":{"z":95.6}},{"type":"Feature","geometry":{"type":"Point","coordinates":[135.8242891,34.6959693]},"properties":{"z":96.8}},{"type":"Feature","geometry":{"type":"Point","coordinates":[135.8243279,34.696001]},"properties":{"z":96.2}},{"type":"Feature","geometry":{"type":"Point","coordinates":[135.8243646,34.6960342]},"properties":{"z":96.2}},{"type":"Feature","geometry":{"type":"Point","coordinates":[135.8244002,34.6960684]},"properties":{"z":97.4}},{"type":"Feature","geometry":{"type":"Point","coordinates":[135.8244379,34.6961008]},"properties":{"z":97.1}},{"type":"Feature","geometry":{"type":"Point","coordinates":[135.8244784,34.6961311]},"properties":{"z":98.0}},{"type":"Feature","geometry":{"type":"Point","coordinates":[135.8245159,34.6961637]},"properties":{"z":97.9}},{"type":"Feature","geometry":{"type":"Point","coordinates":[135.8245557,34.6961945]},"properties":{"z":98.7}},{"type":"Feature","geometry":{"type":"Point","coordinates":[135.824592,34.6962279]},"properties":{"z":99.0}},{"type":"Feature","geometry":{"type":"Point","coordinates":[135.8246308,34.6962592]},"properties":{"z":99.7}},{"type":"Feature","geometry":{"type":"Point","coordinates":[135.8246632,34.6962954]},"properties":{"z":100.3}},{"type":"Feature","geometry":{"type":"Point","coordinates":[135.8246943,34.6963324]},"properties":{"z":101.0}},{"type":"Feature","geometry":{"type":"Point","coordinates":[135.8247226,34.6963708]},"properties":{"z":101.0}},{"type":"Feature","geometry":{"type":"Point","coordinates":[135.8247465,34.6964112]},"properties":{"z":101.8}},{"type":"Feature","geometry":{"type":"Point","coordinates":[135.8247736,34.6964502]},"properties":{"z":102.3}},{"type":"Feature","geometry":{"type":"Point","coordinates":[135.8248,34.6964896]},"properties":{"z":103.0}},{"type":"Feature","geometry":{"type":"Point","coordinates":[135.824822,34.6965307]},"properties":{"z":103.0}},{"type":"Feature","geometry":{"type":"Point","coordinates":[135.8248459,34.6965711]},"properties":{"z":104.1}},{"type":"Feature","geometry":{"type":"Point","coordinates":[135.8248701,34.6966114]},"properties":{"z":104.8}},{"type":"Feature","geometry":{"type":"Point","coordinates":[135.8248932,34.6966521]},"properties":{"z":104.8}},{"type":"Feature","geometry":{"type":"Point","coordinates":[135.8249154,34.6966932]},"properties":{"z":105.5}},{"type":"Feature","geometry":{"type":"Point","coordinates":[135.8249395,34.6967332]},"properties":{"z":105.8}},{"type":"Feature","geometry":{"type":"Point","coordinates":[135.8249646,34.6967728]},"properties":{"z":106.6}},{"type":"Feature","geometry":{"type":"Point","coordinates":[135.8249858,34.6968142]},"properties":{"z":107.4}},{"type":"Feature","geometry":{"type":"Point","coordinates":[135.8250079,34.6968552]},"properties":{"z":107.7}},{"type":"Feature","geometry":{"type":"Point","coordinates":[135.8250297,34.6968964]},"properties":{"z":108.5}},{"type":"Feature","geometry":{"type":"Point","coordinates":[135.8250499,34.6969382]},"properties":{"z":108.5}},{"type":"Feature","geometry":{"type":"Point","coordinates":[135.8250699,34.69698]},"properties":{"z":109.2}},{"type":"Feature","geometry":{"type":"Point","coordinates":[135.8250799,34.6970239]},"properties":{"z":109.2}},{"type":"Feature","geometry":{"type":"Point","coordinates":[135.8250869,34.6970684]},"properties":{"z":109.8}},{"type":"Feature","geometry":{"type":"Point","coordinates":[135.8250961,34.6971126]},"properties":{"z":111.0}},{"type":"Feature","geometry":{"type":"Point","coordinates":[135.8250996,34.6971573]},"properties":{"z":111.0}},{"type":"Feature","geometry":{"type":"Point","coordinates":[135.8251066,34.6972018]},"properties":{"z":112.1}},{"type":"Feature","geometry":{"type":"Point","coordinates":[135.8251103,34.6972466]},"properties":{"z":113.2}},{"type":"Feature","geometry":{"type":"Point","coordinates":[135.8251122,34.6972915]},"properties":{"z":113.2}},{"type":"Feature","geometry":{"type":"Point","coordinates":[135.8251069,34.6973362]},"properties":{"z":113.7}},{"type":"Feature","geometry":{"type":"Point","coordinates":[135.8250952,34.6973797]},"properties":{"z":113.9}},{"type":"Feature","geometry":{"type":"Point","coordinates":[135.8250952,34.6974238]},"properties":{"z":113.9}},{"type":"Feature","geometry":{"type":"Point","coordinates":[135.8250869,34.6974672]},"properties":{"z":114.6}},{"type":"Feature","geometry":{"type":"Point","coordinates":[135.8250532,34.6975023]},"properties":{"z":114.6}},{"type":"Feature","geometry":{"type":"Point","coordinates":[135.8250292,34.6975424]},"properties":{"z":114.2}},{"type":"Feature","geometry":{"type":"Point","coordinates":[135.8250169,34.6975859]},"properties":{"z":114.2}},{"type":"Feature","geometry":{"type":"Point","coordinates":[135.8249999,34.6976287]},"properties":{"z":114.9}},{"type":"Feature","geometry":{"type":"Point","coordinates":[135.8249782,34.6976698]},"properties":{"z":114.8}},{"type":"Feature","geometry":{"type":"Point","coordinates":[135.8249547,34.6977104]},"properties":{"z":114.8}},{"type":"Feature","geometry":{"type":"Point","coordinates":[135.824928,34.6977496]},"properties":{"z":114.6}},{"type":"Feature","geometry":{"type":"Point","coordinates":[135.8249089,34.6977916]},"properties":{"z":115.9}},{"type":"Feature","geometry":{"type":"Point","coordinates":[135.8249019,34.697836]},"properties":{"z":115.8}},{"type":"Feature","geometry":{"type":"Point","coordinates":[135.8249004,34.6978809]},"properties":{"z":115.8}},{"type":"Feature","geometry":{"type":"Point","coordinates":[135.8249009,34.6979258]},"properties":{"z":115.8}},{"type":"Feature","geometry":{"type":"Point","coordinates":[135.8249074,34.6979704]},"properties":{"z":115.7}},{"type":"Feature","geometry":{"type":"Point","coordinates":[135.824913,34.6980151]},"properties":{"z":115.7}},{"type":"Feature","geometry":{"type":"Point","coordinates":[135.8249242,34.698059]},"properties":{"z":114.3}},{"type":"Feature","geometry":{"type":"Point","coordinates":[135.8249353,34.6981031]},"properties":{"z":114.4}},{"type":"Feature","geometry":{"type":"Point","coordinates":[135.8249472,34.6981469]},"properties":{"z":114.4}},{"type":"Feature","geometry":{"type":"Point","coordinates":[135.8249609,34.6981904]},"properties":{"z":114.5}},{"type":"Feature","geometry":{"type":"Point","coordinates":[135.824975,34.6982339]},"properties":{"z":114.4}},{"type":"Feature","geometry":{"type":"Point","coordinates":[135.8249825,34.6982783]},"properties":{"z":114.4}},{"type":"Feature","geometry":{"type":"Point","coordinates":[135.8249882,34.698323]},"properties":{"z":114.4}},{"type":"Feature","geometry":{"type":"Point","coordinates":[135.8249971,34.6983672]},"properties":{"z":114.4}},{"type":"Feature","geometry":{"type":"Point","coordinates":[135.825012,34.6984104]},"properties":{"z":113.5}},{"type":"Feature","geometry":{"type":"Point","coordinates":[135.8250339,34.6984516]},"properties":{"z":113.5}},{"type":"Feature","geometry":{"type":"Point","coordinates":[135.8250405,34.6984962]},"properties":{"z":113.5}},{"type":"Feature","geometry":{"type":"Point","coordinates":[135.8250492,34.6985406]},"properties":{"z":113.4}},{"type":"Feature","geometry":{"type":"Point","coordinates":[135.825057,34.6985851]},"properties":{"z":113.3}},{"type":"Feature","geometry":{"type":"Point","coordinates":[135.8250592,34.6986298]},"properties":{"z":113.3}},{"type":"Feature","geometry":{"type":"Point","coordinates":[135.8250573,34.6986748]},"properties":{"z":112.9}},{"type":"Feature","geometry":{"type":"Point","coordinates":[135.825056,34.6987197]},"properties":{"z":112.6}},{"type":"Feature","geometry":{"type":"Point","coordinates":[135.825056,34.6987646]},"properties":{"z":112.6}},{"type":"Feature","geometry":{"type":"Point","coordinates":[135.8250501,34.6988093]},"properties":{"z":112.3}},{"type":"Feature","geometry":{"type":"Point","coordinates":[135.8250443,34.698854]},"properties":{"z":112.3}},{"type":"Feature","geometry":{"type":"Point","coordinates":[135.8250392,34.6988988]},"properties":{"z":112.0}},{"type":"Feature","geometry":{"type":"Point","coordinates":[135.8250352,34.6989436]},"properties":{"z":111.8}},{"type":"Feature","geometry":{"type":"Point","coordinates":[135.8250345,34.6989885]},"properties":{"z":111.8}},{"type":"Feature","geometry":{"type":"Point","coordinates":[135.8250335,34.6990335]},"properties":{"z":111.4}},{"type":"Feature","geometry":{"type":"Point","coordinates":[135.8250301,34.6990783]},"properties":{"z":111.3}},{"type":"Feature","geometry":{"type":"Point","coordinates":[135.8250231,34.6991229]},"properties":{"z":111.3}},{"type":"Feature","geometry":{"type":"Point","coordinates":[135.8250201,34.6991676]},"properties":{"z":111.4}},{"type":"Feature","geometry":{"type":"Point","coordinates":[135.8250222,34.6992125]},"properties":{"z":111.4}},{"type":"Feature","geometry":{"type":"Point","coordinates":[135.8250241,34.6992574]},"properties":{"z":111.5}},{"type":"Feature","geometry":{"type":"Point","coordinates":[135.8250239,34.6993024]},"properties":{"z":111.8}},{"type":"Feature","geometry":{"type":"Point","coordinates":[135.8250219,34.6993473]},"properties":{"z":111.8}},{"type":"Feature","geometry":{"type":"Point","coordinates":[135.8250163,34.699392]},"properties":{"z":112.0}},{"type":"Feature","geometry":{"type":"Point","coordinates":[135.8250091,34.6994365]},"properties":{"z":112.2}},{"type":"Feature","geometry":{"type":"Point","coordinates":[135.8249996,34.6994808]},"properties":{"z":112.3}},{"type":"Feature","geometry":{"type":"Point","coordinates":[135.8249943,34.6995255]},"properties":{"z":112.4}},{"type":"Feature","geometry":{"type":"Point","coordinates":[135.82499,34.6995703]},"properties":{"z":112.5}},{"type":"Feature","geometry":{"type":"Point","coordinates":[135.8249865,34.6996152]},"properties":{"z":112.5}},{"type":"Feature","geometry":{"type":"Point","coordinates":[135.8249847,34.6996601]},"properties":{"z":112.5}},{"type":"Feature","geometry":{"type":"Point","coordinates":[135.8249763,34.6997045]},"properties":{"z":112.5}},{"type":"Feature","geometry":{"type":"Point","coordinates":[135.8249691,34.699749]},"properties":{"z":112.4}},{"type":"Feature","geometry":{"type":"Point","coordinates":[135.8249638,34.6997937]},"properties":{"z":112.3}},{"type":"Feature","geometry":{"type":"Point","coordinates":[135.8249537,34.6998379]},"properties":{"z":112.3}},{"type":"Feature","geometry":{"type":"Point","coordinates":[135.8249477,34.6998825]},"properties":{"z":112.2}},{"type":"Feature","geometry":{"type":"Point","coordinates":[135.8249438,34.6999273]},"properties":{"z":112.1}},{"type":"Feature","geometry":{"type":"Point","coordinates":[135.8249406,34.6999722]},"properties":{"z":112.1}},{"type":"Feature","geometry":{"type":"Point","coordinates":[135.8249349,34.7000169]},"properties":{"z":112.1}},{"type":"Feature","geometry":{"type":"Point","coordinates":[135.8249283,34.7000615]},"properties":{"z":112.1}},{"type":"Feature","geometry":{"type":"Point","coordinates":[135.8249227,34.7001062]},"properties":{"z":112.1}},{"type":"Feature","geometry":{"type":"Point","coordinates":[135.8249176,34.700151]},"properties":{"z":112.3}},{"type":"Feature","geometry":{"type":"Point","coordinates":[135.8249122,34.7001957]},"properties":{"z":112.3}},{"type":"Feature","geometry":{"type":"Point","coordinates":[135.8249054,34.7002403]},"properties":{"z":112.3}},{"type":"Feature","geometry":{"type":"Point","coordinates":[135.8249007,34.7002851]},"properties":{"z":112.3}},{"type":"Feature","geometry":{"type":"Point","coordinates":[135.8248965,34.7003299]},"properties":{"z":112.3}},{"type":"Feature","geometry":{"type":"Point","coordinates":[135.8248924,34.7003747]},"properties":{"z":112.4}},{"type":"Feature","geometry":{"type":"Point","coordinates":[135.8248883,34.7004196]},"properties":{"z":113.0}},{"type":"Feature","geometry":{"type":"Point","coordinates":[135.8248841,34.7004644]},"properties":{"z":113.0}},{"type":"Feature","geometry":{"type":"Point","coordinates":[135.8248784,34.7005091]},"properties":{"z":113.7}},{"type":"Feature","geometry":{"type":"Point","coordinates":[135.8248725,34.7005538]},"properties":{"z":113.7}},{"type":"Feature","geometry":{"type":"Point","coordinates":[135.824867,34.7005985]},"properties":{"z":114.4}},{"type":"Feature","geometry":{"type":"Point","coordinates":[135.8248616,34.7006432]},"properties":{"z":115.1}},{"type":"Feature","geometry":{"type":"Point","coordinates":[135.8248571,34.700688]},"properties":{"z":115.1}},{"type":"Feature","geometry":{"type":"Point","coordinates":[135.8248523,34.7007328]},"properties":{"z":115.8}},{"type":"Feature","geometry":{"type":"Point","coordinates":[135.8248466,34.7007775]},"properties":{"z":116.4}},{"type":"Feature","geometry":{"type":"Point","coordinates":[135.8248401,34.7008221]},"properties":{"z":116.4}},{"type":"Feature","geometry":{"type":"Point","coordinates":[135.8248324,34.7008666]},"properties":{"z":117.5}},{"type":"Feature","geometry":{"type":"Point","coordinates":[135.8248263,34.7009113]},"properties":{"z":118.2}},{"type":"Feature","geometry":{"type":"Point","coordinates":[135.8248213,34.7009561]},"properties":{"z":118.2}},{"type":"Feature","geometry":{"type":"Point","coordinates":[135.8248161,34.7010008]},"properties":{"z":118.7}},{"type":"Feature","geometry":{"type":"Point","coordinates":[135.8248106,34.7010455]},"properties":{"z":118.7}},{"type":"Feature","geometry":{"type":"Point","coordinates":[135.8248034,34.7010901]},"properties":{"z":119.0}},{"type":"Feature","geometry":{"type":"Point","coordinates":[135.8247967,34.7011347]},"properties":{"z":119.1}},{"type":"Feature","geometry":{"type":"Point","coordinates":[135.8247908,34.7011794]},"properties":{"z":119.1}},{"type":"Feature","geometry":{"type":"Point","coordinates":[135.8247855,34.7012241]},"properties":{"z":119.1}},{"type":"Feature","geometry":{"type":"Point","coordinates":[135.8247812,34.7012689]},"properties":{"z":119.1}},{"type":"Feature","geometry":{"type":"Point","coordinates":[135.8247765,34.7013137]},"properties":{"z":119.1}},{"type":"Feature","geometry":{"type":"Point","coordinates":[135.8247715,34.7013585]},"properties":{"z":119.1}},{"type":"Feature","geometry":{"type":"Point","coordinates":[135.8247656,34.7014032]},"properties":{"z":119.2}},{"type":"Feature","geometry":{"type":"Point","coordinates":[135.8247593,34.7014478]},"properties":{"z":119.2}},{"type":"Feature","geometry":{"type":"Point","coordinates":[135.8247583,34.7014928]},"properties":{"z":119.2}},{"type":"Feature","geometry":{"type":"Point","coordinates":[135.8247574,34.7015377]},"properties":{"z":119.2}},{"type":"Feature","geometry":{"type":"Point","coordinates":[135.8247556,34.7015826]},"properties":{"z":119.2}},{"type":"Feature","geometry":{"type":"Point","coordinates":[135.8247531,34.7016275]},"properties":{"z":119.2}},{"type":"Feature","geometry":{"type":"Point","coordinates":[135.8247494,34.7016724]},"properties":{"z":119.2}},{"type":"Feature","geometry":{"type":"Point","coordinates":[135.8247472,34.7017173]},"properties":{"z":119.2}},{"type":"Feature","geometry":{"type":"Point","coordinates":[135.8247462,34.7017622]},"properties":{"z":119.0}},{"type":"Feature","geometry":{"type":"Point","coordinates":[135.8247454,34.7018072]},"properties":{"z":119.0}},{"type":"Feature","geometry":{"type":"Point","coordinates":[135.8247448,34.7018521]},"properties":{"z":119.0}},{"type":"Feature","geometry":{"type":"Point","coordinates":[135.8247454,34.7018971]},"properties":{"z":118.7}},{"type":"Feature","geometry":{"type":"Point","coordinates":[135.8247447,34.701942]},"properties":{"z":118.7}},{"type":"Feature","geometry":{"type":"Point","coordinates":[135.8247424,34.7019869]},"properties":{"z":117.5}},{"type":"Feature","geometry":{"type":"Point","coordinates":[135.824741,34.7020319]},"properties":{"z":117.5}},{"type":"Feature","geometry":{"type":"Point","coordinates":[135.8247395,34.7020768]},"properties":{"z":116.1}},{"type":"Feature","geometry":{"type":"Point","coordinates":[135.8247365,34.7021217]},"properties":{"z":114.6}},{"type":"Feature","geometry":{"type":"Point","coordinates":[135.8247355,34.7021666]},"properties":{"z":114.6}},{"type":"Feature","geometry":{"type":"Point","coordinates":[135.8247357,34.7022116]},"properties":{"z":113.3}},{"type":"Feature","geometry":{"type":"Point","coordinates":[135.8247347,34.7022565]},"properties":{"z":112.3}},{"type":"Feature","geometry":{"type":"Point","coordinates":[135.8247341,34.7023015]},"properties":{"z":112.3}},{"type":"Feature","geometry":{"type":"Point","coordinates":[135.8247356,34.7023463]},"properties":{"z":112.6}},{"type":"Feature","geometry":{"type":"Point","coordinates":[135.8247417,34.702391]},"properties":{"z":113.0}},{"type":"Feature","geometry":{"type":"Point","coordinates":[135.8247576,34.702434]},"properties":{"z":112.7}},{"type":"Feature","geometry":{"type":"Point","coordinates":[135.8247804,34.7024744]},"properties":{"z":113.1}},{"type":"Feature","geometry":{"type":"Point","coordinates":[135.8248089,34.7025128]},"properties":{"z":113.1}},{"type":"Feature","geometry":{"type":"Point","coordinates":[135.8248407,34.7025494]},"properties":{"z":112.5}},{"type":"Feature","geometry":{"type":"Point","coordinates":[135.8248775,34.7025822]},"properties":{"z":112.5}},{"type":"Feature","geometry":{"type":"Point","coordinates":[135.8249193,34.7026111]},"properties":{"z":111.6}},{"type":"Feature","geometry":{"type":"Point","coordinates":[135.8249655,34.7026352]},"properties":{"z":111.6}},{"type":"Feature","geometry":{"type":"Point","coordinates":[135.8250159,34.7026518]},"properties":{"z":111.7}},{"type":"Feature","geometry":{"type":"Point","coordinates":[135.8250679,34.7026656]},"properties":{"z":111.7}},{"type":"Feature","geometry":{"type":"Point","coordinates":[135.8251197,34.70268]},"properties":{"z":111.1}},{"type":"Feature","geometry":{"type":"Point","coordinates":[135.8251714,34.7026947]},"properties":{"z":111.1}},{"type":"Feature","geometry":{"type":"Point","coordinates":[135.8252229,34.7027097]},"properties":{"z":111.1}},{"type":"Feature","geometry":{"type":"Point","coordinates":[135.8252719,34.7027298]},"properties":{"z":111.0}},{"type":"Feature","geometry":{"type":"Point","coordinates":[135.8253198,34.7027513]},"properties":{"z":110.7}},{"type":"Feature","geometry":{"type":"Point","coordinates":[135.8253669,34.7027742]},"properties":{"z":110.5}},{"type":"Feature","geometry":{"type":"Point","coordinates":[135.8254102,34.7028016]},"properties":{"z":110.5}},{"type":"Feature","geometry":{"type":"Point","coordinates":[135.8254534,34.7028292]},"properties":{"z":109.8}},{"type":"Feature","geometry":{"type":"Point","coordinates":[135.8254977,34.7028555]},"properties":{"z":109.8}},{"type":"Feature","geometry":{"type":"Point","coordinates":[135.8255422,34.7028816]},"properties":{"z":108.9}},{"type":"Feature","geometry":{"type":"Point","coordinates":[135.825587,34.7029073]},"properties":{"z":108.4}},{"type":"Feature","geometry":{"type":"Point","coordinates":[135.8256314,34.7029336]},"properties":{"z":107.3}},{"type":"Feature","geometry":{"type":"Point","coordinates":[135.8256757,34.7029599]},"properties":{"z":106.8}},{"type":"Feature","geometry":{"type":"Point","coordinates":[135.8257232,34.7029822]},"properties":{"z":106.0}},{"type":"Feature","geometry":{"type":"Point","coordinates":[135.8257705,34.7030048]},"properties":{"z":106.0}},{"type":"Feature","geometry":{"type":"Point","coordinates":[135.825817,34.7030283]},"properties":{"z":106.2}},{"type":"Feature","geometry":{"type":"Point","coordinates":[135.8258641,34.7030513]},"properties":{"z":105.0}},{"type":"Feature","geometry":{"type":"Point","coordinates":[135.825912,34.7030728]},"properties":{"z":105.0}},{"type":"Feature","geometry":{"type":"Point","coordinates":[135.8259606,34.7030934]},"properties":{"z":104.0}},{"type":"Feature","geometry":{"type":"Point","coordinates":[135.8260098,34.703113]},"properties":{"z":104.5}},{"type":"Feature","geometry":{"type":"Point","coordinates":[135.8260592,34.7031324]},"properties":{"z":104.0}},{"type":"Feature","geometry":{"type":"Point","coordinates":[135.8261085,34.7031517]},"properties":{"z":104.0}},{"type":"Feature","geometry":{"type":"Point","coordinates":[135.8261566,34.7031732]},"properties":{"z":103.4}},{"type":"Feature","geometry":{"type":"Point","coordinates":[135.826208,34.7031865]},"properties":{"z":102.6}},{"type":"Feature","geometry":{"type":"Point","coordinates":[135.8262617,34.7031948]},"properties":{"z":102.6}},{"type":"Feature","geometry":{"type":"Point","coordinates":[135.8263137,34.7032087]},"properties":{"z":101.9}},{"type":"Feature","geometry":{"type":"Point","coordinates":[135.8263654,34.7032232]},"properties":{"z":101.9}},{"type":"Feature","geometry":{"type":"Point","coordinates":[135.8264149,34.7032422]},"properties":{"z":101.2}},{"type":"Feature","geometry":{"type":"Point","coordinates":[135.8264598,34.7032668]},"properties":{"z":101.2}},{"type":"Feature","geometry":{"type":"Point","coordinates":[135.8265011,34.7032959]},"properties":{"z":100.0}},{"type":"Feature","geometry":{"type":"Point","coordinates":[135.826551,34.7033143]},"properties":{"z":98.4}},{"type":"Feature","geometry":{"type":"Point","coordinates":[135.8266005,34.7033332]},"properties":{"z":98.4}},{"type":"Feature","geometry":{"type":"Point","coordinates":[135.8266496,34.7033531]},"properties":{"z":98.2}},{"type":"Feature","geometry":{"type":"Point","coordinates":[135.8266986,34.703373]},"properties":{"z":98.2}},{"type":"Feature","geometry":{"type":"Point","coordinates":[135.8267476,34.7033929]},"properties":{"z":97.5}},{"type":"Feature","geometry":{"type":"Point","coordinates":[135.826797,34.7034122]},"properties":{"z":97.5}},{"type":"Feature","geometry":{"type":"Point","coordinates":[135.8268466,34.7034311]},"properties":{"z":97.5}},{"type":"Feature","geometry":{"type":"Point","coordinates":[135.8268921,34.7034561]},"properties":{"z":96.9}},{"type":"Feature","geometry":{"type":"Point","coordinates":[135.8269374,34.7034812]},"properties":{"z":96.9}},{"type":"Feature","geometry":{"type":"Point","coordinates":[135.8269825,34.7035066]},"properties":{"z":96.4}},{"type":"Feature","geometry":{"type":"Point","coordinates":[135.8270236,34.7035363]},"properties":{"z":96.1}},{"type":"Feature","geometry":{"type":"Point","coordinates":[135.8270435,34.7035747]},"properties":{"z":96.1}},{"type":"Feature","geometry":{"type":"Point","coordinates":[135.8270479,34.7036195]},"properties":{"z":95.7}},{"type":"Feature","geometry":{"type":"Point","coordinates":[135.827042,34.7036642]},"properties":{"z":95.0}},{"type":"Feature","geometry":{"type":"Point","coordinates":[135.827036,34.7037089]},"properties":{"z":95.0}},{"type":"Feature","geometry":{"type":"Point","coordinates":[135.8270315,34.7037537]},"properties":{"z":94.2}},{"type":"Feature","geometry":{"type":"Point","coordinates":[135.827027,34.7037985]},"properties":{"z":94.2}},{"type":"Feature","geometry":{"type":"Point","coordinates":[135.8270244,34.7038434]},"properties":{"z":93.3}},{"type":"Feature","geometry":{"type":"Point","coordinates":[135.8270224,34.7038883]},"properties":{"z":92.5}},{"type":"Feature","geometry":{"type":"Point","coordinates":[135.8270203,34.7039332]},"properties":{"z":92.5}},{"type":"Feature","geometry":{"type":"Point","coordinates":[135.8270181,34.7039781]},"properties":{"z":91.7}},{"type":"Feature","geometry":{"type":"Point","coordinates":[135.8270177,34.7040231]},"properties":{"z":90.9}},{"type":"Feature","geometry":{"type":"Point","coordinates":[135.8270173,34.704068]},"properties":{"z":90.9}},{"type":"Feature","geometry":{"type":"Point","coordinates":[135.8270182,34.704113]},"properties":{"z":90.6}},{"type":"Feature","geometry":{"type":"Point","coordinates":[135.8270192,34.7041579]},"properties":{"z":90.0}},{"type":"Feature","geometry":{"type":"Point","coordinates":[135.8270209,34.7042028]},"properties":{"z":90.0}},{"type":"Feature","geometry":{"type":"Point","coordinates":[135.8270228,34.7042478]},"properties":{"z":88.4}},{"type":"Feature","geometry":{"type":"Point","coordinates":[135.827024,34.7042927]},"properties":{"z":88.4}},{"type":"Feature","geometry":{"type":"Point","coordinates":[135.8270252,34.7043376]},"properties":{"z":86.6}},{"type":"Feature","geometry":{"type":"Point","coordinates":[135.8270291,34.7043825]},"properties":{"z":84.8}},{"type":"Feature","geometry":{"type":"Point","coordinates":[135.827033,34.7044273]},"properties":{"z":84.8}},{"type":"Feature","geometry":{"type":"Point","coordinates":[135.8270388,34.704472]},"properties":{"z":83.3}},{"type":"Feature","geometry":{"type":"Point","coordinates":[135.8270447,34.7045167]},"properties":{"z":82.8}},{"type":"Feature","geometry":{"type":"Point","coordinates":[135.8270513,34.7045613]},"properties":{"z":82.8}},{"type":"Feature","geometry":{"type":"Point","coordinates":[135.8270574,34.704606]},"properties":{"z":82.9}},{"type":"Feature","geometry":{"type":"Point","coordinates":[135.827062,34.7046508]},"properties":{"z":83.6}},{"type":"Feature","geometry":{"type":"Point","coordinates":[135.8270667,34.7046956]},"properties":{"z":84.4}},{"type":"Feature","geometry":{"type":"Point","coordinates":[135.8270716,34.7047403]},"properties":{"z":85.1}},{"type":"Feature","geometry":{"type":"Point","coordinates":[135.827077,34.7047851]},"properties":{"z":85.1}},{"type":"Feature","geometry":{"type":"Point","coordinates":[135.8270828,34.7048298]},"properties":{"z":85.6}},{"type":"Feature","geometry":{"type":"Point","coordinates":[135.8270885,34.7048745]},"properties":{"z":86.4}},{"type":"Feature","geometry":{"type":"Point","coordinates":[135.8270947,34.7049191]},"properties":{"z":86.4}},{"type":"Feature","geometry":{"type":"Point","coordinates":[135.8271009,34.7049638]},"properties":{"z":87.1}},{"type":"Feature","geometry":{"type":"Point","coordinates":[135.8271058,34.7050086]},"properties":{"z":87.7}},{"type":"Feature","geometry":{"type":"Point","coordinates":[135.8271109,34.7050533]},"properties":{"z":87.7}},{"type":"Feature","geometry":{"type":"Point","coordinates":[135.8271169,34.705098]},"properties":{"z":88.0}},{"type":"Feature","geometry":{"type":"Point","coordinates":[135.8271227,34.7051427]},"properties":{"z":88.4}},{"type":"Feature","geometry":{"type":"Point","coordinates":[135.8271281,34.7051874]},"properties":{"z":88.4}},{"type":"Feature","geometry":{"type":"Point","coordinates":[135.8271338,34.7052321]},"properties":{"z":88.7}},{"type":"Feature","geometry":{"type":"Point","coordinates":[135.8271399,34.7052768]},"properties":{"z":88.7}},{"type":"Feature","geometry":{"type":"Point","coordinates":[135.8271468,34.7053214]},"properties":{"z":88.9}},{"type":"Feature","geometry":{"type":"Point","coordinates":[135.827154,34.705366]},"properties":{"z":88.8}},{"type":"Feature","geometry":{"type":"Point","coordinates":[135.8271609,34.7054106]},"properties":{"z":88.8}},{"type":"Feature","geometry":{"type":"Point","coordinates":[135.8271677,34.7054552]},"properties":{"z":88.6}},{"type":"Feature","geometry":{"type":"Point","coordinates":[135.8271742,34.7054998]},"properties":{"z":88.5}},{"type":"Feature","geometry":{"type":"Point","coordinates":[135.8271797,34.7055445]},"properties":{"z":88.5}},{"type":"Feature","geometry":{"type":"Point","coordinates":[135.827184,34.7055893]},"properties":{"z":88.3}},{"type":"Feature","geometry":{"type":"Point","coordinates":[135.8271879,34.7056342]},"properties":{"z":88.3}},{"type":"Feature","geometry":{"type":"Point","coordinates":[135.8271918,34.705679]},"properties":{"z":88.2}},{"type":"Feature","geometry":{"type":"Point","coordinates":[135.8271932,34.7057239]},"properties":{"z":88.1}},{"type":"Feature","geometry":{"type":"Point","coordinates":[135.8271953,34.7057688]},"properties":{"z":88.1}},{"type":"Feature","geometry":{"type":"Point","coordinates":[135.8272011,34.7058135]},"properties":{"z":88.0}},{"type":"Feature","geometry":{"type":"Point","coordinates":[135.8272072,34.7058582]},"properties":{"z":88.0}},{"type":"Feature","geometry":{"type":"Point","coordinates":[135.8272138,34.7059028]},"properties":{"z":88.0}},{"type":"Feature","geometry":{"type":"Point","coordinates":[135.8272201,34.7059475]},"properties":{"z":88.2}},{"type":"Feature","geometry":{"type":"Point","coordinates":[135.8272265,34.7059921]},"properties":{"z":88.2}},{"type":"Feature","geometry":{"type":"Point","coordinates":[135.827233,34.7060368]},"properties":{"z":88.2}},{"type":"Feature","geometry":{"type":"Point","coordinates":[135.8272413,34.7060811]},"properties":{"z":88.5}},{"type":"Feature","geometry":{"type":"Point","coordinates":[135.8272522,34.7061252]},"properties":{"z":88.5}},{"type":"Feature","geometry":{"type":"Point","coordinates":[135.8272579,34.7061698]},"properties":{"z":88.1}},{"type":"Feature","geometry":{"type":"Point","coordinates":[135.8272616,34.7062147]},"properties":{"z":87.5}},{"type":"Feature","geometry":{"type":"Point","coordinates":[135.8272633,34.7062596]},"properties":{"z":87.5}},{"type":"Feature","geometry":{"type":"Point","coordinates":[135.8272676,34.7063044]},"properties":{"z":86.9}},{"type":"Feature","geometry":{"type":"Point","coordinates":[135.8272727,34.7063491]},"properties":{"z":86.3}},{"type":"Feature","geometry":{"type":"Point","coordinates":[135.8272734,34.7063941]},"properties":{"z":86.3}},{"type":"Feature","geometry":{"type":"Point","coordinates":[135.8272779,34.7064389]},"properties":{"z":86.1}},{"type":"Feature","geometry":{"type":"Point","coordinates":[135.8272831,34.7064836]},"properties":{"z":86.0}},{"type":"Feature","geometry":{"type":"Point","coordinates":[135.8272872,34.7065284]},"properties":{"z":86.0}},{"type":"Feature","geometry":{"type":"Point","coordinates":[135.8272813,34.7065708]},"properties":{"z":85.9}},{"type":"Feature","geometry":{"type":"Point","coordinates":[135.8272432,34.7066025]},"properties":{"z":85.9}},{"type":"Feature","geometry":{"type":"Point","coordinates":[135.8272443,34.7066461]},"properties":{"z":85.8}},{"type":"Feature","geometry":{"type":"Point","coordinates":[135.827255,34.7066902]},"properties":{"z":85.8}},{"type":"Feature","geometry":{"type":"Point","coordinates":[135.8272653,34.7067343]},"properties":{"z":85.8}},{"type":"Feature","geometry":{"type":"Point","coordinates":[135.8272752,34.7067785]},"properties":{"z":86.3}},{"type":"Feature","geometry":{"type":"Point","coordinates":[135.8272953,34.7068173]},"properties":{"z":86.3}},{"type":"Feature","geometry":{"type":"Point","coordinates":[135.8273329,34.7068473]},"properties":{"z":87.9}},{"type":"Feature","geometry":{"type":"Point","coordinates":[135.8273451,34.7068909]},"properties":{"z":87.9}},{"type":"Feature","geometry":{"type":"Point","coordinates":[135.8273476,34.7069358]},"properties":{"z":89.4}},{"type":"Feature","geometry":{"type":"Point","coordinates":[135.8273539,34.7069804]},"properties":{"z":90.7}},{"type":"Feature","geometry":{"type":"Point","coordinates":[135.8273578,34.7070252]},"properties":{"z":90.7}},{"type":"Feature","geometry":{"type":"Point","coordinates":[135.8273633,34.7070698]},"properties":{"z":91.9}},{"type":"Feature","geometry":{"type":"Point","coordinates":[135.8273711,34.7071143]},"properties":{"z":91.9}},{"type":"Feature","geometry":{"type":"Point","coordinates":[135.8273732,34.7071592]},"properties":{"z":92.8}},{"type":"Feature","geometry":{"type":"Point","coordinates":[135.8273795,34.7072038]},"properties":{"z":93.5}},{"type":"Feature","geometry":{"type":"Point","coordinates":[135.8273842,34.7072486]},"properties":{"z":93.5}},{"type":"Feature","geometry":{"type":"Point","coordinates":[135.8273882,34.7072934]},"properties":{"z":94.1}},{"type":"Feature","geometry":{"type":"Point","coordinates":[135.8273918,34.7073383]},"properties":{"z":94.7}},{"type":"Feature","geometry":{"type":"Point","coordinates":[135.8273987,34.7073829]},"properties":{"z":94.7}},{"type":"Feature","geometry":{"type":"Point","coordinates":[135.8274037,34.7074276]},"properties":{"z":95.2}},{"type":"Feature","geometry":{"type":"Point","coordinates":[135.8274071,34.7074725]},"properties":{"z":95.5}},{"type":"Feature","geometry":{"type":"Point","coordinates":[135.8274149,34.707517]},"properties":{"z":96.3}},{"type":"Feature","geometry":{"type":"Point","coordinates":[135.8274206,34.7075617]},"properties":{"z":96.3}},{"type":"Feature","geometry":{"type":"Point","coordinates":[135.8274256,34.7076064]},"properties":{"z":96.3}},{"type":"Feature","geometry":{"type":"Point","coordinates":[135.8274313,34.7076511]},"properties":{"z":96.3}},{"type":"Feature","geometry":{"type":"Point","coordinates":[135.8274381,34.7076957]},"properties":{"z":96.3}},{"type":"Feature","geometry":{"type":"Point","coordinates":[135.8274429,34.7077405]},"properties":{"z":96.3}},{"type":"Feature","geometry":{"type":"Point","coordinates":[135.827445,34.7077854]},"properties":{"z":96.4}},{"type":"Feature","geometry":{"type":"Point","coordinates":[135.8274504,34.7078301]},"properties":{"z":96.5}},{"type":"Feature","geometry":{"type":"Point","coordinates":[135.8274566,34.7078748]},"properties":{"z":96.5}},{"type":"Feature","geometry":{"type":"Point","coordinates":[135.8274638,34.7079193]},"properties":{"z":96.7}},{"type":"Feature","geometry":{"type":"Point","coordinates":[135.8274687,34.7079641]},"properties":{"z":96.2}},{"type":"Feature","geometry":{"type":"Point","coordinates":[135.8274742,34.7080088]},"properties":{"z":96.2}},{"type":"Feature","geometry":{"type":"Point","coordinates":[135.8274818,34.7080533]},"properties":{"z":95.5}},{"type":"Feature","geometry":{"type":"Point","coordinates":[135.827488,34.708098]},"properties":{"z":95.5}},{"type":"Feature","geometry":{"type":"Point","coordinates":[135.8274931,34.7081427]},"properties":{"z":94.6}},{"type":"Feature","geometry":{"type":"Point","coordinates":[135.8275051,34.7081864]},"properties":{"z":93.7}},{"type":"Feature","geometry":{"type":"Point","coordinates":[135.8275051,34.7082312]},"properties":{"z":93.7}},{"type":"Feature","geometry":{"type":"Point","coordinates":[135.8275142,34.7082745]},"properties":{"z":92.7}},{"type":"Feature","geometry":{"type":"Point","coordinates":[135.8275666,34.7082792]},"properties":{"z":92.7}},{"type":"Feature","geometry":{"type":"Point","coordinates":[135.8276153,34.7082615]},"properties":{"z":93.3}},{"type":"Feature","geometry":{"type":"Point","coordinates":[135.8276314,34.7082205]},"properties":{"z":94.0}},{"type":"Feature","geometry":{"type":"Point","coordinates":[135.827625,34.708176]},"properties":{"z":94.0}},{"type":"Feature","geometry":{"type":"Point","coordinates":[135.8276176,34.7081314]},"properties":{"z":94.8}},{"type":"Feature","geometry":{"type":"Point","coordinates":[135.8276223,34.7080872]},"properties":{"z":95.7}},{"type":"Feature","geometry":{"type":"Point","coordinates":[135.8276177,34.7080424]},"properties":{"z":95.7}},{"type":"Feature","geometry":{"type":"Point","coordinates":[135.8276113,34.7079978]},"properties":{"z":96.6}},{"type":"Feature","geometry":{"type":"Point","coordinates":[135.8276162,34.7080013]},"properties":{"z":96.6}},{"type":"Feature","geometry":{"type":"Point","coordinates":[135.8276291,34.708045]},"properties":{"z":95.7}},{"type":"Feature","geometry":{"type":"Point","coordinates":[135.8276478,34.708087]},"properties":{"z":95.7}},{"type":"Feature","geometry":{"type":"Point","coordinates":[135.8276943,34.7081086]},"properties":{"z":95.1}},{"type":"Feature","geometry":{"type":"Point","coordinates":[135.8277481,34.7081109]},"properties":{"z":95.1}},{"type":"Feature","geometry":{"type":"Point","coordinates":[135.8277574,34.7080989]},"properties":{"z":96.4}},{"type":"Feature","geometry":{"type":"Point","coordinates":[135.8277141,34.7081192]},"properties":{"z":95.1}},{"type":"Feature","geometry":{"type":"Point","coordinates":[135.8276975,34.7081597]},"properties":{"z":95.1}},{"type":"Feature","geometry":{"type":"Point","coordinates":[135.8276986,34.7082043]},"properties":{"z":94.5}},{"type":"Feature","geometry":{"type":"Point","coordinates":[135.8276881,34.7082484]},"properties":{"z":94.1}},{"type":"Feature","geometry":{"type":"Point","coordinates":[135.8276779,34.7082926]},"properties":{"z":94.1}},{"type":"Feature","geometry":{"type":"Point","coordinates":[135.8276794,34.7083366]},"properties":{"z":94.5}},{"type":"Feature","geometry":{"type":"Point","coordinates":[135.8276934,34.70838]},"properties":{"z":94.5}},{"type":"Feature","geometry":{"type":"Point","coordinates":[135.827709,34.708423]},"properties":{"z":95.0}},{"type":"Feature","geometry":{"type":"Point","coordinates":[135.8277221,34.7084666]},"properties":{"z":95.3}},{"type":"Feature","geometry":{"type":"Point","coordinates":[135.8277417,34.7085086]},"properties":{"z":95.3}},{"type":"Feature","geometry":{"type":"Point","coordinates":[135.8277566,34.7085518]},"properties":{"z":96.5}},{"type":"Feature","geometry":{"type":"Point","coordinates":[135.8277752,34.7085941]},"properties":{"z":96.5}},{"type":"Feature","geometry":{"type":"Point","coordinates":[135.8277953,34.7086359]},"properties":{"z":96.9}},{"type":"Feature","geometry":{"type":"Point","coordinates":[135.827817,34.7086771]},"properties":{"z":97.3}},{"type":"Feature","geometry":{"type":"Point","coordinates":[135.8278415,34.7087173]},"properties":{"z":98.0}},{"type":"Feature","geometry":{"type":"Point","coordinates":[135.8278659,34.7087575]},"properties":{"z":96.9}},{"type":"Feature","geometry":{"type":"Point","coordinates":[135.8278906,34.7087976]},"properties":{"z":96.9}},{"type":"Feature","geometry":{"type":"Point","coordinates":[135.8279166,34.7088371]},"properties":{"z":95.2}},{"type":"Feature","geometry":{"type":"Point","coordinates":[135.8279456,34.7088752]},"properties":{"z":94.7}},{"type":"Feature","geometry":{"type":"Point","coordinates":[135.8279611,34.7089171]},"properties":{"z":92.4}},{"type":"Feature","geometry":{"type":"Point","coordinates":[135.8279935,34.7089534]},"properties":{"z":90.6}},{"type":"Feature","geometry":{"type":"Point","coordinates":[135.8280237,34.7089908]},"properties":{"z":89.6}},{"type":"Feature","geometry":{"type":"Point","coordinates":[135.8280567,34.7090266]},"properties":{"z":88.3}},{"type":"Feature","geometry":{"type":"Point","coordinates":[135.8280917,34.7090611]},"properties":{"z":88.3}},{"type":"Feature","geometry":{"type":"Point","coordinates":[135.828129,34.709094]},"properties":{"z":87.8}},{"type":"Feature","geometry":{"type":"Point","coordinates":[135.8281672,34.7091261]},"properties":{"z":87.8}},{"type":"Feature","geometry":{"type":"Point","coordinates":[135.8282033,34.7091598]},"properties":{"z":88.4}},{"type":"Feature","geometry":{"type":"Point","coordinates":[135.8282416,34.7091919]},"properties":{"z":87.3}},{"type":"Feature","geometry":{"type":"Point","coordinates":[135.8282785,34.7092251]},"properties":{"z":87.8}},{"type":"Feature","geometry":{"type":"Point","coordinates":[135.828317,34.7092569]},"properties":{"z":86.6}},{"type":"Feature","geometry":{"type":"Point","coordinates":[135.8283557,34.7092886]},"properties":{"z":86.9}},{"type":"Feature","geometry":{"type":"Point","coordinates":[135.8283916,34.7093226]},"properties":{"z":85.6}},{"type":"Feature","geometry":{"type":"Point","coordinates":[135.8284316,34.7093532]},"properties":{"z":85.6}},{"type":"Feature","geometry":{"type":"Point","coordinates":[135.8284709,34.7093844]},"properties":{"z":84.5}},{"type":"Feature","geometry":{"type":"Point","coordinates":[135.8285096,34.7094162]},"properties":{"z":84.5}},{"type":"Feature","geometry":{"type":"Point","coordinates":[135.8285477,34.7094484]},"properties":{"z":83.5}},{"type":"Feature","geometry":{"type":"Point","coordinates":[135.8285864,34.7094802]},"properties":{"z":83.5}},{"type":"Feature","geometry":{"type":"Point","coordinates":[135.8286248,34.7095122]},"properties":{"z":83.5}},{"type":"Feature","geometry":{"type":"Point","coordinates":[135.8286626,34.7095447]},"properties":{"z":82.4}},{"type":"Feature","geometry":{"type":"Point","coordinates":[135.8286996,34.7095777]},"properties":{"z":82.7}},{"type":"Feature","geometry":{"type":"Point","coordinates":[135.828736,34.7096113]},"properties":{"z":81.9}},{"type":"Feature","geometry":{"type":"Point","coordinates":[135.8287717,34.7096454]},"properties":{"z":81.9}},{"type":"Feature","geometry":{"type":"Point","coordinates":[135.828808,34.709679]},"properties":{"z":81.8}},{"type":"Feature","geometry":{"type":"Point","coordinates":[135.8288444,34.7097125]},"properties":{"z":81.8}},{"type":"Feature","geometry":{"type":"Point","coordinates":[135.8288807,34.7097461]},"properties":{"z":81.0}},{"type":"Feature","geometry":{"type":"Point","coordinates":[135.828918,34.709779]},"properties":{"z":81.0}},{"type":"Feature","geometry":{"type":"Point","coordinates":[135.8289568,34.7098106]},"properties":{"z":80.7}},{"type":"Feature","geometry":{"type":"Point","coordinates":[135.8289979,34.7098403]},"properties":{"z":80.7}},{"type":"Feature","geometry":{"type":"Point","coordinates":[135.8290396,34.7098694]},"properties":{"z":80.7}},{"type":"Feature","geometry":{"type":"Point","coordinates":[135.8290846,34.7098948]},"properties":{"z":80.7}},{"type":"Feature","geometry":{"type":"Point","coordinates":[135.8291301,34.7099198]},"properties":{"z":80.9}},{"type":"Feature","geometry":{"type":"Point","coordinates":[135.8291753,34.709945]},"properties":{"z":80.6}},{"type":"Feature","geometry":{"type":"Point","coordinates":[135.8292187,34.7099722]},"properties":{"z":80.9}},{"type":"Feature","geometry":{"type":"Point","coordinates":[135.829259,34.7100026]},"properties":{"z":80.9}},{"type":"Feature","geometry":{"type":"Point","coordinates":[135.8293001,34.7100323]},"properties":{"z":81.3}},{"type":"Feature","geometry":{"type":"Point","coordinates":[135.8293129,34.710063]},"properties":{"z":81.3}},{"type":"Feature","geometry":{"type":"Point","coordinates":[135.8292714,34.7100922]},"properties":{"z":81.2}},{"type":"Feature","geometry":{"type":"Point","coordinates":[135.8292315,34.7101227]},"properties":{"z":81.2}},{"type":"Feature","geometry":{"type":"Point","coordinates":[135.8292044,34.7101593]},"properties":{"z":80.8}},{"type":"Feature","geometry":{"type":"Point","coordinates":[135.8292176,34.710201]},"properties":{"z":81.4}},{"type":"Feature","geometry":{"type":"Point","coordinates":[135.8292483,34.710238]},"properties":{"z":81.4}},{"type":"Feature","geometry":{"type":"Point","coordinates":[135.8292623,34.7102806]},"properties":{"z":81.4}},{"type":"Feature","geometry":{"type":"Point","coordinates":[135.8292751,34.7103239]},"properties":{"z":81.6}},{"type":"Feature","geometry":{"type":"Point","coordinates":[135.8293008,34.7103626]},"properties":{"z":82.4}},{"type":"Feature","geometry":{"type":"Point","coordinates":[135.8293442,34.7103883]},"properties":{"z":82.4}},{"type":"Feature","geometry":{"type":"Point","coordinates":[135.8293972,34.7103993]},"properties":{"z":83.0}},{"type":"Feature","geometry":{"type":"Point","coordinates":[135.8294511,34.710407]},"properties":{"z":83.0}},{"type":"Feature","geometry":{"type":"Point","coordinates":[135.8295017,34.7104126]},"properties":{"z":83.6}},{"type":"Feature","geometry":{"type":"Point","coordinates":[135.8294512,34.7104197]},"properties":{"z":83.0}},{"type":"Feature","geometry":{"type":"Point","coordinates":[135.8294597,34.7103779]},"properties":{"z":83.0}},{"type":"Feature","geometry":{"type":"Point","coordinates":[135.8294874,34.7103391]},"properties":{"z":83.4}},{"type":"Feature","geometry":{"type":"Point","coordinates":[135.8295235,34.7103054]},"properties":{"z":83.4}},{"type":"Feature","geometry":{"type":"Point","coordinates":[135.8295702,34.7102907]},"properties":{"z":83.7}},{"type":"Feature","geometry":{"type":"Point","coordinates":[135.8296149,34.7103163]},"properties":{"z":84.0}},{"type":"Feature","geometry":{"type":"Point","coordinates":[135.8296567,34.7103452]},"properties":{"z":84.5}},{"type":"Feature","geometry":{"type":"Point","coordinates":[135.8296951,34.7103771]},"properties":{"z":84.8}},{"type":"Feature","geometry":{"type":"Point","coordinates":[135.8297361,34.7104067]},"properties":{"z":85.4}},{"type":"Feature","geometry":{"type":"Point","coordinates":[135.829778,34.7104355]},"properties":{"z":85.7}},{"type":"Feature","geometry":{"type":"Point","coordinates":[135.8298191,34.7104652]},"properties":{"z":86.3}},{"type":"Feature","geometry":{"type":"Point","coordinates":[135.8298594,34.7104955]},"properties":{"z":86.3}},{"type":"Feature","geometry":{"type":"Point","coordinates":[135.8298972,34.7105279]},"properties":{"z":87.1}},{"type":"Feature","geometry":{"type":"Point","coordinates":[135.8299321,34.7105625]},"properties":{"z":87.1}},{"type":"Feature","geometry":{"type":"Point","coordinates":[135.8299646,34.7105987]},"properties":{"z":87.2}},{"type":"Feature","geometry":{"type":"Point","coordinates":[135.8300031,34.7106305]},"properties":{"z":87.9}},{"type":"Feature","geometry":{"type":"Point","coordinates":[135.8300423,34.7106619]},"properties":{"z":87.6}},{"type":"Feature","geometry":{"type":"Point","coordinates":[135.8300815,34.7106932]},"properties":{"z":88.2}},{"type":"Feature","geometry":{"type":"Point","coordinates":[135.8301236,34.7107217]},"properties":{"z":87.9}},{"type":"Feature","geometry":{"type":"Point","coordinates":[135.8301624,34.7107533]},"properties":{"z":88.5}},{"type":"Feature","geometry":{"type":"Point","coordinates":[135.830204,34.7107823]},"properties":{"z":88.5}},{"type":"Feature","geometry":{"type":"Point","coordinates":[135.8302421,34.7108144]},"properties":{"z":88.8}},{"type":"Feature","geometry":{"type":"Point","coordinates":[135.8302846,34.7108425]},"properties":{"z":88.8}},{"type":"Feature","geometry":{"type":"Point","coordinates":[135.830321,34.7108759]},"properties":{"z":88.4}},{"type":"Feature","geometry":{"type":"Point","coordinates":[135.8303535,34.710912]},"properties":{"z":88.8}},{"type":"Feature","geometry":{"type":"Point","coordinates":[135.8303891,34.7109459]},"properties":{"z":88.4}},{"type":"Feature","geometry":{"type":"Point","coordinates":[135.8304291,34.7109764]},"properties":{"z":88.9}},{"type":"Feature","geometry":{"type":"Point","coordinates":[135.8304689,34.7110073]},"properties":{"z":88.4}},{"type":"Feature","geometry":{"type":"Point","coordinates":[135.8305086,34.7110382]},"properties":{"z":88.8}},{"type":"Feature","geometry":{"type":"Point","coordinates":[135.8305483,34.7110691]},"properties":{"z":88.3}},{"type":"Feature","geometry":{"type":"Point","coordinates":[135.8305869,34.7111009]},"properties":{"z":88.6}},{"type":"Feature","geometry":{"type":"Point","coordinates":[135.8306213,34.7111357]},"properties":{"z":88.6}},{"type":"Feature","geometry":{"type":"Point","coordinates":[135.8306531,34.7111722]},"properties":{"z":88.2}},{"type":"Feature","geometry":{"type":"Point","coordinates":[135.8306864,34.7112079]},"properties":{"z":88.4}},{"type":"Feature","geometry":{"type":"Point","coordinates":[135.8307241,34.7112403]},"properties":{"z":88.0}},{"type":"Feature","geometry":{"type":"Point","coordinates":[135.8307637,34.7112712]},"properties":{"z":88.1}},{"type":"Feature","geometry":{"type":"Point","coordinates":[135.830802,34.7113034]},"properties":{"z":87.7}},{"type":"Feature","geometry":{"type":"Point","coordinates":[135.8308393,34.7113362]},"properties":{"z":87.7}},{"type":"Feature","geometry":{"type":"Point","coordinates":[135.8308761,34.7113694]},"properties":{"z":87.5}},{"type":"Feature","geometry":{"type":"Point","coordinates":[135.8309145,34.7114015]},"properties":{"z":87.5}},{"type":"Feature","geometry":{"type":"Point","coordinates":[135.8309526,34.7114337]},"properties":{"z":87.4}},{"type":"Feature","geometry":{"type":"Point","coordinates":[135.8309903,34.7114663]},"properties":{"z":87.4}},{"type":"Feature","geometry":{"type":"Point","coordinates":[135.8310273,34.7114994]},"properties":{"z":87.6}},{"type":"Feature","geometry":{"type":"Point","coordinates":[135.831069,34.7115283]},"properties":{"z":87.6}},{"type":"Feature","geometry":{"type":"Point","coordinates":[135.8311075,34.7115599]},"properties":{"z":87.7}},{"type":"Feature","geometry":{"type":"Point","coordinates":[135.8311423,34.7115946]},"properties":{"z":87.7}},{"type":"Feature","geometry":{"type":"Point","coordinates":[135.8311773,34.7116291]},"properties":{"z":87.7}},{"type":"Feature","geometry":{"type":"Point","coordinates":[135.8312144,34.7116621]},"properties":{"z":87.9}},{"type":"Feature","geometry":{"type":"Point","coordinates":[135.8312524,34.7116944]},"properties":{"z":87.9}},{"type":"Feature","geometry":{"type":"Point","coordinates":[135.8312894,34.7117275]},"properties":{"z":88.0}},{"type":"Feature","geometry":{"type":"Point","coordinates":[135.8313261,34.7117608]},"properties":{"z":88.0}},{"type":"Feature","geometry":{"type":"Point","coordinates":[135.8313636,34.7117936]},"properties":{"z":88.2}},{"type":"Feature","geometry":{"type":"Point","coordinates":[135.8314019,34.7118257]},"properties":{"z":88.2}},{"type":"Feature","geometry":{"type":"Point","coordinates":[135.8314414,34.7118568]},"properties":{"z":88.4}},{"type":"Feature","geometry":{"type":"Point","coordinates":[135.8314801,34.7118885]},"properties":{"z":88.4}},{"type":"Feature","geometry":{"type":"Point","coordinates":[135.8315193,34.7119198]},"properties":{"z":88.5}},{"type":"Feature","geometry":{"type":"Point","coordinates":[135.8315617,34.7119482]},"properties":{"z":88.5}},{"type":"Feature","geometry":{"type":"Point","coordinates":[135.831602,34.7119786]},"properties":{"z":88.5}},{"type":"Feature","geometry":{"type":"Point","coordinates":[135.8316377,34.7120125]},"properties":{"z":88.7}},{"type":"Feature","geometry":{"type":"Point","coordinates":[135.8316773,34.7120432]},"properties":{"z":88.7}},{"type":"Feature","geometry":{"type":"Point","coordinates":[135.8317192,34.712072]},"properties":{"z":88.9}},{"type":"Feature","geometry":{"type":"Point","coordinates":[135.8317587,34.712103]},"properties":{"z":88.9}},{"type":"Feature","geometry":{"type":"Point","coordinates":[135.8317928,34.7121382]},"properties":{"z":89.2}},{"type":"Feature","geometry":{"type":"Point","coordinates":[135.8318256,34.7121741]},"properties":{"z":89.2}},{"type":"Feature","geometry":{"type":"Point","coordinates":[135.8318573,34.7122107]},"properties":{"z":89.1}},{"type":"Feature","geometry":{"type":"Point","coordinates":[135.8318879,34.712248]},"properties":{"z":89.3}},{"type":"Feature","geometry":{"type":"Point","coordinates":[135.8319216,34.7122834]},"properties":{"z":89.2}},{"type":"Feature","geometry":{"type":"Point","coordinates":[135.8319565,34.7123179]},"properties":{"z":89.2}},{"type":"Feature","geometry":{"type":"Point","coordinates":[135.831992,34.7123522]},"properties":{"z":89.4}},{"type":"Feature","geometry":{"type":"Point","coordinates":[135.8320251,34.7123879]},"properties":{"z":89.4}},{"type":"Feature","geometry":{"type":"Point","coordinates":[135.8320612,34.7124216]},"properties":{"z":89.5}},{"type":"Feature","geometry":{"type":"Point","coordinates":[135.8320972,34.7124555]},"properties":{"z":89.5}},{"type":"Feature","geometry":{"type":"Point","coordinates":[135.832133,34.7124894]},"properties":{"z":89.6}},{"type":"Feature","geometry":{"type":"Point","coordinates":[135.8321706,34.712522]},"properties":{"z":89.6}},{"type":"Feature","geometry":{"type":"Point","coordinates":[135.8322112,34.7125521]},"properties":{"z":89.8}},{"type":"Feature","geometry":{"type":"Point","coordinates":[135.8322469,34.7125861]},"properties":{"z":89.8}},{"type":"Feature","geometry":{"type":"Point","coordinates":[135.832289,34.7126147]},"properties":{"z":89.8}},{"type":"Feature","geometry":{"type":"Point","coordinates":[135.8323276,34.7126466]},"properties":{"z":91.5}},{"type":"Feature","geometry":{"type":"Point","coordinates":[135.8323679,34.712677]},"properties":{"z":91.5}},{"type":"Feature","geometry":{"type":"Point","coordinates":[135.8324088,34.7127068]},"properties":{"z":94.4}},{"type":"Feature","geometry":{"type":"Point","coordinates":[135.8324489,34.7127373]},"properties":{"z":94.4}},{"type":"Feature","geometry":{"type":"Point","coordinates":[135.8324864,34.71277]},"properties":{"z":96.6}},{"type":"Feature","geometry":{"type":"Point","coordinates":[135.8325222,34.712804]},"properties":{"z":96.6}},{"type":"Feature","geometry":{"type":"Point","coordinates":[135.8325562,34.7128392]},"properties":{"z":97.5}},{"type":"Feature","geometry":{"type":"Point","coordinates":[135.8325903,34.7128744]},"properties":{"z":97.2}},{"type":"Feature","geometry":{"type":"Point","coordinates":[135.8326288,34.7129063]},"properties":{"z":97.9}},{"type":"Feature","geometry":{"type":"Point","coordinates":[135.8326635,34.7129409]},"properties":{"z":97.9}},{"type":"Feature","geometry":{"type":"Point","coordinates":[135.8326964,34.7129768]},"properties":{"z":97.8}},{"type":"Feature","geometry":{"type":"Point","coordinates":[135.8327313,34.7130113]},"properties":{"z":97.8}},{"type":"Feature","geometry":{"type":"Point","coordinates":[135.8327698,34.7130432]},"properties":{"z":97.0}},{"type":"Feature","geometry":{"type":"Point","coordinates":[135.8328068,34.7130763]},"properties":{"z":97.0}},{"type":"Feature","geometry":{"type":"Point","coordinates":[135.8328443,34.713109]},"properties":{"z":96.7}},{"type":"Feature","geometry":{"type":"Point","coordinates":[135.8328839,34.71314]},"properties":{"z":94.9}},{"type":"Feature","geometry":{"type":"Point","coordinates":[135.8329236,34.7131709]},"properties":{"z":94.2}},{"type":"Feature","geometry":{"type":"Point","coordinates":[135.8329647,34.7132005]},"properties":{"z":92.7}},{"type":"Feature","geometry":{"type":"Point","coordinates":[135.8330124,34.7132214]},"properties":{"z":91.9}},{"type":"Feature","geometry":{"type":"Point","coordinates":[135.8330633,34.7132378]},"properties":{"z":91.9}},{"type":"Feature","geometry":{"type":"Point","coordinates":[135.8331123,34.7132575]},"properties":{"z":89.5}},{"type":"Feature","geometry":{"type":"Point","coordinates":[135.8331607,34.7132785]},"properties":{"z":89.3}},{"type":"Feature","geometry":{"type":"Point","coordinates":[135.8332019,34.7133081]},"properties":{"z":89.3}},{"type":"Feature","geometry":{"type":"Point","coordinates":[135.8332423,34.7133384]},"properties":{"z":88.8}},{"type":"Feature","geometry":{"type":"Point","coordinates":[135.8332805,34.7133705]},"properties":{"z":88.7}},{"type":"Feature","geometry":{"type":"Point","coordinates":[135.8333187,34.7134027]},"properties":{"z":88.2}},{"type":"Feature","geometry":{"type":"Point","coordinates":[135.8333573,34.7134345]},"properties":{"z":88.2}},{"type":"Feature","geometry":{"type":"Point","coordinates":[135.8333958,34.7134664]},"properties":{"z":87.5}},{"type":"Feature","geometry":{"type":"Point","coordinates":[135.833433,34.7134994]},"properties":{"z":87.5}},{"type":"Feature","geometry":{"type":"Point","coordinates":[135.8334699,34.7135325]},"properties":{"z":87.5}},{"type":"Feature","geometry":{"type":"Point","coordinates":[135.8335079,34.7135649]},"properties":{"z":86.9}},{"type":"Feature","geometry":{"type":"Point","coordinates":[135.8335462,34.7135969]},"properties":{"z":86.9}},{"type":"Feature","geometry":{"type":"Point","coordinates":[135.8335842,34.7136293]},"properties":{"z":86.7}},{"type":"Feature","geometry":{"type":"Point","coordinates":[135.8336217,34.713662]},"properties":{"z":86.2}},{"type":"Feature","geometry":{"type":"Point","coordinates":[135.8336593,34.7136947]},"properties":{"z":86.5}},{"type":"Feature","geometry":{"type":"Point","coordinates":[135.8336973,34.713727]},"properties":{"z":85.8}},{"type":"Feature","geometry":{"type":"Point","coordinates":[135.8337353,34.7137593]},"properties":{"z":86.3}},{"type":"Feature","geometry":{"type":"Point","coordinates":[135.8337733,34.7137916]},"properties":{"z":85.2}},{"type":"Feature","geometry":{"type":"Point","coordinates":[135.8338113,34.713824]},"properties":{"z":85.7}},{"type":"Feature","geometry":{"type":"Point","coordinates":[135.8338492,34.7138563]},"properties":{"z":84.5}},{"type":"Feature","geometry":{"type":"Point","coordinates":[135.833888,34.713888]},"properties":{"z":84.5}},{"type":"Feature","geometry":{"type":"Point","coordinates":[135.8339253,34.7139207]},"properties":{"z":84.7}},{"type":"Feature","geometry":{"type":"Point","coordinates":[135.8339596,34.7139558]},"properties":{"z":83.7}},{"type":"Feature","geometry":{"type":"Point","coordinates":[135.8339938,34.7139908]},"properties":{"z":84.0}},{"type":"Feature","geometry":{"type":"Point","coordinates":[135.8340279,34.714026]},"properties":{"z":82.9}},{"type":"Feature","geometry":{"type":"Point","coordinates":[135.834062,34.7140611]},"properties":{"z":83.1}},{"type":"Feature","geometry":{"type":"Point","coordinates":[135.8340962,34.7140962]},"properties":{"z":83.1}},{"type":"Feature","geometry":{"type":"Point","coordinates":[135.8341266,34.7141335]},"properties":{"z":82.0}},{"type":"Feature","geometry":{"type":"Point","coordinates":[135.8341551,34.7141718]},"properties":{"z":82.0}},{"type":"Feature","geometry":{"type":"Point","coordinates":[135.8341833,34.7142104]},"properties":{"z":82.2}},{"type":"Feature","geometry":{"type":"Point","coordinates":[135.8342114,34.7142489]},"properties":{"z":81.1}},{"type":"Feature","geometry":{"type":"Point","coordinates":[135.8342391,34.7142877]},"properties":{"z":81.1}},{"type":"Feature","geometry":{"type":"Point","coordinates":[135.8342666,34.7143265]},"properties":{"z":80.6}},{"type":"Feature","geometry":{"type":"Point","coordinates":[135.834294,34.7143654]},"properties":{"z":80.0}},{"type":"Feature","geometry":{"type":"Point","coordinates":[135.8343206,34.7144047]},"properties":{"z":79.7}},{"type":"Feature","geometry":{"type":"Point","coordinates":[135.8343461,34.7144445]},"properties":{"z":79.7}},{"type":"Feature","geometry":{"type":"Point","coordinates":[135.8343667,34.7144861]},"properties":{"z":79.3}},{"type":"Feature","geometry":{"type":"Point","coordinates":[135.8343869,34.7145279]},"properties":{"z":79.0}},{"type":"Feature","geometry":{"type":"Point","coordinates":[135.8344071,34.7145696]},"properties":{"z":79.0}},{"type":"Feature","geometry":{"type":"Point","coordinates":[135.8344249,34.7146121]},"properties":{"z":78.8}},{"type":"Feature","geometry":{"type":"Point","coordinates":[135.8344411,34.714655]},"properties":{"z":78.8}},{"type":"Feature","geometry":{"type":"Point","coordinates":[135.8344585,34.7146977]},"properties":{"z":78.2}},{"type":"Feature","geometry":{"type":"Point","coordinates":[135.8344811,34.7147379]},"properties":{"z":78.0}},{"type":"Feature","geometry":{"type":"Point","coordinates":[135.8345161,34.7147724]},"properties":{"z":78.0}},{"type":"Feature","geometry":{"type":"Point","coordinates":[135.834559,34.7147995]},"properties":{"z":77.9}},{"type":"Feature","geometry":{"type":"Point","coordinates":[135.8345778,34.7148397]},"properties":{"z":77.5}},{"type":"Feature","geometry":{"type":"Point","coordinates":[135.8345957,34.714882]},"properties":{"z":77.2}},{"type":"Feature","geometry":{"type":"Point","coordinates":[135.8346145,34.7149242]},"properties":{"z":77.2}},{"type":"Feature","geometry":{"type":"Point","coordinates":[135.8346298,34.7149673]},"properties":{"z":77.4}},{"type":"Feature","geometry":{"type":"Point","coordinates":[135.8346413,34.7150112]},"properties":{"z":77.4}},{"type":"Feature","geometry":{"type":"Point","coordinates":[135.8346525,34.7150552]},"properties":{"z":77.6}},{"type":"Feature","geometry":{"type":"Point","coordinates":[135.8346693,34.7150979]},"properties":{"z":77.5}},{"type":"Feature","geometry":{"type":"Point","coordinates":[135.8346881,34.7151401]},"properties":{"z":77.5}},{"type":"Feature","geometry":{"type":"Point","coordinates":[135.8347062,34.7151825]},"properties":{"z":78.3}},{"type":"Feature","geometry":{"type":"Point","coordinates":[135.8347221,34.7152255]},"properties":{"z":78.3}},{"type":"Feature","geometry":{"type":"Point","coordinates":[135.8347379,34.7152686]},"properties":{"z":78.1}},{"type":"Feature","geometry":{"type":"Point","coordinates":[135.8347537,34.7153116]},"properties":{"z":78.0}},{"type":"Feature","geometry":{"type":"Point","coordinates":[135.8347707,34.7153543]},"properties":{"z":78.0}},{"type":"Feature","geometry":{"type":"Point","coordinates":[135.8347884,34.7153969]},"properties":{"z":77.9}},{"type":"Feature","geometry":{"type":"Point","coordinates":[135.8348043,34.7154399]},"properties":{"z":78.6}},{"type":"Feature","geometry":{"type":"Point","coordinates":[135.8348192,34.7154831]},"properties":{"z":78.5}},{"type":"Feature","geometry":{"type":"Point","coordinates":[135.8348314,34.7155269]},"properties":{"z":78.1}},{"type":"Feature","geometry":{"type":"Point","coordinates":[135.8348501,34.7155689]},"properties":{"z":78.1}},{"type":"Feature","geometry":{"type":"Point","coordinates":[135.8348776,34.7156074]},"properties":{"z":78.7}},{"type":"Feature","geometry":{"type":"Point","coordinates":[135.8349121,34.7156423]},"properties":{"z":78.7}},{"type":"Feature","geometry":{"type":"Point","coordinates":[135.8349161,34.7156867]},"properties":{"z":78.5}},{"type":"Feature","geometry":{"type":"Point","coordinates":[135.8349177,34.7157315]},"properties":{"z":78.2}},{"type":"Feature","geometry":{"type":"Point","coordinates":[135.8349247,34.7157761]},"properties":{"z":78.2}},{"type":"Feature","geometry":{"type":"Point","coordinates":[135.8349379,34.7158197]},"properties":{"z":78.0}},{"type":"Feature","geometry":{"type":"Point","coordinates":[135.8349519,34.7158631]},"properties":{"z":78.0}},{"type":"Feature","geometry":{"type":"Point","coordinates":[135.8349648,34.7159068]},"properties":{"z":78.6}},{"type":"Feature","geometry":{"type":"Point","coordinates":[135.8349788,34.7159502]},"properties":{"z":78.3}},{"type":"Feature","geometry":{"type":"Point","coordinates":[135.8349948,34.7159932]},"properties":{"z":78.3}},{"type":"Feature","geometry":{"type":"Point","coordinates":[135.8350097,34.7160365]},"properties":{"z":78.1}},{"type":"Feature","geometry":{"type":"Point","coordinates":[135.8350237,34.7160799]},"properties":{"z":77.8}},{"type":"Feature","geometry":{"type":"Point","coordinates":[135.8350374,34.7161234]},"properties":{"z":77.8}},{"type":"Feature","geometry":{"type":"Point","coordinates":[135.8350511,34.7161669]},"properties":{"z":78.4}},{"type":"Feature","geometry":{"type":"Point","coordinates":[135.8350659,34.7162102]},"properties":{"z":78.4}},{"type":"Feature","geometry":{"type":"Point","coordinates":[135.8350812,34.7162534]},"properties":{"z":78.2}},{"type":"Feature","geometry":{"type":"Point","coordinates":[135.8350961,34.7162966]},"properties":{"z":77.9}},{"type":"Feature","geometry":{"type":"Point","coordinates":[135.8351109,34.7163399]},"properties":{"z":77.9}},{"type":"Feature","geometry":{"type":"Point","coordinates":[135.8351281,34.7163825]},"properties":{"z":77.6}},{"type":"Feature","geometry":{"type":"Point","coordinates":[135.8351458,34.7164251]},"properties":{"z":78.6}},{"type":"Feature","geometry":{"type":"Point","coordinates":[135.8351616,34.7164681]},"properties":{"z":78.3}},{"type":"Feature","geometry":{"type":"Point","coordinates":[135.8351771,34.7165112]},"properties":{"z":77.9}},{"type":"Feature","geometry":{"type":"Point","coordinates":[135.8351893,34.716555]},"properties":{"z":77.9}},{"type":"Feature","geometry":{"type":"Point","coordinates":[135.8352007,34.716599]},"properties":{"z":77.5}},{"type":"Feature","geometry":{"type":"Point","coordinates":[135.8352147,34.7166424]},"properties":{"z":77.3}},{"type":"Feature","geometry":{"type":"Point","coordinates":[135.8352295,34.7166857]},"properties":{"z":78.2}},{"type":"Feature","geometry":{"type":"Point","coordinates":[135.8352465,34.7167284]},"properties":{"z":77.9}},{"type":"Feature","geometry":{"type":"Point","coordinates":[135.8352646,34.7167708]},"properties":{"z":77.9}},{"type":"Feature","geometry":{"type":"Point","coordinates":[135.835282,34.7168134]},"properties":{"z":77.5}},{"type":"Feature","geometry":{"type":"Point","coordinates":[135.8352987,34.7168562]},"properties":{"z":76.9}},{"type":"Feature","geometry":{"type":"Point","coordinates":[135.8353147,34.7168992]},"properties":{"z":77.7}},{"type":"Feature","geometry":{"type":"Point","coordinates":[135.8353298,34.7169424]},"properties":{"z":77.0}},{"type":"Feature","geometry":{"type":"Point","coordinates":[135.8353447,34.7169857]},"properties":{"z":77.0}},{"type":"Feature","geometry":{"type":"Point","coordinates":[135.8353593,34.717029]},"properties":{"z":76.3}},{"type":"Feature","geometry":{"type":"Point","coordinates":[135.8353736,34.7170724]},"properties":{"z":75.6}},{"type":"Feature","geometry":{"type":"Point","coordinates":[135.8353868,34.717116]},"properties":{"z":75.6}},{"type":"Feature","geometry":{"type":"Point","coordinates":[135.8354,34.7171596]},"properties":{"z":75.2}},{"type":"Feature","geometry":{"type":"Point","coordinates":[135.8354151,34.7172028]},"properties":{"z":75.2}},{"type":"Feature","geometry":{"type":"Point","coordinates":[135.8354301,34.717246]},"properties":{"z":75.0}},{"type":"Feature","geometry":{"type":"Point","coordinates":[135.8354407,34.7172901]},"properties":{"z":74.9}},{"type":"Feature","geometry":{"type":"Point","coordinates":[135.8354508,34.7173343]},"properties":{"z":74.9}},{"type":"Feature","geometry":{"type":"Point","coordinates":[135.8354643,34.7173778]},"properties":{"z":74.9}},{"type":"Feature","geometry":{"type":"Point","coordinates":[135.8354786,34.7174212]},"properties":{"z":75.5}},{"type":"Feature","geometry":{"type":"Point","coordinates":[135.8354943,34.7174643]},"properties":{"z":75.5}},{"type":"Feature","geometry":{"type":"Point","coordinates":[135.8355105,34.7175072]},"properties":{"z":75.6}},{"type":"Feature","geometry":{"type":"Point","coordinates":[135.8355282,34.7175497]},"properties":{"z":75.6}},{"type":"Feature","geometry":{"type":"Point","coordinates":[135.8355467,34.717592]},"properties":{"z":75.6}},{"type":"Feature","geometry":{"type":"Point","coordinates":[135.8355825,34.7176244]},"properties":{"z":76.2}},{"type":"Feature","geometry":{"type":"Point","coordinates":[135.8356246,34.7176531]},"properties":{"z":76.0}},{"type":"Feature","geometry":{"type":"Point","coordinates":[135.8356772,34.7176607]},"properties":{"z":76.5}},{"type":"Feature","geometry":{"type":"Point","coordinates":[135.8357317,34.7176648]},"properties":{"z":76.5}},{"type":"Feature","geometry":{"type":"Point","coordinates":[135.8357832,34.7176505]},"properties":{"z":76.9}},{"type":"Feature","geometry":{"type":"Point","coordinates":[135.8358355,34.7176373]},"properties":{"z":77.2}},{"type":"Feature","geometry":{"type":"Point","coordinates":[135.8358878,34.7176241]},"properties":{"z":77.7}},{"type":"Feature","geometry":{"type":"Point","coordinates":[135.8359402,34.7176112]},"properties":{"z":78.0}},{"type":"Feature","geometry":{"type":"Point","coordinates":[135.8359927,34.7175986]},"properties":{"z":78.2}},{"type":"Feature","geometry":{"type":"Point","coordinates":[135.8360447,34.7175847]},"properties":{"z":78.2}},{"type":"Feature","geometry":{"type":"Point","coordinates":[135.8360966,34.7175706]},"properties":{"z":78.4}},{"type":"Feature","geometry":{"type":"Point","coordinates":[135.8361489,34.7175576]},"properties":{"z":79.1}},{"type":"Feature","geometry":{"type":"Point","coordinates":[135.836202,34.7175466]},"properties":{"z":79.2}},{"type":"Feature","geometry":{"type":"Point","coordinates":[135.836255,34.7175356]},"properties":{"z":79.3}},{"type":"Feature","geometry":{"type":"Point","coordinates":[135.836308,34.7175246]},"properties":{"z":79.3}},{"type":"Feature","geometry":{"type":"Point","coordinates":[135.8363612,34.7175141]},"properties":{"z":79.2}},{"type":"Feature","geometry":{"type":"Point","coordinates":[135.8364139,34.7175024]},"properties":{"z":79.2}},{"type":"Feature","geometry":{"type":"Point","coordinates":[135.8364658,34.7174883]},"properties":{"z":79.1}},{"type":"Feature","geometry":{"type":"Point","coordinates":[135.836518,34.7174748]},"properties":{"z":79.6}},{"type":"Feature","geometry":{"type":"Point","coordinates":[135.8365705,34.7174623]},"properties":{"z":79.6}},{"type":"Feature","geometry":{"type":"Point","coordinates":[135.8366245,34.7174566]},"properties":{"z":79.9}},{"type":"Feature","geometry":{"type":"Point","coordinates":[135.8366726,34.7174725]},"properties":{"z":79.9}},{"type":"Feature","geometry":{"type":"Point","coordinates":[135.8367175,34.717498]},"properties":{"z":80.2}},{"type":"Feature","geometry":{"type":"Point","coordinates":[135.8367702,34.7175043]},"properties":{"z":82.9}},{"type":"Feature","geometry":{"type":"Point","coordinates":[135.8368225,34.7174933]},"properties":{"z":82.9}},{"type":"Feature","geometry":{"type":"Point","coordinates":[135.8368745,34.7174795]},"properties":{"z":85.6}},{"type":"Feature","geometry":{"type":"Point","coordinates":[135.836928,34.7174702]},"properties":{"z":85.6}},{"type":"Feature","geometry":{"type":"Point","coordinates":[135.8369791,34.7174544]},"properties":{"z":86.4}},{"type":"Feature","geometry":{"type":"Point","coordinates":[135.8370321,34.7174444]},"properties":{"z":86.2}},{"type":"Feature","geometry":{"type":"Point","coordinates":[135.8370855,34.7174346]},"properties":{"z":86.2}},{"type":"Feature","geometry":{"type":"Point","coordinates":[135.8371385,34.7174234]},"properties":{"z":86.1}},{"type":"Feature","geometry":{"type":"Point","coordinates":[135.8371915,34.7174125]},"properties":{"z":87.2}},{"type":"Feature","geometry":{"type":"Point","coordinates":[135.8372451,34.7174037]},"properties":{"z":87.2}},{"type":"Feature","geometry":{"type":"Point","coordinates":[135.8372986,34.7173942]},"properties":{"z":87.0}},{"type":"Feature","geometry":{"type":"Point","coordinates":[135.8373479,34.7173988]},"properties":{"z":87.0}},{"type":"Feature","geometry":{"type":"Point","coordinates":[135.8373799,34.7174353]},"properties":{"z":85.8}},{"type":"Feature","geometry":{"type":"Point","coordinates":[135.8374072,34.7174741]},"properties":{"z":85.8}},{"type":"Feature","geometry":{"type":"Point","coordinates":[135.8374201,34.7175177]},"properties":{"z":84.7}},{"type":"Feature","geometry":{"type":"Point","coordinates":[135.8374287,34.717562]},"properties":{"z":83.4}},{"type":"Feature","geometry":{"type":"Point","coordinates":[135.8374473,34.7176042]},"properties":{"z":83.4}},{"type":"Feature","geometry":{"type":"Point","coordinates":[135.8374651,34.7176468]},"properties":{"z":82.9}},{"type":"Feature","geometry":{"type":"Point","coordinates":[135.8374752,34.7176909]},"properties":{"z":82.9}},{"type":"Feature","geometry":{"type":"Point","coordinates":[135.837492,34.7177336]},"properties":{"z":82.9}},{"type":"Feature","geometry":{"type":"Point","coordinates":[135.837511,34.7177758]},"properties":{"z":82.9}},{"type":"Feature","geometry":{"type":"Point","coordinates":[135.8375308,34.7178177]},"properties":{"z":82.9}},{"type":"Feature","geometry":{"type":"Point","coordinates":[135.837544,34.7178613]},"properties":{"z":83.4}},{"type":"Feature","geometry":{"type":"Point","coordinates":[135.8375584,34.7179046]},"properties":{"z":83.4}},{"type":"Feature","geometry":{"type":"Point","coordinates":[135.8375757,34.7179473]},"properties":{"z":83.4}},{"type":"Feature","geometry":{"type":"Point","coordinates":[135.8375932,34.7179899]},"properties":{"z":83.4}},{"type":"Feature","geometry":{"type":"Point","coordinates":[135.8376105,34.7180325]},"properties":{"z":83.4}},{"type":"Feature","geometry":{"type":"Point","coordinates":[135.837625,34.7180758]},"properties":{"z":83.7}},{"type":"Feature","geometry":{"type":"Point","coordinates":[135.8376402,34.718119]},"properties":{"z":83.7}},{"type":"Feature","geometry":{"type":"Point","coordinates":[135.837656,34.718162]},"properties":{"z":83.7}},{"type":"Feature","geometry":{"type":"Point","coordinates":[135.8376727,34.7182049]},"properties":{"z":83.7}},{"type":"Feature","geometry":{"type":"Point","coordinates":[135.8376858,34.7182484]},"properties":{"z":83.7}},{"type":"Feature","geometry":{"type":"Point","coordinates":[135.8376954,34.7182926]},"properties":{"z":83.7}},{"type":"Feature","geometry":{"type":"Point","coordinates":[135.8377044,34.718337]},"properties":{"z":83.6}},{"type":"Feature","geometry":{"type":"Point","coordinates":[135.837716,34.7183808]},"properties":{"z":83.8}},{"type":"Feature","geometry":{"type":"Point","coordinates":[135.8377317,34.7184238]},"properties":{"z":83.5}},{"type":"Feature","geometry":{"type":"Point","coordinates":[135.8377545,34.7184647]},"properties":{"z":83.5}},{"type":"Feature","geometry":{"type":"Point","coordinates":[135.8377769,34.7185057]},"properties":{"z":83.0}},{"type":"Feature","geometry":{"type":"Point","coordinates":[135.837801,34.7185457]},"properties":{"z":83.3}},{"type":"Feature","geometry":{"type":"Point","coordinates":[135.837836,34.7185803]},"properties":{"z":82.9}},{"type":"Feature","geometry":{"type":"Point","coordinates":[135.8378719,34.7186143]},"properties":{"z":82.9}},{"type":"Feature","geometry":{"type":"Point","coordinates":[135.8379065,34.718649]},"properties":{"z":82.8}},{"type":"Feature","geometry":{"type":"Point","coordinates":[135.8379304,34.7186885]},"properties":{"z":82.4}},{"type":"Feature","geometry":{"type":"Point","coordinates":[135.8379458,34.7187316]},"properties":{"z":82.4}},{"type":"Feature","geometry":{"type":"Point","coordinates":[135.8379621,34.7187745]},"properties":{"z":82.1}},{"type":"Feature","geometry":{"type":"Point","coordinates":[135.8379784,34.7188175]},"properties":{"z":82.2}},{"type":"Feature","geometry":{"type":"Point","coordinates":[135.8379933,34.7188607]},"properties":{"z":81.6}},{"type":"Feature","geometry":{"type":"Point","coordinates":[135.838007,34.7189042]},"properties":{"z":80.8}},{"type":"Feature","geometry":{"type":"Point","coordinates":[135.8380209,34.7189477]},"properties":{"z":80.8}},{"type":"Feature","geometry":{"type":"Point","coordinates":[135.8380353,34.7189911]},"properties":{"z":80.1}},{"type":"Feature","geometry":{"type":"Point","coordinates":[135.8380503,34.7190343]},"properties":{"z":80.1}},{"type":"Feature","geometry":{"type":"Point","coordinates":[135.8380652,34.7190775]},"properties":{"z":79.5}},{"type":"Feature","geometry":{"type":"Point","coordinates":[135.8380797,34.7191209]},"properties":{"z":79.1}},{"type":"Feature","geometry":{"type":"Point","coordinates":[135.8380943,34.7191642]},"properties":{"z":79.1}},{"type":"Feature","geometry":{"type":"Point","coordinates":[135.8381088,34.7192075]},"properties":{"z":78.7}},{"type":"Feature","geometry":{"type":"Point","coordinates":[135.8381229,34.719251]},"properties":{"z":78.7}},{"type":"Feature","geometry":{"type":"Point","coordinates":[135.8381363,34.7192945]},"properties":{"z":78.4}},{"type":"Feature","geometry":{"type":"Point","coordinates":[135.8381513,34.7193378]},"properties":{"z":77.9}},{"type":"Feature","geometry":{"type":"Point","coordinates":[135.8381662,34.719381]},"properties":{"z":77.9}},{"type":"Feature","geometry":{"type":"Point","coordinates":[135.8381814,34.7194242]},"properties":{"z":77.6}},{"type":"Feature","geometry":{"type":"Point","coordinates":[135.838197,34.7194673]},"properties":{"z":77.4}},{"type":"Feature","geometry":{"type":"Point","coordinates":[135.8382126,34.7195104]},"properties":{"z":77.4}},{"type":"Feature","geometry":{"type":"Point","coordinates":[135.8382282,34.7195535]},"properties":{"z":77.0}},{"type":"Feature","geometry":{"type":"Point","coordinates":[135.8382434,34.7195966]},"properties":{"z":77.0}},{"type":"Feature","geometry":{"type":"Point","coordinates":[135.8382584,34.7196399]},"properties":{"z":76.7}},{"type":"Feature","geometry":{"type":"Point","coordinates":[135.8382736,34.7196831]},"properties":{"z":76.4}},{"type":"Feature","geometry":{"type":"Point","coordinates":[135.8382888,34.7197262]},"properties":{"z":76.4}},{"type":"Feature","geometry":{"type":"Point","coordinates":[135.8383041,34.7197694]},"properties":{"z":76.1}},{"type":"Feature","geometry":{"type":"Point","coordinates":[135.8383195,34.7198125]},"properties":{"z":76.1}},{"type":"Feature","geometry":{"type":"Point","coordinates":[135.8383399,34.7198542]},"properties":{"z":75.8}},{"type":"Feature","geometry":{"type":"Point","coordinates":[135.8383583,34.7198965]},"properties":{"z":75.5}},{"type":"Feature","geometry":{"type":"Point","coordinates":[135.8383749,34.7199393]},"properties":{"z":75.5}},{"type":"Feature","geometry":{"type":"Point","coordinates":[135.8383972,34.7199804]},"properties":{"z":75.2}},{"type":"Feature","geometry":{"type":"Point","coordinates":[135.8384174,34.720022]},"properties":{"z":75.2}},{"type":"Feature","geometry":{"type":"Point","coordinates":[135.8384296,34.7200658]},"properties":{"z":74.8}},{"type":"Feature","geometry":{"type":"Point","coordinates":[135.8384421,34.7201096]},"properties":{"z":74.6}},{"type":"Feature","geometry":{"type":"Point","coordinates":[135.8384558,34.7201531]},"properties":{"z":74.6}},{"type":"Feature","geometry":{"type":"Point","coordinates":[135.8384694,34.7201967]},"properties":{"z":74.3}},{"type":"Feature","geometry":{"type":"Point","coordinates":[135.8384853,34.7202397]},"properties":{"z":73.9}},{"type":"Feature","geometry":{"type":"Point","coordinates":[135.8385016,34.7202826]},"properties":{"z":73.9}},{"type":"Feature","geometry":{"type":"Point","coordinates":[135.8385173,34.7203256]},"properties":{"z":73.6}},{"type":"Feature","geometry":{"type":"Point","coordinates":[135.8385309,34.7203692]},"properties":{"z":73.6}},{"type":"Feature","geometry":{"type":"Point","coordinates":[135.8385446,34.7204127]},"properties":{"z":73.2}},{"type":"Feature","geometry":{"type":"Point","coordinates":[135.8385587,34.7204561]},"properties":{"z":72.8}},{"type":"Feature","geometry":{"type":"Point","coordinates":[135.8385731,34.7204995]},"properties":{"z":72.7}},{"type":"Feature","geometry":{"type":"Point","coordinates":[135.8385874,34.7205429]},"properties":{"z":72.2}},{"type":"Feature","geometry":{"type":"Point","coordinates":[135.8386046,34.7205856]},"properties":{"z":72.2}},{"type":"Feature","geometry":{"type":"Point","coordinates":[135.8386217,34.7206282]},"properties":{"z":71.8}},{"type":"Feature","geometry":{"type":"Point","coordinates":[135.8386362,34.7206716]},"properties":{"z":71.4}},{"type":"Feature","geometry":{"type":"Point","coordinates":[135.8386499,34.7207151]},"properties":{"z":71.4}},{"type":"Feature","geometry":{"type":"Point","coordinates":[135.8386628,34.7207588]},"properties":{"z":71.1}},{"type":"Feature","geometry":{"type":"Point","coordinates":[135.8386751,34.7208026]},"properties":{"z":71.1}},{"type":"Feature","geometry":{"type":"Point","coordinates":[135.8386901,34.7208457]},"properties":{"z":70.8}},{"type":"Feature","geometry":{"type":"Point","coordinates":[135.8387094,34.7208877]},"properties":{"z":70.4}},{"type":"Feature","geometry":{"type":"Point","coordinates":[135.8387567,34.7208967]},"properties":{"z":70.4}},{"type":"Feature","geometry":{"type":"Point","coordinates":[135.8388106,34.7208902]},"properties":{"z":70.4}},{"type":"Feature","geometry":{"type":"Point","coordinates":[135.838863,34.7208774]},"properties":{"z":70.5}},{"type":"Feature","geometry":{"type":"Point","coordinates":[135.838916,34.7208663]},"properties":{"z":70.9}},{"type":"Feature","geometry":{"type":"Point","coordinates":[135.8389691,34.7208555]},"properties":{"z":70.9}},{"type":"Feature","geometry":{"type":"Point","coordinates":[135.8390221,34.7208446]},"properties":{"z":70.9}},{"type":"Feature","geometry":{"type":"Point","coordinates":[135.8390745,34.7208317]},"properties":{"z":70.9}},{"type":"Feature","geometry":{"type":"Point","coordinates":[135.8391257,34.7208161]},"properties":{"z":70.8}},{"type":"Feature","geometry":{"type":"Point","coordinates":[135.8391763,34.7207991]},"properties":{"z":70.8}},{"type":"Feature","geometry":{"type":"Point","coordinates":[135.8392223,34.7207748]},"properties":{"z":70.8}},{"type":"Feature","geometry":{"type":"Point","coordinates":[135.8392682,34.7207504]},"properties":{"z":70.6}},{"type":"Feature","geometry":{"type":"Point","coordinates":[135.8393197,34.7207381]},"properties":{"z":70.6}},{"type":"Feature","geometry":{"type":"Point","coordinates":[135.8393737,34.720745]},"properties":{"z":70.5}},{"type":"Feature","geometry":{"type":"Point","coordinates":[135.8394278,34.7207519]},"properties":{"z":70.3}},{"type":"Feature","geometry":{"type":"Point","coordinates":[135.839481,34.7207621]},"properties":{"z":70.3}},{"type":"Feature","geometry":{"type":"Point","coordinates":[135.8395339,34.7207735]},"properties":{"z":70.0}},{"type":"Feature","geometry":{"type":"Point","coordinates":[135.8395867,34.7207852]},"properties":{"z":70.0}},{"type":"Feature","geometry":{"type":"Point","coordinates":[135.8396391,34.7207979]},"properties":{"z":69.9}},{"type":"Feature","geometry":{"type":"Point","coordinates":[135.8396896,34.720815]},"properties":{"z":69.3}},{"type":"Feature","geometry":{"type":"Point","coordinates":[135.8397392,34.7208339]},"properties":{"z":69.3}},{"type":"Feature","geometry":{"type":"Point","coordinates":[135.8397888,34.7208528]},"properties":{"z":69.4}},{"type":"Feature","geometry":{"type":"Point","coordinates":[135.8398384,34.7208717]},"properties":{"z":69.4}},{"type":"Feature","geometry":{"type":"Point","coordinates":[135.8398867,34.7208927]},"properties":{"z":69.2}},{"type":"Feature","geometry":{"type":"Point","coordinates":[135.8399335,34.7209159]},"properties":{"z":69.2}},{"type":"Feature","geometry":{"type":"Point","coordinates":[135.8399811,34.7209377]},"properties":{"z":69.3}},{"type":"Feature","geometry":{"type":"Point","coordinates":[135.8400337,34.72095]},"properties":{"z":69.0}},{"type":"Feature","geometry":{"type":"Point","coordinates":[135.8400863,34.7209624]},"properties":{"z":69.0}},{"type":"Feature","geometry":{"type":"Point","coordinates":[135.8401386,34.7209756]},"properties":{"z":69.1}},{"type":"Feature","geometry":{"type":"Point","coordinates":[135.8401907,34.7209893]},"properties":{"z":69.1}},{"type":"Feature","geometry":{"type":"Point","coordinates":[135.8402428,34.7210029]},"properties":{"z":69.2}},{"type":"Feature","geometry":{"type":"Point","coordinates":[135.8402951,34.7210159]},"properties":{"z":68.7}},{"type":"Feature","geometry":{"type":"Point","coordinates":[135.8403475,34.721029]},"properties":{"z":68.7}},{"type":"Feature","geometry":{"type":"Point","coordinates":[135.8403997,34.7210424]},"properties":{"z":68.6}},{"type":"Feature","geometry":{"type":"Point","coordinates":[135.8404517,34.7210563]},"properties":{"z":68.6}},{"type":"Feature","geometry":{"type":"Point","coordinates":[135.8405037,34.7210702]},"properties":{"z":68.5}},{"type":"Feature","geometry":{"type":"Point","coordinates":[135.8405539,34.721088]},"properties":{"z":67.8}},{"type":"Feature","geometry":{"type":"Point","coordinates":[135.8406037,34.7211064]},"properties":{"z":67.8}},{"type":"Feature","geometry":{"type":"Point","coordinates":[135.840653,34.7211259]},"properties":{"z":67.6}},{"type":"Feature","geometry":{"type":"Point","coordinates":[135.8407018,34.7211462]},"properties":{"z":67.6}},{"type":"Feature","geometry":{"type":"Point","coordinates":[135.8407513,34.7211653]},"properties":{"z":67.0}},{"type":"Feature","geometry":{"type":"Point","coordinates":[135.8408014,34.7211832]},"properties":{"z":66.9}},{"type":"Feature","geometry":{"type":"Point","coordinates":[135.8408535,34.7211968]},"properties":{"z":66.9}},{"type":"Feature","geometry":{"type":"Point","coordinates":[135.8409063,34.7212085]},"properties":{"z":67.0}},{"type":"Feature","geometry":{"type":"Point","coordinates":[135.8409597,34.721218]},"properties":{"z":67.0}},{"type":"Feature","geometry":{"type":"Point","coordinates":[135.8410139,34.7212235]},"properties":{"z":67.2}},{"type":"Feature","geometry":{"type":"Point","coordinates":[135.8410684,34.7212266]},"properties":{"z":67.4}},{"type":"Feature","geometry":{"type":"Point","coordinates":[135.841123,34.7212244]},"properties":{"z":67.4}},{"type":"Feature","geometry":{"type":"Point","coordinates":[135.8411767,34.7212242]},"properties":{"z":67.5}},{"type":"Feature","geometry":{"type":"Point","coordinates":[135.8412264,34.7212431]},"properties":{"z":67.4}},{"type":"Feature","geometry":{"type":"Point","coordinates":[135.8412532,34.7212791]},"properties":{"z":67.6}},{"type":"Feature","geometry":{"type":"Point","coordinates":[135.8412699,34.7213218]},"properties":{"z":67.7}},{"type":"Feature","geometry":{"type":"Point","coordinates":[135.841282,34.7213657]},"properties":{"z":67.7}},{"type":"Feature","geometry":{"type":"Point","coordinates":[135.8412944,34.7214094]},"properties":{"z":67.8}},{"type":"Feature","geometry":{"type":"Point","coordinates":[135.8413065,34.7214533]},"properties":{"z":68.1}},{"type":"Feature","geometry":{"type":"Point","coordinates":[135.8413166,34.7214975]},"properties":{"z":68.0}},{"type":"Feature","geometry":{"type":"Point","coordinates":[135.8413249,34.7215419]},"properties":{"z":68.2}},{"type":"Feature","geometry":{"type":"Point","coordinates":[135.8413304,34.7215866]},"properties":{"z":68.4}},{"type":"Feature","geometry":{"type":"Point","coordinates":[135.8413295,34.7216313]},"properties":{"z":68.4}},{"type":"Feature","geometry":{"type":"Point","coordinates":[135.8413385,34.7216753]},"properties":{"z":68.7}},{"type":"Feature","geometry":{"type":"Point","coordinates":[135.8413742,34.721703]},"properties":{"z":68.7}},{"type":"Feature","geometry":{"type":"Point","coordinates":[135.841427,34.7217055]},"properties":{"z":68.6}},{"type":"Feature","geometry":{"type":"Point","coordinates":[135.841481,34.7216982]},"properties":{"z":68.6}},{"type":"Feature","geometry":{"type":"Point","coordinates":[135.8415345,34.721689]},"properties":{"z":68.6}},{"type":"Feature","geometry":{"type":"Point","coordinates":[135.8415879,34.7216791]},"properties":{"z":68.5}},{"type":"Feature","geometry":{"type":"Point","coordinates":[135.8416414,34.7216703]},"properties":{"z":68.5}},{"type":"Feature","geometry":{"type":"Point","coordinates":[135.8416956,34.7216637]},"properties":{"z":68.5}},{"type":"Feature","geometry":{"type":"Point","coordinates":[135.8417499,34.721659]},"properties":{"z":68.6}},{"type":"Feature","geometry":{"type":"Point","coordinates":[135.8418044,34.7216551]},"properties":{"z":68.6}},{"type":"Feature","geometry":{"type":"Point","coordinates":[135.8418591,34.7216547]},"properties":{"z":68.6}},{"type":"Feature","geometry":{"type":"Point","coordinates":[135.8419138,34.7216545]},"properties":{"z":68.7}},{"type":"Feature","geometry":{"type":"Point","coordinates":[135.8419685,34.7216547]},"properties":{"z":68.7}},{"type":"Feature","geometry":{"type":"Point","coordinates":[135.8420231,34.7216567]},"properties":{"z":68.8}},{"type":"Feature","geometry":{"type":"Point","coordinates":[135.8420776,34.7216602]},"properties":{"z":68.8}},{"type":"Feature","geometry":{"type":"Point","coordinates":[135.8421313,34.7216683]},"properties":{"z":68.8}},{"type":"Feature","geometry":{"type":"Point","coordinates":[135.8421848,34.7216778]},"properties":{"z":68.9}},{"type":"Feature","geometry":{"type":"Point","coordinates":[135.8422374,34.7216899]},"properties":{"z":68.9}},{"type":"Feature","geometry":{"type":"Point","coordinates":[135.8422899,34.7217025]},"properties":{"z":69.0}},{"type":"Feature","geometry":{"type":"Point","coordinates":[135.8423419,34.7217166]},"properties":{"z":69.0}},{"type":"Feature","geometry":{"type":"Point","coordinates":[135.8423933,34.7217318]},"properties":{"z":69.1}},{"type":"Feature","geometry":{"type":"Point","coordinates":[135.842444,34.7217486]},"properties":{"z":69.2}},{"type":"Feature","geometry":{"type":"Point","coordinates":[135.842494,34.7217669]},"properties":{"z":69.2}},{"type":"Feature","geometry":{"type":"Point","coordinates":[135.8425433,34.7217863]},"properties":{"z":69.3}},{"type":"Feature","geometry":{"type":"Point","coordinates":[135.8425926,34.7218057]},"properties":{"z":69.4}},{"type":"Feature","geometry":{"type":"Point","coordinates":[135.842642,34.721825]},"properties":{"z":69.4}},{"type":"Feature","geometry":{"type":"Point","coordinates":[135.8426912,34.7218446]},"properties":{"z":69.4}},{"type":"Feature","geometry":{"type":"Point","coordinates":[135.8427403,34.7218644]},"properties":{"z":69.5}},{"type":"Feature","geometry":{"type":"Point","coordinates":[135.8427896,34.7218839]},"properties":{"z":69.6}},{"type":"Feature","geometry":{"type":"Point","coordinates":[135.8428389,34.7219032]},"properties":{"z":69.6}},{"type":"Feature","geometry":{"type":"Point","coordinates":[135.842889,34.7219213]},"properties":{"z":69.6}},{"type":"Feature","geometry":{"type":"Point","coordinates":[135.8429389,34.7219397]},"properties":{"z":69.7}},{"type":"Feature","geometry":{"type":"Point","coordinates":[135.8429883,34.721959]},"properties":{"z":69.8}},{"type":"Feature","geometry":{"type":"Point","coordinates":[135.8430382,34.7219775]},"properties":{"z":69.9}},{"type":"Feature","geometry":{"type":"Point","coordinates":[135.8430886,34.721995]},"properties":{"z":69.9}},{"type":"Feature","geometry":{"type":"Point","coordinates":[135.8431394,34.7220115]},"properties":{"z":70.1}},{"type":"Feature","geometry":{"type":"Point","coordinates":[135.8431906,34.7220273]},"properties":{"z":70.1}},{"type":"Feature","geometry":{"type":"Point","coordinates":[135.8432431,34.7220399]},"properties":{"z":70.4}},{"type":"Feature","geometry":{"type":"Point","coordinates":[135.8432964,34.7220496]},"properties":{"z":70.7}},{"type":"Feature","geometry":{"type":"Point","coordinates":[135.8433506,34.7220556]},"properties":{"z":70.7}},{"type":"Feature","geometry":{"type":"Point","coordinates":[135.8434049,34.7220605]},"properties":{"z":71.1}},{"type":"Feature","geometry":{"type":"Point","coordinates":[135.8434593,34.722065]},"properties":{"z":71.5}},{"type":"Feature","geometry":{"type":"Point","coordinates":[135.8435139,34.7220673]},"properties":{"z":71.5}},{"type":"Feature","geometry":{"type":"Point","coordinates":[135.8435686,34.7220692]},"properties":{"z":71.9}},{"type":"Feature","geometry":{"type":"Point","coordinates":[135.8436233,34.7220696]},"properties":{"z":71.9}},{"type":"Feature","geometry":{"type":"Point","coordinates":[135.8436779,34.7220691]},"properties":{"z":72.3}},{"type":"Feature","geometry":{"type":"Point","coordinates":[135.8437326,34.7220676]},"properties":{"z":72.8}},{"type":"Feature","geometry":{"type":"Point","coordinates":[135.8437873,34.7220672]},"properties":{"z":72.8}},{"type":"Feature","geometry":{"type":"Point","coordinates":[135.843842,34.7220673]},"properties":{"z":73.3}},{"type":"Feature","geometry":{"type":"Point","coordinates":[135.8438966,34.7220649]},"properties":{"z":73.8}},{"type":"Feature","geometry":{"type":"Point","coordinates":[135.8439512,34.7220623]},"properties":{"z":73.8}},{"type":"Feature","geometry":{"type":"Point","coordinates":[135.8440058,34.7220611]},"properties":{"z":74.2}},{"type":"Feature","geometry":{"type":"Point","coordinates":[135.8440605,34.7220594]},"properties":{"z":74.6}},{"type":"Feature","geometry":{"type":"Point","coordinates":[135.844115,34.7220554]},"properties":{"z":74.6}},{"type":"Feature","geometry":{"type":"Point","coordinates":[135.8441695,34.7220525]},"properties":{"z":75.0}},{"type":"Feature","geometry":{"type":"Point","coordinates":[135.8442241,34.7220503]},"properties":{"z":75.0}},{"type":"Feature","geometry":{"type":"Point","coordinates":[135.8442788,34.7220493]},"properties":{"z":75.3}},{"type":"Feature","geometry":{"type":"Point","coordinates":[135.8443335,34.7220484]},"properties":{"z":75.7}},{"type":"Feature","geometry":{"type":"Point","coordinates":[135.8443882,34.7220473]},"properties":{"z":75.7}},{"type":"Feature","geometry":{"type":"Point","coordinates":[135.8444429,34.7220467]},"properties":{"z":76.1}},{"type":"Feature","geometry":{"type":"Point","coordinates":[135.8444975,34.7220462]},"properties":{"z":76.5}},{"type":"Feature","geometry":{"type":"Point","coordinates":[135.8445521,34.7220427]},"properties":{"z":76.5}},{"type":"Feature","geometry":{"type":"Point","coordinates":[135.8446067,34.7220404]},"properties":{"z":76.7}},{"type":"Feature","geometry":{"type":"Point","coordinates":[135.8446614,34.7220394]},"properties":{"z":76.8}},{"type":"Feature","geometry":{"type":"Point","coordinates":[135.844716,34.7220391]},"properties":{"z":76.8}},{"type":"Feature","geometry":{"type":"Point","coordinates":[135.8447707,34.7220386]},"properties":{"z":76.8}},{"type":"Feature","geometry":{"type":"Point","coordinates":[135.8448254,34.7220378]},"properties":{"z":76.8}},{"type":"Feature","geometry":{"type":"Point","coordinates":[135.8448801,34.7220359]},"properties":{"z":76.9}},{"type":"Feature","geometry":{"type":"Point","coordinates":[135.8449347,34.7220349]},"properties":{"z":77.0}},{"type":"Feature","geometry":{"type":"Point","coordinates":[135.8449894,34.7220337]},"properties":{"z":77.0}},{"type":"Feature","geometry":{"type":"Point","coordinates":[135.845044,34.7220313]},"properties":{"z":77.1}},{"type":"Feature","geometry":{"type":"Point","coordinates":[135.8450986,34.7220291]},"properties":{"z":77.2}},{"type":"Feature","geometry":{"type":"Point","coordinates":[135.8451533,34.7220287]},"properties":{"z":77.2}},{"type":"Feature","geometry":{"type":"Point","coordinates":[135.8452079,34.722026]},"properties":{"z":77.1}},{"type":"Feature","geometry":{"type":"Point","coordinates":[135.8452625,34.7220249]},"properties":{"z":76.9}},{"type":"Feature","geometry":{"type":"Point","coordinates":[135.8453172,34.7220247]},"properties":{"z":76.9}},{"type":"Feature","geometry":{"type":"Point","coordinates":[135.8453719,34.722025]},"properties":{"z":76.7}},{"type":"Feature","geometry":{"type":"Point","coordinates":[135.8454266,34.7220265]},"properties":{"z":76.7}},{"type":"Feature","geometry":{"type":"Point","coordinates":[135.8454812,34.7220288]},"properties":{"z":76.6}},{"type":"Feature","geometry":{"type":"Point","coordinates":[135.8455357,34.7220327]},"properties":{"z":76.6}},{"type":"Feature","geometry":{"type":"Point","coordinates":[135.8455899,34.7220382]},"properties":{"z":76.6}},{"type":"Feature","geometry":{"type":"Point","coordinates":[135.8456441,34.7220443]},"properties":{"z":76.8}},{"type":"Feature","geometry":{"type":"Point","coordinates":[135.8456982,34.7220509]},"properties":{"z":77.1}},{"type":"Feature","geometry":{"type":"Point","coordinates":[135.845752,34.7220591]},"properties":{"z":77.1}},{"type":"Feature","geometry":{"type":"Point","coordinates":[135.8458055,34.7220682]},"properties":{"z":77.5}},{"type":"Feature","geometry":{"type":"Point","coordinates":[135.8458585,34.7220794]},"properties":{"z":77.4}},{"type":"Feature","geometry":{"type":"Point","coordinates":[135.8459106,34.722093]},"properties":{"z":77.8}},{"type":"Feature","geometry":{"type":"Point","coordinates":[135.8459619,34.7221085]},"properties":{"z":78.1}},{"type":"Feature","geometry":{"type":"Point","coordinates":[135.8460136,34.7221232]},"properties":{"z":78.1}},{"type":"Feature","geometry":{"type":"Point","coordinates":[135.846065,34.7221385]},"properties":{"z":78.5}},{"type":"Feature","geometry":{"type":"Point","coordinates":[135.846116,34.7221546]},"properties":{"z":78.3}},{"type":"Feature","geometry":{"type":"Point","coordinates":[135.8461661,34.7221728]},"properties":{"z":78.5}},{"type":"Feature","geometry":{"type":"Point","coordinates":[135.8462157,34.7221916]},"properties":{"z":78.8}},{"type":"Feature","geometry":{"type":"Point","coordinates":[135.8462652,34.7222108]},"properties":{"z":78.8}},{"type":"Feature","geometry":{"type":"Point","coordinates":[135.8463155,34.7222283]},"properties":{"z":78.8}},{"type":"Feature","geometry":{"type":"Point","coordinates":[135.8463664,34.7222448]},"properties":{"z":78.8}},{"type":"Feature","geometry":{"type":"Point","coordinates":[135.8464175,34.7222608]},"properties":{"z":79.0}},{"type":"Feature","geometry":{"type":"Point","coordinates":[135.8464685,34.7222771]},"properties":{"z":79.1}},{"type":"Feature","geometry":{"type":"Point","coordinates":[135.8465193,34.7222937]},"properties":{"z":78.9}},{"type":"Feature","geometry":{"type":"Point","coordinates":[135.8465705,34.7223096]},"properties":{"z":78.9}},{"type":"Feature","geometry":{"type":"Point","coordinates":[135.8466211,34.7223266]},"properties":{"z":78.9}},{"type":"Feature","geometry":{"type":"Point","coordinates":[135.846671,34.7223449]},"properties":{"z":79.0}},{"type":"Feature","geometry":{"type":"Point","coordinates":[135.8467194,34.7223658]},"properties":{"z":78.8}},{"type":"Feature","geometry":{"type":"Point","coordinates":[135.8467685,34.7223856]},"properties":{"z":78.9}},{"type":"Feature","geometry":{"type":"Point","coordinates":[135.846818,34.7224047]},"properties":{"z":79.0}},{"type":"Feature","geometry":{"type":"Point","coordinates":[135.8468678,34.7224234]},"properties":{"z":79.0}},{"type":"Feature","geometry":{"type":"Point","coordinates":[135.8469186,34.7224399]},"properties":{"z":79.0}},{"type":"Feature","geometry":{"type":"Point","coordinates":[135.8469694,34.7224566]},"properties":{"z":79.0}},{"type":"Feature","geometry":{"type":"Point","coordinates":[135.84702,34.7224737]},"properties":{"z":79.1}},{"type":"Feature","geometry":{"type":"Point","coordinates":[135.8470702,34.7224915]},"properties":{"z":79.2}},{"type":"Feature","geometry":{"type":"Point","coordinates":[135.8471208,34.7225085]},"properties":{"z":79.1}},{"type":"Feature","geometry":{"type":"Point","coordinates":[135.8471705,34.7225272]},"properties":{"z":79.1}},{"type":"Feature","geometry":{"type":"Point","coordinates":[135.8472201,34.7225462]},"properties":{"z":79.1}},{"type":"Feature","geometry":{"type":"Point","coordinates":[135.8472698,34.722565]},"properties":{"z":79.2}},{"type":"Feature","geometry":{"type":"Point","coordinates":[135.8473197,34.7225835]},"properties":{"z":79.2}},{"type":"Feature","geometry":{"type":"Point","coordinates":[135.8473694,34.7226022]},"properties":{"z":79.3}},{"type":"Feature","geometry":{"type":"Point","coordinates":[135.8474189,34.7226213]},"properties":{"z":79.4}},{"type":"Feature","geometry":{"type":"Point","coordinates":[135.8474683,34.7226405]},"properties":{"z":79.4}},{"type":"Feature","geometry":{"type":"Point","coordinates":[135.8475182,34.7226589]},"properties":{"z":79.5}},{"type":"Feature","geometry":{"type":"Point","coordinates":[135.8475693,34.7226749]},"properties":{"z":79.5}},{"type":"Feature","geometry":{"type":"Point","coordinates":[135.8476201,34.7226914]},"properties":{"z":79.5}},{"type":"Feature","geometry":{"type":"Point","coordinates":[135.8476702,34.7227095]},"properties":{"z":79.6}},{"type":"Feature","geometry":{"type":"Point","coordinates":[135.8477197,34.7227287]},"properties":{"z":79.6}},{"type":"Feature","geometry":{"type":"Point","coordinates":[135.8477691,34.7227479]},"properties":{"z":79.6}},{"type":"Feature","geometry":{"type":"Point","coordinates":[135.8478189,34.7227665]},"properties":{"z":79.6}},{"type":"Feature","geometry":{"type":"Point","coordinates":[135.8478694,34.7227838]},"properties":{"z":79.8}},{"type":"Feature","geometry":{"type":"Point","coordinates":[135.8479198,34.7228012]},"properties":{"z":79.8}},{"type":"Feature","geometry":{"type":"Point","coordinates":[135.84797,34.722819]},"properties":{"z":79.8}},{"type":"Feature","geometry":{"type":"Point","coordinates":[135.8480199,34.7228374]},"properties":{"z":79.9}},{"type":"Feature","geometry":{"type":"Point","coordinates":[135.8480688,34.7228576]},"properties":{"z":80.8}},{"type":"Feature","geometry":{"type":"Point","coordinates":[135.8481187,34.722876]},"properties":{"z":82.1}},{"type":"Feature","geometry":{"type":"Point","coordinates":[135.8481691,34.7228933]},"properties":{"z":82.1}},{"type":"Feature","geometry":{"type":"Point","coordinates":[135.8482192,34.7229114]},"properties":{"z":82.7}},{"type":"Feature","geometry":{"type":"Point","coordinates":[135.8482691,34.7229297]},"properties":{"z":83.7}},{"type":"Feature","geometry":{"type":"Point","coordinates":[135.848319,34.7229482]},"properties":{"z":83.7}},{"type":"Feature","geometry":{"type":"Point","coordinates":[135.8483677,34.7229686]},"properties":{"z":83.1}},{"type":"Feature","geometry":{"type":"Point","coordinates":[135.8484171,34.7229878]},"properties":{"z":83.1}},{"type":"Feature","geometry":{"type":"Point","coordinates":[135.8484675,34.7230053]},"properties":{"z":83.7}},{"type":"Feature","geometry":{"type":"Point","coordinates":[135.848518,34.7230226]},"properties":{"z":83.7}},{"type":"Feature","geometry":{"type":"Point","coordinates":[135.8485683,34.7230402]},"properties":{"z":83.1}},{"type":"Feature","geometry":{"type":"Point","coordinates":[135.8486178,34.7230593]},"properties":{"z":82.4}},{"type":"Feature","geometry":{"type":"Point","coordinates":[135.8486706,34.7230689]},"properties":{"z":83.5}},{"type":"Feature","geometry":{"type":"Point","coordinates":[135.8487221,34.7230831]},"properties":{"z":82.8}},{"type":"Feature","geometry":{"type":"Point","coordinates":[135.8487722,34.7231011]},"properties":{"z":82.8}},{"type":"Feature","geometry":{"type":"Point","coordinates":[135.8488225,34.7231186]},"properties":{"z":82.5}},{"type":"Feature","geometry":{"type":"Point","coordinates":[135.8488735,34.723135]},"properties":{"z":83.2}},{"type":"Feature","geometry":{"type":"Point","coordinates":[135.8489244,34.7231512]},"properties":{"z":83.2}},{"type":"Feature","geometry":{"type":"Point","coordinates":[135.8489745,34.7231693]},"properties":{"z":83.3}},{"type":"Feature","geometry":{"type":"Point","coordinates":[135.849025,34.7231867]},"properties":{"z":83.3}},{"type":"Feature","geometry":{"type":"Point","coordinates":[135.8490744,34.723206]},"properties":{"z":84.1}},{"type":"Feature","geometry":{"type":"Point","coordinates":[135.849125,34.723223]},"properties":{"z":84.2}},{"type":"Feature","geometry":{"type":"Point","coordinates":[135.8491761,34.7232388]},"properties":{"z":84.2}},{"type":"Feature","geometry":{"type":"Point","coordinates":[135.8492269,34.7232556]},"properties":{"z":84.4}},{"type":"Feature","geometry":{"type":"Point","coordinates":[135.8492771,34.7232733]},"properties":{"z":85.2}},{"type":"Feature","geometry":{"type":"Point","coordinates":[135.8493278,34.7232901]},"properties":{"z":85.2}},{"type":"Feature","geometry":{"type":"Point","coordinates":[135.8493793,34.7233053]},"properties":{"z":85.2}},{"type":"Feature","geometry":{"type":"Point","coordinates":[135.84943,34.723322]},"properties":{"z":85.2}},{"type":"Feature","geometry":{"type":"Point","coordinates":[135.8494802,34.7233399]},"properties":{"z":85.4}},{"type":"Feature","geometry":{"type":"Point","coordinates":[135.8495322,34.7233538]},"properties":{"z":85.8}},{"type":"Feature","geometry":{"type":"Point","coordinates":[135.8495845,34.723367]},"properties":{"z":86.0}},{"type":"Feature","geometry":{"type":"Point","coordinates":[135.8496362,34.7233816]},"properties":{"z":86.0}},{"type":"Feature","geometry":{"type":"Point","coordinates":[135.8496876,34.723397]},"properties":{"z":86.7}},{"type":"Feature","geometry":{"type":"Point","coordinates":[135.8497394,34.7234115]},"properties":{"z":87.4}},{"type":"Feature","geometry":{"type":"Point","coordinates":[135.8497914,34.7234253]},"properties":{"z":87.2}},{"type":"Feature","geometry":{"type":"Point","coordinates":[135.8498437,34.7234384]},"properties":{"z":87.8}},{"type":"Feature","geometry":{"type":"Point","coordinates":[135.8498963,34.7234506]},"properties":{"z":88.4}},{"type":"Feature","geometry":{"type":"Point","coordinates":[135.8499485,34.7234641]},"properties":{"z":88.4}},{"type":"Feature","geometry":{"type":"Point","coordinates":[135.8500005,34.723478]},"properties":{"z":88.9}},{"type":"Feature","geometry":{"type":"Point","coordinates":[135.8500526,34.7234918]},"properties":{"z":89.0}},{"type":"Feature","geometry":{"type":"Point","coordinates":[135.8501049,34.7235047]},"properties":{"z":89.6}},{"type":"Feature","geometry":{"type":"Point","coordinates":[135.8501569,34.7235187]},"properties":{"z":90.7}},{"type":"Feature","geometry":{"type":"Point","coordinates":[135.850209,34.7235324]},"properties":{"z":90.7}},{"type":"Feature","geometry":{"type":"Point","coordinates":[135.8502598,34.7235489]},"properties":{"z":92.6}},{"type":"Feature","geometry":{"type":"Point","coordinates":[135.8503118,34.7235629]},"properties":{"z":91.4}},{"type":"Feature","geometry":{"type":"Point","coordinates":[135.8503629,34.7235786]},"properties":{"z":92.0}},{"type":"Feature","geometry":{"type":"Point","coordinates":[135.8504139,34.7235949]},"properties":{"z":92.6}},{"type":"Feature","geometry":{"type":"Point","coordinates":[135.8504651,34.7236108]},"properties":{"z":92.6}},{"type":"Feature","geometry":{"type":"Point","coordinates":[135.8505165,34.7236261]},"properties":{"z":91.6}},{"type":"Feature","geometry":{"type":"Point","coordinates":[135.8505683,34.7236406]},"properties":{"z":91.6}},{"type":"Feature","geometry":{"type":"Point","coordinates":[135.8506191,34.7236572]},"properties":{"z":92.3}},{"type":"Feature","geometry":{"type":"Point","coordinates":[135.8506687,34.7236762]},"properties":{"z":93.2}},{"type":"Feature","geometry":{"type":"Point","coordinates":[135.850719,34.7236937]},"properties":{"z":93.2}},{"type":"Feature","geometry":{"type":"Point","coordinates":[135.8507686,34.7237126]},"properties":{"z":92.5}},{"type":"Feature","geometry":{"type":"Point","coordinates":[135.8508185,34.7237311]},"properties":{"z":92.5}},{"type":"Feature","geometry":{"type":"Point","coordinates":[135.8508676,34.7237508]},"properties":{"z":93.4}},{"type":"Feature","geometry":{"type":"Point","coordinates":[135.850918,34.7237682]},"properties":{"z":91.8}},{"type":"Feature","geometry":{"type":"Point","coordinates":[135.8509691,34.7237843]},"properties":{"z":92.8}},{"type":"Feature","geometry":{"type":"Point","coordinates":[135.8510203,34.7238]},"properties":{"z":93.7}},{"type":"Feature","geometry":{"type":"Point","coordinates":[135.8510694,34.7238192]},"properties":{"z":93.7}},{"type":"Feature","geometry":{"type":"Point","coordinates":[135.8511159,34.7238429]},"properties":{"z":92.9}},{"type":"Feature","geometry":{"type":"Point","coordinates":[135.8511634,34.7238651]},"properties":{"z":92.9}},{"type":"Feature","geometry":{"type":"Point","coordinates":[135.8512115,34.7238864]},"properties":{"z":93.7}},{"type":"Feature","geometry":{"type":"Point","coordinates":[135.8512582,34.7239097]},"properties":{"z":92.3}},{"type":"Feature","geometry":{"type":"Point","coordinates":[135.8513103,34.7239235]},"properties":{"z":93.3}},{"type":"Feature","geometry":{"type":"Point","coordinates":[135.8513588,34.7239442]},"properties":{"z":94.6}},{"type":"Feature","geometry":{"type":"Point","coordinates":[135.8514074,34.7239648]},"properties":{"z":94.6}},{"type":"Feature","geometry":{"type":"Point","coordinates":[135.8514572,34.7239834]},"properties":{"z":96.8}},{"type":"Feature","geometry":{"type":"Point","coordinates":[135.851506,34.7240035]},"properties":{"z":96.8}},{"type":"Feature","geometry":{"type":"Point","coordinates":[135.8515541,34.7240249]},"properties":{"z":96.9}},{"type":"Feature","geometry":{"type":"Point","coordinates":[135.8516027,34.7240455]},"properties":{"z":96.9}},{"type":"Feature","geometry":{"type":"Point","coordinates":[135.8516512,34.7240663]},"properties":{"z":97.6}},{"type":"Feature","geometry":{"type":"Point","coordinates":[135.8517004,34.7240859]},"properties":{"z":97.5}},{"type":"Feature","geometry":{"type":"Point","coordinates":[135.8517516,34.7241017]},"properties":{"z":97.5}},{"type":"Feature","geometry":{"type":"Point","coordinates":[135.8518028,34.7241176]},"properties":{"z":97.5}},{"type":"Feature","geometry":{"type":"Point","coordinates":[135.8518533,34.7241348]},"properties":{"z":98.2}},{"type":"Feature","geometry":{"type":"Point","coordinates":[135.8519033,34.7241529]},"properties":{"z":97.9}},{"type":"Feature","geometry":{"type":"Point","coordinates":[135.8519537,34.7241704]},"properties":{"z":97.9}},{"type":"Feature","geometry":{"type":"Point","coordinates":[135.852004,34.7241882]},"properties":{"z":97.6}},{"type":"Feature","geometry":{"type":"Point","coordinates":[135.8520538,34.7242066]},"properties":{"z":97.7}},{"type":"Feature","geometry":{"type":"Point","coordinates":[135.8521057,34.7242204]},"properties":{"z":97.7}},{"type":"Feature","geometry":{"type":"Point","coordinates":[135.8521587,34.7242316]},"properties":{"z":97.4}},{"type":"Feature","geometry":{"type":"Point","coordinates":[135.8522106,34.7242454]},"properties":{"z":97.4}},{"type":"Feature","geometry":{"type":"Point","coordinates":[135.8522621,34.7242607]},"properties":{"z":97.6}},{"type":"Feature","geometry":{"type":"Point","coordinates":[135.8523139,34.724275]},"properties":{"z":97.5}},{"type":"Feature","geometry":{"type":"Point","coordinates":[135.8523659,34.7242889]},"properties":{"z":97.5}},{"type":"Feature","geometry":{"type":"Point","coordinates":[135.8524178,34.7243032]},"properties":{"z":97.5}},{"type":"Feature","geometry":{"type":"Point","coordinates":[135.8524696,34.7243176]},"properties":{"z":97.5}},{"type":"Feature","geometry":{"type":"Point","coordinates":[135.8525213,34.7243323]},"properties":{"z":98.0}},{"type":"Feature","geometry":{"type":"Point","coordinates":[135.852573,34.724347]},"properties":{"z":97.9}},{"type":"Feature","geometry":{"type":"Point","coordinates":[135.8526247,34.7243616]},"properties":{"z":97.9}},{"type":"Feature","geometry":{"type":"Point","coordinates":[135.8526764,34.7243762]},"properties":{"z":98.0}},{"type":"Feature","geometry":{"type":"Point","coordinates":[135.8527283,34.7243904]},"properties":{"z":98.0}},{"type":"Feature","geometry":{"type":"Point","coordinates":[135.8527803,34.7244043]},"properties":{"z":98.4}},{"type":"Feature","geometry":{"type":"Point","coordinates":[135.8528329,34.7244166]},"properties":{"z":98.3}},{"type":"Feature","geometry":{"type":"Point","coordinates":[135.8528857,34.7244285]},"properties":{"z":98.3}},{"type":"Feature","geometry":{"type":"Point","coordinates":[135.8529386,34.7244398]},"properties":{"z":98.2}},{"type":"Feature","geometry":{"type":"Point","coordinates":[135.8529916,34.7244509]},"properties":{"z":97.9}},{"type":"Feature","geometry":{"type":"Point","coordinates":[135.8530445,34.7244624]},"properties":{"z":97.9}},{"type":"Feature","geometry":{"type":"Point","coordinates":[135.8530972,34.7244743]},"properties":{"z":97.6}},{"type":"Feature","geometry":{"type":"Point","coordinates":[135.8531503,34.7244849]},"properties":{"z":97.6}},{"type":"Feature","geometry":{"type":"Point","coordinates":[135.8532042,34.7244925]},"properties":{"z":96.4}},{"type":"Feature","geometry":{"type":"Point","coordinates":[135.8532581,34.7245]},"properties":{"z":94.8}},{"type":"Feature","geometry":{"type":"Point","coordinates":[135.8533114,34.7245102]},"properties":{"z":94.8}},{"type":"Feature","geometry":{"type":"Point","coordinates":[135.8533645,34.7245209]},"properties":{"z":93.2}},{"type":"Feature","geometry":{"type":"Point","coordinates":[135.8534179,34.7245305]},"properties":{"z":91.6}},{"type":"Feature","geometry":{"type":"Point","coordinates":[135.8534717,34.7245387]},"properties":{"z":91.6}},{"type":"Feature","geometry":{"type":"Point","coordinates":[135.8535255,34.7245469]},"properties":{"z":90.2}},{"type":"Feature","geometry":{"type":"Point","coordinates":[135.8535788,34.7245568]},"properties":{"z":90.2}},{"type":"Feature","geometry":{"type":"Point","coordinates":[135.8536322,34.7245667]},"properties":{"z":89.7}},{"type":"Feature","geometry":{"type":"Point","coordinates":[135.8536851,34.724578]},"properties":{"z":89.6}},{"type":"Feature","geometry":{"type":"Point","coordinates":[135.8537377,34.7245903]},"properties":{"z":89.6}},{"type":"Feature","geometry":{"type":"Point","coordinates":[135.8537903,34.7246026]},"properties":{"z":89.5}},{"type":"Feature","geometry":{"type":"Point","coordinates":[135.8538425,34.7246159]},"properties":{"z":89.6}},{"type":"Feature","geometry":{"type":"Point","coordinates":[135.8538947,34.7246293]},"properties":{"z":89.4}},{"type":"Feature","geometry":{"type":"Point","coordinates":[135.8539462,34.7246442]},"properties":{"z":89.3}},{"type":"Feature","geometry":{"type":"Point","coordinates":[135.8539965,34.724662]},"properties":{"z":89.3}},{"type":"Feature","geometry":{"type":"Point","coordinates":[135.8540467,34.7246798]},"properties":{"z":89.2}},{"type":"Feature","geometry":{"type":"Point","coordinates":[135.8540959,34.7246995]},"properties":{"z":89.5}},{"type":"Feature","geometry":{"type":"Point","coordinates":[135.8541446,34.7247198]},"properties":{"z":89.4}},{"type":"Feature","geometry":{"type":"Point","coordinates":[135.8541931,34.7247406]},"properties":{"z":89.3}},{"type":"Feature","geometry":{"type":"Point","coordinates":[135.8542405,34.7247631]},"properties":{"z":89.6}},{"type":"Feature","geometry":{"type":"Point","coordinates":[135.8542878,34.7247856]},"properties":{"z":89.5}},{"type":"Feature","geometry":{"type":"Point","coordinates":[135.854334,34.7248096]},"properties":{"z":89.5}},{"type":"Feature","geometry":{"type":"Point","coordinates":[135.8543791,34.7248351]},"properties":{"z":89.6}},{"type":"Feature","geometry":{"type":"Point","coordinates":[135.8544242,34.7248605]},"properties":{"z":89.6}},{"type":"Feature","geometry":{"type":"Point","coordinates":[135.8544686,34.7248867]},"properties":{"z":89.4}},{"type":"Feature","geometry":{"type":"Point","coordinates":[135.8545128,34.7249132]},"properties":{"z":89.7}},{"type":"Feature","geometry":{"type":"Point","coordinates":[135.854557,34.7249397]},"properties":{"z":89.5}},{"type":"Feature","geometry":{"type":"Point","coordinates":[135.8545987,34.7249688]},"properties":{"z":89.9}},{"type":"Feature","geometry":{"type":"Point","coordinates":[135.8546401,34.7249981]},"properties":{"z":89.5}},{"type":"Feature","geometry":{"type":"Point","coordinates":[135.8546813,34.7250277]},"properties":{"z":89.5}},{"type":"Feature","geometry":{"type":"Point","coordinates":[135.8547202,34.7250593]},"properties":{"z":89.6}},{"type":"Feature","geometry":{"type":"Point","coordinates":[135.854759,34.7250909]},"properties":{"z":89.6}},{"type":"Feature","geometry":{"type":"Point","coordinates":[135.8547976,34.7251228]},"properties":{"z":89.3}},{"type":"Feature","geometry":{"type":"Point","coordinates":[135.8548354,34.7251553]},"properties":{"z":89.3}},{"type":"Feature","geometry":{"type":"Point","coordinates":[135.8548732,34.7251878]},"properties":{"z":89.9}},{"type":"Feature","geometry":{"type":"Point","coordinates":[135.8549116,34.7252197]},"properties":{"z":89.2}},{"type":"Feature","geometry":{"type":"Point","coordinates":[135.8549505,34.7252513]},"properties":{"z":89.6}},{"type":"Feature","geometry":{"type":"Point","coordinates":[135.8549895,34.7252829]},"properties":{"z":89.0}},{"type":"Feature","geometry":{"type":"Point","coordinates":[135.85503,34.725313]},"properties":{"z":89.0}},{"type":"Feature","geometry":{"type":"Point","coordinates":[135.8550707,34.7253431]},"properties":{"z":88.6}},{"type":"Feature","geometry":{"type":"Point","coordinates":[135.8551118,34.7253728]},"properties":{"z":88.6}},{"type":"Feature","geometry":{"type":"Point","coordinates":[135.8551536,34.7254017]},"properties":{"z":88.1}},{"type":"Feature","geometry":{"type":"Point","coordinates":[135.8551955,34.7254307]},"properties":{"z":88.1}},{"type":"Feature","geometry":{"type":"Point","coordinates":[135.8552363,34.7254605]},"properties":{"z":87.6}},{"type":"Feature","geometry":{"type":"Point","coordinates":[135.855277,34.7254906]},"properties":{"z":87.6}},{"type":"Feature","geometry":{"type":"Point","coordinates":[135.8553176,34.7255207]},"properties":{"z":86.9}},{"type":"Feature","geometry":{"type":"Point","coordinates":[135.8553585,34.7255506]},"properties":{"z":86.9}},{"type":"Feature","geometry":{"type":"Point","coordinates":[135.8553994,34.7255804]},"properties":{"z":86.3}},{"type":"Feature","geometry":{"type":"Point","coordinates":[135.8554401,34.7256104]},"properties":{"z":86.2}},{"type":"Feature","geometry":{"type":"Point","coordinates":[135.8554809,34.7256404]},"properties":{"z":85.6}},{"type":"Feature","geometry":{"type":"Point","coordinates":[135.8555212,34.7256708]},"properties":{"z":85.6}},{"type":"Feature","geometry":{"type":"Point","coordinates":[135.8555611,34.7257015]},"properties":{"z":85.2}},{"type":"Feature","geometry":{"type":"Point","coordinates":[135.8556004,34.7257327]},"properties":{"z":85.2}},{"type":"Feature","geometry":{"type":"Point","coordinates":[135.8556378,34.7257655]},"properties":{"z":85.9}},{"type":"Feature","geometry":{"type":"Point","coordinates":[135.8556758,34.7257978]},"properties":{"z":85.5}},{"type":"Feature","geometry":{"type":"Point","coordinates":[135.855716,34.7258283]},"properties":{"z":86.4}},{"type":"Feature","geometry":{"type":"Point","coordinates":[135.8557565,34.7258585]},"properties":{"z":86.0}},{"type":"Feature","geometry":{"type":"Point","coordinates":[135.8557985,34.7258873]},"properties":{"z":86.9}},{"type":"Feature","geometry":{"type":"Point","coordinates":[135.8558407,34.7259159]},"properties":{"z":86.6}},{"type":"Feature","geometry":{"type":"Point","coordinates":[135.8558852,34.725942]},"properties":{"z":86.6}},{"type":"Feature","geometry":{"type":"Point","coordinates":[135.8559298,34.7259681]},"properties":{"z":87.1}},{"type":"Feature","geometry":{"type":"Point","coordinates":[135.8559745,34.725994]},"properties":{"z":87.1}},{"type":"Feature","geometry":{"type":"Point","coordinates":[135.8560192,34.7260198]},"properties":{"z":86.3}},{"type":"Feature","geometry":{"type":"Point","coordinates":[135.8560648,34.7260447]},"properties":{"z":87.1}},{"type":"Feature","geometry":{"type":"Point","coordinates":[135.8561104,34.7260695]},"properties":{"z":86.4}},{"type":"Feature","geometry":{"type":"Point","coordinates":[135.856154,34.7260967]},"properties":{"z":87.1}},{"type":"Feature","geometry":{"type":"Point","coordinates":[135.856197,34.7261244]},"properties":{"z":86.4}},{"type":"Feature","geometry":{"type":"Point","coordinates":[135.8562408,34.7261513]},"properties":{"z":86.4}},{"type":"Feature","geometry":{"type":"Point","coordinates":[135.8562848,34.726178]},"properties":{"z":86.4}},{"type":"Feature","geometry":{"type":"Point","coordinates":[135.8563279,34.7262057]},"properties":{"z":86.4}},{"type":"Feature","geometry":{"type":"Point","coordinates":[135.8563707,34.7262337]},"properties":{"z":85.6}},{"type":"Feature","geometry":{"type":"Point","coordinates":[135.8564133,34.7262619]},"properties":{"z":86.2}},{"type":"Feature","geometry":{"type":"Point","coordinates":[135.8564558,34.7262901]},"properties":{"z":85.3}},{"type":"Feature","geometry":{"type":"Point","coordinates":[135.8564955,34.726321]},"properties":{"z":85.9}},{"type":"Feature","geometry":{"type":"Point","coordinates":[135.856535,34.7263521]},"properties":{"z":85.1}},{"type":"Feature","geometry":{"type":"Point","coordinates":[135.856574,34.7263837]},"properties":{"z":85.6}},{"type":"Feature","geometry":{"type":"Point","coordinates":[135.8566134,34.7264148]},"properties":{"z":84.8}},{"type":"Feature","geometry":{"type":"Point","coordinates":[135.8566536,34.7264453]},"properties":{"z":84.8}},{"type":"Feature","geometry":{"type":"Point","coordinates":[135.8566923,34.726477]},"properties":{"z":84.5}},{"type":"Feature","geometry":{"type":"Point","coordinates":[135.8567298,34.7265098]},"properties":{"z":84.5}},{"type":"Feature","geometry":{"type":"Point","coordinates":[135.8567652,34.7265439]},"properties":{"z":84.2}},{"type":"Feature","geometry":{"type":"Point","coordinates":[135.8567991,34.7265792]},"properties":{"z":84.2}},{"type":"Feature","geometry":{"type":"Point","coordinates":[135.8568329,34.7266146]},"properties":{"z":84.8}},{"type":"Feature","geometry":{"type":"Point","coordinates":[135.8568667,34.7266499]},"properties":{"z":83.8}},{"type":"Feature","geometry":{"type":"Point","coordinates":[135.8569022,34.7266841]},"properties":{"z":84.7}},{"type":"Feature","geometry":{"type":"Point","coordinates":[135.8569396,34.7267168]},"properties":{"z":83.6}},{"type":"Feature","geometry":{"type":"Point","coordinates":[135.856975,34.7267511]},"properties":{"z":84.6}},{"type":"Feature","geometry":{"type":"Point","coordinates":[135.857009,34.7267863]},"properties":{"z":84.6}},{"type":"Feature","geometry":{"type":"Point","coordinates":[135.8570357,34.7268253]},"properties":{"z":84.4}},{"type":"Feature","geometry":{"type":"Point","coordinates":[135.8570599,34.7268656]},"properties":{"z":84.4}},{"type":"Feature","geometry":{"type":"Point","coordinates":[135.8570832,34.7269063]},"properties":{"z":85.4}},{"type":"Feature","geometry":{"type":"Point","coordinates":[135.8571063,34.726947]},"properties":{"z":85.1}},{"type":"Feature","geometry":{"type":"Point","coordinates":[135.8571273,34.7269885]},"properties":{"z":85.1}},{"type":"Feature","geometry":{"type":"Point","coordinates":[135.857148,34.7270301]},"properties":{"z":85.9}},{"type":"Feature","geometry":{"type":"Point","coordinates":[135.8571692,34.7270716]},"properties":{"z":85.9}},{"type":"Feature","geometry":{"type":"Point","coordinates":[135.8571895,34.7271133]},"properties":{"z":86.8}},{"type":"Feature","geometry":{"type":"Point","coordinates":[135.8572074,34.7271558]},"properties":{"z":86.0}},{"type":"Feature","geometry":{"type":"Point","coordinates":[135.8572224,34.7271989]},"properties":{"z":86.0}},{"type":"Feature","geometry":{"type":"Point","coordinates":[135.8572331,34.727243]},"properties":{"z":86.8}},{"type":"Feature","geometry":{"type":"Point","coordinates":[135.8572467,34.7272865]},"properties":{"z":86.8}},{"type":"Feature","geometry":{"type":"Point","coordinates":[135.8572616,34.7273297]},"properties":{"z":87.5}},{"type":"Feature","geometry":{"type":"Point","coordinates":[135.8572836,34.7273709]},"properties":{"z":86.9}},{"type":"Feature","geometry":{"type":"Point","coordinates":[135.8573065,34.7274117]},"properties":{"z":86.9}},{"type":"Feature","geometry":{"type":"Point","coordinates":[135.8573342,34.7274504]},"properties":{"z":87.7}},{"type":"Feature","geometry":{"type":"Point","coordinates":[135.8573635,34.7274882]},"properties":{"z":86.3}},{"type":"Feature","geometry":{"type":"Point","coordinates":[135.8573989,34.7275226]},"properties":{"z":87.1}},{"type":"Feature","geometry":{"type":"Point","coordinates":[135.8574342,34.7275569]},"properties":{"z":87.1}},{"type":"Feature","geometry":{"type":"Point","coordinates":[135.8574698,34.727591]},"properties":{"z":86.4}},{"type":"Feature","geometry":{"type":"Point","coordinates":[135.8575045,34.7276257]},"properties":{"z":86.4}},{"type":"Feature","geometry":{"type":"Point","coordinates":[135.8575345,34.7276633]},"properties":{"z":85.5}},{"type":"Feature","geometry":{"type":"Point","coordinates":[135.8575656,34.7277002]},"properties":{"z":85.5}},{"type":"Feature","geometry":{"type":"Point","coordinates":[135.8575991,34.7277357]},"properties":{"z":85.9}},{"type":"Feature","geometry":{"type":"Point","coordinates":[135.8576348,34.7277698]},"properties":{"z":84.6}},{"type":"Feature","geometry":{"type":"Point","coordinates":[135.8576718,34.7278029]},"properties":{"z":85.1}},{"type":"Feature","geometry":{"type":"Point","coordinates":[135.8577006,34.727841]},"properties":{"z":85.1}},{"type":"Feature","geometry":{"type":"Point","coordinates":[135.8577269,34.7278803]},"properties":{"z":83.9}},{"type":"Feature","geometry":{"type":"Point","coordinates":[135.8577502,34.727921]},"properties":{"z":83.9}},{"type":"Feature","geometry":{"type":"Point","coordinates":[135.8577651,34.727964]},"properties":{"z":83.7}},{"type":"Feature","geometry":{"type":"Point","coordinates":[135.8577768,34.7280078]},"properties":{"z":83.2}},{"type":"Feature","geometry":{"type":"Point","coordinates":[135.8578051,34.7280462]},"properties":{"z":82.4}},{"type":"Feature","geometry":{"type":"Point","coordinates":[135.8578268,34.7280872]},"properties":{"z":81.7}},{"type":"Feature","geometry":{"type":"Point","coordinates":[135.8578441,34.7281299]},"properties":{"z":81.7}},{"type":"Feature","geometry":{"type":"Point","coordinates":[135.8578554,34.7281738]},"properties":{"z":81.3}},{"type":"Feature","geometry":{"type":"Point","coordinates":[135.857868,34.7282175]},"properties":{"z":81.1}},{"type":"Feature","geometry":{"type":"Point","coordinates":[135.8578823,34.7282609]},"properties":{"z":80.0}},{"type":"Feature","geometry":{"type":"Point","coordinates":[135.8578963,34.7283044]},"properties":{"z":80.0}},{"type":"Feature","geometry":{"type":"Point","coordinates":[135.8579086,34.7283481]},"properties":{"z":80.0}},{"type":"Feature","geometry":{"type":"Point","coordinates":[135.8579167,34.7283926]},"properties":{"z":80.3}},{"type":"Feature","geometry":{"type":"Point","coordinates":[135.8579266,34.7284368]},"properties":{"z":80.5}},{"type":"Feature","geometry":{"type":"Point","coordinates":[135.8579376,34.7284808]},"properties":{"z":80.5}},{"type":"Feature","geometry":{"type":"Point","coordinates":[135.8579524,34.7285241]},"properties":{"z":80.6}},{"type":"Feature","geometry":{"type":"Point","coordinates":[135.8579682,34.7285671]},"properties":{"z":80.2}},{"type":"Feature","geometry":{"type":"Point","coordinates":[135.8579822,34.7286106]},"properties":{"z":80.2}},{"type":"Feature","geometry":{"type":"Point","coordinates":[135.8579957,34.7286541]},"properties":{"z":80.4}},{"type":"Feature","geometry":{"type":"Point","coordinates":[135.8580094,34.7286976]},"properties":{"z":80.4}},{"type":"Feature","geometry":{"type":"Point","coordinates":[135.8580234,34.7287411]},"properties":{"z":80.5}},{"type":"Feature","geometry":{"type":"Point","coordinates":[135.8580364,34.7287847]},"properties":{"z":80.6}},{"type":"Feature","geometry":{"type":"Point","coordinates":[135.8580483,34.7288286]},"properties":{"z":80.6}},{"type":"Feature","geometry":{"type":"Point","coordinates":[135.8580612,34.7288723]},"properties":{"z":80.3}},{"type":"Feature","geometry":{"type":"Point","coordinates":[135.8580754,34.7289157]},"properties":{"z":80.3}},{"type":"Feature","geometry":{"type":"Point","coordinates":[135.8580895,34.7289591]},"properties":{"z":80.5}},{"type":"Feature","geometry":{"type":"Point","coordinates":[135.8581022,34.7290029]},"properties":{"z":80.6}},{"type":"Feature","geometry":{"type":"Point","coordinates":[135.8581148,34.7290466]},"properties":{"z":80.6}},{"type":"Feature","geometry":{"type":"Point","coordinates":[135.8581289,34.72909]},"properties":{"z":80.7}},{"type":"Feature","geometry":{"type":"Point","coordinates":[135.8581435,34.7291333]},"properties":{"z":80.4}},{"type":"Feature","geometry":{"type":"Point","coordinates":[135.8581574,34.7291768]},"properties":{"z":80.4}},{"type":"Feature","geometry":{"type":"Point","coordinates":[135.8581692,34.7292207]},"properties":{"z":80.6}},{"type":"Feature","geometry":{"type":"Point","coordinates":[135.8581811,34.7292646]},"properties":{"z":80.6}},{"type":"Feature","geometry":{"type":"Point","coordinates":[135.8581977,34.7293073]},"properties":{"z":80.7}},{"type":"Feature","geometry":{"type":"Point","coordinates":[135.8582163,34.7293496]},"properties":{"z":80.8}},{"type":"Feature","geometry":{"type":"Point","coordinates":[135.8582345,34.729392]},"properties":{"z":80.5}},{"type":"Feature","geometry":{"type":"Point","coordinates":[135.8582496,34.7294352]},"properties":{"z":80.7}},{"type":"Feature","geometry":{"type":"Point","coordinates":[135.8582648,34.7294784]},"properties":{"z":80.7}},{"type":"Feature","geometry":{"type":"Point","coordinates":[135.8582805,34.7295214]},"properties":{"z":80.9}},{"type":"Feature","geometry":{"type":"Point","coordinates":[135.8582965,34.7295644]},"properties":{"z":81.2}},{"type":"Feature","geometry":{"type":"Point","coordinates":[135.8583125,34.7296074]},"properties":{"z":80.8}},{"type":"Feature","geometry":{"type":"Point","coordinates":[135.8583358,34.7296481]},"properties":{"z":81.0}},{"type":"Feature","geometry":{"type":"Point","coordinates":[135.8583591,34.7296887]},"properties":{"z":81.0}},{"type":"Feature","geometry":{"type":"Point","coordinates":[135.8583819,34.7297296]},"properties":{"z":81.2}},{"type":"Feature","geometry":{"type":"Point","coordinates":[135.8584032,34.729771]},"properties":{"z":81.0}},{"type":"Feature","geometry":{"type":"Point","coordinates":[135.8584245,34.7298124]},"properties":{"z":81.0}},{"type":"Feature","geometry":{"type":"Point","coordinates":[135.858448,34.7298529]},"properties":{"z":81.1}},{"type":"Feature","geometry":{"type":"Point","coordinates":[135.8584753,34.7298918]},"properties":{"z":81.1}},{"type":"Feature","geometry":{"type":"Point","coordinates":[135.8585026,34.7299308]},"properties":{"z":81.0}},{"type":"Feature","geometry":{"type":"Point","coordinates":[135.8585304,34.7299695]},"properties":{"z":81.0}},{"type":"Feature","geometry":{"type":"Point","coordinates":[135.8585589,34.7300079]},"properties":{"z":81.0}},{"type":"Feature","geometry":{"type":"Point","coordinates":[135.8585873,34.7300463]},"properties":{"z":80.9}},{"type":"Feature","geometry":{"type":"Point","coordinates":[135.8586162,34.7300844]},"properties":{"z":80.9}},{"type":"Feature","geometry":{"type":"Point","coordinates":[135.8586457,34.7301223]},"properties":{"z":81.0}},{"type":"Feature","geometry":{"type":"Point","coordinates":[135.8586751,34.7301602]},"properties":{"z":80.7}},{"type":"Feature","geometry":{"type":"Point","coordinates":[135.8587055,34.7301975]},"properties":{"z":80.7}},{"type":"Feature","geometry":{"type":"Point","coordinates":[135.858737,34.7302343]},"properties":{"z":80.5}},{"type":"Feature","geometry":{"type":"Point","coordinates":[135.8587685,34.7302711]},"properties":{"z":80.6}},{"type":"Feature","geometry":{"type":"Point","coordinates":[135.8587956,34.7303101]},"properties":{"z":80.6}},{"type":"Feature","geometry":{"type":"Point","coordinates":[135.8588244,34.7303482]},"properties":{"z":80.3}},{"type":"Feature","geometry":{"type":"Point","coordinates":[135.8588581,34.7303836]},"properties":{"z":80.3}},{"type":"Feature","geometry":{"type":"Point","coordinates":[135.8588942,34.7304174]},"properties":{"z":80.3}},{"type":"Feature","geometry":{"type":"Point","coordinates":[135.8589323,34.7304496]},"properties":{"z":80.2}},{"type":"Feature","geometry":{"type":"Point","coordinates":[135.858972,34.7304805]},"properties":{"z":80.3}},{"type":"Feature","geometry":{"type":"Point","coordinates":[135.8590124,34.7305108]},"properties":{"z":80.1}},{"type":"Feature","geometry":{"type":"Point","coordinates":[135.8590534,34.7305406]},"properties":{"z":80.1}},{"type":"Feature","geometry":{"type":"Point","coordinates":[135.859095,34.7305697]},"properties":{"z":79.8}},{"type":"Feature","geometry":{"type":"Point","coordinates":[135.8591365,34.730599]},"properties":{"z":79.8}},{"type":"Feature","geometry":{"type":"Point","coordinates":[135.8591745,34.7306313]},"properties":{"z":79.4}},{"type":"Feature","geometry":{"type":"Point","coordinates":[135.8592122,34.7306638]},"properties":{"z":79.4}},{"type":"Feature","geometry":{"type":"Point","coordinates":[135.8592495,34.7306967]},"properties":{"z":79.8}},{"type":"Feature","geometry":{"type":"Point","coordinates":[135.8592865,34.7307299]},"properties":{"z":79.0}},{"type":"Feature","geometry":{"type":"Point","coordinates":[135.859323,34.7307633]},"properties":{"z":78.9}},{"type":"Feature","geometry":{"type":"Point","coordinates":[135.859359,34.7307972]},"properties":{"z":77.4}},{"type":"Feature","geometry":{"type":"Point","coordinates":[135.8593942,34.7308315]},"properties":{"z":78.1}},{"type":"Feature","geometry":{"type":"Point","coordinates":[135.85943,34.7308656]},"properties":{"z":77.3}},{"type":"Feature","geometry":{"type":"Point","coordinates":[135.8594662,34.7308993]},"properties":{"z":77.7}},{"type":"Feature","geometry":{"type":"Point","coordinates":[135.8595036,34.7309321]},"properties":{"z":77.7}},{"type":"Feature","geometry":{"type":"Point","coordinates":[135.8595415,34.7309645]},"properties":{"z":77.3}},{"type":"Feature","geometry":{"type":"Point","coordinates":[135.8595799,34.7309964]},"properties":{"z":77.3}},{"type":"Feature","geometry":{"type":"Point","coordinates":[135.8596181,34.7310286]},"properties":{"z":76.5}},{"type":"Feature","geometry":{"type":"Point","coordinates":[135.8596515,34.7310642]},"properties":{"z":77.1}},{"type":"Feature","geometry":{"type":"Point","coordinates":[135.8596895,34.731093]},"properties":{"z":76.3}},{"type":"Feature","geometry":{"type":"Point","coordinates":[135.8597439,34.7310974]},"properties":{"z":76.3}},{"type":"Feature","geometry":{"type":"Point","coordinates":[135.8597938,34.731081]},"properties":{"z":76.0}},{"type":"Feature","geometry":{"type":"Point","coordinates":[135.8598437,34.7310634]},"properties":{"z":76.0}},{"type":"Feature","geometry":{"type":"Point","coordinates":[135.8598978,34.7310571]},"properties":{"z":75.8}},{"type":"Feature","geometry":{"type":"Point","coordinates":[135.8599521,34.7310526]},"properties":{"z":75.7}},{"type":"Feature","geometry":{"type":"Point","coordinates":[135.8600068,34.7310526]},"properties":{"z":75.7}},{"type":"Feature","geometry":{"type":"Point","coordinates":[135.8600615,34.7310528]},"properties":{"z":75.8}},{"type":"Feature","geometry":{"type":"Point","coordinates":[135.8601162,34.731054]},"properties":{"z":75.8}},{"type":"Feature","geometry":{"type":"Point","coordinates":[135.8601708,34.7310539]},"properties":{"z":75.8}},{"type":"Feature","geometry":{"type":"Point","coordinates":[135.8601911,34.7310458]},"properties":{"z":75.8}},{"type":"Feature","geometry":{"type":"Point","coordinates":[135.8601365,34.7310484]},"properties":{"z":75.8}},{"type":"Feature","geometry":{"type":"Point","coordinates":[135.8600819,34.7310483]},"properties":{"z":75.8}},{"type":"Feature","geometry":{"type":"Point","coordinates":[135.8600273,34.7310456]},"properties":{"z":75.8}},{"type":"Feature","geometry":{"type":"Point","coordinates":[135.8599726,34.7310439]},"properties":{"z":75.7}},{"type":"Feature","geometry":{"type":"Point","coordinates":[135.8599182,34.7310476]},"properties":{"z":75.8}},{"type":"Feature","geometry":{"type":"Point","coordinates":[135.8598637,34.7310516]},"properties":{"z":75.8}},{"type":"Feature","geometry":{"type":"Point","coordinates":[135.8598118,34.7310652]},"properties":{"z":76.0}},{"type":"Feature","geometry":{"type":"Point","coordinates":[135.8597614,34.7310824]},"properties":{"z":76.3}},{"type":"Feature","geometry":{"type":"Point","coordinates":[135.8597149,34.7310994]},"properties":{"z":76.3}},{"type":"Feature","geometry":{"type":"Point","coordinates":[135.8597219,34.7311388]},"properties":{"z":77.0}},{"type":"Feature","geometry":{"type":"Point","coordinates":[135.8597476,34.7311783]},"properties":{"z":77.7}},{"type":"Feature","geometry":{"type":"Point","coordinates":[135.8597653,34.7312207]},"properties":{"z":77.7}},{"type":"Feature","geometry":{"type":"Point","coordinates":[135.8597899,34.7312609]},"properties":{"z":77.8}},{"type":"Feature","geometry":{"type":"Point","coordinates":[135.8598135,34.7313014]},"properties":{"z":77.8}},{"type":"Feature","geometry":{"type":"Point","coordinates":[135.8598356,34.7313425]},"properties":{"z":77.7}},{"type":"Feature","geometry":{"type":"Point","coordinates":[135.859854,34.7313849]},"properties":{"z":77.4}},{"type":"Feature","geometry":{"type":"Point","coordinates":[135.8598733,34.7314269]},"properties":{"z":77.3}},{"type":"Feature","geometry":{"type":"Point","coordinates":[135.8598934,34.7314687]},"properties":{"z":76.9}},{"type":"Feature","geometry":{"type":"Point","coordinates":[135.8599135,34.7315105]},"properties":{"z":76.9}},{"type":"Feature","geometry":{"type":"Point","coordinates":[135.8599341,34.7315521]},"properties":{"z":76.5}},{"type":"Feature","geometry":{"type":"Point","coordinates":[135.8599586,34.7315923]},"properties":{"z":76.3}},{"type":"Feature","geometry":{"type":"Point","coordinates":[135.8599795,34.7316338]},"properties":{"z":75.9}},{"type":"Feature","geometry":{"type":"Point","coordinates":[135.8600013,34.7316751]},"properties":{"z":75.7}},{"type":"Feature","geometry":{"type":"Point","coordinates":[135.8600215,34.7317168]},"properties":{"z":75.7}},{"type":"Feature","geometry":{"type":"Point","coordinates":[135.8600412,34.7317587]},"properties":{"z":75.0}},{"type":"Feature","geometry":{"type":"Point","coordinates":[135.8600596,34.7318011]},"properties":{"z":75.0}},{"type":"Feature","geometry":{"type":"Point","coordinates":[135.8600784,34.7318433]},"properties":{"z":74.7}},{"type":"Feature","geometry":{"type":"Point","coordinates":[135.860099,34.7318849]},"properties":{"z":74.6}},{"type":"Feature","geometry":{"type":"Point","coordinates":[135.8601225,34.7319255]},"properties":{"z":74.0}},{"type":"Feature","geometry":{"type":"Point","coordinates":[135.8601466,34.7319658]},"properties":{"z":74.1}},{"type":"Feature","geometry":{"type":"Point","coordinates":[135.8601714,34.7320059]},"properties":{"z":74.1}},{"type":"Feature","geometry":{"type":"Point","coordinates":[135.8601936,34.732047]},"properties":{"z":74.4}},{"type":"Feature","geometry":{"type":"Point","coordinates":[135.8602146,34.7320885]},"properties":{"z":73.9}},{"type":"Feature","geometry":{"type":"Point","coordinates":[135.8602346,34.7321303]},"properties":{"z":74.1}},{"type":"Feature","geometry":{"type":"Point","coordinates":[135.8602557,34.7321718]},"properties":{"z":74.3}},{"type":"Feature","geometry":{"type":"Point","coordinates":[135.8602772,34.7322131]},"properties":{"z":74.3}},{"type":"Feature","geometry":{"type":"Point","coordinates":[135.8603017,34.7322533]},"properties":{"z":73.8}},{"type":"Feature","geometry":{"type":"Point","coordinates":[135.860326,34.7322936]},"properties":{"z":73.8}},{"type":"Feature","geometry":{"type":"Point","coordinates":[135.8603494,34.7323342]},"properties":{"z":74.0}},{"type":"Feature","geometry":{"type":"Point","coordinates":[135.8603727,34.7323749]},"properties":{"z":73.5}},{"type":"Feature","geometry":{"type":"Point","coordinates":[135.8603947,34.732416]},"properties":{"z":73.5}},{"type":"Feature","geometry":{"type":"Point","coordinates":[135.8604167,34.7324572]},"properties":{"z":73.6}},{"type":"Feature","geometry":{"type":"Point","coordinates":[135.8604381,34.7324986]},"properties":{"z":73.6}},{"type":"Feature","geometry":{"type":"Point","coordinates":[135.8604594,34.73254]},"properties":{"z":73.1}},{"type":"Feature","geometry":{"type":"Point","coordinates":[135.8604793,34.7325818]},"properties":{"z":73.1}},{"type":"Feature","geometry":{"type":"Point","coordinates":[135.8604994,34.7326237]},"properties":{"z":73.2}},{"type":"Feature","geometry":{"type":"Point","coordinates":[135.8605199,34.7326653]},"properties":{"z":73.3}},{"type":"Feature","geometry":{"type":"Point","coordinates":[135.8605405,34.732707]},"properties":{"z":72.6}},{"type":"Feature","geometry":{"type":"Point","coordinates":[135.8605598,34.732749]},"properties":{"z":72.8}},{"type":"Feature","geometry":{"type":"Point","coordinates":[135.8605792,34.7327911]},"properties":{"z":72.8}},{"type":"Feature","geometry":{"type":"Point","coordinates":[135.8605984,34.7328331]},"properties":{"z":72.9}},{"type":"Feature","geometry":{"type":"Point","coordinates":[135.8606177,34.7328752]},"properties":{"z":73.0}},{"type":"Feature","geometry":{"type":"Point","coordinates":[135.8606375,34.7329171]},"properties":{"z":72.6}},{"type":"Feature","geometry":{"type":"Point","coordinates":[135.8606574,34.732959]},"properties":{"z":72.7}},{"type":"Feature","geometry":{"type":"Point","coordinates":[135.8606756,34.7330014]},"properties":{"z":72.7}},{"type":"Feature","geometry":{"type":"Point","coordinates":[135.8606935,34.7330439]},"properties":{"z":72.7}},{"type":"Feature","geometry":{"type":"Point","coordinates":[135.8607092,34.7330869]},"properties":{"z":72.9}},{"type":"Feature","geometry":{"type":"Point","coordinates":[135.8607238,34.7331302]},"properties":{"z":72.6}},{"type":"Feature","geometry":{"type":"Point","coordinates":[135.8607361,34.733174]},"properties":{"z":72.8}},{"type":"Feature","geometry":{"type":"Point","coordinates":[135.8607469,34.733218]},"properties":{"z":72.8}},{"type":"Feature","geometry":{"type":"Point","coordinates":[135.8607608,34.7332615]},"properties":{"z":72.9}},{"type":"Feature","geometry":{"type":"Point","coordinates":[135.8607768,34.7333045]},"properties":{"z":72.9}},{"type":"Feature","geometry":{"type":"Point","coordinates":[135.860794,34.7333471]},"properties":{"z":72.9}},{"type":"Feature","geometry":{"type":"Point","coordinates":[135.8608122,34.7333895]},"properties":{"z":72.6}},{"type":"Feature","geometry":{"type":"Point","coordinates":[135.8608305,34.7334319]},"properties":{"z":72.7}},{"type":"Feature","geometry":{"type":"Point","coordinates":[135.860849,34.7334742]},"properties":{"z":72.7}},{"type":"Feature","geometry":{"type":"Point","coordinates":[135.8608684,34.7335162]},"properties":{"z":72.7}},{"type":"Feature","geometry":{"type":"Point","coordinates":[135.8608887,34.7335579]},"properties":{"z":72.3}},{"type":"Feature","geometry":{"type":"Point","coordinates":[135.8609086,34.7335998]},"properties":{"z":72.4}},{"type":"Feature","geometry":{"type":"Point","coordinates":[135.8609282,34.7336418]},"properties":{"z":72.4}},{"type":"Feature","geometry":{"type":"Point","coordinates":[135.8609483,34.7336836]},"properties":{"z":72.4}},{"type":"Feature","geometry":{"type":"Point","coordinates":[135.8609673,34.7337257]},"properties":{"z":72.5}},{"type":"Feature","geometry":{"type":"Point","coordinates":[135.8609837,34.7337686]},"properties":{"z":72.1}},{"type":"Feature","geometry":{"type":"Point","coordinates":[135.8610036,34.7338104]},"properties":{"z":72.2}},{"type":"Feature","geometry":{"type":"Point","coordinates":[135.8610254,34.7338516]},"properties":{"z":72.2}},{"type":"Feature","geometry":{"type":"Point","coordinates":[135.8610448,34.7338936]},"properties":{"z":72.1}},{"type":"Feature","geometry":{"type":"Point","coordinates":[135.8610655,34.7339352]},"properties":{"z":71.9}},{"type":"Feature","geometry":{"type":"Point","coordinates":[135.8610884,34.7339761]},"properties":{"z":71.9}},{"type":"Feature","geometry":{"type":"Point","coordinates":[135.8611148,34.7339934]},"properties":{"z":71.9}},{"type":"Feature","geometry":{"type":"Point","coordinates":[135.8611384,34.7339606]},"properties":{"z":71.9}},{"type":"Feature","geometry":{"type":"Point","coordinates":[135.8611904,34.7339469]},"properties":{"z":71.8}},{"type":"Feature","geometry":{"type":"Point","coordinates":[135.8612437,34.7339368]},"properties":{"z":71.6}},{"type":"Feature","geometry":{"type":"Point","coordinates":[135.8612978,34.7339302]},"properties":{"z":71.6}},{"type":"Feature","geometry":{"type":"Point","coordinates":[135.8613522,34.7339259]},"properties":{"z":71.5}},{"type":"Feature","geometry":{"type":"Point","coordinates":[135.8614069,34.7339254]},"properties":{"z":71.3}},{"type":"Feature","geometry":{"type":"Point","coordinates":[135.8614616,34.733926]},"properties":{"z":71.3}},{"type":"Feature","geometry":{"type":"Point","coordinates":[135.8615163,34.7339254]},"properties":{"z":71.1}},{"type":"Feature","geometry":{"type":"Point","coordinates":[135.8615684,34.7339146]},"properties":{"z":70.9}},{"type":"Feature","geometry":{"type":"Point","coordinates":[135.8616221,34.7339105]},"properties":{"z":70.8}},{"type":"Feature","geometry":{"type":"Point","coordinates":[135.8616767,34.7339129]},"properties":{"z":70.6}},{"type":"Feature","geometry":{"type":"Point","coordinates":[135.8617312,34.7339168]},"properties":{"z":70.6}},{"type":"Feature","geometry":{"type":"Point","coordinates":[135.8617852,34.7339234]},"properties":{"z":70.4}},{"type":"Feature","geometry":{"type":"Point","coordinates":[135.8618389,34.7339318]},"properties":{"z":70.5}},{"type":"Feature","geometry":{"type":"Point","coordinates":[135.8618933,34.7339364]},"properties":{"z":70.5}},{"type":"Feature","geometry":{"type":"Point","coordinates":[135.8619477,34.7339416]},"properties":{"z":70.4}},{"type":"Feature","geometry":{"type":"Point","coordinates":[135.8620019,34.7339474]},"properties":{"z":70.2}},{"type":"Feature","geometry":{"type":"Point","coordinates":[135.8620539,34.7339611]},"properties":{"z":70.2}},{"type":"Feature","geometry":{"type":"Point","coordinates":[135.862103,34.7339802]},"properties":{"z":70.0}},{"type":"Feature","geometry":{"type":"Point","coordinates":[135.8621462,34.7340067]},"properties":{"z":70.1}},{"type":"Feature","geometry":{"type":"Point","coordinates":[135.8621781,34.7340432]},"properties":{"z":69.4}},{"type":"Feature","geometry":{"type":"Point","coordinates":[135.8622215,34.7340703]},"properties":{"z":69.7}},{"type":"Feature","geometry":{"type":"Point","coordinates":[135.8622711,34.7340866]},"properties":{"z":69.1}},{"type":"Feature","geometry":{"type":"Point","coordinates":[135.8623249,34.7340945]},"properties":{"z":69.1}},{"type":"Feature","geometry":{"type":"Point","coordinates":[135.8623796,34.7340952]},"properties":{"z":68.2}},{"type":"Feature","geometry":{"type":"Point","coordinates":[135.8624342,34.734097]},"properties":{"z":67.2}},{"type":"Feature","geometry":{"type":"Point","coordinates":[135.8624888,34.7341002]},"properties":{"z":67.2}},{"type":"Feature","geometry":{"type":"Point","coordinates":[135.8625431,34.7341052]},"properties":{"z":66.2}},{"type":"Feature","geometry":{"type":"Point","coordinates":[135.8625976,34.7341095]},"properties":{"z":66.2}},{"type":"Feature","geometry":{"type":"Point","coordinates":[135.8626521,34.7341132]},"properties":{"z":65.1}},{"type":"Feature","geometry":{"type":"Point","coordinates":[135.862706,34.7341206]},"properties":{"z":64.1}},{"type":"Feature","geometry":{"type":"Point","coordinates":[135.8627602,34.7341259]},"properties":{"z":64.1}},{"type":"Feature","geometry":{"type":"Point","coordinates":[135.8628149,34.7341255]},"properties":{"z":63.2}},{"type":"Feature","geometry":{"type":"Point","coordinates":[135.8628696,34.734125]},"properties":{"z":62.1}},{"type":"Feature","geometry":{"type":"Point","coordinates":[135.8629242,34.7341241]},"properties":{"z":62.1}},{"type":"Feature","geometry":{"type":"Point","coordinates":[135.8629789,34.7341232]},"properties":{"z":61.2}},{"type":"Feature","geometry":{"type":"Point","coordinates":[135.8630334,34.7341271]},"properties":{"z":60.8}},{"type":"Feature","geometry":{"type":"Point","coordinates":[135.8630878,34.7341319]},"properties":{"z":60.8}},{"type":"Feature","geometry":{"type":"Point","coordinates":[135.8631421,34.7341372]},"properties":{"z":61.7}},{"type":"Feature","geometry":{"type":"Point","coordinates":[135.8631964,34.7341426]},"properties":{"z":61.7}},{"type":"Feature","geometry":{"type":"Point","coordinates":[135.8632502,34.7341504]},"properties":{"z":61.5}},{"type":"Feature","geometry":{"type":"Point","coordinates":[135.8633038,34.7341593]},"properties":{"z":61.1}},{"type":"Feature","geometry":{"type":"Point","coordinates":[135.8633582,34.7341639]},"properties":{"z":61.1}},{"type":"Feature","geometry":{"type":"Point","coordinates":[135.8634124,34.7341692]},"properties":{"z":60.6}},{"type":"Feature","geometry":{"type":"Point","coordinates":[135.8634657,34.7341794]},"properties":{"z":59.8}},{"type":"Feature","geometry":{"type":"Point","coordinates":[135.8635169,34.7341941]},"properties":{"z":59.8}},{"type":"Feature","geometry":{"type":"Point","coordinates":[135.8635651,34.7342153]},"properties":{"z":59.8}},{"type":"Feature","geometry":{"type":"Point","coordinates":[135.8636115,34.734239]},"properties":{"z":59.8}},{"type":"Feature","geometry":{"type":"Point","coordinates":[135.8636583,34.7342611]},"properties":{"z":59.2}},{"type":"Feature","geometry":{"type":"Point","coordinates":[135.8637089,34.7342513]},"properties":{"z":59.2}},{"type":"Feature","geometry":{"type":"Point","coordinates":[135.8637431,34.7342186]},"properties":{"z":59.0}},{"type":"Feature","geometry":{"type":"Point","coordinates":[135.8637825,34.7341981]},"properties":{"z":58.0}},{"type":"Feature","geometry":{"type":"Point","coordinates":[135.863819,34.7341646]},"properties":{"z":57.6}},{"type":"Feature","geometry":{"type":"Point","coordinates":[135.8638358,34.7341225]},"properties":{"z":56.9}},{"type":"Feature","geometry":{"type":"Point","coordinates":[135.8638446,34.7340784]},"properties":{"z":56.9}},{"type":"Feature","geometry":{"type":"Point","coordinates":[135.8638481,34.7340335]},"properties":{"z":56.3}},{"type":"Feature","geometry":{"type":"Point","coordinates":[135.8638537,34.7339888]},"properties":{"z":55.9}},{"type":"Feature","geometry":{"type":"Point","coordinates":[135.8638569,34.7339439]},"properties":{"z":55.9}},{"type":"Feature","geometry":{"type":"Point","coordinates":[135.8638575,34.733899]},"properties":{"z":56.0}},{"type":"Feature","geometry":{"type":"Point","coordinates":[135.8638571,34.733854]},"properties":{"z":56.0}},{"type":"Feature","geometry":{"type":"Point","coordinates":[135.8638562,34.7338091]},"properties":{"z":56.4}},{"type":"Feature","geometry":{"type":"Point","coordinates":[135.8638548,34.7337642]},"properties":{"z":56.6}},{"type":"Feature","geometry":{"type":"Point","coordinates":[135.863852,34.7337193]},"properties":{"z":56.6}},{"type":"Feature","geometry":{"type":"Point","coordinates":[135.8638501,34.7336744]},"properties":{"z":56.7}},{"type":"Feature","geometry":{"type":"Point","coordinates":[135.8638496,34.7336294]},"properties":{"z":56.7}},{"type":"Feature","geometry":{"type":"Point","coordinates":[135.8638473,34.7335845]},"properties":{"z":56.7}},{"type":"Feature","geometry":{"type":"Point","coordinates":[135.8638441,34.7335396]},"properties":{"z":56.7}},{"type":"Feature","geometry":{"type":"Point","coordinates":[135.8638409,34.7334948]},"properties":{"z":56.7}},{"type":"Feature","geometry":{"type":"Point","coordinates":[135.8638382,34.7334499]},"properties":{"z":56.7}},{"type":"Feature","geometry":{"type":"Point","coordinates":[135.8638366,34.7334049]},"properties":{"z":56.7}},{"type":"Feature","geometry":{"type":"Point","coordinates":[135.8638338,34.73336]},"properties":{"z":56.7}},{"type":"Feature","geometry":{"type":"Point","coordinates":[135.8638305,34.7333152]},"properties":{"z":56.7}},{"type":"Feature","geometry":{"type":"Point","coordinates":[135.8638262,34.7332704]},"properties":{"z":56.7}},{"type":"Feature","geometry":{"type":"Point","coordinates":[135.8638215,34.7332256]},"properties":{"z":56.7}},{"type":"Feature","geometry":{"type":"Point","coordinates":[135.8638163,34.7331808]},"properties":{"z":56.7}},{"type":"Feature","geometry":{"type":"Point","coordinates":[135.8638098,34.7331362]},"properties":{"z":56.7}},{"type":"Feature","geometry":{"type":"Point","coordinates":[135.8638028,34.7330916]},"properties":{"z":56.7}},{"type":"Feature","geometry":{"type":"Point","coordinates":[135.8638072,34.7330468]},"properties":{"z":56.7}},{"type":"Feature","geometry":{"type":"Point","coordinates":[135.863811,34.733002]},"properties":{"z":56.8}},{"type":"Feature","geometry":{"type":"Point","coordinates":[135.8638131,34.7329571]},"properties":{"z":56.8}},{"type":"Feature","geometry":{"type":"Point","coordinates":[135.863813,34.7329122]},"properties":{"z":56.7}},{"type":"Feature","geometry":{"type":"Point","coordinates":[135.8638111,34.7328672]},"properties":{"z":56.7}},{"type":"Feature","geometry":{"type":"Point","coordinates":[135.8638066,34.7328224]},"properties":{"z":56.7}},{"type":"Feature","geometry":{"type":"Point","coordinates":[135.8638022,34.7327776]},"properties":{"z":56.6}},{"type":"Feature","geometry":{"type":"Point","coordinates":[135.863799,34.7327328]},"properties":{"z":57.7}},{"type":"Feature","geometry":{"type":"Point","coordinates":[135.8637967,34.7326879]},"properties":{"z":57.7}},{"type":"Feature","geometry":{"type":"Point","coordinates":[135.8637957,34.7326429]},"properties":{"z":57.7}},{"type":"Feature","geometry":{"type":"Point","coordinates":[135.8637965,34.732598]},"properties":{"z":57.7}},{"type":"Feature","geometry":{"type":"Point","coordinates":[135.8637909,34.7325533]},"properties":{"z":57.9}},{"type":"Feature","geometry":{"type":"Point","coordinates":[135.8637828,34.7325088]},"properties":{"z":58.1}},{"type":"Feature","geometry":{"type":"Point","coordinates":[135.8637734,34.7324646]},"properties":{"z":58.1}},{"type":"Feature","geometry":{"type":"Point","coordinates":[135.8637674,34.7324199]},"properties":{"z":58.3}},{"type":"Feature","geometry":{"type":"Point","coordinates":[135.8637535,34.7323767]},"properties":{"z":58.3}},{"type":"Feature","geometry":{"type":"Point","coordinates":[135.8637343,34.7323346]},"properties":{"z":58.4}},{"type":"Feature","geometry":{"type":"Point","coordinates":[135.8637118,34.7322937]},"properties":{"z":58.8}},{"type":"Feature","geometry":{"type":"Point","coordinates":[135.8636849,34.7322546]},"properties":{"z":58.8}},{"type":"Feature","geometry":{"type":"Point","coordinates":[135.8636556,34.7322167]},"properties":{"z":58.4}},{"type":"Feature","geometry":{"type":"Point","coordinates":[135.8636261,34.7321788]},"properties":{"z":58.9}},{"type":"Feature","geometry":{"type":"Point","coordinates":[135.8636093,34.7321371]},"properties":{"z":58.5}},{"type":"Feature","geometry":{"type":"Point","coordinates":[135.8636019,34.7320926]},"properties":{"z":58.5}},{"type":"Feature","geometry":{"type":"Point","coordinates":[135.8636192,34.7320505]},"properties":{"z":58.1}},{"type":"Feature","geometry":{"type":"Point","coordinates":[135.8636396,34.7320088]},"properties":{"z":57.4}},{"type":"Feature","geometry":{"type":"Point","coordinates":[135.8636707,34.731972]},"properties":{"z":57.4}},{"type":"Feature","geometry":{"type":"Point","coordinates":[135.8637031,34.7319358]},"properties":{"z":57.0}},{"type":"Feature","geometry":{"type":"Point","coordinates":[135.8637175,34.7318936]},"properties":{"z":56.6}},{"type":"Feature","geometry":{"type":"Point","coordinates":[135.863725,34.7318491]},"properties":{"z":56.3}},{"type":"Feature","geometry":{"type":"Point","coordinates":[135.8637306,34.7318044]},"properties":{"z":55.9}},{"type":"Feature","geometry":{"type":"Point","coordinates":[135.8637332,34.7317595]},"properties":{"z":55.9}},{"type":"Feature","geometry":{"type":"Point","coordinates":[135.8637356,34.7317146]},"properties":{"z":55.8}},{"type":"Feature","geometry":{"type":"Point","coordinates":[135.8637374,34.7316697]},"properties":{"z":55.8}},{"type":"Feature","geometry":{"type":"Point","coordinates":[135.8637396,34.7316248]},"properties":{"z":56.1}},{"type":"Feature","geometry":{"type":"Point","coordinates":[135.8637432,34.7315799]},"properties":{"z":56.5}},{"type":"Feature","geometry":{"type":"Point","coordinates":[135.8637464,34.731535]},"properties":{"z":56.5}},{"type":"Feature","geometry":{"type":"Point","coordinates":[135.8637485,34.7314901]},"properties":{"z":57.0}},{"type":"Feature","geometry":{"type":"Point","coordinates":[135.8637474,34.7314452]},"properties":{"z":57.7}},{"type":"Feature","geometry":{"type":"Point","coordinates":[135.8637518,34.7314004]},"properties":{"z":57.7}},{"type":"Feature","geometry":{"type":"Point","coordinates":[135.8637575,34.7313557]},"properties":{"z":58.3}},{"type":"Feature","geometry":{"type":"Point","coordinates":[135.8637642,34.7313111]},"properties":{"z":58.9}},{"type":"Feature","geometry":{"type":"Point","coordinates":[135.8637756,34.7312672]},"properties":{"z":58.9}},{"type":"Feature","geometry":{"type":"Point","coordinates":[135.863786,34.731223]},"properties":{"z":59.5}},{"type":"Feature","geometry":{"type":"Point","coordinates":[135.8637978,34.7311791]},"properties":{"z":59.5}},{"type":"Feature","geometry":{"type":"Point","coordinates":[135.8638108,34.7311355]},"properties":{"z":60.2}},{"type":"Feature","geometry":{"type":"Point","coordinates":[135.8638244,34.7310919]},"properties":{"z":61.1}},{"type":"Feature","geometry":{"type":"Point","coordinates":[135.8638382,34.7310485]},"properties":{"z":61.1}},{"type":"Feature","geometry":{"type":"Point","coordinates":[135.8638514,34.7310048]},"properties":{"z":61.7}},{"type":"Feature","geometry":{"type":"Point","coordinates":[135.8638632,34.7309609]},"properties":{"z":62.2}},{"type":"Feature","geometry":{"type":"Point","coordinates":[135.8638738,34.7309168]},"properties":{"z":62.2}},{"type":"Feature","geometry":{"type":"Point","coordinates":[135.8638847,34.7308728]},"properties":{"z":62.7}},{"type":"Feature","geometry":{"type":"Point","coordinates":[135.8638952,34.7308287]},"properties":{"z":61.8}},{"type":"Feature","geometry":{"type":"Point","coordinates":[135.8639006,34.7307841]},"properties":{"z":62.3}},{"type":"Feature","geometry":{"type":"Point","coordinates":[135.8639003,34.7307391]},"properties":{"z":62.7}},{"type":"Feature","geometry":{"type":"Point","coordinates":[135.8639021,34.7306943]},"properties":{"z":62.7}},{"type":"Feature","geometry":{"type":"Point","coordinates":[135.8639063,34.7306494]},"properties":{"z":63.0}},{"type":"Feature","geometry":{"type":"Point","coordinates":[135.8639085,34.7306045]},"properties":{"z":63.4}},{"type":"Feature","geometry":{"type":"Point","coordinates":[135.8639141,34.7305599]},"properties":{"z":63.4}},{"type":"Feature","geometry":{"type":"Point","coordinates":[135.8639103,34.7305155]},"properties":{"z":63.8}},{"type":"Feature","geometry":{"type":"Point","coordinates":[135.8639053,34.7304707]},"properties":{"z":63.8}},{"type":"Feature","geometry":{"type":"Point","coordinates":[135.863893,34.7304272]},"properties":{"z":63.8}},{"type":"Feature","geometry":{"type":"Point","coordinates":[135.8638736,34.7303852]},"properties":{"z":65.3}},{"type":"Feature","geometry":{"type":"Point","coordinates":[135.863858,34.7303422]},"properties":{"z":65.3}},{"type":"Feature","geometry":{"type":"Point","coordinates":[135.863842,34.7302992]},"properties":{"z":65.6}},{"type":"Feature","geometry":{"type":"Point","coordinates":[135.8638246,34.7302566]},"properties":{"z":65.6}},{"type":"Feature","geometry":{"type":"Point","coordinates":[135.8638031,34.7302153]},"properties":{"z":65.9}},{"type":"Feature","geometry":{"type":"Point","coordinates":[135.8637799,34.7301746]},"properties":{"z":67.2}},{"type":"Feature","geometry":{"type":"Point","coordinates":[135.86376,34.7301328]},"properties":{"z":67.2}},{"type":"Feature","geometry":{"type":"Point","coordinates":[135.8637447,34.7300897]},"properties":{"z":67.0}},{"type":"Feature","geometry":{"type":"Point","coordinates":[135.863734,34.7300457]},"properties":{"z":67.0}},{"type":"Feature","geometry":{"type":"Point","coordinates":[135.8637298,34.7300009]},"properties":{"z":67.0}},{"type":"Feature","geometry":{"type":"Point","coordinates":[135.863731,34.729956]},"properties":{"z":67.0}},{"type":"Feature","geometry":{"type":"Point","coordinates":[135.8637322,34.729911]},"properties":{"z":67.0}},{"type":"Feature","geometry":{"type":"Point","coordinates":[135.8637363,34.7298662]},"properties":{"z":67.1}},{"type":"Feature","geometry":{"type":"Point","coordinates":[135.8637442,34.7298218]},"properties":{"z":67.0}},{"type":"Feature","geometry":{"type":"Point","coordinates":[135.8637554,34.7297778]},"properties":{"z":67.0}},{"type":"Feature","geometry":{"type":"Point","coordinates":[135.863768,34.7297341]},"properties":{"z":66.7}},{"type":"Feature","geometry":{"type":"Point","coordinates":[135.8637769,34.7296897]},"properties":{"z":66.5}},{"type":"Feature","geometry":{"type":"Point","coordinates":[135.8637865,34.7296455]},"properties":{"z":66.5}},{"type":"Feature","geometry":{"type":"Point","coordinates":[135.8637947,34.729601]},"properties":{"z":66.3}},{"type":"Feature","geometry":{"type":"Point","coordinates":[135.8638015,34.7295564]},"properties":{"z":65.9}},{"type":"Feature","geometry":{"type":"Point","coordinates":[135.8638082,34.7295118]},"properties":{"z":65.9}},{"type":"Feature","geometry":{"type":"Point","coordinates":[135.8638152,34.7294672]},"properties":{"z":66.3}},{"type":"Feature","geometry":{"type":"Point","coordinates":[135.8638176,34.7294223]},"properties":{"z":66.3}},{"type":"Feature","geometry":{"type":"Point","coordinates":[135.8638159,34.7293774]},"properties":{"z":66.6}},{"type":"Feature","geometry":{"type":"Point","coordinates":[135.8638101,34.7293327]},"properties":{"z":66.7}},{"type":"Feature","geometry":{"type":"Point","coordinates":[135.8637986,34.7292889]},"properties":{"z":67.7}},{"type":"Feature","geometry":{"type":"Point","coordinates":[135.8637865,34.7292451]},"properties":{"z":67.9}},{"type":"Feature","geometry":{"type":"Point","coordinates":[135.8637766,34.7292009]},"properties":{"z":67.9}},{"type":"Feature","geometry":{"type":"Point","coordinates":[135.8637675,34.7291565]},"properties":{"z":68.0}},{"type":"Feature","geometry":{"type":"Point","coordinates":[135.863762,34.7291118]},"properties":{"z":68.0}},{"type":"Feature","geometry":{"type":"Point","coordinates":[135.8637582,34.729067]},"properties":{"z":68.0}},{"type":"Feature","geometry":{"type":"Point","coordinates":[135.8637595,34.7290222]},"properties":{"z":68.1}},{"type":"Feature","geometry":{"type":"Point","coordinates":[135.8637667,34.7289777]},"properties":{"z":68.2}},{"type":"Feature","geometry":{"type":"Point","coordinates":[135.8637787,34.7289338]},"properties":{"z":68.2}},{"type":"Feature","geometry":{"type":"Point","coordinates":[135.863793,34.7288905]},"properties":{"z":68.5}},{"type":"Feature","geometry":{"type":"Point","coordinates":[135.8638084,34.7288473]},"properties":{"z":67.7}},{"type":"Feature","geometry":{"type":"Point","coordinates":[135.8638245,34.7288044]},"properties":{"z":68.1}},{"type":"Feature","geometry":{"type":"Point","coordinates":[135.8638412,34.7287615]},"properties":{"z":68.4}},{"type":"Feature","geometry":{"type":"Point","coordinates":[135.8638606,34.7287195]},"properties":{"z":68.4}},{"type":"Feature","geometry":{"type":"Point","coordinates":[135.8638782,34.7286771]},"properties":{"z":68.7}},{"type":"Feature","geometry":{"type":"Point","coordinates":[135.8638912,34.7286334]},"properties":{"z":68.0}},{"type":"Feature","geometry":{"type":"Point","coordinates":[135.8639123,34.728592]},"properties":{"z":68.0}},{"type":"Feature","geometry":{"type":"Point","coordinates":[135.8639319,34.72855]},"properties":{"z":68.3}},{"type":"Feature","geometry":{"type":"Point","coordinates":[135.8639513,34.728508]},"properties":{"z":68.3}},{"type":"Feature","geometry":{"type":"Point","coordinates":[135.8639737,34.728467]},"properties":{"z":67.6}},{"type":"Feature","geometry":{"type":"Point","coordinates":[135.8639928,34.7284249]},"properties":{"z":67.6}},{"type":"Feature","geometry":{"type":"Point","coordinates":[135.8640093,34.7283821]},"properties":{"z":68.1}},{"type":"Feature","geometry":{"type":"Point","coordinates":[135.8640215,34.7283383]},"properties":{"z":69.1}},{"type":"Feature","geometry":{"type":"Point","coordinates":[135.8640315,34.7282941]},"properties":{"z":69.1}},{"type":"Feature","geometry":{"type":"Point","coordinates":[135.8640379,34.7282495]},"properties":{"z":70.4}},{"type":"Feature","geometry":{"type":"Point","coordinates":[135.8640414,34.7282047]},"properties":{"z":72.1}},{"type":"Feature","geometry":{"type":"Point","coordinates":[135.8640439,34.7281598]},"properties":{"z":72.1}},{"type":"Feature","geometry":{"type":"Point","coordinates":[135.8640463,34.7281148]},"properties":{"z":73.6}},{"type":"Feature","geometry":{"type":"Point","coordinates":[135.8640478,34.7280699]},"properties":{"z":73.6}},{"type":"Feature","geometry":{"type":"Point","coordinates":[135.8640486,34.728025]},"properties":{"z":74.8}},{"type":"Feature","geometry":{"type":"Point","coordinates":[135.8640502,34.72798]},"properties":{"z":75.3}},{"type":"Feature","geometry":{"type":"Point","coordinates":[135.8640519,34.7279351]},"properties":{"z":75.3}},{"type":"Feature","geometry":{"type":"Point","coordinates":[135.8640537,34.7278902]},"properties":{"z":75.6}},{"type":"Feature","geometry":{"type":"Point","coordinates":[135.8640566,34.7278453]},"properties":{"z":75.7}},{"type":"Feature","geometry":{"type":"Point","coordinates":[135.8640621,34.7278006]},"properties":{"z":74.4}},{"type":"Feature","geometry":{"type":"Point","coordinates":[135.8640735,34.7277569]},"properties":{"z":74.5}},{"type":"Feature","geometry":{"type":"Point","coordinates":[135.864093,34.7277149]},"properties":{"z":74.6}},{"type":"Feature","geometry":{"type":"Point","coordinates":[135.8641039,34.7276709]},"properties":{"z":74.6}},{"type":"Feature","geometry":{"type":"Point","coordinates":[135.8641126,34.7276265]},"properties":{"z":74.8}},{"type":"Feature","geometry":{"type":"Point","coordinates":[135.8641238,34.7275825]},"properties":{"z":74.8}},{"type":"Feature","geometry":{"type":"Point","coordinates":[135.8641362,34.7275387]},"properties":{"z":75.0}},{"type":"Feature","geometry":{"type":"Point","coordinates":[135.8641466,34.7274946]},"properties":{"z":74.2}},{"type":"Feature","geometry":{"type":"Point","coordinates":[135.86416,34.7274511]},"properties":{"z":74.2}},{"type":"Feature","geometry":{"type":"Point","coordinates":[135.8641757,34.727408]},"properties":{"z":74.5}},{"type":"Feature","geometry":{"type":"Point","coordinates":[135.8641935,34.7273655]},"properties":{"z":74.5}},{"type":"Feature","geometry":{"type":"Point","coordinates":[135.8642064,34.7273218]},"properties":{"z":74.9}},{"type":"Feature","geometry":{"type":"Point","coordinates":[135.8642156,34.7272776]},"properties":{"z":75.4}},{"type":"Feature","geometry":{"type":"Point","coordinates":[135.8642218,34.727233]},"properties":{"z":75.4}},{"type":"Feature","geometry":{"type":"Point","coordinates":[135.8642355,34.7271894]},"properties":{"z":74.6}},{"type":"Feature","geometry":{"type":"Point","coordinates":[135.8642512,34.7271464]},"properties":{"z":74.8}},{"type":"Feature","geometry":{"type":"Point","coordinates":[135.8642668,34.7271034]},"properties":{"z":74.8}},{"type":"Feature","geometry":{"type":"Point","coordinates":[135.8642791,34.7270596]},"properties":{"z":74.8}},{"type":"Feature","geometry":{"type":"Point","coordinates":[135.8642962,34.7270169]},"properties":{"z":74.8}},{"type":"Feature","geometry":{"type":"Point","coordinates":[135.8643069,34.7269729]},"properties":{"z":74.6}},{"type":"Feature","geometry":{"type":"Point","coordinates":[135.8643168,34.7269287]},"properties":{"z":73.4}},{"type":"Feature","geometry":{"type":"Point","coordinates":[135.8643271,34.7268845]},"properties":{"z":73.4}},{"type":"Feature","geometry":{"type":"Point","coordinates":[135.8643347,34.72684]},"properties":{"z":73.2}},{"type":"Feature","geometry":{"type":"Point","coordinates":[135.8643479,34.7267965]},"properties":{"z":73.0}},{"type":"Feature","geometry":{"type":"Point","coordinates":[135.8643612,34.7267529]},"properties":{"z":73.0}},{"type":"Feature","geometry":{"type":"Point","coordinates":[135.8643739,34.7267092]},"properties":{"z":72.9}},{"type":"Feature","geometry":{"type":"Point","coordinates":[135.864389,34.726666]},"properties":{"z":72.9}},{"type":"Feature","geometry":{"type":"Point","coordinates":[135.8644064,34.7266233]},"properties":{"z":72.1}},{"type":"Feature","geometry":{"type":"Point","coordinates":[135.8644174,34.7265794]},"properties":{"z":72.9}},{"type":"Feature","geometry":{"type":"Point","coordinates":[135.8644282,34.7265353]},"properties":{"z":72.9}},{"type":"Feature","geometry":{"type":"Point","coordinates":[135.8644398,34.7264914]},"properties":{"z":73.7}},{"type":"Feature","geometry":{"type":"Point","coordinates":[135.8644504,34.7264473]},"properties":{"z":73.7}},{"type":"Feature","geometry":{"type":"Point","coordinates":[135.8644608,34.7264031]},"properties":{"z":73.9}},{"type":"Feature","geometry":{"type":"Point","coordinates":[135.8644724,34.7263592]},"properties":{"z":74.2}},{"type":"Feature","geometry":{"type":"Point","coordinates":[135.8644841,34.7263153]},"properties":{"z":74.2}},{"type":"Feature","geometry":{"type":"Point","coordinates":[135.8644964,34.7262715]},"properties":{"z":73.3}},{"type":"Feature","geometry":{"type":"Point","coordinates":[135.8645086,34.7262277]},"properties":{"z":73.6}},{"type":"Feature","geometry":{"type":"Point","coordinates":[135.8645198,34.7261837]},"properties":{"z":73.6}},{"type":"Feature","geometry":{"type":"Point","coordinates":[135.8645309,34.7261397]},"properties":{"z":73.9}},{"type":"Feature","geometry":{"type":"Point","coordinates":[135.8645411,34.7260955]},"properties":{"z":73.9}},{"type":"Feature","geometry":{"type":"Point","coordinates":[135.8645513,34.7260513]},"properties":{"z":74.1}},{"type":"Feature","geometry":{"type":"Point","coordinates":[135.8645627,34.7260074]},"properties":{"z":74.1}},{"type":"Feature","geometry":{"type":"Point","coordinates":[135.8645741,34.7259634]},"properties":{"z":72.5}},{"type":"Feature","geometry":{"type":"Point","coordinates":[135.8645835,34.7259191]},"properties":{"z":72.5}},{"type":"Feature","geometry":{"type":"Point","coordinates":[135.8645924,34.7258748]},"properties":{"z":72.6}},{"type":"Feature","geometry":{"type":"Point","coordinates":[135.8645998,34.7258303]},"properties":{"z":72.6}},{"type":"Feature","geometry":{"type":"Point","coordinates":[135.8646066,34.7257856]},"properties":{"z":72.8}},{"type":"Feature","geometry":{"type":"Point","coordinates":[135.8646104,34.7257409]},"properties":{"z":73.0}},{"type":"Feature","geometry":{"type":"Point","coordinates":[135.8646107,34.7256959]},"properties":{"z":73.0}},{"type":"Feature","geometry":{"type":"Point","coordinates":[135.8646108,34.725651]},"properties":{"z":73.2}},{"type":"Feature","geometry":{"type":"Point","coordinates":[135.8646094,34.725606]},"properties":{"z":73.2}},{"type":"Feature","geometry":{"type":"Point","coordinates":[135.864608,34.7255611]},"properties":{"z":71.8}},{"type":"Feature","geometry":{"type":"Point","coordinates":[135.8646047,34.7255162]},"properties":{"z":69.8}},{"type":"Feature","geometry":{"type":"Point","coordinates":[135.8646009,34.7254714]},"properties":{"z":69.8}},{"type":"Feature","geometry":{"type":"Point","coordinates":[135.8645972,34.7254265]},"properties":{"z":69.2}},{"type":"Feature","geometry":{"type":"Point","coordinates":[135.8645942,34.7253817]},"properties":{"z":68.8}},{"type":"Feature","geometry":{"type":"Point","coordinates":[135.8645912,34.7253368]},"properties":{"z":68.8}},{"type":"Feature","geometry":{"type":"Point","coordinates":[135.8645917,34.725292]},"properties":{"z":68.6}},{"type":"Feature","geometry":{"type":"Point","coordinates":[135.8645978,34.7252473]},"properties":{"z":68.3}},{"type":"Feature","geometry":{"type":"Point","coordinates":[135.864604,34.7252026]},"properties":{"z":68.3}},{"type":"Feature","geometry":{"type":"Point","coordinates":[135.8646161,34.7251593]},"properties":{"z":68.1}},{"type":"Feature","geometry":{"type":"Point","coordinates":[135.8646386,34.7251184]},"properties":{"z":68.1}},{"type":"Feature","geometry":{"type":"Point","coordinates":[135.8646612,34.7250774]},"properties":{"z":67.2}},{"type":"Feature","geometry":{"type":"Point","coordinates":[135.8646869,34.7250382]},"properties":{"z":67.2}},{"type":"Feature","geometry":{"type":"Point","coordinates":[135.8647249,34.7250059]},"properties":{"z":66.9}},{"type":"Feature","geometry":{"type":"Point","coordinates":[135.8647628,34.7249735]},"properties":{"z":66.3}},{"type":"Feature","geometry":{"type":"Point","coordinates":[135.8648008,34.7249412]},"properties":{"z":65.9}},{"type":"Feature","geometry":{"type":"Point","coordinates":[135.8648469,34.7249176]},"properties":{"z":65.2}},{"type":"Feature","geometry":{"type":"Point","coordinates":[135.8648949,34.7248959]},"properties":{"z":65.2}},{"type":"Feature","geometry":{"type":"Point","coordinates":[135.8649428,34.7248742]},"properties":{"z":63.8}},{"type":"Feature","geometry":{"type":"Point","coordinates":[135.8649923,34.7248556]},"properties":{"z":63.8}},{"type":"Feature","geometry":{"type":"Point","coordinates":[135.8650443,34.7248416]},"properties":{"z":63.0}},{"type":"Feature","geometry":{"type":"Point","coordinates":[135.8650962,34.7248275]},"properties":{"z":62.9}},{"type":"Feature","geometry":{"type":"Point","coordinates":[135.8651482,34.7248135]},"properties":{"z":63.0}},{"type":"Feature","geometry":{"type":"Point","coordinates":[135.865201,34.7248018]},"properties":{"z":63.0}},{"type":"Feature","geometry":{"type":"Point","coordinates":[135.8652538,34.7247901]},"properties":{"z":63.0}},{"type":"Feature","geometry":{"type":"Point","coordinates":[135.8653066,34.7247784]},"properties":{"z":62.9}},{"type":"Feature","geometry":{"type":"Point","coordinates":[135.8653603,34.72477]},"properties":{"z":62.9}},{"type":"Feature","geometry":{"type":"Point","coordinates":[135.8654142,34.7247627]},"properties":{"z":62.9}},{"type":"Feature","geometry":{"type":"Point","coordinates":[135.8654682,34.7247555]},"properties":{"z":62.8}},{"type":"Feature","geometry":{"type":"Point","coordinates":[135.8655226,34.7247509]},"properties":{"z":63.1}},{"type":"Feature","geometry":{"type":"Point","coordinates":[135.8655771,34.7247471]},"properties":{"z":63.1}},{"type":"Feature","geometry":{"type":"Point","coordinates":[135.8656316,34.7247433]},"properties":{"z":63.3}},{"type":"Feature","geometry":{"type":"Point","coordinates":[135.8656862,34.7247414]},"properties":{"z":63.3}},{"type":"Feature","geometry":{"type":"Point","coordinates":[135.8657409,34.7247398]},"properties":{"z":63.4}},{"type":"Feature","geometry":{"type":"Point","coordinates":[135.8657955,34.7247383]},"properties":{"z":63.5}},{"type":"Feature","geometry":{"type":"Point","coordinates":[135.8658502,34.7247375]},"properties":{"z":63.5}},{"type":"Feature","geometry":{"type":"Point","coordinates":[135.8659049,34.7247367]},"properties":{"z":63.6}},{"type":"Feature","geometry":{"type":"Point","coordinates":[135.8659596,34.7247359]},"properties":{"z":63.9}},{"type":"Feature","geometry":{"type":"Point","coordinates":[135.8660143,34.724735]},"properties":{"z":63.9}},{"type":"Feature","geometry":{"type":"Point","coordinates":[135.866069,34.7247341]},"properties":{"z":64.2}},{"type":"Feature","geometry":{"type":"Point","coordinates":[135.8661235,34.724731]},"properties":{"z":64.6}},{"type":"Feature","geometry":{"type":"Point","coordinates":[135.8661778,34.7247261]},"properties":{"z":64.6}},{"type":"Feature","geometry":{"type":"Point","coordinates":[135.8662321,34.7247208]},"properties":{"z":65.3}},{"type":"Feature","geometry":{"type":"Point","coordinates":[135.8662843,34.7247075]},"properties":{"z":65.3}},{"type":"Feature","geometry":{"type":"Point","coordinates":[135.8663366,34.7246942]},"properties":{"z":66.0}},{"type":"Feature","geometry":{"type":"Point","coordinates":[135.8663862,34.7246755]},"properties":{"z":67.0}},{"type":"Feature","geometry":{"type":"Point","coordinates":[135.8664349,34.7246551]},"properties":{"z":67.0}},{"type":"Feature","geometry":{"type":"Point","coordinates":[135.8664778,34.7246277]},"properties":{"z":67.1}},{"type":"Feature","geometry":{"type":"Point","coordinates":[135.866519,34.724598]},"properties":{"z":67.5}},{"type":"Feature","geometry":{"type":"Point","coordinates":[135.8665534,34.7245631]},"properties":{"z":67.5}},{"type":"Feature","geometry":{"type":"Point","coordinates":[135.8665866,34.7245275]},"properties":{"z":68.0}},{"type":"Feature","geometry":{"type":"Point","coordinates":[135.8666182,34.7244908]},"properties":{"z":68.0}},{"type":"Feature","geometry":{"type":"Point","coordinates":[135.8666432,34.7244508]},"properties":{"z":68.4}},{"type":"Feature","geometry":{"type":"Point","coordinates":[135.8666558,34.7244073]},"properties":{"z":68.4}},{"type":"Feature","geometry":{"type":"Point","coordinates":[135.8666612,34.724363]},"properties":{"z":68.9}},{"type":"Feature","geometry":{"type":"Point","coordinates":[135.8666387,34.7243229]},"properties":{"z":69.5}},{"type":"Feature","geometry":{"type":"Point","coordinates":[135.8666269,34.724279]},"properties":{"z":69.6}},{"type":"Feature","geometry":{"type":"Point","coordinates":[135.8666147,34.7242352]},"properties":{"z":70.6}},{"type":"Feature","geometry":{"type":"Point","coordinates":[135.8666003,34.7241919]},"properties":{"z":70.6}},{"type":"Feature","geometry":{"type":"Point","coordinates":[135.8665818,34.7241496]},"properties":{"z":71.8}},{"type":"Feature","geometry":{"type":"Point","coordinates":[135.8665629,34.7241074]},"properties":{"z":73.3}},{"type":"Feature","geometry":{"type":"Point","coordinates":[135.8665377,34.7240675]},"properties":{"z":73.5}},{"type":"Feature","geometry":{"type":"Point","coordinates":[135.8665177,34.7240257]},"properties":{"z":74.4}},{"type":"Feature","geometry":{"type":"Point","coordinates":[135.8664986,34.7239836]},"properties":{"z":74.4}},{"type":"Feature","geometry":{"type":"Point","coordinates":[135.8664778,34.723942]},"properties":{"z":74.9}},{"type":"Feature","geometry":{"type":"Point","coordinates":[135.8664579,34.7239002]},"properties":{"z":74.1}},{"type":"Feature","geometry":{"type":"Point","coordinates":[135.8664416,34.7238573]},"properties":{"z":74.1}},{"type":"Feature","geometry":{"type":"Point","coordinates":[135.8664258,34.7238144]},"properties":{"z":74.9}},{"type":"Feature","geometry":{"type":"Point","coordinates":[135.8664055,34.7237726]},"properties":{"z":74.9}},{"type":"Feature","geometry":{"type":"Point","coordinates":[135.8663874,34.7237302]},"properties":{"z":75.8}},{"type":"Feature","geometry":{"type":"Point","coordinates":[135.8663666,34.7236886]},"properties":{"z":74.9}},{"type":"Feature","geometry":{"type":"Point","coordinates":[135.8663452,34.7236473]},"properties":{"z":74.9}},{"type":"Feature","geometry":{"type":"Point","coordinates":[135.8663254,34.7236054]},"properties":{"z":75.6}},{"type":"Feature","geometry":{"type":"Point","coordinates":[135.8663065,34.7235632]},"properties":{"z":75.6}},{"type":"Feature","geometry":{"type":"Point","coordinates":[135.8662869,34.7235212]},"properties":{"z":74.5}},{"type":"Feature","geometry":{"type":"Point","coordinates":[135.8662702,34.7234785]},"properties":{"z":74.9}},{"type":"Feature","geometry":{"type":"Point","coordinates":[135.8662543,34.7234355]},"properties":{"z":74.9}},{"type":"Feature","geometry":{"type":"Point","coordinates":[135.8662394,34.7233923]},"properties":{"z":75.4}},{"type":"Feature","geometry":{"type":"Point","coordinates":[135.8662228,34.7233495]},"properties":{"z":75.4}},{"type":"Feature","geometry":{"type":"Point","coordinates":[135.8662075,34.7233065]},"properties":{"z":75.9}},{"type":"Feature","geometry":{"type":"Point","coordinates":[135.8661961,34.7232626]},"properties":{"z":74.5}},{"type":"Feature","geometry":{"type":"Point","coordinates":[135.8661862,34.7232184]},"properties":{"z":74.5}},{"type":"Feature","geometry":{"type":"Point","coordinates":[135.8661788,34.7231739]},"properties":{"z":75.0}},{"type":"Feature","geometry":{"type":"Point","coordinates":[135.8661715,34.7231294]},"properties":{"z":75.5}},{"type":"Feature","geometry":{"type":"Point","coordinates":[135.8661683,34.7230845]},"properties":{"z":75.5}},{"type":"Feature","geometry":{"type":"Point","coordinates":[135.866168,34.7230396]},"properties":{"z":75.8}},{"type":"Feature","geometry":{"type":"Point","coordinates":[135.8661736,34.7229949]},"properties":{"z":75.8}},{"type":"Feature","geometry":{"type":"Point","coordinates":[135.8661841,34.7229508]},"properties":{"z":76.0}},{"type":"Feature","geometry":{"type":"Point","coordinates":[135.8661967,34.7229072]},"properties":{"z":76.2}},{"type":"Feature","geometry":{"type":"Point","coordinates":[135.8662131,34.7228648]},"properties":{"z":77.9}},{"type":"Feature","geometry":{"type":"Point","coordinates":[135.8662339,34.7228232]},"properties":{"z":77.7}},{"type":"Feature","geometry":{"type":"Point","coordinates":[135.8662584,34.7227832]},"properties":{"z":77.7}},{"type":"Feature","geometry":{"type":"Point","coordinates":[135.8662845,34.7227437]},"properties":{"z":77.1}},{"type":"Feature","geometry":{"type":"Point","coordinates":[135.8663078,34.722703]},"properties":{"z":78.6}},{"type":"Feature","geometry":{"type":"Point","coordinates":[135.8663386,34.7226659]},"properties":{"z":78.6}},{"type":"Feature","geometry":{"type":"Point","coordinates":[135.8663708,34.7226296]},"properties":{"z":79.1}},{"type":"Feature","geometry":{"type":"Point","coordinates":[135.8664062,34.7225955]},"properties":{"z":80.4}},{"type":"Feature","geometry":{"type":"Point","coordinates":[135.8664434,34.7225627]},"properties":{"z":81.8}},{"type":"Feature","geometry":{"type":"Point","coordinates":[135.8664779,34.7225279]},"properties":{"z":83.4}},{"type":"Feature","geometry":{"type":"Point","coordinates":[135.8665144,34.7224944]},"properties":{"z":83.6}},{"type":"Feature","geometry":{"type":"Point","coordinates":[135.8665508,34.7224608]},"properties":{"z":85.0}},{"type":"Feature","geometry":{"type":"Point","coordinates":[135.8665919,34.7224312]},"properties":{"z":85.0}},{"type":"Feature","geometry":{"type":"Point","coordinates":[135.8666338,34.7224023]},"properties":{"z":85.6}},{"type":"Feature","geometry":{"type":"Point","coordinates":[135.866675,34.7223727]},"properties":{"z":85.6}},{"type":"Feature","geometry":{"type":"Point","coordinates":[135.866708,34.7223371]},"properties":{"z":84.9}},{"type":"Feature","geometry":{"type":"Point","coordinates":[135.8667364,34.7222987]},"properties":{"z":85.8}},{"type":"Feature","geometry":{"type":"Point","coordinates":[135.8667651,34.7222605]},"properties":{"z":85.5}},{"type":"Feature","geometry":{"type":"Point","coordinates":[135.8667894,34.7222211]},"properties":{"z":85.5}},{"type":"Feature","geometry":{"type":"Point","coordinates":[135.8668004,34.7221772]},"properties":{"z":85.9}},{"type":"Feature","geometry":{"type":"Point","coordinates":[135.8668007,34.7221327]},"properties":{"z":86.3}},{"type":"Feature","geometry":{"type":"Point","coordinates":[135.866799,34.7220899]},"properties":{"z":86.3}},{"type":"Feature","geometry":{"type":"Point","coordinates":[135.8668028,34.7220456]},"properties":{"z":86.7}},{"type":"Feature","geometry":{"type":"Point","coordinates":[135.8668009,34.7220007]},"properties":{"z":87.5}},{"type":"Feature","geometry":{"type":"Point","coordinates":[135.8667994,34.7219558]},"properties":{"z":87.5}},{"type":"Feature","geometry":{"type":"Point","coordinates":[135.8668073,34.7219114]},"properties":{"z":88.9}},{"type":"Feature","geometry":{"type":"Point","coordinates":[135.8668171,34.7218674]},"properties":{"z":88.9}},{"type":"Feature","geometry":{"type":"Point","coordinates":[135.8668196,34.7218228]},"properties":{"z":90.2}},{"type":"Feature","geometry":{"type":"Point","coordinates":[135.866826,34.7217783]},"properties":{"z":91.7}},{"type":"Feature","geometry":{"type":"Point","coordinates":[135.8668483,34.7217378]},"properties":{"z":91.7}},{"type":"Feature","geometry":{"type":"Point","coordinates":[135.8668721,34.7216979]},"properties":{"z":92.4}},{"type":"Feature","geometry":{"type":"Point","coordinates":[135.8669057,34.7216624]},"properties":{"z":93.8}},{"type":"Feature","geometry":{"type":"Point","coordinates":[135.8669376,34.721626]},"properties":{"z":94.0}},{"type":"Feature","geometry":{"type":"Point","coordinates":[135.8669685,34.7215894]},"properties":{"z":94.0}},{"type":"Feature","geometry":{"type":"Point","coordinates":[135.8669958,34.7215507]},"properties":{"z":94.3}},{"type":"Feature","geometry":{"type":"Point","coordinates":[135.8670328,34.721518]},"properties":{"z":94.3}},{"type":"Feature","geometry":{"type":"Point","coordinates":[135.8670729,34.7214883]},"properties":{"z":94.5}},{"type":"Feature","geometry":{"type":"Point","coordinates":[135.8671158,34.7214607]},"properties":{"z":94.5}},{"type":"Feature","geometry":{"type":"Point","coordinates":[135.8671456,34.7214233]},"properties":{"z":92.9}},{"type":"Feature","geometry":{"type":"Point","coordinates":[135.8671847,34.7213918]},"properties":{"z":94.2}},{"type":"Feature","geometry":{"type":"Point","coordinates":[135.8672251,34.7213617]},"properties":{"z":92.5}},{"type":"Feature","geometry":{"type":"Point","coordinates":[135.8672712,34.7213375]},"properties":{"z":93.8}},{"type":"Feature","geometry":{"type":"Point","coordinates":[135.8673146,34.7213104]},"properties":{"z":93.8}},{"type":"Feature","geometry":{"type":"Point","coordinates":[135.8673564,34.7212814]},"properties":{"z":93.5}},{"type":"Feature","geometry":{"type":"Point","coordinates":[135.867393,34.7212482]},"properties":{"z":93.5}},{"type":"Feature","geometry":{"type":"Point","coordinates":[135.8674251,34.7212118]},"properties":{"z":93.8}},{"type":"Feature","geometry":{"type":"Point","coordinates":[135.8674587,34.7211765]},"properties":{"z":93.8}},{"type":"Feature","geometry":{"type":"Point","coordinates":[135.8674873,34.7211382]},"properties":{"z":93.2}},{"type":"Feature","geometry":{"type":"Point","coordinates":[135.8675148,34.7210994]},"properties":{"z":95.2}},{"type":"Feature","geometry":{"type":"Point","coordinates":[135.8675187,34.7210546]},"properties":{"z":95.0}},{"type":"Feature","geometry":{"type":"Point","coordinates":[135.8675286,34.7210106]},"properties":{"z":95.0}},{"type":"Feature","geometry":{"type":"Point","coordinates":[135.8675445,34.7209689]},"properties":{"z":95.0}},{"type":"Feature","geometry":{"type":"Point","coordinates":[135.8675427,34.7209241]},"properties":{"z":95.6}},{"type":"Feature","geometry":{"type":"Point","coordinates":[135.867544,34.7208793]},"properties":{"z":95.6}},{"type":"Feature","geometry":{"type":"Point","coordinates":[135.8675275,34.720837]},"properties":{"z":97.0}},{"type":"Feature","geometry":{"type":"Point","coordinates":[135.867507,34.7207954]},"properties":{"z":98.7}},{"type":"Feature","geometry":{"type":"Point","coordinates":[135.8674773,34.7207577]},"properties":{"z":99.6}},{"type":"Feature","geometry":{"type":"Point","coordinates":[135.8674495,34.7207194]},"properties":{"z":101.4}},{"type":"Feature","geometry":{"type":"Point","coordinates":[135.86742,34.7206817]},"properties":{"z":101.4}},{"type":"Feature","geometry":{"type":"Point","coordinates":[135.867393,34.7206426]},"properties":{"z":103.5}},{"type":"Feature","geometry":{"type":"Point","coordinates":[135.867358,34.7206081]},"properties":{"z":103.5}},{"type":"Feature","geometry":{"type":"Point","coordinates":[135.8673233,34.7205738]},"properties":{"z":105.5}},{"type":"Feature","geometry":{"type":"Point","coordinates":[135.8672758,34.7205519]},"properties":{"z":105.8}},{"type":"Feature","geometry":{"type":"Point","coordinates":[135.8672254,34.7205349]},"properties":{"z":105.4}},{"type":"Feature","geometry":{"type":"Point","coordinates":[135.8671987,34.7204959]},"properties":{"z":105.8}},{"type":"Feature","geometry":{"type":"Point","coordinates":[135.867169,34.7204584]},"properties":{"z":105.8}},{"type":"Feature","geometry":{"type":"Point","coordinates":[135.8671485,34.7204178]},"properties":{"z":105.9}},{"type":"Feature","geometry":{"type":"Point","coordinates":[135.8671408,34.7203733]},"properties":{"z":104.5}},{"type":"Feature","geometry":{"type":"Point","coordinates":[135.8671314,34.720329]},"properties":{"z":104.5}},{"type":"Feature","geometry":{"type":"Point","coordinates":[135.8671353,34.7202843]},"properties":{"z":104.6}},{"type":"Feature","geometry":{"type":"Point","coordinates":[135.8671426,34.7202397]},"properties":{"z":104.6}},{"type":"Feature","geometry":{"type":"Point","coordinates":[135.8671592,34.720197]},"properties":{"z":106.1}},{"type":"Feature","geometry":{"type":"Point","coordinates":[135.8671874,34.7201591]},"properties":{"z":106.0}},{"type":"Feature","geometry":{"type":"Point","coordinates":[135.8672243,34.7201259]},"properties":{"z":106.0}},{"type":"Feature","geometry":{"type":"Point","coordinates":[135.8672614,34.7200933]},"properties":{"z":107.2}},{"type":"Feature","geometry":{"type":"Point","coordinates":[135.8673091,34.7200725]},"properties":{"z":107.2}},{"type":"Feature","geometry":{"type":"Point","coordinates":[135.8673635,34.7200692]},"properties":{"z":108.9}},{"type":"Feature","geometry":{"type":"Point","coordinates":[135.8674181,34.720068]},"properties":{"z":110.3}},{"type":"Feature","geometry":{"type":"Point","coordinates":[135.867472,34.7200742]},"properties":{"z":110.3}},{"type":"Feature","geometry":{"type":"Point","coordinates":[135.8675255,34.7200827]},"properties":{"z":111.2}},{"type":"Feature","geometry":{"type":"Point","coordinates":[135.86758,34.720086]},"properties":{"z":111.5}},{"type":"Feature","geometry":{"type":"Point","coordinates":[135.867634,34.720093]},"properties":{"z":111.5}},{"type":"Feature","geometry":{"type":"Point","coordinates":[135.8676878,34.7201014]},"properties":{"z":113.0}},{"type":"Feature","geometry":{"type":"Point","coordinates":[135.8677423,34.7201022]},"properties":{"z":113.0}},{"type":"Feature","geometry":{"type":"Point","coordinates":[135.8677969,34.7201029]},"properties":{"z":113.3}},{"type":"Feature","geometry":{"type":"Point","coordinates":[135.8678515,34.7201054]},"properties":{"z":113.7}},{"type":"Feature","geometry":{"type":"Point","coordinates":[135.8679062,34.720106]},"properties":{"z":113.7}},{"type":"Feature","geometry":{"type":"Point","coordinates":[135.8679594,34.7201084]},"properties":{"z":114.2}},{"type":"Feature","geometry":{"type":"Point","coordinates":[135.8679987,34.7201378]},"properties":{"z":114.2}},{"type":"Feature","geometry":{"type":"Point","coordinates":[135.8680515,34.7201415]},"properties":{"z":114.9}},{"type":"Feature","geometry":{"type":"Point","coordinates":[135.8681042,34.7201299]},"properties":{"z":116.2}},{"type":"Feature","geometry":{"type":"Point","coordinates":[135.8681507,34.7201063]},"properties":{"z":116.2}},{"type":"Feature","geometry":{"type":"Point","coordinates":[135.8681964,34.7200816]},"properties":{"z":116.0}},{"type":"Feature","geometry":{"type":"Point","coordinates":[135.8682384,34.7200528]},"properties":{"z":116.0}},{"type":"Feature","geometry":{"type":"Point","coordinates":[135.8682761,34.7200204]},"properties":{"z":116.2}},{"type":"Feature","geometry":{"type":"Point","coordinates":[135.8683099,34.7199851]},"properties":{"z":116.2}},{"type":"Feature","geometry":{"type":"Point","coordinates":[135.868342,34.7199489]},"properties":{"z":115.5}},{"type":"Feature","geometry":{"type":"Point","coordinates":[135.8683662,34.7199087]},"properties":{"z":117.2}},{"type":"Feature","geometry":{"type":"Point","coordinates":[135.8683918,34.719869]},"properties":{"z":117.9}},{"type":"Feature","geometry":{"type":"Point","coordinates":[135.8684091,34.7198265]},"properties":{"z":117.9}},{"type":"Feature","geometry":{"type":"Point","coordinates":[135.8684234,34.7197832]},"properties":{"z":120.3}},{"type":"Feature","geometry":{"type":"Point","coordinates":[135.8684487,34.7197434]},"properties":{"z":122.4}},{"type":"Feature","geometry":{"type":"Point","coordinates":[135.8684608,34.7196998]},"properties":{"z":122.4}},{"type":"Feature","geometry":{"type":"Point","coordinates":[135.8684719,34.7196558]},"properties":{"z":122.6}},{"type":"Feature","geometry":{"type":"Point","coordinates":[135.8684675,34.7196128]},"properties":{"z":122.6}},{"type":"Feature","geometry":{"type":"Point","coordinates":[135.8684446,34.7195725]},"properties":{"z":122.6}},{"type":"Feature","geometry":{"type":"Point","coordinates":[135.8684586,34.7195322]},"properties":{"z":122.4}},{"type":"Feature","geometry":{"type":"Point","coordinates":[135.8684997,34.7195027]},"properties":{"z":122.4}},{"type":"Feature","geometry":{"type":"Point","coordinates":[135.8685184,34.7194627]},"properties":{"z":122.3}},{"type":"Feature","geometry":{"type":"Point","coordinates":[135.8685002,34.7194203]},"properties":{"z":122.3}},{"type":"Feature","geometry":{"type":"Point","coordinates":[135.8685082,34.7193782]},"properties":{"z":122.3}},{"type":"Feature","geometry":{"type":"Point","coordinates":[135.8685509,34.7193509]},"properties":{"z":122.9}},{"type":"Feature","geometry":{"type":"Point","coordinates":[135.8685865,34.719318]},"properties":{"z":123.1}},{"type":"Feature","geometry":{"type":"Point","coordinates":[135.8685825,34.719274]},"properties":{"z":123.1}},{"type":"Feature","geometry":{"type":"Point","coordinates":[135.8685835,34.7192309]},"properties":{"z":122.9}},{"type":"Feature","geometry":{"type":"Point","coordinates":[135.8686084,34.7191909]},"properties":{"z":123.2}},{"type":"Feature","geometry":{"type":"Point","coordinates":[135.868641,34.7191552]},"properties":{"z":123.3}},{"type":"Feature","geometry":{"type":"Point","coordinates":[135.8686752,34.7191201]},"properties":{"z":123.3}},{"type":"Feature","geometry":{"type":"Point","coordinates":[135.8687023,34.7190812]},"properties":{"z":123.6}},{"type":"Feature","geometry":{"type":"Point","coordinates":[135.8687354,34.7190455]},"properties":{"z":123.6}},{"type":"Feature","geometry":{"type":"Point","coordinates":[135.8687741,34.7190138]},"properties":{"z":123.6}},{"type":"Feature","geometry":{"type":"Point","coordinates":[135.8688113,34.7189809]},"properties":{"z":123.0}},{"type":"Feature","geometry":{"type":"Point","coordinates":[135.8688473,34.7189471]},"properties":{"z":123.4}},{"type":"Feature","geometry":{"type":"Point","coordinates":[135.8688789,34.7189111]},"properties":{"z":122.8}},{"type":"Feature","geometry":{"type":"Point","coordinates":[135.8689072,34.7188727]},"properties":{"z":123.3}},{"type":"Feature","geometry":{"type":"Point","coordinates":[135.8689394,34.7188366]},"properties":{"z":123.3}},{"type":"Feature","geometry":{"type":"Point","coordinates":[135.8689758,34.7188032]},"properties":{"z":124.0}},{"type":"Feature","geometry":{"type":"Point","coordinates":[135.8690148,34.7187718]},"properties":{"z":124.0}},{"type":"Feature","geometry":{"type":"Point","coordinates":[135.8690532,34.7187399]},"properties":{"z":125.6}},{"type":"Feature","geometry":{"type":"Point","coordinates":[135.8690878,34.718705]},"properties":{"z":125.6}},{"type":"Feature","geometry":{"type":"Point","coordinates":[135.8691211,34.7186695]},"properties":{"z":126.6}},{"type":"Feature","geometry":{"type":"Point","coordinates":[135.8691604,34.7186383]},"properties":{"z":127.1}},{"type":"Feature","geometry":{"type":"Point","coordinates":[135.869201,34.7186083]},"properties":{"z":128.1}},{"type":"Feature","geometry":{"type":"Point","coordinates":[135.8692394,34.7185765]},"properties":{"z":128.3}},{"type":"Feature","geometry":{"type":"Point","coordinates":[135.8692811,34.7185474]},"properties":{"z":128.3}},{"type":"Feature","geometry":{"type":"Point","coordinates":[135.8693171,34.7185136]},"properties":{"z":130.0}},{"type":"Feature","geometry":{"type":"Point","coordinates":[135.8693544,34.7184807]},"properties":{"z":130.0}},{"type":"Feature","geometry":{"type":"Point","coordinates":[135.8693974,34.7184533]},"properties":{"z":130.2}},{"type":"Feature","geometry":{"type":"Point","coordinates":[135.8694469,34.7184343]},"properties":{"z":130.2}},{"type":"Feature","geometry":{"type":"Point","coordinates":[135.8694941,34.7184118]},"properties":{"z":130.3}},{"type":"Feature","geometry":{"type":"Point","coordinates":[135.8695432,34.7183943]},"properties":{"z":130.3}},{"type":"Feature","geometry":{"type":"Point","coordinates":[135.86959,34.718371]},"properties":{"z":130.5}},{"type":"Feature","geometry":{"type":"Point","coordinates":[135.869637,34.7183481]},"properties":{"z":130.5}},{"type":"Feature","geometry":{"type":"Point","coordinates":[135.8696873,34.7183307]},"properties":{"z":130.4}},{"type":"Feature","geometry":{"type":"Point","coordinates":[135.8697378,34.7183136]},"properties":{"z":130.5}},{"type":"Feature","geometry":{"type":"Point","coordinates":[135.8697911,34.7183042]},"properties":{"z":130.5}},{"type":"Feature","geometry":{"type":"Point","coordinates":[135.8698452,34.7182983]},"properties":{"z":130.7}},{"type":"Feature","geometry":{"type":"Point","coordinates":[135.8698994,34.7182919]},"properties":{"z":130.9}},{"type":"Feature","geometry":{"type":"Point","coordinates":[135.8699533,34.7182844]},"properties":{"z":130.9}},{"type":"Feature","geometry":{"type":"Point","coordinates":[135.8700075,34.7182784]},"properties":{"z":131.1}},{"type":"Feature","geometry":{"type":"Point","coordinates":[135.8700618,34.7182733]},"properties":{"z":131.1}},{"type":"Feature","geometry":{"type":"Point","coordinates":[135.8701164,34.7182701]},"properties":{"z":131.3}},{"type":"Feature","geometry":{"type":"Point","coordinates":[135.870171,34.7182713]},"properties":{"z":131.6}},{"type":"Feature","geometry":{"type":"Point","coordinates":[135.8702257,34.7182717]},"properties":{"z":131.6}},{"type":"Feature","geometry":{"type":"Point","coordinates":[135.8702804,34.7182714]},"properties":{"z":131.8}},{"type":"Feature","geometry":{"type":"Point","coordinates":[135.870334,34.7182784]},"properties":{"z":132.1}},{"type":"Feature","geometry":{"type":"Point","coordinates":[135.8703812,34.7183006]},"properties":{"z":132.1}},{"type":"Feature","geometry":{"type":"Point","coordinates":[135.8704323,34.7183165]},"properties":{"z":133.0}},{"type":"Feature","geometry":{"type":"Point","coordinates":[135.8704853,34.7183273]},"properties":{"z":133.0}},{"type":"Feature","geometry":{"type":"Point","coordinates":[135.8705396,34.7183325]},"properties":{"z":134.0}},{"type":"Feature","geometry":{"type":"Point","coordinates":[135.8705941,34.7183358]},"properties":{"z":134.8}},{"type":"Feature","geometry":{"type":"Point","coordinates":[135.8706487,34.718339]},"properties":{"z":134.8}},{"type":"Feature","geometry":{"type":"Point","coordinates":[135.8707032,34.718342]},"properties":{"z":135.7}},{"type":"Feature","geometry":{"type":"Point","coordinates":[135.8707578,34.7183449]},"properties":{"z":136.4}},{"type":"Feature","geometry":{"type":"Point","coordinates":[135.8708125,34.7183465]},"properties":{"z":136.4}},{"type":"Feature","geometry":{"type":"Point","coordinates":[135.870867,34.7183501]},"properties":{"z":137.0}},{"type":"Feature","geometry":{"type":"Point","coordinates":[135.8709216,34.7183523]},"properties":{"z":137.0}},{"type":"Feature","geometry":{"type":"Point","coordinates":[135.8709754,34.7183596]},"properties":{"z":137.6}},{"type":"Feature","geometry":{"type":"Point","coordinates":[135.8710298,34.7183644]},"properties":{"z":138.4}},{"type":"Feature","geometry":{"type":"Point","coordinates":[135.8710844,34.7183645]},"properties":{"z":138.4}},{"type":"Feature","geometry":{"type":"Point","coordinates":[135.871139,34.7183623]},"properties":{"z":139.4}},{"type":"Feature","geometry":{"type":"Point","coordinates":[135.8711936,34.7183609]},"properties":{"z":140.7}},{"type":"Feature","geometry":{"type":"Point","coordinates":[135.8712481,34.7183644]},"properties":{"z":140.7}},{"type":"Feature","geometry":{"type":"Point","coordinates":[135.8713027,34.718367]},"properties":{"z":142.2}},{"type":"Feature","geometry":{"type":"Point","coordinates":[135.8713571,34.7183717]},"properties":{"z":143.9}},{"type":"Feature","geometry":{"type":"Point","coordinates":[135.8714117,34.718374]},"properties":{"z":143.9}},{"type":"Feature","geometry":{"type":"Point","coordinates":[135.8714662,34.7183774]},"properties":{"z":146.3}},{"type":"Feature","geometry":{"type":"Point","coordinates":[135.8715208,34.718378]},"properties":{"z":146.3}},{"type":"Feature","geometry":{"type":"Point","coordinates":[135.871575,34.7183723]},"properties":{"z":146.2}},{"type":"Feature","geometry":{"type":"Point","coordinates":[135.8716281,34.7183618]},"properties":{"z":145.0}},{"type":"Feature","geometry":{"type":"Point","coordinates":[135.8716802,34.7183485]},"properties":{"z":145.0}},{"type":"Feature","geometry":{"type":"Point","coordinates":[135.87173,34.7183301]},"properties":{"z":145.1}},{"type":"Feature","geometry":{"type":"Point","coordinates":[135.8717714,34.7183024]},"properties":{"z":145.1}},{"type":"Feature","geometry":{"type":"Point","coordinates":[135.8718158,34.7182802]},"properties":{"z":143.5}},{"type":"Feature","geometry":{"type":"Point","coordinates":[135.8718496,34.7182455]},"properties":{"z":145.3}},{"type":"Feature","geometry":{"type":"Point","coordinates":[135.8718873,34.718213]},"properties":{"z":144.0}},{"type":"Feature","geometry":{"type":"Point","coordinates":[135.8719279,34.7181829]},"properties":{"z":145.8}},{"type":"Feature","geometry":{"type":"Point","coordinates":[135.8719626,34.7181482]},"properties":{"z":144.4}},{"type":"Feature","geometry":{"type":"Point","coordinates":[135.8719962,34.7181128]},"properties":{"z":146.9}},{"type":"Feature","geometry":{"type":"Point","coordinates":[135.8720313,34.7180783]},"properties":{"z":146.9}},{"type":"Feature","geometry":{"type":"Point","coordinates":[135.8720639,34.7180422]},"properties":{"z":150.0}},{"type":"Feature","geometry":{"type":"Point","coordinates":[135.8720952,34.7180053]},"properties":{"z":150.0}},{"type":"Feature","geometry":{"type":"Point","coordinates":[135.8721255,34.717968]},"properties":{"z":152.5}},{"type":"Feature","geometry":{"type":"Point","coordinates":[135.8721522,34.7179288]},"properties":{"z":152.6}},{"type":"Feature","geometry":{"type":"Point","coordinates":[135.8721812,34.7178909]},"properties":{"z":153.7}},{"type":"Feature","geometry":{"type":"Point","coordinates":[135.8722158,34.7178564]},"properties":{"z":151.7}},{"type":"Feature","geometry":{"type":"Point","coordinates":[135.8722432,34.7178175]},"properties":{"z":152.9}},{"type":"Feature","geometry":{"type":"Point","coordinates":[135.8722675,34.7177772]},"properties":{"z":152.9}},{"type":"Feature","geometry":{"type":"Point","coordinates":[135.8722867,34.7177351]},"properties":{"z":154.0}},{"type":"Feature","geometry":{"type":"Point","coordinates":[135.8723041,34.7176925]},"properties":{"z":153.4}},{"type":"Feature","geometry":{"type":"Point","coordinates":[135.8723221,34.7176501]},"properties":{"z":153.4}},{"type":"Feature","geometry":{"type":"Point","coordinates":[135.8723292,34.7176061]},"properties":{"z":154.6}},{"type":"Feature","geometry":{"type":"Point","coordinates":[135.8723173,34.7175623]},"properties":{"z":154.6}},{"type":"Feature","geometry":{"type":"Point","coordinates":[135.872308,34.7175182]},"properties":{"z":155.9}},{"type":"Feature","geometry":{"type":"Point","coordinates":[135.8723173,34.7174739]},"properties":{"z":157.0}},{"type":"Feature","geometry":{"type":"Point","coordinates":[135.8723493,34.7174406]},"properties":{"z":157.0}},{"type":"Feature","geometry":{"type":"Point","coordinates":[135.8723912,34.7174142]},"properties":{"z":156.7}},{"type":"Feature","geometry":{"type":"Point","coordinates":[135.8724002,34.7173722]},"properties":{"z":156.7}},{"type":"Feature","geometry":{"type":"Point","coordinates":[135.8723941,34.7173277]},"properties":{"z":157.6}},{"type":"Feature","geometry":{"type":"Point","coordinates":[135.8723974,34.7172849]},"properties":{"z":157.6}},{"type":"Feature","geometry":{"type":"Point","coordinates":[135.8724394,34.7172566]},"properties":{"z":158.5}},{"type":"Feature","geometry":{"type":"Point","coordinates":[135.8724755,34.7172257]},"properties":{"z":157.7}},{"type":"Feature","geometry":{"type":"Point","coordinates":[135.8724716,34.717184]},"properties":{"z":158.8}},{"type":"Feature","geometry":{"type":"Point","coordinates":[135.8724915,34.7171423]},"properties":{"z":158.8}},{"type":"Feature","geometry":{"type":"Point","coordinates":[135.8725204,34.7171054]},"properties":{"z":160.5}},{"type":"Feature","geometry":{"type":"Point","coordinates":[135.872568,34.7170833]},"properties":{"z":160.9}},{"type":"Feature","geometry":{"type":"Point","coordinates":[135.8726035,34.7170511]},"properties":{"z":162.6}},{"type":"Feature","geometry":{"type":"Point","coordinates":[135.8726061,34.7170069]},"properties":{"z":162.6}},{"type":"Feature","geometry":{"type":"Point","coordinates":[135.8726319,34.7169701]},"properties":{"z":164.3}},{"type":"Feature","geometry":{"type":"Point","coordinates":[135.8726738,34.7169412]},"properties":{"z":164.6}},{"type":"Feature","geometry":{"type":"Point","coordinates":[135.872722,34.7169206]},"properties":{"z":166.3}},{"type":"Feature","geometry":{"type":"Point","coordinates":[135.8727729,34.7169042]},"properties":{"z":166.4}},{"type":"Feature","geometry":{"type":"Point","coordinates":[135.872822,34.7168848]},"properties":{"z":166.5}},{"type":"Feature","geometry":{"type":"Point","coordinates":[135.8728717,34.7168683]},"properties":{"z":166.5}},{"type":"Feature","geometry":{"type":"Point","coordinates":[135.8729247,34.716858]},"properties":{"z":167.0}},{"type":"Feature","geometry":{"type":"Point","coordinates":[135.8729779,34.7168504]},"properties":{"z":168.0}},{"type":"Feature","geometry":{"type":"Point","coordinates":[135.8730319,34.7168462]},"properties":{"z":168.6}},{"type":"Feature","geometry":{"type":"Point","coordinates":[135.8730864,34.7168471]},"properties":{"z":169.7}},{"type":"Feature","geometry":{"type":"Point","coordinates":[135.8731394,34.7168376]},"properties":{"z":169.7}},{"type":"Feature","geometry":{"type":"Point","coordinates":[135.8731927,34.7168299]},"properties":{"z":170.9}},{"type":"Feature","geometry":{"type":"Point","coordinates":[135.8732473,34.7168302]},"properties":{"z":171.7}},{"type":"Feature","geometry":{"type":"Point","coordinates":[135.8733018,34.716828]},"properties":{"z":171.7}},{"type":"Feature","geometry":{"type":"Point","coordinates":[135.873356,34.7168341]},"properties":{"z":172.5}},{"type":"Feature","geometry":{"type":"Point","coordinates":[135.8734104,34.7168383]},"properties":{"z":172.5}},{"type":"Feature","geometry":{"type":"Point","coordinates":[135.8734648,34.7168406]},"properties":{"z":173.2}},{"type":"Feature","geometry":{"type":"Point","coordinates":[135.8735193,34.7168365]},"properties":{"z":174.0}},{"type":"Feature","geometry":{"type":"Point","coordinates":[135.8735733,34.7168347]},"properties":{"z":174.0}},{"type":"Feature","geometry":{"type":"Point","coordinates":[135.8736279,34.7168339]},"properties":{"z":174.8}},{"type":"Feature","geometry":{"type":"Point","coordinates":[135.8736823,34.7168352]},"properties":{"z":175.6}},{"type":"Feature","geometry":{"type":"Point","coordinates":[135.8737369,34.7168371]},"properties":{"z":175.6}},{"type":"Feature","geometry":{"type":"Point","coordinates":[135.8737894,34.7168253]},"properties":{"z":176.3}},{"type":"Feature","geometry":{"type":"Point","coordinates":[135.8738408,34.7168106]},"properties":{"z":176.3}},{"type":"Feature","geometry":{"type":"Point","coordinates":[135.873892,34.7168156]},"properties":{"z":177.0}},{"type":"Feature","geometry":{"type":"Point","coordinates":[135.873929,34.7168426]},"properties":{"z":177.4}},{"type":"Feature","geometry":{"type":"Point","coordinates":[135.8739138,34.7168387]},"properties":{"z":177.0}},{"type":"Feature","geometry":{"type":"Point","coordinates":[135.8739439,34.7168739]},"properties":{"z":176.8}},{"type":"Feature","geometry":{"type":"Point","coordinates":[135.8739216,34.7169118]},"properties":{"z":176.6}},{"type":"Feature","geometry":{"type":"Point","coordinates":[135.87387,34.7169193]},"properties":{"z":176.6}},{"type":"Feature","geometry":{"type":"Point","coordinates":[135.8739047,34.7169303]},"properties":{"z":176.1}},{"type":"Feature","geometry":{"type":"Point","coordinates":[135.8739517,34.7169496]},"properties":{"z":176.0}},{"type":"Feature","geometry":{"type":"Point","coordinates":[135.8739913,34.7169806]},"properties":{"z":176.0}},{"type":"Feature","geometry":{"type":"Point","coordinates":[135.8740272,34.7170144]},"properties":{"z":174.7}},{"type":"Feature","geometry":{"type":"Point","coordinates":[135.8740599,34.7170504]},"properties":{"z":174.7}},{"type":"Feature","geometry":{"type":"Point","coordinates":[135.8740928,34.7170863]},"properties":{"z":173.7}},{"type":"Feature","geometry":{"type":"Point","coordinates":[135.8741251,34.7171226]},"properties":{"z":173.4}},{"type":"Feature","geometry":{"type":"Point","coordinates":[135.8741565,34.7171594]},"properties":{"z":172.4}},{"type":"Feature","geometry":{"type":"Point","coordinates":[135.8741869,34.7171967]},"properties":{"z":171.9}},{"type":"Feature","geometry":{"type":"Point","coordinates":[135.8742219,34.7172313]},"properties":{"z":170.9}},{"type":"Feature","geometry":{"type":"Point","coordinates":[135.8742566,34.717266]},"properties":{"z":170.9}},{"type":"Feature","geometry":{"type":"Point","coordinates":[135.8742898,34.7173018]},"properties":{"z":169.5}},{"type":"Feature","geometry":{"type":"Point","coordinates":[135.8743227,34.7173377]},"properties":{"z":169.5}},{"type":"Feature","geometry":{"type":"Point","coordinates":[135.874355,34.7173739]},"properties":{"z":168.8}},{"type":"Feature","geometry":{"type":"Point","coordinates":[135.8743873,34.7174102]},"properties":{"z":168.3}},{"type":"Feature","geometry":{"type":"Point","coordinates":[135.8744184,34.7174472]},"properties":{"z":167.7}},{"type":"Feature","geometry":{"type":"Point","coordinates":[135.8744494,34.7174842]},"properties":{"z":167.3}},{"type":"Feature","geometry":{"type":"Point","coordinates":[135.8744799,34.7175215]},"properties":{"z":166.8}},{"type":"Feature","geometry":{"type":"Point","coordinates":[135.8745099,34.7175591]},"properties":{"z":166.4}},{"type":"Feature","geometry":{"type":"Point","coordinates":[135.8745399,34.7175967]},"properties":{"z":166.8}},{"type":"Feature","geometry":{"type":"Point","coordinates":[135.8745705,34.7176339]},"properties":{"z":166.3}},{"type":"Feature","geometry":{"type":"Point","coordinates":[135.8746014,34.717671]},"properties":{"z":166.3}},{"type":"Feature","geometry":{"type":"Point","coordinates":[135.8746323,34.7177081]},"properties":{"z":166.1}},{"type":"Feature","geometry":{"type":"Point","coordinates":[135.8746628,34.7177455]},"properties":{"z":166.1}},{"type":"Feature","geometry":{"type":"Point","coordinates":[135.8746932,34.7177828]},"properties":{"z":165.3}},{"type":"Feature","geometry":{"type":"Point","coordinates":[135.8747236,34.7178202]},"properties":{"z":166.2}},{"type":"Feature","geometry":{"type":"Point","coordinates":[135.8747517,34.7178587]},"properties":{"z":165.1}},{"type":"Feature","geometry":{"type":"Point","coordinates":[135.8747797,34.7178973]},"properties":{"z":165.1}},{"type":"Feature","geometry":{"type":"Point","coordinates":[135.8748088,34.7179354]},"properties":{"z":165.2}},{"type":"Feature","geometry":{"type":"Point","coordinates":[135.8748417,34.7179713]},"properties":{"z":165.2}},{"type":"Feature","geometry":{"type":"Point","coordinates":[135.8748746,34.7180072]},"properties":{"z":165.6}},{"type":"Feature","geometry":{"type":"Point","coordinates":[135.8749107,34.7180409]},"properties":{"z":165.6}},{"type":"Feature","geometry":{"type":"Point","coordinates":[135.874949,34.7180726]},"properties":{"z":164.7}},{"type":"Feature","geometry":{"type":"Point","coordinates":[135.8749937,34.7180986]},"properties":{"z":165.8}},{"type":"Feature","geometry":{"type":"Point","coordinates":[135.8750402,34.7181222]},"properties":{"z":165.8}},{"type":"Feature","geometry":{"type":"Point","coordinates":[135.8750869,34.7181456]},"properties":{"z":165.9}},{"type":"Feature","geometry":{"type":"Point","coordinates":[135.8751356,34.7181658]},"properties":{"z":167.1}},{"type":"Feature","geometry":{"type":"Point","coordinates":[135.875187,34.718181]},"properties":{"z":167.1}},{"type":"Feature","geometry":{"type":"Point","coordinates":[135.8752405,34.7181893]},"properties":{"z":167.8}},{"type":"Feature","geometry":{"type":"Point","coordinates":[135.8752949,34.7181934]},"properties":{"z":167.0}},{"type":"Feature","geometry":{"type":"Point","coordinates":[135.8753494,34.7181972]},"properties":{"z":167.3}},{"type":"Feature","geometry":{"type":"Point","coordinates":[135.8754035,34.7182036]},"properties":{"z":167.7}},{"type":"Feature","geometry":{"type":"Point","coordinates":[135.8754553,34.7182179]},"properties":{"z":167.7}},{"type":"Feature","geometry":{"type":"Point","coordinates":[135.8755053,34.7182359]},"properties":{"z":168.2}},{"type":"Feature","geometry":{"type":"Point","coordinates":[135.8755545,34.7182555]},"properties":{"z":168.2}},{"type":"Feature","geometry":{"type":"Point","coordinates":[135.8756028,34.7182766]},"properties":{"z":167.5}},{"type":"Feature","geometry":{"type":"Point","coordinates":[135.875651,34.7182979]},"properties":{"z":167.7}},{"type":"Feature","geometry":{"type":"Point","coordinates":[135.8756977,34.7183212]},"properties":{"z":167.7}},{"type":"Feature","geometry":{"type":"Point","coordinates":[135.8757444,34.7183446]},"properties":{"z":167.1}},{"type":"Feature","geometry":{"type":"Point","coordinates":[135.8757899,34.7183695]},"properties":{"z":167.1}},{"type":"Feature","geometry":{"type":"Point","coordinates":[135.8758351,34.7183949]},"properties":{"z":167.5}},{"type":"Feature","geometry":{"type":"Point","coordinates":[135.8758792,34.7184214]},"properties":{"z":167.1}},{"type":"Feature","geometry":{"type":"Point","coordinates":[135.8759212,34.7184502]},"properties":{"z":167.5}},{"type":"Feature","geometry":{"type":"Point","coordinates":[135.8759632,34.7184789]},"properties":{"z":166.8}},{"type":"Feature","geometry":{"type":"Point","coordinates":[135.8760076,34.7185052]},"properties":{"z":167.5}},{"type":"Feature","geometry":{"type":"Point","coordinates":[135.8760527,34.7185305]},"properties":{"z":167.5}},{"type":"Feature","geometry":{"type":"Point","coordinates":[135.8760979,34.7185559]},"properties":{"z":167.3}},{"type":"Feature","geometry":{"type":"Point","coordinates":[135.8761424,34.718582]},"properties":{"z":167.3}},{"type":"Feature","geometry":{"type":"Point","coordinates":[135.8761868,34.7186083]},"properties":{"z":168.0}},{"type":"Feature","geometry":{"type":"Point","coordinates":[135.8762312,34.7186345]},"properties":{"z":167.1}},{"type":"Feature","geometry":{"type":"Point","coordinates":[135.8762746,34.7186618]},"properties":{"z":167.6}},{"type":"Feature","geometry":{"type":"Point","coordinates":[135.8763178,34.7186894]},"properties":{"z":166.5}},{"type":"Feature","geometry":{"type":"Point","coordinates":[135.8763611,34.7187169]},"properties":{"z":166.8}},{"type":"Feature","geometry":{"type":"Point","coordinates":[135.8764041,34.7187446]},"properties":{"z":166.8}},{"type":"Feature","geometry":{"type":"Point","coordinates":[135.876447,34.7187725]},"properties":{"z":165.8}},{"type":"Feature","geometry":{"type":"Point","coordinates":[135.8764899,34.7188004]},"properties":{"z":165.8}},{"type":"Feature","geometry":{"type":"Point","coordinates":[135.8765313,34.7188296]},"properties":{"z":164.3}},{"type":"Feature","geometry":{"type":"Point","coordinates":[135.8765684,34.7188626]},"properties":{"z":164.3}},{"type":"Feature","geometry":{"type":"Point","coordinates":[135.8766055,34.7188956]},"properties":{"z":163.8}},{"type":"Feature","geometry":{"type":"Point","coordinates":[135.8766437,34.7189278]},"properties":{"z":162.3}},{"type":"Feature","geometry":{"type":"Point","coordinates":[135.8766833,34.7189588]},"properties":{"z":162.0}},{"type":"Feature","geometry":{"type":"Point","coordinates":[135.876723,34.7189897]},"properties":{"z":159.8}},{"type":"Feature","geometry":{"type":"Point","coordinates":[135.8767633,34.7190202]},"properties":{"z":158.7}},{"type":"Feature","geometry":{"type":"Point","coordinates":[135.8768035,34.7190506]},"properties":{"z":156.3}},{"type":"Feature","geometry":{"type":"Point","coordinates":[135.8768398,34.7190841]},"properties":{"z":156.3}},{"type":"Feature","geometry":{"type":"Point","coordinates":[135.876875,34.7191185]},"properties":{"z":154.0}},{"type":"Feature","geometry":{"type":"Point","coordinates":[135.8769121,34.7191515]},"properties":{"z":154.0}},{"type":"Feature","geometry":{"type":"Point","coordinates":[135.876951,34.7191831]},"properties":{"z":153.3}},{"type":"Feature","geometry":{"type":"Point","coordinates":[135.876989,34.7192154]},"properties":{"z":153.3}},{"type":"Feature","geometry":{"type":"Point","coordinates":[135.8770252,34.7192491]},"properties":{"z":154.6}},{"type":"Feature","geometry":{"type":"Point","coordinates":[135.8770611,34.719283]},"properties":{"z":153.0}},{"type":"Feature","geometry":{"type":"Point","coordinates":[135.877096,34.7193176]},"properties":{"z":153.0}},{"type":"Feature","geometry":{"type":"Point","coordinates":[135.877131,34.7193521]},"properties":{"z":153.1}},{"type":"Feature","geometry":{"type":"Point","coordinates":[135.8771693,34.7193842]},"properties":{"z":153.1}},{"type":"Feature","geometry":{"type":"Point","coordinates":[135.8772076,34.7194163]},"properties":{"z":153.1}},{"type":"Feature","geometry":{"type":"Point","coordinates":[135.8772467,34.7194477]},"properties":{"z":153.1}},{"type":"Feature","geometry":{"type":"Point","coordinates":[135.8772859,34.7194791]},"properties":{"z":153.3}},{"type":"Feature","geometry":{"type":"Point","coordinates":[135.8773262,34.7195095]},"properties":{"z":153.3}},{"type":"Feature","geometry":{"type":"Point","coordinates":[135.8773657,34.7195405]},"properties":{"z":153.6}},{"type":"Feature","geometry":{"type":"Point","coordinates":[135.8774007,34.719575]},"properties":{"z":153.6}},{"type":"Feature","geometry":{"type":"Point","coordinates":[135.8774365,34.719609]},"properties":{"z":152.3}},{"type":"Feature","geometry":{"type":"Point","coordinates":[135.8774738,34.7196418]},"properties":{"z":154.1}},{"type":"Feature","geometry":{"type":"Point","coordinates":[135.8775106,34.7196751]},"properties":{"z":152.8}},{"type":"Feature","geometry":{"type":"Point","coordinates":[135.8775465,34.719709]},"properties":{"z":154.6}},{"type":"Feature","geometry":{"type":"Point","coordinates":[135.877581,34.7197438]},"properties":{"z":154.6}},{"type":"Feature","geometry":{"type":"Point","coordinates":[135.877613,34.7197803]},"properties":{"z":153.4}},{"type":"Feature","geometry":{"type":"Point","coordinates":[135.8776444,34.7198171]},"properties":{"z":154.2}},{"type":"Feature","geometry":{"type":"Point","coordinates":[135.8776709,34.7198564]},"properties":{"z":154.2}},{"type":"Feature","geometry":{"type":"Point","coordinates":[135.8776975,34.7198957]},"properties":{"z":153.1}},{"type":"Feature","geometry":{"type":"Point","coordinates":[135.8777211,34.7199362]},"properties":{"z":155.0}},{"type":"Feature","geometry":{"type":"Point","coordinates":[135.8777431,34.7199773]},"properties":{"z":153.8}},{"type":"Feature","geometry":{"type":"Point","coordinates":[135.8777647,34.7200186]},"properties":{"z":153.8}},{"type":"Feature","geometry":{"type":"Point","coordinates":[135.8777816,34.7200613]},"properties":{"z":152.5}},{"type":"Feature","geometry":{"type":"Point","coordinates":[135.8777985,34.7201041]},"properties":{"z":152.0}},{"type":"Feature","geometry":{"type":"Point","coordinates":[135.8778153,34.7201469]},"properties":{"z":152.0}},{"type":"Feature","geometry":{"type":"Point","coordinates":[135.8778318,34.7201897]},"properties":{"z":151.1}},{"type":"Feature","geometry":{"type":"Point","coordinates":[135.8778482,34.7202326]},"properties":{"z":151.1}},{"type":"Feature","geometry":{"type":"Point","coordinates":[135.8778639,34.7202757]},"properties":{"z":150.8}},{"type":"Feature","geometry":{"type":"Point","coordinates":[135.8778784,34.720319]},"properties":{"z":153.3}},{"type":"Feature","geometry":{"type":"Point","coordinates":[135.8778929,34.7203624]},"properties":{"z":153.3}},{"type":"Feature","geometry":{"type":"Point","coordinates":[135.8779082,34.7204055]},"properties":{"z":152.9}},{"type":"Feature","geometry":{"type":"Point","coordinates":[135.877925,34.7204483]},"properties":{"z":152.9}},{"type":"Feature","geometry":{"type":"Point","coordinates":[135.8779418,34.7204911]},"properties":{"z":151.1}},{"type":"Feature","geometry":{"type":"Point","coordinates":[135.8779583,34.7205339]},"properties":{"z":150.2}},{"type":"Feature","geometry":{"type":"Point","coordinates":[135.8779729,34.7205772]},"properties":{"z":150.3}},{"type":"Feature","geometry":{"type":"Point","coordinates":[135.8779875,34.7206206]},"properties":{"z":149.5}},{"type":"Feature","geometry":{"type":"Point","coordinates":[135.8780021,34.7206639]},"properties":{"z":149.3}},{"type":"Feature","geometry":{"type":"Point","coordinates":[135.878015,34.7207076]},"properties":{"z":149.3}},{"type":"Feature","geometry":{"type":"Point","coordinates":[135.8780278,34.7207513]},"properties":{"z":149.1}},{"type":"Feature","geometry":{"type":"Point","coordinates":[135.8780406,34.720795]},"properties":{"z":149.1}},{"type":"Feature","geometry":{"type":"Point","coordinates":[135.8780551,34.7208383]},"properties":{"z":149.2}},{"type":"Feature","geometry":{"type":"Point","coordinates":[135.8780706,34.7208814]},"properties":{"z":149.0}},{"type":"Feature","geometry":{"type":"Point","coordinates":[135.8780862,34.7209245]},"properties":{"z":149.0}},{"type":"Feature","geometry":{"type":"Point","coordinates":[135.8781018,34.7209676]},"properties":{"z":148.8}},{"type":"Feature","geometry":{"type":"Point","coordinates":[135.8781177,34.7210106]},"properties":{"z":148.8}},{"type":"Feature","geometry":{"type":"Point","coordinates":[135.8781336,34.7210536]},"properties":{"z":148.6}},{"type":"Feature","geometry":{"type":"Point","coordinates":[135.8781495,34.7210966]},"properties":{"z":148.6}},{"type":"Feature","geometry":{"type":"Point","coordinates":[135.878169,34.7211386]},"properties":{"z":148.6}},{"type":"Feature","geometry":{"type":"Point","coordinates":[135.8781889,34.7211804]},"properties":{"z":148.2}},{"type":"Feature","geometry":{"type":"Point","coordinates":[135.8782089,34.7212223]},"properties":{"z":148.2}},{"type":"Feature","geometry":{"type":"Point","coordinates":[135.8782322,34.7212628]},"properties":{"z":148.4}},{"type":"Feature","geometry":{"type":"Point","coordinates":[135.8782594,34.7213018]},"properties":{"z":148.0}},{"type":"Feature","geometry":{"type":"Point","coordinates":[135.8782867,34.7213408]},"properties":{"z":148.0}},{"type":"Feature","geometry":{"type":"Point","coordinates":[135.8783141,34.7213797]},"properties":{"z":148.0}},{"type":"Feature","geometry":{"type":"Point","coordinates":[135.8783507,34.7214131]},"properties":{"z":148.0}},{"type":"Feature","geometry":{"type":"Point","coordinates":[135.8783872,34.7214465]},"properties":{"z":147.5}},{"type":"Feature","geometry":{"type":"Point","coordinates":[135.8784238,34.7214799]},"properties":{"z":148.0}},{"type":"Feature","geometry":{"type":"Point","coordinates":[135.8784655,34.7215085]},"properties":{"z":148.0}},{"type":"Feature","geometry":{"type":"Point","coordinates":[135.8785108,34.7215337]},"properties":{"z":147.8}},{"type":"Feature","geometry":{"type":"Point","coordinates":[135.8785561,34.7215589]},"properties":{"z":147.8}},{"type":"Feature","geometry":{"type":"Point","coordinates":[135.8786031,34.7215813]},"properties":{"z":147.3}},{"type":"Feature","geometry":{"type":"Point","coordinates":[135.8786548,34.7215959]},"properties":{"z":147.7}},{"type":"Feature","geometry":{"type":"Point","coordinates":[135.8787066,34.7216104]},"properties":{"z":147.7}},{"type":"Feature","geometry":{"type":"Point","coordinates":[135.8787591,34.7216225]},"properties":{"z":148.0}},{"type":"Feature","geometry":{"type":"Point","coordinates":[135.8788131,34.7216292]},"properties":{"z":148.0}},{"type":"Feature","geometry":{"type":"Point","coordinates":[135.8788672,34.7216359]},"properties":{"z":148.1}},{"type":"Feature","geometry":{"type":"Point","coordinates":[135.8789218,34.7216375]},"properties":{"z":148.3}},{"type":"Feature","geometry":{"type":"Point","coordinates":[135.8789765,34.7216376]},"properties":{"z":148.3}},{"type":"Feature","geometry":{"type":"Point","coordinates":[135.8790311,34.721636]},"properties":{"z":148.4}},{"type":"Feature","geometry":{"type":"Point","coordinates":[135.8790856,34.7216323]},"properties":{"z":148.5}},{"type":"Feature","geometry":{"type":"Point","coordinates":[135.87914,34.7216282]},"properties":{"z":148.5}},{"type":"Feature","geometry":{"type":"Point","coordinates":[135.8791944,34.7216232]},"properties":{"z":148.7}},{"type":"Feature","geometry":{"type":"Point","coordinates":[135.8792487,34.7216182]},"properties":{"z":148.7}},{"type":"Feature","geometry":{"type":"Point","coordinates":[135.8793031,34.721613]},"properties":{"z":148.8}},{"type":"Feature","geometry":{"type":"Point","coordinates":[135.8793573,34.7216076]},"properties":{"z":148.8}},{"type":"Feature","geometry":{"type":"Point","coordinates":[135.8794114,34.7216006]},"properties":{"z":148.8}},{"type":"Feature","geometry":{"type":"Point","coordinates":[135.8794654,34.7215935]},"properties":{"z":149.1}},{"type":"Feature","geometry":{"type":"Point","coordinates":[135.8795192,34.7215856]},"properties":{"z":149.6}},{"type":"Feature","geometry":{"type":"Point","coordinates":[135.879573,34.7215775]},"properties":{"z":150.3}},{"type":"Feature","geometry":{"type":"Point","coordinates":[135.8796267,34.7215689]},"properties":{"z":151.7}},{"type":"Feature","geometry":{"type":"Point","coordinates":[135.8796782,34.7215541]},"properties":{"z":151.7}},{"type":"Feature","geometry":{"type":"Point","coordinates":[135.8797284,34.7215365]},"properties":{"z":153.2}},{"type":"Feature","geometry":{"type":"Point","coordinates":[135.8797758,34.7215141]},"properties":{"z":152.9}},{"type":"Feature","geometry":{"type":"Point","coordinates":[135.8798203,34.7214881]},"properties":{"z":154.7}},{"type":"Feature","geometry":{"type":"Point","coordinates":[135.879863,34.7214601]},"properties":{"z":154.2}},{"type":"Feature","geometry":{"type":"Point","coordinates":[135.8799043,34.7214306]},"properties":{"z":155.7}},{"type":"Feature","geometry":{"type":"Point","coordinates":[135.8799455,34.721401]},"properties":{"z":154.9}},{"type":"Feature","geometry":{"type":"Point","coordinates":[135.8799855,34.7213704]},"properties":{"z":154.9}},{"type":"Feature","geometry":{"type":"Point","coordinates":[135.8800246,34.721339]},"properties":{"z":155.3}},{"type":"Feature","geometry":{"type":"Point","coordinates":[135.8800662,34.72131]},"properties":{"z":155.3}},{"type":"Feature","geometry":{"type":"Point","coordinates":[135.8801118,34.7212854]},"properties":{"z":155.0}},{"type":"Feature","geometry":{"type":"Point","coordinates":[135.8801609,34.7212655]},"properties":{"z":155.0}},{"type":"Feature","geometry":{"type":"Point","coordinates":[135.8802129,34.7212517]},"properties":{"z":153.8}},{"type":"Feature","geometry":{"type":"Point","coordinates":[135.8802651,34.7212383]},"properties":{"z":153.8}},{"type":"Feature","geometry":{"type":"Point","coordinates":[135.8803171,34.7212243]},"properties":{"z":154.1}},{"type":"Feature","geometry":{"type":"Point","coordinates":[135.8803691,34.7212105]},"properties":{"z":154.5}},{"type":"Feature","geometry":{"type":"Point","coordinates":[135.8804216,34.7211978]},"properties":{"z":154.5}},{"type":"Feature","geometry":{"type":"Point","coordinates":[135.8804738,34.7211846]},"properties":{"z":154.8}},{"type":"Feature","geometry":{"type":"Point","coordinates":[135.8805245,34.7211677]},"properties":{"z":154.8}},{"type":"Feature","geometry":{"type":"Point","coordinates":[135.8805747,34.7211498]},"properties":{"z":156.2}},{"type":"Feature","geometry":{"type":"Point","coordinates":[135.8806243,34.7211309]},"properties":{"z":156.1}},{"type":"Feature","geometry":{"type":"Point","coordinates":[135.8806735,34.7211112]},"properties":{"z":156.1}},{"type":"Feature","geometry":{"type":"Point","coordinates":[135.8807238,34.7210937]},"properties":{"z":155.9}},{"type":"Feature","geometry":{"type":"Point","coordinates":[135.8807725,34.7210732]},"properties":{"z":157.0}},{"type":"Feature","geometry":{"type":"Point","coordinates":[135.8808211,34.7210526]},"properties":{"z":156.6}},{"type":"Feature","geometry":{"type":"Point","coordinates":[135.8808689,34.7210309]},"properties":{"z":156.6}},{"type":"Feature","geometry":{"type":"Point","coordinates":[135.880915,34.7210066]},"properties":{"z":157.0}},{"type":"Feature","geometry":{"type":"Point","coordinates":[135.880961,34.7209824]},"properties":{"z":157.0}},{"type":"Feature","geometry":{"type":"Point","coordinates":[135.8810108,34.720964]},"properties":{"z":156.7}},{"type":"Feature","geometry":{"type":"Point","coordinates":[135.8810586,34.7209422]},"properties":{"z":157.2}},{"type":"Feature","geometry":{"type":"Point","coordinates":[135.8811016,34.7209149]},"properties":{"z":157.2}},{"type":"Feature","geometry":{"type":"Point","coordinates":[135.8811419,34.7208845]},"properties":{"z":157.6}},{"type":"Feature","geometry":{"type":"Point","coordinates":[135.8811834,34.7208552]},"properties":{"z":157.7}},{"type":"Feature","geometry":{"type":"Point","coordinates":[135.8812245,34.7208256]},"properties":{"z":158.0}},{"type":"Feature","geometry":{"type":"Point","coordinates":[135.8812645,34.720795]},"properties":{"z":158.3}},{"type":"Feature","geometry":{"type":"Point","coordinates":[135.8813003,34.7207611]},"properties":{"z":158.3}},{"type":"Feature","geometry":{"type":"Point","coordinates":[135.8813376,34.7207282]},"properties":{"z":158.7}},{"type":"Feature","geometry":{"type":"Point","coordinates":[135.8813762,34.7206964]},"properties":{"z":158.7}},{"type":"Feature","geometry":{"type":"Point","coordinates":[135.8814213,34.7206712]},"properties":{"z":159.1}},{"type":"Feature","geometry":{"type":"Point","coordinates":[135.8814592,34.7206405]},"properties":{"z":159.1}},{"type":"Feature","geometry":{"type":"Point","coordinates":[135.8814651,34.7205968]},"properties":{"z":159.1}},{"type":"Feature","geometry":{"type":"Point","coordinates":[135.8815075,34.7205699]},"properties":{"z":160.1}},{"type":"Feature","geometry":{"type":"Point","coordinates":[135.8815613,34.7205622]},"properties":{"z":160.1}},{"type":"Feature","geometry":{"type":"Point","coordinates":[135.8816155,34.7205568]},"properties":{"z":162.2}},{"type":"Feature","geometry":{"type":"Point","coordinates":[135.8816696,34.7205619]},"properties":{"z":166.7}},{"type":"Feature","geometry":{"type":"Point","coordinates":[135.8817228,34.7205675]},"properties":{"z":166.7}},{"type":"Feature","geometry":{"type":"Point","coordinates":[135.8817545,34.7206028]},"properties":{"z":171.8}},{"type":"Feature","geometry":{"type":"Point","coordinates":[135.8817986,34.7206272]},"properties":{"z":171.8}},{"type":"Feature","geometry":{"type":"Point","coordinates":[135.8817993,34.7206716]},"properties":{"z":172.9}},{"type":"Feature","geometry":{"type":"Point","coordinates":[135.8818203,34.7207125]},"properties":{"z":172.9}},{"type":"Feature","geometry":{"type":"Point","coordinates":[135.8818399,34.7207532]},"properties":{"z":175.8}},{"type":"Feature","geometry":{"type":"Point","coordinates":[135.8818608,34.7207936]},"properties":{"z":175.8}},{"type":"Feature","geometry":{"type":"Point","coordinates":[135.8818904,34.7208314]},"properties":{"z":175.2}},{"type":"Feature","geometry":{"type":"Point","coordinates":[135.8819177,34.7208703]},"properties":{"z":177.0}},{"type":"Feature","geometry":{"type":"Point","coordinates":[135.8819474,34.720908]},"properties":{"z":175.3}},{"type":"Feature","geometry":{"type":"Point","coordinates":[135.8819819,34.7209422]},"properties":{"z":175.3}},{"type":"Feature","geometry":{"type":"Point","coordinates":[135.8820299,34.7209634]},"properties":{"z":174.4}},{"type":"Feature","geometry":{"type":"Point","coordinates":[135.8820831,34.7209701]},"properties":{"z":175.1}},{"type":"Feature","geometry":{"type":"Point","coordinates":[135.8821317,34.7209579]},"properties":{"z":175.1}},{"type":"Feature","geometry":{"type":"Point","coordinates":[135.882178,34.7209341]},"properties":{"z":178.2}},{"type":"Feature","geometry":{"type":"Point","coordinates":[135.8822286,34.7209192]},"properties":{"z":178.2}},{"type":"Feature","geometry":{"type":"Point","coordinates":[135.8822811,34.7209111]},"properties":{"z":179.2}},{"type":"Feature","geometry":{"type":"Point","coordinates":[135.8823326,34.7209049]},"properties":{"z":179.2}},{"type":"Feature","geometry":{"type":"Point","coordinates":[135.8823807,34.7208861]},"properties":{"z":181.1}},{"type":"Feature","geometry":{"type":"Point","coordinates":[135.8824348,34.720892]},"properties":{"z":182.9}},{"type":"Feature","geometry":{"type":"Point","coordinates":[135.882477,34.7208665]},"properties":{"z":185.5}},{"type":"Feature","geometry":{"type":"Point","coordinates":[135.8825221,34.7208462]},"properties":{"z":186.0}},{"type":"Feature","geometry":{"type":"Point","coordinates":[135.8825751,34.7208556]},"properties":{"z":186.0}},{"type":"Feature","geometry":{"type":"Point","coordinates":[135.882627,34.7208504]},"properties":{"z":185.8}},{"type":"Feature","geometry":{"type":"Point","coordinates":[135.8826794,34.72084]},"properties":{"z":185.8}},{"type":"Feature","geometry":{"type":"Point","coordinates":[135.8827334,34.7208436]},"properties":{"z":185.8}},{"type":"Feature","geometry":{"type":"Point","coordinates":[135.8827858,34.7208554]},"properties":{"z":186.4}},{"type":"Feature","geometry":{"type":"Point","coordinates":[135.8828267,34.720863]},"properties":{"z":186.4}},{"type":"Feature","geometry":{"type":"Point","coordinates":[135.8828533,34.7208999]},"properties":{"z":184.0}},{"type":"Feature","geometry":{"type":"Point","coordinates":[135.882894,34.7209294]},"properties":{"z":184.4}},{"type":"Feature","geometry":{"type":"Point","coordinates":[135.8829318,34.7209597]},"properties":{"z":183.5}},{"type":"Feature","geometry":{"type":"Point","coordinates":[135.8829453,34.721003]},"properties":{"z":185.7}},{"type":"Feature","geometry":{"type":"Point","coordinates":[135.8829726,34.7210407]},"properties":{"z":187.7}},{"type":"Feature","geometry":{"type":"Point","coordinates":[135.8829822,34.7210847]},"properties":{"z":187.7}},{"type":"Feature","geometry":{"type":"Point","coordinates":[135.8829951,34.721128]},"properties":{"z":189.1}},{"type":"Feature","geometry":{"type":"Point","coordinates":[135.8830191,34.7211681]},"properties":{"z":190.2}},{"type":"Feature","geometry":{"type":"Point","coordinates":[135.8830467,34.7212064]},"properties":{"z":192.8}},{"type":"Feature","geometry":{"type":"Point","coordinates":[135.8830813,34.7212407]},"properties":{"z":193.5}},{"type":"Feature","geometry":{"type":"Point","coordinates":[135.8831099,34.7212788]},"properties":{"z":193.5}},{"type":"Feature","geometry":{"type":"Point","coordinates":[135.8831353,34.7213185]},"properties":{"z":195.1}},{"type":"Feature","geometry":{"type":"Point","coordinates":[135.8831667,34.721355]},"properties":{"z":195.1}},{"type":"Feature","geometry":{"type":"Point","coordinates":[135.8831888,34.7213948]},"properties":{"z":193.8}},{"type":"Feature","geometry":{"type":"Point","coordinates":[135.88321,34.7214353]},"properties":{"z":195.9}},{"type":"Feature","geometry":{"type":"Point","coordinates":[135.8832193,34.7214795]},"properties":{"z":194.6}},{"type":"Feature","geometry":{"type":"Point","coordinates":[135.883216,34.7215243]},"properties":{"z":194.4}},{"type":"Feature","geometry":{"type":"Point","coordinates":[135.8832044,34.721568]},"properties":{"z":194.4}},{"type":"Feature","geometry":{"type":"Point","coordinates":[135.8832022,34.7216129]},"properties":{"z":194.8}},{"type":"Feature","geometry":{"type":"Point","coordinates":[135.8832037,34.7216575]},"properties":{"z":195.8}},{"type":"Feature","geometry":{"type":"Point","coordinates":[135.8831895,34.7217009]},"properties":{"z":193.8}},{"type":"Feature","geometry":{"type":"Point","coordinates":[135.8831619,34.7217394]},"properties":{"z":195.2}},{"type":"Feature","geometry":{"type":"Point","coordinates":[135.8831245,34.7217721]},"properties":{"z":195.2}},{"type":"Feature","geometry":{"type":"Point","coordinates":[135.8830936,34.721809]},"properties":{"z":195.0}},{"type":"Feature","geometry":{"type":"Point","coordinates":[135.8830652,34.7218475]},"properties":{"z":195.0}},{"type":"Feature","geometry":{"type":"Point","coordinates":[135.8830361,34.7218853]},"properties":{"z":196.3}},{"type":"Feature","geometry":{"type":"Point","coordinates":[135.8830009,34.721915]},"properties":{"z":194.6}},{"type":"Feature","geometry":{"type":"Point","coordinates":[135.8829748,34.7219538]},"properties":{"z":195.8}},{"type":"Feature","geometry":{"type":"Point","coordinates":[135.8829478,34.7219927]},"properties":{"z":195.8}},{"type":"Feature","geometry":{"type":"Point","coordinates":[135.8829262,34.7220334]},"properties":{"z":195.5}},{"type":"Feature","geometry":{"type":"Point","coordinates":[135.8829059,34.7220751]},"properties":{"z":196.4}},{"type":"Feature","geometry":{"type":"Point","coordinates":[135.8828949,34.7221185]},"properties":{"z":196.4}},{"type":"Feature","geometry":{"type":"Point","coordinates":[135.8828884,34.7221631]},"properties":{"z":196.7}},{"type":"Feature","geometry":{"type":"Point","coordinates":[135.8828926,34.7222069]},"properties":{"z":196.7}},{"type":"Feature","geometry":{"type":"Point","coordinates":[135.8829124,34.7222486]},"properties":{"z":194.6}},{"type":"Feature","geometry":{"type":"Point","coordinates":[135.882951,34.7222804]},"properties":{"z":195.6}},{"type":"Feature","geometry":{"type":"Point","coordinates":[135.8829856,34.722314]},"properties":{"z":193.6}},{"type":"Feature","geometry":{"type":"Point","coordinates":[135.8830227,34.7223449]},"properties":{"z":193.6}},{"type":"Feature","geometry":{"type":"Point","coordinates":[135.8830739,34.7223602]},"properties":{"z":192.9}},{"type":"Feature","geometry":{"type":"Point","coordinates":[135.8831277,34.7223535]},"properties":{"z":195.9}},{"type":"Feature","geometry":{"type":"Point","coordinates":[135.8831766,34.7223335]},"properties":{"z":195.9}},{"type":"Feature","geometry":{"type":"Point","coordinates":[135.8832286,34.722324]},"properties":{"z":197.1}},{"type":"Feature","geometry":{"type":"Point","coordinates":[135.8832828,34.7223262]},"properties":{"z":197.1}},{"type":"Feature","geometry":{"type":"Point","coordinates":[135.8833314,34.7223101]},"properties":{"z":198.3}},{"type":"Feature","geometry":{"type":"Point","coordinates":[135.8833859,34.7223066]},"properties":{"z":200.0}},{"type":"Feature","geometry":{"type":"Point","coordinates":[135.8834397,34.7222988]},"properties":{"z":200.0}},{"type":"Feature","geometry":{"type":"Point","coordinates":[135.8834908,34.7222836]},"properties":{"z":205.5}},{"type":"Feature","geometry":{"type":"Point","coordinates":[135.8835419,34.7222698]},"properties":{"z":207.6}},{"type":"Feature","geometry":{"type":"Point","coordinates":[135.8835944,34.7222572]},"properties":{"z":207.6}},{"type":"Feature","geometry":{"type":"Point","coordinates":[135.8836476,34.7222634]},"properties":{"z":209.4}},{"type":"Feature","geometry":{"type":"Point","coordinates":[135.8836996,34.7222771]},"properties":{"z":209.4}},{"type":"Feature","geometry":{"type":"Point","coordinates":[135.883736,34.7223071]},"properties":{"z":208.4}},{"type":"Feature","geometry":{"type":"Point","coordinates":[135.8837624,34.7223463]},"properties":{"z":208.4}},{"type":"Feature","geometry":{"type":"Point","coordinates":[135.8837817,34.7223882]},"properties":{"z":206.5}},{"type":"Feature","geometry":{"type":"Point","coordinates":[135.883806,34.7224277]},"properties":{"z":206.8}},{"type":"Feature","geometry":{"type":"Point","coordinates":[135.8838272,34.7224687]},"properties":{"z":206.8}},{"type":"Feature","geometry":{"type":"Point","coordinates":[135.8838653,34.7224986]},"properties":{"z":205.6}},{"type":"Feature","geometry":{"type":"Point","coordinates":[135.8839043,34.7225293]},"properties":{"z":207.8}},{"type":"Feature","geometry":{"type":"Point","coordinates":[135.8839304,34.7225686]},"properties":{"z":206.9}},{"type":"Feature","geometry":{"type":"Point","coordinates":[135.8839517,34.7226096]},"properties":{"z":206.9}},{"type":"Feature","geometry":{"type":"Point","coordinates":[135.8839482,34.7226537]},"properties":{"z":206.4}},{"type":"Feature","geometry":{"type":"Point","coordinates":[135.8839603,34.7226962]},"properties":{"z":206.4}},{"type":"Feature","geometry":{"type":"Point","coordinates":[135.8839811,34.7227376]},"properties":{"z":209.3}},{"type":"Feature","geometry":{"type":"Point","coordinates":[135.8840135,34.7227736]},"properties":{"z":209.3}},{"type":"Feature","geometry":{"type":"Point","coordinates":[135.8840411,34.7228121]},"properties":{"z":212.6}},{"type":"Feature","geometry":{"type":"Point","coordinates":[135.8840489,34.7228547]},"properties":{"z":215.1}},{"type":"Feature","geometry":{"type":"Point","coordinates":[135.8840409,34.722899]},"properties":{"z":215.1}},{"type":"Feature","geometry":{"type":"Point","coordinates":[135.8840182,34.7229399]},"properties":{"z":217.2}},{"type":"Feature","geometry":{"type":"Point","coordinates":[135.8840025,34.7229827]},"properties":{"z":217.2}},{"type":"Feature","geometry":{"type":"Point","coordinates":[135.8839839,34.7230248]},"properties":{"z":217.9}},{"type":"Feature","geometry":{"type":"Point","coordinates":[135.8839695,34.7230677]},"properties":{"z":215.8}},{"type":"Feature","geometry":{"type":"Point","coordinates":[135.8839477,34.7231086]},"properties":{"z":215.8}},{"type":"Feature","geometry":{"type":"Point","coordinates":[135.8839347,34.7231521]},"properties":{"z":216.1}},{"type":"Feature","geometry":{"type":"Point","coordinates":[135.883923,34.7231953]},"properties":{"z":216.1}},{"type":"Feature","geometry":{"type":"Point","coordinates":[135.8839024,34.7232365]},"properties":{"z":216.3}},{"type":"Feature","geometry":{"type":"Point","coordinates":[135.8838886,34.72328]},"properties":{"z":216.4}},{"type":"Feature","geometry":{"type":"Point","coordinates":[135.8838751,34.7233235]},"properties":{"z":213.9}},{"type":"Feature","geometry":{"type":"Point","coordinates":[135.8838682,34.7233681]},"properties":{"z":214.0}},{"type":"Feature","geometry":{"type":"Point","coordinates":[135.8838604,34.7234125]},"properties":{"z":214.0}},{"type":"Feature","geometry":{"type":"Point","coordinates":[135.883861,34.7234571]},"properties":{"z":215.2}},{"type":"Feature","geometry":{"type":"Point","coordinates":[135.8838708,34.7235009]},"properties":{"z":216.7}},{"type":"Feature","geometry":{"type":"Point","coordinates":[135.8838824,34.7235441]},"properties":{"z":216.7}},{"type":"Feature","geometry":{"type":"Point","coordinates":[135.8839128,34.7235809]},"properties":{"z":219.5}},{"type":"Feature","geometry":{"type":"Point","coordinates":[135.8839532,34.723611]},"properties":{"z":219.5}},{"type":"Feature","geometry":{"type":"Point","coordinates":[135.8839918,34.7236428]},"properties":{"z":222.1}},{"type":"Feature","geometry":{"type":"Point","coordinates":[135.8840314,34.7236738]},"properties":{"z":222.1}},{"type":"Feature","geometry":{"type":"Point","coordinates":[135.8840736,34.7237024]},"properties":{"z":223.1}},{"type":"Feature","geometry":{"type":"Point","coordinates":[135.8841131,34.7237334]},"properties":{"z":223.1}},{"type":"Feature","geometry":{"type":"Point","coordinates":[135.8841574,34.7237593]},"properties":{"z":223.9}},{"type":"Feature","geometry":{"type":"Point","coordinates":[135.8841981,34.7237892]},"properties":{"z":222.7}},{"type":"Feature","geometry":{"type":"Point","coordinates":[135.8842446,34.7238122]},"properties":{"z":223.7}},{"type":"Feature","geometry":{"type":"Point","coordinates":[135.8842879,34.7238388]},"properties":{"z":222.5}},{"type":"Feature","geometry":{"type":"Point","coordinates":[135.884336,34.7238543]},"properties":{"z":224.1}},{"type":"Feature","geometry":{"type":"Point","coordinates":[135.8843866,34.7238704]},"properties":{"z":224.1}},{"type":"Feature","geometry":{"type":"Point","coordinates":[135.8844313,34.7238963]},"properties":{"z":225.6}},{"type":"Feature","geometry":{"type":"Point","coordinates":[135.8844733,34.7239247]},"properties":{"z":224.0}},{"type":"Feature","geometry":{"type":"Point","coordinates":[135.8845042,34.7239615]},"properties":{"z":225.2}},{"type":"Feature","geometry":{"type":"Point","coordinates":[135.8845152,34.7240052]},"properties":{"z":223.2}},{"type":"Feature","geometry":{"type":"Point","coordinates":[135.8845555,34.7240356]},"properties":{"z":223.2}},{"type":"Feature","geometry":{"type":"Point","coordinates":[135.8845953,34.7240649]},"properties":{"z":223.5}},{"type":"Feature","geometry":{"type":"Point","coordinates":[135.8846316,34.7240983]},"properties":{"z":223.5}},{"type":"Feature","geometry":{"type":"Point","coordinates":[135.8846743,34.724126]},"properties":{"z":224.0}},{"type":"Feature","geometry":{"type":"Point","coordinates":[135.8847216,34.7241443]},"properties":{"z":224.0}},{"type":"Feature","geometry":{"type":"Point","coordinates":[135.8847757,34.7241381]},"properties":{"z":224.3}},{"type":"Feature","geometry":{"type":"Point","coordinates":[135.8848292,34.7241289]},"properties":{"z":224.0}},{"type":"Feature","geometry":{"type":"Point","coordinates":[135.8848836,34.724128]},"properties":{"z":224.0}},{"type":"Feature","geometry":{"type":"Point","coordinates":[135.8849356,34.7241163]},"properties":{"z":226.5}},{"type":"Feature","geometry":{"type":"Point","coordinates":[135.8849845,34.7240992]},"properties":{"z":226.5}},{"type":"Feature","geometry":{"type":"Point","coordinates":[135.88503,34.7240743]},"properties":{"z":228.4}},{"type":"Feature","geometry":{"type":"Point","coordinates":[135.8850813,34.7240589]},"properties":{"z":228.4}},{"type":"Feature","geometry":{"type":"Point","coordinates":[135.8851327,34.7240436]},"properties":{"z":234.7}},{"type":"Feature","geometry":{"type":"Point","coordinates":[135.8851862,34.7240382]},"properties":{"z":235.0}},{"type":"Feature","geometry":{"type":"Point","coordinates":[135.8852396,34.7240459]},"properties":{"z":235.0}},{"type":"Feature","geometry":{"type":"Point","coordinates":[135.8852897,34.7240313]},"properties":{"z":234.1}},{"type":"Feature","geometry":{"type":"Point","coordinates":[135.8853418,34.7240189]},"properties":{"z":234.1}},{"type":"Feature","geometry":{"type":"Point","coordinates":[135.8853923,34.7240327]},"properties":{"z":233.4}},{"type":"Feature","geometry":{"type":"Point","coordinates":[135.8854451,34.7240405]},"properties":{"z":233.0}},{"type":"Feature","geometry":{"type":"Point","coordinates":[135.8854982,34.7240308]},"properties":{"z":233.0}},{"type":"Feature","geometry":{"type":"Point","coordinates":[135.8855491,34.7240226]},"properties":{"z":232.7}},{"type":"Feature","geometry":{"type":"Point","coordinates":[135.8856019,34.7240327]},"properties":{"z":232.2}},{"type":"Feature","geometry":{"type":"Point","coordinates":[135.8856562,34.7240288]},"properties":{"z":232.2}},{"type":"Feature","geometry":{"type":"Point","coordinates":[135.8857079,34.7240173]},"properties":{"z":231.5}},{"type":"Feature","geometry":{"type":"Point","coordinates":[135.8857604,34.7240051]},"properties":{"z":231.5}},{"type":"Feature","geometry":{"type":"Point","coordinates":[135.8858078,34.7239838]},"properties":{"z":231.1}},{"type":"Feature","geometry":{"type":"Point","coordinates":[135.8858492,34.7239544]},"properties":{"z":233.3}},{"type":"Feature","geometry":{"type":"Point","coordinates":[135.8858969,34.7239357]},"properties":{"z":232.4}},{"type":"Feature","geometry":{"type":"Point","coordinates":[135.885945,34.7239153]},"properties":{"z":232.9}},{"type":"Feature","geometry":{"type":"Point","coordinates":[135.8859832,34.7238833]},"properties":{"z":234.0}},{"type":"Feature","geometry":{"type":"Point","coordinates":[135.88602,34.7238504]},"properties":{"z":234.0}},{"type":"Feature","geometry":{"type":"Point","coordinates":[135.8860721,34.723843]},"properties":{"z":234.8}},{"type":"Feature","geometry":{"type":"Point","coordinates":[135.8861251,34.7238365]},"properties":{"z":236.6}},{"type":"Feature","geometry":{"type":"Point","coordinates":[135.8861747,34.7238181]},"properties":{"z":236.6}},{"type":"Feature","geometry":{"type":"Point","coordinates":[135.8862031,34.7237812]},"properties":{"z":238.2}},{"type":"Feature","geometry":{"type":"Point","coordinates":[135.8861948,34.7237372]},"properties":{"z":237.1}},{"type":"Feature","geometry":{"type":"Point","coordinates":[135.886176,34.7236958]},"properties":{"z":237.8}},{"type":"Feature","geometry":{"type":"Point","coordinates":[135.8861402,34.7236618]},"properties":{"z":237.8}},{"type":"Feature","geometry":{"type":"Point","coordinates":[135.8861038,34.7236283]},"properties":{"z":236.8}},{"type":"Feature","geometry":{"type":"Point","coordinates":[135.8860667,34.7235954]},"properties":{"z":237.6}},{"type":"Feature","geometry":{"type":"Point","coordinates":[135.8860247,34.7235665]},"properties":{"z":238.1}},{"type":"Feature","geometry":{"type":"Point","coordinates":[135.8859833,34.7235372]},"properties":{"z":238.4}},{"type":"Feature","geometry":{"type":"Point","coordinates":[135.8859435,34.7235063]},"properties":{"z":239.0}},{"type":"Feature","geometry":{"type":"Point","coordinates":[135.8859091,34.7234715]},"properties":{"z":239.1}},{"type":"Feature","geometry":{"type":"Point","coordinates":[135.8858769,34.7234352]},"properties":{"z":239.1}},{"type":"Feature","geometry":{"type":"Point","coordinates":[135.8858456,34.7233983]},"properties":{"z":239.5}},{"type":"Feature","geometry":{"type":"Point","coordinates":[135.8858183,34.7233594]},"properties":{"z":239.5}},{"type":"Feature","geometry":{"type":"Point","coordinates":[135.8857964,34.7233183]},"properties":{"z":240.0}},{"type":"Feature","geometry":{"type":"Point","coordinates":[135.8857792,34.7232757]},"properties":{"z":240.0}},{"type":"Feature","geometry":{"type":"Point","coordinates":[135.885768,34.7232318]},"properties":{"z":241.4}},{"type":"Feature","geometry":{"type":"Point","coordinates":[135.8857611,34.7231872]},"properties":{"z":242.4}},{"type":"Feature","geometry":{"type":"Point","coordinates":[135.8857569,34.7231424]},"properties":{"z":242.4}},{"type":"Feature","geometry":{"type":"Point","coordinates":[135.8857574,34.7230975]},"properties":{"z":243.4}},{"type":"Feature","geometry":{"type":"Point","coordinates":[135.885762,34.7230527]},"properties":{"z":244.2}},{"type":"Feature","geometry":{"type":"Point","coordinates":[135.8857704,34.7230084]},"properties":{"z":244.2}},{"type":"Feature","geometry":{"type":"Point","coordinates":[135.8857811,34.7229643]},"properties":{"z":242.8}},{"type":"Feature","geometry":{"type":"Point","coordinates":[135.8857932,34.7229205]},"properties":{"z":242.8}},{"type":"Feature","geometry":{"type":"Point","coordinates":[135.8858091,34.7228775]},"properties":{"z":243.7}},{"type":"Feature","geometry":{"type":"Point","coordinates":[135.8858307,34.7228364]},"properties":{"z":244.7}},{"type":"Feature","geometry":{"type":"Point","coordinates":[135.8858568,34.7227969]},"properties":{"z":244.7}},{"type":"Feature","geometry":{"type":"Point","coordinates":[135.8858818,34.722757]},"properties":{"z":243.8}},{"type":"Feature","geometry":{"type":"Point","coordinates":[135.8859104,34.7227187]},"properties":{"z":243.8}},{"type":"Feature","geometry":{"type":"Point","coordinates":[135.8859397,34.7226808]},"properties":{"z":244.4}},{"type":"Feature","geometry":{"type":"Point","coordinates":[135.8859622,34.7226399]},"properties":{"z":243.8}},{"type":"Feature","geometry":{"type":"Point","coordinates":[135.8859696,34.7225955]},"properties":{"z":244.3}},{"type":"Feature","geometry":{"type":"Point","coordinates":[135.88598,34.7225514]},"properties":{"z":244.6}},{"type":"Feature","geometry":{"type":"Point","coordinates":[135.8859739,34.7225074]},"properties":{"z":244.6}},{"type":"Feature","geometry":{"type":"Point","coordinates":[135.8859571,34.7224647]},"properties":{"z":244.8}},{"type":"Feature","geometry":{"type":"Point","coordinates":[135.8859476,34.7224205]},"properties":{"z":245.0}},{"type":"Feature","geometry":{"type":"Point","coordinates":[135.8859385,34.7223763]},"properties":{"z":245.1}},{"type":"Feature","geometry":{"type":"Point","coordinates":[135.8859259,34.7223326]},"properties":{"z":245.5}},{"type":"Feature","geometry":{"type":"Point","coordinates":[135.8859185,34.7222881]},"properties":{"z":245.5}},{"type":"Feature","geometry":{"type":"Point","coordinates":[135.8859097,34.7222437]},"properties":{"z":245.8}},{"type":"Feature","geometry":{"type":"Point","coordinates":[135.8859102,34.7221989]},"properties":{"z":246.2}},{"type":"Feature","geometry":{"type":"Point","coordinates":[135.885907,34.722154]},"properties":{"z":246.2}},{"type":"Feature","geometry":{"type":"Point","coordinates":[135.8859037,34.7221092]},"properties":{"z":246.5}},{"type":"Feature","geometry":{"type":"Point","coordinates":[135.8858993,34.7220644]},"properties":{"z":246.9}},{"type":"Feature","geometry":{"type":"Point","coordinates":[135.8859004,34.7220196]},"properties":{"z":246.9}},{"type":"Feature","geometry":{"type":"Point","coordinates":[135.8859111,34.7219757]},"properties":{"z":247.3}},{"type":"Feature","geometry":{"type":"Point","coordinates":[135.8859315,34.7219341]},"properties":{"z":247.3}},{"type":"Feature","geometry":{"type":"Point","coordinates":[135.8859564,34.7218941]},"properties":{"z":248.2}},{"type":"Feature","geometry":{"type":"Point","coordinates":[135.8859824,34.7218545]},"properties":{"z":248.5}},{"type":"Feature","geometry":{"type":"Point","coordinates":[135.8860049,34.7218136]},"properties":{"z":248.5}},{"type":"Feature","geometry":{"type":"Point","coordinates":[135.8860158,34.7217697]},"properties":{"z":248.6}},{"type":"Feature","geometry":{"type":"Point","coordinates":[135.8860136,34.7217248]},"properties":{"z":248.6}},{"type":"Feature","geometry":{"type":"Point","coordinates":[135.8860121,34.7216799]},"properties":{"z":248.7}},{"type":"Feature","geometry":{"type":"Point","coordinates":[135.8860079,34.7216351]},"properties":{"z":248.8}},{"type":"Feature","geometry":{"type":"Point","coordinates":[135.8860011,34.7215905]},"properties":{"z":248.8}},{"type":"Feature","geometry":{"type":"Point","coordinates":[135.8859957,34.7215458]},"properties":{"z":249.1}},{"type":"Feature","geometry":{"type":"Point","coordinates":[135.8859924,34.7215009]},"properties":{"z":249.5}},{"type":"Feature","geometry":{"type":"Point","coordinates":[135.8859851,34.7214564]},"properties":{"z":249.5}},{"type":"Feature","geometry":{"type":"Point","coordinates":[135.8859823,34.7214117]},"properties":{"z":249.9}},{"type":"Feature","geometry":{"type":"Point","coordinates":[135.8859827,34.7213668]},"properties":{"z":250.8}},{"type":"Feature","geometry":{"type":"Point","coordinates":[135.8859786,34.721322]},"properties":{"z":250.8}},{"type":"Feature","geometry":{"type":"Point","coordinates":[135.8859774,34.7212772]},"properties":{"z":251.9}},{"type":"Feature","geometry":{"type":"Point","coordinates":[135.8859751,34.7212323]},"properties":{"z":251.9}},{"type":"Feature","geometry":{"type":"Point","coordinates":[135.88597,34.7211876]},"properties":{"z":253.2}},{"type":"Feature","geometry":{"type":"Point","coordinates":[135.885963,34.721143]},"properties":{"z":254.5}},{"type":"Feature","geometry":{"type":"Point","coordinates":[135.8859591,34.7210982]},"properties":{"z":254.5}},{"type":"Feature","geometry":{"type":"Point","coordinates":[135.885953,34.7210536]},"properties":{"z":255.7}},{"type":"Feature","geometry":{"type":"Point","coordinates":[135.8859533,34.7210087]},"properties":{"z":255.5}},{"type":"Feature","geometry":{"type":"Point","coordinates":[135.8859674,34.7209657]},"properties":{"z":255.5}},{"type":"Feature","geometry":{"type":"Point","coordinates":[135.8859959,34.7209275]},"properties":{"z":255.2}},{"type":"Feature","geometry":{"type":"Point","coordinates":[135.8860209,34.7208878]},"properties":{"z":255.2}},{"type":"Feature","geometry":{"type":"Point","coordinates":[135.8860311,34.7208439]},"properties":{"z":255.2}},{"type":"Feature","geometry":{"type":"Point","coordinates":[135.8860297,34.720799]},"properties":{"z":255.3}},{"type":"Feature","geometry":{"type":"Point","coordinates":[135.8860366,34.7207544]},"properties":{"z":255.7}},{"type":"Feature","geometry":{"type":"Point","coordinates":[135.8860425,34.7207097]},"properties":{"z":256.4}},{"type":"Feature","geometry":{"type":"Point","coordinates":[135.8860426,34.7206649]},"properties":{"z":256.4}},{"type":"Feature","geometry":{"type":"Point","coordinates":[135.8860366,34.7206202]},"properties":{"z":257.4}},{"type":"Feature","geometry":{"type":"Point","coordinates":[135.8860291,34.7205887]},"properties":{"z":258.1}},{"type":"Feature","geometry":{"type":"Point","coordinates":[135.886024,34.7206314]},"properties":{"z":257.2}},{"type":"Feature","geometry":{"type":"Point","coordinates":[135.8859722,34.7206458]},"properties":{"z":257.2}},{"type":"Feature","geometry":{"type":"Point","coordinates":[135.8859204,34.7206602]},"properties":{"z":256.8}},{"type":"Feature","geometry":{"type":"Point","coordinates":[135.8858686,34.7206746]},"properties":{"z":255.9}},{"type":"Feature","geometry":{"type":"Point","coordinates":[135.8858167,34.720689]},"properties":{"z":255.5}},{"type":"Feature","geometry":{"type":"Point","coordinates":[135.8858174,34.7206715]},"properties":{"z":255.5}},{"type":"Feature","geometry":{"type":"Point","coordinates":[135.8858711,34.7206684]},"properties":{"z":255.9}},{"type":"Feature","geometry":{"type":"Point","coordinates":[135.8859215,34.7206858]},"properties":{"z":255.9}},{"type":"Feature","geometry":{"type":"Point","coordinates":[135.8859043,34.7207143]},"properties":{"z":255.9}},{"type":"Feature","geometry":{"type":"Point","coordinates":[135.8858707,34.7207497]},"properties":{"z":255.0}},{"type":"Feature","geometry":{"type":"Point","coordinates":[135.8858248,34.7207723]},"properties":{"z":254.7}},{"type":"Feature","geometry":{"type":"Point","coordinates":[135.8857712,34.7207805]},"properties":{"z":254.1}},{"type":"Feature","geometry":{"type":"Point","coordinates":[135.8857166,34.7207802]},"properties":{"z":254.1}},{"type":"Feature","geometry":{"type":"Point","coordinates":[135.885662,34.7207784]},"properties":{"z":253.6}},{"type":"Feature","geometry":{"type":"Point","coordinates":[135.8856088,34.7207873]},"properties":{"z":253.6}},{"type":"Feature","geometry":{"type":"Point","coordinates":[135.8855585,34.7208002]},"properties":{"z":253.2}},{"type":"Feature","geometry":{"type":"Point","coordinates":[135.885507,34.7207853]},"properties":{"z":253.0}},{"type":"Feature","geometry":{"type":"Point","coordinates":[135.8854535,34.7207762]},"properties":{"z":253.0}},{"type":"Feature","geometry":{"type":"Point","coordinates":[135.8853996,34.720769]},"properties":{"z":253.2}},{"type":"Feature","geometry":{"type":"Point","coordinates":[135.8853456,34.7207624]},"properties":{"z":253.2}},{"type":"Feature","geometry":{"type":"Point","coordinates":[135.885291,34.7207635]},"properties":{"z":253.5}},{"type":"Feature","geometry":{"type":"Point","coordinates":[135.8852397,34.7207655]},"properties":{"z":253.8}},{"type":"Feature","geometry":{"type":"Point","coordinates":[135.8851909,34.7207456]},"properties":{"z":253.8}},{"type":"Feature","geometry":{"type":"Point","coordinates":[135.8851546,34.7207146]},"properties":{"z":254.8}},{"type":"Feature","geometry":{"type":"Point","coordinates":[135.8851334,34.7206735]},"properties":{"z":254.8}},{"type":"Feature","geometry":{"type":"Point","coordinates":[135.8851297,34.7206286]},"properties":{"z":255.4}},{"type":"Feature","geometry":{"type":"Point","coordinates":[135.8851339,34.7205848]},"properties":{"z":255.8}},{"type":"Feature","geometry":{"type":"Point","coordinates":[135.8851487,34.7205417]},"properties":{"z":255.8}},{"type":"Feature","geometry":{"type":"Point","coordinates":[135.8851576,34.7204974]},"properties":{"z":256.1}},{"type":"Feature","geometry":{"type":"Point","coordinates":[135.8851566,34.7204526]},"properties":{"z":256.1}},{"type":"Feature","geometry":{"type":"Point","coordinates":[135.8851644,34.7204081]},"properties":{"z":256.0}},{"type":"Feature","geometry":{"type":"Point","coordinates":[135.8851809,34.7203653]},"properties":{"z":257.6}},{"type":"Feature","geometry":{"type":"Point","coordinates":[135.8851705,34.7203213]},"properties":{"z":256.2}},{"type":"Feature","geometry":{"type":"Point","coordinates":[135.8851478,34.7202804]},"properties":{"z":256.5}},{"type":"Feature","geometry":{"type":"Point","coordinates":[135.8851232,34.7202402]},"properties":{"z":256.5}},{"type":"Feature","geometry":{"type":"Point","coordinates":[135.8850958,34.7202014]},"properties":{"z":257.0}},{"type":"Feature","geometry":{"type":"Point","coordinates":[135.885062,34.720166]},"properties":{"z":256.3}},{"type":"Feature","geometry":{"type":"Point","coordinates":[135.8850264,34.7201319]},"properties":{"z":256.3}},{"type":"Feature","geometry":{"type":"Point","coordinates":[135.8849911,34.7200976]},"properties":{"z":255.5}},{"type":"Feature","geometry":{"type":"Point","coordinates":[135.8849556,34.7200634]},"properties":{"z":255.5}},{"type":"Feature","geometry":{"type":"Point","coordinates":[135.8849183,34.7200306]},"properties":{"z":255.5}},{"type":"Feature","geometry":{"type":"Point","coordinates":[135.8848807,34.7199979]},"properties":{"z":255.2}},{"type":"Feature","geometry":{"type":"Point","coordinates":[135.8848421,34.7199661]},"properties":{"z":255.2}},{"type":"Feature","geometry":{"type":"Point","coordinates":[135.8848015,34.719936]},"properties":{"z":255.1}},{"type":"Feature","geometry":{"type":"Point","coordinates":[135.8847581,34.7199087]},"properties":{"z":255.1}},{"type":"Feature","geometry":{"type":"Point","coordinates":[135.8847133,34.7198829]},"properties":{"z":255.4}},{"type":"Feature","geometry":{"type":"Point","coordinates":[135.8846673,34.7198587]},"properties":{"z":255.4}},{"type":"Feature","geometry":{"type":"Point","coordinates":[135.8846218,34.7198337]},"properties":{"z":254.0}},{"type":"Feature","geometry":{"type":"Point","coordinates":[135.8845763,34.7198089]},"properties":{"z":256.2}},{"type":"Feature","geometry":{"type":"Point","coordinates":[135.8845352,34.7197793]},"properties":{"z":255.3}},{"type":"Feature","geometry":{"type":"Point","coordinates":[135.8844955,34.7197484]},"properties":{"z":255.3}},{"type":"Feature","geometry":{"type":"Point","coordinates":[135.8844583,34.7197155]},"properties":{"z":256.3}},{"type":"Feature","geometry":{"type":"Point","coordinates":[135.8844239,34.7196809]},"properties":{"z":256.3}},{"type":"Feature","geometry":{"type":"Point","coordinates":[135.8843937,34.7196447]},"properties":{"z":256.3}},{"type":"Feature","geometry":{"type":"Point","coordinates":[135.8843807,34.7196011]},"properties":{"z":257.4}},{"type":"Feature","geometry":{"type":"Point","coordinates":[135.8843685,34.7195573]},"properties":{"z":257.4}},{"type":"Feature","geometry":{"type":"Point","coordinates":[135.8843603,34.7195129]},"properties":{"z":258.4}},{"type":"Feature","geometry":{"type":"Point","coordinates":[135.8843513,34.7194686]},"properties":{"z":258.4}},{"type":"Feature","geometry":{"type":"Point","coordinates":[135.8843475,34.7194238]},"properties":{"z":258.9}},{"type":"Feature","geometry":{"type":"Point","coordinates":[135.8843351,34.7193804]},"properties":{"z":259.2}},{"type":"Feature","geometry":{"type":"Point","coordinates":[135.8843121,34.7193397]},"properties":{"z":257.6}},{"type":"Feature","geometry":{"type":"Point","coordinates":[135.8842839,34.7193012]},"properties":{"z":257.8}},{"type":"Feature","geometry":{"type":"Point","coordinates":[135.8842675,34.719259]},"properties":{"z":257.8}},{"type":"Feature","geometry":{"type":"Point","coordinates":[135.8842602,34.7192145]},"properties":{"z":257.8}},{"type":"Feature","geometry":{"type":"Point","coordinates":[135.8842749,34.7191722]},"properties":{"z":257.9}},{"type":"Feature","geometry":{"type":"Point","coordinates":[135.884301,34.7191329]},"properties":{"z":257.9}},{"type":"Feature","geometry":{"type":"Point","coordinates":[135.884333,34.719099]},"properties":{"z":259.2}},{"type":"Feature","geometry":{"type":"Point","coordinates":[135.8843755,34.7190716]},"properties":{"z":259.2}},{"type":"Feature","geometry":{"type":"Point","coordinates":[135.884412,34.7190382]},"properties":{"z":263.1}},{"type":"Feature","geometry":{"type":"Point","coordinates":[135.8844533,34.7190091]},"properties":{"z":263.1}},{"type":"Feature","geometry":{"type":"Point","coordinates":[135.8844889,34.7189753]},"properties":{"z":269.9}},{"type":"Feature","geometry":{"type":"Point","coordinates":[135.8845342,34.7189501]},"properties":{"z":261.5}},{"type":"Feature","geometry":{"type":"Point","coordinates":[135.8845741,34.7189202]},"properties":{"z":267.2}},{"type":"Feature","geometry":{"type":"Point","coordinates":[135.8846229,34.7189008]},"properties":{"z":267.2}},{"type":"Feature","geometry":{"type":"Point","coordinates":[135.8846751,34.7188874]},"properties":{"z":263.7}},{"type":"Feature","geometry":{"type":"Point","coordinates":[135.8847263,34.7188717]},"properties":{"z":263.7}},{"type":"Feature","geometry":{"type":"Point","coordinates":[135.8847762,34.7188533]},"properties":{"z":265.6}},{"type":"Feature","geometry":{"type":"Point","coordinates":[135.8848262,34.718835]},"properties":{"z":265.6}},{"type":"Feature","geometry":{"type":"Point","coordinates":[135.8848782,34.7188213]},"properties":{"z":260.9}},{"type":"Feature","geometry":{"type":"Point","coordinates":[135.8849315,34.7188113]},"properties":{"z":263.8}},{"type":"Feature","geometry":{"type":"Point","coordinates":[135.8849804,34.7187912]},"properties":{"z":263.8}},{"type":"Feature","geometry":{"type":"Point","coordinates":[135.8850335,34.7187818]},"properties":{"z":266.5}},{"type":"Feature","geometry":{"type":"Point","coordinates":[135.8850837,34.7187642]},"properties":{"z":266.5}},{"type":"Feature","geometry":{"type":"Point","coordinates":[135.8851349,34.718749]},"properties":{"z":259.5}},{"type":"Feature","geometry":{"type":"Point","coordinates":[135.8851876,34.718737]},"properties":{"z":264.0}},{"type":"Feature","geometry":{"type":"Point","coordinates":[135.8852377,34.718719]},"properties":{"z":264.0}},{"type":"Feature","geometry":{"type":"Point","coordinates":[135.8852913,34.7187124]},"properties":{"z":270.2}},{"type":"Feature","geometry":{"type":"Point","coordinates":[135.885345,34.7187045]},"properties":{"z":273.2}},{"type":"Feature","geometry":{"type":"Point","coordinates":[135.8853937,34.7186862]},"properties":{"z":265.9}},{"type":"Feature","geometry":{"type":"Point","coordinates":[135.8854384,34.7186604]},"properties":{"z":269.6}},{"type":"Feature","geometry":{"type":"Point","coordinates":[135.8854878,34.7186411]},"properties":{"z":269.6}},{"type":"Feature","geometry":{"type":"Point","coordinates":[135.8855385,34.7186243]},"properties":{"z":267.4}},{"type":"Feature","geometry":{"type":"Point","coordinates":[135.8855901,34.7186094]},"properties":{"z":264.6}},{"type":"Feature","geometry":{"type":"Point","coordinates":[135.8856408,34.7185929]},"properties":{"z":260.5}},{"type":"Feature","geometry":{"type":"Point","coordinates":[135.8856896,34.7185726]},"properties":{"z":257.9}},{"type":"Feature","geometry":{"type":"Point","coordinates":[135.8857384,34.7185523]},"properties":{"z":257.9}},{"type":"Feature","geometry":{"type":"Point","coordinates":[135.885787,34.7185317]},"properties":{"z":256.7}},{"type":"Feature","geometry":{"type":"Point","coordinates":[135.885836,34.7185118]},"properties":{"z":256.7}},{"type":"Feature","geometry":{"type":"Point","coordinates":[135.8858878,34.7184974]},"properties":{"z":258.2}},{"type":"Feature","geometry":{"type":"Point","coordinates":[135.8859399,34.7184839]},"properties":{"z":258.2}},{"type":"Feature","geometry":{"type":"Point","coordinates":[135.8859928,34.7184725]},"properties":{"z":257.7}},{"type":"Feature","geometry":{"type":"Point","coordinates":[135.8860473,34.718469]},"properties":{"z":259.1}},{"type":"Feature","geometry":{"type":"Point","coordinates":[135.8861016,34.7184644]},"properties":{"z":259.1}},{"type":"Feature","geometry":{"type":"Point","coordinates":[135.8861555,34.7184568]},"properties":{"z":260.1}},{"type":"Feature","geometry":{"type":"Point","coordinates":[135.8862085,34.718446]},"properties":{"z":259.2}},{"type":"Feature","geometry":{"type":"Point","coordinates":[135.8862601,34.7184312]},"properties":{"z":259.2}},{"type":"Feature","geometry":{"type":"Point","coordinates":[135.886309,34.7184115]},"properties":{"z":257.3}},{"type":"Feature","geometry":{"type":"Point","coordinates":[135.8863562,34.7183889]},"properties":{"z":253.0}},{"type":"Feature","geometry":{"type":"Point","coordinates":[135.8864033,34.718366]},"properties":{"z":251.3}},{"type":"Feature","geometry":{"type":"Point","coordinates":[135.8864501,34.7183427]},"properties":{"z":251.3}},{"type":"Feature","geometry":{"type":"Point","coordinates":[135.8864969,34.7183195]},"properties":{"z":249.2}},{"type":"Feature","geometry":{"type":"Point","coordinates":[135.8865439,34.7182964]},"properties":{"z":249.2}},{"type":"Feature","geometry":{"type":"Point","coordinates":[135.8865903,34.7182728]},"properties":{"z":250.5}},{"type":"Feature","geometry":{"type":"Point","coordinates":[135.886636,34.718248]},"properties":{"z":250.3}},{"type":"Feature","geometry":{"type":"Point","coordinates":[135.8866797,34.718221]},"properties":{"z":250.3}},{"type":"Feature","geometry":{"type":"Point","coordinates":[135.8867221,34.7181927]},"properties":{"z":249.9}},{"type":"Feature","geometry":{"type":"Point","coordinates":[135.886763,34.7181628]},"properties":{"z":249.9}},{"type":"Feature","geometry":{"type":"Point","coordinates":[135.886803,34.7181321]},"properties":{"z":252.5}},{"type":"Feature","geometry":{"type":"Point","coordinates":[135.8868422,34.7181009]},"properties":{"z":251.2}},{"type":"Feature","geometry":{"type":"Point","coordinates":[135.8868804,34.7180686]},"properties":{"z":251.2}},{"type":"Feature","geometry":{"type":"Point","coordinates":[135.8869245,34.7180428]},"properties":{"z":255.8}},{"type":"Feature","geometry":{"type":"Point","coordinates":[135.8869718,34.7180202]},"properties":{"z":255.8}},{"type":"Feature","geometry":{"type":"Point","coordinates":[135.8870176,34.7179956]},"properties":{"z":260.7}},{"type":"Feature","geometry":{"type":"Point","coordinates":[135.8870627,34.7179702]},"properties":{"z":259.0}},{"type":"Feature","geometry":{"type":"Point","coordinates":[135.8871074,34.7179443]},"properties":{"z":259.0}},{"type":"Feature","geometry":{"type":"Point","coordinates":[135.8871527,34.7179192]},"properties":{"z":260.4}},{"type":"Feature","geometry":{"type":"Point","coordinates":[135.8871945,34.7178904]},"properties":{"z":258.2}},{"type":"Feature","geometry":{"type":"Point","coordinates":[135.8872344,34.7178596]},"properties":{"z":259.4}},{"type":"Feature","geometry":{"type":"Point","coordinates":[135.8872732,34.717828]},"properties":{"z":257.0}},{"type":"Feature","geometry":{"type":"Point","coordinates":[135.8873116,34.717796]},"properties":{"z":257.0}},{"type":"Feature","geometry":{"type":"Point","coordinates":[135.8873489,34.7177631]},"properties":{"z":255.7}},{"type":"Feature","geometry":{"type":"Point","coordinates":[135.8873866,34.7177305]},"properties":{"z":255.7}},{"type":"Feature","geometry":{"type":"Point","coordinates":[135.8874253,34.7176987]},"properties":{"z":255.3}},{"type":"Feature","geometry":{"type":"Point","coordinates":[135.8874642,34.7176672]},"properties":{"z":255.3}},{"type":"Feature","geometry":{"type":"Point","coordinates":[135.887504,34.7176364]},"properties":{"z":256.7}},{"type":"Feature","geometry":{"type":"Point","coordinates":[135.887545,34.7176067]},"properties":{"z":255.3}},{"type":"Feature","geometry":{"type":"Point","coordinates":[135.8875897,34.7175808]},"properties":{"z":256.7}},{"type":"Feature","geometry":{"type":"Point","coordinates":[135.8876331,34.7175535]},"properties":{"z":255.3}},{"type":"Feature","geometry":{"type":"Point","coordinates":[135.8876754,34.717525]},"properties":{"z":256.6}},{"type":"Feature","geometry":{"type":"Point","coordinates":[135.8877198,34.7174988]},"properties":{"z":256.6}},{"type":"Feature","geometry":{"type":"Point","coordinates":[135.8877669,34.7174764]},"properties":{"z":255.6}},{"type":"Feature","geometry":{"type":"Point","coordinates":[135.8878169,34.7174583]},"properties":{"z":255.6}},{"type":"Feature","geometry":{"type":"Point","coordinates":[135.8878663,34.7174389]},"properties":{"z":255.9}},{"type":"Feature","geometry":{"type":"Point","coordinates":[135.8879155,34.7174194]},"properties":{"z":255.9}},{"type":"Feature","geometry":{"type":"Point","coordinates":[135.8879646,34.7173996]},"properties":{"z":254.5}},{"type":"Feature","geometry":{"type":"Point","coordinates":[135.8880142,34.7173806]},"properties":{"z":254.6}},{"type":"Feature","geometry":{"type":"Point","coordinates":[135.888064,34.7173621]},"properties":{"z":254.6}},{"type":"Feature","geometry":{"type":"Point","coordinates":[135.8881134,34.7173428]},"properties":{"z":254.7}},{"type":"Feature","geometry":{"type":"Point","coordinates":[135.8881608,34.7173218]},"properties":{"z":254.7}},{"type":"Feature","geometry":{"type":"Point","coordinates":[135.8881765,34.7172819]},"properties":{"z":254.7}},{"type":"Feature","geometry":{"type":"Point","coordinates":[135.8881471,34.7172474]},"properties":{"z":255.4}},{"type":"Feature","geometry":{"type":"Point","coordinates":[135.8881905,34.7172297]},"properties":{"z":255.4}},{"type":"Feature","geometry":{"type":"Point","coordinates":[135.8881808,34.7172433]},"properties":{"z":255.4}},{"type":"Feature","geometry":{"type":"Point","coordinates":[135.8882034,34.7172381]},"properties":{"z":255.4}},{"type":"Feature","geometry":{"type":"Point","coordinates":[135.8882566,34.7172279]},"properties":{"z":255.4}},{"type":"Feature","geometry":{"type":"Point","coordinates":[135.8883,34.7172012]},"properties":{"z":256.4}},{"type":"Feature","geometry":{"type":"Point","coordinates":[135.8883382,34.7171692]},"properties":{"z":256.4}},{"type":"Feature","geometry":{"type":"Point","coordinates":[135.8883677,34.7171315]},"properties":{"z":257.0}},{"type":"Feature","geometry":{"type":"Point","coordinates":[135.8883926,34.7170915]},"properties":{"z":257.0}},{"type":"Feature","geometry":{"type":"Point","coordinates":[135.8884215,34.7170535]},"properties":{"z":257.9}},{"type":"Feature","geometry":{"type":"Point","coordinates":[135.8884587,34.7170205]},"properties":{"z":257.0}},{"type":"Feature","geometry":{"type":"Point","coordinates":[135.888506,34.7170048]},"properties":{"z":257.0}},{"type":"Feature","geometry":{"type":"Point","coordinates":[135.8885394,34.7169694]},"properties":{"z":256.5}},{"type":"Feature","geometry":{"type":"Point","coordinates":[135.8885647,34.7169296]},"properties":{"z":256.5}},{"type":"Feature","geometry":{"type":"Point","coordinates":[135.888586,34.7168882]},"properties":{"z":256.9}},{"type":"Feature","geometry":{"type":"Point","coordinates":[135.8886081,34.7168471]},"properties":{"z":256.8}},{"type":"Feature","geometry":{"type":"Point","coordinates":[135.8886293,34.7168056]},"properties":{"z":256.8}},{"type":"Feature","geometry":{"type":"Point","coordinates":[135.8886458,34.7167628]},"properties":{"z":257.0}},{"type":"Feature","geometry":{"type":"Point","coordinates":[135.8886594,34.7167193]},"properties":{"z":257.0}},{"type":"Feature","geometry":{"type":"Point","coordinates":[135.8886762,34.7166765]},"properties":{"z":257.2}},{"type":"Feature","geometry":{"type":"Point","coordinates":[135.8886914,34.7166333]},"properties":{"z":257.0}},{"type":"Feature","geometry":{"type":"Point","coordinates":[135.8887077,34.7165904]},"properties":{"z":257.0}},{"type":"Feature","geometry":{"type":"Point","coordinates":[135.8887212,34.7165469]},"properties":{"z":257.3}},{"type":"Feature","geometry":{"type":"Point","coordinates":[135.8887296,34.7165025]},"properties":{"z":257.3}},{"type":"Feature","geometry":{"type":"Point","coordinates":[135.888733,34.7164577]},"properties":{"z":257.5}},{"type":"Feature","geometry":{"type":"Point","coordinates":[135.8887311,34.7164129]},"properties":{"z":257.7}},{"type":"Feature","geometry":{"type":"Point","coordinates":[135.8887261,34.7163681]},"properties":{"z":257.7}},{"type":"Feature","geometry":{"type":"Point","coordinates":[135.8887233,34.7163232]},"properties":{"z":258.0}},{"type":"Feature","geometry":{"type":"Point","coordinates":[135.8887182,34.7162785]},"properties":{"z":258.3}},{"type":"Feature","geometry":{"type":"Point","coordinates":[135.8887137,34.7162337]},"properties":{"z":258.3}},{"type":"Feature","geometry":{"type":"Point","coordinates":[135.8887066,34.7161891]},"properties":{"z":258.5}},{"type":"Feature","geometry":{"type":"Point","coordinates":[135.8886979,34.7161448]},"properties":{"z":258.7}},{"type":"Feature","geometry":{"type":"Point","coordinates":[135.88869,34.7161003]},"properties":{"z":259.0}},{"type":"Feature","geometry":{"type":"Point","coordinates":[135.8886835,34.7160557]},"properties":{"z":259.1}},{"type":"Feature","geometry":{"type":"Point","coordinates":[135.8886757,34.7160112]},"properties":{"z":259.1}},{"type":"Feature","geometry":{"type":"Point","coordinates":[135.8886674,34.7159667]},"properties":{"z":259.3}},{"type":"Feature","geometry":{"type":"Point","coordinates":[135.8886613,34.7159221]},"properties":{"z":259.6}},{"type":"Feature","geometry":{"type":"Point","coordinates":[135.8886553,34.7158774]},"properties":{"z":259.6}},{"type":"Feature","geometry":{"type":"Point","coordinates":[135.8886505,34.7158326]},"properties":{"z":260.0}},{"type":"Feature","geometry":{"type":"Point","coordinates":[135.8886466,34.7157878]},"properties":{"z":260.6}},{"type":"Feature","geometry":{"type":"Point","coordinates":[135.8886406,34.7157432]},"properties":{"z":260.6}},{"type":"Feature","geometry":{"type":"Point","coordinates":[135.8886332,34.7156986]},"properties":{"z":261.5}},{"type":"Feature","geometry":{"type":"Point","coordinates":[135.8886282,34.7156539]},"properties":{"z":261.5}},{"type":"Feature","geometry":{"type":"Point","coordinates":[135.8886232,34.7156091]},"properties":{"z":262.5}},{"type":"Feature","geometry":{"type":"Point","coordinates":[135.8886195,34.7155643]},"properties":{"z":263.0}},{"type":"Feature","geometry":{"type":"Point","coordinates":[135.8886151,34.7155195]},"properties":{"z":263.0}},{"type":"Feature","geometry":{"type":"Point","coordinates":[135.8886074,34.715475]},"properties":{"z":263.2}},{"type":"Feature","geometry":{"type":"Point","coordinates":[135.8886005,34.7154304]},"properties":{"z":264.7}},{"type":"Feature","geometry":{"type":"Point","coordinates":[135.8885948,34.7153857]},"properties":{"z":264.7}},{"type":"Feature","geometry":{"type":"Point","coordinates":[135.8885877,34.7153411]},"properties":{"z":264.5}},{"type":"Feature","geometry":{"type":"Point","coordinates":[135.8885801,34.7152966]},"properties":{"z":264.4}},{"type":"Feature","geometry":{"type":"Point","coordinates":[135.8885749,34.7152519]},"properties":{"z":264.4}},{"type":"Feature","geometry":{"type":"Point","coordinates":[135.8885696,34.7152071]},"properties":{"z":264.2}},{"type":"Feature","geometry":{"type":"Point","coordinates":[135.8885613,34.7151627]},"properties":{"z":264.2}},{"type":"Feature","geometry":{"type":"Point","coordinates":[135.8885533,34.7151182]},"properties":{"z":264.0}},{"type":"Feature","geometry":{"type":"Point","coordinates":[135.8885456,34.7150738]},"properties":{"z":263.9}},{"type":"Feature","geometry":{"type":"Point","coordinates":[135.8885358,34.7150295]},"properties":{"z":263.9}},{"type":"Feature","geometry":{"type":"Point","coordinates":[135.888526,34.7149853]},"properties":{"z":263.8}},{"type":"Feature","geometry":{"type":"Point","coordinates":[135.8885176,34.7149409]},"properties":{"z":264.8}},{"type":"Feature","geometry":{"type":"Point","coordinates":[135.8885111,34.7148963]},"properties":{"z":264.8}},{"type":"Feature","geometry":{"type":"Point","coordinates":[135.8885065,34.7148515]},"properties":{"z":264.6}},{"type":"Feature","geometry":{"type":"Point","coordinates":[135.8885017,34.7148067]},"properties":{"z":264.5}},{"type":"Feature","geometry":{"type":"Point","coordinates":[135.8885001,34.7147618]},"properties":{"z":264.5}},{"type":"Feature","geometry":{"type":"Point","coordinates":[135.8885022,34.714717]},"properties":{"z":264.5}},{"type":"Feature","geometry":{"type":"Point","coordinates":[135.8885097,34.7146724]},"properties":{"z":264.5}},{"type":"Feature","geometry":{"type":"Point","coordinates":[135.8885207,34.7146284]},"properties":{"z":264.3}},{"type":"Feature","geometry":{"type":"Point","coordinates":[135.8885343,34.7145849]},"properties":{"z":264.6}},{"type":"Feature","geometry":{"type":"Point","coordinates":[135.8885502,34.7145419]},"properties":{"z":264.6}},{"type":"Feature","geometry":{"type":"Point","coordinates":[135.8885689,34.7144997]},"properties":{"z":264.9}},{"type":"Feature","geometry":{"type":"Point","coordinates":[135.8885878,34.7144575]},"properties":{"z":264.9}},{"type":"Feature","geometry":{"type":"Point","coordinates":[135.8886084,34.7144159]},"properties":{"z":264.6}},{"type":"Feature","geometry":{"type":"Point","coordinates":[135.8886296,34.7143745]},"properties":{"z":264.7}},{"type":"Feature","geometry":{"type":"Point","coordinates":[135.8886489,34.7143324]},"properties":{"z":264.7}},{"type":"Feature","geometry":{"type":"Point","coordinates":[135.888668,34.7142903]},"properties":{"z":264.9}},{"type":"Feature","geometry":{"type":"Point","coordinates":[135.8886843,34.7142474]},"properties":{"z":264.9}},{"type":"Feature","geometry":{"type":"Point","coordinates":[135.8886938,34.7142033]},"properties":{"z":265.3}},{"type":"Feature","geometry":{"type":"Point","coordinates":[135.8886944,34.7141586]},"properties":{"z":265.6}},{"type":"Feature","geometry":{"type":"Point","coordinates":[135.8886861,34.7141143]},"properties":{"z":265.7}},{"type":"Feature","geometry":{"type":"Point","coordinates":[135.8886659,34.7140725]},"properties":{"z":266.2}},{"type":"Feature","geometry":{"type":"Point","coordinates":[135.8886344,34.714036]},"properties":{"z":266.2}},{"type":"Feature","geometry":{"type":"Point","coordinates":[135.8885972,34.7140032]},"properties":{"z":266.8}},{"type":"Feature","geometry":{"type":"Point","coordinates":[135.8885568,34.713973]},"properties":{"z":266.8}},{"type":"Feature","geometry":{"type":"Point","coordinates":[135.8885135,34.7139458]},"properties":{"z":267.5}},{"type":"Feature","geometry":{"type":"Point","coordinates":[135.8884658,34.7139238]},"properties":{"z":267.5}},{"type":"Feature","geometry":{"type":"Point","coordinates":[135.8884207,34.7138984]},"properties":{"z":267.5}},{"type":"Feature","geometry":{"type":"Point","coordinates":[135.8883743,34.7138746]},"properties":{"z":268.0}},{"type":"Feature","geometry":{"type":"Point","coordinates":[135.8883277,34.713851]},"properties":{"z":268.0}},{"type":"Feature","geometry":{"type":"Point","coordinates":[135.8882812,34.7138274]},"properties":{"z":268.0}},{"type":"Feature","geometry":{"type":"Point","coordinates":[135.8882343,34.7138043]},"properties":{"z":268.3}},{"type":"Feature","geometry":{"type":"Point","coordinates":[135.8881863,34.7137828]},"properties":{"z":268.3}},{"type":"Feature","geometry":{"type":"Point","coordinates":[135.888139,34.7137602]},"properties":{"z":268.2}},{"type":"Feature","geometry":{"type":"Point","coordinates":[135.8880922,34.7137369]},"properties":{"z":268.6}},{"type":"Feature","geometry":{"type":"Point","coordinates":[135.8880456,34.7137134]},"properties":{"z":268.4}},{"type":"Feature","geometry":{"type":"Point","coordinates":[135.8879993,34.7136895]},"properties":{"z":268.6}},{"type":"Feature","geometry":{"type":"Point","coordinates":[135.8879547,34.7136635]},"properties":{"z":268.7}},{"type":"Feature","geometry":{"type":"Point","coordinates":[135.887912,34.7136355]},"properties":{"z":268.9}},{"type":"Feature","geometry":{"type":"Point","coordinates":[135.8878711,34.7136057]},"properties":{"z":269.0}},{"type":"Feature","geometry":{"type":"Point","coordinates":[135.8878322,34.7135741]},"properties":{"z":269.1}},{"type":"Feature","geometry":{"type":"Point","coordinates":[135.8877965,34.7135401]},"properties":{"z":269.1}},{"type":"Feature","geometry":{"type":"Point","coordinates":[135.8877642,34.7135038]},"properties":{"z":269.3}},{"type":"Feature","geometry":{"type":"Point","coordinates":[135.8877375,34.7134647]},"properties":{"z":269.5}},{"type":"Feature","geometry":{"type":"Point","coordinates":[135.8877165,34.7134233]},"properties":{"z":269.5}},{"type":"Feature","geometry":{"type":"Point","coordinates":[135.8876987,34.7133808]},"properties":{"z":269.6}},{"type":"Feature","geometry":{"type":"Point","coordinates":[135.8876797,34.7133387]},"properties":{"z":269.6}},{"type":"Feature","geometry":{"type":"Point","coordinates":[135.8876619,34.7132963]},"properties":{"z":269.8}},{"type":"Feature","geometry":{"type":"Point","coordinates":[135.8876491,34.7132526]},"properties":{"z":270.0}},{"type":"Feature","geometry":{"type":"Point","coordinates":[135.8876389,34.7132084]},"properties":{"z":270.0}},{"type":"Feature","geometry":{"type":"Point","coordinates":[135.8876312,34.7131639]},"properties":{"z":270.3}},{"type":"Feature","geometry":{"type":"Point","coordinates":[135.8876237,34.7131194]},"properties":{"z":270.3}},{"type":"Feature","geometry":{"type":"Point","coordinates":[135.88762,34.7130748]},"properties":{"z":270.7}},{"type":"Feature","geometry":{"type":"Point","coordinates":[135.8876199,34.7130298]},"properties":{"z":270.9}},{"type":"Feature","geometry":{"type":"Point","coordinates":[135.8876178,34.7129849]},"properties":{"z":270.9}},{"type":"Feature","geometry":{"type":"Point","coordinates":[135.8876156,34.71294]},"properties":{"z":271.0}},{"type":"Feature","geometry":{"type":"Point","coordinates":[135.8876187,34.7128952]},"properties":{"z":271.0}},{"type":"Feature","geometry":{"type":"Point","coordinates":[135.8876264,34.7128507]},"properties":{"z":271.0}},{"type":"Feature","geometry":{"type":"Point","coordinates":[135.8876354,34.7128064]},"properties":{"z":271.0}},{"type":"Feature","geometry":{"type":"Point","coordinates":[135.8876512,34.7127635]},"properties":{"z":271.0}},{"type":"Feature","geometry":{"type":"Point","coordinates":[135.8876696,34.7127211]},"properties":{"z":271.5}},{"type":"Feature","geometry":{"type":"Point","coordinates":[135.8876827,34.7126776]},"properties":{"z":271.5}},{"type":"Feature","geometry":{"type":"Point","coordinates":[135.8876934,34.7126335]},"properties":{"z":271.5}},{"type":"Feature","geometry":{"type":"Point","coordinates":[135.8877044,34.7125895]},"properties":{"z":271.7}},{"type":"Feature","geometry":{"type":"Point","coordinates":[135.8877166,34.7125456]},"properties":{"z":272.4}},{"type":"Feature","geometry":{"type":"Point","coordinates":[135.887721,34.712501]},"properties":{"z":272.4}},{"type":"Feature","geometry":{"type":"Point","coordinates":[135.8877232,34.712456]},"properties":{"z":274.0}},{"type":"Feature","geometry":{"type":"Point","coordinates":[135.8877294,34.7124114]},"properties":{"z":274.0}},{"type":"Feature","geometry":{"type":"Point","coordinates":[135.8877369,34.7123669]},"properties":{"z":275.9}},{"type":"Feature","geometry":{"type":"Point","coordinates":[135.8877454,34.7123225]},"properties":{"z":277.7}},{"type":"Feature","geometry":{"type":"Point","coordinates":[135.8877501,34.7122777]},"properties":{"z":277.5}},{"type":"Feature","geometry":{"type":"Point","coordinates":[135.8877531,34.7122328]},"properties":{"z":278.0}},{"type":"Feature","geometry":{"type":"Point","coordinates":[135.8877539,34.7121879]},"properties":{"z":277.9}},{"type":"Feature","geometry":{"type":"Point","coordinates":[135.8877525,34.7121429]},"properties":{"z":277.9}},{"type":"Feature","geometry":{"type":"Point","coordinates":[135.8877493,34.7120981]},"properties":{"z":276.8}},{"type":"Feature","geometry":{"type":"Point","coordinates":[135.8877439,34.7120533]},"properties":{"z":276.3}},{"type":"Feature","geometry":{"type":"Point","coordinates":[135.8877387,34.7120087]},"properties":{"z":276.3}},{"type":"Feature","geometry":{"type":"Point","coordinates":[135.8877285,34.7119646]},"properties":{"z":275.1}},{"type":"Feature","geometry":{"type":"Point","coordinates":[135.8877215,34.71192]},"properties":{"z":275.1}},{"type":"Feature","geometry":{"type":"Point","coordinates":[135.8877118,34.7118758]},"properties":{"z":274.0}},{"type":"Feature","geometry":{"type":"Point","coordinates":[135.8877019,34.7118316]},"properties":{"z":273.0}},{"type":"Feature","geometry":{"type":"Point","coordinates":[135.887685,34.7117892]},"properties":{"z":273.0}},{"type":"Feature","geometry":{"type":"Point","coordinates":[135.887662,34.7117485]},"properties":{"z":272.2}},{"type":"Feature","geometry":{"type":"Point","coordinates":[135.8876386,34.7117079]},"properties":{"z":272.4}},{"type":"Feature","geometry":{"type":"Point","coordinates":[135.887617,34.7116666]},"properties":{"z":271.8}},{"type":"Feature","geometry":{"type":"Point","coordinates":[135.8876013,34.7116235]},"properties":{"z":271.6}},{"type":"Feature","geometry":{"type":"Point","coordinates":[135.8875759,34.7115841]},"properties":{"z":271.6}},{"type":"Feature","geometry":{"type":"Point","coordinates":[135.8875445,34.7115474]},"properties":{"z":271.2}},{"type":"Feature","geometry":{"type":"Point","coordinates":[135.887509,34.7115132]},"properties":{"z":271.2}},{"type":"Feature","geometry":{"type":"Point","coordinates":[135.8874652,34.7114872]},"properties":{"z":270.7}},{"type":"Feature","geometry":{"type":"Point","coordinates":[135.8874172,34.7114662]},"properties":{"z":270.7}},{"type":"Feature","geometry":{"type":"Point","coordinates":[135.887364,34.7114557]},"properties":{"z":270.3}},{"type":"Feature","geometry":{"type":"Point","coordinates":[135.88731,34.7114496]},"properties":{"z":270.1}},{"type":"Feature","geometry":{"type":"Point","coordinates":[135.8872554,34.711447]},"properties":{"z":270.1}},{"type":"Feature","geometry":{"type":"Point","coordinates":[135.887201,34.7114513]},"properties":{"z":268.9}},{"type":"Feature","geometry":{"type":"Point","coordinates":[135.8871469,34.7114576]},"properties":{"z":268.9}},{"type":"Feature","geometry":{"type":"Point","coordinates":[135.8870935,34.711467]},"properties":{"z":268.1}},{"type":"Feature","geometry":{"type":"Point","coordinates":[135.8870398,34.7114756]},"properties":{"z":267.4}},{"type":"Feature","geometry":{"type":"Point","coordinates":[135.886986,34.7114836]},"properties":{"z":267.4}},{"type":"Feature","geometry":{"type":"Point","coordinates":[135.8869341,34.7114978]},"properties":{"z":268.2}},{"type":"Feature","geometry":{"type":"Point","coordinates":[135.886883,34.7115136]},"properties":{"z":264.6}},{"type":"Feature","geometry":{"type":"Point","coordinates":[135.8868335,34.7115326]},"properties":{"z":264.6}},{"type":"Feature","geometry":{"type":"Point","coordinates":[135.8867839,34.7115517]},"properties":{"z":261.4}},{"type":"Feature","geometry":{"type":"Point","coordinates":[135.8867345,34.7115708]},"properties":{"z":264.9}},{"type":"Feature","geometry":{"type":"Point","coordinates":[135.8866828,34.7115853]},"properties":{"z":261.9}},{"type":"Feature","geometry":{"type":"Point","coordinates":[135.88663,34.7115969]},"properties":{"z":260.7}},{"type":"Feature","geometry":{"type":"Point","coordinates":[135.8865762,34.7116047]},"properties":{"z":260.7}},{"type":"Feature","geometry":{"type":"Point","coordinates":[135.8865216,34.7116063]},"properties":{"z":260.2}},{"type":"Feature","geometry":{"type":"Point","coordinates":[135.8864678,34.7116022]},"properties":{"z":260.2}},{"type":"Feature","geometry":{"type":"Point","coordinates":[135.886416,34.7115881]},"properties":{"z":260.4}},{"type":"Feature","geometry":{"type":"Point","coordinates":[135.8863677,34.7115669]},"properties":{"z":260.5}},{"type":"Feature","geometry":{"type":"Point","coordinates":[135.8863254,34.7115392]},"properties":{"z":258.7}},{"type":"Feature","geometry":{"type":"Point","coordinates":[135.8862876,34.7115068]},"properties":{"z":258.9}},{"type":"Feature","geometry":{"type":"Point","coordinates":[135.8862565,34.7114698]},"properties":{"z":256.9}},{"type":"Feature","geometry":{"type":"Point","coordinates":[135.8862219,34.711436]},"properties":{"z":256.9}},{"type":"Feature","geometry":{"type":"Point","coordinates":[135.8861745,34.7114135]},"properties":{"z":253.8}},{"type":"Feature","geometry":{"type":"Point","coordinates":[135.8861271,34.7113911]},"properties":{"z":253.8}},{"type":"Feature","geometry":{"type":"Point","coordinates":[135.8860764,34.7113745]},"properties":{"z":252.6}},{"type":"Feature","geometry":{"type":"Point","coordinates":[135.8860253,34.7113584]},"properties":{"z":250.2}},{"type":"Feature","geometry":{"type":"Point","coordinates":[135.8859725,34.7113468]},"properties":{"z":248.5}},{"type":"Feature","geometry":{"type":"Point","coordinates":[135.8859197,34.7113352]},"properties":{"z":246.5}},{"type":"Feature","geometry":{"type":"Point","coordinates":[135.8858678,34.711321]},"properties":{"z":246.5}},{"type":"Feature","geometry":{"type":"Point","coordinates":[135.8858157,34.7113074]},"properties":{"z":245.1}},{"type":"Feature","geometry":{"type":"Point","coordinates":[135.8857634,34.7112943]},"properties":{"z":244.9}},{"type":"Feature","geometry":{"type":"Point","coordinates":[135.8857107,34.7112822]},"properties":{"z":244.9}},{"type":"Feature","geometry":{"type":"Point","coordinates":[135.885658,34.7112703]},"properties":{"z":242.8}},{"type":"Feature","geometry":{"type":"Point","coordinates":[135.8856044,34.7112612]},"properties":{"z":242.8}},{"type":"Feature","geometry":{"type":"Point","coordinates":[135.8855509,34.7112521]},"properties":{"z":243.3}},{"type":"Feature","geometry":{"type":"Point","coordinates":[135.885497,34.7112443]},"properties":{"z":243.8}},{"type":"Feature","geometry":{"type":"Point","coordinates":[135.8854431,34.7112366]},"properties":{"z":243.8}},{"type":"Feature","geometry":{"type":"Point","coordinates":[135.8853887,34.7112329]},"properties":{"z":244.5}},{"type":"Feature","geometry":{"type":"Point","coordinates":[135.8853341,34.7112298]},"properties":{"z":244.7}},{"type":"Feature","geometry":{"type":"Point","coordinates":[135.8852795,34.7112301]},"properties":{"z":244.7}},{"type":"Feature","geometry":{"type":"Point","coordinates":[135.8852249,34.7112323]},"properties":{"z":242.8}},{"type":"Feature","geometry":{"type":"Point","coordinates":[135.8851705,34.7112361]},"properties":{"z":240.2}},{"type":"Feature","geometry":{"type":"Point","coordinates":[135.8851164,34.7112429]},"properties":{"z":240.2}},{"type":"Feature","geometry":{"type":"Point","coordinates":[135.8850624,34.7112497]},"properties":{"z":238.2}},{"type":"Feature","geometry":{"type":"Point","coordinates":[135.8850093,34.7112605]},"properties":{"z":238.2}},{"type":"Feature","geometry":{"type":"Point","coordinates":[135.8849562,34.7112713]},"properties":{"z":237.2}},{"type":"Feature","geometry":{"type":"Point","coordinates":[135.8849048,34.7112861]},"properties":{"z":239.5}},{"type":"Feature","geometry":{"type":"Point","coordinates":[135.8848546,34.7113039]},"properties":{"z":239.5}},{"type":"Feature","geometry":{"type":"Point","coordinates":[135.8848044,34.7113218]},"properties":{"z":238.5}},{"type":"Feature","geometry":{"type":"Point","coordinates":[135.8847544,34.7113399]},"properties":{"z":238.5}},{"type":"Feature","geometry":{"type":"Point","coordinates":[135.8847044,34.7113581]},"properties":{"z":239.4}},{"type":"Feature","geometry":{"type":"Point","coordinates":[135.8846549,34.7113771]},"properties":{"z":238.0}},{"type":"Feature","geometry":{"type":"Point","coordinates":[135.8846064,34.7113979]},"properties":{"z":238.0}},{"type":"Feature","geometry":{"type":"Point","coordinates":[135.8845579,34.7114187]},"properties":{"z":236.5}},{"type":"Feature","geometry":{"type":"Point","coordinates":[135.8845072,34.7114354]},"properties":{"z":238.7}},{"type":"Feature","geometry":{"type":"Point","coordinates":[135.8844557,34.7114506]},"properties":{"z":235.6}},{"type":"Feature","geometry":{"type":"Point","coordinates":[135.8844044,34.7114659]},"properties":{"z":235.6}},{"type":"Feature","geometry":{"type":"Point","coordinates":[135.8843532,34.7114818]},"properties":{"z":232.5}},{"type":"Feature","geometry":{"type":"Point","coordinates":[135.884302,34.7114977]},"properties":{"z":232.6}},{"type":"Feature","geometry":{"type":"Point","coordinates":[135.8842501,34.7115117]},"properties":{"z":232.6}},{"type":"Feature","geometry":{"type":"Point","coordinates":[135.8841979,34.7115251]},"properties":{"z":230.2}},{"type":"Feature","geometry":{"type":"Point","coordinates":[135.8841451,34.7115364]},"properties":{"z":230.2}},{"type":"Feature","geometry":{"type":"Point","coordinates":[135.8840909,34.7115418]},"properties":{"z":229.6}},{"type":"Feature","geometry":{"type":"Point","coordinates":[135.8840366,34.7115473]},"properties":{"z":229.4}},{"type":"Feature","geometry":{"type":"Point","coordinates":[135.8839821,34.7115499]},"properties":{"z":229.4}},{"type":"Feature","geometry":{"type":"Point","coordinates":[135.8839274,34.7115496]},"properties":{"z":229.2}},{"type":"Feature","geometry":{"type":"Point","coordinates":[135.8838727,34.7115494]},"properties":{"z":229.0}},{"type":"Feature","geometry":{"type":"Point","coordinates":[135.8838187,34.7115442]},"properties":{"z":229.0}},{"type":"Feature","geometry":{"type":"Point","coordinates":[135.883765,34.7115353]},"properties":{"z":228.8}},{"type":"Feature","geometry":{"type":"Point","coordinates":[135.8837114,34.7115267]},"properties":{"z":228.6}},{"type":"Feature","geometry":{"type":"Point","coordinates":[135.8836574,34.7115198]},"properties":{"z":228.6}},{"type":"Feature","geometry":{"type":"Point","coordinates":[135.8836033,34.7115129]},"properties":{"z":228.5}},{"type":"Feature","geometry":{"type":"Point","coordinates":[135.8835488,34.7115101]},"properties":{"z":228.5}},{"type":"Feature","geometry":{"type":"Point","coordinates":[135.8834942,34.7115084]},"properties":{"z":228.4}},{"type":"Feature","geometry":{"type":"Point","coordinates":[135.8834395,34.7115067]},"properties":{"z":228.0}},{"type":"Feature","geometry":{"type":"Point","coordinates":[135.883385,34.7115033]},"properties":{"z":228.0}},{"type":"Feature","geometry":{"type":"Point","coordinates":[135.8833305,34.7114999]},"properties":{"z":227.7}},{"type":"Feature","geometry":{"type":"Point","coordinates":[135.8832759,34.7114965]},"properties":{"z":227.3}},{"type":"Feature","geometry":{"type":"Point","coordinates":[135.8832214,34.711493]},"properties":{"z":227.3}},{"type":"Feature","geometry":{"type":"Point","coordinates":[135.8831669,34.7114895]},"properties":{"z":226.9}},{"type":"Feature","geometry":{"type":"Point","coordinates":[135.8831123,34.7114868]},"properties":{"z":226.9}},{"type":"Feature","geometry":{"type":"Point","coordinates":[135.8830577,34.7114858]},"properties":{"z":226.5}},{"type":"Feature","geometry":{"type":"Point","coordinates":[135.8830031,34.7114865]},"properties":{"z":226.0}},{"type":"Feature","geometry":{"type":"Point","coordinates":[135.8829489,34.7114928]},"properties":{"z":226.4}},{"type":"Feature","geometry":{"type":"Point","coordinates":[135.882895,34.7114999]},"properties":{"z":225.8}},{"type":"Feature","geometry":{"type":"Point","coordinates":[135.8828424,34.7115121]},"properties":{"z":224.8}},{"type":"Feature","geometry":{"type":"Point","coordinates":[135.8827897,34.7115242]},"properties":{"z":224.8}},{"type":"Feature","geometry":{"type":"Point","coordinates":[135.8827413,34.7115444]},"properties":{"z":223.8}},{"type":"Feature","geometry":{"type":"Point","coordinates":[135.8826945,34.7115677]},"properties":{"z":225.3}},{"type":"Feature","geometry":{"type":"Point","coordinates":[135.882651,34.7115944]},"properties":{"z":223.3}},{"type":"Feature","geometry":{"type":"Point","coordinates":[135.8826117,34.7116257]},"properties":{"z":223.3}},{"type":"Feature","geometry":{"type":"Point","coordinates":[135.8825721,34.7116566]},"properties":{"z":221.4}},{"type":"Feature","geometry":{"type":"Point","coordinates":[135.8825283,34.7116836]},"properties":{"z":221.4}},{"type":"Feature","geometry":{"type":"Point","coordinates":[135.8824845,34.7117105]},"properties":{"z":219.8}},{"type":"Feature","geometry":{"type":"Point","coordinates":[135.8824429,34.7117396]},"properties":{"z":219.8}},{"type":"Feature","geometry":{"type":"Point","coordinates":[135.8824035,34.7117707]},"properties":{"z":219.0}},{"type":"Feature","geometry":{"type":"Point","coordinates":[135.8823638,34.7118015]},"properties":{"z":219.5}},{"type":"Feature","geometry":{"type":"Point","coordinates":[135.8823193,34.7118277]},"properties":{"z":218.6}},{"type":"Feature","geometry":{"type":"Point","coordinates":[135.8822748,34.7118539]},"properties":{"z":219.4}},{"type":"Feature","geometry":{"type":"Point","coordinates":[135.8822276,34.7118762]},"properties":{"z":218.1}},{"type":"Feature","geometry":{"type":"Point","coordinates":[135.8821782,34.7118955]},"properties":{"z":218.1}},{"type":"Feature","geometry":{"type":"Point","coordinates":[135.8821288,34.7119148]},"properties":{"z":217.7}},{"type":"Feature","geometry":{"type":"Point","coordinates":[135.8820768,34.7119286]},"properties":{"z":216.2}},{"type":"Feature","geometry":{"type":"Point","coordinates":[135.8820247,34.7119422]},"properties":{"z":216.2}},{"type":"Feature","geometry":{"type":"Point","coordinates":[135.8819723,34.7119548]},"properties":{"z":215.4}},{"type":"Feature","geometry":{"type":"Point","coordinates":[135.8819186,34.7119636]},"properties":{"z":215.4}},{"type":"Feature","geometry":{"type":"Point","coordinates":[135.881865,34.7119723]},"properties":{"z":215.7}},{"type":"Feature","geometry":{"type":"Point","coordinates":[135.8818111,34.7119797]},"properties":{"z":216.1}},{"type":"Feature","geometry":{"type":"Point","coordinates":[135.8817568,34.7119854]},"properties":{"z":214.3}},{"type":"Feature","geometry":{"type":"Point","coordinates":[135.8817026,34.711991]},"properties":{"z":214.4}},{"type":"Feature","geometry":{"type":"Point","coordinates":[135.8816482,34.7119937]},"properties":{"z":214.4}},{"type":"Feature","geometry":{"type":"Point","coordinates":[135.8815936,34.7119908]},"properties":{"z":214.4}},{"type":"Feature","geometry":{"type":"Point","coordinates":[135.8815391,34.7119879]},"properties":{"z":212.1}},{"type":"Feature","geometry":{"type":"Point","coordinates":[135.8814859,34.7119778]},"properties":{"z":213.7}},{"type":"Feature","geometry":{"type":"Point","coordinates":[135.8814331,34.7119662]},"properties":{"z":211.3}},{"type":"Feature","geometry":{"type":"Point","coordinates":[135.8813807,34.7119537]},"properties":{"z":209.5}},{"type":"Feature","geometry":{"type":"Point","coordinates":[135.8813295,34.7119378]},"properties":{"z":209.5}},{"type":"Feature","geometry":{"type":"Point","coordinates":[135.8812783,34.7119219]},"properties":{"z":208.5}},{"type":"Feature","geometry":{"type":"Point","coordinates":[135.8812281,34.7119042]},"properties":{"z":210.7}},{"type":"Feature","geometry":{"type":"Point","coordinates":[135.8811789,34.7118847]},"properties":{"z":208.8}},{"type":"Feature","geometry":{"type":"Point","coordinates":[135.8811296,34.7118652]},"properties":{"z":207.2}},{"type":"Feature","geometry":{"type":"Point","coordinates":[135.8810815,34.7118438]},"properties":{"z":207.2}},{"type":"Feature","geometry":{"type":"Point","coordinates":[135.8810339,34.7118217]},"properties":{"z":207.7}},{"type":"Feature","geometry":{"type":"Point","coordinates":[135.8809864,34.7117995]},"properties":{"z":207.7}},{"type":"Feature","geometry":{"type":"Point","coordinates":[135.8809391,34.7117769]},"properties":{"z":205.2}},{"type":"Feature","geometry":{"type":"Point","coordinates":[135.8808918,34.7117543]},"properties":{"z":207.6}},{"type":"Feature","geometry":{"type":"Point","coordinates":[135.8808456,34.7117303]},"properties":{"z":204.6}},{"type":"Feature","geometry":{"type":"Point","coordinates":[135.8808005,34.7117048]},"properties":{"z":204.6}},{"type":"Feature","geometry":{"type":"Point","coordinates":[135.8807558,34.711679]},"properties":{"z":204.8}},{"type":"Feature","geometry":{"type":"Point","coordinates":[135.8807138,34.7116503]},"properties":{"z":204.8}},{"type":"Feature","geometry":{"type":"Point","coordinates":[135.8806718,34.7116215]},"properties":{"z":205.7}},{"type":"Feature","geometry":{"type":"Point","coordinates":[135.8806351,34.7115881]},"properties":{"z":205.7}},{"type":"Feature","geometry":{"type":"Point","coordinates":[135.8805988,34.7115546]},"properties":{"z":206.8}},{"type":"Feature","geometry":{"type":"Point","coordinates":[135.8805619,34.7115213]},"properties":{"z":206.8}},{"type":"Feature","geometry":{"type":"Point","coordinates":[135.8805245,34.7114886]},"properties":{"z":209.0}},{"type":"Feature","geometry":{"type":"Point","coordinates":[135.8804871,34.7114558]},"properties":{"z":209.0}},{"type":"Feature","geometry":{"type":"Point","coordinates":[135.8804466,34.7114256]},"properties":{"z":205.3}},{"type":"Feature","geometry":{"type":"Point","coordinates":[135.8804057,34.7113957]},"properties":{"z":210.5}},{"type":"Feature","geometry":{"type":"Point","coordinates":[135.8803637,34.7113672]},"properties":{"z":205.8}},{"type":"Feature","geometry":{"type":"Point","coordinates":[135.8803157,34.7113456]},"properties":{"z":211.7}},{"type":"Feature","geometry":{"type":"Point","coordinates":[135.8802678,34.7113241]},"properties":{"z":205.9}},{"type":"Feature","geometry":{"type":"Point","coordinates":[135.8802192,34.711304]},"properties":{"z":205.9}},{"type":"Feature","geometry":{"type":"Point","coordinates":[135.8801652,34.7112966]},"properties":{"z":200.7}},{"type":"Feature","geometry":{"type":"Point","coordinates":[135.8801113,34.7112893]},"properties":{"z":200.7}},{"type":"Feature","geometry":{"type":"Point","coordinates":[135.8800573,34.711282]},"properties":{"z":198.2}},{"type":"Feature","geometry":{"type":"Point","coordinates":[135.8800032,34.7112756]},"properties":{"z":197.4}},{"type":"Feature","geometry":{"type":"Point","coordinates":[135.8799486,34.7112731]},"properties":{"z":197.4}},{"type":"Feature","geometry":{"type":"Point","coordinates":[135.879894,34.7112707]},"properties":{"z":196.5}},{"type":"Feature","geometry":{"type":"Point","coordinates":[135.8798394,34.7112687]},"properties":{"z":196.3}},{"type":"Feature","geometry":{"type":"Point","coordinates":[135.8797849,34.7112714]},"properties":{"z":196.3}},{"type":"Feature","geometry":{"type":"Point","coordinates":[135.8797303,34.7112741]},"properties":{"z":196.5}},{"type":"Feature","geometry":{"type":"Point","coordinates":[135.8796757,34.7112771]},"properties":{"z":196.7}},{"type":"Feature","geometry":{"type":"Point","coordinates":[135.8796212,34.7112809]},"properties":{"z":195.3}},{"type":"Feature","geometry":{"type":"Point","coordinates":[135.8795667,34.7112848]},"properties":{"z":195.5}},{"type":"Feature","geometry":{"type":"Point","coordinates":[135.8795134,34.7112815]},"properties":{"z":195.5}},{"type":"Feature","geometry":{"type":"Point","coordinates":[135.8794622,34.7112658]},"properties":{"z":197.0}},{"type":"Feature","geometry":{"type":"Point","coordinates":[135.8794109,34.7112502]},"properties":{"z":196.7}},{"type":"Feature","geometry":{"type":"Point","coordinates":[135.8793633,34.7112285]},"properties":{"z":196.7}},{"type":"Feature","geometry":{"type":"Point","coordinates":[135.8793174,34.7112041]},"properties":{"z":196.7}},{"type":"Feature","geometry":{"type":"Point","coordinates":[135.8792715,34.7111797]},"properties":{"z":196.7}},{"type":"Feature","geometry":{"type":"Point","coordinates":[135.8792297,34.7111507]},"properties":{"z":195.5}},{"type":"Feature","geometry":{"type":"Point","coordinates":[135.8791882,34.7111214]},"properties":{"z":196.8}},{"type":"Feature","geometry":{"type":"Point","coordinates":[135.8791491,34.7110902]},"properties":{"z":195.7}},{"type":"Feature","geometry":{"type":"Point","coordinates":[135.8791144,34.7110555]},"properties":{"z":197.1}},{"type":"Feature","geometry":{"type":"Point","coordinates":[135.8790797,34.7110208]},"properties":{"z":197.1}},{"type":"Feature","geometry":{"type":"Point","coordinates":[135.8790469,34.7109848]},"properties":{"z":197.1}},{"type":"Feature","geometry":{"type":"Point","coordinates":[135.8790147,34.7109484]},"properties":{"z":197.1}},{"type":"Feature","geometry":{"type":"Point","coordinates":[135.8789816,34.7109127]},"properties":{"z":197.2}},{"type":"Feature","geometry":{"type":"Point","coordinates":[135.8789459,34.7108787]},"properties":{"z":197.2}},{"type":"Feature","geometry":{"type":"Point","coordinates":[135.8789101,34.7108447]},"properties":{"z":198.7}},{"type":"Feature","geometry":{"type":"Point","coordinates":[135.8788759,34.7108096]},"properties":{"z":197.1}},{"type":"Feature","geometry":{"type":"Point","coordinates":[135.8788427,34.7107739]},"properties":{"z":198.4}},{"type":"Feature","geometry":{"type":"Point","coordinates":[135.8788095,34.7107382]},"properties":{"z":196.7}},{"type":"Feature","geometry":{"type":"Point","coordinates":[135.8787675,34.7107094]},"properties":{"z":197.8}},{"type":"Feature","geometry":{"type":"Point","coordinates":[135.8787256,34.7106806]},"properties":{"z":196.2}},{"type":"Feature","geometry":{"type":"Point","coordinates":[135.8786819,34.7106542]},"properties":{"z":196.2}},{"type":"Feature","geometry":{"type":"Point","coordinates":[135.8786308,34.7106382]},"properties":{"z":196.0}},{"type":"Feature","geometry":{"type":"Point","coordinates":[135.8785797,34.7106222]},"properties":{"z":196.0}},{"type":"Feature","geometry":{"type":"Point","coordinates":[135.8785279,34.7106078]},"properties":{"z":195.1}},{"type":"Feature","geometry":{"type":"Point","coordinates":[135.878475,34.7105965]},"properties":{"z":194.2}},{"type":"Feature","geometry":{"type":"Point","coordinates":[135.8784221,34.7105851]},"properties":{"z":194.2}},{"type":"Feature","geometry":{"type":"Point","coordinates":[135.8783678,34.710581]},"properties":{"z":193.7}},{"type":"Feature","geometry":{"type":"Point","coordinates":[135.8783132,34.7105782]},"properties":{"z":193.7}},{"type":"Feature","geometry":{"type":"Point","coordinates":[135.8782586,34.7105763]},"properties":{"z":193.5}},{"type":"Feature","geometry":{"type":"Point","coordinates":[135.8782039,34.7105765]},"properties":{"z":193.8}},{"type":"Feature","geometry":{"type":"Point","coordinates":[135.8781492,34.7105771]},"properties":{"z":193.8}},{"type":"Feature","geometry":{"type":"Point","coordinates":[135.8780947,34.7105797]},"properties":{"z":194.7}},{"type":"Feature","geometry":{"type":"Point","coordinates":[135.8780401,34.7105815]},"properties":{"z":195.7}},{"type":"Feature","geometry":{"type":"Point","coordinates":[135.8779858,34.7105763]},"properties":{"z":195.7}},{"type":"Feature","geometry":{"type":"Point","coordinates":[135.8779314,34.7105712]},"properties":{"z":198.5}},{"type":"Feature","geometry":{"type":"Point","coordinates":[135.8778771,34.7105665]},"properties":{"z":198.5}},{"type":"Feature","geometry":{"type":"Point","coordinates":[135.8778225,34.7105636]},"properties":{"z":199.8}},{"type":"Feature","geometry":{"type":"Point","coordinates":[135.8777679,34.7105637]},"properties":{"z":202.9}},{"type":"Feature","geometry":{"type":"Point","coordinates":[135.8777134,34.7105674]},"properties":{"z":202.9}},{"type":"Feature","geometry":{"type":"Point","coordinates":[135.877659,34.7105637]},"properties":{"z":206.1}},{"type":"Feature","geometry":{"type":"Point","coordinates":[135.8776058,34.7105546]},"properties":{"z":207.6}},{"type":"Feature","geometry":{"type":"Point","coordinates":[135.8775542,34.7105398]},"properties":{"z":207.6}},{"type":"Feature","geometry":{"type":"Point","coordinates":[135.8775051,34.7105201]},"properties":{"z":207.0}},{"type":"Feature","geometry":{"type":"Point","coordinates":[135.8774588,34.7104963]},"properties":{"z":208.4}},{"type":"Feature","geometry":{"type":"Point","coordinates":[135.8774155,34.7104691]},"properties":{"z":207.5}},{"type":"Feature","geometry":{"type":"Point","coordinates":[135.8773766,34.7104376]},"properties":{"z":207.5}},{"type":"Feature","geometry":{"type":"Point","coordinates":[135.8773446,34.7104011]},"properties":{"z":207.8}},{"type":"Feature","geometry":{"type":"Point","coordinates":[135.8773177,34.7103621]},"properties":{"z":207.8}},{"type":"Feature","geometry":{"type":"Point","coordinates":[135.8772944,34.7103215]},"properties":{"z":208.8}},{"type":"Feature","geometry":{"type":"Point","coordinates":[135.8772737,34.7102799]},"properties":{"z":208.0}},{"type":"Feature","geometry":{"type":"Point","coordinates":[135.8772583,34.7102367]},"properties":{"z":208.0}},{"type":"Feature","geometry":{"type":"Point","coordinates":[135.8772449,34.7101932]},"properties":{"z":208.6}},{"type":"Feature","geometry":{"type":"Point","coordinates":[135.8772307,34.7101498]},"properties":{"z":210.2}},{"type":"Feature","geometry":{"type":"Point","coordinates":[135.8772155,34.7101067]},"properties":{"z":210.2}},{"type":"Feature","geometry":{"type":"Point","coordinates":[135.8772106,34.7100619]},"properties":{"z":212.0}},{"type":"Feature","geometry":{"type":"Point","coordinates":[135.8771969,34.7100186]},"properties":{"z":212.0}},{"type":"Feature","geometry":{"type":"Point","coordinates":[135.8771826,34.7099753]},"properties":{"z":208.5}},{"type":"Feature","geometry":{"type":"Point","coordinates":[135.8771717,34.7099313]},"properties":{"z":209.2}},{"type":"Feature","geometry":{"type":"Point","coordinates":[135.8771549,34.7098885]},"properties":{"z":209.2}},{"type":"Feature","geometry":{"type":"Point","coordinates":[135.8771363,34.7098463]},"properties":{"z":210.1}},{"type":"Feature","geometry":{"type":"Point","coordinates":[135.8771124,34.7098059]},"properties":{"z":210.1}},{"type":"Feature","geometry":{"type":"Point","coordinates":[135.8770828,34.7097681]},"properties":{"z":209.3}},{"type":"Feature","geometry":{"type":"Point","coordinates":[135.877049,34.709733]},"properties":{"z":209.3}},{"type":"Feature","geometry":{"type":"Point","coordinates":[135.8770113,34.7097005]},"properties":{"z":209.0}},{"type":"Feature","geometry":{"type":"Point","coordinates":[135.8769771,34.7096654]},"properties":{"z":209.0}},{"type":"Feature","geometry":{"type":"Point","coordinates":[135.8769429,34.7096304]},"properties":{"z":211.0}},{"type":"Feature","geometry":{"type":"Point","coordinates":[135.876904,34.7095989]},"properties":{"z":208.7}},{"type":"Feature","geometry":{"type":"Point","coordinates":[135.8768631,34.7095691]},"properties":{"z":211.2}},{"type":"Feature","geometry":{"type":"Point","coordinates":[135.8768227,34.7095388]},"properties":{"z":208.7}},{"type":"Feature","geometry":{"type":"Point","coordinates":[135.8767852,34.7095061]},"properties":{"z":210.9}},{"type":"Feature","geometry":{"type":"Point","coordinates":[135.8767459,34.7094749]},"properties":{"z":208.9}},{"type":"Feature","geometry":{"type":"Point","coordinates":[135.8767054,34.7094447]},"properties":{"z":211.1}},{"type":"Feature","geometry":{"type":"Point","coordinates":[135.8766674,34.7094129]},"properties":{"z":209.0}},{"type":"Feature","geometry":{"type":"Point","coordinates":[135.87664,34.7093741]},"properties":{"z":210.9}},{"type":"Feature","geometry":{"type":"Point","coordinates":[135.8766186,34.7093327]},"properties":{"z":210.9}},{"type":"Feature","geometry":{"type":"Point","coordinates":[135.8766044,34.7092894]},"properties":{"z":213.0}},{"type":"Feature","geometry":{"type":"Point","coordinates":[135.8765936,34.7092453]},"properties":{"z":213.0}},{"type":"Feature","geometry":{"type":"Point","coordinates":[135.8765851,34.7092009]},"properties":{"z":211.6}},{"type":"Feature","geometry":{"type":"Point","coordinates":[135.8765814,34.7091561]},"properties":{"z":212.6}},{"type":"Feature","geometry":{"type":"Point","coordinates":[135.8765734,34.7091117]},"properties":{"z":212.6}},{"type":"Feature","geometry":{"type":"Point","coordinates":[135.876563,34.7090676]},"properties":{"z":213.3}},{"type":"Feature","geometry":{"type":"Point","coordinates":[135.8765513,34.7090236]},"properties":{"z":213.3}},{"type":"Feature","geometry":{"type":"Point","coordinates":[135.8765388,34.7089799]},"properties":{"z":212.8}},{"type":"Feature","geometry":{"type":"Point","coordinates":[135.8765248,34.7089364]},"properties":{"z":212.3}},{"type":"Feature","geometry":{"type":"Point","coordinates":[135.8765053,34.7088945]},"properties":{"z":212.3}},{"type":"Feature","geometry":{"type":"Point","coordinates":[135.8764826,34.7088538]},"properties":{"z":208.7}},{"type":"Feature","geometry":{"type":"Point","coordinates":[135.8764509,34.7088172]},"properties":{"z":208.7}},{"type":"Feature","geometry":{"type":"Point","coordinates":[135.8764141,34.7087846]},"properties":{"z":207.6}},{"type":"Feature","geometry":{"type":"Point","coordinates":[135.8763703,34.7087577]},"properties":{"z":207.6}},{"type":"Feature","geometry":{"type":"Point","coordinates":[135.8763261,34.7087312]},"properties":{"z":208.2}},{"type":"Feature","geometry":{"type":"Point","coordinates":[135.8762819,34.7087047]},"properties":{"z":208.2}},{"type":"Feature","geometry":{"type":"Point","coordinates":[135.8762356,34.7086811]},"properties":{"z":207.6}},{"type":"Feature","geometry":{"type":"Point","coordinates":[135.876187,34.7086605]},"properties":{"z":209.6}},{"type":"Feature","geometry":{"type":"Point","coordinates":[135.8761429,34.708634]},"properties":{"z":208.7}},{"type":"Feature","geometry":{"type":"Point","coordinates":[135.8760992,34.7086071]},"properties":{"z":208.7}},{"type":"Feature","geometry":{"type":"Point","coordinates":[135.8760544,34.7085814]},"properties":{"z":211.3}},{"type":"Feature","geometry":{"type":"Point","coordinates":[135.8760138,34.7085513]},"properties":{"z":211.3}},{"type":"Feature","geometry":{"type":"Point","coordinates":[135.8759741,34.7085204]},"properties":{"z":210.5}},{"type":"Feature","geometry":{"type":"Point","coordinates":[135.8759348,34.7084891]},"properties":{"z":210.5}},{"type":"Feature","geometry":{"type":"Point","coordinates":[135.8759034,34.7084529]},"properties":{"z":214.8}},{"type":"Feature","geometry":{"type":"Point","coordinates":[135.8758781,34.7084131]},"properties":{"z":210.5}},{"type":"Feature","geometry":{"type":"Point","coordinates":[135.8758572,34.7083715]},"properties":{"z":212.7}},{"type":"Feature","geometry":{"type":"Point","coordinates":[135.8758358,34.7083302]},"properties":{"z":212.7}},{"type":"Feature","geometry":{"type":"Point","coordinates":[135.8758199,34.7082878]},"properties":{"z":215.1}},{"type":"Feature","geometry":{"type":"Point","coordinates":[135.8758174,34.7082429]},"properties":{"z":215.6}},{"type":"Feature","geometry":{"type":"Point","coordinates":[135.8758207,34.7081982]},"properties":{"z":215.6}},{"type":"Feature","geometry":{"type":"Point","coordinates":[135.875827,34.7081535]},"properties":{"z":215.6}},{"type":"Feature","geometry":{"type":"Point","coordinates":[135.8758337,34.7081089]},"properties":{"z":215.6}},{"type":"Feature","geometry":{"type":"Point","coordinates":[135.875841,34.7080644]},"properties":{"z":214.8}},{"type":"Feature","geometry":{"type":"Point","coordinates":[135.8758511,34.7080202]},"properties":{"z":212.5}},{"type":"Feature","geometry":{"type":"Point","coordinates":[135.8758616,34.7079761]},"properties":{"z":212.5}},{"type":"Feature","geometry":{"type":"Point","coordinates":[135.8758726,34.707932]},"properties":{"z":210.1}},{"type":"Feature","geometry":{"type":"Point","coordinates":[135.8758704,34.7078876]},"properties":{"z":208.6}},{"type":"Feature","geometry":{"type":"Point","coordinates":[135.8758638,34.707843]},"properties":{"z":208.6}},{"type":"Feature","geometry":{"type":"Point","coordinates":[135.8758589,34.7077982]},"properties":{"z":207.3}},{"type":"Feature","geometry":{"type":"Point","coordinates":[135.8758544,34.7077534]},"properties":{"z":207.3}},{"type":"Feature","geometry":{"type":"Point","coordinates":[135.8758466,34.7077089]},"properties":{"z":206.1}},{"type":"Feature","geometry":{"type":"Point","coordinates":[135.8758391,34.7076644]},"properties":{"z":206.3}},{"type":"Feature","geometry":{"type":"Point","coordinates":[135.8758344,34.7076196]},"properties":{"z":206.3}},{"type":"Feature","geometry":{"type":"Point","coordinates":[135.8758313,34.7075748]},"properties":{"z":207.1}},{"type":"Feature","geometry":{"type":"Point","coordinates":[135.8758318,34.7075298]},"properties":{"z":208.3}},{"type":"Feature","geometry":{"type":"Point","coordinates":[135.8758329,34.7074849]},"properties":{"z":208.3}},{"type":"Feature","geometry":{"type":"Point","coordinates":[135.8758342,34.7074399]},"properties":{"z":209.8}},{"type":"Feature","geometry":{"type":"Point","coordinates":[135.8758348,34.707395]},"properties":{"z":211.4}},{"type":"Feature","geometry":{"type":"Point","coordinates":[135.8758333,34.7073501]},"properties":{"z":211.4}},{"type":"Feature","geometry":{"type":"Point","coordinates":[135.875829,34.7073053]},"properties":{"z":213.3}},{"type":"Feature","geometry":{"type":"Point","coordinates":[135.8758217,34.7072607]},"properties":{"z":213.3}},{"type":"Feature","geometry":{"type":"Point","coordinates":[135.8758104,34.7072171]},"properties":{"z":209.9}},{"type":"Feature","geometry":{"type":"Point","coordinates":[135.8757865,34.7071766]},"properties":{"z":209.9}},{"type":"Feature","geometry":{"type":"Point","coordinates":[135.875766,34.707135]},"properties":{"z":209.9}},{"type":"Feature","geometry":{"type":"Point","coordinates":[135.8757478,34.7070927]},"properties":{"z":209.9}},{"type":"Feature","geometry":{"type":"Point","coordinates":[135.8757281,34.7070507]},"properties":{"z":207.1}},{"type":"Feature","geometry":{"type":"Point","coordinates":[135.8757082,34.7070089]},"properties":{"z":207.4}},{"type":"Feature","geometry":{"type":"Point","coordinates":[135.8756865,34.7069676]},"properties":{"z":207.9}},{"type":"Feature","geometry":{"type":"Point","coordinates":[135.875665,34.7069263]},"properties":{"z":207.9}},{"type":"Feature","geometry":{"type":"Point","coordinates":[135.875644,34.7068848]},"properties":{"z":207.0}},{"type":"Feature","geometry":{"type":"Point","coordinates":[135.8756256,34.7068425]},"properties":{"z":207.0}},{"type":"Feature","geometry":{"type":"Point","coordinates":[135.8756095,34.7067995]},"properties":{"z":207.8}},{"type":"Feature","geometry":{"type":"Point","coordinates":[135.8755889,34.7067579]},"properties":{"z":208.3}},{"type":"Feature","geometry":{"type":"Point","coordinates":[135.8755666,34.706717]},"properties":{"z":208.3}},{"type":"Feature","geometry":{"type":"Point","coordinates":[135.8755352,34.7066801]},"properties":{"z":206.4}},{"type":"Feature","geometry":{"type":"Point","coordinates":[135.8755031,34.7066438]},"properties":{"z":206.4}},{"type":"Feature","geometry":{"type":"Point","coordinates":[135.8754676,34.7066096]},"properties":{"z":206.6}},{"type":"Feature","geometry":{"type":"Point","coordinates":[135.8754324,34.7065752]},"properties":{"z":206.6}},{"type":"Feature","geometry":{"type":"Point","coordinates":[135.8753976,34.7065405]},"properties":{"z":208.4}},{"type":"Feature","geometry":{"type":"Point","coordinates":[135.8753605,34.7065075]},"properties":{"z":207.8}},{"type":"Feature","geometry":{"type":"Point","coordinates":[135.8753236,34.7064744]},"properties":{"z":210.3}},{"type":"Feature","geometry":{"type":"Point","coordinates":[135.8752903,34.7064388]},"properties":{"z":208.4}},{"type":"Feature","geometry":{"type":"Point","coordinates":[135.8752543,34.7064052]},"properties":{"z":210.8}},{"type":"Feature","geometry":{"type":"Point","coordinates":[135.8752079,34.7063814]},"properties":{"z":209.3}},{"type":"Feature","geometry":{"type":"Point","coordinates":[135.8751614,34.7063578]},"properties":{"z":209.3}},{"type":"Feature","geometry":{"type":"Point","coordinates":[135.8751122,34.7063385]},"properties":{"z":209.8}},{"type":"Feature","geometry":{"type":"Point","coordinates":[135.8750598,34.7063272]},"properties":{"z":209.8}},{"type":"Feature","geometry":{"type":"Point","coordinates":[135.8750054,34.7063232]},"properties":{"z":208.1}},{"type":"Feature","geometry":{"type":"Point","coordinates":[135.8749509,34.7063261]},"properties":{"z":207.4}},{"type":"Feature","geometry":{"type":"Point","coordinates":[135.8748979,34.7063363]},"properties":{"z":207.4}},{"type":"Feature","geometry":{"type":"Point","coordinates":[135.8748458,34.7063499]},"properties":{"z":206.6}},{"type":"Feature","geometry":{"type":"Point","coordinates":[135.874794,34.7063645]},"properties":{"z":206.6}},{"type":"Feature","geometry":{"type":"Point","coordinates":[135.8747422,34.7063787]},"properties":{"z":207.3}},{"type":"Feature","geometry":{"type":"Point","coordinates":[135.8746898,34.7063915]},"properties":{"z":207.6}},{"type":"Feature","geometry":{"type":"Point","coordinates":[135.8746358,34.7063987]},"properties":{"z":207.6}},{"type":"Feature","geometry":{"type":"Point","coordinates":[135.8745818,34.7064058]},"properties":{"z":207.8}},{"type":"Feature","geometry":{"type":"Point","coordinates":[135.8745273,34.706406]},"properties":{"z":208.0}},{"type":"Feature","geometry":{"type":"Point","coordinates":[135.8744736,34.7063977]},"properties":{"z":208.0}},{"type":"Feature","geometry":{"type":"Point","coordinates":[135.8744203,34.7063876]},"properties":{"z":208.8}},{"type":"Feature","geometry":{"type":"Point","coordinates":[135.8743684,34.7063736]},"properties":{"z":208.8}},{"type":"Feature","geometry":{"type":"Point","coordinates":[135.8743178,34.7063567]},"properties":{"z":209.5}},{"type":"Feature","geometry":{"type":"Point","coordinates":[135.8742686,34.7063371]},"properties":{"z":211.3}},{"type":"Feature","geometry":{"type":"Point","coordinates":[135.8742176,34.7063209]},"properties":{"z":211.3}},{"type":"Feature","geometry":{"type":"Point","coordinates":[135.8741655,34.7063079]},"properties":{"z":213.5}},{"type":"Feature","geometry":{"type":"Point","coordinates":[135.8741152,34.7062909]},"properties":{"z":213.5}},{"type":"Feature","geometry":{"type":"Point","coordinates":[135.8740665,34.7062703]},"properties":{"z":215.2}},{"type":"Feature","geometry":{"type":"Point","coordinates":[135.8740184,34.7062492]},"properties":{"z":213.1}},{"type":"Feature","geometry":{"type":"Point","coordinates":[135.8739692,34.7062296]},"properties":{"z":214.3}},{"type":"Feature","geometry":{"type":"Point","coordinates":[135.8739212,34.7062081]},"properties":{"z":215.6}},{"type":"Feature","geometry":{"type":"Point","coordinates":[135.8738706,34.7061911]},"properties":{"z":213.5}},{"type":"Feature","geometry":{"type":"Point","coordinates":[135.873818,34.7061794]},"properties":{"z":214.7}},{"type":"Feature","geometry":{"type":"Point","coordinates":[135.8737644,34.7061708]},"properties":{"z":214.7}},{"type":"Feature","geometry":{"type":"Point","coordinates":[135.8737103,34.7061646]},"properties":{"z":215.7}},{"type":"Feature","geometry":{"type":"Point","coordinates":[135.8736559,34.7061674]},"properties":{"z":216.6}},{"type":"Feature","geometry":{"type":"Point","coordinates":[135.8736022,34.7061759]},"properties":{"z":216.6}},{"type":"Feature","geometry":{"type":"Point","coordinates":[135.8735516,34.7061925]},"properties":{"z":216.4}},{"type":"Feature","geometry":{"type":"Point","coordinates":[135.8735023,34.7062119]},"properties":{"z":218.1}},{"type":"Feature","geometry":{"type":"Point","coordinates":[135.8734557,34.7062352]},"properties":{"z":217.9}},{"type":"Feature","geometry":{"type":"Point","coordinates":[135.8734062,34.7062539]},"properties":{"z":217.8}},{"type":"Feature","geometry":{"type":"Point","coordinates":[135.8733634,34.7062819]},"properties":{"z":218.9}},{"type":"Feature","geometry":{"type":"Point","coordinates":[135.8733237,34.7063128]},"properties":{"z":218.2}},{"type":"Feature","geometry":{"type":"Point","coordinates":[135.8732825,34.7063423]},"properties":{"z":219.8}},{"type":"Feature","geometry":{"type":"Point","coordinates":[135.8732425,34.7063728]},"properties":{"z":219.8}},{"type":"Feature","geometry":{"type":"Point","coordinates":[135.873205,34.7064055]},"properties":{"z":218.9}},{"type":"Feature","geometry":{"type":"Point","coordinates":[135.8731681,34.7064387]},"properties":{"z":219.8}},{"type":"Feature","geometry":{"type":"Point","coordinates":[135.8731289,34.7064699]},"properties":{"z":218.7}},{"type":"Feature","geometry":{"type":"Point","coordinates":[135.8730867,34.7064984]},"properties":{"z":218.8}},{"type":"Feature","geometry":{"type":"Point","coordinates":[135.8730449,34.7065274]},"properties":{"z":217.8}},{"type":"Feature","geometry":{"type":"Point","coordinates":[135.8730033,34.7065566]},"properties":{"z":216.7}},{"type":"Feature","geometry":{"type":"Point","coordinates":[135.8729585,34.7065823]},"properties":{"z":216.6}},{"type":"Feature","geometry":{"type":"Point","coordinates":[135.8729131,34.7066073]},"properties":{"z":216.6}},{"type":"Feature","geometry":{"type":"Point","coordinates":[135.8728666,34.706631]},"properties":{"z":215.2}},{"type":"Feature","geometry":{"type":"Point","coordinates":[135.8728198,34.7066542]},"properties":{"z":215.2}},{"type":"Feature","geometry":{"type":"Point","coordinates":[135.872773,34.7066775]},"properties":{"z":215.2}},{"type":"Feature","geometry":{"type":"Point","coordinates":[135.8727263,34.7067009]},"properties":{"z":213.5}},{"type":"Feature","geometry":{"type":"Point","coordinates":[135.8726804,34.7067252]},"properties":{"z":213.5}},{"type":"Feature","geometry":{"type":"Point","coordinates":[135.8726375,34.7067531]},"properties":{"z":213.5}},{"type":"Feature","geometry":{"type":"Point","coordinates":[135.8725945,34.7067809]},"properties":{"z":211.8}},{"type":"Feature","geometry":{"type":"Point","coordinates":[135.8725521,34.7068093]},"properties":{"z":210.5}},{"type":"Feature","geometry":{"type":"Point","coordinates":[135.87251,34.7068379]},"properties":{"z":209.4}},{"type":"Feature","geometry":{"type":"Point","coordinates":[135.8724678,34.7068665]},"properties":{"z":208.7}},{"type":"Feature","geometry":{"type":"Point","coordinates":[135.8724278,34.7068972]},"properties":{"z":208.7}},{"type":"Feature","geometry":{"type":"Point","coordinates":[135.872388,34.706928]},"properties":{"z":208.2}},{"type":"Feature","geometry":{"type":"Point","coordinates":[135.8723481,34.7069588]},"properties":{"z":207.5}},{"type":"Feature","geometry":{"type":"Point","coordinates":[135.8723115,34.7069921]},"properties":{"z":206.7}},{"type":"Feature","geometry":{"type":"Point","coordinates":[135.8722755,34.7070259]},"properties":{"z":206.1}},{"type":"Feature","geometry":{"type":"Point","coordinates":[135.8722395,34.7070598]},"properties":{"z":205.3}},{"type":"Feature","geometry":{"type":"Point","coordinates":[135.8722046,34.7070944]},"properties":{"z":204.8}},{"type":"Feature","geometry":{"type":"Point","coordinates":[135.8721699,34.7071291]},"properties":{"z":203.8}},{"type":"Feature","geometry":{"type":"Point","coordinates":[135.8721339,34.7071629]},"properties":{"z":203.8}},{"type":"Feature","geometry":{"type":"Point","coordinates":[135.8720955,34.7071949]},"properties":{"z":203.2}},{"type":"Feature","geometry":{"type":"Point","coordinates":[135.8720571,34.7072269]},"properties":{"z":203.2}},{"type":"Feature","geometry":{"type":"Point","coordinates":[135.8720203,34.7072602]},"properties":{"z":202.3}},{"type":"Feature","geometry":{"type":"Point","coordinates":[135.8719841,34.7072938]},"properties":{"z":202.3}},{"type":"Feature","geometry":{"type":"Point","coordinates":[135.8719479,34.7073275]},"properties":{"z":201.7}},{"type":"Feature","geometry":{"type":"Point","coordinates":[135.871911,34.7073607]},"properties":{"z":201.2}},{"type":"Feature","geometry":{"type":"Point","coordinates":[135.8718738,34.7073936]},"properties":{"z":201.2}},{"type":"Feature","geometry":{"type":"Point","coordinates":[135.8718366,34.7074266]},"properties":{"z":200.0}},{"type":"Feature","geometry":{"type":"Point","coordinates":[135.871798,34.7074584]},"properties":{"z":200.0}},{"type":"Feature","geometry":{"type":"Point","coordinates":[135.8717587,34.7074897]},"properties":{"z":198.6}},{"type":"Feature","geometry":{"type":"Point","coordinates":[135.8717195,34.707521]},"properties":{"z":198.6}},{"type":"Feature","geometry":{"type":"Point","coordinates":[135.8716817,34.7075535]},"properties":{"z":197.1}},{"type":"Feature","geometry":{"type":"Point","coordinates":[135.8716442,34.7075862]},"properties":{"z":197.1}},{"type":"Feature","geometry":{"type":"Point","coordinates":[135.8716067,34.7076189]},"properties":{"z":195.6}},{"type":"Feature","geometry":{"type":"Point","coordinates":[135.8715692,34.7076516]},"properties":{"z":195.6}},{"type":"Feature","geometry":{"type":"Point","coordinates":[135.8715318,34.7076844]},"properties":{"z":195.0}},{"type":"Feature","geometry":{"type":"Point","coordinates":[135.8714903,34.7077133]},"properties":{"z":194.2}},{"type":"Feature","geometry":{"type":"Point","coordinates":[135.8714452,34.7077387]},"properties":{"z":194.2}},{"type":"Feature","geometry":{"type":"Point","coordinates":[135.8713998,34.7077633]},"properties":{"z":192.8}},{"type":"Feature","geometry":{"type":"Point","coordinates":[135.8713452,34.7077659]},"properties":{"z":192.6}},{"type":"Feature","geometry":{"type":"Point","coordinates":[135.8712906,34.7077686]},"properties":{"z":192.6}},{"type":"Feature","geometry":{"type":"Point","coordinates":[135.8712403,34.707756]},"properties":{"z":192.3}},{"type":"Feature","geometry":{"type":"Point","coordinates":[135.8711928,34.7077338]},"properties":{"z":193.2}},{"type":"Feature","geometry":{"type":"Point","coordinates":[135.8711518,34.7077057]},"properties":{"z":192.9}},{"type":"Feature","geometry":{"type":"Point","coordinates":[135.8711208,34.7076687]},"properties":{"z":193.8}},{"type":"Feature","geometry":{"type":"Point","coordinates":[135.8710898,34.7076316]},"properties":{"z":193.8}},{"type":"Feature","geometry":{"type":"Point","coordinates":[135.8710605,34.7075937]},"properties":{"z":194.6}},{"type":"Feature","geometry":{"type":"Point","coordinates":[135.8710314,34.7075556]},"properties":{"z":194.6}},{"type":"Feature","geometry":{"type":"Point","coordinates":[135.8710024,34.7075175]},"properties":{"z":194.2}},{"type":"Feature","geometry":{"type":"Point","coordinates":[135.8709724,34.70748]},"properties":{"z":194.2}},{"type":"Feature","geometry":{"type":"Point","coordinates":[135.8709419,34.7074426]},"properties":{"z":194.4}},{"type":"Feature","geometry":{"type":"Point","coordinates":[135.8709115,34.7074053]},"properties":{"z":193.3}},{"type":"Feature","geometry":{"type":"Point","coordinates":[135.8708806,34.7073682]},"properties":{"z":193.6}},{"type":"Feature","geometry":{"type":"Point","coordinates":[135.8708495,34.7073312]},"properties":{"z":193.6}},{"type":"Feature","geometry":{"type":"Point","coordinates":[135.8708174,34.7072948]},"properties":{"z":192.6}},{"type":"Feature","geometry":{"type":"Point","coordinates":[135.8707827,34.7072601]},"properties":{"z":192.6}},{"type":"Feature","geometry":{"type":"Point","coordinates":[135.8707479,34.7072254]},"properties":{"z":190.2}},{"type":"Feature","geometry":{"type":"Point","coordinates":[135.870713,34.7071908]},"properties":{"z":190.2}},{"type":"Feature","geometry":{"type":"Point","coordinates":[135.870678,34.7071563]},"properties":{"z":189.0}},{"type":"Feature","geometry":{"type":"Point","coordinates":[135.8706454,34.7071203]},"properties":{"z":187.4}},{"type":"Feature","geometry":{"type":"Point","coordinates":[135.8706152,34.7070829]},"properties":{"z":186.2}},{"type":"Feature","geometry":{"type":"Point","coordinates":[135.8705839,34.707046]},"properties":{"z":186.2}},{"type":"Feature","geometry":{"type":"Point","coordinates":[135.8705488,34.7070116]},"properties":{"z":183.9}},{"type":"Feature","geometry":{"type":"Point","coordinates":[135.8705136,34.7069771]},"properties":{"z":183.9}},{"type":"Feature","geometry":{"type":"Point","coordinates":[135.870478,34.7069431]},"properties":{"z":182.4}},{"type":"Feature","geometry":{"type":"Point","coordinates":[135.8704367,34.7069136]},"properties":{"z":182.4}},{"type":"Feature","geometry":{"type":"Point","coordinates":[135.8703955,34.706884]},"properties":{"z":181.3}},{"type":"Feature","geometry":{"type":"Point","coordinates":[135.8703543,34.7068545]},"properties":{"z":181.3}},{"type":"Feature","geometry":{"type":"Point","coordinates":[135.8703123,34.7068257]},"properties":{"z":181.3}},{"type":"Feature","geometry":{"type":"Point","coordinates":[135.8702699,34.7067974]},"properties":{"z":181.3}},{"type":"Feature","geometry":{"type":"Point","coordinates":[135.8702275,34.706769]},"properties":{"z":181.0}},{"type":"Feature","geometry":{"type":"Point","coordinates":[135.8701854,34.7067403]},"properties":{"z":181.9}},{"type":"Feature","geometry":{"type":"Point","coordinates":[135.8701444,34.7067105]},"properties":{"z":181.7}},{"type":"Feature","geometry":{"type":"Point","coordinates":[135.8701034,34.7066808]},"properties":{"z":183.2}},{"type":"Feature","geometry":{"type":"Point","coordinates":[135.8700621,34.7066513]},"properties":{"z":182.7}},{"type":"Feature","geometry":{"type":"Point","coordinates":[135.8700198,34.7066229]},"properties":{"z":182.7}},{"type":"Feature","geometry":{"type":"Point","coordinates":[135.8699775,34.7065944]},"properties":{"z":183.4}},{"type":"Feature","geometry":{"type":"Point","coordinates":[135.8699364,34.7065648]},"properties":{"z":183.4}},{"type":"Feature","geometry":{"type":"Point","coordinates":[135.8698973,34.7065334]},"properties":{"z":185.0}},{"type":"Feature","geometry":{"type":"Point","coordinates":[135.8698582,34.706502]},"properties":{"z":184.4}},{"type":"Feature","geometry":{"type":"Point","coordinates":[135.8698199,34.7064699]},"properties":{"z":185.7}},{"type":"Feature","geometry":{"type":"Point","coordinates":[135.8697821,34.7064374]},"properties":{"z":184.9}},{"type":"Feature","geometry":{"type":"Point","coordinates":[135.8697444,34.7064048]},"properties":{"z":185.9}},{"type":"Feature","geometry":{"type":"Point","coordinates":[135.8697119,34.7063687]},"properties":{"z":184.8}},{"type":"Feature","geometry":{"type":"Point","coordinates":[135.8696796,34.7063324]},"properties":{"z":185.7}},{"type":"Feature","geometry":{"type":"Point","coordinates":[135.8696486,34.7062954]},"properties":{"z":185.7}},{"type":"Feature","geometry":{"type":"Point","coordinates":[135.8696196,34.7062573]},"properties":{"z":185.6}},{"type":"Feature","geometry":{"type":"Point","coordinates":[135.8695904,34.7062193]},"properties":{"z":185.6}},{"type":"Feature","geometry":{"type":"Point","coordinates":[135.8695591,34.7061824]},"properties":{"z":186.7}},{"type":"Feature","geometry":{"type":"Point","coordinates":[135.8695278,34.7061456]},"properties":{"z":185.4}},{"type":"Feature","geometry":{"type":"Point","coordinates":[135.8694946,34.7061099]},"properties":{"z":186.3}},{"type":"Feature","geometry":{"type":"Point","coordinates":[135.8694606,34.7060747]},"properties":{"z":185.1}},{"type":"Feature","geometry":{"type":"Point","coordinates":[135.8694279,34.7060387]},"properties":{"z":185.9}},{"type":"Feature","geometry":{"type":"Point","coordinates":[135.8693963,34.706002]},"properties":{"z":185.9}},{"type":"Feature","geometry":{"type":"Point","coordinates":[135.8693646,34.7059654]},"properties":{"z":185.7}},{"type":"Feature","geometry":{"type":"Point","coordinates":[135.8693328,34.7059288]},"properties":{"z":185.7}},{"type":"Feature","geometry":{"type":"Point","coordinates":[135.869301,34.7058922]},"properties":{"z":186.7}},{"type":"Feature","geometry":{"type":"Point","coordinates":[135.869272,34.7058541]},"properties":{"z":186.2}},{"type":"Feature","geometry":{"type":"Point","coordinates":[135.8692435,34.7058158]},"properties":{"z":187.0}},{"type":"Feature","geometry":{"type":"Point","coordinates":[135.8692119,34.7057792]},"properties":{"z":187.0}},{"type":"Feature","geometry":{"type":"Point","coordinates":[135.8691787,34.7057434]},"properties":{"z":186.8}},{"type":"Feature","geometry":{"type":"Point","coordinates":[135.8691437,34.7057089]},"properties":{"z":186.8}},{"type":"Feature","geometry":{"type":"Point","coordinates":[135.8691074,34.7056754]},"properties":{"z":186.4}},{"type":"Feature","geometry":{"type":"Point","coordinates":[135.8690697,34.7056428]},"properties":{"z":186.4}},{"type":"Feature","geometry":{"type":"Point","coordinates":[135.8690311,34.705611]},"properties":{"z":186.3}},{"type":"Feature","geometry":{"type":"Point","coordinates":[135.8689897,34.7055817]},"properties":{"z":186.3}},{"type":"Feature","geometry":{"type":"Point","coordinates":[135.8689471,34.7055535]},"properties":{"z":186.5}},{"type":"Feature","geometry":{"type":"Point","coordinates":[135.8689025,34.7055275]},"properties":{"z":186.5}},{"type":"Feature","geometry":{"type":"Point","coordinates":[135.8688574,34.7055021]},"properties":{"z":186.6}},{"type":"Feature","geometry":{"type":"Point","coordinates":[135.8688107,34.7054788]},"properties":{"z":186.5}},{"type":"Feature","geometry":{"type":"Point","coordinates":[135.8687628,34.7054572]},"properties":{"z":187.0}},{"type":"Feature","geometry":{"type":"Point","coordinates":[135.8687131,34.7054385]},"properties":{"z":187.0}},{"type":"Feature","geometry":{"type":"Point","coordinates":[135.8686658,34.705416]},"properties":{"z":186.3}},{"type":"Feature","geometry":{"type":"Point","coordinates":[135.8686169,34.705396]},"properties":{"z":186.3}},{"type":"Feature","geometry":{"type":"Point","coordinates":[135.8685665,34.7053785]},"properties":{"z":186.7}},{"type":"Feature","geometry":{"type":"Point","coordinates":[135.8685169,34.7053596]},"properties":{"z":187.3}},{"type":"Feature","geometry":{"type":"Point","coordinates":[135.8684673,34.7053407]},"properties":{"z":186.9}},{"type":"Feature","geometry":{"type":"Point","coordinates":[135.8684175,34.7053222]},"properties":{"z":186.6}},{"type":"Feature","geometry":{"type":"Point","coordinates":[135.8683704,34.7052998]},"properties":{"z":186.6}},{"type":"Feature","geometry":{"type":"Point","coordinates":[135.8683255,34.7052741]},"properties":{"z":186.6}},{"type":"Feature","geometry":{"type":"Point","coordinates":[135.868285,34.705244]},"properties":{"z":186.6}},{"type":"Feature","geometry":{"type":"Point","coordinates":[135.8682453,34.705213]},"properties":{"z":186.9}},{"type":"Feature","geometry":{"type":"Point","coordinates":[135.868209,34.7051794]},"properties":{"z":186.5}},{"type":"Feature","geometry":{"type":"Point","coordinates":[135.8681729,34.7051457]},"properties":{"z":185.7}},{"type":"Feature","geometry":{"type":"Point","coordinates":[135.8681356,34.7051129]},"properties":{"z":186.4}},{"type":"Feature","geometry":{"type":"Point","coordinates":[135.8680982,34.7050801]},"properties":{"z":186.4}},{"type":"Feature","geometry":{"type":"Point","coordinates":[135.8680563,34.7050513]},"properties":{"z":186.3}},{"type":"Feature","geometry":{"type":"Point","coordinates":[135.8680129,34.7050239]},"properties":{"z":186.3}},{"type":"Feature","geometry":{"type":"Point","coordinates":[135.8679668,34.7050005]},"properties":{"z":185.1}},{"type":"Feature","geometry":{"type":"Point","coordinates":[135.8679163,34.7049832]},"properties":{"z":184.1}},{"type":"Feature","geometry":{"type":"Point","coordinates":[135.8678656,34.7049669]},"properties":{"z":184.1}},{"type":"Feature","geometry":{"type":"Point","coordinates":[135.8678112,34.7049625]},"properties":{"z":183.1}},{"type":"Feature","geometry":{"type":"Point","coordinates":[135.8677567,34.7049581]},"properties":{"z":183.1}},{"type":"Feature","geometry":{"type":"Point","coordinates":[135.8677022,34.7049608]},"properties":{"z":182.6}},{"type":"Feature","geometry":{"type":"Point","coordinates":[135.8676477,34.7049642]},"properties":{"z":183.0}},{"type":"Feature","geometry":{"type":"Point","coordinates":[135.8675941,34.7049729]},"properties":{"z":183.0}},{"type":"Feature","geometry":{"type":"Point","coordinates":[135.867542,34.7049848]},"properties":{"z":183.8}},{"type":"Feature","geometry":{"type":"Point","coordinates":[135.8674969,34.7050102]},"properties":{"z":182.7}},{"type":"Feature","geometry":{"type":"Point","coordinates":[135.867455,34.7050388]},"properties":{"z":183.6}},{"type":"Feature","geometry":{"type":"Point","coordinates":[135.8674153,34.7050697]},"properties":{"z":183.6}},{"type":"Feature","geometry":{"type":"Point","coordinates":[135.8673693,34.7050941]},"properties":{"z":183.0}},{"type":"Feature","geometry":{"type":"Point","coordinates":[135.8673272,34.7051225]},"properties":{"z":183.0}},{"type":"Feature","geometry":{"type":"Point","coordinates":[135.8672869,34.7051529]},"properties":{"z":182.9}},{"type":"Feature","geometry":{"type":"Point","coordinates":[135.8672454,34.7051822]},"properties":{"z":182.9}},{"type":"Feature","geometry":{"type":"Point","coordinates":[135.8672038,34.7052113]},"properties":{"z":182.4}},{"type":"Feature","geometry":{"type":"Point","coordinates":[135.8671618,34.7052401]},"properties":{"z":182.4}},{"type":"Feature","geometry":{"type":"Point","coordinates":[135.8671214,34.7052704]},"properties":{"z":183.7}},{"type":"Feature","geometry":{"type":"Point","coordinates":[135.8670796,34.7052993]},"properties":{"z":182.1}},{"type":"Feature","geometry":{"type":"Point","coordinates":[135.8670356,34.7053259]},"properties":{"z":184.1}},{"type":"Feature","geometry":{"type":"Point","coordinates":[135.8669853,34.7053436]},"properties":{"z":184.1}},{"type":"Feature","geometry":{"type":"Point","coordinates":[135.8669343,34.7053596]},"properties":{"z":187.5}},{"type":"Feature","geometry":{"type":"Point","coordinates":[135.8668819,34.7053721]},"properties":{"z":190.2}},{"type":"Feature","geometry":{"type":"Point","coordinates":[135.8668282,34.7053803]},"properties":{"z":190.2}},{"type":"Feature","geometry":{"type":"Point","coordinates":[135.8667742,34.7053827]},"properties":{"z":191.5}},{"type":"Feature","geometry":{"type":"Point","coordinates":[135.8667243,34.705367]},"properties":{"z":191.5}},{"type":"Feature","geometry":{"type":"Point","coordinates":[135.8666755,34.7053469]},"properties":{"z":192.4}},{"type":"Feature","geometry":{"type":"Point","coordinates":[135.8666307,34.7053212]},"properties":{"z":193.3}},{"type":"Feature","geometry":{"type":"Point","coordinates":[135.8665939,34.705288]},"properties":{"z":193.3}},{"type":"Feature","geometry":{"type":"Point","coordinates":[135.8665579,34.7052543]},"properties":{"z":194.1}},{"type":"Feature","geometry":{"type":"Point","coordinates":[135.8665239,34.7052193]},"properties":{"z":194.5}},{"type":"Feature","geometry":{"type":"Point","coordinates":[135.8664911,34.7051835]},"properties":{"z":195.3}},{"type":"Feature","geometry":{"type":"Point","coordinates":[135.866461,34.705146]},"properties":{"z":195.3}},{"type":"Feature","geometry":{"type":"Point","coordinates":[135.8664349,34.7051065]},"properties":{"z":194.9}},{"type":"Feature","geometry":{"type":"Point","coordinates":[135.8664063,34.7050682]},"properties":{"z":195.6}},{"type":"Feature","geometry":{"type":"Point","coordinates":[135.8663742,34.7050319]},"properties":{"z":194.4}},{"type":"Feature","geometry":{"type":"Point","coordinates":[135.866347,34.7049932]},"properties":{"z":195.2}},{"type":"Feature","geometry":{"type":"Point","coordinates":[135.8663145,34.7049573]},"properties":{"z":195.2}},{"type":"Feature","geometry":{"type":"Point","coordinates":[135.866282,34.7049212]},"properties":{"z":195.7}},{"type":"Feature","geometry":{"type":"Point","coordinates":[135.8662486,34.7048856]},"properties":{"z":195.7}},{"type":"Feature","geometry":{"type":"Point","coordinates":[135.8662159,34.7048497]},"properties":{"z":197.3}},{"type":"Feature","geometry":{"type":"Point","coordinates":[135.866178,34.7048174]},"properties":{"z":198.2}},{"type":"Feature","geometry":{"type":"Point","coordinates":[135.8661378,34.7047869]},"properties":{"z":199.8}},{"type":"Feature","geometry":{"type":"Point","coordinates":[135.8660979,34.7047561]},"properties":{"z":200.5}},{"type":"Feature","geometry":{"type":"Point","coordinates":[135.8660586,34.7047248]},"properties":{"z":200.5}},{"type":"Feature","geometry":{"type":"Point","coordinates":[135.8660187,34.7046943]},"properties":{"z":202.0}},{"type":"Feature","geometry":{"type":"Point","coordinates":[135.8659763,34.7046658]},"properties":{"z":202.0}},{"type":"Feature","geometry":{"type":"Point","coordinates":[135.8659357,34.7046358]},"properties":{"z":203.2}},{"type":"Feature","geometry":{"type":"Point","coordinates":[135.8658922,34.7046085]},"properties":{"z":203.2}},{"type":"Feature","geometry":{"type":"Point","coordinates":[135.8658506,34.7045795]},"properties":{"z":203.2}},{"type":"Feature","geometry":{"type":"Point","coordinates":[135.865823,34.7045412]},"properties":{"z":204.8}},{"type":"Feature","geometry":{"type":"Point","coordinates":[135.8657894,34.7045063]},"properties":{"z":204.8}},{"type":"Feature","geometry":{"type":"Point","coordinates":[135.8657503,34.7044749]},"properties":{"z":206.1}},{"type":"Feature","geometry":{"type":"Point","coordinates":[135.8657082,34.7044463]},"properties":{"z":206.1}},{"type":"Feature","geometry":{"type":"Point","coordinates":[135.8656609,34.7044239]},"properties":{"z":206.1}},{"type":"Feature","geometry":{"type":"Point","coordinates":[135.8656132,34.7044019]},"properties":{"z":206.1}},{"type":"Feature","geometry":{"type":"Point","coordinates":[135.8655673,34.7043775]},"properties":{"z":206.6}},{"type":"Feature","geometry":{"type":"Point","coordinates":[135.8655221,34.7043523]},"properties":{"z":205.9}},{"type":"Feature","geometry":{"type":"Point","coordinates":[135.865475,34.7043296]},"properties":{"z":206.3}},{"type":"Feature","geometry":{"type":"Point","coordinates":[135.8654261,34.7043094]},"properties":{"z":206.9}},{"type":"Feature","geometry":{"type":"Point","coordinates":[135.8653823,34.7042825]},"properties":{"z":206.0}},{"type":"Feature","geometry":{"type":"Point","coordinates":[135.8653349,34.7042605]},"properties":{"z":206.0}},{"type":"Feature","geometry":{"type":"Point","coordinates":[135.8652853,34.7042416]},"properties":{"z":206.0}},{"type":"Feature","geometry":{"type":"Point","coordinates":[135.8652351,34.7042238]},"properties":{"z":203.2}},{"type":"Feature","geometry":{"type":"Point","coordinates":[135.8651839,34.7042083]},"properties":{"z":201.7}},{"type":"Feature","geometry":{"type":"Point","coordinates":[135.8651315,34.7041956]},"properties":{"z":199.7}},{"type":"Feature","geometry":{"type":"Point","coordinates":[135.8650775,34.7041898]},"properties":{"z":198.9}},{"type":"Feature","geometry":{"type":"Point","coordinates":[135.8650229,34.704187]},"properties":{"z":198.9}},{"type":"Feature","geometry":{"type":"Point","coordinates":[135.8649686,34.7041897]},"properties":{"z":198.7}},{"type":"Feature","geometry":{"type":"Point","coordinates":[135.8649144,34.7041955]},"properties":{"z":198.3}},{"type":"Feature","geometry":{"type":"Point","coordinates":[135.8648604,34.7042023]},"properties":{"z":198.3}},{"type":"Feature","geometry":{"type":"Point","coordinates":[135.8648083,34.704216]},"properties":{"z":197.9}},{"type":"Feature","geometry":{"type":"Point","coordinates":[135.8647562,34.7042296]},"properties":{"z":199.0}},{"type":"Feature","geometry":{"type":"Point","coordinates":[135.864704,34.7042431]},"properties":{"z":198.5}},{"type":"Feature","geometry":{"type":"Point","coordinates":[135.8646518,34.7042564]},"properties":{"z":198.0}},{"type":"Feature","geometry":{"type":"Point","coordinates":[135.8645996,34.7042698]},"properties":{"z":198.0}},{"type":"Feature","geometry":{"type":"Point","coordinates":[135.8645477,34.7042838]},"properties":{"z":197.3}},{"type":"Feature","geometry":{"type":"Point","coordinates":[135.864496,34.7042986]},"properties":{"z":198.8}},{"type":"Feature","geometry":{"type":"Point","coordinates":[135.8644444,34.7043134]},"properties":{"z":198.0}},{"type":"Feature","geometry":{"type":"Point","coordinates":[135.8643929,34.7043285]},"properties":{"z":197.3}},{"type":"Feature","geometry":{"type":"Point","coordinates":[135.8643416,34.7043441]},"properties":{"z":197.3}},{"type":"Feature","geometry":{"type":"Point","coordinates":[135.8642903,34.7043597]},"properties":{"z":196.5}},{"type":"Feature","geometry":{"type":"Point","coordinates":[135.8642397,34.7043765]},"properties":{"z":198.0}},{"type":"Feature","geometry":{"type":"Point","coordinates":[135.8641899,34.704395]},"properties":{"z":197.4}},{"type":"Feature","geometry":{"type":"Point","coordinates":[135.86414,34.7044135]},"properties":{"z":196.4}},{"type":"Feature","geometry":{"type":"Point","coordinates":[135.8640902,34.7044321]},"properties":{"z":196.4}},{"type":"Feature","geometry":{"type":"Point","coordinates":[135.8640404,34.7044506]},"properties":{"z":196.8}},{"type":"Feature","geometry":{"type":"Point","coordinates":[135.8639906,34.7044691]},"properties":{"z":196.8}},{"type":"Feature","geometry":{"type":"Point","coordinates":[135.863941,34.7044881]},"properties":{"z":195.5}},{"type":"Feature","geometry":{"type":"Point","coordinates":[135.8638917,34.7045075]},"properties":{"z":196.8}},{"type":"Feature","geometry":{"type":"Point","coordinates":[135.8638424,34.704527]},"properties":{"z":193.9}},{"type":"Feature","geometry":{"type":"Point","coordinates":[135.863794,34.7045479]},"properties":{"z":191.4}},{"type":"Feature","geometry":{"type":"Point","coordinates":[135.8637458,34.7045691]},"properties":{"z":191.4}},{"type":"Feature","geometry":{"type":"Point","coordinates":[135.8636976,34.7045904]},"properties":{"z":190.1}},{"type":"Feature","geometry":{"type":"Point","coordinates":[135.8636494,34.7046116]},"properties":{"z":190.1}},{"type":"Feature","geometry":{"type":"Point","coordinates":[135.8636012,34.7046328]},"properties":{"z":189.4}},{"type":"Feature","geometry":{"type":"Point","coordinates":[135.8635531,34.7046541]},"properties":{"z":189.8}},{"type":"Feature","geometry":{"type":"Point","coordinates":[135.863505,34.7046756]},"properties":{"z":189.4}},{"type":"Feature","geometry":{"type":"Point","coordinates":[135.863457,34.7046971]},"properties":{"z":189.4}},{"type":"Feature","geometry":{"type":"Point","coordinates":[135.8634088,34.7047183]},"properties":{"z":189.6}},{"type":"Feature","geometry":{"type":"Point","coordinates":[135.8633603,34.704739]},"properties":{"z":189.1}},{"type":"Feature","geometry":{"type":"Point","coordinates":[135.8633118,34.7047598]},"properties":{"z":189.1}},{"type":"Feature","geometry":{"type":"Point","coordinates":[135.8632627,34.7047796]},"properties":{"z":188.7}},{"type":"Feature","geometry":{"type":"Point","coordinates":[135.8632134,34.704799]},"properties":{"z":189.3}},{"type":"Feature","geometry":{"type":"Point","coordinates":[135.863164,34.7048183]},"properties":{"z":188.9}},{"type":"Feature","geometry":{"type":"Point","coordinates":[135.8631136,34.7048357]},"properties":{"z":188.9}},{"type":"Feature","geometry":{"type":"Point","coordinates":[135.8630631,34.7048531]},"properties":{"z":188.4}},{"type":"Feature","geometry":{"type":"Point","coordinates":[135.8630142,34.704873]},"properties":{"z":188.4}},{"type":"Feature","geometry":{"type":"Point","coordinates":[135.8629657,34.7048937]},"properties":{"z":188.4}},{"type":"Feature","geometry":{"type":"Point","coordinates":[135.862917,34.7049143]},"properties":{"z":187.7}},{"type":"Feature","geometry":{"type":"Point","coordinates":[135.8628674,34.7049331]},"properties":{"z":188.5}},{"type":"Feature","geometry":{"type":"Point","coordinates":[135.8628177,34.7049519]},"properties":{"z":187.8}},{"type":"Feature","geometry":{"type":"Point","coordinates":[135.862769,34.7049722]},"properties":{"z":187.1}},{"type":"Feature","geometry":{"type":"Point","coordinates":[135.8627208,34.7049935]},"properties":{"z":187.1}},{"type":"Feature","geometry":{"type":"Point","coordinates":[135.8626727,34.7050149]},"properties":{"z":187.3}},{"type":"Feature","geometry":{"type":"Point","coordinates":[135.8626228,34.7050333]},"properties":{"z":187.3}},{"type":"Feature","geometry":{"type":"Point","coordinates":[135.8625729,34.7050517]},"properties":{"z":186.5}},{"type":"Feature","geometry":{"type":"Point","coordinates":[135.8625229,34.7050698]},"properties":{"z":186.5}},{"type":"Feature","geometry":{"type":"Point","coordinates":[135.8624727,34.7050876]},"properties":{"z":186.4}},{"type":"Feature","geometry":{"type":"Point","coordinates":[135.8624225,34.7051054]},"properties":{"z":185.5}},{"type":"Feature","geometry":{"type":"Point","coordinates":[135.8623721,34.7051229]},"properties":{"z":185.5}},{"type":"Feature","geometry":{"type":"Point","coordinates":[135.8623217,34.7051403]},"properties":{"z":184.6}},{"type":"Feature","geometry":{"type":"Point","coordinates":[135.862271,34.7051572]},"properties":{"z":185.5}},{"type":"Feature","geometry":{"type":"Point","coordinates":[135.8622189,34.7051708]},"properties":{"z":184.2}},{"type":"Feature","geometry":{"type":"Point","coordinates":[135.8621668,34.7051843]},"properties":{"z":182.9}},{"type":"Feature","geometry":{"type":"Point","coordinates":[135.8621146,34.7051978]},"properties":{"z":182.9}},{"type":"Feature","geometry":{"type":"Point","coordinates":[135.8620624,34.7052111]},"properties":{"z":181.5}},{"type":"Feature","geometry":{"type":"Point","coordinates":[135.8620101,34.7052244]},"properties":{"z":182.3}},{"type":"Feature","geometry":{"type":"Point","coordinates":[135.8619577,34.7052372]},"properties":{"z":180.0}},{"type":"Feature","geometry":{"type":"Point","coordinates":[135.8619053,34.7052499]},"properties":{"z":179.1}},{"type":"Feature","geometry":{"type":"Point","coordinates":[135.8618529,34.7052627]},"properties":{"z":179.1}},{"type":"Feature","geometry":{"type":"Point","coordinates":[135.8618005,34.7052756]},"properties":{"z":178.5}},{"type":"Feature","geometry":{"type":"Point","coordinates":[135.861748,34.7052883]},"properties":{"z":178.6}},{"type":"Feature","geometry":{"type":"Point","coordinates":[135.861695,34.7052992]},"properties":{"z":178.1}},{"type":"Feature","geometry":{"type":"Point","coordinates":[135.8616425,34.7053116]},"properties":{"z":177.8}},{"type":"Feature","geometry":{"type":"Point","coordinates":[135.8615902,34.7053248]},"properties":{"z":177.8}},{"type":"Feature","geometry":{"type":"Point","coordinates":[135.861538,34.705338]},"properties":{"z":177.2}},{"type":"Feature","geometry":{"type":"Point","coordinates":[135.8614852,34.70535]},"properties":{"z":177.2}},{"type":"Feature","geometry":{"type":"Point","coordinates":[135.8614337,34.7053651]},"properties":{"z":177.5}},{"type":"Feature","geometry":{"type":"Point","coordinates":[135.8613846,34.7053845]},"properties":{"z":176.8}},{"type":"Feature","geometry":{"type":"Point","coordinates":[135.861337,34.7054066]},"properties":{"z":176.8}},{"type":"Feature","geometry":{"type":"Point","coordinates":[135.8612901,34.7054297]},"properties":{"z":177.1}},{"type":"Feature","geometry":{"type":"Point","coordinates":[135.8612466,34.7054564]},"properties":{"z":177.1}},{"type":"Feature","geometry":{"type":"Point","coordinates":[135.8612082,34.7054883]},"properties":{"z":176.4}},{"type":"Feature","geometry":{"type":"Point","coordinates":[135.8611741,34.7055232]},"properties":{"z":177.2}},{"type":"Feature","geometry":{"type":"Point","coordinates":[135.861143,34.7055603]},"properties":{"z":177.2}},{"type":"Feature","geometry":{"type":"Point","coordinates":[135.8611127,34.7055977]},"properties":{"z":177.2}},{"type":"Feature","geometry":{"type":"Point","coordinates":[135.8610872,34.705637]},"properties":{"z":177.3}},{"type":"Feature","geometry":{"type":"Point","coordinates":[135.8610695,34.7056796]},"properties":{"z":177.3}},{"type":"Feature","geometry":{"type":"Point","coordinates":[135.8610534,34.7057225]},"properties":{"z":176.2}},{"type":"Feature","geometry":{"type":"Point","coordinates":[135.8610402,34.7057661]},"properties":{"z":176.2}},{"type":"Feature","geometry":{"type":"Point","coordinates":[135.8610298,34.7058102]},"properties":{"z":175.1}},{"type":"Feature","geometry":{"type":"Point","coordinates":[135.8610197,34.7058544]},"properties":{"z":174.0}},{"type":"Feature","geometry":{"type":"Point","coordinates":[135.8610107,34.7058987]},"properties":{"z":174.0}},{"type":"Feature","geometry":{"type":"Point","coordinates":[135.8610009,34.7059429]},"properties":{"z":172.9}},{"type":"Feature","geometry":{"type":"Point","coordinates":[135.8609922,34.7059873]},"properties":{"z":172.9}},{"type":"Feature","geometry":{"type":"Point","coordinates":[135.8609856,34.7060319]},"properties":{"z":171.8}},{"type":"Feature","geometry":{"type":"Point","coordinates":[135.8609608,34.706071]},"properties":{"z":170.5}},{"type":"Feature","geometry":{"type":"Point","coordinates":[135.8609294,34.7061077]},"properties":{"z":170.5}},{"type":"Feature","geometry":{"type":"Point","coordinates":[135.8608961,34.7061434]},"properties":{"z":170.5}},{"type":"Feature","geometry":{"type":"Point","coordinates":[135.8608548,34.7061724]},"properties":{"z":169.9}},{"type":"Feature","geometry":{"type":"Point","coordinates":[135.8608095,34.7061961]},"properties":{"z":169.9}},{"type":"Feature","geometry":{"type":"Point","coordinates":[135.8607551,34.7062009]},"properties":{"z":169.4}},{"type":"Feature","geometry":{"type":"Point","coordinates":[135.8607006,34.7062039]},"properties":{"z":169.2}},{"type":"Feature","geometry":{"type":"Point","coordinates":[135.8606459,34.7062048]},"properties":{"z":169.2}},{"type":"Feature","geometry":{"type":"Point","coordinates":[135.8605913,34.706203]},"properties":{"z":169.1}},{"type":"Feature","geometry":{"type":"Point","coordinates":[135.8605368,34.7061993]},"properties":{"z":169.0}},{"type":"Feature","geometry":{"type":"Point","coordinates":[135.8604825,34.7061946]},"properties":{"z":168.4}},{"type":"Feature","geometry":{"type":"Point","coordinates":[135.8604282,34.7061889]},"properties":{"z":167.8}},{"type":"Feature","geometry":{"type":"Point","coordinates":[135.8603738,34.7061846]},"properties":{"z":167.8}},{"type":"Feature","geometry":{"type":"Point","coordinates":[135.8603193,34.7061818]},"properties":{"z":167.6}},{"type":"Feature","geometry":{"type":"Point","coordinates":[135.8602656,34.7061744]},"properties":{"z":167.4}},{"type":"Feature","geometry":{"type":"Point","coordinates":[135.860213,34.7061623]},"properties":{"z":167.4}},{"type":"Feature","geometry":{"type":"Point","coordinates":[135.8601603,34.7061502]},"properties":{"z":167.2}},{"type":"Feature","geometry":{"type":"Point","coordinates":[135.8601076,34.7061382]},"properties":{"z":167.2}},{"type":"Feature","geometry":{"type":"Point","coordinates":[135.8600573,34.706121]},"properties":{"z":165.9}},{"type":"Feature","geometry":{"type":"Point","coordinates":[135.8600083,34.7061012]},"properties":{"z":166.1}},{"type":"Feature","geometry":{"type":"Point","coordinates":[135.8599613,34.7060786]},"properties":{"z":166.1}},{"type":"Feature","geometry":{"type":"Point","coordinates":[135.8599178,34.7060513]},"properties":{"z":165.5}},{"type":"Feature","geometry":{"type":"Point","coordinates":[135.8598743,34.7060241]},"properties":{"z":165.5}},{"type":"Feature","geometry":{"type":"Point","coordinates":[135.8598307,34.7059969]},"properties":{"z":166.2}},{"type":"Feature","geometry":{"type":"Point","coordinates":[135.8597872,34.7059697]},"properties":{"z":164.7}},{"type":"Feature","geometry":{"type":"Point","coordinates":[135.8597442,34.705942]},"properties":{"z":165.7}},{"type":"Feature","geometry":{"type":"Point","coordinates":[135.8597031,34.7059123]},"properties":{"z":164.1}},{"type":"Feature","geometry":{"type":"Point","coordinates":[135.8596621,34.7058826]},"properties":{"z":164.9}},{"type":"Feature","geometry":{"type":"Point","coordinates":[135.8596173,34.7058572]},"properties":{"z":164.9}},{"type":"Feature","geometry":{"type":"Point","coordinates":[135.85957,34.7058346]},"properties":{"z":164.1}},{"type":"Feature","geometry":{"type":"Point","coordinates":[135.8595227,34.7058121]},"properties":{"z":164.1}},{"type":"Feature","geometry":{"type":"Point","coordinates":[135.8594723,34.705795]},"properties":{"z":164.9}},{"type":"Feature","geometry":{"type":"Point","coordinates":[135.8594206,34.7057804]},"properties":{"z":165.3}},{"type":"Feature","geometry":{"type":"Point","coordinates":[135.8593689,34.7057658]},"properties":{"z":163.6}},{"type":"Feature","geometry":{"type":"Point","coordinates":[135.8593154,34.7057569]},"properties":{"z":162.1}},{"type":"Feature","geometry":{"type":"Point","coordinates":[135.8592616,34.7057488]},"properties":{"z":162.1}},{"type":"Feature","geometry":{"type":"Point","coordinates":[135.8592078,34.7057407]},"properties":{"z":160.0}},{"type":"Feature","geometry":{"type":"Point","coordinates":[135.8591535,34.7057354]},"properties":{"z":158.3}},{"type":"Feature","geometry":{"type":"Point","coordinates":[135.8590992,34.7057304]},"properties":{"z":158.3}},{"type":"Feature","geometry":{"type":"Point","coordinates":[135.8590449,34.7057253]},"properties":{"z":157.5}},{"type":"Feature","geometry":{"type":"Point","coordinates":[135.8589903,34.7057225]},"properties":{"z":158.0}},{"type":"Feature","geometry":{"type":"Point","coordinates":[135.8589357,34.70572]},"properties":{"z":158.0}},{"type":"Feature","geometry":{"type":"Point","coordinates":[135.8588811,34.7057174]},"properties":{"z":158.5}},{"type":"Feature","geometry":{"type":"Point","coordinates":[135.8588276,34.7057081]},"properties":{"z":158.5}},{"type":"Feature","geometry":{"type":"Point","coordinates":[135.8587741,34.7056988]},"properties":{"z":156.9}},{"type":"Feature","geometry":{"type":"Point","coordinates":[135.8587206,34.7056895]},"properties":{"z":157.4}},{"type":"Feature","geometry":{"type":"Point","coordinates":[135.8586674,34.7056793]},"properties":{"z":157.4}},{"type":"Feature","geometry":{"type":"Point","coordinates":[135.8586141,34.7056691]},"properties":{"z":158.0}},{"type":"Feature","geometry":{"type":"Point","coordinates":[135.8585609,34.7056588]},"properties":{"z":158.4}},{"type":"Feature","geometry":{"type":"Point","coordinates":[135.8585083,34.7056467]},"properties":{"z":158.4}},{"type":"Feature","geometry":{"type":"Point","coordinates":[135.8584561,34.7056332]},"properties":{"z":156.9}},{"type":"Feature","geometry":{"type":"Point","coordinates":[135.858404,34.7056197]},"properties":{"z":156.9}},{"type":"Feature","geometry":{"type":"Point","coordinates":[135.8583527,34.7056042]},"properties":{"z":157.2}},{"type":"Feature","geometry":{"type":"Point","coordinates":[135.8583017,34.7055879]},"properties":{"z":157.4}},{"type":"Feature","geometry":{"type":"Point","coordinates":[135.8582508,34.7055714]},"properties":{"z":157.4}},{"type":"Feature","geometry":{"type":"Point","coordinates":[135.8582003,34.7055542]},"properties":{"z":155.9}},{"type":"Feature","geometry":{"type":"Point","coordinates":[135.8581504,34.7055359]},"properties":{"z":155.9}},{"type":"Feature","geometry":{"type":"Point","coordinates":[135.8581012,34.7055163]},"properties":{"z":155.9}},{"type":"Feature","geometry":{"type":"Point","coordinates":[135.8580487,34.7055038]},"properties":{"z":155.1}},{"type":"Feature","geometry":{"type":"Point","coordinates":[135.858001,34.7054836]},"properties":{"z":154.1}},{"type":"Feature","geometry":{"type":"Point","coordinates":[135.8579562,34.7054578]},"properties":{"z":152.9}},{"type":"Feature","geometry":{"type":"Point","coordinates":[135.8579093,34.7054348]},"properties":{"z":152.9}},{"type":"Feature","geometry":{"type":"Point","coordinates":[135.8578615,34.7054129]},"properties":{"z":150.7}},{"type":"Feature","geometry":{"type":"Point","coordinates":[135.8578162,34.705388]},"properties":{"z":150.7}},{"type":"Feature","geometry":{"type":"Point","coordinates":[135.8577734,34.70536]},"properties":{"z":149.3}},{"type":"Feature","geometry":{"type":"Point","coordinates":[135.8577274,34.7053358]},"properties":{"z":148.5}},{"type":"Feature","geometry":{"type":"Point","coordinates":[135.8576813,34.7053117]},"properties":{"z":147.4}},{"type":"Feature","geometry":{"type":"Point","coordinates":[135.8576351,34.7052875]},"properties":{"z":147.4}},{"type":"Feature","geometry":{"type":"Point","coordinates":[135.8575893,34.705263]},"properties":{"z":145.8}},{"type":"Feature","geometry":{"type":"Point","coordinates":[135.8575452,34.7052364]},"properties":{"z":145.8}},{"type":"Feature","geometry":{"type":"Point","coordinates":[135.8575012,34.7052098]},"properties":{"z":145.1}},{"type":"Feature","geometry":{"type":"Point","coordinates":[135.8574564,34.7051841]},"properties":{"z":145.1}},{"type":"Feature","geometry":{"type":"Point","coordinates":[135.8574107,34.7051593]},"properties":{"z":145.8}},{"type":"Feature","geometry":{"type":"Point","coordinates":[135.857365,34.7051346]},"properties":{"z":144.5}},{"type":"Feature","geometry":{"type":"Point","coordinates":[135.8573198,34.7051094]},"properties":{"z":145.1}},{"type":"Feature","geometry":{"type":"Point","coordinates":[135.8572747,34.705084]},"properties":{"z":145.7}},{"type":"Feature","geometry":{"type":"Point","coordinates":[135.8572296,34.7050586]},"properties":{"z":144.5}},{"type":"Feature","geometry":{"type":"Point","coordinates":[135.8571845,34.7050331]},"properties":{"z":145.3}},{"type":"Feature","geometry":{"type":"Point","coordinates":[135.8571394,34.7050077]},"properties":{"z":145.3}},{"type":"Feature","geometry":{"type":"Point","coordinates":[135.8571009,34.7049758]},"properties":{"z":145.0}},{"type":"Feature","geometry":{"type":"Point","coordinates":[135.8570626,34.7049437]},"properties":{"z":145.0}},{"type":"Feature","geometry":{"type":"Point","coordinates":[135.8570243,34.7049116]},"properties":{"z":143.9}},{"type":"Feature","geometry":{"type":"Point","coordinates":[135.8569855,34.70488]},"properties":{"z":144.7}},{"type":"Feature","geometry":{"type":"Point","coordinates":[135.8569465,34.7048484]},"properties":{"z":143.6}},{"type":"Feature","geometry":{"type":"Point","coordinates":[135.8569076,34.7048168]},"properties":{"z":144.4}},{"type":"Feature","geometry":{"type":"Point","coordinates":[135.8568683,34.7047856]},"properties":{"z":143.3}},{"type":"Feature","geometry":{"type":"Point","coordinates":[135.8568289,34.7047544]},"properties":{"z":144.3}},{"type":"Feature","geometry":{"type":"Point","coordinates":[135.856789,34.7047238]},"properties":{"z":144.3}},{"type":"Feature","geometry":{"type":"Point","coordinates":[135.8567469,34.7046951]},"properties":{"z":144.3}},{"type":"Feature","geometry":{"type":"Point","coordinates":[135.8567048,34.7046664]},"properties":{"z":144.3}},{"type":"Feature","geometry":{"type":"Point","coordinates":[135.8566626,34.7046378]},"properties":{"z":143.2}},{"type":"Feature","geometry":{"type":"Point","coordinates":[135.8566198,34.7046098]},"properties":{"z":143.2}},{"type":"Feature","geometry":{"type":"Point","coordinates":[135.856577,34.7045818]},"properties":{"z":142.3}},{"type":"Feature","geometry":{"type":"Point","coordinates":[135.8565334,34.7045549]},"properties":{"z":140.8}},{"type":"Feature","geometry":{"type":"Point","coordinates":[135.8564843,34.7045351]},"properties":{"z":139.8}},{"type":"Feature","geometry":{"type":"Point","coordinates":[135.8564353,34.7045152]},"properties":{"z":139.8}},{"type":"Feature","geometry":{"type":"Point","coordinates":[135.8563862,34.7044953]},"properties":{"z":138.0}},{"type":"Feature","geometry":{"type":"Point","coordinates":[135.8563367,34.7044763]},"properties":{"z":138.0}},{"type":"Feature","geometry":{"type":"Point","coordinates":[135.8562869,34.7044577]},"properties":{"z":138.4}},{"type":"Feature","geometry":{"type":"Point","coordinates":[135.8562371,34.7044391]},"properties":{"z":138.8}},{"type":"Feature","geometry":{"type":"Point","coordinates":[135.8561874,34.7044205]},"properties":{"z":137.9}},{"type":"Feature","geometry":{"type":"Point","coordinates":[135.8561381,34.704401]},"properties":{"z":138.3}},{"type":"Feature","geometry":{"type":"Point","coordinates":[135.8560888,34.7043816]},"properties":{"z":138.3}},{"type":"Feature","geometry":{"type":"Point","coordinates":[135.8560395,34.7043621]},"properties":{"z":137.4}},{"type":"Feature","geometry":{"type":"Point","coordinates":[135.8559891,34.7043448]},"properties":{"z":137.5}},{"type":"Feature","geometry":{"type":"Point","coordinates":[135.855938,34.7043289]},"properties":{"z":137.5}},{"type":"Feature","geometry":{"type":"Point","coordinates":[135.8558868,34.7043131]},"properties":{"z":137.5}},{"type":"Feature","geometry":{"type":"Point","coordinates":[135.8558348,34.7042995]},"properties":{"z":137.5}},{"type":"Feature","geometry":{"type":"Point","coordinates":[135.8557812,34.7042905]},"properties":{"z":136.5}},{"type":"Feature","geometry":{"type":"Point","coordinates":[135.8557277,34.7042816]},"properties":{"z":136.5}},{"type":"Feature","geometry":{"type":"Point","coordinates":[135.8556735,34.7042761]},"properties":{"z":136.5}},{"type":"Feature","geometry":{"type":"Point","coordinates":[135.8556189,34.7042737]},"properties":{"z":136.5}},{"type":"Feature","geometry":{"type":"Point","coordinates":[135.8555643,34.7042714]},"properties":{"z":136.5}},{"type":"Feature","geometry":{"type":"Point","coordinates":[135.8555101,34.7042763]},"properties":{"z":136.5}},{"type":"Feature","geometry":{"type":"Point","coordinates":[135.8554561,34.704283]},"properties":{"z":136.4}},{"type":"Feature","geometry":{"type":"Point","coordinates":[135.8554022,34.7042904]},"properties":{"z":136.4}},{"type":"Feature","geometry":{"type":"Point","coordinates":[135.8553485,34.704299]},"properties":{"z":137.4}},{"type":"Feature","geometry":{"type":"Point","coordinates":[135.8552948,34.7043076]},"properties":{"z":137.2}},{"type":"Feature","geometry":{"type":"Point","coordinates":[135.8552412,34.7043165]},"properties":{"z":137.2}},{"type":"Feature","geometry":{"type":"Point","coordinates":[135.8551876,34.7043253]},"properties":{"z":137.0}},{"type":"Feature","geometry":{"type":"Point","coordinates":[135.8551336,34.7043317]},"properties":{"z":137.0}},{"type":"Feature","geometry":{"type":"Point","coordinates":[135.8550791,34.704335]},"properties":{"z":136.9}},{"type":"Feature","geometry":{"type":"Point","coordinates":[135.8550245,34.7043384]},"properties":{"z":136.8}},{"type":"Feature","geometry":{"type":"Point","coordinates":[135.8549704,34.7043357]},"properties":{"z":136.8}},{"type":"Feature","geometry":{"type":"Point","coordinates":[135.8549166,34.7043275]},"properties":{"z":136.6}},{"type":"Feature","geometry":{"type":"Point","coordinates":[135.8548629,34.7043193]},"properties":{"z":136.4}},{"type":"Feature","geometry":{"type":"Point","coordinates":[135.8548096,34.7043094]},"properties":{"z":136.4}},{"type":"Feature","geometry":{"type":"Point","coordinates":[135.8547567,34.704298]},"properties":{"z":136.1}},{"type":"Feature","geometry":{"type":"Point","coordinates":[135.8547038,34.7042866]},"properties":{"z":134.8}},{"type":"Feature","geometry":{"type":"Point","coordinates":[135.8546509,34.7042752]},"properties":{"z":134.7}},{"type":"Feature","geometry":{"type":"Point","coordinates":[135.854598,34.7042637]},"properties":{"z":135.0}},{"type":"Feature","geometry":{"type":"Point","coordinates":[135.8545451,34.7042526]},"properties":{"z":135.0}},{"type":"Feature","geometry":{"type":"Point","coordinates":[135.8544914,34.7042438]},"properties":{"z":135.5}},{"type":"Feature","geometry":{"type":"Point","coordinates":[135.8544378,34.704235]},"properties":{"z":135.5}},{"type":"Feature","geometry":{"type":"Point","coordinates":[135.8543841,34.7042267]},"properties":{"z":135.5}},{"type":"Feature","geometry":{"type":"Point","coordinates":[135.8543303,34.7042188]},"properties":{"z":131.4}},{"type":"Feature","geometry":{"type":"Point","coordinates":[135.8542764,34.7042109]},"properties":{"z":131.4}},{"type":"Feature","geometry":{"type":"Point","coordinates":[135.8542218,34.7042092]},"properties":{"z":129.6}},{"type":"Feature","geometry":{"type":"Point","coordinates":[135.8541672,34.7042081]},"properties":{"z":128.9}},{"type":"Feature","geometry":{"type":"Point","coordinates":[135.8541125,34.7042075]},"properties":{"z":128.9}},{"type":"Feature","geometry":{"type":"Point","coordinates":[135.8540578,34.7042082]},"properties":{"z":128.8}},{"type":"Feature","geometry":{"type":"Point","coordinates":[135.8540032,34.7042089]},"properties":{"z":129.0}},{"type":"Feature","geometry":{"type":"Point","coordinates":[135.8539485,34.7042102]},"properties":{"z":129.0}},{"type":"Feature","geometry":{"type":"Point","coordinates":[135.8538939,34.7042119]},"properties":{"z":129.2}},{"type":"Feature","geometry":{"type":"Point","coordinates":[135.8538392,34.7042137]},"properties":{"z":129.3}},{"type":"Feature","geometry":{"type":"Point","coordinates":[135.8537846,34.7042144]},"properties":{"z":129.3}},{"type":"Feature","geometry":{"type":"Point","coordinates":[135.8537299,34.7042145]},"properties":{"z":129.3}},{"type":"Feature","geometry":{"type":"Point","coordinates":[135.8536752,34.7042146]},"properties":{"z":129.3}},{"type":"Feature","geometry":{"type":"Point","coordinates":[135.8536206,34.7042131]},"properties":{"z":129.3}},{"type":"Feature","geometry":{"type":"Point","coordinates":[135.853566,34.7042107]},"properties":{"z":129.2}},{"type":"Feature","geometry":{"type":"Point","coordinates":[135.8535114,34.7042082]},"properties":{"z":129.2}},{"type":"Feature","geometry":{"type":"Point","coordinates":[135.8534576,34.7042012]},"properties":{"z":129.2}},{"type":"Feature","geometry":{"type":"Point","coordinates":[135.8534046,34.7041902]},"properties":{"z":129.2}},{"type":"Feature","geometry":{"type":"Point","coordinates":[135.8533516,34.7041792]},"properties":{"z":129.2}},{"type":"Feature","geometry":{"type":"Point","coordinates":[135.853301,34.7041633]},"properties":{"z":129.4}},{"type":"Feature","geometry":{"type":"Point","coordinates":[135.8532534,34.7041411]},"properties":{"z":128.5}},{"type":"Feature","geometry":{"type":"Point","coordinates":[135.8532059,34.7041189]},"properties":{"z":128.7}},{"type":"Feature","geometry":{"type":"Point","coordinates":[135.853161,34.7040935]},"properties":{"z":128.7}},{"type":"Feature","geometry":{"type":"Point","coordinates":[135.8531188,34.7040649]},"properties":{"z":128.2}},{"type":"Feature","geometry":{"type":"Point","coordinates":[135.8530766,34.7040363]},"properties":{"z":128.2}},{"type":"Feature","geometry":{"type":"Point","coordinates":[135.853035,34.7040072]},"properties":{"z":127.8}},{"type":"Feature","geometry":{"type":"Point","coordinates":[135.8529939,34.7039776]},"properties":{"z":127.8}},{"type":"Feature","geometry":{"type":"Point","coordinates":[135.8529528,34.7039479]},"properties":{"z":128.2}},{"type":"Feature","geometry":{"type":"Point","coordinates":[135.8529079,34.7039223]},"properties":{"z":127.5}},{"type":"Feature","geometry":{"type":"Point","coordinates":[135.852862,34.7038979]},"properties":{"z":127.9}},{"type":"Feature","geometry":{"type":"Point","coordinates":[135.8528154,34.7038747]},"properties":{"z":127.9}},{"type":"Feature","geometry":{"type":"Point","coordinates":[135.8527633,34.7038611]},"properties":{"z":127.7}},{"type":"Feature","geometry":{"type":"Point","coordinates":[135.8527112,34.7038475]},"properties":{"z":127.9}},{"type":"Feature","geometry":{"type":"Point","coordinates":[135.852658,34.7038376]},"properties":{"z":127.9}},{"type":"Feature","geometry":{"type":"Point","coordinates":[135.852604,34.7038305]},"properties":{"z":127.8}},{"type":"Feature","geometry":{"type":"Point","coordinates":[135.8525499,34.7038243]},"properties":{"z":127.6}},{"type":"Feature","geometry":{"type":"Point","coordinates":[135.8524955,34.7038199]},"properties":{"z":127.6}},{"type":"Feature","geometry":{"type":"Point","coordinates":[135.852441,34.7038156]},"properties":{"z":127.3}},{"type":"Feature","geometry":{"type":"Point","coordinates":[135.8523866,34.7038115]},"properties":{"z":127.3}},{"type":"Feature","geometry":{"type":"Point","coordinates":[135.8523321,34.7038075]},"properties":{"z":127.2}},{"type":"Feature","geometry":{"type":"Point","coordinates":[135.8522777,34.7038036]},"properties":{"z":127.0}},{"type":"Feature","geometry":{"type":"Point","coordinates":[135.8522232,34.7037996]},"properties":{"z":125.4}},{"type":"Feature","geometry":{"type":"Point","coordinates":[135.8521689,34.7037943]},"properties":{"z":125.1}},{"type":"Feature","geometry":{"type":"Point","coordinates":[135.8521146,34.703789]},"properties":{"z":125.1}},{"type":"Feature","geometry":{"type":"Point","coordinates":[135.8520601,34.703786]},"properties":{"z":125.1}},{"type":"Feature","geometry":{"type":"Point","coordinates":[135.8520055,34.7037834]},"properties":{"z":125.1}},{"type":"Feature","geometry":{"type":"Point","coordinates":[135.8519508,34.7037814]},"properties":{"z":125.2}},{"type":"Feature","geometry":{"type":"Point","coordinates":[135.8518962,34.7037798]},"properties":{"z":125.2}},{"type":"Feature","geometry":{"type":"Point","coordinates":[135.8518415,34.7037789]},"properties":{"z":125.4}},{"type":"Feature","geometry":{"type":"Point","coordinates":[135.8517869,34.703779]},"properties":{"z":125.4}},{"type":"Feature","geometry":{"type":"Point","coordinates":[135.8517322,34.703779]},"properties":{"z":125.7}},{"type":"Feature","geometry":{"type":"Point","coordinates":[135.8516775,34.7037783]},"properties":{"z":126.3}},{"type":"Feature","geometry":{"type":"Point","coordinates":[135.8516228,34.7037776]},"properties":{"z":126.3}},{"type":"Feature","geometry":{"type":"Point","coordinates":[135.8515682,34.7037754]},"properties":{"z":126.8}},{"type":"Feature","geometry":{"type":"Point","coordinates":[135.8515136,34.7037728]},"properties":{"z":127.1}},{"type":"Feature","geometry":{"type":"Point","coordinates":[135.851459,34.7037705]},"properties":{"z":127.1}},{"type":"Feature","geometry":{"type":"Point","coordinates":[135.8514044,34.7037685]},"properties":{"z":127.0}},{"type":"Feature","geometry":{"type":"Point","coordinates":[135.8513498,34.7037666]},"properties":{"z":127.0}},{"type":"Feature","geometry":{"type":"Point","coordinates":[135.8512951,34.7037657]},"properties":{"z":127.0}},{"type":"Feature","geometry":{"type":"Point","coordinates":[135.8512404,34.7037649]},"properties":{"z":127.1}},{"type":"Feature","geometry":{"type":"Point","coordinates":[135.8511858,34.7037634]},"properties":{"z":127.1}},{"type":"Feature","geometry":{"type":"Point","coordinates":[135.8511312,34.7037611]},"properties":{"z":127.1}},{"type":"Feature","geometry":{"type":"Point","coordinates":[135.8510766,34.7037587]},"properties":{"z":127.2}},{"type":"Feature","geometry":{"type":"Point","coordinates":[135.8510223,34.7037537]},"properties":{"z":127.2}},{"type":"Feature","geometry":{"type":"Point","coordinates":[135.8509681,34.7037479]},"properties":{"z":127.5}},{"type":"Feature","geometry":{"type":"Point","coordinates":[135.8509139,34.7037418]},"properties":{"z":127.9}},{"type":"Feature","geometry":{"type":"Point","coordinates":[135.8508605,34.7037321]},"properties":{"z":127.9}},{"type":"Feature","geometry":{"type":"Point","coordinates":[135.8508071,34.7037224]},"properties":{"z":126.1}},{"type":"Feature","geometry":{"type":"Point","coordinates":[135.8507543,34.7037109]},"properties":{"z":126.1}},{"type":"Feature","geometry":{"type":"Point","coordinates":[135.8507027,34.7036962]},"properties":{"z":126.5}},{"type":"Feature","geometry":{"type":"Point","coordinates":[135.850651,34.7036815]},"properties":{"z":127.0}},{"type":"Feature","geometry":{"type":"Point","coordinates":[135.8506005,34.7036645]},"properties":{"z":127.0}},{"type":"Feature","geometry":{"type":"Point","coordinates":[135.8505512,34.703645]},"properties":{"z":125.7}},{"type":"Feature","geometry":{"type":"Point","coordinates":[135.8505019,34.7036256]},"properties":{"z":125.7}},{"type":"Feature","geometry":{"type":"Point","coordinates":[135.8504538,34.7036042]},"properties":{"z":126.5}},{"type":"Feature","geometry":{"type":"Point","coordinates":[135.8504062,34.7035821]},"properties":{"z":125.3}},{"type":"Feature","geometry":{"type":"Point","coordinates":[135.8503586,34.70356]},"properties":{"z":125.3}},{"type":"Feature","geometry":{"type":"Point","coordinates":[135.8503148,34.7035331]},"properties":{"z":125.5}},{"type":"Feature","geometry":{"type":"Point","coordinates":[135.8502712,34.703506]},"properties":{"z":123.1}},{"type":"Feature","geometry":{"type":"Point","coordinates":[135.8502292,34.7034774]},"properties":{"z":121.6}},{"type":"Feature","geometry":{"type":"Point","coordinates":[135.8501917,34.7034447]},"properties":{"z":120.2}},{"type":"Feature","geometry":{"type":"Point","coordinates":[135.8501543,34.7034119]},"properties":{"z":120.2}},{"type":"Feature","geometry":{"type":"Point","coordinates":[135.8501166,34.7033794]},"properties":{"z":119.3}},{"type":"Feature","geometry":{"type":"Point","coordinates":[135.8500775,34.7033479]},"properties":{"z":118.5}},{"type":"Feature","geometry":{"type":"Point","coordinates":[135.8500385,34.7033165]},"properties":{"z":118.3}},{"type":"Feature","geometry":{"type":"Point","coordinates":[135.8499996,34.7032848]},"properties":{"z":117.8}},{"type":"Feature","geometry":{"type":"Point","coordinates":[135.8499615,34.7032526]},"properties":{"z":118.1}},{"type":"Feature","geometry":{"type":"Point","coordinates":[135.8499234,34.7032203]},"properties":{"z":117.4}},{"type":"Feature","geometry":{"type":"Point","coordinates":[135.8498848,34.7031886]},"properties":{"z":117.8}},{"type":"Feature","geometry":{"type":"Point","coordinates":[135.8498413,34.7031614]},"properties":{"z":117.2}},{"type":"Feature","geometry":{"type":"Point","coordinates":[135.8497977,34.7031342]},"properties":{"z":117.5}},{"type":"Feature","geometry":{"type":"Point","coordinates":[135.8497542,34.703107]},"properties":{"z":117.5}},{"type":"Feature","geometry":{"type":"Point","coordinates":[135.8497042,34.7030893]},"properties":{"z":117.2}},{"type":"Feature","geometry":{"type":"Point","coordinates":[135.8496533,34.7030727]},"properties":{"z":117.2}},{"type":"Feature","geometry":{"type":"Point","coordinates":[135.8496025,34.7030561]},"properties":{"z":117.6}},{"type":"Feature","geometry":{"type":"Point","coordinates":[135.8495517,34.7030396]},"properties":{"z":118.1}},{"type":"Feature","geometry":{"type":"Point","coordinates":[135.8495001,34.7030248]},"properties":{"z":118.1}},{"type":"Feature","geometry":{"type":"Point","coordinates":[135.8494477,34.7030123]},"properties":{"z":117.8}},{"type":"Feature","geometry":{"type":"Point","coordinates":[135.8493987,34.7029924]},"properties":{"z":117.8}},{"type":"Feature","geometry":{"type":"Point","coordinates":[135.849349,34.7029736]},"properties":{"z":118.2}},{"type":"Feature","geometry":{"type":"Point","coordinates":[135.8492974,34.7029589]},"properties":{"z":118.2}},{"type":"Feature","geometry":{"type":"Point","coordinates":[135.8492452,34.7029454]},"properties":{"z":117.9}},{"type":"Feature","geometry":{"type":"Point","coordinates":[135.8491927,34.7029329]},"properties":{"z":118.2}},{"type":"Feature","geometry":{"type":"Point","coordinates":[135.8491406,34.7029192]},"properties":{"z":118.2}},{"type":"Feature","geometry":{"type":"Point","coordinates":[135.8490886,34.7029054]},"properties":{"z":118.2}},{"type":"Feature","geometry":{"type":"Point","coordinates":[135.8490365,34.7028918]},"properties":{"z":118.0}},{"type":"Feature","geometry":{"type":"Point","coordinates":[135.8489843,34.7028783]},"properties":{"z":117.3}},{"type":"Feature","geometry":{"type":"Point","coordinates":[135.8489319,34.7028655]},"properties":{"z":117.0}},{"type":"Feature","geometry":{"type":"Point","coordinates":[135.8488794,34.702853]},"properties":{"z":117.0}},{"type":"Feature","geometry":{"type":"Point","coordinates":[135.848827,34.7028401]},"properties":{"z":116.8}},{"type":"Feature","geometry":{"type":"Point","coordinates":[135.8487749,34.7028265]},"properties":{"z":116.6}},{"type":"Feature","geometry":{"type":"Point","coordinates":[135.8487228,34.7028128]},"properties":{"z":116.6}},{"type":"Feature","geometry":{"type":"Point","coordinates":[135.848669,34.7028048]},"properties":{"z":115.7}},{"type":"Feature","geometry":{"type":"Point","coordinates":[135.8486152,34.7027972]},"properties":{"z":115.7}},{"type":"Feature","geometry":{"type":"Point","coordinates":[135.8485618,34.7027875]},"properties":{"z":115.5}},{"type":"Feature","geometry":{"type":"Point","coordinates":[135.8485088,34.7027764]},"properties":{"z":115.2}},{"type":"Feature","geometry":{"type":"Point","coordinates":[135.8484561,34.7027647]},"properties":{"z":115.2}},{"type":"Feature","geometry":{"type":"Point","coordinates":[135.8484038,34.7027513]},"properties":{"z":114.9}},{"type":"Feature","geometry":{"type":"Point","coordinates":[135.8483516,34.7027379]},"properties":{"z":114.3}},{"type":"Feature","geometry":{"type":"Point","coordinates":[135.8482994,34.7027246]},"properties":{"z":114.3}},{"type":"Feature","geometry":{"type":"Point","coordinates":[135.8482472,34.7027113]},"properties":{"z":114.3}},{"type":"Feature","geometry":{"type":"Point","coordinates":[135.8481949,34.7026982]},"properties":{"z":114.3}},{"type":"Feature","geometry":{"type":"Point","coordinates":[135.8481423,34.702686]},"properties":{"z":114.4}},{"type":"Feature","geometry":{"type":"Point","coordinates":[135.8480896,34.7026738]},"properties":{"z":114.6}},{"type":"Feature","geometry":{"type":"Point","coordinates":[135.8480374,34.7026606]},"properties":{"z":113.9}},{"type":"Feature","geometry":{"type":"Point","coordinates":[135.8479852,34.7026471]},"properties":{"z":114.0}},{"type":"Feature","geometry":{"type":"Point","coordinates":[135.847933,34.7026337]},"properties":{"z":114.0}},{"type":"Feature","geometry":{"type":"Point","coordinates":[135.8478807,34.7026205]},"properties":{"z":114.1}},{"type":"Feature","geometry":{"type":"Point","coordinates":[135.8478285,34.7026074]},"properties":{"z":114.2}},{"type":"Feature","geometry":{"type":"Point","coordinates":[135.8477754,34.7025964]},"properties":{"z":113.5}},{"type":"Feature","geometry":{"type":"Point","coordinates":[135.8477224,34.7025854]},"properties":{"z":113.7}},{"type":"Feature","geometry":{"type":"Point","coordinates":[135.8476694,34.7025746]},"properties":{"z":113.7}},{"type":"Feature","geometry":{"type":"Point","coordinates":[135.8476163,34.7025638]},"properties":{"z":113.8}},{"type":"Feature","geometry":{"type":"Point","coordinates":[135.8475628,34.7025547]},"properties":{"z":114.0}},{"type":"Feature","geometry":{"type":"Point","coordinates":[135.8475091,34.702546]},"properties":{"z":114.0}},{"type":"Feature","geometry":{"type":"Point","coordinates":[135.8474553,34.7025378]},"properties":{"z":114.2}},{"type":"Feature","geometry":{"type":"Point","coordinates":[135.8474015,34.7025298]},"properties":{"z":113.9}},{"type":"Feature","geometry":{"type":"Point","coordinates":[135.8473477,34.7025218]},"properties":{"z":113.9}},{"type":"Feature","geometry":{"type":"Point","coordinates":[135.8472939,34.7025137]},"properties":{"z":113.9}},{"type":"Feature","geometry":{"type":"Point","coordinates":[135.84724,34.7025066]},"properties":{"z":113.9}},{"type":"Feature","geometry":{"type":"Point","coordinates":[135.8471859,34.7025]},"properties":{"z":113.8}},{"type":"Feature","geometry":{"type":"Point","coordinates":[135.8471318,34.7024934]},"properties":{"z":113.8}},{"type":"Feature","geometry":{"type":"Point","coordinates":[135.8470777,34.7024868]},"properties":{"z":113.8}},{"type":"Feature","geometry":{"type":"Point","coordinates":[135.8470237,34.7024798]},"properties":{"z":113.8}},{"type":"Feature","geometry":{"type":"Point","coordinates":[135.8469697,34.7024725]},"properties":{"z":113.8}},{"type":"Feature","geometry":{"type":"Point","coordinates":[135.8469157,34.7024658]},"properties":{"z":113.8}},{"type":"Feature","geometry":{"type":"Point","coordinates":[135.8468616,34.7024594]},"properties":{"z":113.8}},{"type":"Feature","geometry":{"type":"Point","coordinates":[135.8468074,34.7024531]},"properties":{"z":113.3}},{"type":"Feature","geometry":{"type":"Point","coordinates":[135.8467533,34.7024468]},"properties":{"z":113.3}},{"type":"Feature","geometry":{"type":"Point","coordinates":[135.8466993,34.7024396]},"properties":{"z":113.4}},{"type":"Feature","geometry":{"type":"Point","coordinates":[135.8466454,34.7024319]},"properties":{"z":113.4}},{"type":"Feature","geometry":{"type":"Point","coordinates":[135.8465914,34.7024249]},"properties":{"z":113.4}},{"type":"Feature","geometry":{"type":"Point","coordinates":[135.8465373,34.7024183]},"properties":{"z":113.4}},{"type":"Feature","geometry":{"type":"Point","coordinates":[135.8464832,34.702412]},"properties":{"z":113.4}},{"type":"Feature","geometry":{"type":"Point","coordinates":[135.846429,34.7024059]},"properties":{"z":113.4}},{"type":"Feature","geometry":{"type":"Point","coordinates":[135.8463749,34.7023995]},"properties":{"z":113.4}},{"type":"Feature","geometry":{"type":"Point","coordinates":[135.8463208,34.7023929]},"properties":{"z":113.4}},{"type":"Feature","geometry":{"type":"Point","coordinates":[135.8462666,34.702387]},"properties":{"z":112.9}},{"type":"Feature","geometry":{"type":"Point","coordinates":[135.8462124,34.7023813]},"properties":{"z":112.9}},{"type":"Feature","geometry":{"type":"Point","coordinates":[135.8461582,34.7023752]},"properties":{"z":112.8}},{"type":"Feature","geometry":{"type":"Point","coordinates":[135.8461041,34.7023689]},"properties":{"z":113.3}},{"type":"Feature","geometry":{"type":"Point","coordinates":[135.84605,34.7023624]},"properties":{"z":113.3}},{"type":"Feature","geometry":{"type":"Point","coordinates":[135.8459959,34.7023558]},"properties":{"z":113.8}},{"type":"Feature","geometry":{"type":"Point","coordinates":[135.8459418,34.7023491]},"properties":{"z":114.3}},{"type":"Feature","geometry":{"type":"Point","coordinates":[135.8458878,34.702342]},"properties":{"z":114.3}},{"type":"Feature","geometry":{"type":"Point","coordinates":[135.8458338,34.7023349]},"properties":{"z":114.8}},{"type":"Feature","geometry":{"type":"Point","coordinates":[135.8457805,34.702325]},"properties":{"z":114.8}},{"type":"Feature","geometry":{"type":"Point","coordinates":[135.8457273,34.7023147]},"properties":{"z":114.4}},{"type":"Feature","geometry":{"type":"Point","coordinates":[135.8456746,34.702303]},"properties":{"z":114.2}},{"type":"Feature","geometry":{"type":"Point","coordinates":[135.8456226,34.702289]},"properties":{"z":114.2}},{"type":"Feature","geometry":{"type":"Point","coordinates":[135.8455706,34.7022751]},"properties":{"z":113.9}},{"type":"Feature","geometry":{"type":"Point","coordinates":[135.8455213,34.702256]},"properties":{"z":113.9}},{"type":"Feature","geometry":{"type":"Point","coordinates":[135.8454729,34.702235]},"properties":{"z":113.1}},{"type":"Feature","geometry":{"type":"Point","coordinates":[135.8454246,34.7022139]},"properties":{"z":113.4}},{"type":"Feature","geometry":{"type":"Point","coordinates":[135.8453799,34.7021881]},"properties":{"z":113.4}},{"type":"Feature","geometry":{"type":"Point","coordinates":[135.8453353,34.7021621]},"properties":{"z":113.1}},{"type":"Feature","geometry":{"type":"Point","coordinates":[135.8452914,34.7021354]},"properties":{"z":113.1}},{"type":"Feature","geometry":{"type":"Point","coordinates":[135.8452527,34.7021037]},"properties":{"z":112.4}},{"type":"Feature","geometry":{"type":"Point","coordinates":[135.845214,34.7020719]},"properties":{"z":112.4}},{"type":"Feature","geometry":{"type":"Point","coordinates":[135.8451755,34.70204]},"properties":{"z":112.4}},{"type":"Feature","geometry":{"type":"Point","coordinates":[135.8451383,34.702007]},"properties":{"z":111.1}},{"type":"Feature","geometry":{"type":"Point","coordinates":[135.8451012,34.701974]},"properties":{"z":111.1}},{"type":"Feature","geometry":{"type":"Point","coordinates":[135.8450641,34.701941]},"properties":{"z":109.6}},{"type":"Feature","geometry":{"type":"Point","coordinates":[135.8450279,34.7019073]},"properties":{"z":109.6}},{"type":"Feature","geometry":{"type":"Point","coordinates":[135.8449917,34.7018736]},"properties":{"z":108.9}},{"type":"Feature","geometry":{"type":"Point","coordinates":[135.8449556,34.7018399]},"properties":{"z":108.9}},{"type":"Feature","geometry":{"type":"Point","coordinates":[135.8449193,34.7018063]},"properties":{"z":108.4}},{"type":"Feature","geometry":{"type":"Point","coordinates":[135.8448829,34.7017727]},"properties":{"z":108.8}},{"type":"Feature","geometry":{"type":"Point","coordinates":[135.8448465,34.7017391]},"properties":{"z":108.4}},{"type":"Feature","geometry":{"type":"Point","coordinates":[135.8448107,34.7017052]},"properties":{"z":108.7}},{"type":"Feature","geometry":{"type":"Point","coordinates":[135.8447751,34.701671]},"properties":{"z":108.2}},{"type":"Feature","geometry":{"type":"Point","coordinates":[135.8447395,34.7016369]},"properties":{"z":108.4}},{"type":"Feature","geometry":{"type":"Point","coordinates":[135.8447035,34.7016031]},"properties":{"z":107.8}},{"type":"Feature","geometry":{"type":"Point","coordinates":[135.8446673,34.7015694]},"properties":{"z":107.8}},{"type":"Feature","geometry":{"type":"Point","coordinates":[135.8446311,34.7015357]},"properties":{"z":107.4}},{"type":"Feature","geometry":{"type":"Point","coordinates":[135.8445933,34.7015033]},"properties":{"z":107.4}},{"type":"Feature","geometry":{"type":"Point","coordinates":[135.8445542,34.7014719]},"properties":{"z":107.4}},{"type":"Feature","geometry":{"type":"Point","coordinates":[135.844515,34.7014405]},"properties":{"z":106.8}},{"type":"Feature","geometry":{"type":"Point","coordinates":[135.8444749,34.70141]},"properties":{"z":107.0}},{"type":"Feature","geometry":{"type":"Point","coordinates":[135.8444335,34.7013806]},"properties":{"z":106.4}},{"type":"Feature","geometry":{"type":"Point","coordinates":[135.8443921,34.7013512]},"properties":{"z":106.6}},{"type":"Feature","geometry":{"type":"Point","coordinates":[135.8443485,34.7013243]},"properties":{"z":106.0}},{"type":"Feature","geometry":{"type":"Point","coordinates":[135.8443022,34.7013005]},"properties":{"z":106.1}},{"type":"Feature","geometry":{"type":"Point","coordinates":[135.8442559,34.7012766]},"properties":{"z":106.1}},{"type":"Feature","geometry":{"type":"Point","coordinates":[135.8442074,34.7012562]},"properties":{"z":105.6}},{"type":"Feature","geometry":{"type":"Point","coordinates":[135.8441569,34.701239]},"properties":{"z":105.6}},{"type":"Feature","geometry":{"type":"Point","coordinates":[135.8441063,34.7012219]},"properties":{"z":105.7}},{"type":"Feature","geometry":{"type":"Point","coordinates":[135.8440542,34.7012089]},"properties":{"z":105.7}},{"type":"Feature","geometry":{"type":"Point","coordinates":[135.8440008,34.7011991]},"properties":{"z":105.7}},{"type":"Feature","geometry":{"type":"Point","coordinates":[135.8439474,34.7011893]},"properties":{"z":105.7}},{"type":"Feature","geometry":{"type":"Point","coordinates":[135.8438936,34.7011816]},"properties":{"z":105.2}},{"type":"Feature","geometry":{"type":"Point","coordinates":[135.8438395,34.7011749]},"properties":{"z":105.4}},{"type":"Feature","geometry":{"type":"Point","coordinates":[135.8437855,34.7011682]},"properties":{"z":105.2}},{"type":"Feature","geometry":{"type":"Point","coordinates":[135.8437313,34.7011619]},"properties":{"z":105.2}},{"type":"Feature","geometry":{"type":"Point","coordinates":[135.8436772,34.7011558]},"properties":{"z":105.0}},{"type":"Feature","geometry":{"type":"Point","coordinates":[135.843623,34.7011496]},"properties":{"z":104.9}},{"type":"Feature","geometry":{"type":"Point","coordinates":[135.8435688,34.7011437]},"properties":{"z":104.9}},{"type":"Feature","geometry":{"type":"Point","coordinates":[135.8435146,34.7011377]},"properties":{"z":104.9}},{"type":"Feature","geometry":{"type":"Point","coordinates":[135.8434604,34.7011319]},"properties":{"z":104.9}},{"type":"Feature","geometry":{"type":"Point","coordinates":[135.8434061,34.7011263]},"properties":{"z":104.9}},{"type":"Feature","geometry":{"type":"Point","coordinates":[135.8433519,34.7011208]},"properties":{"z":104.9}},{"type":"Feature","geometry":{"type":"Point","coordinates":[135.8432976,34.701115]},"properties":{"z":104.6}},{"type":"Feature","geometry":{"type":"Point","coordinates":[135.8432436,34.7011084]},"properties":{"z":104.6}},{"type":"Feature","geometry":{"type":"Point","coordinates":[135.8431895,34.7011019]},"properties":{"z":104.7}},{"type":"Feature","geometry":{"type":"Point","coordinates":[135.8431354,34.7010953]},"properties":{"z":104.7}},{"type":"Feature","geometry":{"type":"Point","coordinates":[135.8430813,34.7010889]},"properties":{"z":104.7}},{"type":"Feature","geometry":{"type":"Point","coordinates":[135.8430271,34.7010825]},"properties":{"z":104.7}},{"type":"Feature","geometry":{"type":"Point","coordinates":[135.842973,34.701076]},"properties":{"z":104.7}},{"type":"Feature","geometry":{"type":"Point","coordinates":[135.8429189,34.7010696]},"properties":{"z":104.7}},{"type":"Feature","geometry":{"type":"Point","coordinates":[135.8428648,34.7010632]},"properties":{"z":104.7}},{"type":"Feature","geometry":{"type":"Point","coordinates":[135.8428109,34.7010556]},"properties":{"z":104.7}},{"type":"Feature","geometry":{"type":"Point","coordinates":[135.8427573,34.701047]},"properties":{"z":104.4}},{"type":"Feature","geometry":{"type":"Point","coordinates":[135.8427036,34.7010383]},"properties":{"z":104.4}},{"type":"Feature","geometry":{"type":"Point","coordinates":[135.8426503,34.7010285]},"properties":{"z":104.4}},{"type":"Feature","geometry":{"type":"Point","coordinates":[135.8425971,34.7010181]},"properties":{"z":104.4}},{"type":"Feature","geometry":{"type":"Point","coordinates":[135.8425439,34.7010077]},"properties":{"z":104.4}},{"type":"Feature","geometry":{"type":"Point","coordinates":[135.8424909,34.7009965]},"properties":{"z":104.4}},{"type":"Feature","geometry":{"type":"Point","coordinates":[135.8424381,34.700985]},"properties":{"z":104.4}},{"type":"Feature","geometry":{"type":"Point","coordinates":[135.8423852,34.7009736]},"properties":{"z":104.2}},{"type":"Feature","geometry":{"type":"Point","coordinates":[135.8423332,34.7009595]},"properties":{"z":104.3}},{"type":"Feature","geometry":{"type":"Point","coordinates":[135.8422813,34.7009454]},"properties":{"z":104.3}},{"type":"Feature","geometry":{"type":"Point","coordinates":[135.8422294,34.7009314]},"properties":{"z":104.1}},{"type":"Feature","geometry":{"type":"Point","coordinates":[135.8421773,34.7009179]},"properties":{"z":104.1}},{"type":"Feature","geometry":{"type":"Point","coordinates":[135.8421251,34.7009043]},"properties":{"z":103.4}},{"type":"Feature","geometry":{"type":"Point","coordinates":[135.842073,34.7008906]},"properties":{"z":103.1}},{"type":"Feature","geometry":{"type":"Point","coordinates":[135.8420212,34.7008762]},"properties":{"z":103.1}},{"type":"Feature","geometry":{"type":"Point","coordinates":[135.8419694,34.7008618]},"properties":{"z":103.0}},{"type":"Feature","geometry":{"type":"Point","coordinates":[135.8419176,34.7008476]},"properties":{"z":103.0}},{"type":"Feature","geometry":{"type":"Point","coordinates":[135.8418656,34.7008336]},"properties":{"z":102.6}},{"type":"Feature","geometry":{"type":"Point","coordinates":[135.8418136,34.7008197]},"properties":{"z":102.6}},{"type":"Feature","geometry":{"type":"Point","coordinates":[135.8417623,34.7008043]},"properties":{"z":102.6}},{"type":"Feature","geometry":{"type":"Point","coordinates":[135.8417113,34.700788]},"properties":{"z":102.8}},{"type":"Feature","geometry":{"type":"Point","coordinates":[135.8416604,34.7007717]},"properties":{"z":102.8}},{"type":"Feature","geometry":{"type":"Point","coordinates":[135.8416104,34.7007535]},"properties":{"z":102.5}},{"type":"Feature","geometry":{"type":"Point","coordinates":[135.8415603,34.7007353]},"properties":{"z":102.6}},{"type":"Feature","geometry":{"type":"Point","coordinates":[135.8415115,34.7007152]},"properties":{"z":102.6}},{"type":"Feature","geometry":{"type":"Point","coordinates":[135.8414631,34.7006943]},"properties":{"z":102.4}},{"type":"Feature","geometry":{"type":"Point","coordinates":[135.8414153,34.7006725]},"properties":{"z":102.4}},{"type":"Feature","geometry":{"type":"Point","coordinates":[135.8413681,34.7006498]},"properties":{"z":102.5}},{"type":"Feature","geometry":{"type":"Point","coordinates":[135.8413212,34.7006268]},"properties":{"z":102.5}},{"type":"Feature","geometry":{"type":"Point","coordinates":[135.8412752,34.7006024]},"properties":{"z":102.4}},{"type":"Feature","geometry":{"type":"Point","coordinates":[135.8412295,34.7005778]},"properties":{"z":102.4}},{"type":"Feature","geometry":{"type":"Point","coordinates":[135.841185,34.7005517]},"properties":{"z":102.6}},{"type":"Feature","geometry":{"type":"Point","coordinates":[135.8411405,34.7005255]},"properties":{"z":103.0}},{"type":"Feature","geometry":{"type":"Point","coordinates":[135.8410964,34.7004989]},"properties":{"z":103.0}},{"type":"Feature","geometry":{"type":"Point","coordinates":[135.8410523,34.7004724]},"properties":{"z":103.1}},{"type":"Feature","geometry":{"type":"Point","coordinates":[135.8410107,34.7004432]},"properties":{"z":103.1}},{"type":"Feature","geometry":{"type":"Point","coordinates":[135.8409707,34.7004127]},"properties":{"z":102.7}},{"type":"Feature","geometry":{"type":"Point","coordinates":[135.8409356,34.7003782]},"properties":{"z":102.7}},{"type":"Feature","geometry":{"type":"Point","coordinates":[135.8409014,34.7003433]},"properties":{"z":102.7}},{"type":"Feature","geometry":{"type":"Point","coordinates":[135.8408708,34.7003062]},"properties":{"z":102.4}},{"type":"Feature","geometry":{"type":"Point","coordinates":[135.8408359,34.7002716]},"properties":{"z":102.0}},{"type":"Feature","geometry":{"type":"Point","coordinates":[135.8408092,34.7002325]},"properties":{"z":102.0}},{"type":"Feature","geometry":{"type":"Point","coordinates":[135.8407802,34.7001945]},"properties":{"z":102.1}},{"type":"Feature","geometry":{"type":"Point","coordinates":[135.8407484,34.7001579]},"properties":{"z":102.1}},{"type":"Feature","geometry":{"type":"Point","coordinates":[135.8407157,34.7001219]},"properties":{"z":101.8}},{"type":"Feature","geometry":{"type":"Point","coordinates":[135.8406834,34.7000856]},"properties":{"z":102.3}},{"type":"Feature","geometry":{"type":"Point","coordinates":[135.8406518,34.700049]},"properties":{"z":102.0}},{"type":"Feature","geometry":{"type":"Point","coordinates":[135.8406233,34.7000106]},"properties":{"z":102.3}},{"type":"Feature","geometry":{"type":"Point","coordinates":[135.8405974,34.6999712]},"properties":{"z":102.0}},{"type":"Feature","geometry":{"type":"Point","coordinates":[135.8405783,34.6999291]},"properties":{"z":102.0}},{"type":"Feature","geometry":{"type":"Point","coordinates":[135.8405553,34.6998884]},"properties":{"z":101.6}},{"type":"Feature","geometry":{"type":"Point","coordinates":[135.840537,34.6998461]},"properties":{"z":101.2}},{"type":"Feature","geometry":{"type":"Point","coordinates":[135.8405194,34.6998035]},"properties":{"z":101.2}},{"type":"Feature","geometry":{"type":"Point","coordinates":[135.8405015,34.6997611]},"properties":{"z":100.6}},{"type":"Feature","geometry":{"type":"Point","coordinates":[135.8404841,34.6997184]},"properties":{"z":100.6}},{"type":"Feature","geometry":{"type":"Point","coordinates":[135.8404695,34.6996752]},"properties":{"z":100.1}},{"type":"Feature","geometry":{"type":"Point","coordinates":[135.8404578,34.6996313]},"properties":{"z":99.5}},{"type":"Feature","geometry":{"type":"Point","coordinates":[135.8404475,34.6995872]},"properties":{"z":99.4}},{"type":"Feature","geometry":{"type":"Point","coordinates":[135.8404376,34.6995429]},"properties":{"z":98.7}},{"type":"Feature","geometry":{"type":"Point","coordinates":[135.8404276,34.6994987]},"properties":{"z":98.7}},{"type":"Feature","geometry":{"type":"Point","coordinates":[135.8404174,34.6994546]},"properties":{"z":98.1}},{"type":"Feature","geometry":{"type":"Point","coordinates":[135.8404055,34.6994107]},"properties":{"z":97.6}},{"type":"Feature","geometry":{"type":"Point","coordinates":[135.8403923,34.6993671]},"properties":{"z":97.6}},{"type":"Feature","geometry":{"type":"Point","coordinates":[135.8403777,34.6993238]},"properties":{"z":97.5}},{"type":"Feature","geometry":{"type":"Point","coordinates":[135.8403637,34.6992803]},"properties":{"z":97.4}},{"type":"Feature","geometry":{"type":"Point","coordinates":[135.8403499,34.6992368]},"properties":{"z":97.4}},{"type":"Feature","geometry":{"type":"Point","coordinates":[135.8403361,34.6991933]},"properties":{"z":97.2}},{"type":"Feature","geometry":{"type":"Point","coordinates":[135.8403224,34.6991498]},"properties":{"z":97.2}},{"type":"Feature","geometry":{"type":"Point","coordinates":[135.8403102,34.699106]},"properties":{"z":97.0}},{"type":"Feature","geometry":{"type":"Point","coordinates":[135.840298,34.6990622]},"properties":{"z":96.8}},{"type":"Feature","geometry":{"type":"Point","coordinates":[135.8402908,34.6990177]},"properties":{"z":96.8}},{"type":"Feature","geometry":{"type":"Point","coordinates":[135.8402844,34.698973]},"properties":{"z":96.7}},{"type":"Feature","geometry":{"type":"Point","coordinates":[135.8402783,34.6989283]},"properties":{"z":96.7}},{"type":"Feature","geometry":{"type":"Point","coordinates":[135.8402732,34.6988836]},"properties":{"z":96.7}},{"type":"Feature","geometry":{"type":"Point","coordinates":[135.840268,34.6988388]},"properties":{"z":96.6}},{"type":"Feature","geometry":{"type":"Point","coordinates":[135.8402647,34.698794]},"properties":{"z":96.6}},{"type":"Feature","geometry":{"type":"Point","coordinates":[135.8402621,34.6987491]},"properties":{"z":96.4}},{"type":"Feature","geometry":{"type":"Point","coordinates":[135.8402593,34.6987042]},"properties":{"z":96.2}},{"type":"Feature","geometry":{"type":"Point","coordinates":[135.8402539,34.6986595]},"properties":{"z":96.2}},{"type":"Feature","geometry":{"type":"Point","coordinates":[135.8402485,34.6986147]},"properties":{"z":95.9}},{"type":"Feature","geometry":{"type":"Point","coordinates":[135.8402422,34.6985701]},"properties":{"z":95.7}},{"type":"Feature","geometry":{"type":"Point","coordinates":[135.8402349,34.6985255]},"properties":{"z":95.7}},{"type":"Feature","geometry":{"type":"Point","coordinates":[135.8402276,34.698481]},"properties":{"z":95.5}},{"type":"Feature","geometry":{"type":"Point","coordinates":[135.8402207,34.6984364]},"properties":{"z":95.3}},{"type":"Feature","geometry":{"type":"Point","coordinates":[135.8402137,34.6983918]},"properties":{"z":95.3}},{"type":"Feature","geometry":{"type":"Point","coordinates":[135.8402073,34.6983472]},"properties":{"z":95.1}},{"type":"Feature","geometry":{"type":"Point","coordinates":[135.8402024,34.6983024]},"properties":{"z":95.1}},{"type":"Feature","geometry":{"type":"Point","coordinates":[135.8401975,34.6982576]},"properties":{"z":95.0}},{"type":"Feature","geometry":{"type":"Point","coordinates":[135.840191,34.698213]},"properties":{"z":94.8}},{"type":"Feature","geometry":{"type":"Point","coordinates":[135.8401841,34.6981684]},"properties":{"z":94.8}},{"type":"Feature","geometry":{"type":"Point","coordinates":[135.8401766,34.6981239]},"properties":{"z":94.6}},{"type":"Feature","geometry":{"type":"Point","coordinates":[135.8401679,34.6980795]},"properties":{"z":94.5}},{"type":"Feature","geometry":{"type":"Point","coordinates":[135.8401597,34.6980351]},"properties":{"z":94.5}},{"type":"Feature","geometry":{"type":"Point","coordinates":[135.8401553,34.6979903]},"properties":{"z":94.4}},{"type":"Feature","geometry":{"type":"Point","coordinates":[135.8401481,34.697946]},"properties":{"z":94.4}},{"type":"Feature","geometry":{"type":"Point","coordinates":[135.8401307,34.6979033]},"properties":{"z":94.8}},{"type":"Feature","geometry":{"type":"Point","coordinates":[135.8401015,34.6978679]},"properties":{"z":95.1}},{"type":"Feature","geometry":{"type":"Point","coordinates":[135.8400568,34.697842]},"properties":{"z":95.1}},{"type":"Feature","geometry":{"type":"Point","coordinates":[135.8400104,34.6978184]},"properties":{"z":94.8}},{"type":"Feature","geometry":{"type":"Point","coordinates":[135.8399627,34.6977965]},"properties":{"z":95.7}},{"type":"Feature","geometry":{"type":"Point","coordinates":[135.8399159,34.6977733]},"properties":{"z":95.2}},{"type":"Feature","geometry":{"type":"Point","coordinates":[135.8398695,34.6977494]},"properties":{"z":95.2}},{"type":"Feature","geometry":{"type":"Point","coordinates":[135.8398292,34.6977193]},"properties":{"z":95.5}},{"type":"Feature","geometry":{"type":"Point","coordinates":[135.8397901,34.6976878]},"properties":{"z":95.5}},{"type":"Feature","geometry":{"type":"Point","coordinates":[135.8397608,34.69765]},"properties":{"z":95.8}},{"type":"Feature","geometry":{"type":"Point","coordinates":[135.8397317,34.6976119]},"properties":{"z":95.8}},{"type":"Feature","geometry":{"type":"Point","coordinates":[135.8397118,34.69757]},"properties":{"z":96.4}},{"type":"Feature","geometry":{"type":"Point","coordinates":[135.8396922,34.6975281]},"properties":{"z":96.4}},{"type":"Feature","geometry":{"type":"Point","coordinates":[135.8396776,34.6974848]},"properties":{"z":96.9}},{"type":"Feature","geometry":{"type":"Point","coordinates":[135.8396634,34.6974414]},"properties":{"z":97.1}},{"type":"Feature","geometry":{"type":"Point","coordinates":[135.8396477,34.6973983]},"properties":{"z":97.1}},{"type":"Feature","geometry":{"type":"Point","coordinates":[135.8396316,34.6973553]},"properties":{"z":97.4}},{"type":"Feature","geometry":{"type":"Point","coordinates":[135.8396049,34.6973167]},"properties":{"z":97.4}},{"type":"Feature","geometry":{"type":"Point","coordinates":[135.8395729,34.6972803]},"properties":{"z":97.2}},{"type":"Feature","geometry":{"type":"Point","coordinates":[135.8395389,34.6972451]},"properties":{"z":97.2}},{"type":"Feature","geometry":{"type":"Point","coordinates":[135.8395036,34.6972108]},"properties":{"z":97.1}},{"type":"Feature","geometry":{"type":"Point","coordinates":[135.8394689,34.6971761]},"properties":{"z":97.1}},{"type":"Feature","geometry":{"type":"Point","coordinates":[135.8394348,34.6971409]},"properties":{"z":97.2}},{"type":"Feature","geometry":{"type":"Point","coordinates":[135.8394001,34.6971062]},"properties":{"z":96.8}},{"type":"Feature","geometry":{"type":"Point","coordinates":[135.8393646,34.697072]},"properties":{"z":96.5}},{"type":"Feature","geometry":{"type":"Point","coordinates":[135.8393318,34.6970363]},"properties":{"z":96.2}},{"type":"Feature","geometry":{"type":"Point","coordinates":[135.8393053,34.696997]},"properties":{"z":96.0}},{"type":"Feature","geometry":{"type":"Point","coordinates":[135.8392794,34.6969574]},"properties":{"z":96.0}},{"type":"Feature","geometry":{"type":"Point","coordinates":[135.8392595,34.6969155]},"properties":{"z":95.9}},{"type":"Feature","geometry":{"type":"Point","coordinates":[135.8392396,34.6968737]},"properties":{"z":95.4}},{"type":"Feature","geometry":{"type":"Point","coordinates":[135.8392277,34.6968299]},"properties":{"z":95.4}},{"type":"Feature","geometry":{"type":"Point","coordinates":[135.839217,34.6967858]},"properties":{"z":95.3}},{"type":"Feature","geometry":{"type":"Point","coordinates":[135.8392109,34.6967412]},"properties":{"z":95.2}},{"type":"Feature","geometry":{"type":"Point","coordinates":[135.8392074,34.6966964]},"properties":{"z":95.2}},{"type":"Feature","geometry":{"type":"Point","coordinates":[135.8392045,34.6966515]},"properties":{"z":94.7}},{"type":"Feature","geometry":{"type":"Point","coordinates":[135.8392022,34.6966066]},"properties":{"z":94.7}},{"type":"Feature","geometry":{"type":"Point","coordinates":[135.839201,34.6965617]},"properties":{"z":94.3}},{"type":"Feature","geometry":{"type":"Point","coordinates":[135.8392061,34.6965169]},"properties":{"z":93.9}},{"type":"Feature","geometry":{"type":"Point","coordinates":[135.8392112,34.6964722]},"properties":{"z":93.9}},{"type":"Feature","geometry":{"type":"Point","coordinates":[135.8392163,34.6964274]},"properties":{"z":93.5}},{"type":"Feature","geometry":{"type":"Point","coordinates":[135.839222,34.6963827]},"properties":{"z":93.1}},{"type":"Feature","geometry":{"type":"Point","coordinates":[135.83923,34.6963383]},"properties":{"z":93.1}},{"type":"Feature","geometry":{"type":"Point","coordinates":[135.8392398,34.696294]},"properties":{"z":92.7}},{"type":"Feature","geometry":{"type":"Point","coordinates":[135.83925,34.6962499]},"properties":{"z":92.7}},{"type":"Feature","geometry":{"type":"Point","coordinates":[135.8392621,34.6962061]},"properties":{"z":92.6}},{"type":"Feature","geometry":{"type":"Point","coordinates":[135.8392743,34.6961622]},"properties":{"z":92.6}},{"type":"Feature","geometry":{"type":"Point","coordinates":[135.8392793,34.6961175]},"properties":{"z":92.6}},{"type":"Feature","geometry":{"type":"Point","coordinates":[135.8392832,34.6960727]},"properties":{"z":92.7}},{"type":"Feature","geometry":{"type":"Point","coordinates":[135.8392852,34.6960278]},"properties":{"z":92.6}},{"type":"Feature","geometry":{"type":"Point","coordinates":[135.8392853,34.6959828]},"properties":{"z":92.6}},{"type":"Feature","geometry":{"type":"Point","coordinates":[135.8392856,34.6959379]},"properties":{"z":92.6}},{"type":"Feature","geometry":{"type":"Point","coordinates":[135.8392888,34.695893]},"properties":{"z":92.5}},{"type":"Feature","geometry":{"type":"Point","coordinates":[135.839292,34.6958482]},"properties":{"z":92.5}},{"type":"Feature","geometry":{"type":"Point","coordinates":[135.8392922,34.6958032]},"properties":{"z":92.5}},{"type":"Feature","geometry":{"type":"Point","coordinates":[135.8392913,34.6957583]},"properties":{"z":92.5}},{"type":"Feature","geometry":{"type":"Point","coordinates":[135.8392911,34.6957133]},"properties":{"z":92.4}},{"type":"Feature","geometry":{"type":"Point","coordinates":[135.8392921,34.6956684]},"properties":{"z":92.3}},{"type":"Feature","geometry":{"type":"Point","coordinates":[135.839293,34.6956234]},"properties":{"z":92.3}},{"type":"Feature","geometry":{"type":"Point","coordinates":[135.8392928,34.6955785]},"properties":{"z":92.3}},{"type":"Feature","geometry":{"type":"Point","coordinates":[135.8392926,34.6955335]},"properties":{"z":92.3}},{"type":"Feature","geometry":{"type":"Point","coordinates":[135.8392949,34.6954886]},"properties":{"z":92.3}},{"type":"Feature","geometry":{"type":"Point","coordinates":[135.8392981,34.6954438]},"properties":{"z":92.2}},{"type":"Feature","geometry":{"type":"Point","coordinates":[135.8393003,34.6953988]},"properties":{"z":92.2}},{"type":"Feature","geometry":{"type":"Point","coordinates":[135.8393019,34.6953539]},"properties":{"z":92.2}},{"type":"Feature","geometry":{"type":"Point","coordinates":[135.8393028,34.695309]},"properties":{"z":92.3}},{"type":"Feature","geometry":{"type":"Point","coordinates":[135.8393026,34.695264]},"properties":{"z":92.3}},{"type":"Feature","geometry":{"type":"Point","coordinates":[135.8393024,34.6952191]},"properties":{"z":92.5}},{"type":"Feature","geometry":{"type":"Point","coordinates":[135.8393003,34.6951742]},"properties":{"z":92.7}},{"type":"Feature","geometry":{"type":"Point","coordinates":[135.8392982,34.6951292]},"properties":{"z":92.7}},{"type":"Feature","geometry":{"type":"Point","coordinates":[135.8392962,34.6950843]},"properties":{"z":92.8}},{"type":"Feature","geometry":{"type":"Point","coordinates":[135.8392942,34.6950394]},"properties":{"z":93.0}},{"type":"Feature","geometry":{"type":"Point","coordinates":[135.8392917,34.6949945]},"properties":{"z":93.0}},{"type":"Feature","geometry":{"type":"Point","coordinates":[135.8392884,34.6949496]},"properties":{"z":93.1}},{"type":"Feature","geometry":{"type":"Point","coordinates":[135.8392854,34.6949048]},"properties":{"z":93.2}},{"type":"Feature","geometry":{"type":"Point","coordinates":[135.8392846,34.6948598]},"properties":{"z":93.2}},{"type":"Feature","geometry":{"type":"Point","coordinates":[135.8392838,34.6948149]},"properties":{"z":93.3}},{"type":"Feature","geometry":{"type":"Point","coordinates":[135.8392822,34.6947699]},"properties":{"z":93.3}},{"type":"Feature","geometry":{"type":"Point","coordinates":[135.8392804,34.694725]},"properties":{"z":93.5}},{"type":"Feature","geometry":{"type":"Point","coordinates":[135.8392779,34.6946801]},"properties":{"z":93.5}},{"type":"Feature","geometry":{"type":"Point","coordinates":[135.839275,34.6946352]},"properties":{"z":93.5}},{"type":"Feature","geometry":{"type":"Point","coordinates":[135.8392726,34.6945903]},"properties":{"z":93.6}},{"type":"Feature","geometry":{"type":"Point","coordinates":[135.8392709,34.6945454]},"properties":{"z":93.5}},{"type":"Feature","geometry":{"type":"Point","coordinates":[135.8392693,34.6945004]},"properties":{"z":93.5}},{"type":"Feature","geometry":{"type":"Point","coordinates":[135.8392676,34.6944555]},"properties":{"z":93.4}},{"type":"Feature","geometry":{"type":"Point","coordinates":[135.8392642,34.6944109]},"properties":{"z":93.4}},{"type":"Feature","geometry":{"type":"Point","coordinates":[135.8392419,34.6943699]},"properties":{"z":93.3}},{"type":"Feature","geometry":{"type":"Point","coordinates":[135.8392167,34.6943305]},"properties":{"z":93.5}},{"type":"Feature","geometry":{"type":"Point","coordinates":[135.8391778,34.6942989]},"properties":{"z":93.5}},{"type":"Feature","geometry":{"type":"Point","coordinates":[135.8391342,34.6942727]},"properties":{"z":93.5}},{"type":"Feature","geometry":{"type":"Point","coordinates":[135.8390853,34.6942526]},"properties":{"z":93.5}},{"type":"Feature","geometry":{"type":"Point","coordinates":[135.839032,34.6942454]},"properties":{"z":93.4}},{"type":"Feature","geometry":{"type":"Point","coordinates":[135.8389775,34.6942416]},"properties":{"z":93.3}},{"type":"Feature","geometry":{"type":"Point","coordinates":[135.8389233,34.6942359]},"properties":{"z":93.3}},{"type":"Feature","geometry":{"type":"Point","coordinates":[135.838869,34.6942315]},"properties":{"z":93.2}},{"type":"Feature","geometry":{"type":"Point","coordinates":[135.8388143,34.694232]},"properties":{"z":93.1}},{"type":"Feature","geometry":{"type":"Point","coordinates":[135.8387596,34.6942327]},"properties":{"z":93.1}},{"type":"Feature","geometry":{"type":"Point","coordinates":[135.838705,34.6942337]},"properties":{"z":93.0}},{"type":"Feature","geometry":{"type":"Point","coordinates":[135.8386503,34.694235]},"properties":{"z":92.9}},{"type":"Feature","geometry":{"type":"Point","coordinates":[135.8385958,34.6942379]},"properties":{"z":92.9}},{"type":"Feature","geometry":{"type":"Point","coordinates":[135.8385412,34.6942404]},"properties":{"z":92.9}},{"type":"Feature","geometry":{"type":"Point","coordinates":[135.8384865,34.6942413]},"properties":{"z":92.9}},{"type":"Feature","geometry":{"type":"Point","coordinates":[135.8384319,34.6942428]},"properties":{"z":92.8}},{"type":"Feature","geometry":{"type":"Point","coordinates":[135.8383774,34.6942469]},"properties":{"z":92.7}},{"type":"Feature","geometry":{"type":"Point","coordinates":[135.838323,34.6942494]},"properties":{"z":92.7}},{"type":"Feature","geometry":{"type":"Point","coordinates":[135.8382684,34.6942467]},"properties":{"z":92.6}},{"type":"Feature","geometry":{"type":"Point","coordinates":[135.8382138,34.6942447]},"properties":{"z":92.3}},{"type":"Feature","geometry":{"type":"Point","coordinates":[135.8381591,34.6942441]},"properties":{"z":92.3}},{"type":"Feature","geometry":{"type":"Point","coordinates":[135.8381045,34.6942448]},"properties":{"z":92.1}},{"type":"Feature","geometry":{"type":"Point","coordinates":[135.8380499,34.6942471]},"properties":{"z":91.9}},{"type":"Feature","geometry":{"type":"Point","coordinates":[135.8379953,34.6942472]},"properties":{"z":91.9}},{"type":"Feature","geometry":{"type":"Point","coordinates":[135.8379406,34.6942453]},"properties":{"z":91.6}},{"type":"Feature","geometry":{"type":"Point","coordinates":[135.837886,34.6942434]},"properties":{"z":91.6}},{"type":"Feature","geometry":{"type":"Point","coordinates":[135.8378314,34.6942416]},"properties":{"z":91.4}},{"type":"Feature","geometry":{"type":"Point","coordinates":[135.8377767,34.6942407]},"properties":{"z":91.2}},{"type":"Feature","geometry":{"type":"Point","coordinates":[135.8377221,34.6942401]},"properties":{"z":91.2}},{"type":"Feature","geometry":{"type":"Point","coordinates":[135.8376674,34.6942408]},"properties":{"z":91.0}},{"type":"Feature","geometry":{"type":"Point","coordinates":[135.8376127,34.6942419]},"properties":{"z":90.8}},{"type":"Feature","geometry":{"type":"Point","coordinates":[135.8375583,34.6942379]},"properties":{"z":90.8}},{"type":"Feature","geometry":{"type":"Point","coordinates":[135.8375039,34.6942334]},"properties":{"z":90.5}},{"type":"Feature","geometry":{"type":"Point","coordinates":[135.8374493,34.6942329]},"properties":{"z":90.3}},{"type":"Feature","geometry":{"type":"Point","coordinates":[135.8373946,34.6942326]},"properties":{"z":90.3}},{"type":"Feature","geometry":{"type":"Point","coordinates":[135.83734,34.6942352]},"properties":{"z":90.1}},{"type":"Feature","geometry":{"type":"Point","coordinates":[135.8372854,34.6942377]},"properties":{"z":90.1}},{"type":"Feature","geometry":{"type":"Point","coordinates":[135.8372308,34.6942386]},"properties":{"z":89.8}},{"type":"Feature","geometry":{"type":"Point","coordinates":[135.8371761,34.694239]},"properties":{"z":89.5}},{"type":"Feature","geometry":{"type":"Point","coordinates":[135.8371215,34.6942384]},"properties":{"z":89.5}},{"type":"Feature","geometry":{"type":"Point","coordinates":[135.8370668,34.6942376]},"properties":{"z":89.1}},{"type":"Feature","geometry":{"type":"Point","coordinates":[135.8370122,34.6942359]},"properties":{"z":88.9}},{"type":"Feature","geometry":{"type":"Point","coordinates":[135.8369575,34.6942341]},"properties":{"z":88.9}},{"type":"Feature","geometry":{"type":"Point","coordinates":[135.8369029,34.6942339]},"properties":{"z":88.8}},{"type":"Feature","geometry":{"type":"Point","coordinates":[135.8368482,34.6942338]},"properties":{"z":88.7}},{"type":"Feature","geometry":{"type":"Point","coordinates":[135.8367935,34.6942343]},"properties":{"z":88.7}},{"type":"Feature","geometry":{"type":"Point","coordinates":[135.8367389,34.6942352]},"properties":{"z":88.5}},{"type":"Feature","geometry":{"type":"Point","coordinates":[135.8366842,34.6942366]},"properties":{"z":88.5}},{"type":"Feature","geometry":{"type":"Point","coordinates":[135.8366297,34.6942397]},"properties":{"z":88.4}},{"type":"Feature","geometry":{"type":"Point","coordinates":[135.8365751,34.6942428]},"properties":{"z":88.2}},{"type":"Feature","geometry":{"type":"Point","coordinates":[135.8365205,34.6942412]},"properties":{"z":88.2}},{"type":"Feature","geometry":{"type":"Point","coordinates":[135.8364659,34.6942389]},"properties":{"z":88.0}},{"type":"Feature","geometry":{"type":"Point","coordinates":[135.8364114,34.694236]},"properties":{"z":87.9}},{"type":"Feature","geometry":{"type":"Point","coordinates":[135.8363568,34.6942328]},"properties":{"z":87.9}},{"type":"Feature","geometry":{"type":"Point","coordinates":[135.8363023,34.69423]},"properties":{"z":87.6}},{"type":"Feature","geometry":{"type":"Point","coordinates":[135.8362477,34.6942281]},"properties":{"z":87.4}},{"type":"Feature","geometry":{"type":"Point","coordinates":[135.836193,34.6942262]},"properties":{"z":87.4}},{"type":"Feature","geometry":{"type":"Point","coordinates":[135.8361384,34.6942257]},"properties":{"z":87.2}},{"type":"Feature","geometry":{"type":"Point","coordinates":[135.8360837,34.6942259]},"properties":{"z":87.2}},{"type":"Feature","geometry":{"type":"Point","coordinates":[135.836029,34.694226]},"properties":{"z":86.9}},{"type":"Feature","geometry":{"type":"Point","coordinates":[135.8359744,34.6942255]},"properties":{"z":86.7}},{"type":"Feature","geometry":{"type":"Point","coordinates":[135.8359197,34.6942249]},"properties":{"z":86.7}},{"type":"Feature","geometry":{"type":"Point","coordinates":[135.8358651,34.6942231]},"properties":{"z":86.5}},{"type":"Feature","geometry":{"type":"Point","coordinates":[135.8358105,34.6942204]},"properties":{"z":86.3}},{"type":"Feature","geometry":{"type":"Point","coordinates":[135.8357559,34.6942183]},"properties":{"z":86.3}},{"type":"Feature","geometry":{"type":"Point","coordinates":[135.8357013,34.6942195]},"properties":{"z":86.1}},{"type":"Feature","geometry":{"type":"Point","coordinates":[135.8356466,34.6942206]},"properties":{"z":85.9}},{"type":"Feature","geometry":{"type":"Point","coordinates":[135.835592,34.6942214]},"properties":{"z":85.9}},{"type":"Feature","geometry":{"type":"Point","coordinates":[135.8355378,34.6942164]},"properties":{"z":85.9}},{"type":"Feature","geometry":{"type":"Point","coordinates":[135.8354836,34.6942104]},"properties":{"z":85.9}},{"type":"Feature","geometry":{"type":"Point","coordinates":[135.8354291,34.694207]},"properties":{"z":85.8}},{"type":"Feature","geometry":{"type":"Point","coordinates":[135.8353744,34.6942072]},"properties":{"z":85.7}},{"type":"Feature","geometry":{"type":"Point","coordinates":[135.8353203,34.6942011]},"properties":{"z":85.7}},{"type":"Feature","geometry":{"type":"Point","coordinates":[135.8352658,34.6941982]},"properties":{"z":85.6}},{"type":"Feature","geometry":{"type":"Point","coordinates":[135.8352112,34.6941957]},"properties":{"z":85.5}},{"type":"Feature","geometry":{"type":"Point","coordinates":[135.8351567,34.6941921]},"properties":{"z":85.5}},{"type":"Feature","geometry":{"type":"Point","coordinates":[135.8351089,34.6941777]},"properties":{"z":85.4}},{"type":"Feature","geometry":{"type":"Point","coordinates":[135.8350809,34.6941397]},"properties":{"z":85.4}},{"type":"Feature","geometry":{"type":"Point","coordinates":[135.8350671,34.6940962]},"properties":{"z":85.5}},{"type":"Feature","geometry":{"type":"Point","coordinates":[135.8350546,34.6940524]},"properties":{"z":85.5}},{"type":"Feature","geometry":{"type":"Point","coordinates":[135.8350416,34.6940088]},"properties":{"z":85.4}},{"type":"Feature","geometry":{"type":"Point","coordinates":[135.8350264,34.6939656]},"properties":{"z":85.4}},{"type":"Feature","geometry":{"type":"Point","coordinates":[135.8350139,34.6939219]},"properties":{"z":85.4}},{"type":"Feature","geometry":{"type":"Point","coordinates":[135.8350056,34.6938775]},"properties":{"z":85.5}},{"type":"Feature","geometry":{"type":"Point","coordinates":[135.8349979,34.6938335]},"properties":{"z":85.5}},{"type":"Feature","geometry":{"type":"Point","coordinates":[135.8349776,34.6937918]},"properties":{"z":85.5}},{"type":"Feature","geometry":{"type":"Point","coordinates":[135.8349603,34.6937492]},"properties":{"z":85.4}},{"type":"Feature","geometry":{"type":"Point","coordinates":[135.8349476,34.6937055]},"properties":{"z":85.4}},{"type":"Feature","geometry":{"type":"Point","coordinates":[135.8349413,34.6936608]},"properties":{"z":85.4}},{"type":"Feature","geometry":{"type":"Point","coordinates":[135.8349344,34.6936163]},"properties":{"z":85.4}},{"type":"Feature","geometry":{"type":"Point","coordinates":[135.8349275,34.6935717]},"properties":{"z":85.4}},{"type":"Feature","geometry":{"type":"Point","coordinates":[135.8349271,34.6935268]},"properties":{"z":85.4}},{"type":"Feature","geometry":{"type":"Point","coordinates":[135.8349239,34.6934819]},"properties":{"z":85.4}},{"type":"Feature","geometry":{"type":"Point","coordinates":[135.8349202,34.6934371]},"properties":{"z":85.4}},{"type":"Feature","geometry":{"type":"Point","coordinates":[135.8349181,34.6933922]},"properties":{"z":85.5}},{"type":"Feature","geometry":{"type":"Point","coordinates":[135.8349187,34.6933472]},"properties":{"z":85.5}},{"type":"Feature","geometry":{"type":"Point","coordinates":[135.8348922,34.693308]},"properties":{"z":85.5}},{"type":"Feature","geometry":{"type":"Point","coordinates":[135.8348849,34.693264]},"properties":{"z":85.5}},{"type":"Feature","geometry":{"type":"Point","coordinates":[135.8348781,34.6932194]},"properties":{"z":85.5}},{"type":"Feature","geometry":{"type":"Point","coordinates":[135.8348727,34.6931748]},"properties":{"z":85.3}},{"type":"Feature","geometry":{"type":"Point","coordinates":[135.8348684,34.6931301]},"properties":{"z":85.4}},{"type":"Feature","geometry":{"type":"Point","coordinates":[135.8348575,34.693086]},"properties":{"z":85.4}},{"type":"Feature","geometry":{"type":"Point","coordinates":[135.8348535,34.6930412]},"properties":{"z":85.4}},{"type":"Feature","geometry":{"type":"Point","coordinates":[135.8348537,34.6929963]},"properties":{"z":85.5}},{"type":"Feature","geometry":{"type":"Point","coordinates":[135.8348544,34.6929514]},"properties":{"z":85.5}},{"type":"Feature","geometry":{"type":"Point","coordinates":[135.8348497,34.6929067]},"properties":{"z":85.6}},{"type":"Feature","geometry":{"type":"Point","coordinates":[135.8348451,34.6928619]},"properties":{"z":85.7}},{"type":"Feature","geometry":{"type":"Point","coordinates":[135.8348414,34.692817]},"properties":{"z":85.7}},{"type":"Feature","geometry":{"type":"Point","coordinates":[135.8348428,34.6927721]},"properties":{"z":85.8}},{"type":"Feature","geometry":{"type":"Point","coordinates":[135.8348435,34.6927272]},"properties":{"z":85.8}},{"type":"Feature","geometry":{"type":"Point","coordinates":[135.8348441,34.6926822]},"properties":{"z":85.9}},{"type":"Feature","geometry":{"type":"Point","coordinates":[135.8348447,34.6926373]},"properties":{"z":86.0}},{"type":"Feature","geometry":{"type":"Point","coordinates":[135.8348438,34.6925923]},"properties":{"z":86.0}},{"type":"Feature","geometry":{"type":"Point","coordinates":[135.834843,34.6925474]},"properties":{"z":86.1}},{"type":"Feature","geometry":{"type":"Point","coordinates":[135.8348427,34.6925024]},"properties":{"z":86.2}},{"type":"Feature","geometry":{"type":"Point","coordinates":[135.8348439,34.6924575]},"properties":{"z":86.2}},{"type":"Feature","geometry":{"type":"Point","coordinates":[135.8348456,34.6924126]},"properties":{"z":86.3}},{"type":"Feature","geometry":{"type":"Point","coordinates":[135.8348461,34.6923676]},"properties":{"z":86.4}},{"type":"Feature","geometry":{"type":"Point","coordinates":[135.8348431,34.6923228]},"properties":{"z":86.4}},{"type":"Feature","geometry":{"type":"Point","coordinates":[135.8348355,34.6922784]},"properties":{"z":86.5}},{"type":"Feature","geometry":{"type":"Point","coordinates":[135.8348346,34.6922334]},"properties":{"z":86.5}},{"type":"Feature","geometry":{"type":"Point","coordinates":[135.8348442,34.6921893]},"properties":{"z":86.6}},{"type":"Feature","geometry":{"type":"Point","coordinates":[135.8348464,34.6921445]},"properties":{"z":86.5}},{"type":"Feature","geometry":{"type":"Point","coordinates":[135.8348495,34.6920997]},"properties":{"z":86.5}},{"type":"Feature","geometry":{"type":"Point","coordinates":[135.8348556,34.692055]},"properties":{"z":86.4}},{"type":"Feature","geometry":{"type":"Point","coordinates":[135.8348524,34.6920101]},"properties":{"z":86.3}},{"type":"Feature","geometry":{"type":"Point","coordinates":[135.8348503,34.6919652]},"properties":{"z":86.3}},{"type":"Feature","geometry":{"type":"Point","coordinates":[135.8348499,34.6919203]},"properties":{"z":86.1}},{"type":"Feature","geometry":{"type":"Point","coordinates":[135.8348564,34.6918757]},"properties":{"z":86.1}},{"type":"Feature","geometry":{"type":"Point","coordinates":[135.8348293,34.6918497]},"properties":{"z":86.0}},{"type":"Feature","geometry":{"type":"Point","coordinates":[135.8347762,34.6918538]},"properties":{"z":85.9}},{"type":"Feature","geometry":{"type":"Point","coordinates":[135.834741,34.6918237]},"properties":{"z":85.9}},{"type":"Feature","geometry":{"type":"Point","coordinates":[135.8347243,34.6917809]},"properties":{"z":85.7}},{"type":"Feature","geometry":{"type":"Point","coordinates":[135.8346839,34.691753]},"properties":{"z":85.6}},{"type":"Feature","geometry":{"type":"Point","coordinates":[135.8346325,34.6917378]},"properties":{"z":85.6}},{"type":"Feature","geometry":{"type":"Point","coordinates":[135.8345792,34.6917281]},"properties":{"z":85.3}},{"type":"Feature","geometry":{"type":"Point","coordinates":[135.8345248,34.6917247]},"properties":{"z":85.1}},{"type":"Feature","geometry":{"type":"Point","coordinates":[135.8344704,34.691721]},"properties":{"z":85.1}},{"type":"Feature","geometry":{"type":"Point","coordinates":[135.834416,34.6917161]},"properties":{"z":85.0}},{"type":"Feature","geometry":{"type":"Point","coordinates":[135.8343617,34.6917114]},"properties":{"z":85.0}},{"type":"Feature","geometry":{"type":"Point","coordinates":[135.8343074,34.6917063]},"properties":{"z":85.0}},{"type":"Feature","geometry":{"type":"Point","coordinates":[135.8342529,34.691702]},"properties":{"z":85.0}},{"type":"Feature","geometry":{"type":"Point","coordinates":[135.8341984,34.691699]},"properties":{"z":85.0}},{"type":"Feature","geometry":{"type":"Point","coordinates":[135.8341437,34.6916987]},"properties":{"z":85.0}},{"type":"Feature","geometry":{"type":"Point","coordinates":[135.8340891,34.691699]},"properties":{"z":85.0}},{"type":"Feature","geometry":{"type":"Point","coordinates":[135.8340345,34.6916977]},"properties":{"z":85.0}},{"type":"Feature","geometry":{"type":"Point","coordinates":[135.83398,34.6916941]},"properties":{"z":85.0}},{"type":"Feature","geometry":{"type":"Point","coordinates":[135.8339264,34.6916956]},"properties":{"z":85.0}},{"type":"Feature","geometry":{"type":"Point","coordinates":[135.8338924,34.6917269]},"properties":{"z":85.0}},{"type":"Feature","geometry":{"type":"Point","coordinates":[135.8338867,34.6917714]},"properties":{"z":85.0}},{"type":"Feature","geometry":{"type":"Point","coordinates":[135.8338873,34.691816]},"properties":{"z":85.1}},{"type":"Feature","geometry":{"type":"Point","coordinates":[135.8338556,34.6918371]},"properties":{"z":85.1}},{"type":"Feature","geometry":{"type":"Point","coordinates":[135.8338068,34.6918241]},"properties":{"z":85.1}},{"type":"Feature","geometry":{"type":"Point","coordinates":[135.833807,34.6917792]},"properties":{"z":85.0}},{"type":"Feature","geometry":{"type":"Point","coordinates":[135.8338002,34.6917347]},"properties":{"z":85.0}},{"type":"Feature","geometry":{"type":"Point","coordinates":[135.8337595,34.69171]},"properties":{"z":85.0}},{"type":"Feature","geometry":{"type":"Point","coordinates":[135.8337065,34.6916992]},"properties":{"z":85.0}},{"type":"Feature","geometry":{"type":"Point","coordinates":[135.8336521,34.6916954]},"properties":{"z":85.0}},{"type":"Feature","geometry":{"type":"Point","coordinates":[135.8336004,34.6916815]},"properties":{"z":85.0}},{"type":"Feature","geometry":{"type":"Point","coordinates":[135.8335478,34.6916706]},"properties":{"z":85.0}},{"type":"Feature","geometry":{"type":"Point","coordinates":[135.8334939,34.6916631]},"properties":{"z":85.0}},{"type":"Feature","geometry":{"type":"Point","coordinates":[135.8334404,34.6916671]},"properties":{"z":85.0}},{"type":"Feature","geometry":{"type":"Point","coordinates":[135.8333895,34.6916524]},"properties":{"z":84.9}},{"type":"Feature","geometry":{"type":"Point","coordinates":[135.8333679,34.691613]},"properties":{"z":84.9}},{"type":"Feature","geometry":{"type":"Point","coordinates":[135.8333663,34.6915681]},"properties":{"z":84.9}},{"type":"Feature","geometry":{"type":"Point","coordinates":[135.8333608,34.6915235]},"properties":{"z":84.9}},{"type":"Feature","geometry":{"type":"Point","coordinates":[135.8333543,34.6914788]},"properties":{"z":84.8}},{"type":"Feature","geometry":{"type":"Point","coordinates":[135.8333506,34.691434]},"properties":{"z":84.8}},{"type":"Feature","geometry":{"type":"Point","coordinates":[135.8333496,34.6913891]},"properties":{"z":84.8}},{"type":"Feature","geometry":{"type":"Point","coordinates":[135.8333494,34.6913441]},"properties":{"z":84.7}},{"type":"Feature","geometry":{"type":"Point","coordinates":[135.8333494,34.6912992]},"properties":{"z":84.6}},{"type":"Feature","geometry":{"type":"Point","coordinates":[135.8333484,34.6912542]},"properties":{"z":84.6}},{"type":"Feature","geometry":{"type":"Point","coordinates":[135.8333477,34.6912093]},"properties":{"z":84.6}},{"type":"Feature","geometry":{"type":"Point","coordinates":[135.8333474,34.6911643]},"properties":{"z":84.5}},{"type":"Feature","geometry":{"type":"Point","coordinates":[135.8333449,34.6911194]},"properties":{"z":84.5}},{"type":"Feature","geometry":{"type":"Point","coordinates":[135.8333417,34.6910745]},"properties":{"z":84.4}},{"type":"Feature","geometry":{"type":"Point","coordinates":[135.8333446,34.6910297]},"properties":{"z":84.4}},{"type":"Feature","geometry":{"type":"Point","coordinates":[135.8333422,34.6909848]},"properties":{"z":84.4}},{"type":"Feature","geometry":{"type":"Point","coordinates":[135.8333398,34.6909399]},"properties":{"z":84.3}},{"type":"Feature","geometry":{"type":"Point","coordinates":[135.8333377,34.6908949]},"properties":{"z":84.3}},{"type":"Feature","geometry":{"type":"Point","coordinates":[135.8333369,34.69085]},"properties":{"z":84.1}},{"type":"Feature","geometry":{"type":"Point","coordinates":[135.8333385,34.6908051]},"properties":{"z":84.1}},{"type":"Feature","geometry":{"type":"Point","coordinates":[135.8333392,34.6907602]},"properties":{"z":84.1}},{"type":"Feature","geometry":{"type":"Point","coordinates":[135.8333391,34.6907152]},"properties":{"z":84.0}},{"type":"Feature","geometry":{"type":"Point","coordinates":[135.8333389,34.6906702]},"properties":{"z":83.9}},{"type":"Feature","geometry":{"type":"Point","coordinates":[135.8333452,34.6906257]},"properties":{"z":83.9}},{"type":"Feature","geometry":{"type":"Point","coordinates":[135.8333528,34.6905812]},"properties":{"z":83.8}},{"type":"Feature","geometry":{"type":"Point","coordinates":[135.8333496,34.6905363]},"properties":{"z":83.8}},{"type":"Feature","geometry":{"type":"Point","coordinates":[135.8333464,34.6904914]},"properties":{"z":83.7}},{"type":"Feature","geometry":{"type":"Point","coordinates":[135.833343,34.6904465]},"properties":{"z":83.6}},{"type":"Feature","geometry":{"type":"Point","coordinates":[135.8333416,34.6904016]},"properties":{"z":83.6}},{"type":"Feature","geometry":{"type":"Point","coordinates":[135.833343,34.6903567]},"properties":{"z":83.5}},{"type":"Feature","geometry":{"type":"Point","coordinates":[135.8333446,34.6903118]},"properties":{"z":83.4}},{"type":"Feature","geometry":{"type":"Point","coordinates":[135.8333464,34.6902668]},"properties":{"z":83.4}},{"type":"Feature","geometry":{"type":"Point","coordinates":[135.8333451,34.690222]},"properties":{"z":83.3}},{"type":"Feature","geometry":{"type":"Point","coordinates":[135.8333414,34.6901771]},"properties":{"z":83.2}},{"type":"Feature","geometry":{"type":"Point","coordinates":[135.833339,34.6901322]},"properties":{"z":83.2}},{"type":"Feature","geometry":{"type":"Point","coordinates":[135.8333374,34.6900873]},"properties":{"z":83.1}},{"type":"Feature","geometry":{"type":"Point","coordinates":[135.8333385,34.6900424]},"properties":{"z":83.1}},{"type":"Feature","geometry":{"type":"Point","coordinates":[135.8333407,34.6899974]},"properties":{"z":83.1}},{"type":"Feature","geometry":{"type":"Point","coordinates":[135.8333414,34.6899525]},"properties":{"z":83.1}},{"type":"Feature","geometry":{"type":"Point","coordinates":[135.8333397,34.6899076]},"properties":{"z":83.1}},{"type":"Feature","geometry":{"type":"Point","coordinates":[135.8333375,34.6898627]},"properties":{"z":83.2}},{"type":"Feature","geometry":{"type":"Point","coordinates":[135.8333353,34.6898178]},"properties":{"z":83.2}},{"type":"Feature","geometry":{"type":"Point","coordinates":[135.8333361,34.6897728]},"properties":{"z":83.2}},{"type":"Feature","geometry":{"type":"Point","coordinates":[135.8333362,34.6897279]},"properties":{"z":83.3}},{"type":"Feature","geometry":{"type":"Point","coordinates":[135.8333361,34.6896829]},"properties":{"z":83.3}},{"type":"Feature","geometry":{"type":"Point","coordinates":[135.8333354,34.689638]},"properties":{"z":83.3}},{"type":"Feature","geometry":{"type":"Point","coordinates":[135.8333323,34.6895931]},"properties":{"z":83.3}},{"type":"Feature","geometry":{"type":"Point","coordinates":[135.8333306,34.6895482]},"properties":{"z":83.3}},{"type":"Feature","geometry":{"type":"Point","coordinates":[135.833332,34.6895033]},"properties":{"z":83.4}},{"type":"Feature","geometry":{"type":"Point","coordinates":[135.8333339,34.6894583]},"properties":{"z":83.4}},{"type":"Feature","geometry":{"type":"Point","coordinates":[135.8333364,34.6894134]},"properties":{"z":83.4}},{"type":"Feature","geometry":{"type":"Point","coordinates":[135.833316,34.6893723]},"properties":{"z":83.3}},{"type":"Feature","geometry":{"type":"Point","coordinates":[135.8332693,34.6893519]},"properties":{"z":83.3}},{"type":"Feature","geometry":{"type":"Point","coordinates":[135.8332167,34.6893407]},"properties":{"z":83.3}},{"type":"Feature","geometry":{"type":"Point","coordinates":[135.8331626,34.6893345]},"properties":{"z":83.3}},{"type":"Feature","geometry":{"type":"Point","coordinates":[135.833108,34.6893346]},"properties":{"z":83.2}},{"type":"Feature","geometry":{"type":"Point","coordinates":[135.8330533,34.6893348]},"properties":{"z":83.1}},{"type":"Feature","geometry":{"type":"Point","coordinates":[135.8329986,34.6893351]},"properties":{"z":83.1}},{"type":"Feature","geometry":{"type":"Point","coordinates":[135.832944,34.6893344]},"properties":{"z":83.1}},{"type":"Feature","geometry":{"type":"Point","coordinates":[135.8328894,34.6893323]},"properties":{"z":83.3}},{"type":"Feature","geometry":{"type":"Point","coordinates":[135.8328351,34.6893271]},"properties":{"z":83.3}},{"type":"Feature","geometry":{"type":"Point","coordinates":[135.8327807,34.6893231]},"properties":{"z":83.3}},{"type":"Feature","geometry":{"type":"Point","coordinates":[135.8327262,34.6893201]},"properties":{"z":83.2}},{"type":"Feature","geometry":{"type":"Point","coordinates":[135.8326715,34.6893206]},"properties":{"z":83.2}},{"type":"Feature","geometry":{"type":"Point","coordinates":[135.8326168,34.6893211]},"properties":{"z":83.1}},{"type":"Feature","geometry":{"type":"Point","coordinates":[135.8325622,34.6893214]},"properties":{"z":83.1}},{"type":"Feature","geometry":{"type":"Point","coordinates":[135.8325075,34.6893231]},"properties":{"z":83.0}},{"type":"Feature","geometry":{"type":"Point","coordinates":[135.832453,34.6893264]},"properties":{"z":82.8}},{"type":"Feature","geometry":{"type":"Point","coordinates":[135.8323985,34.68933]},"properties":{"z":82.8}},{"type":"Feature","geometry":{"type":"Point","coordinates":[135.8323441,34.6893326]},"properties":{"z":82.7}},{"type":"Feature","geometry":{"type":"Point","coordinates":[135.8322897,34.689328]},"properties":{"z":82.5}},{"type":"Feature","geometry":{"type":"Point","coordinates":[135.8322352,34.6893246]},"properties":{"z":82.5}},{"type":"Feature","geometry":{"type":"Point","coordinates":[135.8321806,34.6893227]},"properties":{"z":82.4}},{"type":"Feature","geometry":{"type":"Point","coordinates":[135.832126,34.6893242]},"properties":{"z":82.2}},{"type":"Feature","geometry":{"type":"Point","coordinates":[135.8320713,34.6893238]},"properties":{"z":82.2}},{"type":"Feature","geometry":{"type":"Point","coordinates":[135.8320167,34.689324]},"properties":{"z":82.1}},{"type":"Feature","geometry":{"type":"Point","coordinates":[135.831962,34.6893252]},"properties":{"z":82.1}},{"type":"Feature","geometry":{"type":"Point","coordinates":[135.8319073,34.6893257]},"properties":{"z":82.0}},{"type":"Feature","geometry":{"type":"Point","coordinates":[135.8318527,34.689325]},"properties":{"z":81.9}},{"type":"Feature","geometry":{"type":"Point","coordinates":[135.831798,34.689325]},"properties":{"z":81.9}},{"type":"Feature","geometry":{"type":"Point","coordinates":[135.8317433,34.6893253]},"properties":{"z":81.8}},{"type":"Feature","geometry":{"type":"Point","coordinates":[135.8316887,34.6893258]},"properties":{"z":81.7}},{"type":"Feature","geometry":{"type":"Point","coordinates":[135.8316342,34.6893288]},"properties":{"z":81.7}},{"type":"Feature","geometry":{"type":"Point","coordinates":[135.8315797,34.689332]},"properties":{"z":81.6}},{"type":"Feature","geometry":{"type":"Point","coordinates":[135.831525,34.6893322]},"properties":{"z":81.5}},{"type":"Feature","geometry":{"type":"Point","coordinates":[135.8314703,34.6893326]},"properties":{"z":81.5}},{"type":"Feature","geometry":{"type":"Point","coordinates":[135.8314157,34.689332]},"properties":{"z":81.4}},{"type":"Feature","geometry":{"type":"Point","coordinates":[135.8313611,34.6893302]},"properties":{"z":81.4}},{"type":"Feature","geometry":{"type":"Point","coordinates":[135.8313065,34.6893277]},"properties":{"z":81.2}},{"type":"Feature","geometry":{"type":"Point","coordinates":[135.8312518,34.6893269]},"properties":{"z":81.1}},{"type":"Feature","geometry":{"type":"Point","coordinates":[135.8311972,34.689327]},"properties":{"z":81.1}},{"type":"Feature","geometry":{"type":"Point","coordinates":[135.8311425,34.6893282]},"properties":{"z":81.0}},{"type":"Feature","geometry":{"type":"Point","coordinates":[135.8310879,34.6893302]},"properties":{"z":80.9}},{"type":"Feature","geometry":{"type":"Point","coordinates":[135.8310333,34.6893327]},"properties":{"z":80.9}},{"type":"Feature","geometry":{"type":"Point","coordinates":[135.8309787,34.6893335]},"properties":{"z":80.7}},{"type":"Feature","geometry":{"type":"Point","coordinates":[135.830924,34.6893345]},"properties":{"z":80.5}},{"type":"Feature","geometry":{"type":"Point","coordinates":[135.8308693,34.6893355]},"properties":{"z":80.5}},{"type":"Feature","geometry":{"type":"Point","coordinates":[135.8308147,34.6893363]},"properties":{"z":80.4}},{"type":"Feature","geometry":{"type":"Point","coordinates":[135.8307602,34.6893398]},"properties":{"z":80.4}},{"type":"Feature","geometry":{"type":"Point","coordinates":[135.8307058,34.6893433]},"properties":{"z":80.3}},{"type":"Feature","geometry":{"type":"Point","coordinates":[135.8306512,34.6893423]},"properties":{"z":80.2}},{"type":"Feature","geometry":{"type":"Point","coordinates":[135.830597,34.6893369]},"properties":{"z":80.2}},{"type":"Feature","geometry":{"type":"Point","coordinates":[135.8305427,34.6893316]},"properties":{"z":80.1}},{"type":"Feature","geometry":{"type":"Point","coordinates":[135.8304882,34.6893297]},"properties":{"z":80.1}},{"type":"Feature","geometry":{"type":"Point","coordinates":[135.8304336,34.6893316]},"properties":{"z":80.1}},{"type":"Feature","geometry":{"type":"Point","coordinates":[135.8303789,34.6893324]},"properties":{"z":80.0}},{"type":"Feature","geometry":{"type":"Point","coordinates":[135.8303243,34.6893333]},"properties":{"z":79.8}},{"type":"Feature","geometry":{"type":"Point","coordinates":[135.8302697,34.689336]},"properties":{"z":79.8}},{"type":"Feature","geometry":{"type":"Point","coordinates":[135.8302151,34.6893381]},"properties":{"z":79.8}},{"type":"Feature","geometry":{"type":"Point","coordinates":[135.8301604,34.6893394]},"properties":{"z":79.8}},{"type":"Feature","geometry":{"type":"Point","coordinates":[135.8301058,34.6893407]},"properties":{"z":79.7}},{"type":"Feature","geometry":{"type":"Point","coordinates":[135.8300511,34.6893407]},"properties":{"z":79.5}},{"type":"Feature","geometry":{"type":"Point","coordinates":[135.8299965,34.689341]},"properties":{"z":79.5}},{"type":"Feature","geometry":{"type":"Point","coordinates":[135.8299421,34.6893393]},"properties":{"z":79.4}},{"type":"Feature","geometry":{"type":"Point","coordinates":[135.8298877,34.6893369]},"properties":{"z":79.4}},{"type":"Feature","geometry":{"type":"Point","coordinates":[135.829833,34.6893378]},"properties":{"z":79.4}},{"type":"Feature","geometry":{"type":"Point","coordinates":[135.82979,34.6893245]},"properties":{"z":79.2}},{"type":"Feature","geometry":{"type":"Point","coordinates":[135.8297729,34.6892818]},"properties":{"z":79.2}},{"type":"Feature","geometry":{"type":"Point","coordinates":[135.8297698,34.6892371]},"properties":{"z":79.3}},{"type":"Feature","geometry":{"type":"Point","coordinates":[135.8297689,34.6891922]},"properties":{"z":79.4}},{"type":"Feature","geometry":{"type":"Point","coordinates":[135.8297678,34.6891472]},"properties":{"z":79.4}},{"type":"Feature","geometry":{"type":"Point","coordinates":[135.8297653,34.6891024]},"properties":{"z":79.6}},{"type":"Feature","geometry":{"type":"Point","coordinates":[135.8297623,34.6890575]},"properties":{"z":79.6}},{"type":"Feature","geometry":{"type":"Point","coordinates":[135.8297593,34.6890126]},"properties":{"z":79.8}},{"type":"Feature","geometry":{"type":"Point","coordinates":[135.8297563,34.6889677]},"properties":{"z":80.0}},{"type":"Feature","geometry":{"type":"Point","coordinates":[135.8297541,34.6889228]},"properties":{"z":80.0}},{"type":"Feature","geometry":{"type":"Point","coordinates":[135.8297519,34.6888779]},"properties":{"z":80.0}},{"type":"Feature","geometry":{"type":"Point","coordinates":[135.8297496,34.688833]},"properties":{"z":80.1}},{"type":"Feature","geometry":{"type":"Point","coordinates":[135.829747,34.6887881]},"properties":{"z":80.1}},{"type":"Feature","geometry":{"type":"Point","coordinates":[135.8297438,34.6887432]},"properties":{"z":80.1}},{"type":"Feature","geometry":{"type":"Point","coordinates":[135.8297407,34.6886983]},"properties":{"z":80.1}},{"type":"Feature","geometry":{"type":"Point","coordinates":[135.8297378,34.6886534]},"properties":{"z":80.1}},{"type":"Feature","geometry":{"type":"Point","coordinates":[135.8297361,34.6886085]},"properties":{"z":80.1}},{"type":"Feature","geometry":{"type":"Point","coordinates":[135.8297352,34.6885635]},"properties":{"z":80.1}},{"type":"Feature","geometry":{"type":"Point","coordinates":[135.8297382,34.6885187]},"properties":{"z":80.2}},{"type":"Feature","geometry":{"type":"Point","coordinates":[135.8297418,34.6884738]},"properties":{"z":80.3}},{"type":"Feature","geometry":{"type":"Point","coordinates":[135.8297432,34.6884289]},"properties":{"z":80.3}},{"type":"Feature","geometry":{"type":"Point","coordinates":[135.8297446,34.6883841]},"properties":{"z":80.4}},{"type":"Feature","geometry":{"type":"Point","coordinates":[135.8297501,34.6883394]},"properties":{"z":80.7}},{"type":"Feature","geometry":{"type":"Point","coordinates":[135.8297521,34.6882944]},"properties":{"z":80.7}},{"type":"Feature","geometry":{"type":"Point","coordinates":[135.8297532,34.6882495]},"properties":{"z":81.0}},{"type":"Feature","geometry":{"type":"Point","coordinates":[135.8297537,34.6882045]},"properties":{"z":81.0}},{"type":"Feature","geometry":{"type":"Point","coordinates":[135.8297531,34.6881596]},"properties":{"z":81.3}},{"type":"Feature","geometry":{"type":"Point","coordinates":[135.8297518,34.6881147]},"properties":{"z":81.6}},{"type":"Feature","geometry":{"type":"Point","coordinates":[135.8297492,34.6880698]},"properties":{"z":81.6}},{"type":"Feature","geometry":{"type":"Point","coordinates":[135.8297433,34.6880251]},"properties":{"z":81.9}},{"type":"Feature","geometry":{"type":"Point","coordinates":[135.8297387,34.6879803]},"properties":{"z":82.2}},{"type":"Feature","geometry":{"type":"Point","coordinates":[135.829735,34.6879355]},"properties":{"z":82.2}},{"type":"Feature","geometry":{"type":"Point","coordinates":[135.829734,34.6878905]},"properties":{"z":82.5}},{"type":"Feature","geometry":{"type":"Point","coordinates":[135.8296971,34.6879095]},"properties":{"z":82.4}},{"type":"Feature","geometry":{"type":"Point","coordinates":[135.8296783,34.6879496]},"properties":{"z":82.1}},{"type":"Feature","geometry":{"type":"Point","coordinates":[135.8296299,34.6879487]},"properties":{"z":82.0}},{"type":"Feature","geometry":{"type":"Point","coordinates":[135.8296531,34.6879113]},"properties":{"z":82.4}},{"type":"Feature","geometry":{"type":"Point","coordinates":[135.8296679,34.6878682]},"properties":{"z":82.4}},{"type":"Feature","geometry":{"type":"Point","coordinates":[135.8296994,34.6878329]},"properties":{"z":82.7}},{"type":"Feature","geometry":{"type":"Point","coordinates":[135.829708,34.6877886]},"properties":{"z":82.7}},{"type":"Feature","geometry":{"type":"Point","coordinates":[135.8297045,34.6877437]},"properties":{"z":83.0}},{"type":"Feature","geometry":{"type":"Point","coordinates":[135.8297055,34.6876988]},"properties":{"z":83.2}},{"type":"Feature","geometry":{"type":"Point","coordinates":[135.8297105,34.687654]},"properties":{"z":83.2}},{"type":"Feature","geometry":{"type":"Point","coordinates":[135.829712,34.6876091]},"properties":{"z":83.4}},{"type":"Feature","geometry":{"type":"Point","coordinates":[135.8297118,34.6875642]},"properties":{"z":83.6}},{"type":"Feature","geometry":{"type":"Point","coordinates":[135.8297123,34.6875192]},"properties":{"z":83.6}},{"type":"Feature","geometry":{"type":"Point","coordinates":[135.8297151,34.6874744]},"properties":{"z":83.7}},{"type":"Feature","geometry":{"type":"Point","coordinates":[135.8297195,34.6874296]},"properties":{"z":83.7}},{"type":"Feature","geometry":{"type":"Point","coordinates":[135.8297207,34.6873847]},"properties":{"z":83.9}},{"type":"Feature","geometry":{"type":"Point","coordinates":[135.8297208,34.6873397]},"properties":{"z":84.1}},{"type":"Feature","geometry":{"type":"Point","coordinates":[135.8297179,34.6872948]},"properties":{"z":84.1}},{"type":"Feature","geometry":{"type":"Point","coordinates":[135.8297164,34.6872499]},"properties":{"z":84.3}},{"type":"Feature","geometry":{"type":"Point","coordinates":[135.8297169,34.687205]},"properties":{"z":84.4}},{"type":"Feature","geometry":{"type":"Point","coordinates":[135.8297197,34.6871601]},"properties":{"z":84.4}},{"type":"Feature","geometry":{"type":"Point","coordinates":[135.829722,34.6871152]},"properties":{"z":84.6}},{"type":"Feature","geometry":{"type":"Point","coordinates":[135.8297233,34.6870702]},"properties":{"z":84.6}},{"type":"Feature","geometry":{"type":"Point","coordinates":[135.8297232,34.6870253]},"properties":{"z":84.6}},{"type":"Feature","geometry":{"type":"Point","coordinates":[135.8297213,34.6869804]},"properties":{"z":84.6}},{"type":"Feature","geometry":{"type":"Point","coordinates":[135.8296929,34.6869431]},"properties":{"z":84.6}},{"type":"Feature","geometry":{"type":"Point","coordinates":[135.8296413,34.68693]},"properties":{"z":84.6}},{"type":"Feature","geometry":{"type":"Point","coordinates":[135.8295926,34.6869114]},"properties":{"z":84.4}},{"type":"Feature","geometry":{"type":"Point","coordinates":[135.8295421,34.6868945]},"properties":{"z":84.2}},{"type":"Feature","geometry":{"type":"Point","coordinates":[135.8294904,34.6868799]},"properties":{"z":84.2}},{"type":"Feature","geometry":{"type":"Point","coordinates":[135.8294373,34.6868695]},"properties":{"z":84.0}},{"type":"Feature","geometry":{"type":"Point","coordinates":[135.8293829,34.6868653]},"properties":{"z":84.0}},{"type":"Feature","geometry":{"type":"Point","coordinates":[135.8293283,34.6868674]},"properties":{"z":83.9}},{"type":"Feature","geometry":{"type":"Point","coordinates":[135.8292744,34.68686]},"properties":{"z":84.0}},{"type":"Feature","geometry":{"type":"Point","coordinates":[135.82922,34.6868558]},"properties":{"z":84.0}},{"type":"Feature","geometry":{"type":"Point","coordinates":[135.8291654,34.6868538]},"properties":{"z":83.9}},{"type":"Feature","geometry":{"type":"Point","coordinates":[135.8291107,34.6868531]},"properties":{"z":83.8}},{"type":"Feature","geometry":{"type":"Point","coordinates":[135.8290561,34.6868535]},"properties":{"z":83.8}},{"type":"Feature","geometry":{"type":"Point","coordinates":[135.8290034,34.6868596]},"properties":{"z":83.7}},{"type":"Feature","geometry":{"type":"Point","coordinates":[135.8289492,34.6868562]},"properties":{"z":83.5}},{"type":"Feature","geometry":{"type":"Point","coordinates":[135.8288946,34.6868547]},"properties":{"z":83.5}},{"type":"Feature","geometry":{"type":"Point","coordinates":[135.8288399,34.6868534]},"properties":{"z":83.3}},{"type":"Feature","geometry":{"type":"Point","coordinates":[135.8287853,34.6868524]},"properties":{"z":83.3}},{"type":"Feature","geometry":{"type":"Point","coordinates":[135.8287306,34.6868518]},"properties":{"z":83.1}},{"type":"Feature","geometry":{"type":"Point","coordinates":[135.828676,34.68685]},"properties":{"z":83.0}},{"type":"Feature","geometry":{"type":"Point","coordinates":[135.8286214,34.6868475]},"properties":{"z":83.0}},{"type":"Feature","geometry":{"type":"Point","coordinates":[135.8285669,34.6868443]},"properties":{"z":82.8}},{"type":"Feature","geometry":{"type":"Point","coordinates":[135.8285123,34.686845]},"properties":{"z":82.7}},{"type":"Feature","geometry":{"type":"Point","coordinates":[135.8284576,34.6868469]},"properties":{"z":82.7}},{"type":"Feature","geometry":{"type":"Point","coordinates":[135.828403,34.6868489]},"properties":{"z":82.5}},{"type":"Feature","geometry":{"type":"Point","coordinates":[135.8283484,34.6868481]},"properties":{"z":82.4}},{"type":"Feature","geometry":{"type":"Point","coordinates":[135.8282938,34.686846]},"properties":{"z":82.4}},{"type":"Feature","geometry":{"type":"Point","coordinates":[135.8282392,34.686845]},"properties":{"z":82.2}},{"type":"Feature","geometry":{"type":"Point","coordinates":[135.8281848,34.6868476]},"properties":{"z":82.2}},{"type":"Feature","geometry":{"type":"Point","coordinates":[135.8281307,34.6868541]},"properties":{"z":82.1}},{"type":"Feature","geometry":{"type":"Point","coordinates":[135.8280764,34.6868559]},"properties":{"z":82.0}},{"type":"Feature","geometry":{"type":"Point","coordinates":[135.8280219,34.6868522]},"properties":{"z":82.0}},{"type":"Feature","geometry":{"type":"Point","coordinates":[135.8279674,34.6868509]},"properties":{"z":81.8}},{"type":"Feature","geometry":{"type":"Point","coordinates":[135.8279127,34.6868524]},"properties":{"z":81.7}},{"type":"Feature","geometry":{"type":"Point","coordinates":[135.8278581,34.6868541]},"properties":{"z":81.7}},{"type":"Feature","geometry":{"type":"Point","coordinates":[135.8278035,34.6868562]},"properties":{"z":81.6}},{"type":"Feature","geometry":{"type":"Point","coordinates":[135.8277489,34.6868568]},"properties":{"z":81.6}},{"type":"Feature","geometry":{"type":"Point","coordinates":[135.8276942,34.6868555]},"properties":{"z":81.6}},{"type":"Feature","geometry":{"type":"Point","coordinates":[135.8276397,34.6868576]},"properties":{"z":81.6}},{"type":"Feature","geometry":{"type":"Point","coordinates":[135.8275853,34.6868618]},"properties":{"z":81.6}},{"type":"Feature","geometry":{"type":"Point","coordinates":[135.8275308,34.6868622]},"properties":{"z":81.6}},{"type":"Feature","geometry":{"type":"Point","coordinates":[135.8274763,34.686859]},"properties":{"z":81.6}},{"type":"Feature","geometry":{"type":"Point","coordinates":[135.8274218,34.686855]},"properties":{"z":81.6}},{"type":"Feature","geometry":{"type":"Point","coordinates":[135.8273674,34.6868507]},"properties":{"z":81.6}},{"type":"Feature","geometry":{"type":"Point","coordinates":[135.8273128,34.6868513]},"properties":{"z":81.6}},{"type":"Feature","geometry":{"type":"Point","coordinates":[135.8272581,34.6868521]},"properties":{"z":81.6}},{"type":"Feature","geometry":{"type":"Point","coordinates":[135.8272035,34.6868536]},"properties":{"z":81.6}},{"type":"Feature","geometry":{"type":"Point","coordinates":[135.8271494,34.6868551]},"properties":{"z":81.7}},{"type":"Feature","geometry":{"type":"Point","coordinates":[135.8270958,34.6868486]},"properties":{"z":81.7}},{"type":"Feature","geometry":{"type":"Point","coordinates":[135.8270413,34.6868465]},"properties":{"z":81.7}},{"type":"Feature","geometry":{"type":"Point","coordinates":[135.8269873,34.6868534]},"properties":{"z":81.7}},{"type":"Feature","geometry":{"type":"Point","coordinates":[135.826933,34.6868484]},"properties":{"z":81.7}},{"type":"Feature","geometry":{"type":"Point","coordinates":[135.8268867,34.6868253]},"properties":{"z":81.8}},{"type":"Feature","geometry":{"type":"Point","coordinates":[135.8268401,34.6868018]},"properties":{"z":81.8}},{"type":"Feature","geometry":{"type":"Point","coordinates":[135.8267909,34.686784]},"properties":{"z":81.9}},{"type":"Feature","geometry":{"type":"Point","coordinates":[135.8267366,34.6867789]},"properties":{"z":81.9}},{"type":"Feature","geometry":{"type":"Point","coordinates":[135.8266823,34.6867736]},"properties":{"z":81.9}},{"type":"Feature","geometry":{"type":"Point","coordinates":[135.826628,34.6867685]},"properties":{"z":81.9}},{"type":"Feature","geometry":{"type":"Point","coordinates":[135.8265735,34.6867643]},"properties":{"z":81.9}},{"type":"Feature","geometry":{"type":"Point","coordinates":[135.8265192,34.6867595]},"properties":{"z":81.9}},{"type":"Feature","geometry":{"type":"Point","coordinates":[135.8264649,34.686754]},"properties":{"z":81.9}},{"type":"Feature","geometry":{"type":"Point","coordinates":[135.8264111,34.6867462]},"properties":{"z":81.9}},{"type":"Feature","geometry":{"type":"Point","coordinates":[135.8263574,34.6867381]},"properties":{"z":81.8}},{"type":"Feature","geometry":{"type":"Point","coordinates":[135.8263035,34.6867301]},"properties":{"z":81.8}},{"type":"Feature","geometry":{"type":"Point","coordinates":[135.8262661,34.6867023]},"properties":{"z":81.8}},{"type":"Feature","geometry":{"type":"Point","coordinates":[135.8262426,34.686662]},"properties":{"z":81.8}},{"type":"Feature","geometry":{"type":"Point","coordinates":[135.8262301,34.6866188]},"properties":{"z":81.9}},{"type":"Feature","geometry":{"type":"Point","coordinates":[135.8262294,34.6865738]},"properties":{"z":82.0}},{"type":"Feature","geometry":{"type":"Point","coordinates":[135.8262283,34.6865289]},"properties":{"z":82.0}},{"type":"Feature","geometry":{"type":"Point","coordinates":[135.8262294,34.686484]},"properties":{"z":82.0}},{"type":"Feature","geometry":{"type":"Point","coordinates":[135.8262325,34.6864391]},"properties":{"z":82.2}},{"type":"Feature","geometry":{"type":"Point","coordinates":[135.8262391,34.6863945]},"properties":{"z":82.2}},{"type":"Feature","geometry":{"type":"Point","coordinates":[135.8262441,34.6863497]},"properties":{"z":82.3}},{"type":"Feature","geometry":{"type":"Point","coordinates":[135.82625,34.686305]},"properties":{"z":82.3}},{"type":"Feature","geometry":{"type":"Point","coordinates":[135.8262573,34.6862605]},"properties":{"z":82.4}},{"type":"Feature","geometry":{"type":"Point","coordinates":[135.8262602,34.6862157]},"properties":{"z":82.5}},{"type":"Feature","geometry":{"type":"Point","coordinates":[135.8262609,34.6861708]},"properties":{"z":82.5}},{"type":"Feature","geometry":{"type":"Point","coordinates":[135.8262798,34.6861286]},"properties":{"z":82.6}},{"type":"Feature","geometry":{"type":"Point","coordinates":[135.826296,34.6860859]},"properties":{"z":82.7}},{"type":"Feature","geometry":{"type":"Point","coordinates":[135.8263035,34.6860414]},"properties":{"z":82.7}},{"type":"Feature","geometry":{"type":"Point","coordinates":[135.8263065,34.6859965]},"properties":{"z":82.8}},{"type":"Feature","geometry":{"type":"Point","coordinates":[135.8262957,34.6859535]},"properties":{"z":82.8}},{"type":"Feature","geometry":{"type":"Point","coordinates":[135.8262759,34.6859116]},"properties":{"z":82.9}},{"type":"Feature","geometry":{"type":"Point","coordinates":[135.8262574,34.6858693]},"properties":{"z":83.0}},{"type":"Feature","geometry":{"type":"Point","coordinates":[135.8262446,34.6858257]},"properties":{"z":83.0}},{"type":"Feature","geometry":{"type":"Point","coordinates":[135.8262352,34.6857814]},"properties":{"z":83.1}},{"type":"Feature","geometry":{"type":"Point","coordinates":[135.8262273,34.685737]},"properties":{"z":83.1}},{"type":"Feature","geometry":{"type":"Point","coordinates":[135.8262238,34.6856923]},"properties":{"z":83.2}},{"type":"Feature","geometry":{"type":"Point","coordinates":[135.8262252,34.6856473]},"properties":{"z":83.3}},{"type":"Feature","geometry":{"type":"Point","coordinates":[135.8262265,34.6856024]},"properties":{"z":83.3}},{"type":"Feature","geometry":{"type":"Point","coordinates":[135.8262241,34.6855576]},"properties":{"z":83.4}},{"type":"Feature","geometry":{"type":"Point","coordinates":[135.8262177,34.685513]},"properties":{"z":83.5}},{"type":"Feature","geometry":{"type":"Point","coordinates":[135.826213,34.6854682]},"properties":{"z":83.5}},{"type":"Feature","geometry":{"type":"Point","coordinates":[135.8262086,34.6854234]},"properties":{"z":83.5}},{"type":"Feature","geometry":{"type":"Point","coordinates":[135.8262064,34.6853785]},"properties":{"z":83.4}},{"type":"Feature","geometry":{"type":"Point","coordinates":[135.8262032,34.6853336]},"properties":{"z":83.3}},{"type":"Feature","geometry":{"type":"Point","coordinates":[135.8261953,34.6852891]},"properties":{"z":83.2}},{"type":"Feature","geometry":{"type":"Point","coordinates":[135.82619,34.6852445]},"properties":{"z":83.2}},{"type":"Feature","geometry":{"type":"Point","coordinates":[135.8261896,34.6851995]},"properties":{"z":83.1}},{"type":"Feature","geometry":{"type":"Point","coordinates":[135.8261883,34.6851546]},"properties":{"z":83.1}},{"type":"Feature","geometry":{"type":"Point","coordinates":[135.8261864,34.6851097]},"properties":{"z":83.1}},{"type":"Feature","geometry":{"type":"Point","coordinates":[135.826185,34.6850647]},"properties":{"z":83.0}},{"type":"Feature","geometry":{"type":"Point","coordinates":[135.8261838,34.6850198]},"properties":{"z":82.9}},{"type":"Feature","geometry":{"type":"Point","coordinates":[135.8261842,34.6849748]},"properties":{"z":82.9}},{"type":"Feature","geometry":{"type":"Point","coordinates":[135.8261847,34.6849299]},"properties":{"z":82.9}},{"type":"Feature","geometry":{"type":"Point","coordinates":[135.8261856,34.6848849]},"properties":{"z":82.8}},{"type":"Feature","geometry":{"type":"Point","coordinates":[135.8261812,34.6848403]},"properties":{"z":82.8}},{"type":"Feature","geometry":{"type":"Point","coordinates":[135.8261757,34.6847956]},"properties":{"z":82.7}},{"type":"Feature","geometry":{"type":"Point","coordinates":[135.8261733,34.6847507]},"properties":{"z":82.7}},{"type":"Feature","geometry":{"type":"Point","coordinates":[135.8261727,34.6847057]},"properties":{"z":82.7}},{"type":"Feature","geometry":{"type":"Point","coordinates":[135.8261776,34.6846612]},"properties":{"z":82.6}},{"type":"Feature","geometry":{"type":"Point","coordinates":[135.8261919,34.6846182]},"properties":{"z":82.6}},{"type":"Feature","geometry":{"type":"Point","coordinates":[135.8262182,34.6845803]},"properties":{"z":82.7}},{"type":"Feature","geometry":{"type":"Point","coordinates":[135.8261959,34.6845434]},"properties":{"z":82.5}},{"type":"Feature","geometry":{"type":"Point","coordinates":[135.8261543,34.6845614]},"properties":{"z":82.5}},{"type":"Feature","geometry":{"type":"Point","coordinates":[135.8261225,34.6845351]},"properties":{"z":82.5}},{"type":"Feature","geometry":{"type":"Point","coordinates":[135.8260711,34.6845216]},"properties":{"z":82.4}},{"type":"Feature","geometry":{"type":"Point","coordinates":[135.8260168,34.6845171]},"properties":{"z":82.2}},{"type":"Feature","geometry":{"type":"Point","coordinates":[135.825963,34.6845089]},"properties":{"z":82.2}},{"type":"Feature","geometry":{"type":"Point","coordinates":[135.8259094,34.6845001]},"properties":{"z":82.0}},{"type":"Feature","geometry":{"type":"Point","coordinates":[135.8258553,34.6844977]},"properties":{"z":81.9}},{"type":"Feature","geometry":{"type":"Point","coordinates":[135.8258007,34.6845008]},"properties":{"z":81.9}},{"type":"Feature","geometry":{"type":"Point","coordinates":[135.8257464,34.6845055]},"properties":{"z":81.6}},{"type":"Feature","geometry":{"type":"Point","coordinates":[135.8256921,34.6845022]},"properties":{"z":81.6}},{"type":"Feature","geometry":{"type":"Point","coordinates":[135.8256378,34.6844973]},"properties":{"z":81.5}},{"type":"Feature","geometry":{"type":"Point","coordinates":[135.8255832,34.6844943]},"properties":{"z":81.3}},{"type":"Feature","geometry":{"type":"Point","coordinates":[135.8255286,34.6844942]},"properties":{"z":81.3}},{"type":"Feature","geometry":{"type":"Point","coordinates":[135.825474,34.6844963]},"properties":{"z":81.1}},{"type":"Feature","geometry":{"type":"Point","coordinates":[135.8254194,34.6844967]},"properties":{"z":80.9}},{"type":"Feature","geometry":{"type":"Point","coordinates":[135.8253647,34.6844967]},"properties":{"z":80.9}},{"type":"Feature","geometry":{"type":"Point","coordinates":[135.8253102,34.6844935]},"properties":{"z":80.8}},{"type":"Feature","geometry":{"type":"Point","coordinates":[135.8252556,34.6844906]},"properties":{"z":80.6}},{"type":"Feature","geometry":{"type":"Point","coordinates":[135.825201,34.6844917]},"properties":{"z":80.6}},{"type":"Feature","geometry":{"type":"Point","coordinates":[135.8251463,34.6844925]},"properties":{"z":80.4}},{"type":"Feature","geometry":{"type":"Point","coordinates":[135.8250917,34.6844925]},"properties":{"z":80.4}},{"type":"Feature","geometry":{"type":"Point","coordinates":[135.825037,34.6844924]},"properties":{"z":80.3}},{"type":"Feature","geometry":{"type":"Point","coordinates":[135.8249823,34.6844921]},"properties":{"z":80.1}},{"type":"Feature","geometry":{"type":"Point","coordinates":[135.8249277,34.6844911]},"properties":{"z":80.1}},{"type":"Feature","geometry":{"type":"Point","coordinates":[135.8248731,34.6844892]},"properties":{"z":79.9}},{"type":"Feature","geometry":{"type":"Point","coordinates":[135.82482,34.6844793]},"properties":{"z":79.8}},{"type":"Feature","geometry":{"type":"Point","coordinates":[135.8247666,34.684471]},"properties":{"z":79.8}},{"type":"Feature","geometry":{"type":"Point","coordinates":[135.8247119,34.6844699]},"properties":{"z":79.8}},{"type":"Feature","geometry":{"type":"Point","coordinates":[135.8246576,34.6844654]},"properties":{"z":79.9}},{"type":"Feature","geometry":{"type":"Point","coordinates":[135.8246033,34.6844611]},"properties":{"z":79.6}},{"type":"Feature","geometry":{"type":"Point","coordinates":[135.8245486,34.6844604]},"properties":{"z":79.7}},{"type":"Feature","geometry":{"type":"Point","coordinates":[135.824494,34.6844591]},"properties":{"z":79.7}},{"type":"Feature","geometry":{"type":"Point","coordinates":[135.8244393,34.684457]},"properties":{"z":79.7}},{"type":"Feature","geometry":{"type":"Point","coordinates":[135.8243847,34.6844572]},"properties":{"z":79.7}},{"type":"Feature","geometry":{"type":"Point","coordinates":[135.8243301,34.6844584]},"properties":{"z":79.7}},{"type":"Feature","geometry":{"type":"Point","coordinates":[135.8242754,34.6844563]},"properties":{"z":79.6}},{"type":"Feature","geometry":{"type":"Point","coordinates":[135.8242209,34.6844567]},"properties":{"z":79.5}},{"type":"Feature","geometry":{"type":"Point","coordinates":[135.8241663,34.6844593]},"properties":{"z":79.5}},{"type":"Feature","geometry":{"type":"Point","coordinates":[135.8241117,34.6844598]},"properties":{"z":79.5}},{"type":"Feature","geometry":{"type":"Point","coordinates":[135.824057,34.6844604]},"properties":{"z":79.3}},{"type":"Feature","geometry":{"type":"Point","coordinates":[135.8240023,34.6844611]},"properties":{"z":79.3}},{"type":"Feature","geometry":{"type":"Point","coordinates":[135.8239477,34.6844592]},"properties":{"z":79.0}},{"type":"Feature","geometry":{"type":"Point","coordinates":[135.8238931,34.6844571]},"properties":{"z":79.0}},{"type":"Feature","geometry":{"type":"Point","coordinates":[135.8238386,34.6844544]},"properties":{"z":78.8}},{"type":"Feature","geometry":{"type":"Point","coordinates":[135.8237841,34.6844552]},"properties":{"z":78.6}},{"type":"Feature","geometry":{"type":"Point","coordinates":[135.8237297,34.6844593]},"properties":{"z":78.6}},{"type":"Feature","geometry":{"type":"Point","coordinates":[135.823675,34.6844576]},"properties":{"z":78.2}},{"type":"Feature","geometry":{"type":"Point","coordinates":[135.8236204,34.6844555]},"properties":{"z":77.7}},{"type":"Feature","geometry":{"type":"Point","coordinates":[135.8235659,34.6844525]},"properties":{"z":77.7}},{"type":"Feature","geometry":{"type":"Point","coordinates":[135.8235113,34.6844512]},"properties":{"z":77.0}},{"type":"Feature","geometry":{"type":"Point","coordinates":[135.8234566,34.6844512]},"properties":{"z":76.3}},{"type":"Feature","geometry":{"type":"Point","coordinates":[135.823402,34.6844507]},"properties":{"z":76.3}},{"type":"Feature","geometry":{"type":"Point","coordinates":[135.8233473,34.6844501]},"properties":{"z":75.6}},{"type":"Feature","geometry":{"type":"Point","coordinates":[135.8232927,34.6844516]},"properties":{"z":75.6}},{"type":"Feature","geometry":{"type":"Point","coordinates":[135.8232381,34.684454]},"properties":{"z":75.1}},{"type":"Feature","geometry":{"type":"Point","coordinates":[135.8231834,34.6844542]},"properties":{"z":74.9}},{"type":"Feature","geometry":{"type":"Point","coordinates":[135.8231288,34.6844536]},"properties":{"z":74.9}},{"type":"Feature","geometry":{"type":"Point","coordinates":[135.8230741,34.6844528]},"properties":{"z":74.8}},{"type":"Feature","geometry":{"type":"Point","coordinates":[135.8230195,34.684452]},"properties":{"z":74.7}},{"type":"Feature","geometry":{"type":"Point","coordinates":[135.8229649,34.6844523]},"properties":{"z":74.7}},{"type":"Feature","geometry":{"type":"Point","coordinates":[135.8229103,34.6844553]},"properties":{"z":74.6}},{"type":"Feature","geometry":{"type":"Point","coordinates":[135.8228558,34.6844584]},"properties":{"z":74.5}},{"type":"Feature","geometry":{"type":"Point","coordinates":[135.8228013,34.684462]},"properties":{"z":74.5}},{"type":"Feature","geometry":{"type":"Point","coordinates":[135.8227468,34.6844656]},"properties":{"z":74.9}},{"type":"Feature","geometry":{"type":"Point","coordinates":[135.8226922,34.6844636]},"properties":{"z":74.5}},{"type":"Feature","geometry":{"type":"Point","coordinates":[135.8226376,34.6844614]},"properties":{"z":74.4}},{"type":"Feature","geometry":{"type":"Point","coordinates":[135.8225831,34.6844581]},"properties":{"z":74.4}},{"type":"Feature","geometry":{"type":"Point","coordinates":[135.8225286,34.6844542]},"properties":{"z":74.4}},{"type":"Feature","geometry":{"type":"Point","coordinates":[135.8224742,34.6844513]},"properties":{"z":74.2}},{"type":"Feature","geometry":{"type":"Point","coordinates":[135.8224197,34.6844553]},"properties":{"z":74.0}},{"type":"Feature","geometry":{"type":"Point","coordinates":[135.8223653,34.6844593]},"properties":{"z":74.0}},{"type":"Feature","geometry":{"type":"Point","coordinates":[135.8223109,34.6844639]},"properties":{"z":74.1}},{"type":"Feature","geometry":{"type":"Point","coordinates":[135.8222567,34.6844697]},"properties":{"z":74.1}},{"type":"Feature","geometry":{"type":"Point","coordinates":[135.8222025,34.6844754]},"properties":{"z":74.1}},{"type":"Feature","geometry":{"type":"Point","coordinates":[135.8221479,34.6844749]},"properties":{"z":74.1}},{"type":"Feature","geometry":{"type":"Point","coordinates":[135.8220933,34.684473]},"properties":{"z":74.1}},{"type":"Feature","geometry":{"type":"Point","coordinates":[135.8220387,34.6844725]},"properties":{"z":74.1}},{"type":"Feature","geometry":{"type":"Point","coordinates":[135.821984,34.6844739]},"properties":{"z":74.1}},{"type":"Feature","geometry":{"type":"Point","coordinates":[135.8219294,34.6844753]},"properties":{"z":74.1}},{"type":"Feature","geometry":{"type":"Point","coordinates":[135.8218748,34.6844767]},"properties":{"z":74.0}},{"type":"Feature","geometry":{"type":"Point","coordinates":[135.8218202,34.6844792]},"properties":{"z":73.9}},{"type":"Feature","geometry":{"type":"Point","coordinates":[135.8217663,34.6844864]},"properties":{"z":73.9}},{"type":"Feature","geometry":{"type":"Point","coordinates":[135.8217123,34.6844933]},"properties":{"z":73.8}},{"type":"Feature","geometry":{"type":"Point","coordinates":[135.8216581,34.6844993]},"properties":{"z":73.8}},{"type":"Feature","geometry":{"type":"Point","coordinates":[135.8216039,34.6845052]},"properties":{"z":73.7}},{"type":"Feature","geometry":{"type":"Point","coordinates":[135.8215493,34.684508]},"properties":{"z":73.7}},{"type":"Feature","geometry":{"type":"Point","coordinates":[135.8214948,34.684509]},"properties":{"z":73.7}},{"type":"Feature","geometry":{"type":"Point","coordinates":[135.8214403,34.6845055]},"properties":{"z":73.6}},{"type":"Feature","geometry":{"type":"Point","coordinates":[135.8213861,34.6845082]},"properties":{"z":73.5}},{"type":"Feature","geometry":{"type":"Point","coordinates":[135.8213322,34.6845155]},"properties":{"z":73.5}},{"type":"Feature","geometry":{"type":"Point","coordinates":[135.8212821,34.6845328]},"properties":{"z":73.4}},{"type":"Feature","geometry":{"type":"Point","coordinates":[135.8212328,34.6845523]},"properties":{"z":73.4}},{"type":"Feature","geometry":{"type":"Point","coordinates":[135.8211906,34.6845808]},"properties":{"z":73.1}},{"type":"Feature","geometry":{"type":"Point","coordinates":[135.8211459,34.6846063]},"properties":{"z":73.2}},{"type":"Feature","geometry":{"type":"Point","coordinates":[135.8210965,34.6846254]},"properties":{"z":72.9}},{"type":"Feature","geometry":{"type":"Point","coordinates":[135.8210459,34.6846401]},"properties":{"z":72.6}},{"type":"Feature","geometry":{"type":"Point","coordinates":[135.8209963,34.6846234]},"properties":{"z":72.6}},{"type":"Feature","geometry":{"type":"Point","coordinates":[135.8209454,34.6846101]},"properties":{"z":72.2}},{"type":"Feature","geometry":{"type":"Point","coordinates":[135.8208915,34.6846108]},"properties":{"z":72.2}},{"type":"Feature","geometry":{"type":"Point","coordinates":[135.820838,34.68462]},"properties":{"z":71.9}},{"type":"Feature","geometry":{"type":"Point","coordinates":[135.8207849,34.6846308]},"properties":{"z":71.6}},{"type":"Feature","geometry":{"type":"Point","coordinates":[135.8207366,34.684651]},"properties":{"z":71.6}},{"type":"Feature","geometry":{"type":"Point","coordinates":[135.8206849,34.6846656]},"properties":{"z":71.2}},{"type":"Feature","geometry":{"type":"Point","coordinates":[135.8206356,34.6846848]},"properties":{"z":71.3}},{"type":"Feature","geometry":{"type":"Point","coordinates":[135.8205822,34.6846913]},"properties":{"z":71.0}},{"type":"Feature","geometry":{"type":"Point","coordinates":[135.820528,34.6846963]},"properties":{"z":70.7}},{"type":"Feature","geometry":{"type":"Point","coordinates":[135.8204745,34.6847057]},"properties":{"z":70.7}},{"type":"Feature","geometry":{"type":"Point","coordinates":[135.8204206,34.6847132]},"properties":{"z":70.4}},{"type":"Feature","geometry":{"type":"Point","coordinates":[135.8203666,34.6847199]},"properties":{"z":70.1}},{"type":"Feature","geometry":{"type":"Point","coordinates":[135.8203121,34.6847233]},"properties":{"z":70.1}},{"type":"Feature","geometry":{"type":"Point","coordinates":[135.8202583,34.6847308]},"properties":{"z":69.8}},{"type":"Feature","geometry":{"type":"Point","coordinates":[135.8202047,34.6847395]},"properties":{"z":69.8}},{"type":"Feature","geometry":{"type":"Point","coordinates":[135.8201504,34.6847445]},"properties":{"z":69.7}},{"type":"Feature","geometry":{"type":"Point","coordinates":[135.8200962,34.6847501]},"properties":{"z":69.8}},{"type":"Feature","geometry":{"type":"Point","coordinates":[135.8200435,34.6847591]},"properties":{"z":69.8}},{"type":"Feature","geometry":{"type":"Point","coordinates":[135.819999,34.6847852]},"properties":{"z":69.7}},{"type":"Feature","geometry":{"type":"Point","coordinates":[135.8199675,34.6848208]},"properties":{"z":69.8}},{"type":"Feature","geometry":{"type":"Point","coordinates":[135.8199465,34.684862]},"properties":{"z":69.8}},{"type":"Feature","geometry":{"type":"Point","coordinates":[135.819933,34.6849055]},"properties":{"z":69.7}},{"type":"Feature","geometry":{"type":"Point","coordinates":[135.8199218,34.6849495]},"properties":{"z":69.7}},{"type":"Feature","geometry":{"type":"Point","coordinates":[135.8199098,34.6849933]},"properties":{"z":69.7}},{"type":"Feature","geometry":{"type":"Point","coordinates":[135.819895,34.6850365]},"properties":{"z":69.8}},{"type":"Feature","geometry":{"type":"Point","coordinates":[135.8198772,34.6850789]},"properties":{"z":69.8}},{"type":"Feature","geometry":{"type":"Point","coordinates":[135.8198659,34.6851228]},"properties":{"z":69.8}},{"type":"Feature","geometry":{"type":"Point","coordinates":[135.8198653,34.6851263]},"properties":{"z":69.8}}]}