{"type":"FeatureCollection","features":[{"type":"Feature","geometry":{"type":"Point","coordinates":[135.6319665,34.8117016]},"properties":{"z":9.7}},{"type":"Feature","geometry":{"type":"Point","coordinates":[135.6319685,34.8116567]},"properties":{"z":9.8}},{"type":"Feature","geometry":{"type":"Point","coordinates":[135.6319702,34.8116121]},"properties":{"z":9.8}},{"type":"Feature","geometry":{"type":"Point","coordinates":[135.6319494,34.8115705]},"properties":{"z":9.8}},{"type":"Feature","geometry":{"type":"Point","coordinates":[135.6318963,34.8115612]},"properties":{"z":9.8}},{"type":"Feature","geometry":{"type":"Point","coordinates":[135.6318424,34.8115535]},"properties":{"z":9.7}},{"type":"Feature","geometry":{"type":"Point","coordinates":[135.6317881,34.8115476]},"properties":{"z":9.8}},{"type":"Feature","geometry":{"type":"Point","coordinates":[135.6317335,34.811544]},"properties":{"z":9.8}},{"type":"Feature","geometry":{"type":"Point","coordinates":[135.6316789,34.8115406]},"properties":{"z":9.8}},{"type":"Feature","geometry":{"type":"Point","coordinates":[135.6316246,34.8115347]},"properties":{"z":9.7}},{"type":"Feature","geometry":{"type":"Point","coordinates":[135.6315704,34.8115289]},"properties":{"z":9.7}},{"type":"Feature","geometry":{"type":"Point","coordinates":[135.6315159,34.8115244]},"properties":{"z":9.7}},{"type":"Feature","geometry":{"type":"Point","coordinates":[135.6314618,34.8115177]},"properties":{"z":9.7}},{"type":"Feature","geometry":{"type":"Point","coordinates":[135.6314081,34.811509]},"properties":{"z":9.7}},{"type":"Feature","geometry":{"type":"Point","coordinates":[135.6313542,34.8115012]},"properties":{"z":9.7}},{"type":"Feature","geometry":{"type":"Point","coordinates":[135.6312999,34.8114955]},"properties":{"z":9.7}},{"type":"Feature","geometry":{"type":"Point","coordinates":[135.6312457,34.8114894]},"properties":{"z":9.7}},{"type":"Feature","geometry":{"type":"Point","coordinates":[135.6311922,34.8114798]},"properties":{"z":9.6}},{"type":"Feature","geometry":{"type":"Point","coordinates":[135.6311387,34.8114702]},"properties":{"z":9.6}},{"type":"Feature","geometry":{"type":"Point","coordinates":[135.6310851,34.8114612]},"properties":{"z":9.6}},{"type":"Feature","geometry":{"type":"Point","coordinates":[135.6310312,34.811453]},"properties":{"z":9.6}},{"type":"Feature","geometry":{"type":"Point","coordinates":[135.6309796,34.811439]},"properties":{"z":9.6}},{"type":"Feature","geometry":{"type":"Point","coordinates":[135.6309296,34.8114211]},"properties":{"z":9.5}},{"type":"Feature","geometry":{"type":"Point","coordinates":[135.630875,34.8114177]},"properties":{"z":9.5}},{"type":"Feature","geometry":{"type":"Point","coordinates":[135.6308209,34.8114123]},"properties":{"z":9.5}},{"type":"Feature","geometry":{"type":"Point","coordinates":[135.6307685,34.8113992]},"properties":{"z":9.4}},{"type":"Feature","geometry":{"type":"Point","coordinates":[135.6307162,34.8113861]},"properties":{"z":9.4}},{"type":"Feature","geometry":{"type":"Point","coordinates":[135.6306642,34.8113721]},"properties":{"z":9.3}},{"type":"Feature","geometry":{"type":"Point","coordinates":[135.6306124,34.8113574]},"properties":{"z":9.3}},{"type":"Feature","geometry":{"type":"Point","coordinates":[135.6305607,34.8113428]},"properties":{"z":9.3}},{"type":"Feature","geometry":{"type":"Point","coordinates":[135.6305083,34.8113296]},"properties":{"z":9.3}},{"type":"Feature","geometry":{"type":"Point","coordinates":[135.6304559,34.8113165]},"properties":{"z":9.3}},{"type":"Feature","geometry":{"type":"Point","coordinates":[135.6304035,34.8113036]},"properties":{"z":9.2}},{"type":"Feature","geometry":{"type":"Point","coordinates":[135.6303507,34.8112916]},"properties":{"z":9.2}},{"type":"Feature","geometry":{"type":"Point","coordinates":[135.630298,34.8112796]},"properties":{"z":9.1}},{"type":"Feature","geometry":{"type":"Point","coordinates":[135.6302453,34.8112673]},"properties":{"z":9.0}},{"type":"Feature","geometry":{"type":"Point","coordinates":[135.630193,34.811254]},"properties":{"z":9.0}},{"type":"Feature","geometry":{"type":"Point","coordinates":[135.6301407,34.8112407]},"properties":{"z":9.0}},{"type":"Feature","geometry":{"type":"Point","coordinates":[135.6300886,34.8112269]},"properties":{"z":9.0}},{"type":"Feature","geometry":{"type":"Point","coordinates":[135.6300369,34.811212]},"properties":{"z":8.9}},{"type":"Feature","geometry":{"type":"Point","coordinates":[135.6299853,34.8111971]},"properties":{"z":8.9}},{"type":"Feature","geometry":{"type":"Point","coordinates":[135.6299336,34.8111822]},"properties":{"z":8.9}},{"type":"Feature","geometry":{"type":"Point","coordinates":[135.6298819,34.8111675]},"properties":{"z":8.8}},{"type":"Feature","geometry":{"type":"Point","coordinates":[135.6298302,34.8111527]},"properties":{"z":8.8}},{"type":"Feature","geometry":{"type":"Point","coordinates":[135.6297786,34.8111377]},"properties":{"z":8.8}},{"type":"Feature","geometry":{"type":"Point","coordinates":[135.6297287,34.8111192]},"properties":{"z":8.8}},{"type":"Feature","geometry":{"type":"Point","coordinates":[135.6296788,34.8111007]},"properties":{"z":8.8}},{"type":"Feature","geometry":{"type":"Point","coordinates":[135.6296289,34.8110823]},"properties":{"z":8.8}},{"type":"Feature","geometry":{"type":"Point","coordinates":[135.6295783,34.8110652]},"properties":{"z":8.8}},{"type":"Feature","geometry":{"type":"Point","coordinates":[135.6295269,34.8110496]},"properties":{"z":8.9}},{"type":"Feature","geometry":{"type":"Point","coordinates":[135.6294756,34.811034]},"properties":{"z":8.9}},{"type":"Feature","geometry":{"type":"Point","coordinates":[135.6294259,34.8110154]},"properties":{"z":8.9}},{"type":"Feature","geometry":{"type":"Point","coordinates":[135.6293776,34.8109942]},"properties":{"z":8.9}},{"type":"Feature","geometry":{"type":"Point","coordinates":[135.6293294,34.8109729]},"properties":{"z":8.9}},{"type":"Feature","geometry":{"type":"Point","coordinates":[135.6292815,34.8109511]},"properties":{"z":9.0}},{"type":"Feature","geometry":{"type":"Point","coordinates":[135.6292338,34.8109291]},"properties":{"z":9.0}},{"type":"Feature","geometry":{"type":"Point","coordinates":[135.6291858,34.8109075]},"properties":{"z":9.0}},{"type":"Feature","geometry":{"type":"Point","coordinates":[135.6291376,34.8108861]},"properties":{"z":9.0}},{"type":"Feature","geometry":{"type":"Point","coordinates":[135.6290895,34.8108647]},"properties":{"z":9.0}},{"type":"Feature","geometry":{"type":"Point","coordinates":[135.6290413,34.8108433]},"properties":{"z":9.0}},{"type":"Feature","geometry":{"type":"Point","coordinates":[135.6289928,34.8108226]},"properties":{"z":9.0}},{"type":"Feature","geometry":{"type":"Point","coordinates":[135.6289423,34.8108052]},"properties":{"z":9.0}},{"type":"Feature","geometry":{"type":"Point","coordinates":[135.6288918,34.8107878]},"properties":{"z":9.0}},{"type":"Feature","geometry":{"type":"Point","coordinates":[135.6288413,34.8107704]},"properties":{"z":9.0}},{"type":"Feature","geometry":{"type":"Point","coordinates":[135.6287909,34.8107529]},"properties":{"z":9.0}},{"type":"Feature","geometry":{"type":"Point","coordinates":[135.6287417,34.8107334]},"properties":{"z":9.0}},{"type":"Feature","geometry":{"type":"Point","coordinates":[135.6286945,34.8107107]},"properties":{"z":9.0}},{"type":"Feature","geometry":{"type":"Point","coordinates":[135.6286473,34.8106879]},"properties":{"z":9.1}},{"type":"Feature","geometry":{"type":"Point","coordinates":[135.6286001,34.8106651]},"properties":{"z":9.0}},{"type":"Feature","geometry":{"type":"Point","coordinates":[135.6285529,34.8106423]},"properties":{"z":9.0}},{"type":"Feature","geometry":{"type":"Point","coordinates":[135.6285044,34.8106214]},"properties":{"z":9.0}},{"type":"Feature","geometry":{"type":"Point","coordinates":[135.6284558,34.8106007]},"properties":{"z":9.0}},{"type":"Feature","geometry":{"type":"Point","coordinates":[135.6284072,34.8105801]},"properties":{"z":9.0}},{"type":"Feature","geometry":{"type":"Point","coordinates":[135.6283588,34.810559]},"properties":{"z":9.0}},{"type":"Feature","geometry":{"type":"Point","coordinates":[135.628311,34.8105371]},"properties":{"z":9.0}},{"type":"Feature","geometry":{"type":"Point","coordinates":[135.6282631,34.8105153]},"properties":{"z":9.0}},{"type":"Feature","geometry":{"type":"Point","coordinates":[135.6282153,34.8104935]},"properties":{"z":9.0}},{"type":"Feature","geometry":{"type":"Point","coordinates":[135.6281675,34.8104715]},"properties":{"z":9.0}},{"type":"Feature","geometry":{"type":"Point","coordinates":[135.6281197,34.8104495]},"properties":{"z":9.0}},{"type":"Feature","geometry":{"type":"Point","coordinates":[135.6280719,34.8104276]},"properties":{"z":9.0}},{"type":"Feature","geometry":{"type":"Point","coordinates":[135.6280242,34.8104056]},"properties":{"z":9.1}},{"type":"Feature","geometry":{"type":"Point","coordinates":[135.6279764,34.8103837]},"properties":{"z":9.0}},{"type":"Feature","geometry":{"type":"Point","coordinates":[135.6279292,34.8103608]},"properties":{"z":9.0}},{"type":"Feature","geometry":{"type":"Point","coordinates":[135.6278822,34.8103378]},"properties":{"z":9.1}},{"type":"Feature","geometry":{"type":"Point","coordinates":[135.6278352,34.8103148]},"properties":{"z":9.1}},{"type":"Feature","geometry":{"type":"Point","coordinates":[135.6277881,34.8102918]},"properties":{"z":9.1}},{"type":"Feature","geometry":{"type":"Point","coordinates":[135.6277393,34.8102714]},"properties":{"z":9.0}},{"type":"Feature","geometry":{"type":"Point","coordinates":[135.6276903,34.8102515]},"properties":{"z":9.0}},{"type":"Feature","geometry":{"type":"Point","coordinates":[135.6276413,34.8102315]},"properties":{"z":9.0}},{"type":"Feature","geometry":{"type":"Point","coordinates":[135.6275922,34.8102115]},"properties":{"z":9.0}},{"type":"Feature","geometry":{"type":"Point","coordinates":[135.6275435,34.810191]},"properties":{"z":9.1}},{"type":"Feature","geometry":{"type":"Point","coordinates":[135.6274951,34.81017]},"properties":{"z":9.1}},{"type":"Feature","geometry":{"type":"Point","coordinates":[135.6274467,34.810149]},"properties":{"z":9.1}},{"type":"Feature","geometry":{"type":"Point","coordinates":[135.6273982,34.8101281]},"properties":{"z":9.1}},{"type":"Feature","geometry":{"type":"Point","coordinates":[135.6273499,34.8101069]},"properties":{"z":9.1}},{"type":"Feature","geometry":{"type":"Point","coordinates":[135.6273026,34.8100842]},"properties":{"z":9.1}},{"type":"Feature","geometry":{"type":"Point","coordinates":[135.6272554,34.8100616]},"properties":{"z":9.1}},{"type":"Feature","geometry":{"type":"Point","coordinates":[135.6272081,34.810039]},"properties":{"z":9.1}},{"type":"Feature","geometry":{"type":"Point","coordinates":[135.6271608,34.8100163]},"properties":{"z":9.0}},{"type":"Feature","geometry":{"type":"Point","coordinates":[135.6271135,34.8099937]},"properties":{"z":9.1}},{"type":"Feature","geometry":{"type":"Point","coordinates":[135.6270655,34.809972]},"properties":{"z":9.1}},{"type":"Feature","geometry":{"type":"Point","coordinates":[135.6270175,34.8099504]},"properties":{"z":9.1}},{"type":"Feature","geometry":{"type":"Point","coordinates":[135.6269694,34.8099289]},"properties":{"z":9.1}},{"type":"Feature","geometry":{"type":"Point","coordinates":[135.6269214,34.8099073]},"properties":{"z":9.1}},{"type":"Feature","geometry":{"type":"Point","coordinates":[135.6268734,34.8098857]},"properties":{"z":9.1}},{"type":"Feature","geometry":{"type":"Point","coordinates":[135.6268253,34.8098642]},"properties":{"z":9.1}},{"type":"Feature","geometry":{"type":"Point","coordinates":[135.6267771,34.8098428]},"properties":{"z":9.1}},{"type":"Feature","geometry":{"type":"Point","coordinates":[135.626729,34.8098214]},"properties":{"z":9.1}},{"type":"Feature","geometry":{"type":"Point","coordinates":[135.6266808,34.8098001]},"properties":{"z":9.1}},{"type":"Feature","geometry":{"type":"Point","coordinates":[135.6266326,34.8097787]},"properties":{"z":9.1}},{"type":"Feature","geometry":{"type":"Point","coordinates":[135.626585,34.8097565]},"properties":{"z":9.1}},{"type":"Feature","geometry":{"type":"Point","coordinates":[135.6265381,34.8097334]},"properties":{"z":9.1}},{"type":"Feature","geometry":{"type":"Point","coordinates":[135.6264911,34.8097103]},"properties":{"z":9.1}},{"type":"Feature","geometry":{"type":"Point","coordinates":[135.6264442,34.8096871]},"properties":{"z":9.1}},{"type":"Feature","geometry":{"type":"Point","coordinates":[135.6263972,34.809664]},"properties":{"z":9.1}},{"type":"Feature","geometry":{"type":"Point","coordinates":[135.6263503,34.8096409]},"properties":{"z":9.1}},{"type":"Feature","geometry":{"type":"Point","coordinates":[135.6263035,34.8096176]},"properties":{"z":9.1}},{"type":"Feature","geometry":{"type":"Point","coordinates":[135.6262567,34.8095942]},"properties":{"z":9.1}},{"type":"Feature","geometry":{"type":"Point","coordinates":[135.6262099,34.8095708]},"properties":{"z":9.1}},{"type":"Feature","geometry":{"type":"Point","coordinates":[135.6261632,34.8095475]},"properties":{"z":9.1}},{"type":"Feature","geometry":{"type":"Point","coordinates":[135.6261164,34.8095241]},"properties":{"z":9.1}},{"type":"Feature","geometry":{"type":"Point","coordinates":[135.6260697,34.8095007]},"properties":{"z":9.1}},{"type":"Feature","geometry":{"type":"Point","coordinates":[135.6260229,34.8094773]},"properties":{"z":9.1}},{"type":"Feature","geometry":{"type":"Point","coordinates":[135.6259762,34.8094539]},"properties":{"z":9.1}},{"type":"Feature","geometry":{"type":"Point","coordinates":[135.6259296,34.8094303]},"properties":{"z":9.1}},{"type":"Feature","geometry":{"type":"Point","coordinates":[135.6258832,34.8094065]},"properties":{"z":9.1}},{"type":"Feature","geometry":{"type":"Point","coordinates":[135.6258367,34.8093827]},"properties":{"z":9.1}},{"type":"Feature","geometry":{"type":"Point","coordinates":[135.6257903,34.8093589]},"properties":{"z":9.1}},{"type":"Feature","geometry":{"type":"Point","coordinates":[135.6257438,34.8093351]},"properties":{"z":9.1}},{"type":"Feature","geometry":{"type":"Point","coordinates":[135.6256975,34.809311]},"properties":{"z":9.1}},{"type":"Feature","geometry":{"type":"Point","coordinates":[135.6256517,34.8092864]},"properties":{"z":9.1}},{"type":"Feature","geometry":{"type":"Point","coordinates":[135.6256059,34.8092619]},"properties":{"z":9.1}},{"type":"Feature","geometry":{"type":"Point","coordinates":[135.62556,34.8092373]},"properties":{"z":9.1}},{"type":"Feature","geometry":{"type":"Point","coordinates":[135.6255142,34.8092127]},"properties":{"z":9.1}},{"type":"Feature","geometry":{"type":"Point","coordinates":[135.6254712,34.8091853]},"properties":{"z":9.1}},{"type":"Feature","geometry":{"type":"Point","coordinates":[135.6254335,34.8091527]},"properties":{"z":9.1}},{"type":"Feature","geometry":{"type":"Point","coordinates":[135.6253958,34.8091201]},"properties":{"z":9.1}},{"type":"Feature","geometry":{"type":"Point","coordinates":[135.6253495,34.8090964]},"properties":{"z":9.1}},{"type":"Feature","geometry":{"type":"Point","coordinates":[135.6253024,34.8090734]},"properties":{"z":9.1}},{"type":"Feature","geometry":{"type":"Point","coordinates":[135.6252553,34.8090505]},"properties":{"z":9.1}},{"type":"Feature","geometry":{"type":"Point","coordinates":[135.6252091,34.8090265]},"properties":{"z":9.1}},{"type":"Feature","geometry":{"type":"Point","coordinates":[135.6251639,34.8090012]},"properties":{"z":9.0}},{"type":"Feature","geometry":{"type":"Point","coordinates":[135.6251186,34.8089759]},"properties":{"z":9.0}},{"type":"Feature","geometry":{"type":"Point","coordinates":[135.6250733,34.8089506]},"properties":{"z":9.0}},{"type":"Feature","geometry":{"type":"Point","coordinates":[135.6250299,34.8089233]},"properties":{"z":9.0}},{"type":"Feature","geometry":{"type":"Point","coordinates":[135.6249877,34.8088947]},"properties":{"z":8.9}},{"type":"Feature","geometry":{"type":"Point","coordinates":[135.6249577,34.8088571]},"properties":{"z":8.8}},{"type":"Feature","geometry":{"type":"Point","coordinates":[135.6249197,34.8088265]},"properties":{"z":8.8}},{"type":"Feature","geometry":{"type":"Point","coordinates":[135.624872,34.8088044]},"properties":{"z":8.8}},{"type":"Feature","geometry":{"type":"Point","coordinates":[135.6248243,34.8087823]},"properties":{"z":8.7}},{"type":"Feature","geometry":{"type":"Point","coordinates":[135.6247775,34.808759]},"properties":{"z":8.7}},{"type":"Feature","geometry":{"type":"Point","coordinates":[135.6247312,34.8087351]},"properties":{"z":8.6}},{"type":"Feature","geometry":{"type":"Point","coordinates":[135.6246848,34.8087112]},"properties":{"z":8.6}},{"type":"Feature","geometry":{"type":"Point","coordinates":[135.6246376,34.8086884]},"properties":{"z":8.6}},{"type":"Feature","geometry":{"type":"Point","coordinates":[135.6245904,34.8086656]},"properties":{"z":8.6}},{"type":"Feature","geometry":{"type":"Point","coordinates":[135.6245432,34.8086429]},"properties":{"z":8.5}},{"type":"Feature","geometry":{"type":"Point","coordinates":[135.6245024,34.8086132]},"properties":{"z":8.4}},{"type":"Feature","geometry":{"type":"Point","coordinates":[135.6244629,34.8085821]},"properties":{"z":8.4}},{"type":"Feature","geometry":{"type":"Point","coordinates":[135.6244174,34.8085575]},"properties":{"z":8.3}},{"type":"Feature","geometry":{"type":"Point","coordinates":[135.62437,34.8085349]},"properties":{"z":8.3}},{"type":"Feature","geometry":{"type":"Point","coordinates":[135.6243223,34.8085129]},"properties":{"z":8.2}},{"type":"Feature","geometry":{"type":"Point","coordinates":[135.6242744,34.8084911]},"properties":{"z":8.2}},{"type":"Feature","geometry":{"type":"Point","coordinates":[135.6242334,34.8084618]},"properties":{"z":8.2}},{"type":"Feature","geometry":{"type":"Point","coordinates":[135.6241944,34.8084302]},"properties":{"z":8.1}},{"type":"Feature","geometry":{"type":"Point","coordinates":[135.6241516,34.8084025]},"properties":{"z":8.1}},{"type":"Feature","geometry":{"type":"Point","coordinates":[135.6241062,34.8083774]},"properties":{"z":8.1}},{"type":"Feature","geometry":{"type":"Point","coordinates":[135.6240615,34.8083515]},"properties":{"z":8.0}},{"type":"Feature","geometry":{"type":"Point","coordinates":[135.624018,34.8083241]},"properties":{"z":8.0}},{"type":"Feature","geometry":{"type":"Point","coordinates":[135.6239747,34.8082966]},"properties":{"z":7.9}},{"type":"Feature","geometry":{"type":"Point","coordinates":[135.6239317,34.8082688]},"properties":{"z":7.9}},{"type":"Feature","geometry":{"type":"Point","coordinates":[135.6238887,34.808241]},"properties":{"z":7.8}},{"type":"Feature","geometry":{"type":"Point","coordinates":[135.6238486,34.8082104]},"properties":{"z":7.8}},{"type":"Feature","geometry":{"type":"Point","coordinates":[135.6238086,34.8081797]},"properties":{"z":7.7}},{"type":"Feature","geometry":{"type":"Point","coordinates":[135.6237668,34.8081507]},"properties":{"z":7.7}},{"type":"Feature","geometry":{"type":"Point","coordinates":[135.6237243,34.8081224]},"properties":{"z":7.6}},{"type":"Feature","geometry":{"type":"Point","coordinates":[135.6236849,34.8080914]},"properties":{"z":7.6}},{"type":"Feature","geometry":{"type":"Point","coordinates":[135.6236485,34.8080579]},"properties":{"z":7.6}},{"type":"Feature","geometry":{"type":"Point","coordinates":[135.6236121,34.8080243]},"properties":{"z":7.4}},{"type":"Feature","geometry":{"type":"Point","coordinates":[135.6235748,34.8079913]},"properties":{"z":7.4}},{"type":"Feature","geometry":{"type":"Point","coordinates":[135.6235368,34.807959]},"properties":{"z":7.4}},{"type":"Feature","geometry":{"type":"Point","coordinates":[135.6234985,34.8079269]},"properties":{"z":7.4}},{"type":"Feature","geometry":{"type":"Point","coordinates":[135.6234599,34.807895]},"properties":{"z":7.3}},{"type":"Feature","geometry":{"type":"Point","coordinates":[135.6234213,34.8078631]},"properties":{"z":7.3}},{"type":"Feature","geometry":{"type":"Point","coordinates":[135.6233831,34.8078309]},"properties":{"z":7.2}},{"type":"Feature","geometry":{"type":"Point","coordinates":[135.623345,34.8077986]},"properties":{"z":7.2}},{"type":"Feature","geometry":{"type":"Point","coordinates":[135.6233055,34.8077675]},"properties":{"z":7.2}},{"type":"Feature","geometry":{"type":"Point","coordinates":[135.6232656,34.8077367]},"properties":{"z":7.1}},{"type":"Feature","geometry":{"type":"Point","coordinates":[135.6232267,34.8077051]},"properties":{"z":7.1}},{"type":"Feature","geometry":{"type":"Point","coordinates":[135.6231895,34.8076722]},"properties":{"z":6.9}},{"type":"Feature","geometry":{"type":"Point","coordinates":[135.6231522,34.8076392]},"properties":{"z":6.9}},{"type":"Feature","geometry":{"type":"Point","coordinates":[135.6231152,34.8076062]},"properties":{"z":6.9}},{"type":"Feature","geometry":{"type":"Point","coordinates":[135.6230781,34.8075731]},"properties":{"z":6.9}},{"type":"Feature","geometry":{"type":"Point","coordinates":[135.6230413,34.8075398]},"properties":{"z":6.8}},{"type":"Feature","geometry":{"type":"Point","coordinates":[135.6230045,34.8075065]},"properties":{"z":6.8}},{"type":"Feature","geometry":{"type":"Point","coordinates":[135.6229675,34.8074734]},"properties":{"z":6.8}},{"type":"Feature","geometry":{"type":"Point","coordinates":[135.6229295,34.807441]},"properties":{"z":6.7}},{"type":"Feature","geometry":{"type":"Point","coordinates":[135.6228916,34.8074086]},"properties":{"z":6.7}},{"type":"Feature","geometry":{"type":"Point","coordinates":[135.6228555,34.8073748]},"properties":{"z":6.6}},{"type":"Feature","geometry":{"type":"Point","coordinates":[135.6228194,34.807341]},"properties":{"z":6.6}},{"type":"Feature","geometry":{"type":"Point","coordinates":[135.6227834,34.8073071]},"properties":{"z":6.4}},{"type":"Feature","geometry":{"type":"Point","coordinates":[135.6227476,34.8072731]},"properties":{"z":6.4}},{"type":"Feature","geometry":{"type":"Point","coordinates":[135.6227116,34.8072392]},"properties":{"z":6.4}},{"type":"Feature","geometry":{"type":"Point","coordinates":[135.6226718,34.8072084]},"properties":{"z":6.3}},{"type":"Feature","geometry":{"type":"Point","coordinates":[135.622632,34.8071776]},"properties":{"z":6.2}},{"type":"Feature","geometry":{"type":"Point","coordinates":[135.6225943,34.807145]},"properties":{"z":6.2}},{"type":"Feature","geometry":{"type":"Point","coordinates":[135.622558,34.8071113]},"properties":{"z":6.2}},{"type":"Feature","geometry":{"type":"Point","coordinates":[135.622523,34.8070769]},"properties":{"z":6.0}},{"type":"Feature","geometry":{"type":"Point","coordinates":[135.6224946,34.8070385]},"properties":{"z":6.0}},{"type":"Feature","geometry":{"type":"Point","coordinates":[135.6224662,34.807]},"properties":{"z":6.0}},{"type":"Feature","geometry":{"type":"Point","coordinates":[135.6224327,34.8069648]},"properties":{"z":5.9}},{"type":"Feature","geometry":{"type":"Point","coordinates":[135.6223955,34.8069318]},"properties":{"z":5.9}},{"type":"Feature","geometry":{"type":"Point","coordinates":[135.6223584,34.8068988]},"properties":{"z":5.9}},{"type":"Feature","geometry":{"type":"Point","coordinates":[135.6223225,34.8068648]},"properties":{"z":5.8}},{"type":"Feature","geometry":{"type":"Point","coordinates":[135.6222865,34.8068309]},"properties":{"z":5.8}},{"type":"Feature","geometry":{"type":"Point","coordinates":[135.6222499,34.8067976]},"properties":{"z":5.6}},{"type":"Feature","geometry":{"type":"Point","coordinates":[135.6222128,34.8067644]},"properties":{"z":5.6}},{"type":"Feature","geometry":{"type":"Point","coordinates":[135.6221771,34.8067304]},"properties":{"z":5.5}},{"type":"Feature","geometry":{"type":"Point","coordinates":[135.6221427,34.8066954]},"properties":{"z":5.5}},{"type":"Feature","geometry":{"type":"Point","coordinates":[135.6221084,34.8066604]},"properties":{"z":5.4}},{"type":"Feature","geometry":{"type":"Point","coordinates":[135.622075,34.8066248]},"properties":{"z":5.4}},{"type":"Feature","geometry":{"type":"Point","coordinates":[135.6220418,34.8065891]},"properties":{"z":5.4}},{"type":"Feature","geometry":{"type":"Point","coordinates":[135.6220091,34.806553]},"properties":{"z":5.3}},{"type":"Feature","geometry":{"type":"Point","coordinates":[135.6219769,34.8065166]},"properties":{"z":5.2}},{"type":"Feature","geometry":{"type":"Point","coordinates":[135.6219448,34.8064802]},"properties":{"z":5.2}},{"type":"Feature","geometry":{"type":"Point","coordinates":[135.6219122,34.8064441]},"properties":{"z":5.2}},{"type":"Feature","geometry":{"type":"Point","coordinates":[135.6218795,34.8064081]},"properties":{"z":5.2}},{"type":"Feature","geometry":{"type":"Point","coordinates":[135.6218467,34.8063721]},"properties":{"z":5.1}},{"type":"Feature","geometry":{"type":"Point","coordinates":[135.6218137,34.8063362]},"properties":{"z":5.1}},{"type":"Feature","geometry":{"type":"Point","coordinates":[135.6217807,34.8063004]},"properties":{"z":5.1}},{"type":"Feature","geometry":{"type":"Point","coordinates":[135.6217472,34.8062648]},"properties":{"z":5.0}},{"type":"Feature","geometry":{"type":"Point","coordinates":[135.6217138,34.8062292]},"properties":{"z":5.0}},{"type":"Feature","geometry":{"type":"Point","coordinates":[135.6216822,34.8061925]},"properties":{"z":5.0}},{"type":"Feature","geometry":{"type":"Point","coordinates":[135.6216514,34.8061553]},"properties":{"z":5.0}},{"type":"Feature","geometry":{"type":"Point","coordinates":[135.6216206,34.8061182]},"properties":{"z":5.0}},{"type":"Feature","geometry":{"type":"Point","coordinates":[135.621589,34.8060814]},"properties":{"z":5.0}},{"type":"Feature","geometry":{"type":"Point","coordinates":[135.6215575,34.8060447]},"properties":{"z":5.1}},{"type":"Feature","geometry":{"type":"Point","coordinates":[135.6215262,34.8060078]},"properties":{"z":5.1}},{"type":"Feature","geometry":{"type":"Point","coordinates":[135.621495,34.8059709]},"properties":{"z":5.2}},{"type":"Feature","geometry":{"type":"Point","coordinates":[135.6214633,34.8059342]},"properties":{"z":5.2}},{"type":"Feature","geometry":{"type":"Point","coordinates":[135.6214302,34.8058984]},"properties":{"z":5.2}},{"type":"Feature","geometry":{"type":"Point","coordinates":[135.6213971,34.8058627]},"properties":{"z":5.3}},{"type":"Feature","geometry":{"type":"Point","coordinates":[135.6213641,34.8058267]},"properties":{"z":5.3}},{"type":"Feature","geometry":{"type":"Point","coordinates":[135.6213313,34.8057908]},"properties":{"z":5.3}},{"type":"Feature","geometry":{"type":"Point","coordinates":[135.6212991,34.8057544]},"properties":{"z":5.4}},{"type":"Feature","geometry":{"type":"Point","coordinates":[135.6212676,34.8057177]},"properties":{"z":5.4}},{"type":"Feature","geometry":{"type":"Point","coordinates":[135.6212359,34.805681]},"properties":{"z":5.5}},{"type":"Feature","geometry":{"type":"Point","coordinates":[135.6212036,34.8056447]},"properties":{"z":5.5}},{"type":"Feature","geometry":{"type":"Point","coordinates":[135.6211714,34.8056084]},"properties":{"z":5.5}},{"type":"Feature","geometry":{"type":"Point","coordinates":[135.621138,34.8055727]},"properties":{"z":5.6}},{"type":"Feature","geometry":{"type":"Point","coordinates":[135.6211042,34.8055374]},"properties":{"z":5.6}},{"type":"Feature","geometry":{"type":"Point","coordinates":[135.6210708,34.8055018]},"properties":{"z":5.7}},{"type":"Feature","geometry":{"type":"Point","coordinates":[135.6210381,34.8054657]},"properties":{"z":5.6}},{"type":"Feature","geometry":{"type":"Point","coordinates":[135.6210055,34.8054296]},"properties":{"z":5.6}},{"type":"Feature","geometry":{"type":"Point","coordinates":[135.6209752,34.8053922]},"properties":{"z":5.7}},{"type":"Feature","geometry":{"type":"Point","coordinates":[135.6209451,34.8053546]},"properties":{"z":5.7}},{"type":"Feature","geometry":{"type":"Point","coordinates":[135.6209133,34.805318]},"properties":{"z":5.6}},{"type":"Feature","geometry":{"type":"Point","coordinates":[135.6208797,34.8052826]},"properties":{"z":5.7}},{"type":"Feature","geometry":{"type":"Point","coordinates":[135.6208462,34.805247]},"properties":{"z":5.7}},{"type":"Feature","geometry":{"type":"Point","coordinates":[135.6208137,34.8052109]},"properties":{"z":5.7}},{"type":"Feature","geometry":{"type":"Point","coordinates":[135.6207812,34.8051747]},"properties":{"z":5.7}},{"type":"Feature","geometry":{"type":"Point","coordinates":[135.6207485,34.8051386]},"properties":{"z":5.7}},{"type":"Feature","geometry":{"type":"Point","coordinates":[135.6207157,34.8051026]},"properties":{"z":5.7}},{"type":"Feature","geometry":{"type":"Point","coordinates":[135.6206845,34.8050658]},"properties":{"z":5.7}},{"type":"Feature","geometry":{"type":"Point","coordinates":[135.6206575,34.8050267]},"properties":{"z":5.6}},{"type":"Feature","geometry":{"type":"Point","coordinates":[135.6206304,34.8049876]},"properties":{"z":5.7}},{"type":"Feature","geometry":{"type":"Point","coordinates":[135.6206037,34.8049484]},"properties":{"z":5.7}},{"type":"Feature","geometry":{"type":"Point","coordinates":[135.620577,34.8049091]},"properties":{"z":5.7}},{"type":"Feature","geometry":{"type":"Point","coordinates":[135.6205499,34.8048701]},"properties":{"z":5.7}},{"type":"Feature","geometry":{"type":"Point","coordinates":[135.6205223,34.8048313]},"properties":{"z":5.7}},{"type":"Feature","geometry":{"type":"Point","coordinates":[135.6204947,34.8047925]},"properties":{"z":5.7}},{"type":"Feature","geometry":{"type":"Point","coordinates":[135.6204668,34.8047538]},"properties":{"z":5.7}},{"type":"Feature","geometry":{"type":"Point","coordinates":[135.6204389,34.8047151]},"properties":{"z":5.7}},{"type":"Feature","geometry":{"type":"Point","coordinates":[135.6204114,34.8046762]},"properties":{"z":5.6}},{"type":"Feature","geometry":{"type":"Point","coordinates":[135.6203842,34.8046372]},"properties":{"z":5.7}},{"type":"Feature","geometry":{"type":"Point","coordinates":[135.620357,34.8045982]},"properties":{"z":5.7}},{"type":"Feature","geometry":{"type":"Point","coordinates":[135.6203306,34.8045588]},"properties":{"z":5.7}},{"type":"Feature","geometry":{"type":"Point","coordinates":[135.6203043,34.8045194]},"properties":{"z":5.7}},{"type":"Feature","geometry":{"type":"Point","coordinates":[135.6202787,34.8044797]},"properties":{"z":5.9}},{"type":"Feature","geometry":{"type":"Point","coordinates":[135.6202549,34.8044392]},"properties":{"z":5.9}},{"type":"Feature","geometry":{"type":"Point","coordinates":[135.6202311,34.8043987]},"properties":{"z":5.9}},{"type":"Feature","geometry":{"type":"Point","coordinates":[135.6202062,34.8043587]},"properties":{"z":6.1}},{"type":"Feature","geometry":{"type":"Point","coordinates":[135.6201806,34.804319]},"properties":{"z":6.1}},{"type":"Feature","geometry":{"type":"Point","coordinates":[135.620155,34.8042792]},"properties":{"z":6.1}},{"type":"Feature","geometry":{"type":"Point","coordinates":[135.6201336,34.8042378]},"properties":{"z":6.1}},{"type":"Feature","geometry":{"type":"Point","coordinates":[135.6201122,34.8041965]},"properties":{"z":6.2}},{"type":"Feature","geometry":{"type":"Point","coordinates":[135.6200906,34.8041551]},"properties":{"z":6.2}},{"type":"Feature","geometry":{"type":"Point","coordinates":[135.6200688,34.8041139]},"properties":{"z":6.2}},{"type":"Feature","geometry":{"type":"Point","coordinates":[135.620047,34.8040727]},"properties":{"z":6.1}},{"type":"Feature","geometry":{"type":"Point","coordinates":[135.6200277,34.8040307]},"properties":{"z":5.9}},{"type":"Feature","geometry":{"type":"Point","coordinates":[135.6200093,34.8039883]},"properties":{"z":5.8}},{"type":"Feature","geometry":{"type":"Point","coordinates":[135.619991,34.8039459]},"properties":{"z":5.8}},{"type":"Feature","geometry":{"type":"Point","coordinates":[135.6199818,34.8039017]},"properties":{"z":5.8}},{"type":"Feature","geometry":{"type":"Point","coordinates":[135.6199729,34.8038573]},"properties":{"z":5.7}},{"type":"Feature","geometry":{"type":"Point","coordinates":[135.6199658,34.8038128]},"properties":{"z":5.7}},{"type":"Feature","geometry":{"type":"Point","coordinates":[135.6199614,34.803768]},"properties":{"z":5.6}},{"type":"Feature","geometry":{"type":"Point","coordinates":[135.6199569,34.8037232]},"properties":{"z":5.4}},{"type":"Feature","geometry":{"type":"Point","coordinates":[135.619942,34.80368]},"properties":{"z":5.3}},{"type":"Feature","geometry":{"type":"Point","coordinates":[135.6199253,34.8036372]},"properties":{"z":5.2}},{"type":"Feature","geometry":{"type":"Point","coordinates":[135.6199097,34.8035942]},"properties":{"z":5.2}},{"type":"Feature","geometry":{"type":"Point","coordinates":[135.6198968,34.8035505]},"properties":{"z":5.1}},{"type":"Feature","geometry":{"type":"Point","coordinates":[135.6198839,34.8035068]},"properties":{"z":5.0}},{"type":"Feature","geometry":{"type":"Point","coordinates":[135.6198726,34.8034628]},"properties":{"z":5.0}},{"type":"Feature","geometry":{"type":"Point","coordinates":[135.6198614,34.8034188]},"properties":{"z":5.1}},{"type":"Feature","geometry":{"type":"Point","coordinates":[135.6198485,34.8033752]},"properties":{"z":5.1}},{"type":"Feature","geometry":{"type":"Point","coordinates":[135.619833,34.803332]},"properties":{"z":5.1}},{"type":"Feature","geometry":{"type":"Point","coordinates":[135.6198177,34.8032889]},"properties":{"z":5.1}},{"type":"Feature","geometry":{"type":"Point","coordinates":[135.6198043,34.8032453]},"properties":{"z":5.1}},{"type":"Feature","geometry":{"type":"Point","coordinates":[135.6197909,34.8032017]},"properties":{"z":5.2}},{"type":"Feature","geometry":{"type":"Point","coordinates":[135.6197789,34.8031579]},"properties":{"z":5.1}},{"type":"Feature","geometry":{"type":"Point","coordinates":[135.6197684,34.8031138]},"properties":{"z":5.1}},{"type":"Feature","geometry":{"type":"Point","coordinates":[135.6197579,34.8030696]},"properties":{"z":5.1}},{"type":"Feature","geometry":{"type":"Point","coordinates":[135.6197492,34.8030253]},"properties":{"z":5.1}},{"type":"Feature","geometry":{"type":"Point","coordinates":[135.6197408,34.8029808]},"properties":{"z":5.2}},{"type":"Feature","geometry":{"type":"Point","coordinates":[135.6197323,34.8029365]},"properties":{"z":5.2}},{"type":"Feature","geometry":{"type":"Point","coordinates":[135.6197205,34.8028926]},"properties":{"z":5.2}},{"type":"Feature","geometry":{"type":"Point","coordinates":[135.6197086,34.8028487]},"properties":{"z":5.2}},{"type":"Feature","geometry":{"type":"Point","coordinates":[135.6196969,34.8028048]},"properties":{"z":5.1}},{"type":"Feature","geometry":{"type":"Point","coordinates":[135.6196851,34.8027609]},"properties":{"z":5.1}},{"type":"Feature","geometry":{"type":"Point","coordinates":[135.6196734,34.802717]},"properties":{"z":5.2}},{"type":"Feature","geometry":{"type":"Point","coordinates":[135.6196639,34.8026727]},"properties":{"z":5.2}},{"type":"Feature","geometry":{"type":"Point","coordinates":[135.6196551,34.8026283]},"properties":{"z":5.2}},{"type":"Feature","geometry":{"type":"Point","coordinates":[135.6196459,34.802584]},"properties":{"z":5.2}},{"type":"Feature","geometry":{"type":"Point","coordinates":[135.6196345,34.8025401]},"properties":{"z":5.2}},{"type":"Feature","geometry":{"type":"Point","coordinates":[135.6196232,34.8024961]},"properties":{"z":5.2}},{"type":"Feature","geometry":{"type":"Point","coordinates":[135.6196119,34.8024521]},"properties":{"z":5.2}},{"type":"Feature","geometry":{"type":"Point","coordinates":[135.6196008,34.8024081]},"properties":{"z":5.2}},{"type":"Feature","geometry":{"type":"Point","coordinates":[135.6195897,34.802364]},"properties":{"z":5.2}},{"type":"Feature","geometry":{"type":"Point","coordinates":[135.6195794,34.8023199]},"properties":{"z":5.2}},{"type":"Feature","geometry":{"type":"Point","coordinates":[135.6195692,34.8022757]},"properties":{"z":5.2}},{"type":"Feature","geometry":{"type":"Point","coordinates":[135.6195581,34.8022317]},"properties":{"z":5.2}},{"type":"Feature","geometry":{"type":"Point","coordinates":[135.6195452,34.802188]},"properties":{"z":5.2}},{"type":"Feature","geometry":{"type":"Point","coordinates":[135.6195324,34.8021443]},"properties":{"z":5.2}},{"type":"Feature","geometry":{"type":"Point","coordinates":[135.6195221,34.8021002]},"properties":{"z":5.3}},{"type":"Feature","geometry":{"type":"Point","coordinates":[135.6195124,34.802056]},"properties":{"z":5.3}},{"type":"Feature","geometry":{"type":"Point","coordinates":[135.6195022,34.8020118]},"properties":{"z":5.2}},{"type":"Feature","geometry":{"type":"Point","coordinates":[135.6194907,34.8019678]},"properties":{"z":5.2}},{"type":"Feature","geometry":{"type":"Point","coordinates":[135.6194791,34.8019239]},"properties":{"z":5.2}},{"type":"Feature","geometry":{"type":"Point","coordinates":[135.6194679,34.8018799]},"properties":{"z":5.3}},{"type":"Feature","geometry":{"type":"Point","coordinates":[135.6194567,34.8018359]},"properties":{"z":5.3}},{"type":"Feature","geometry":{"type":"Point","coordinates":[135.6194442,34.8017922]},"properties":{"z":5.3}},{"type":"Feature","geometry":{"type":"Point","coordinates":[135.6194285,34.8017491]},"properties":{"z":5.3}},{"type":"Feature","geometry":{"type":"Point","coordinates":[135.6194128,34.8017061]},"properties":{"z":5.3}},{"type":"Feature","geometry":{"type":"Point","coordinates":[135.619401,34.8016622]},"properties":{"z":5.3}},{"type":"Feature","geometry":{"type":"Point","coordinates":[135.6193904,34.8016181]},"properties":{"z":5.3}},{"type":"Feature","geometry":{"type":"Point","coordinates":[135.6193793,34.8015741]},"properties":{"z":5.3}},{"type":"Feature","geometry":{"type":"Point","coordinates":[135.6193666,34.8015303]},"properties":{"z":5.3}},{"type":"Feature","geometry":{"type":"Point","coordinates":[135.619354,34.8014866]},"properties":{"z":5.2}},{"type":"Feature","geometry":{"type":"Point","coordinates":[135.6193418,34.8014428]},"properties":{"z":5.2}},{"type":"Feature","geometry":{"type":"Point","coordinates":[135.6193298,34.8013989]},"properties":{"z":5.2}},{"type":"Feature","geometry":{"type":"Point","coordinates":[135.6193181,34.801355]},"properties":{"z":5.2}},{"type":"Feature","geometry":{"type":"Point","coordinates":[135.619308,34.8013108]},"properties":{"z":5.2}},{"type":"Feature","geometry":{"type":"Point","coordinates":[135.619298,34.8012666]},"properties":{"z":5.2}},{"type":"Feature","geometry":{"type":"Point","coordinates":[135.6192838,34.8012233]},"properties":{"z":5.2}},{"type":"Feature","geometry":{"type":"Point","coordinates":[135.6192662,34.8011808]},"properties":{"z":5.2}},{"type":"Feature","geometry":{"type":"Point","coordinates":[135.6192487,34.8011382]},"properties":{"z":5.2}},{"type":"Feature","geometry":{"type":"Point","coordinates":[135.6192358,34.8010945]},"properties":{"z":5.2}},{"type":"Feature","geometry":{"type":"Point","coordinates":[135.6192229,34.8010508]},"properties":{"z":5.2}},{"type":"Feature","geometry":{"type":"Point","coordinates":[135.6192106,34.801007]},"properties":{"z":5.2}},{"type":"Feature","geometry":{"type":"Point","coordinates":[135.6191988,34.8009631]},"properties":{"z":5.3}},{"type":"Feature","geometry":{"type":"Point","coordinates":[135.6191871,34.8009192]},"properties":{"z":5.3}},{"type":"Feature","geometry":{"type":"Point","coordinates":[135.6191784,34.8008748]},"properties":{"z":5.2}},{"type":"Feature","geometry":{"type":"Point","coordinates":[135.6191698,34.8008304]},"properties":{"z":5.2}},{"type":"Feature","geometry":{"type":"Point","coordinates":[135.6191581,34.8007866]},"properties":{"z":5.2}},{"type":"Feature","geometry":{"type":"Point","coordinates":[135.6191435,34.8007433]},"properties":{"z":5.2}},{"type":"Feature","geometry":{"type":"Point","coordinates":[135.6191295,34.8006998]},"properties":{"z":5.2}},{"type":"Feature","geometry":{"type":"Point","coordinates":[135.6191229,34.8006552]},"properties":{"z":5.2}},{"type":"Feature","geometry":{"type":"Point","coordinates":[135.6191163,34.8006106]},"properties":{"z":5.2}},{"type":"Feature","geometry":{"type":"Point","coordinates":[135.6191126,34.8005658]},"properties":{"z":5.2}},{"type":"Feature","geometry":{"type":"Point","coordinates":[135.619111,34.8005209]},"properties":{"z":5.2}},{"type":"Feature","geometry":{"type":"Point","coordinates":[135.6191089,34.800476]},"properties":{"z":5.2}},{"type":"Feature","geometry":{"type":"Point","coordinates":[135.6190988,34.8004318]},"properties":{"z":5.2}},{"type":"Feature","geometry":{"type":"Point","coordinates":[135.6190887,34.8003876]},"properties":{"z":5.2}},{"type":"Feature","geometry":{"type":"Point","coordinates":[135.6190777,34.8003436]},"properties":{"z":5.2}},{"type":"Feature","geometry":{"type":"Point","coordinates":[135.6190659,34.8002997]},"properties":{"z":5.1}},{"type":"Feature","geometry":{"type":"Point","coordinates":[135.6190541,34.8002558]},"properties":{"z":5.1}},{"type":"Feature","geometry":{"type":"Point","coordinates":[135.6190411,34.8002121]},"properties":{"z":5.1}},{"type":"Feature","geometry":{"type":"Point","coordinates":[135.6190281,34.8001685]},"properties":{"z":5.1}},{"type":"Feature","geometry":{"type":"Point","coordinates":[135.6190148,34.8001249]},"properties":{"z":5.1}},{"type":"Feature","geometry":{"type":"Point","coordinates":[135.619001,34.8000814]},"properties":{"z":5.1}},{"type":"Feature","geometry":{"type":"Point","coordinates":[135.6189872,34.8000378]},"properties":{"z":5.1}},{"type":"Feature","geometry":{"type":"Point","coordinates":[135.6189729,34.7999945]},"properties":{"z":5.1}},{"type":"Feature","geometry":{"type":"Point","coordinates":[135.6189586,34.7999511]},"properties":{"z":5.1}},{"type":"Feature","geometry":{"type":"Point","coordinates":[135.6189433,34.7999079]},"properties":{"z":5.1}},{"type":"Feature","geometry":{"type":"Point","coordinates":[135.6189271,34.799865]},"properties":{"z":5.1}},{"type":"Feature","geometry":{"type":"Point","coordinates":[135.6189112,34.799822]},"properties":{"z":5.1}},{"type":"Feature","geometry":{"type":"Point","coordinates":[135.6188965,34.7997787]},"properties":{"z":5.1}},{"type":"Feature","geometry":{"type":"Point","coordinates":[135.6188818,34.7997354]},"properties":{"z":5.1}},{"type":"Feature","geometry":{"type":"Point","coordinates":[135.6188674,34.799692]},"properties":{"z":5.1}},{"type":"Feature","geometry":{"type":"Point","coordinates":[135.618853,34.7996486]},"properties":{"z":5.1}},{"type":"Feature","geometry":{"type":"Point","coordinates":[135.6188378,34.7996055]},"properties":{"z":5.1}},{"type":"Feature","geometry":{"type":"Point","coordinates":[135.6188197,34.799563]},"properties":{"z":5.1}},{"type":"Feature","geometry":{"type":"Point","coordinates":[135.6188017,34.7995206]},"properties":{"z":5.1}},{"type":"Feature","geometry":{"type":"Point","coordinates":[135.6187854,34.7994777]},"properties":{"z":5.1}},{"type":"Feature","geometry":{"type":"Point","coordinates":[135.6187706,34.7994344]},"properties":{"z":5.1}},{"type":"Feature","geometry":{"type":"Point","coordinates":[135.6187558,34.7993911]},"properties":{"z":5.1}},{"type":"Feature","geometry":{"type":"Point","coordinates":[135.6187404,34.799348]},"properties":{"z":5.1}},{"type":"Feature","geometry":{"type":"Point","coordinates":[135.6187249,34.7993049]},"properties":{"z":5.1}},{"type":"Feature","geometry":{"type":"Point","coordinates":[135.6187082,34.7992621]},"properties":{"z":5.1}},{"type":"Feature","geometry":{"type":"Point","coordinates":[135.6186878,34.7992204]},"properties":{"z":5.1}},{"type":"Feature","geometry":{"type":"Point","coordinates":[135.6186673,34.7991787]},"properties":{"z":5.0}},{"type":"Feature","geometry":{"type":"Point","coordinates":[135.6186479,34.7991367]},"properties":{"z":5.0}},{"type":"Feature","geometry":{"type":"Point","coordinates":[135.6186289,34.7990946]},"properties":{"z":5.0}},{"type":"Feature","geometry":{"type":"Point","coordinates":[135.6186099,34.7990524]},"properties":{"z":5.0}},{"type":"Feature","geometry":{"type":"Point","coordinates":[135.6185905,34.7990103]},"properties":{"z":5.0}},{"type":"Feature","geometry":{"type":"Point","coordinates":[135.6185711,34.7989683]},"properties":{"z":5.0}},{"type":"Feature","geometry":{"type":"Point","coordinates":[135.6185513,34.7989264]},"properties":{"z":5.0}},{"type":"Feature","geometry":{"type":"Point","coordinates":[135.6185303,34.7988849]},"properties":{"z":5.0}},{"type":"Feature","geometry":{"type":"Point","coordinates":[135.6185093,34.7988434]},"properties":{"z":5.0}},{"type":"Feature","geometry":{"type":"Point","coordinates":[135.618488,34.798802]},"properties":{"z":5.1}},{"type":"Feature","geometry":{"type":"Point","coordinates":[135.6184667,34.7987606]},"properties":{"z":5.1}},{"type":"Feature","geometry":{"type":"Point","coordinates":[135.6184453,34.7987192]},"properties":{"z":5.1}},{"type":"Feature","geometry":{"type":"Point","coordinates":[135.6184242,34.7986777]},"properties":{"z":5.1}},{"type":"Feature","geometry":{"type":"Point","coordinates":[135.6184031,34.7986362]},"properties":{"z":5.2}},{"type":"Feature","geometry":{"type":"Point","coordinates":[135.6183813,34.798595]},"properties":{"z":5.2}},{"type":"Feature","geometry":{"type":"Point","coordinates":[135.6183584,34.7985542]},"properties":{"z":5.2}},{"type":"Feature","geometry":{"type":"Point","coordinates":[135.6183355,34.7985134]},"properties":{"z":5.2}},{"type":"Feature","geometry":{"type":"Point","coordinates":[135.6183098,34.7984737]},"properties":{"z":5.2}},{"type":"Feature","geometry":{"type":"Point","coordinates":[135.6182837,34.7984342]},"properties":{"z":5.3}},{"type":"Feature","geometry":{"type":"Point","coordinates":[135.618257,34.7983949]},"properties":{"z":5.3}},{"type":"Feature","geometry":{"type":"Point","coordinates":[135.6182289,34.7983563]},"properties":{"z":5.3}},{"type":"Feature","geometry":{"type":"Point","coordinates":[135.6182008,34.7983178]},"properties":{"z":5.3}},{"type":"Feature","geometry":{"type":"Point","coordinates":[135.6181768,34.7982774]},"properties":{"z":5.4}},{"type":"Feature","geometry":{"type":"Point","coordinates":[135.6181538,34.7982366]},"properties":{"z":5.4}},{"type":"Feature","geometry":{"type":"Point","coordinates":[135.6181317,34.7981955]},"properties":{"z":5.4}},{"type":"Feature","geometry":{"type":"Point","coordinates":[135.6181115,34.7981537]},"properties":{"z":5.4}},{"type":"Feature","geometry":{"type":"Point","coordinates":[135.6180913,34.798112]},"properties":{"z":5.4}},{"type":"Feature","geometry":{"type":"Point","coordinates":[135.6180745,34.7980692]},"properties":{"z":5.5}},{"type":"Feature","geometry":{"type":"Point","coordinates":[135.6180592,34.7980261]},"properties":{"z":5.5}},{"type":"Feature","geometry":{"type":"Point","coordinates":[135.6180435,34.797983]},"properties":{"z":5.5}},{"type":"Feature","geometry":{"type":"Point","coordinates":[135.6180231,34.7979413]},"properties":{"z":5.5}},{"type":"Feature","geometry":{"type":"Point","coordinates":[135.6180027,34.7978996]},"properties":{"z":5.5}},{"type":"Feature","geometry":{"type":"Point","coordinates":[135.6179759,34.7978608]},"properties":{"z":5.6}},{"type":"Feature","geometry":{"type":"Point","coordinates":[135.6179429,34.797825]},"properties":{"z":5.6}},{"type":"Feature","geometry":{"type":"Point","coordinates":[135.6179099,34.7977891]},"properties":{"z":5.6}},{"type":"Feature","geometry":{"type":"Point","coordinates":[135.6178728,34.7977561]},"properties":{"z":5.7}},{"type":"Feature","geometry":{"type":"Point","coordinates":[135.6178354,34.7977233]},"properties":{"z":5.7}},{"type":"Feature","geometry":{"type":"Point","coordinates":[135.6177995,34.7976894]},"properties":{"z":5.7}},{"type":"Feature","geometry":{"type":"Point","coordinates":[135.617767,34.7976533]},"properties":{"z":5.7}},{"type":"Feature","geometry":{"type":"Point","coordinates":[135.6177344,34.7976171]},"properties":{"z":5.7}},{"type":"Feature","geometry":{"type":"Point","coordinates":[135.6177075,34.797578]},"properties":{"z":5.8}},{"type":"Feature","geometry":{"type":"Point","coordinates":[135.6176819,34.7975383]},"properties":{"z":5.8}},{"type":"Feature","geometry":{"type":"Point","coordinates":[135.6176564,34.7974985]},"properties":{"z":5.8}},{"type":"Feature","geometry":{"type":"Point","coordinates":[135.6176314,34.7974586]},"properties":{"z":5.8}},{"type":"Feature","geometry":{"type":"Point","coordinates":[135.6176064,34.7974186]},"properties":{"z":5.9}},{"type":"Feature","geometry":{"type":"Point","coordinates":[135.6175816,34.7973785]},"properties":{"z":5.9}},{"type":"Feature","geometry":{"type":"Point","coordinates":[135.617557,34.7973383]},"properties":{"z":5.9}},{"type":"Feature","geometry":{"type":"Point","coordinates":[135.6175326,34.7972981]},"properties":{"z":5.9}},{"type":"Feature","geometry":{"type":"Point","coordinates":[135.6175091,34.7972575]},"properties":{"z":5.9}},{"type":"Feature","geometry":{"type":"Point","coordinates":[135.6174856,34.7972169]},"properties":{"z":6.0}},{"type":"Feature","geometry":{"type":"Point","coordinates":[135.6174603,34.7971771]},"properties":{"z":6.0}},{"type":"Feature","geometry":{"type":"Point","coordinates":[135.6174335,34.7971379]},"properties":{"z":6.0}},{"type":"Feature","geometry":{"type":"Point","coordinates":[135.6174066,34.7970987]},"properties":{"z":6.0}},{"type":"Feature","geometry":{"type":"Point","coordinates":[135.6173828,34.7970582]},"properties":{"z":6.0}},{"type":"Feature","geometry":{"type":"Point","coordinates":[135.6173593,34.7970177]},"properties":{"z":6.1}},{"type":"Feature","geometry":{"type":"Point","coordinates":[135.6173358,34.796977]},"properties":{"z":6.1}},{"type":"Feature","geometry":{"type":"Point","coordinates":[135.6173126,34.7969364]},"properties":{"z":6.1}},{"type":"Feature","geometry":{"type":"Point","coordinates":[135.6172893,34.7968957]},"properties":{"z":6.1}},{"type":"Feature","geometry":{"type":"Point","coordinates":[135.6172658,34.7968551]},"properties":{"z":6.2}},{"type":"Feature","geometry":{"type":"Point","coordinates":[135.6172422,34.7968145]},"properties":{"z":6.2}},{"type":"Feature","geometry":{"type":"Point","coordinates":[135.6172195,34.7967736]},"properties":{"z":6.2}},{"type":"Feature","geometry":{"type":"Point","coordinates":[135.6171981,34.7967322]},"properties":{"z":6.2}},{"type":"Feature","geometry":{"type":"Point","coordinates":[135.6171766,34.7966909]},"properties":{"z":6.2}},{"type":"Feature","geometry":{"type":"Point","coordinates":[135.6171585,34.7966485]},"properties":{"z":6.3}},{"type":"Feature","geometry":{"type":"Point","coordinates":[135.617141,34.7966059]},"properties":{"z":6.3}},{"type":"Feature","geometry":{"type":"Point","coordinates":[135.6171225,34.7965636]},"properties":{"z":6.3}},{"type":"Feature","geometry":{"type":"Point","coordinates":[135.6171012,34.7965222]},"properties":{"z":6.3}},{"type":"Feature","geometry":{"type":"Point","coordinates":[135.6170799,34.7964808]},"properties":{"z":6.3}},{"type":"Feature","geometry":{"type":"Point","coordinates":[135.6170609,34.7964387]},"properties":{"z":6.4}},{"type":"Feature","geometry":{"type":"Point","coordinates":[135.6170431,34.7963962]},"properties":{"z":6.4}},{"type":"Feature","geometry":{"type":"Point","coordinates":[135.617025,34.7963537]},"properties":{"z":6.4}},{"type":"Feature","geometry":{"type":"Point","coordinates":[135.6170055,34.7963117]},"properties":{"z":6.5}},{"type":"Feature","geometry":{"type":"Point","coordinates":[135.616986,34.7962697]},"properties":{"z":6.5}},{"type":"Feature","geometry":{"type":"Point","coordinates":[135.61697,34.7962268]},"properties":{"z":6.5}},{"type":"Feature","geometry":{"type":"Point","coordinates":[135.6169565,34.7961832]},"properties":{"z":6.5}},{"type":"Feature","geometry":{"type":"Point","coordinates":[135.6169431,34.7961397]},"properties":{"z":6.5}},{"type":"Feature","geometry":{"type":"Point","coordinates":[135.6169234,34.7960978]},"properties":{"z":6.6}},{"type":"Feature","geometry":{"type":"Point","coordinates":[135.6169031,34.796056]},"properties":{"z":6.6}},{"type":"Feature","geometry":{"type":"Point","coordinates":[135.6168841,34.7960139]},"properties":{"z":6.6}},{"type":"Feature","geometry":{"type":"Point","coordinates":[135.6168671,34.7959712]},"properties":{"z":6.6}},{"type":"Feature","geometry":{"type":"Point","coordinates":[135.6168501,34.7959284]},"properties":{"z":6.6}},{"type":"Feature","geometry":{"type":"Point","coordinates":[135.616834,34.7958855]},"properties":{"z":6.7}},{"type":"Feature","geometry":{"type":"Point","coordinates":[135.6168182,34.7958424]},"properties":{"z":6.7}},{"type":"Feature","geometry":{"type":"Point","coordinates":[135.6168014,34.7957997]},"properties":{"z":6.7}},{"type":"Feature","geometry":{"type":"Point","coordinates":[135.6167812,34.7957579]},"properties":{"z":6.7}},{"type":"Feature","geometry":{"type":"Point","coordinates":[135.616761,34.7957161]},"properties":{"z":6.7}},{"type":"Feature","geometry":{"type":"Point","coordinates":[135.6167448,34.7956732]},"properties":{"z":6.8}},{"type":"Feature","geometry":{"type":"Point","coordinates":[135.6167306,34.7956298]},"properties":{"z":6.8}},{"type":"Feature","geometry":{"type":"Point","coordinates":[135.6167162,34.7955865]},"properties":{"z":6.8}},{"type":"Feature","geometry":{"type":"Point","coordinates":[135.6166991,34.7955438]},"properties":{"z":6.8}},{"type":"Feature","geometry":{"type":"Point","coordinates":[135.616682,34.7955011]},"properties":{"z":6.9}},{"type":"Feature","geometry":{"type":"Point","coordinates":[135.6166654,34.7954582]},"properties":{"z":6.9}},{"type":"Feature","geometry":{"type":"Point","coordinates":[135.6166493,34.7954153]},"properties":{"z":6.9}},{"type":"Feature","geometry":{"type":"Point","coordinates":[135.6166333,34.7953723]},"properties":{"z":6.9}},{"type":"Feature","geometry":{"type":"Point","coordinates":[135.6166177,34.7953292]},"properties":{"z":6.9}},{"type":"Feature","geometry":{"type":"Point","coordinates":[135.6166022,34.7952861]},"properties":{"z":6.9}},{"type":"Feature","geometry":{"type":"Point","coordinates":[135.6165863,34.7952431]},"properties":{"z":7.0}},{"type":"Feature","geometry":{"type":"Point","coordinates":[135.6165686,34.7952005]},"properties":{"z":7.0}},{"type":"Feature","geometry":{"type":"Point","coordinates":[135.616551,34.7951579]},"properties":{"z":7.0}},{"type":"Feature","geometry":{"type":"Point","coordinates":[135.6165343,34.7951152]},"properties":{"z":7.0}},{"type":"Feature","geometry":{"type":"Point","coordinates":[135.6165181,34.7950722]},"properties":{"z":7.1}},{"type":"Feature","geometry":{"type":"Point","coordinates":[135.6165018,34.7950293]},"properties":{"z":7.1}},{"type":"Feature","geometry":{"type":"Point","coordinates":[135.6164849,34.7949866]},"properties":{"z":7.1}},{"type":"Feature","geometry":{"type":"Point","coordinates":[135.6164679,34.7949438]},"properties":{"z":7.1}},{"type":"Feature","geometry":{"type":"Point","coordinates":[135.6164521,34.7949008]},"properties":{"z":7.1}},{"type":"Feature","geometry":{"type":"Point","coordinates":[135.6164379,34.7948574]},"properties":{"z":7.1}},{"type":"Feature","geometry":{"type":"Point","coordinates":[135.6164237,34.794814]},"properties":{"z":7.2}},{"type":"Feature","geometry":{"type":"Point","coordinates":[135.6164094,34.7947706]},"properties":{"z":7.2}},{"type":"Feature","geometry":{"type":"Point","coordinates":[135.6163949,34.7947272]},"properties":{"z":7.2}},{"type":"Feature","geometry":{"type":"Point","coordinates":[135.61638,34.794684]},"properties":{"z":7.3}},{"type":"Feature","geometry":{"type":"Point","coordinates":[135.6163598,34.7946422]},"properties":{"z":7.3}},{"type":"Feature","geometry":{"type":"Point","coordinates":[135.6163395,34.7946005]},"properties":{"z":7.3}},{"type":"Feature","geometry":{"type":"Point","coordinates":[135.6163217,34.794558]},"properties":{"z":7.3}},{"type":"Feature","geometry":{"type":"Point","coordinates":[135.6163066,34.7945148]},"properties":{"z":7.3}},{"type":"Feature","geometry":{"type":"Point","coordinates":[135.6162915,34.7944716]},"properties":{"z":7.3}},{"type":"Feature","geometry":{"type":"Point","coordinates":[135.6162752,34.7944287]},"properties":{"z":7.3}},{"type":"Feature","geometry":{"type":"Point","coordinates":[135.6162586,34.7943859]},"properties":{"z":7.4}},{"type":"Feature","geometry":{"type":"Point","coordinates":[135.6162423,34.794343]},"properties":{"z":7.4}},{"type":"Feature","geometry":{"type":"Point","coordinates":[135.6162271,34.7942998]},"properties":{"z":7.4}},{"type":"Feature","geometry":{"type":"Point","coordinates":[135.6162119,34.7942566]},"properties":{"z":7.5}},{"type":"Feature","geometry":{"type":"Point","coordinates":[135.616197,34.7942133]},"properties":{"z":7.5}},{"type":"Feature","geometry":{"type":"Point","coordinates":[135.6161823,34.79417]},"properties":{"z":7.5}},{"type":"Feature","geometry":{"type":"Point","coordinates":[135.6161676,34.7941267]},"properties":{"z":7.5}},{"type":"Feature","geometry":{"type":"Point","coordinates":[135.6161499,34.7940842]},"properties":{"z":7.5}},{"type":"Feature","geometry":{"type":"Point","coordinates":[135.6161317,34.7940418]},"properties":{"z":7.5}},{"type":"Feature","geometry":{"type":"Point","coordinates":[135.616114,34.7939993]},"properties":{"z":7.5}},{"type":"Feature","geometry":{"type":"Point","coordinates":[135.6160982,34.7939562]},"properties":{"z":7.5}},{"type":"Feature","geometry":{"type":"Point","coordinates":[135.6160824,34.7939132]},"properties":{"z":7.5}},{"type":"Feature","geometry":{"type":"Point","coordinates":[135.6160665,34.7938702]},"properties":{"z":7.5}},{"type":"Feature","geometry":{"type":"Point","coordinates":[135.6160505,34.7938272]},"properties":{"z":7.5}},{"type":"Feature","geometry":{"type":"Point","coordinates":[135.6160345,34.7937842]},"properties":{"z":7.4}},{"type":"Feature","geometry":{"type":"Point","coordinates":[135.6160181,34.7937413]},"properties":{"z":7.4}},{"type":"Feature","geometry":{"type":"Point","coordinates":[135.6160017,34.7936984]},"properties":{"z":7.5}},{"type":"Feature","geometry":{"type":"Point","coordinates":[135.6159858,34.7936554]},"properties":{"z":7.5}},{"type":"Feature","geometry":{"type":"Point","coordinates":[135.6159708,34.7936122]},"properties":{"z":7.5}},{"type":"Feature","geometry":{"type":"Point","coordinates":[135.6159558,34.793569]},"properties":{"z":7.4}},{"type":"Feature","geometry":{"type":"Point","coordinates":[135.6159404,34.7935258]},"properties":{"z":7.4}},{"type":"Feature","geometry":{"type":"Point","coordinates":[135.615925,34.7934827]},"properties":{"z":7.4}},{"type":"Feature","geometry":{"type":"Point","coordinates":[135.6159095,34.7934396]},"properties":{"z":7.4}},{"type":"Feature","geometry":{"type":"Point","coordinates":[135.6158945,34.7933964]},"properties":{"z":7.4}},{"type":"Feature","geometry":{"type":"Point","coordinates":[135.6158795,34.7933531]},"properties":{"z":7.4}},{"type":"Feature","geometry":{"type":"Point","coordinates":[135.6158639,34.79331]},"properties":{"z":7.4}},{"type":"Feature","geometry":{"type":"Point","coordinates":[135.6158464,34.7932674]},"properties":{"z":7.4}},{"type":"Feature","geometry":{"type":"Point","coordinates":[135.6158289,34.7932249]},"properties":{"z":7.4}},{"type":"Feature","geometry":{"type":"Point","coordinates":[135.6158138,34.7931817]},"properties":{"z":7.4}},{"type":"Feature","geometry":{"type":"Point","coordinates":[135.6158004,34.7931381]},"properties":{"z":7.4}},{"type":"Feature","geometry":{"type":"Point","coordinates":[135.6157869,34.7930945]},"properties":{"z":7.4}},{"type":"Feature","geometry":{"type":"Point","coordinates":[135.615772,34.7930513]},"properties":{"z":7.4}},{"type":"Feature","geometry":{"type":"Point","coordinates":[135.6157568,34.7930081]},"properties":{"z":7.4}},{"type":"Feature","geometry":{"type":"Point","coordinates":[135.6157414,34.792965]},"properties":{"z":7.4}},{"type":"Feature","geometry":{"type":"Point","coordinates":[135.6157253,34.792922]},"properties":{"z":7.4}},{"type":"Feature","geometry":{"type":"Point","coordinates":[135.6157091,34.7928791]},"properties":{"z":7.4}},{"type":"Feature","geometry":{"type":"Point","coordinates":[135.6156924,34.7928363]},"properties":{"z":7.4}},{"type":"Feature","geometry":{"type":"Point","coordinates":[135.6156752,34.7927936]},"properties":{"z":7.4}},{"type":"Feature","geometry":{"type":"Point","coordinates":[135.615658,34.7927509]},"properties":{"z":7.4}},{"type":"Feature","geometry":{"type":"Point","coordinates":[135.6156364,34.7927096]},"properties":{"z":7.4}},{"type":"Feature","geometry":{"type":"Point","coordinates":[135.6156142,34.7926686]},"properties":{"z":7.4}},{"type":"Feature","geometry":{"type":"Point","coordinates":[135.6155921,34.7926274]},"properties":{"z":7.4}},{"type":"Feature","geometry":{"type":"Point","coordinates":[135.6155704,34.7925861]},"properties":{"z":7.4}},{"type":"Feature","geometry":{"type":"Point","coordinates":[135.6155488,34.7925449]},"properties":{"z":7.4}},{"type":"Feature","geometry":{"type":"Point","coordinates":[135.6155186,34.7925074]},"properties":{"z":7.4}},{"type":"Feature","geometry":{"type":"Point","coordinates":[135.6154874,34.7924705]},"properties":{"z":7.4}},{"type":"Feature","geometry":{"type":"Point","coordinates":[135.615468,34.7924293]},"properties":{"z":7.3}},{"type":"Feature","geometry":{"type":"Point","coordinates":[135.6154564,34.7923854]},"properties":{"z":7.3}},{"type":"Feature","geometry":{"type":"Point","coordinates":[135.6154414,34.7923423]},"properties":{"z":7.3}},{"type":"Feature","geometry":{"type":"Point","coordinates":[135.6154211,34.7923006]},"properties":{"z":7.3}},{"type":"Feature","geometry":{"type":"Point","coordinates":[135.615401,34.7922588]},"properties":{"z":7.3}},{"type":"Feature","geometry":{"type":"Point","coordinates":[135.6153814,34.7922168]},"properties":{"z":7.3}},{"type":"Feature","geometry":{"type":"Point","coordinates":[135.6153555,34.7921798]},"properties":{"z":7.3}},{"type":"Feature","geometry":{"type":"Point","coordinates":[135.6153053,34.792162]},"properties":{"z":7.3}},{"type":"Feature","geometry":{"type":"Point","coordinates":[135.615255,34.7921441]},"properties":{"z":7.3}},{"type":"Feature","geometry":{"type":"Point","coordinates":[135.6152795,34.7921049]},"properties":{"z":7.3}},{"type":"Feature","geometry":{"type":"Point","coordinates":[135.6153054,34.7920653]},"properties":{"z":7.3}},{"type":"Feature","geometry":{"type":"Point","coordinates":[135.6153059,34.7920242]},"properties":{"z":7.2}},{"type":"Feature","geometry":{"type":"Point","coordinates":[135.6152871,34.791982]},"properties":{"z":7.2}},{"type":"Feature","geometry":{"type":"Point","coordinates":[135.6152703,34.7919394]},"properties":{"z":7.2}},{"type":"Feature","geometry":{"type":"Point","coordinates":[135.615261,34.7918951]},"properties":{"z":7.2}},{"type":"Feature","geometry":{"type":"Point","coordinates":[135.6152516,34.7918508]},"properties":{"z":7.2}},{"type":"Feature","geometry":{"type":"Point","coordinates":[135.6152409,34.7918067]},"properties":{"z":7.2}},{"type":"Feature","geometry":{"type":"Point","coordinates":[135.6152297,34.7917627]},"properties":{"z":7.2}},{"type":"Feature","geometry":{"type":"Point","coordinates":[135.6152182,34.7917188]},"properties":{"z":7.2}},{"type":"Feature","geometry":{"type":"Point","coordinates":[135.6152061,34.7916749]},"properties":{"z":7.2}},{"type":"Feature","geometry":{"type":"Point","coordinates":[135.6151941,34.7916311]},"properties":{"z":7.1}},{"type":"Feature","geometry":{"type":"Point","coordinates":[135.6151854,34.7915867]},"properties":{"z":7.1}},{"type":"Feature","geometry":{"type":"Point","coordinates":[135.615178,34.7915422]},"properties":{"z":7.1}},{"type":"Feature","geometry":{"type":"Point","coordinates":[135.6151706,34.7914976]},"properties":{"z":7.1}},{"type":"Feature","geometry":{"type":"Point","coordinates":[135.6151636,34.791453]},"properties":{"z":7.1}},{"type":"Feature","geometry":{"type":"Point","coordinates":[135.6151567,34.7914085]},"properties":{"z":7.1}},{"type":"Feature","geometry":{"type":"Point","coordinates":[135.6151503,34.7913638]},"properties":{"z":7.1}},{"type":"Feature","geometry":{"type":"Point","coordinates":[135.6151453,34.7913191]},"properties":{"z":7.0}},{"type":"Feature","geometry":{"type":"Point","coordinates":[135.6151402,34.7912743]},"properties":{"z":7.0}},{"type":"Feature","geometry":{"type":"Point","coordinates":[135.6151365,34.7912295]},"properties":{"z":7.0}},{"type":"Feature","geometry":{"type":"Point","coordinates":[135.6151344,34.7911845]},"properties":{"z":7.0}},{"type":"Feature","geometry":{"type":"Point","coordinates":[135.6151323,34.7911396]},"properties":{"z":7.0}},{"type":"Feature","geometry":{"type":"Point","coordinates":[135.6151303,34.7910947]},"properties":{"z":7.0}},{"type":"Feature","geometry":{"type":"Point","coordinates":[135.6151284,34.7910498]},"properties":{"z":7.0}},{"type":"Feature","geometry":{"type":"Point","coordinates":[135.6151264,34.7910049]},"properties":{"z":7.0}},{"type":"Feature","geometry":{"type":"Point","coordinates":[135.6151246,34.7909599]},"properties":{"z":6.9}},{"type":"Feature","geometry":{"type":"Point","coordinates":[135.6151227,34.790915]},"properties":{"z":6.9}},{"type":"Feature","geometry":{"type":"Point","coordinates":[135.6151209,34.7908701]},"properties":{"z":6.9}},{"type":"Feature","geometry":{"type":"Point","coordinates":[135.6151162,34.7908253]},"properties":{"z":6.9}},{"type":"Feature","geometry":{"type":"Point","coordinates":[135.6151108,34.7907806]},"properties":{"z":6.9}},{"type":"Feature","geometry":{"type":"Point","coordinates":[135.6151054,34.7907358]},"properties":{"z":6.9}},{"type":"Feature","geometry":{"type":"Point","coordinates":[135.6151037,34.7906909]},"properties":{"z":6.9}},{"type":"Feature","geometry":{"type":"Point","coordinates":[135.6151025,34.790646]},"properties":{"z":6.8}},{"type":"Feature","geometry":{"type":"Point","coordinates":[135.6151042,34.7906011]},"properties":{"z":6.8}},{"type":"Feature","geometry":{"type":"Point","coordinates":[135.6151067,34.7905562]},"properties":{"z":6.8}},{"type":"Feature","geometry":{"type":"Point","coordinates":[135.6151061,34.7905112]},"properties":{"z":6.8}},{"type":"Feature","geometry":{"type":"Point","coordinates":[135.6151042,34.7904663]},"properties":{"z":6.8}},{"type":"Feature","geometry":{"type":"Point","coordinates":[135.6151023,34.7904214]},"properties":{"z":6.8}},{"type":"Feature","geometry":{"type":"Point","coordinates":[135.6151004,34.7903765]},"properties":{"z":6.8}},{"type":"Feature","geometry":{"type":"Point","coordinates":[135.6150989,34.7903315]},"properties":{"z":6.7}},{"type":"Feature","geometry":{"type":"Point","coordinates":[135.6150984,34.7902866]},"properties":{"z":6.7}},{"type":"Feature","geometry":{"type":"Point","coordinates":[135.6150977,34.7902416]},"properties":{"z":6.7}},{"type":"Feature","geometry":{"type":"Point","coordinates":[135.6150948,34.7901968]},"properties":{"z":6.7}},{"type":"Feature","geometry":{"type":"Point","coordinates":[135.6150918,34.7901519]},"properties":{"z":6.7}},{"type":"Feature","geometry":{"type":"Point","coordinates":[135.6150861,34.7901072]},"properties":{"z":6.7}},{"type":"Feature","geometry":{"type":"Point","coordinates":[135.6150796,34.7900625]},"properties":{"z":6.7}},{"type":"Feature","geometry":{"type":"Point","coordinates":[135.6150755,34.7900177]},"properties":{"z":6.6}},{"type":"Feature","geometry":{"type":"Point","coordinates":[135.6150729,34.7899728]},"properties":{"z":6.6}},{"type":"Feature","geometry":{"type":"Point","coordinates":[135.6150702,34.7899279]},"properties":{"z":6.6}},{"type":"Feature","geometry":{"type":"Point","coordinates":[135.6150661,34.7898831]},"properties":{"z":6.6}},{"type":"Feature","geometry":{"type":"Point","coordinates":[135.6150612,34.7898384]},"properties":{"z":6.6}},{"type":"Feature","geometry":{"type":"Point","coordinates":[135.6150562,34.7897936]},"properties":{"z":6.6}},{"type":"Feature","geometry":{"type":"Point","coordinates":[135.6150561,34.7897487]},"properties":{"z":6.6}},{"type":"Feature","geometry":{"type":"Point","coordinates":[135.6150566,34.7897037]},"properties":{"z":6.6}},{"type":"Feature","geometry":{"type":"Point","coordinates":[135.6150567,34.7896588]},"properties":{"z":6.6}},{"type":"Feature","geometry":{"type":"Point","coordinates":[135.6150557,34.7896138]},"properties":{"z":6.5}},{"type":"Feature","geometry":{"type":"Point","coordinates":[135.6150548,34.7895689]},"properties":{"z":6.5}},{"type":"Feature","geometry":{"type":"Point","coordinates":[135.6150532,34.7895239]},"properties":{"z":6.5}},{"type":"Feature","geometry":{"type":"Point","coordinates":[135.6150513,34.789479]},"properties":{"z":6.5}},{"type":"Feature","geometry":{"type":"Point","coordinates":[135.6150494,34.7894341]},"properties":{"z":6.5}},{"type":"Feature","geometry":{"type":"Point","coordinates":[135.615047,34.7893892]},"properties":{"z":6.5}},{"type":"Feature","geometry":{"type":"Point","coordinates":[135.6150446,34.7893443]},"properties":{"z":6.4}},{"type":"Feature","geometry":{"type":"Point","coordinates":[135.6150423,34.7892994]},"properties":{"z":6.4}},{"type":"Feature","geometry":{"type":"Point","coordinates":[135.61504,34.7892545]},"properties":{"z":6.4}},{"type":"Feature","geometry":{"type":"Point","coordinates":[135.615038,34.7892095]},"properties":{"z":6.4}},{"type":"Feature","geometry":{"type":"Point","coordinates":[135.6150378,34.7891646]},"properties":{"z":6.4}},{"type":"Feature","geometry":{"type":"Point","coordinates":[135.6150376,34.7891196]},"properties":{"z":6.4}},{"type":"Feature","geometry":{"type":"Point","coordinates":[135.6150334,34.7890749]},"properties":{"z":6.4}},{"type":"Feature","geometry":{"type":"Point","coordinates":[135.6150265,34.7890303]},"properties":{"z":6.4}},{"type":"Feature","geometry":{"type":"Point","coordinates":[135.6150199,34.7889857]},"properties":{"z":6.3}},{"type":"Feature","geometry":{"type":"Point","coordinates":[135.6150167,34.7889408]},"properties":{"z":6.3}},{"type":"Feature","geometry":{"type":"Point","coordinates":[135.6150135,34.7888959]},"properties":{"z":6.3}},{"type":"Feature","geometry":{"type":"Point","coordinates":[135.6150104,34.7888511]},"properties":{"z":6.3}},{"type":"Feature","geometry":{"type":"Point","coordinates":[135.6150026,34.7888067]},"properties":{"z":6.3}},{"type":"Feature","geometry":{"type":"Point","coordinates":[135.6149914,34.7887627]},"properties":{"z":6.3}},{"type":"Feature","geometry":{"type":"Point","coordinates":[135.6149802,34.7887187]},"properties":{"z":6.3}},{"type":"Feature","geometry":{"type":"Point","coordinates":[135.6149664,34.7886752]},"properties":{"z":6.3}},{"type":"Feature","geometry":{"type":"Point","coordinates":[135.6149525,34.7886317]},"properties":{"z":6.2}},{"type":"Feature","geometry":{"type":"Point","coordinates":[135.6149373,34.7885885]},"properties":{"z":6.2}},{"type":"Feature","geometry":{"type":"Point","coordinates":[135.6149204,34.7885458]},"properties":{"z":6.2}},{"type":"Feature","geometry":{"type":"Point","coordinates":[135.6149036,34.788503]},"properties":{"z":6.2}},{"type":"Feature","geometry":{"type":"Point","coordinates":[135.6148869,34.7884602]},"properties":{"z":6.2}},{"type":"Feature","geometry":{"type":"Point","coordinates":[135.6148701,34.7884174]},"properties":{"z":6.2}},{"type":"Feature","geometry":{"type":"Point","coordinates":[135.6148518,34.7883751]},"properties":{"z":6.2}},{"type":"Feature","geometry":{"type":"Point","coordinates":[135.6148303,34.7883338]},"properties":{"z":6.1}},{"type":"Feature","geometry":{"type":"Point","coordinates":[135.6148088,34.7882924]},"properties":{"z":6.1}},{"type":"Feature","geometry":{"type":"Point","coordinates":[135.614787,34.7882512]},"properties":{"z":6.2}},{"type":"Feature","geometry":{"type":"Point","coordinates":[135.614765,34.78821]},"properties":{"z":6.1}},{"type":"Feature","geometry":{"type":"Point","coordinates":[135.614743,34.7881689]},"properties":{"z":6.1}},{"type":"Feature","geometry":{"type":"Point","coordinates":[135.6147182,34.7881288]},"properties":{"z":6.1}},{"type":"Feature","geometry":{"type":"Point","coordinates":[135.6146932,34.7880888]},"properties":{"z":6.1}},{"type":"Feature","geometry":{"type":"Point","coordinates":[135.6146669,34.7880494]},"properties":{"z":6.1}},{"type":"Feature","geometry":{"type":"Point","coordinates":[135.6146367,34.7880119]},"properties":{"z":6.1}},{"type":"Feature","geometry":{"type":"Point","coordinates":[135.6146065,34.7879745]},"properties":{"z":6.1}},{"type":"Feature","geometry":{"type":"Point","coordinates":[135.6145759,34.7879372]},"properties":{"z":6.1}},{"type":"Feature","geometry":{"type":"Point","coordinates":[135.614545,34.7879001]},"properties":{"z":6.1}},{"type":"Feature","geometry":{"type":"Point","coordinates":[135.6145141,34.787863]},"properties":{"z":6.1}},{"type":"Feature","geometry":{"type":"Point","coordinates":[135.6144846,34.7878251]},"properties":{"z":6.1}},{"type":"Feature","geometry":{"type":"Point","coordinates":[135.6144553,34.7877872]},"properties":{"z":6.0}},{"type":"Feature","geometry":{"type":"Point","coordinates":[135.6144259,34.7877493]},"properties":{"z":6.0}},{"type":"Feature","geometry":{"type":"Point","coordinates":[135.6143949,34.7877122]},"properties":{"z":6.0}},{"type":"Feature","geometry":{"type":"Point","coordinates":[135.6143639,34.7876752]},"properties":{"z":6.0}},{"type":"Feature","geometry":{"type":"Point","coordinates":[135.6143341,34.7876375]},"properties":{"z":6.0}},{"type":"Feature","geometry":{"type":"Point","coordinates":[135.6143055,34.7875991]},"properties":{"z":6.0}},{"type":"Feature","geometry":{"type":"Point","coordinates":[135.614277,34.7875607]},"properties":{"z":6.0}},{"type":"Feature","geometry":{"type":"Point","coordinates":[135.6142467,34.7875234]},"properties":{"z":6.0}},{"type":"Feature","geometry":{"type":"Point","coordinates":[135.6142157,34.7874863]},"properties":{"z":6.0}},{"type":"Feature","geometry":{"type":"Point","coordinates":[135.6141847,34.7874492]},"properties":{"z":6.0}},{"type":"Feature","geometry":{"type":"Point","coordinates":[135.6141529,34.7874126]},"properties":{"z":6.0}},{"type":"Feature","geometry":{"type":"Point","coordinates":[135.6141211,34.787376]},"properties":{"z":6.0}},{"type":"Feature","geometry":{"type":"Point","coordinates":[135.6140905,34.7873388]},"properties":{"z":6.0}},{"type":"Feature","geometry":{"type":"Point","coordinates":[135.6140614,34.7873007]},"properties":{"z":6.0}},{"type":"Feature","geometry":{"type":"Point","coordinates":[135.6140323,34.7872627]},"properties":{"z":6.1}},{"type":"Feature","geometry":{"type":"Point","coordinates":[135.6140046,34.7872239]},"properties":{"z":6.0}},{"type":"Feature","geometry":{"type":"Point","coordinates":[135.6139777,34.7871848]},"properties":{"z":6.0}},{"type":"Feature","geometry":{"type":"Point","coordinates":[135.6139507,34.7871456]},"properties":{"z":6.0}},{"type":"Feature","geometry":{"type":"Point","coordinates":[135.6139241,34.7871064]},"properties":{"z":6.0}},{"type":"Feature","geometry":{"type":"Point","coordinates":[135.6138975,34.7870671]},"properties":{"z":6.0}},{"type":"Feature","geometry":{"type":"Point","coordinates":[135.6138711,34.7870277]},"properties":{"z":6.0}},{"type":"Feature","geometry":{"type":"Point","coordinates":[135.6138455,34.786988]},"properties":{"z":6.0}},{"type":"Feature","geometry":{"type":"Point","coordinates":[135.6138199,34.7869483]},"properties":{"z":6.0}},{"type":"Feature","geometry":{"type":"Point","coordinates":[135.6137933,34.786909]},"properties":{"z":6.0}},{"type":"Feature","geometry":{"type":"Point","coordinates":[135.613766,34.78687]},"properties":{"z":6.0}},{"type":"Feature","geometry":{"type":"Point","coordinates":[135.6137386,34.7868311]},"properties":{"z":6.0}},{"type":"Feature","geometry":{"type":"Point","coordinates":[135.6137095,34.786793]},"properties":{"z":6.0}},{"type":"Feature","geometry":{"type":"Point","coordinates":[135.6136803,34.786755]},"properties":{"z":6.0}},{"type":"Feature","geometry":{"type":"Point","coordinates":[135.613651,34.7867171]},"properties":{"z":6.0}},{"type":"Feature","geometry":{"type":"Point","coordinates":[135.6136214,34.7866792]},"properties":{"z":6.0}},{"type":"Feature","geometry":{"type":"Point","coordinates":[135.6135918,34.7866414]},"properties":{"z":6.0}},{"type":"Feature","geometry":{"type":"Point","coordinates":[135.613562,34.7866037]},"properties":{"z":6.0}},{"type":"Feature","geometry":{"type":"Point","coordinates":[135.6135321,34.786566]},"properties":{"z":6.0}},{"type":"Feature","geometry":{"type":"Point","coordinates":[135.6135029,34.786528]},"properties":{"z":6.0}},{"type":"Feature","geometry":{"type":"Point","coordinates":[135.613477,34.7864885]},"properties":{"z":6.0}},{"type":"Feature","geometry":{"type":"Point","coordinates":[135.613451,34.7864489]},"properties":{"z":6.0}},{"type":"Feature","geometry":{"type":"Point","coordinates":[135.6134214,34.7864114]},"properties":{"z":6.0}},{"type":"Feature","geometry":{"type":"Point","coordinates":[135.6133852,34.7863777]},"properties":{"z":6.0}},{"type":"Feature","geometry":{"type":"Point","coordinates":[135.613349,34.7863439]},"properties":{"z":6.0}},{"type":"Feature","geometry":{"type":"Point","coordinates":[135.6133463,34.7862998]},"properties":{"z":6.0}},{"type":"Feature","geometry":{"type":"Point","coordinates":[135.6133462,34.7862549]},"properties":{"z":6.0}},{"type":"Feature","geometry":{"type":"Point","coordinates":[135.6133222,34.7862179]},"properties":{"z":6.0}},{"type":"Feature","geometry":{"type":"Point","coordinates":[135.613284,34.7861857]},"properties":{"z":6.0}},{"type":"Feature","geometry":{"type":"Point","coordinates":[135.6132472,34.7861527]},"properties":{"z":6.0}},{"type":"Feature","geometry":{"type":"Point","coordinates":[135.6132237,34.7861122]},"properties":{"z":6.0}},{"type":"Feature","geometry":{"type":"Point","coordinates":[135.6131997,34.7860718]},"properties":{"z":6.0}},{"type":"Feature","geometry":{"type":"Point","coordinates":[135.6131715,34.7860333]},"properties":{"z":6.0}},{"type":"Feature","geometry":{"type":"Point","coordinates":[135.6131432,34.7859947]},"properties":{"z":6.0}},{"type":"Feature","geometry":{"type":"Point","coordinates":[135.613113,34.7859573]},"properties":{"z":6.0}},{"type":"Feature","geometry":{"type":"Point","coordinates":[135.6130827,34.7859198]},"properties":{"z":6.0}},{"type":"Feature","geometry":{"type":"Point","coordinates":[135.6130519,34.7858827]},"properties":{"z":6.0}},{"type":"Feature","geometry":{"type":"Point","coordinates":[135.6130208,34.7858457]},"properties":{"z":6.0}},{"type":"Feature","geometry":{"type":"Point","coordinates":[135.6129911,34.785808]},"properties":{"z":6.0}},{"type":"Feature","geometry":{"type":"Point","coordinates":[135.6129643,34.7857688]},"properties":{"z":6.0}},{"type":"Feature","geometry":{"type":"Point","coordinates":[135.6129375,34.7857296]},"properties":{"z":5.9}},{"type":"Feature","geometry":{"type":"Point","coordinates":[135.6129103,34.7856906]},"properties":{"z":6.0}},{"type":"Feature","geometry":{"type":"Point","coordinates":[135.6128831,34.7856516]},"properties":{"z":5.9}},{"type":"Feature","geometry":{"type":"Point","coordinates":[135.612864,34.7856097]},"properties":{"z":5.9}},{"type":"Feature","geometry":{"type":"Point","coordinates":[135.6128386,34.7855705]},"properties":{"z":5.9}},{"type":"Feature","geometry":{"type":"Point","coordinates":[135.6128069,34.7855338]},"properties":{"z":5.9}},{"type":"Feature","geometry":{"type":"Point","coordinates":[135.6127763,34.7854966]},"properties":{"z":5.9}},{"type":"Feature","geometry":{"type":"Point","coordinates":[135.6127473,34.7854585]},"properties":{"z":5.9}},{"type":"Feature","geometry":{"type":"Point","coordinates":[135.6127177,34.7854207]},"properties":{"z":5.9}},{"type":"Feature","geometry":{"type":"Point","coordinates":[135.6126851,34.7853846]},"properties":{"z":5.9}},{"type":"Feature","geometry":{"type":"Point","coordinates":[135.6126525,34.7853485]},"properties":{"z":5.9}},{"type":"Feature","geometry":{"type":"Point","coordinates":[135.6126911,34.7853562]},"properties":{"z":5.9}},{"type":"Feature","geometry":{"type":"Point","coordinates":[135.6127424,34.7853717]},"properties":{"z":5.9}},{"type":"Feature","geometry":{"type":"Point","coordinates":[135.6127912,34.7853907]},"properties":{"z":5.8}},{"type":"Feature","geometry":{"type":"Point","coordinates":[135.6128319,34.7854208]},"properties":{"z":5.8}},{"type":"Feature","geometry":{"type":"Point","coordinates":[135.6128711,34.7854519]},"properties":{"z":5.8}},{"type":"Feature","geometry":{"type":"Point","coordinates":[135.6129029,34.7854885]},"properties":{"z":5.9}},{"type":"Feature","geometry":{"type":"Point","coordinates":[135.6129356,34.7855245]},"properties":{"z":5.9}},{"type":"Feature","geometry":{"type":"Point","coordinates":[135.6129731,34.7855572]},"properties":{"z":5.9}},{"type":"Feature","geometry":{"type":"Point","coordinates":[135.6130106,34.78559]},"properties":{"z":5.9}},{"type":"Feature","geometry":{"type":"Point","coordinates":[135.6130438,34.7856257]},"properties":{"z":5.9}},{"type":"Feature","geometry":{"type":"Point","coordinates":[135.6130766,34.7856617]},"properties":{"z":5.9}},{"type":"Feature","geometry":{"type":"Point","coordinates":[135.6131153,34.7856934]},"properties":{"z":5.9}},{"type":"Feature","geometry":{"type":"Point","coordinates":[135.6131548,34.7857245]},"properties":{"z":5.9}},{"type":"Feature","geometry":{"type":"Point","coordinates":[135.6131938,34.785756]},"properties":{"z":5.9}},{"type":"Feature","geometry":{"type":"Point","coordinates":[135.6132325,34.7857878]},"properties":{"z":5.9}},{"type":"Feature","geometry":{"type":"Point","coordinates":[135.6132712,34.7858197]},"properties":{"z":5.9}},{"type":"Feature","geometry":{"type":"Point","coordinates":[135.6133242,34.7858232]},"properties":{"z":5.9}},{"type":"Feature","geometry":{"type":"Point","coordinates":[135.613379,34.7858235]},"properties":{"z":5.9}},{"type":"Feature","geometry":{"type":"Point","coordinates":[135.6133637,34.7857918]},"properties":{"z":5.9}},{"type":"Feature","geometry":{"type":"Point","coordinates":[135.6133345,34.7857538]},"properties":{"z":5.9}},{"type":"Feature","geometry":{"type":"Point","coordinates":[135.6133166,34.7857116]},"properties":{"z":5.9}},{"type":"Feature","geometry":{"type":"Point","coordinates":[135.6133017,34.7856684]},"properties":{"z":5.8}},{"type":"Feature","geometry":{"type":"Point","coordinates":[135.6132818,34.7856269]},"properties":{"z":5.8}},{"type":"Feature","geometry":{"type":"Point","coordinates":[135.6132525,34.785589]},"properties":{"z":5.8}},{"type":"Feature","geometry":{"type":"Point","coordinates":[135.6132232,34.785551]},"properties":{"z":5.8}},{"type":"Feature","geometry":{"type":"Point","coordinates":[135.6131943,34.7855129]},"properties":{"z":5.8}},{"type":"Feature","geometry":{"type":"Point","coordinates":[135.6131654,34.7854747]},"properties":{"z":5.8}},{"type":"Feature","geometry":{"type":"Point","coordinates":[135.6131345,34.7854376]},"properties":{"z":5.8}},{"type":"Feature","geometry":{"type":"Point","coordinates":[135.6131026,34.7854011]},"properties":{"z":5.8}},{"type":"Feature","geometry":{"type":"Point","coordinates":[135.6130707,34.7853645]},"properties":{"z":5.8}},{"type":"Feature","geometry":{"type":"Point","coordinates":[135.6130414,34.7853266]},"properties":{"z":5.7}},{"type":"Feature","geometry":{"type":"Point","coordinates":[135.6130126,34.7852884]},"properties":{"z":5.7}},{"type":"Feature","geometry":{"type":"Point","coordinates":[135.6129839,34.7852501]},"properties":{"z":5.7}},{"type":"Feature","geometry":{"type":"Point","coordinates":[135.6129573,34.7852108]},"properties":{"z":5.7}},{"type":"Feature","geometry":{"type":"Point","coordinates":[135.612931,34.7851714]},"properties":{"z":5.7}},{"type":"Feature","geometry":{"type":"Point","coordinates":[135.6129047,34.785132]},"properties":{"z":5.8}},{"type":"Feature","geometry":{"type":"Point","coordinates":[135.6128744,34.7850945]},"properties":{"z":5.7}},{"type":"Feature","geometry":{"type":"Point","coordinates":[135.6128442,34.785057]},"properties":{"z":5.7}},{"type":"Feature","geometry":{"type":"Point","coordinates":[135.6128142,34.7850194]},"properties":{"z":5.7}},{"type":"Feature","geometry":{"type":"Point","coordinates":[135.6127855,34.7849812]},"properties":{"z":5.7}},{"type":"Feature","geometry":{"type":"Point","coordinates":[135.6127569,34.7849429]},"properties":{"z":5.7}},{"type":"Feature","geometry":{"type":"Point","coordinates":[135.612728,34.7849047]},"properties":{"z":5.7}},{"type":"Feature","geometry":{"type":"Point","coordinates":[135.6126986,34.7848667]},"properties":{"z":5.7}},{"type":"Feature","geometry":{"type":"Point","coordinates":[135.6126688,34.7848291]},"properties":{"z":5.7}},{"type":"Feature","geometry":{"type":"Point","coordinates":[135.6126357,34.7847933]},"properties":{"z":5.7}},{"type":"Feature","geometry":{"type":"Point","coordinates":[135.6126026,34.7847575]},"properties":{"z":5.7}},{"type":"Feature","geometry":{"type":"Point","coordinates":[135.6125717,34.7847204]},"properties":{"z":5.7}},{"type":"Feature","geometry":{"type":"Point","coordinates":[135.6125409,34.7846832]},"properties":{"z":5.6}},{"type":"Feature","geometry":{"type":"Point","coordinates":[135.6125066,34.7846482]},"properties":{"z":5.6}},{"type":"Feature","geometry":{"type":"Point","coordinates":[135.6124713,34.7846139]},"properties":{"z":5.6}},{"type":"Feature","geometry":{"type":"Point","coordinates":[135.6124346,34.7845805]},"properties":{"z":5.6}},{"type":"Feature","geometry":{"type":"Point","coordinates":[135.6123971,34.7845478]},"properties":{"z":5.6}},{"type":"Feature","geometry":{"type":"Point","coordinates":[135.6123581,34.7845163]},"properties":{"z":5.6}},{"type":"Feature","geometry":{"type":"Point","coordinates":[135.6123175,34.7844861]},"properties":{"z":5.6}},{"type":"Feature","geometry":{"type":"Point","coordinates":[135.612277,34.7844559]},"properties":{"z":5.7}},{"type":"Feature","geometry":{"type":"Point","coordinates":[135.6122365,34.7844257]},"properties":{"z":5.7}},{"type":"Feature","geometry":{"type":"Point","coordinates":[135.6121959,34.7843956]},"properties":{"z":5.6}},{"type":"Feature","geometry":{"type":"Point","coordinates":[135.6121545,34.7843661]},"properties":{"z":5.6}},{"type":"Feature","geometry":{"type":"Point","coordinates":[135.6121132,34.7843366]},"properties":{"z":5.6}},{"type":"Feature","geometry":{"type":"Point","coordinates":[135.6120706,34.7843084]},"properties":{"z":5.6}},{"type":"Feature","geometry":{"type":"Point","coordinates":[135.612028,34.7842802]},"properties":{"z":5.7}},{"type":"Feature","geometry":{"type":"Point","coordinates":[135.611984,34.7842535]},"properties":{"z":5.6}},{"type":"Feature","geometry":{"type":"Point","coordinates":[135.6119397,34.7842271]},"properties":{"z":5.7}},{"type":"Feature","geometry":{"type":"Point","coordinates":[135.6118943,34.784202]},"properties":{"z":5.7}},{"type":"Feature","geometry":{"type":"Point","coordinates":[135.6118484,34.7841776]},"properties":{"z":5.6}},{"type":"Feature","geometry":{"type":"Point","coordinates":[135.6118013,34.7841547]},"properties":{"z":5.6}},{"type":"Feature","geometry":{"type":"Point","coordinates":[135.6117524,34.7841346]},"properties":{"z":5.7}},{"type":"Feature","geometry":{"type":"Point","coordinates":[135.6117036,34.7841142]},"properties":{"z":5.7}},{"type":"Feature","geometry":{"type":"Point","coordinates":[135.6116561,34.7840919]},"properties":{"z":5.7}},{"type":"Feature","geometry":{"type":"Point","coordinates":[135.6116085,34.7840697]},"properties":{"z":5.7}},{"type":"Feature","geometry":{"type":"Point","coordinates":[135.6115597,34.7840494]},"properties":{"z":5.7}},{"type":"Feature","geometry":{"type":"Point","coordinates":[135.6115106,34.7840295]},"properties":{"z":5.7}},{"type":"Feature","geometry":{"type":"Point","coordinates":[135.6114616,34.7840095]},"properties":{"z":5.7}},{"type":"Feature","geometry":{"type":"Point","coordinates":[135.611413,34.7839888]},"properties":{"z":5.7}},{"type":"Feature","geometry":{"type":"Point","coordinates":[135.6113648,34.7839675]},"properties":{"z":5.7}},{"type":"Feature","geometry":{"type":"Point","coordinates":[135.6113165,34.7839464]},"properties":{"z":5.7}},{"type":"Feature","geometry":{"type":"Point","coordinates":[135.6112674,34.7839265]},"properties":{"z":5.7}},{"type":"Feature","geometry":{"type":"Point","coordinates":[135.6112183,34.7839067]},"properties":{"z":5.7}},{"type":"Feature","geometry":{"type":"Point","coordinates":[135.6111692,34.7838869]},"properties":{"z":5.7}},{"type":"Feature","geometry":{"type":"Point","coordinates":[135.6111198,34.7838674]},"properties":{"z":5.7}},{"type":"Feature","geometry":{"type":"Point","coordinates":[135.6110705,34.7838479]},"properties":{"z":5.7}},{"type":"Feature","geometry":{"type":"Point","coordinates":[135.6110216,34.7838278]},"properties":{"z":5.7}},{"type":"Feature","geometry":{"type":"Point","coordinates":[135.6109731,34.783807]},"properties":{"z":5.7}},{"type":"Feature","geometry":{"type":"Point","coordinates":[135.6109245,34.7837862]},"properties":{"z":5.7}},{"type":"Feature","geometry":{"type":"Point","coordinates":[135.6108748,34.7837675]},"properties":{"z":5.7}},{"type":"Feature","geometry":{"type":"Point","coordinates":[135.6108239,34.783751]},"properties":{"z":5.7}},{"type":"Feature","geometry":{"type":"Point","coordinates":[135.6107735,34.7837336]},"properties":{"z":5.7}},{"type":"Feature","geometry":{"type":"Point","coordinates":[135.6107238,34.7837147]},"properties":{"z":5.8}},{"type":"Feature","geometry":{"type":"Point","coordinates":[135.6106745,34.7836953]},"properties":{"z":5.8}},{"type":"Feature","geometry":{"type":"Point","coordinates":[135.6106259,34.7836746]},"properties":{"z":5.8}},{"type":"Feature","geometry":{"type":"Point","coordinates":[135.6105773,34.7836539]},"properties":{"z":5.8}},{"type":"Feature","geometry":{"type":"Point","coordinates":[135.6105285,34.7836335]},"properties":{"z":5.8}},{"type":"Feature","geometry":{"type":"Point","coordinates":[135.6104795,34.7836135]},"properties":{"z":5.8}},{"type":"Feature","geometry":{"type":"Point","coordinates":[135.6104305,34.7835935]},"properties":{"z":5.8}},{"type":"Feature","geometry":{"type":"Point","coordinates":[135.6103808,34.7835746]},"properties":{"z":5.8}},{"type":"Feature","geometry":{"type":"Point","coordinates":[135.6103309,34.7835562]},"properties":{"z":5.8}},{"type":"Feature","geometry":{"type":"Point","coordinates":[135.610281,34.7835378]},"properties":{"z":5.8}},{"type":"Feature","geometry":{"type":"Point","coordinates":[135.6102337,34.7835152]},"properties":{"z":5.8}},{"type":"Feature","geometry":{"type":"Point","coordinates":[135.6101867,34.7834921]},"properties":{"z":5.8}},{"type":"Feature","geometry":{"type":"Point","coordinates":[135.6101391,34.7834702]},"properties":{"z":5.8}},{"type":"Feature","geometry":{"type":"Point","coordinates":[135.6100888,34.7834524]},"properties":{"z":5.8}},{"type":"Feature","geometry":{"type":"Point","coordinates":[135.6100385,34.7834346]},"properties":{"z":5.8}},{"type":"Feature","geometry":{"type":"Point","coordinates":[135.6099888,34.7834159]},"properties":{"z":5.8}},{"type":"Feature","geometry":{"type":"Point","coordinates":[135.6099392,34.7833968]},"properties":{"z":5.8}},{"type":"Feature","geometry":{"type":"Point","coordinates":[135.6098913,34.7833755]},"properties":{"z":5.9}},{"type":"Feature","geometry":{"type":"Point","coordinates":[135.6098471,34.7833489]},"properties":{"z":5.8}},{"type":"Feature","geometry":{"type":"Point","coordinates":[135.6098029,34.7833224]},"properties":{"z":5.8}},{"type":"Feature","geometry":{"type":"Point","coordinates":[135.6097552,34.7833004]},"properties":{"z":5.8}},{"type":"Feature","geometry":{"type":"Point","coordinates":[135.6097075,34.7832784]},"properties":{"z":5.8}},{"type":"Feature","geometry":{"type":"Point","coordinates":[135.6096629,34.7832526]},"properties":{"z":5.8}},{"type":"Feature","geometry":{"type":"Point","coordinates":[135.6096202,34.7832245]},"properties":{"z":5.9}},{"type":"Feature","geometry":{"type":"Point","coordinates":[135.6095784,34.7831955]},"properties":{"z":5.8}},{"type":"Feature","geometry":{"type":"Point","coordinates":[135.6095375,34.7831656]},"properties":{"z":5.9}},{"type":"Feature","geometry":{"type":"Point","coordinates":[135.6094981,34.7831345]},"properties":{"z":5.8}},{"type":"Feature","geometry":{"type":"Point","coordinates":[135.6094608,34.7831016]},"properties":{"z":5.9}},{"type":"Feature","geometry":{"type":"Point","coordinates":[135.609424,34.7830683]},"properties":{"z":5.9}},{"type":"Feature","geometry":{"type":"Point","coordinates":[135.6093908,34.7830326]},"properties":{"z":5.9}},{"type":"Feature","geometry":{"type":"Point","coordinates":[135.6093577,34.7829968]},"properties":{"z":5.9}},{"type":"Feature","geometry":{"type":"Point","coordinates":[135.6093439,34.7829556]},"properties":{"z":5.9}},{"type":"Feature","geometry":{"type":"Point","coordinates":[135.6093435,34.7829107]},"properties":{"z":5.8}},{"type":"Feature","geometry":{"type":"Point","coordinates":[135.6093323,34.7828685]},"properties":{"z":5.8}},{"type":"Feature","geometry":{"type":"Point","coordinates":[135.6093009,34.7828318]},"properties":{"z":5.8}},{"type":"Feature","geometry":{"type":"Point","coordinates":[135.6092661,34.7828008]},"properties":{"z":5.8}},{"type":"Feature","geometry":{"type":"Point","coordinates":[135.6092116,34.782805]},"properties":{"z":5.8}},{"type":"Feature","geometry":{"type":"Point","coordinates":[135.6091571,34.7828092]},"properties":{"z":5.8}},{"type":"Feature","geometry":{"type":"Point","coordinates":[135.6091117,34.7828329]},"properties":{"z":5.9}},{"type":"Feature","geometry":{"type":"Point","coordinates":[135.6090675,34.7828594]},"properties":{"z":5.9}},{"type":"Feature","geometry":{"type":"Point","coordinates":[135.6090229,34.7828854]},"properties":{"z":5.9}},{"type":"Feature","geometry":{"type":"Point","coordinates":[135.6089772,34.7829102]},"properties":{"z":5.9}},{"type":"Feature","geometry":{"type":"Point","coordinates":[135.6089316,34.782935]},"properties":{"z":5.9}},{"type":"Feature","geometry":{"type":"Point","coordinates":[135.6088851,34.7829588]},"properties":{"z":5.9}},{"type":"Feature","geometry":{"type":"Point","coordinates":[135.6088384,34.7829823]},"properties":{"z":6.0}},{"type":"Feature","geometry":{"type":"Point","coordinates":[135.608791,34.7830046]},"properties":{"z":6.0}},{"type":"Feature","geometry":{"type":"Point","coordinates":[135.6087433,34.7830267]},"properties":{"z":6.0}},{"type":"Feature","geometry":{"type":"Point","coordinates":[135.6086955,34.7830486]},"properties":{"z":6.0}},{"type":"Feature","geometry":{"type":"Point","coordinates":[135.6086474,34.7830701]},"properties":{"z":6.0}},{"type":"Feature","geometry":{"type":"Point","coordinates":[135.6085993,34.7830916]},"properties":{"z":6.1}},{"type":"Feature","geometry":{"type":"Point","coordinates":[135.6085519,34.7831139]},"properties":{"z":6.1}},{"type":"Feature","geometry":{"type":"Point","coordinates":[135.6085051,34.7831372]},"properties":{"z":6.2}},{"type":"Feature","geometry":{"type":"Point","coordinates":[135.6084582,34.7831604]},"properties":{"z":6.2}},{"type":"Feature","geometry":{"type":"Point","coordinates":[135.6084107,34.7831827]},"properties":{"z":6.2}},{"type":"Feature","geometry":{"type":"Point","coordinates":[135.6083632,34.7832051]},"properties":{"z":6.2}},{"type":"Feature","geometry":{"type":"Point","coordinates":[135.6083161,34.783228]},"properties":{"z":6.2}},{"type":"Feature","geometry":{"type":"Point","coordinates":[135.6082691,34.783251]},"properties":{"z":6.3}},{"type":"Feature","geometry":{"type":"Point","coordinates":[135.6082222,34.7832741]},"properties":{"z":6.3}},{"type":"Feature","geometry":{"type":"Point","coordinates":[135.608176,34.7832983]},"properties":{"z":6.3}},{"type":"Feature","geometry":{"type":"Point","coordinates":[135.6081298,34.7833224]},"properties":{"z":6.3}},{"type":"Feature","geometry":{"type":"Point","coordinates":[135.6080833,34.783346]},"properties":{"z":6.3}},{"type":"Feature","geometry":{"type":"Point","coordinates":[135.6080364,34.7833692]},"properties":{"z":6.4}},{"type":"Feature","geometry":{"type":"Point","coordinates":[135.6079895,34.7833924]},"properties":{"z":6.4}},{"type":"Feature","geometry":{"type":"Point","coordinates":[135.6079421,34.7834149]},"properties":{"z":6.4}},{"type":"Feature","geometry":{"type":"Point","coordinates":[135.6078947,34.7834374]},"properties":{"z":6.5}},{"type":"Feature","geometry":{"type":"Point","coordinates":[135.6078473,34.7834599]},"properties":{"z":6.5}},{"type":"Feature","geometry":{"type":"Point","coordinates":[135.6077983,34.7834798]},"properties":{"z":6.5}},{"type":"Feature","geometry":{"type":"Point","coordinates":[135.6077492,34.7834997]},"properties":{"z":6.5}},{"type":"Feature","geometry":{"type":"Point","coordinates":[135.6077053,34.7835264]},"properties":{"z":6.5}},{"type":"Feature","geometry":{"type":"Point","coordinates":[135.6076622,34.7835541]},"properties":{"z":6.5}},{"type":"Feature","geometry":{"type":"Point","coordinates":[135.6076182,34.7835807]},"properties":{"z":6.6}},{"type":"Feature","geometry":{"type":"Point","coordinates":[135.6075689,34.7836001]},"properties":{"z":6.6}},{"type":"Feature","geometry":{"type":"Point","coordinates":[135.6075199,34.7836201]},"properties":{"z":6.6}},{"type":"Feature","geometry":{"type":"Point","coordinates":[135.6074749,34.7836456]},"properties":{"z":6.6}},{"type":"Feature","geometry":{"type":"Point","coordinates":[135.6074298,34.7836712]},"properties":{"z":6.6}},{"type":"Feature","geometry":{"type":"Point","coordinates":[135.6073844,34.7836963]},"properties":{"z":6.7}},{"type":"Feature","geometry":{"type":"Point","coordinates":[135.6073381,34.7837202]},"properties":{"z":6.7}},{"type":"Feature","geometry":{"type":"Point","coordinates":[135.6072917,34.783744]},"properties":{"z":6.7}},{"type":"Feature","geometry":{"type":"Point","coordinates":[135.6072454,34.783768]},"properties":{"z":6.7}},{"type":"Feature","geometry":{"type":"Point","coordinates":[135.6071993,34.7837922]},"properties":{"z":6.7}},{"type":"Feature","geometry":{"type":"Point","coordinates":[135.6071531,34.7838164]},"properties":{"z":6.7}},{"type":"Feature","geometry":{"type":"Point","coordinates":[135.6071062,34.7838396]},"properties":{"z":6.7}},{"type":"Feature","geometry":{"type":"Point","coordinates":[135.6070593,34.7838627]},"properties":{"z":6.8}},{"type":"Feature","geometry":{"type":"Point","coordinates":[135.6070124,34.7838858]},"properties":{"z":6.8}},{"type":"Feature","geometry":{"type":"Point","coordinates":[135.6069654,34.7839089]},"properties":{"z":6.8}},{"type":"Feature","geometry":{"type":"Point","coordinates":[135.606919,34.7839327]},"properties":{"z":6.9}},{"type":"Feature","geometry":{"type":"Point","coordinates":[135.6068733,34.7839575]},"properties":{"z":6.9}},{"type":"Feature","geometry":{"type":"Point","coordinates":[135.6068276,34.7839822]},"properties":{"z":6.9}},{"type":"Feature","geometry":{"type":"Point","coordinates":[135.6067813,34.7840062]},"properties":{"z":7.0}},{"type":"Feature","geometry":{"type":"Point","coordinates":[135.6067344,34.7840294]},"properties":{"z":7.0}},{"type":"Feature","geometry":{"type":"Point","coordinates":[135.6066876,34.7840526]},"properties":{"z":7.0}},{"type":"Feature","geometry":{"type":"Point","coordinates":[135.6066403,34.7840753]},"properties":{"z":7.1}},{"type":"Feature","geometry":{"type":"Point","coordinates":[135.6065926,34.7840973]},"properties":{"z":7.1}},{"type":"Feature","geometry":{"type":"Point","coordinates":[135.6065454,34.78412]},"properties":{"z":7.1}},{"type":"Feature","geometry":{"type":"Point","coordinates":[135.6064988,34.7841436]},"properties":{"z":7.2}},{"type":"Feature","geometry":{"type":"Point","coordinates":[135.6064519,34.7841668]},"properties":{"z":7.2}},{"type":"Feature","geometry":{"type":"Point","coordinates":[135.6064045,34.7841892]},"properties":{"z":7.2}},{"type":"Feature","geometry":{"type":"Point","coordinates":[135.606357,34.7842116]},"properties":{"z":7.3}},{"type":"Feature","geometry":{"type":"Point","coordinates":[135.6063094,34.7842338]},"properties":{"z":7.3}},{"type":"Feature","geometry":{"type":"Point","coordinates":[135.6062619,34.7842561]},"properties":{"z":7.3}},{"type":"Feature","geometry":{"type":"Point","coordinates":[135.6062149,34.7842791]},"properties":{"z":7.4}},{"type":"Feature","geometry":{"type":"Point","coordinates":[135.6061679,34.7843021]},"properties":{"z":7.4}},{"type":"Feature","geometry":{"type":"Point","coordinates":[135.606121,34.7843253]},"properties":{"z":7.4}},{"type":"Feature","geometry":{"type":"Point","coordinates":[135.6060748,34.7843494]},"properties":{"z":7.5}},{"type":"Feature","geometry":{"type":"Point","coordinates":[135.6060285,34.7843734]},"properties":{"z":7.5}},{"type":"Feature","geometry":{"type":"Point","coordinates":[135.6059823,34.7843975]},"properties":{"z":7.5}},{"type":"Feature","geometry":{"type":"Point","coordinates":[135.6059361,34.7844216]},"properties":{"z":7.5}},{"type":"Feature","geometry":{"type":"Point","coordinates":[135.6058898,34.7844456]},"properties":{"z":7.5}},{"type":"Feature","geometry":{"type":"Point","coordinates":[135.6058436,34.7844697]},"properties":{"z":7.5}},{"type":"Feature","geometry":{"type":"Point","coordinates":[135.6057954,34.784491]},"properties":{"z":7.5}},{"type":"Feature","geometry":{"type":"Point","coordinates":[135.6057472,34.7845122]},"properties":{"z":7.5}},{"type":"Feature","geometry":{"type":"Point","coordinates":[135.6057001,34.7845351]},"properties":{"z":7.5}},{"type":"Feature","geometry":{"type":"Point","coordinates":[135.6056532,34.7845584]},"properties":{"z":7.5}},{"type":"Feature","geometry":{"type":"Point","coordinates":[135.6056063,34.7845815]},"properties":{"z":7.5}},{"type":"Feature","geometry":{"type":"Point","coordinates":[135.6055594,34.7846047]},"properties":{"z":7.5}},{"type":"Feature","geometry":{"type":"Point","coordinates":[135.605512,34.7846271]},"properties":{"z":7.5}},{"type":"Feature","geometry":{"type":"Point","coordinates":[135.6054641,34.784649]},"properties":{"z":7.5}},{"type":"Feature","geometry":{"type":"Point","coordinates":[135.605417,34.7846717]},"properties":{"z":7.4}},{"type":"Feature","geometry":{"type":"Point","coordinates":[135.6053708,34.7846959]},"properties":{"z":7.4}},{"type":"Feature","geometry":{"type":"Point","coordinates":[135.6053243,34.7847195]},"properties":{"z":7.4}},{"type":"Feature","geometry":{"type":"Point","coordinates":[135.6052772,34.7847424]},"properties":{"z":7.4}},{"type":"Feature","geometry":{"type":"Point","coordinates":[135.6052302,34.7847655]},"properties":{"z":7.4}},{"type":"Feature","geometry":{"type":"Point","coordinates":[135.6051841,34.7847897]},"properties":{"z":7.4}},{"type":"Feature","geometry":{"type":"Point","coordinates":[135.605138,34.7848139]},"properties":{"z":7.4}},{"type":"Feature","geometry":{"type":"Point","coordinates":[135.6050907,34.7848365]},"properties":{"z":7.4}},{"type":"Feature","geometry":{"type":"Point","coordinates":[135.6050433,34.784859]},"properties":{"z":7.4}},{"type":"Feature","geometry":{"type":"Point","coordinates":[135.6049962,34.7848819]},"properties":{"z":7.4}},{"type":"Feature","geometry":{"type":"Point","coordinates":[135.6049492,34.784905]},"properties":{"z":7.4}},{"type":"Feature","geometry":{"type":"Point","coordinates":[135.6049029,34.7849289]},"properties":{"z":7.4}},{"type":"Feature","geometry":{"type":"Point","coordinates":[135.604857,34.7849534]},"properties":{"z":7.4}},{"type":"Feature","geometry":{"type":"Point","coordinates":[135.6048107,34.7849774]},"properties":{"z":7.3}},{"type":"Feature","geometry":{"type":"Point","coordinates":[135.6047641,34.785001]},"properties":{"z":7.3}},{"type":"Feature","geometry":{"type":"Point","coordinates":[135.6047173,34.7850243]},"properties":{"z":7.3}},{"type":"Feature","geometry":{"type":"Point","coordinates":[135.6046699,34.7850468]},"properties":{"z":7.3}},{"type":"Feature","geometry":{"type":"Point","coordinates":[135.6046226,34.7850693]},"properties":{"z":7.3}},{"type":"Feature","geometry":{"type":"Point","coordinates":[135.6045753,34.785092]},"properties":{"z":7.3}},{"type":"Feature","geometry":{"type":"Point","coordinates":[135.604528,34.7851146]},"properties":{"z":7.3}},{"type":"Feature","geometry":{"type":"Point","coordinates":[135.6044812,34.7851379]},"properties":{"z":7.3}},{"type":"Feature","geometry":{"type":"Point","coordinates":[135.6044345,34.7851613]},"properties":{"z":7.3}},{"type":"Feature","geometry":{"type":"Point","coordinates":[135.604388,34.7851851]},"properties":{"z":7.3}},{"type":"Feature","geometry":{"type":"Point","coordinates":[135.6043417,34.785209]},"properties":{"z":7.3}},{"type":"Feature","geometry":{"type":"Point","coordinates":[135.6042955,34.7852331]},"properties":{"z":7.3}},{"type":"Feature","geometry":{"type":"Point","coordinates":[135.6042494,34.7852574]},"properties":{"z":7.3}},{"type":"Feature","geometry":{"type":"Point","coordinates":[135.6042025,34.7852804]},"properties":{"z":7.3}},{"type":"Feature","geometry":{"type":"Point","coordinates":[135.6041543,34.7853018]},"properties":{"z":7.3}},{"type":"Feature","geometry":{"type":"Point","coordinates":[135.6041064,34.7853235]},"properties":{"z":7.3}},{"type":"Feature","geometry":{"type":"Point","coordinates":[135.6040592,34.7853463]},"properties":{"z":7.2}},{"type":"Feature","geometry":{"type":"Point","coordinates":[135.604012,34.7853691]},"properties":{"z":7.2}},{"type":"Feature","geometry":{"type":"Point","coordinates":[135.6039652,34.7853924]},"properties":{"z":7.2}},{"type":"Feature","geometry":{"type":"Point","coordinates":[135.6039184,34.7854157]},"properties":{"z":7.2}},{"type":"Feature","geometry":{"type":"Point","coordinates":[135.6038708,34.7854378]},"properties":{"z":7.2}},{"type":"Feature","geometry":{"type":"Point","coordinates":[135.603823,34.7854598]},"properties":{"z":7.2}},{"type":"Feature","geometry":{"type":"Point","coordinates":[135.6037745,34.7854805]},"properties":{"z":7.2}},{"type":"Feature","geometry":{"type":"Point","coordinates":[135.6037254,34.7855004]},"properties":{"z":7.2}},{"type":"Feature","geometry":{"type":"Point","coordinates":[135.6036777,34.7855223]},"properties":{"z":7.2}},{"type":"Feature","geometry":{"type":"Point","coordinates":[135.6036311,34.7855459]},"properties":{"z":7.2}},{"type":"Feature","geometry":{"type":"Point","coordinates":[135.6035845,34.7855695]},"properties":{"z":7.2}},{"type":"Feature","geometry":{"type":"Point","coordinates":[135.6035392,34.7855947]},"properties":{"z":7.2}},{"type":"Feature","geometry":{"type":"Point","coordinates":[135.6034946,34.7856207]},"properties":{"z":7.2}},{"type":"Feature","geometry":{"type":"Point","coordinates":[135.6034501,34.7856469]},"properties":{"z":7.1}},{"type":"Feature","geometry":{"type":"Point","coordinates":[135.6034064,34.785674]},"properties":{"z":7.1}},{"type":"Feature","geometry":{"type":"Point","coordinates":[135.6033628,34.7857011]},"properties":{"z":7.1}},{"type":"Feature","geometry":{"type":"Point","coordinates":[135.6033205,34.7857296]},"properties":{"z":7.1}},{"type":"Feature","geometry":{"type":"Point","coordinates":[135.6032793,34.7857592]},"properties":{"z":7.1}},{"type":"Feature","geometry":{"type":"Point","coordinates":[135.6032381,34.7857888]},"properties":{"z":7.1}},{"type":"Feature","geometry":{"type":"Point","coordinates":[135.603193,34.7858143]},"properties":{"z":7.1}},{"type":"Feature","geometry":{"type":"Point","coordinates":[135.603148,34.7858398]},"properties":{"z":7.1}},{"type":"Feature","geometry":{"type":"Point","coordinates":[135.6031032,34.7858656]},"properties":{"z":7.1}},{"type":"Feature","geometry":{"type":"Point","coordinates":[135.6030597,34.7858929]},"properties":{"z":7.1}},{"type":"Feature","geometry":{"type":"Point","coordinates":[135.6030162,34.7859202]},"properties":{"z":7.1}},{"type":"Feature","geometry":{"type":"Point","coordinates":[135.6029715,34.7859461]},"properties":{"z":7.1}},{"type":"Feature","geometry":{"type":"Point","coordinates":[135.6029254,34.7859704]},"properties":{"z":7.1}},{"type":"Feature","geometry":{"type":"Point","coordinates":[135.6028794,34.7859948]},"properties":{"z":7.1}},{"type":"Feature","geometry":{"type":"Point","coordinates":[135.6028316,34.7860165]},"properties":{"z":7.1}},{"type":"Feature","geometry":{"type":"Point","coordinates":[135.6027835,34.7860381]},"properties":{"z":7.0}},{"type":"Feature","geometry":{"type":"Point","coordinates":[135.6027364,34.7860609]},"properties":{"z":7.0}},{"type":"Feature","geometry":{"type":"Point","coordinates":[135.6026899,34.7860846]},"properties":{"z":7.0}},{"type":"Feature","geometry":{"type":"Point","coordinates":[135.602643,34.7861077]},"properties":{"z":7.0}},{"type":"Feature","geometry":{"type":"Point","coordinates":[135.6025953,34.7861299]},"properties":{"z":7.0}},{"type":"Feature","geometry":{"type":"Point","coordinates":[135.6025517,34.7861537]},"properties":{"z":7.0}},{"type":"Feature","geometry":{"type":"Point","coordinates":[135.6025565,34.7861985]},"properties":{"z":7.0}},{"type":"Feature","geometry":{"type":"Point","coordinates":[135.6025613,34.7862433]},"properties":{"z":7.0}},{"type":"Feature","geometry":{"type":"Point","coordinates":[135.6025831,34.7862838]},"properties":{"z":7.0}},{"type":"Feature","geometry":{"type":"Point","coordinates":[135.6026097,34.7863231]},"properties":{"z":7.0}},{"type":"Feature","geometry":{"type":"Point","coordinates":[135.6026361,34.7863624]},"properties":{"z":7.0}},{"type":"Feature","geometry":{"type":"Point","coordinates":[135.6026625,34.7864018]},"properties":{"z":7.0}},{"type":"Feature","geometry":{"type":"Point","coordinates":[135.6026889,34.7864412]},"properties":{"z":7.0}},{"type":"Feature","geometry":{"type":"Point","coordinates":[135.6027149,34.7864807]},"properties":{"z":7.0}},{"type":"Feature","geometry":{"type":"Point","coordinates":[135.602741,34.7865202]},"properties":{"z":7.0}},{"type":"Feature","geometry":{"type":"Point","coordinates":[135.6027668,34.7865599]},"properties":{"z":7.0}},{"type":"Feature","geometry":{"type":"Point","coordinates":[135.6027925,34.7865996]},"properties":{"z":7.0}},{"type":"Feature","geometry":{"type":"Point","coordinates":[135.6028183,34.7866392]},"properties":{"z":7.0}},{"type":"Feature","geometry":{"type":"Point","coordinates":[135.6028479,34.786677]},"properties":{"z":7.0}},{"type":"Feature","geometry":{"type":"Point","coordinates":[135.6028775,34.7867148]},"properties":{"z":7.0}},{"type":"Feature","geometry":{"type":"Point","coordinates":[135.6029068,34.7867528]},"properties":{"z":7.0}},{"type":"Feature","geometry":{"type":"Point","coordinates":[135.6029357,34.786791]},"properties":{"z":7.0}},{"type":"Feature","geometry":{"type":"Point","coordinates":[135.6029645,34.7868292]},"properties":{"z":7.0}},{"type":"Feature","geometry":{"type":"Point","coordinates":[135.6029927,34.7868677]},"properties":{"z":7.0}},{"type":"Feature","geometry":{"type":"Point","coordinates":[135.6030207,34.7869064]},"properties":{"z":7.0}},{"type":"Feature","geometry":{"type":"Point","coordinates":[135.603053,34.7869425]},"properties":{"z":7.0}},{"type":"Feature","geometry":{"type":"Point","coordinates":[135.6030872,34.7869776]},"properties":{"z":7.0}},{"type":"Feature","geometry":{"type":"Point","coordinates":[135.603121,34.7870129]},"properties":{"z":7.0}},{"type":"Feature","geometry":{"type":"Point","coordinates":[135.6031524,34.7870498]},"properties":{"z":7.0}},{"type":"Feature","geometry":{"type":"Point","coordinates":[135.6031838,34.7870866]},"properties":{"z":7.0}},{"type":"Feature","geometry":{"type":"Point","coordinates":[135.6031568,34.7870852]},"properties":{"z":7.0}},{"type":"Feature","geometry":{"type":"Point","coordinates":[135.6031061,34.7870683]},"properties":{"z":7.0}},{"type":"Feature","geometry":{"type":"Point","coordinates":[135.6030607,34.787045]},"properties":{"z":7.0}},{"type":"Feature","geometry":{"type":"Point","coordinates":[135.6030236,34.787012]},"properties":{"z":7.0}},{"type":"Feature","geometry":{"type":"Point","coordinates":[135.6029865,34.7869789]},"properties":{"z":7.0}},{"type":"Feature","geometry":{"type":"Point","coordinates":[135.6029479,34.7869471]},"properties":{"z":7.0}},{"type":"Feature","geometry":{"type":"Point","coordinates":[135.6029089,34.7869155]},"properties":{"z":7.0}},{"type":"Feature","geometry":{"type":"Point","coordinates":[135.60287,34.7868839]},"properties":{"z":7.0}},{"type":"Feature","geometry":{"type":"Point","coordinates":[135.6028318,34.7868518]},"properties":{"z":7.0}},{"type":"Feature","geometry":{"type":"Point","coordinates":[135.6027935,34.7868196]},"properties":{"z":7.0}},{"type":"Feature","geometry":{"type":"Point","coordinates":[135.6027544,34.7867882]},"properties":{"z":7.0}},{"type":"Feature","geometry":{"type":"Point","coordinates":[135.6027133,34.7867585]},"properties":{"z":7.0}},{"type":"Feature","geometry":{"type":"Point","coordinates":[135.6026722,34.7867288]},"properties":{"z":7.0}},{"type":"Feature","geometry":{"type":"Point","coordinates":[135.602629,34.7867014]},"properties":{"z":7.0}},{"type":"Feature","geometry":{"type":"Point","coordinates":[135.6025835,34.7866764]},"properties":{"z":7.0}},{"type":"Feature","geometry":{"type":"Point","coordinates":[135.6025381,34.7866513]},"properties":{"z":7.0}},{"type":"Feature","geometry":{"type":"Point","coordinates":[135.6024912,34.7866282]},"properties":{"z":7.0}},{"type":"Feature","geometry":{"type":"Point","coordinates":[135.6024432,34.7866067]},"properties":{"z":7.0}},{"type":"Feature","geometry":{"type":"Point","coordinates":[135.6023945,34.7865861]},"properties":{"z":7.0}},{"type":"Feature","geometry":{"type":"Point","coordinates":[135.6023453,34.7865665]},"properties":{"z":7.0}},{"type":"Feature","geometry":{"type":"Point","coordinates":[135.6022948,34.7865496]},"properties":{"z":7.0}},{"type":"Feature","geometry":{"type":"Point","coordinates":[135.6022415,34.7865394]},"properties":{"z":6.9}},{"type":"Feature","geometry":{"type":"Point","coordinates":[135.6021882,34.7865292]},"properties":{"z":6.9}},{"type":"Feature","geometry":{"type":"Point","coordinates":[135.6021385,34.7865108]},"properties":{"z":6.9}},{"type":"Feature","geometry":{"type":"Point","coordinates":[135.6020893,34.7864911]},"properties":{"z":6.9}},{"type":"Feature","geometry":{"type":"Point","coordinates":[135.6020383,34.786475]},"properties":{"z":6.9}},{"type":"Feature","geometry":{"type":"Point","coordinates":[135.6019864,34.7864605]},"properties":{"z":6.9}},{"type":"Feature","geometry":{"type":"Point","coordinates":[135.6019422,34.7864663]},"properties":{"z":6.9}},{"type":"Feature","geometry":{"type":"Point","coordinates":[135.6019095,34.7865023]},"properties":{"z":6.9}},{"type":"Feature","geometry":{"type":"Point","coordinates":[135.6018715,34.7865335]},"properties":{"z":6.9}},{"type":"Feature","geometry":{"type":"Point","coordinates":[135.6018234,34.7865549]},"properties":{"z":6.9}},{"type":"Feature","geometry":{"type":"Point","coordinates":[135.6017753,34.7865763]},"properties":{"z":6.9}},{"type":"Feature","geometry":{"type":"Point","coordinates":[135.601728,34.7865989]},"properties":{"z":6.9}},{"type":"Feature","geometry":{"type":"Point","coordinates":[135.6016816,34.7866227]},"properties":{"z":6.9}},{"type":"Feature","geometry":{"type":"Point","coordinates":[135.6016348,34.786646]},"properties":{"z":6.9}},{"type":"Feature","geometry":{"type":"Point","coordinates":[135.6015873,34.7866684]},"properties":{"z":6.9}},{"type":"Feature","geometry":{"type":"Point","coordinates":[135.60154,34.7866909]},"properties":{"z":6.9}},{"type":"Feature","geometry":{"type":"Point","coordinates":[135.6014927,34.7867136]},"properties":{"z":6.9}},{"type":"Feature","geometry":{"type":"Point","coordinates":[135.6014454,34.7867362]},"properties":{"z":6.9}},{"type":"Feature","geometry":{"type":"Point","coordinates":[135.6013998,34.7867609]},"properties":{"z":6.8}},{"type":"Feature","geometry":{"type":"Point","coordinates":[135.6013563,34.7867882]},"properties":{"z":6.8}},{"type":"Feature","geometry":{"type":"Point","coordinates":[135.6013113,34.7868137]},"properties":{"z":6.8}},{"type":"Feature","geometry":{"type":"Point","coordinates":[135.601265,34.7868376]},"properties":{"z":6.8}},{"type":"Feature","geometry":{"type":"Point","coordinates":[135.6012187,34.7868616]},"properties":{"z":6.8}},{"type":"Feature","geometry":{"type":"Point","coordinates":[135.6011738,34.7868873]},"properties":{"z":6.8}},{"type":"Feature","geometry":{"type":"Point","coordinates":[135.6011291,34.7869132]},"properties":{"z":6.8}},{"type":"Feature","geometry":{"type":"Point","coordinates":[135.6010842,34.786939]},"properties":{"z":6.8}},{"type":"Feature","geometry":{"type":"Point","coordinates":[135.6010386,34.7869638]},"properties":{"z":6.8}},{"type":"Feature","geometry":{"type":"Point","coordinates":[135.600993,34.7869887]},"properties":{"z":6.8}},{"type":"Feature","geometry":{"type":"Point","coordinates":[135.6009481,34.7870144]},"properties":{"z":6.8}},{"type":"Feature","geometry":{"type":"Point","coordinates":[135.6009034,34.7870404]},"properties":{"z":6.8}},{"type":"Feature","geometry":{"type":"Point","coordinates":[135.6008614,34.7870689]},"properties":{"z":6.8}},{"type":"Feature","geometry":{"type":"Point","coordinates":[135.6008226,34.7871007]},"properties":{"z":6.8}},{"type":"Feature","geometry":{"type":"Point","coordinates":[135.6007841,34.7871326]},"properties":{"z":6.7}},{"type":"Feature","geometry":{"type":"Point","coordinates":[135.6007468,34.7871655]},"properties":{"z":6.7}},{"type":"Feature","geometry":{"type":"Point","coordinates":[135.6007095,34.7871984]},"properties":{"z":6.7}},{"type":"Feature","geometry":{"type":"Point","coordinates":[135.600665,34.7872237]},"properties":{"z":6.7}},{"type":"Feature","geometry":{"type":"Point","coordinates":[135.6006171,34.7872455]},"properties":{"z":6.7}},{"type":"Feature","geometry":{"type":"Point","coordinates":[135.6005676,34.7872634]},"properties":{"z":6.7}},{"type":"Feature","geometry":{"type":"Point","coordinates":[135.6005137,34.7872711]},"properties":{"z":6.7}},{"type":"Feature","geometry":{"type":"Point","coordinates":[135.6004597,34.7872788]},"properties":{"z":6.7}},{"type":"Feature","geometry":{"type":"Point","coordinates":[135.6004053,34.787282]},"properties":{"z":6.7}},{"type":"Feature","geometry":{"type":"Point","coordinates":[135.6003506,34.7872831]},"properties":{"z":6.7}},{"type":"Feature","geometry":{"type":"Point","coordinates":[135.6002963,34.7872871]},"properties":{"z":6.7}},{"type":"Feature","geometry":{"type":"Point","coordinates":[135.6002428,34.7872967]},"properties":{"z":6.7}},{"type":"Feature","geometry":{"type":"Point","coordinates":[135.6001894,34.7873066]},"properties":{"z":6.7}},{"type":"Feature","geometry":{"type":"Point","coordinates":[135.6001364,34.7873177]},"properties":{"z":6.7}},{"type":"Feature","geometry":{"type":"Point","coordinates":[135.6000833,34.7873288]},"properties":{"z":6.7}},{"type":"Feature","geometry":{"type":"Point","coordinates":[135.6000392,34.7873547]},"properties":{"z":6.6}},{"type":"Feature","geometry":{"type":"Point","coordinates":[135.5999963,34.7873825]},"properties":{"z":6.6}},{"type":"Feature","geometry":{"type":"Point","coordinates":[135.5999517,34.787408]},"properties":{"z":6.6}},{"type":"Feature","geometry":{"type":"Point","coordinates":[135.5998999,34.7874225]},"properties":{"z":6.6}},{"type":"Feature","geometry":{"type":"Point","coordinates":[135.5998485,34.7874376]},"properties":{"z":6.6}},{"type":"Feature","geometry":{"type":"Point","coordinates":[135.5998029,34.7874626]},"properties":{"z":6.6}},{"type":"Feature","geometry":{"type":"Point","coordinates":[135.5997573,34.7874874]},"properties":{"z":6.6}},{"type":"Feature","geometry":{"type":"Point","coordinates":[135.5997082,34.7875071]},"properties":{"z":6.6}},{"type":"Feature","geometry":{"type":"Point","coordinates":[135.599659,34.7875269]},"properties":{"z":6.6}},{"type":"Feature","geometry":{"type":"Point","coordinates":[135.5996146,34.7875523]},"properties":{"z":6.6}},{"type":"Feature","geometry":{"type":"Point","coordinates":[135.599575,34.7875833]},"properties":{"z":6.6}},{"type":"Feature","geometry":{"type":"Point","coordinates":[135.599531,34.7876092]},"properties":{"z":6.6}},{"type":"Feature","geometry":{"type":"Point","coordinates":[135.5994819,34.7876291]},"properties":{"z":6.6}},{"type":"Feature","geometry":{"type":"Point","coordinates":[135.5994325,34.7876483]},"properties":{"z":6.6}},{"type":"Feature","geometry":{"type":"Point","coordinates":[135.5993793,34.787659]},"properties":{"z":6.5}},{"type":"Feature","geometry":{"type":"Point","coordinates":[135.5993262,34.7876697]},"properties":{"z":6.5}},{"type":"Feature","geometry":{"type":"Point","coordinates":[135.5992728,34.7876795]},"properties":{"z":6.5}},{"type":"Feature","geometry":{"type":"Point","coordinates":[135.5992192,34.7876888]},"properties":{"z":6.5}},{"type":"Feature","geometry":{"type":"Point","coordinates":[135.5991735,34.7877093]},"properties":{"z":6.5}},{"type":"Feature","geometry":{"type":"Point","coordinates":[135.5991365,34.7877424]},"properties":{"z":6.5}},{"type":"Feature","geometry":{"type":"Point","coordinates":[135.5991009,34.7877765]},"properties":{"z":6.5}},{"type":"Feature","geometry":{"type":"Point","coordinates":[135.5990685,34.7878128]},"properties":{"z":6.5}},{"type":"Feature","geometry":{"type":"Point","coordinates":[135.5990361,34.787849]},"properties":{"z":6.5}},{"type":"Feature","geometry":{"type":"Point","coordinates":[135.5989977,34.7878807]},"properties":{"z":6.5}},{"type":"Feature","geometry":{"type":"Point","coordinates":[135.5989568,34.7879106]},"properties":{"z":6.5}},{"type":"Feature","geometry":{"type":"Point","coordinates":[135.5989161,34.7879406]},"properties":{"z":6.5}},{"type":"Feature","geometry":{"type":"Point","coordinates":[135.5988759,34.7879712]},"properties":{"z":6.5}},{"type":"Feature","geometry":{"type":"Point","coordinates":[135.5988358,34.7880017]},"properties":{"z":6.5}},{"type":"Feature","geometry":{"type":"Point","coordinates":[135.5987936,34.7880304]},"properties":{"z":6.5}},{"type":"Feature","geometry":{"type":"Point","coordinates":[135.5987513,34.7880589]},"properties":{"z":6.4}},{"type":"Feature","geometry":{"type":"Point","coordinates":[135.5987084,34.7880868]},"properties":{"z":6.4}},{"type":"Feature","geometry":{"type":"Point","coordinates":[135.5986654,34.7881146]},"properties":{"z":6.4}},{"type":"Feature","geometry":{"type":"Point","coordinates":[135.5986252,34.7881447]},"properties":{"z":6.4}},{"type":"Feature","geometry":{"type":"Point","coordinates":[135.5985913,34.78818]},"properties":{"z":6.4}},{"type":"Feature","geometry":{"type":"Point","coordinates":[135.5985574,34.7882153]},"properties":{"z":6.4}},{"type":"Feature","geometry":{"type":"Point","coordinates":[135.5985062,34.7882289]},"properties":{"z":6.4}},{"type":"Feature","geometry":{"type":"Point","coordinates":[135.5984533,34.7882403]},"properties":{"z":6.4}},{"type":"Feature","geometry":{"type":"Point","coordinates":[135.5984032,34.7882568]},"properties":{"z":6.4}},{"type":"Feature","geometry":{"type":"Point","coordinates":[135.5983587,34.7882829]},"properties":{"z":6.4}},{"type":"Feature","geometry":{"type":"Point","coordinates":[135.5983141,34.788309]},"properties":{"z":6.4}},{"type":"Feature","geometry":{"type":"Point","coordinates":[135.5982699,34.7883355]},"properties":{"z":6.4}},{"type":"Feature","geometry":{"type":"Point","coordinates":[135.5982256,34.7883619]},"properties":{"z":6.4}},{"type":"Feature","geometry":{"type":"Point","coordinates":[135.5981756,34.7883796]},"properties":{"z":6.4}},{"type":"Feature","geometry":{"type":"Point","coordinates":[135.5981244,34.7883956]},"properties":{"z":6.4}},{"type":"Feature","geometry":{"type":"Point","coordinates":[135.5980823,34.7884234]},"properties":{"z":6.4}},{"type":"Feature","geometry":{"type":"Point","coordinates":[135.5980427,34.7884544]},"properties":{"z":6.4}},{"type":"Feature","geometry":{"type":"Point","coordinates":[135.5979998,34.7884818]},"properties":{"z":6.4}},{"type":"Feature","geometry":{"type":"Point","coordinates":[135.5979523,34.788504]},"properties":{"z":6.4}},{"type":"Feature","geometry":{"type":"Point","coordinates":[135.5979034,34.7885241]},"properties":{"z":6.4}},{"type":"Feature","geometry":{"type":"Point","coordinates":[135.5978527,34.7885411]},"properties":{"z":6.4}},{"type":"Feature","geometry":{"type":"Point","coordinates":[135.597802,34.788558]},"properties":{"z":6.4}},{"type":"Feature","geometry":{"type":"Point","coordinates":[135.5977527,34.7885773]},"properties":{"z":6.4}},{"type":"Feature","geometry":{"type":"Point","coordinates":[135.5977043,34.7885983]},"properties":{"z":6.4}},{"type":"Feature","geometry":{"type":"Point","coordinates":[135.5976559,34.7886193]},"properties":{"z":6.4}},{"type":"Feature","geometry":{"type":"Point","coordinates":[135.5976081,34.7886412]},"properties":{"z":6.5}},{"type":"Feature","geometry":{"type":"Point","coordinates":[135.5975604,34.7886632]},"properties":{"z":6.4}},{"type":"Feature","geometry":{"type":"Point","coordinates":[135.5975127,34.7886853]},"properties":{"z":6.4}},{"type":"Feature","geometry":{"type":"Point","coordinates":[135.5974655,34.7887081]},"properties":{"z":6.5}},{"type":"Feature","geometry":{"type":"Point","coordinates":[135.5974183,34.7887308]},"properties":{"z":6.5}},{"type":"Feature","geometry":{"type":"Point","coordinates":[135.5973724,34.7887552]},"properties":{"z":6.5}},{"type":"Feature","geometry":{"type":"Point","coordinates":[135.5973286,34.7887822]},"properties":{"z":6.5}},{"type":"Feature","geometry":{"type":"Point","coordinates":[135.5972849,34.7888092]},"properties":{"z":6.5}},{"type":"Feature","geometry":{"type":"Point","coordinates":[135.5972383,34.7888324]},"properties":{"z":6.5}},{"type":"Feature","geometry":{"type":"Point","coordinates":[135.5971891,34.7888521]},"properties":{"z":6.5}},{"type":"Feature","geometry":{"type":"Point","coordinates":[135.597141,34.7888735]},"properties":{"z":6.5}},{"type":"Feature","geometry":{"type":"Point","coordinates":[135.5970943,34.7888969]},"properties":{"z":6.5}},{"type":"Feature","geometry":{"type":"Point","coordinates":[135.5970476,34.7889204]},"properties":{"z":6.5}},{"type":"Feature","geometry":{"type":"Point","coordinates":[135.5970091,34.7889523]},"properties":{"z":6.5}},{"type":"Feature","geometry":{"type":"Point","coordinates":[135.596971,34.7889845]},"properties":{"z":6.5}},{"type":"Feature","geometry":{"type":"Point","coordinates":[135.596927,34.7890111]},"properties":{"z":6.5}},{"type":"Feature","geometry":{"type":"Point","coordinates":[135.5968822,34.7890369]},"properties":{"z":6.5}},{"type":"Feature","geometry":{"type":"Point","coordinates":[135.5968293,34.7890463]},"properties":{"z":6.5}},{"type":"Feature","geometry":{"type":"Point","coordinates":[135.5967752,34.7890532]},"properties":{"z":6.5}},{"type":"Feature","geometry":{"type":"Point","coordinates":[135.5967272,34.7890709]},"properties":{"z":6.5}},{"type":"Feature","geometry":{"type":"Point","coordinates":[135.5966854,34.7891]},"properties":{"z":6.5}},{"type":"Feature","geometry":{"type":"Point","coordinates":[135.5966419,34.7891271]},"properties":{"z":6.5}},{"type":"Feature","geometry":{"type":"Point","coordinates":[135.5965955,34.789151]},"properties":{"z":6.5}},{"type":"Feature","geometry":{"type":"Point","coordinates":[135.5965491,34.7891748]},"properties":{"z":6.5}},{"type":"Feature","geometry":{"type":"Point","coordinates":[135.5965021,34.7891978]},"properties":{"z":6.5}},{"type":"Feature","geometry":{"type":"Point","coordinates":[135.5964549,34.7892205]},"properties":{"z":6.5}},{"type":"Feature","geometry":{"type":"Point","coordinates":[135.5964087,34.7892446]},"properties":{"z":6.5}},{"type":"Feature","geometry":{"type":"Point","coordinates":[135.5963631,34.7892695]},"properties":{"z":6.5}},{"type":"Feature","geometry":{"type":"Point","coordinates":[135.5963176,34.7892945]},"properties":{"z":6.5}},{"type":"Feature","geometry":{"type":"Point","coordinates":[135.5962728,34.7893203]},"properties":{"z":6.5}},{"type":"Feature","geometry":{"type":"Point","coordinates":[135.5962279,34.7893461]},"properties":{"z":6.5}},{"type":"Feature","geometry":{"type":"Point","coordinates":[135.5961819,34.7893702]},"properties":{"z":6.5}},{"type":"Feature","geometry":{"type":"Point","coordinates":[135.5961334,34.7893911]},"properties":{"z":6.5}},{"type":"Feature","geometry":{"type":"Point","coordinates":[135.596085,34.7894121]},"properties":{"z":6.5}},{"type":"Feature","geometry":{"type":"Point","coordinates":[135.5960387,34.789436]},"properties":{"z":6.5}},{"type":"Feature","geometry":{"type":"Point","coordinates":[135.5959929,34.7894606]},"properties":{"z":6.5}},{"type":"Feature","geometry":{"type":"Point","coordinates":[135.5959471,34.7894852]},"properties":{"z":6.5}},{"type":"Feature","geometry":{"type":"Point","coordinates":[135.5959012,34.7895097]},"properties":{"z":6.5}},{"type":"Feature","geometry":{"type":"Point","coordinates":[135.5958553,34.7895342]},"properties":{"z":6.5}},{"type":"Feature","geometry":{"type":"Point","coordinates":[135.5958081,34.7895567]},"properties":{"z":6.5}},{"type":"Feature","geometry":{"type":"Point","coordinates":[135.5957585,34.7895758]},"properties":{"z":6.5}},{"type":"Feature","geometry":{"type":"Point","coordinates":[135.5957105,34.789597]},"properties":{"z":6.5}},{"type":"Feature","geometry":{"type":"Point","coordinates":[135.5956665,34.7896237]},"properties":{"z":6.5}},{"type":"Feature","geometry":{"type":"Point","coordinates":[135.5956224,34.7896503]},"properties":{"z":6.5}},{"type":"Feature","geometry":{"type":"Point","coordinates":[135.5955777,34.7896763]},"properties":{"z":6.5}},{"type":"Feature","geometry":{"type":"Point","coordinates":[135.5955327,34.7897018]},"properties":{"z":6.5}},{"type":"Feature","geometry":{"type":"Point","coordinates":[135.5954859,34.7897252]},"properties":{"z":6.5}},{"type":"Feature","geometry":{"type":"Point","coordinates":[135.5954391,34.7897485]},"properties":{"z":6.5}},{"type":"Feature","geometry":{"type":"Point","coordinates":[135.5953941,34.7897739]},"properties":{"z":6.5}},{"type":"Feature","geometry":{"type":"Point","coordinates":[135.5953511,34.7898017]},"properties":{"z":6.5}},{"type":"Feature","geometry":{"type":"Point","coordinates":[135.595308,34.7898294]},"properties":{"z":6.5}},{"type":"Feature","geometry":{"type":"Point","coordinates":[135.5952613,34.7898527]},"properties":{"z":6.5}},{"type":"Feature","geometry":{"type":"Point","coordinates":[135.5952134,34.7898744]},"properties":{"z":6.5}},{"type":"Feature","geometry":{"type":"Point","coordinates":[135.5951655,34.7898962]},"properties":{"z":6.5}},{"type":"Feature","geometry":{"type":"Point","coordinates":[135.5951203,34.7899215]},"properties":{"z":6.5}},{"type":"Feature","geometry":{"type":"Point","coordinates":[135.5950752,34.789947]},"properties":{"z":6.5}},{"type":"Feature","geometry":{"type":"Point","coordinates":[135.5950288,34.7899708]},"properties":{"z":6.5}},{"type":"Feature","geometry":{"type":"Point","coordinates":[135.5949809,34.7899925]},"properties":{"z":6.5}},{"type":"Feature","geometry":{"type":"Point","coordinates":[135.5949352,34.7900166]},"properties":{"z":6.5}},{"type":"Feature","geometry":{"type":"Point","coordinates":[135.5948963,34.7900483]},"properties":{"z":6.5}},{"type":"Feature","geometry":{"type":"Point","coordinates":[135.5948575,34.7900799]},"properties":{"z":6.5}},{"type":"Feature","geometry":{"type":"Point","coordinates":[135.5948308,34.7901187]},"properties":{"z":6.5}},{"type":"Feature","geometry":{"type":"Point","coordinates":[135.5948066,34.7901591]},"properties":{"z":6.5}},{"type":"Feature","geometry":{"type":"Point","coordinates":[135.594767,34.7901869]},"properties":{"z":6.5}},{"type":"Feature","geometry":{"type":"Point","coordinates":[135.5947183,34.7902075]},"properties":{"z":6.5}},{"type":"Feature","geometry":{"type":"Point","coordinates":[135.5946679,34.7902229]},"properties":{"z":6.5}},{"type":"Feature","geometry":{"type":"Point","coordinates":[135.5946133,34.7902263]},"properties":{"z":6.5}},{"type":"Feature","geometry":{"type":"Point","coordinates":[135.5945628,34.7902374]},"properties":{"z":6.5}},{"type":"Feature","geometry":{"type":"Point","coordinates":[135.5945228,34.7902681]},"properties":{"z":6.5}},{"type":"Feature","geometry":{"type":"Point","coordinates":[135.5944819,34.7902979]},"properties":{"z":6.5}},{"type":"Feature","geometry":{"type":"Point","coordinates":[135.5944366,34.7903231]},"properties":{"z":6.6}},{"type":"Feature","geometry":{"type":"Point","coordinates":[135.5943913,34.7903484]},"properties":{"z":6.5}},{"type":"Feature","geometry":{"type":"Point","coordinates":[135.5943507,34.7903784]},"properties":{"z":6.6}},{"type":"Feature","geometry":{"type":"Point","coordinates":[135.5943111,34.7904094]},"properties":{"z":6.5}},{"type":"Feature","geometry":{"type":"Point","coordinates":[135.5942699,34.7904387]},"properties":{"z":6.6}},{"type":"Feature","geometry":{"type":"Point","coordinates":[135.5942233,34.7904623]},"properties":{"z":6.6}},{"type":"Feature","geometry":{"type":"Point","coordinates":[135.594177,34.7904862]},"properties":{"z":6.5}},{"type":"Feature","geometry":{"type":"Point","coordinates":[135.5941343,34.7905144]},"properties":{"z":6.5}},{"type":"Feature","geometry":{"type":"Point","coordinates":[135.5940917,34.7905426]},"properties":{"z":6.6}},{"type":"Feature","geometry":{"type":"Point","coordinates":[135.5940483,34.7905699]},"properties":{"z":6.5}},{"type":"Feature","geometry":{"type":"Point","coordinates":[135.5940027,34.7905948]},"properties":{"z":6.6}},{"type":"Feature","geometry":{"type":"Point","coordinates":[135.5939572,34.7906198]},"properties":{"z":6.5}},{"type":"Feature","geometry":{"type":"Point","coordinates":[135.5939122,34.7906454]},"properties":{"z":6.6}},{"type":"Feature","geometry":{"type":"Point","coordinates":[135.5938681,34.790672]},"properties":{"z":6.6}},{"type":"Feature","geometry":{"type":"Point","coordinates":[135.5938241,34.7906987]},"properties":{"z":6.5}},{"type":"Feature","geometry":{"type":"Point","coordinates":[135.593781,34.7907264]},"properties":{"z":6.5}},{"type":"Feature","geometry":{"type":"Point","coordinates":[135.5937397,34.7907558]},"properties":{"z":6.6}},{"type":"Feature","geometry":{"type":"Point","coordinates":[135.5936983,34.7907853]},"properties":{"z":6.5}},{"type":"Feature","geometry":{"type":"Point","coordinates":[135.5936588,34.7908164]},"properties":{"z":6.6}},{"type":"Feature","geometry":{"type":"Point","coordinates":[135.5936196,34.7908478]},"properties":{"z":6.6}},{"type":"Feature","geometry":{"type":"Point","coordinates":[135.5935798,34.7908786]},"properties":{"z":6.6}},{"type":"Feature","geometry":{"type":"Point","coordinates":[135.5935399,34.7909094]},"properties":{"z":6.5}},{"type":"Feature","geometry":{"type":"Point","coordinates":[135.5935096,34.7909465]},"properties":{"z":6.5}},{"type":"Feature","geometry":{"type":"Point","coordinates":[135.5934817,34.7909852]},"properties":{"z":6.6}},{"type":"Feature","geometry":{"type":"Point","coordinates":[135.5934388,34.7910081]},"properties":{"z":6.6}},{"type":"Feature","geometry":{"type":"Point","coordinates":[135.5933864,34.7910211]},"properties":{"z":6.6}},{"type":"Feature","geometry":{"type":"Point","coordinates":[135.5933378,34.7910406]},"properties":{"z":6.6}},{"type":"Feature","geometry":{"type":"Point","coordinates":[135.5932928,34.7910662]},"properties":{"z":6.6}},{"type":"Feature","geometry":{"type":"Point","coordinates":[135.5932462,34.7910894]},"properties":{"z":6.7}},{"type":"Feature","geometry":{"type":"Point","coordinates":[135.5931961,34.7911076]},"properties":{"z":6.7}},{"type":"Feature","geometry":{"type":"Point","coordinates":[135.5931461,34.7911259]},"properties":{"z":6.7}},{"type":"Feature","geometry":{"type":"Point","coordinates":[135.5931103,34.7911589]},"properties":{"z":6.7}},{"type":"Feature","geometry":{"type":"Point","coordinates":[135.5930771,34.7911946]},"properties":{"z":6.7}},{"type":"Feature","geometry":{"type":"Point","coordinates":[135.5930388,34.7912265]},"properties":{"z":6.7}},{"type":"Feature","geometry":{"type":"Point","coordinates":[135.5929984,34.7912569]},"properties":{"z":6.8}},{"type":"Feature","geometry":{"type":"Point","coordinates":[135.5929584,34.7912875]},"properties":{"z":6.8}},{"type":"Feature","geometry":{"type":"Point","coordinates":[135.5929185,34.7913183]},"properties":{"z":6.8}},{"type":"Feature","geometry":{"type":"Point","coordinates":[135.5928767,34.7913471]},"properties":{"z":6.8}},{"type":"Feature","geometry":{"type":"Point","coordinates":[135.5928312,34.7913721]},"properties":{"z":6.8}},{"type":"Feature","geometry":{"type":"Point","coordinates":[135.5927874,34.7913988]},"properties":{"z":6.9}},{"type":"Feature","geometry":{"type":"Point","coordinates":[135.5927488,34.7914306]},"properties":{"z":6.9}},{"type":"Feature","geometry":{"type":"Point","coordinates":[135.5927102,34.7914625]},"properties":{"z":6.9}},{"type":"Feature","geometry":{"type":"Point","coordinates":[135.59267,34.791493]},"properties":{"z":6.9}},{"type":"Feature","geometry":{"type":"Point","coordinates":[135.5926298,34.7915235]},"properties":{"z":6.9}},{"type":"Feature","geometry":{"type":"Point","coordinates":[135.5925866,34.7915509]},"properties":{"z":7.0}},{"type":"Feature","geometry":{"type":"Point","coordinates":[135.5925409,34.7915756]},"properties":{"z":7.0}},{"type":"Feature","geometry":{"type":"Point","coordinates":[135.5924951,34.7916003]},"properties":{"z":7.0}},{"type":"Feature","geometry":{"type":"Point","coordinates":[135.592457,34.7916324]},"properties":{"z":7.0}},{"type":"Feature","geometry":{"type":"Point","coordinates":[135.5924196,34.7916652]},"properties":{"z":7.0}},{"type":"Feature","geometry":{"type":"Point","coordinates":[135.5923795,34.7916958]},"properties":{"z":7.1}},{"type":"Feature","geometry":{"type":"Point","coordinates":[135.5923384,34.7917255]},"properties":{"z":7.1}},{"type":"Feature","geometry":{"type":"Point","coordinates":[135.5922971,34.7917549]},"properties":{"z":7.1}},{"type":"Feature","geometry":{"type":"Point","coordinates":[135.5922551,34.7917838]},"properties":{"z":7.1}},{"type":"Feature","geometry":{"type":"Point","coordinates":[135.5922131,34.7918126]},"properties":{"z":7.1}},{"type":"Feature","geometry":{"type":"Point","coordinates":[135.5921698,34.7918401]},"properties":{"z":7.1}},{"type":"Feature","geometry":{"type":"Point","coordinates":[135.5921259,34.7918669]},"properties":{"z":7.2}},{"type":"Feature","geometry":{"type":"Point","coordinates":[135.5920822,34.791894]},"properties":{"z":7.2}},{"type":"Feature","geometry":{"type":"Point","coordinates":[135.5920426,34.791925]},"properties":{"z":7.2}},{"type":"Feature","geometry":{"type":"Point","coordinates":[135.592003,34.791956]},"properties":{"z":7.2}},{"type":"Feature","geometry":{"type":"Point","coordinates":[135.5919646,34.791988]},"properties":{"z":7.3}},{"type":"Feature","geometry":{"type":"Point","coordinates":[135.5919268,34.7920205]},"properties":{"z":7.3}},{"type":"Feature","geometry":{"type":"Point","coordinates":[135.5918868,34.7920511]},"properties":{"z":7.3}},{"type":"Feature","geometry":{"type":"Point","coordinates":[135.5918441,34.7920792]},"properties":{"z":7.3}},{"type":"Feature","geometry":{"type":"Point","coordinates":[135.5918034,34.7921092]},"properties":{"z":7.3}},{"type":"Feature","geometry":{"type":"Point","coordinates":[135.5917655,34.7921416]},"properties":{"z":7.4}},{"type":"Feature","geometry":{"type":"Point","coordinates":[135.5917261,34.7921727]},"properties":{"z":7.4}},{"type":"Feature","geometry":{"type":"Point","coordinates":[135.5916837,34.7922011]},"properties":{"z":7.4}},{"type":"Feature","geometry":{"type":"Point","coordinates":[135.5916401,34.7922281]},"properties":{"z":7.4}},{"type":"Feature","geometry":{"type":"Point","coordinates":[135.5915918,34.7922491]},"properties":{"z":7.4}},{"type":"Feature","geometry":{"type":"Point","coordinates":[135.5915434,34.7922702]},"properties":{"z":7.5}},{"type":"Feature","geometry":{"type":"Point","coordinates":[135.5915056,34.7923008]},"properties":{"z":7.5}},{"type":"Feature","geometry":{"type":"Point","coordinates":[135.5914753,34.7923382]},"properties":{"z":7.5}},{"type":"Feature","geometry":{"type":"Point","coordinates":[135.5914444,34.7923754]},"properties":{"z":7.5}},{"type":"Feature","geometry":{"type":"Point","coordinates":[135.5914116,34.7924113]},"properties":{"z":7.5}},{"type":"Feature","geometry":{"type":"Point","coordinates":[135.5913787,34.7924473]},"properties":{"z":7.5}},{"type":"Feature","geometry":{"type":"Point","coordinates":[135.5913456,34.7924831]},"properties":{"z":7.6}},{"type":"Feature","geometry":{"type":"Point","coordinates":[135.5913125,34.7925188]},"properties":{"z":7.6}},{"type":"Feature","geometry":{"type":"Point","coordinates":[135.5912708,34.7925474]},"properties":{"z":7.6}},{"type":"Feature","geometry":{"type":"Point","coordinates":[135.5912262,34.7925734]},"properties":{"z":7.6}},{"type":"Feature","geometry":{"type":"Point","coordinates":[135.5911834,34.7926014]},"properties":{"z":7.7}},{"type":"Feature","geometry":{"type":"Point","coordinates":[135.5911425,34.7926312]},"properties":{"z":7.7}},{"type":"Feature","geometry":{"type":"Point","coordinates":[135.5911012,34.7926607]},"properties":{"z":7.7}},{"type":"Feature","geometry":{"type":"Point","coordinates":[135.5910593,34.7926896]},"properties":{"z":7.7}},{"type":"Feature","geometry":{"type":"Point","coordinates":[135.5910178,34.7927189]},"properties":{"z":7.8}},{"type":"Feature","geometry":{"type":"Point","coordinates":[135.5909766,34.7927486]},"properties":{"z":7.8}},{"type":"Feature","geometry":{"type":"Point","coordinates":[135.5909355,34.7927783]},"properties":{"z":7.8}},{"type":"Feature","geometry":{"type":"Point","coordinates":[135.5908946,34.7928081]},"properties":{"z":7.8}},{"type":"Feature","geometry":{"type":"Point","coordinates":[135.5908537,34.792838]},"properties":{"z":7.8}},{"type":"Feature","geometry":{"type":"Point","coordinates":[135.5908117,34.7928668]},"properties":{"z":7.8}},{"type":"Feature","geometry":{"type":"Point","coordinates":[135.5907682,34.792894]},"properties":{"z":7.9}},{"type":"Feature","geometry":{"type":"Point","coordinates":[135.590725,34.7929216]},"properties":{"z":7.9}},{"type":"Feature","geometry":{"type":"Point","coordinates":[135.5906825,34.79295]},"properties":{"z":7.9}},{"type":"Feature","geometry":{"type":"Point","coordinates":[135.5906401,34.7929784]},"properties":{"z":7.9}},{"type":"Feature","geometry":{"type":"Point","coordinates":[135.5905966,34.7930057]},"properties":{"z":8.0}},{"type":"Feature","geometry":{"type":"Point","coordinates":[135.5905531,34.793033]},"properties":{"z":8.0}},{"type":"Feature","geometry":{"type":"Point","coordinates":[135.5905131,34.7930635]},"properties":{"z":8.0}},{"type":"Feature","geometry":{"type":"Point","coordinates":[135.5904748,34.7930956]},"properties":{"z":8.1}},{"type":"Feature","geometry":{"type":"Point","coordinates":[135.5904352,34.7931265]},"properties":{"z":8.1}},{"type":"Feature","geometry":{"type":"Point","coordinates":[135.5903931,34.7931553]},"properties":{"z":8.1}},{"type":"Feature","geometry":{"type":"Point","coordinates":[135.5903506,34.7931836]},"properties":{"z":8.1}},{"type":"Feature","geometry":{"type":"Point","coordinates":[135.5903069,34.7932107]},"properties":{"z":8.1}},{"type":"Feature","geometry":{"type":"Point","coordinates":[135.5902707,34.7932404]},"properties":{"z":8.1}},{"type":"Feature","geometry":{"type":"Point","coordinates":[135.5902766,34.7932851]},"properties":{"z":8.1}},{"type":"Feature","geometry":{"type":"Point","coordinates":[135.5902825,34.7933298]},"properties":{"z":8.2}},{"type":"Feature","geometry":{"type":"Point","coordinates":[135.5903124,34.7933646]},"properties":{"z":8.2}},{"type":"Feature","geometry":{"type":"Point","coordinates":[135.5903526,34.7933951]},"properties":{"z":8.2}},{"type":"Feature","geometry":{"type":"Point","coordinates":[135.5903762,34.7934327]},"properties":{"z":8.2}},{"type":"Feature","geometry":{"type":"Point","coordinates":[135.5903836,34.7934773]},"properties":{"z":8.2}},{"type":"Feature","geometry":{"type":"Point","coordinates":[135.5903708,34.7934851]},"properties":{"z":8.2}},{"type":"Feature","geometry":{"type":"Point","coordinates":[135.5903349,34.7934511]},"properties":{"z":8.2}},{"type":"Feature","geometry":{"type":"Point","coordinates":[135.5902989,34.7934173]},"properties":{"z":8.2}},{"type":"Feature","geometry":{"type":"Point","coordinates":[135.5902621,34.7933841]},"properties":{"z":8.2}},{"type":"Feature","geometry":{"type":"Point","coordinates":[135.5902252,34.7933508]},"properties":{"z":8.2}},{"type":"Feature","geometry":{"type":"Point","coordinates":[135.5901829,34.7933223]},"properties":{"z":8.2}},{"type":"Feature","geometry":{"type":"Point","coordinates":[135.5901401,34.7932943]},"properties":{"z":8.2}},{"type":"Feature","geometry":{"type":"Point","coordinates":[135.5900993,34.7933074]},"properties":{"z":8.2}},{"type":"Feature","geometry":{"type":"Point","coordinates":[135.5900594,34.7933381]},"properties":{"z":8.2}},{"type":"Feature","geometry":{"type":"Point","coordinates":[135.5900186,34.7933681]},"properties":{"z":8.2}},{"type":"Feature","geometry":{"type":"Point","coordinates":[135.5899773,34.7933977]},"properties":{"z":8.3}},{"type":"Feature","geometry":{"type":"Point","coordinates":[135.5899354,34.7934265]},"properties":{"z":8.3}},{"type":"Feature","geometry":{"type":"Point","coordinates":[135.5898928,34.7934548]},"properties":{"z":8.3}},{"type":"Feature","geometry":{"type":"Point","coordinates":[135.5898497,34.7934825]},"properties":{"z":8.3}},{"type":"Feature","geometry":{"type":"Point","coordinates":[135.5898053,34.7935088]},"properties":{"z":8.3}},{"type":"Feature","geometry":{"type":"Point","coordinates":[135.5897624,34.7935365]},"properties":{"z":8.3}},{"type":"Feature","geometry":{"type":"Point","coordinates":[135.5897234,34.793568]},"properties":{"z":8.4}},{"type":"Feature","geometry":{"type":"Point","coordinates":[135.5896837,34.7935989]},"properties":{"z":8.4}},{"type":"Feature","geometry":{"type":"Point","coordinates":[135.5896404,34.7936264]},"properties":{"z":8.4}},{"type":"Feature","geometry":{"type":"Point","coordinates":[135.5895972,34.7936541]},"properties":{"z":8.4}},{"type":"Feature","geometry":{"type":"Point","coordinates":[135.5895563,34.7936839]},"properties":{"z":8.4}},{"type":"Feature","geometry":{"type":"Point","coordinates":[135.5895154,34.7937138]},"properties":{"z":8.4}},{"type":"Feature","geometry":{"type":"Point","coordinates":[135.589475,34.7937441]},"properties":{"z":8.5}},{"type":"Feature","geometry":{"type":"Point","coordinates":[135.5894346,34.7937744]},"properties":{"z":8.5}},{"type":"Feature","geometry":{"type":"Point","coordinates":[135.5893937,34.7938043]},"properties":{"z":8.5}},{"type":"Feature","geometry":{"type":"Point","coordinates":[135.5893526,34.793834]},"properties":{"z":8.5}},{"type":"Feature","geometry":{"type":"Point","coordinates":[135.5893101,34.7938623]},"properties":{"z":8.5}},{"type":"Feature","geometry":{"type":"Point","coordinates":[135.5892666,34.7938895]},"properties":{"z":8.5}},{"type":"Feature","geometry":{"type":"Point","coordinates":[135.5892236,34.7939174]},"properties":{"z":8.5}},{"type":"Feature","geometry":{"type":"Point","coordinates":[135.5891839,34.7939483]},"properties":{"z":8.5}},{"type":"Feature","geometry":{"type":"Point","coordinates":[135.589144,34.7939791]},"properties":{"z":8.5}},{"type":"Feature","geometry":{"type":"Point","coordinates":[135.5891019,34.7940078]},"properties":{"z":8.6}},{"type":"Feature","geometry":{"type":"Point","coordinates":[135.5890597,34.7940364]},"properties":{"z":8.6}},{"type":"Feature","geometry":{"type":"Point","coordinates":[135.5890181,34.7940656]},"properties":{"z":8.6}},{"type":"Feature","geometry":{"type":"Point","coordinates":[135.5889771,34.7940954]},"properties":{"z":8.6}},{"type":"Feature","geometry":{"type":"Point","coordinates":[135.5889364,34.7941255]},"properties":{"z":8.6}},{"type":"Feature","geometry":{"type":"Point","coordinates":[135.5888964,34.7941561]},"properties":{"z":8.6}},{"type":"Feature","geometry":{"type":"Point","coordinates":[135.5888563,34.7941868]},"properties":{"z":8.6}},{"type":"Feature","geometry":{"type":"Point","coordinates":[135.5888184,34.7942191]},"properties":{"z":8.6}},{"type":"Feature","geometry":{"type":"Point","coordinates":[135.588781,34.794252]},"properties":{"z":8.6}},{"type":"Feature","geometry":{"type":"Point","coordinates":[135.5887386,34.7942799]},"properties":{"z":8.6}},{"type":"Feature","geometry":{"type":"Point","coordinates":[135.5886923,34.7943039]},"properties":{"z":8.6}},{"type":"Feature","geometry":{"type":"Point","coordinates":[135.5886454,34.7943269]},"properties":{"z":8.6}},{"type":"Feature","geometry":{"type":"Point","coordinates":[135.5885967,34.7943475]},"properties":{"z":8.6}},{"type":"Feature","geometry":{"type":"Point","coordinates":[135.5885584,34.7943745]},"properties":{"z":8.6}},{"type":"Feature","geometry":{"type":"Point","coordinates":[135.5885475,34.7944185]},"properties":{"z":8.6}},{"type":"Feature","geometry":{"type":"Point","coordinates":[135.5885355,34.7944623]},"properties":{"z":8.6}},{"type":"Feature","geometry":{"type":"Point","coordinates":[135.5885162,34.7945044]},"properties":{"z":8.6}},{"type":"Feature","geometry":{"type":"Point","coordinates":[135.5884969,34.7945465]},"properties":{"z":8.6}},{"type":"Feature","geometry":{"type":"Point","coordinates":[135.5884654,34.7945807]},"properties":{"z":8.6}},{"type":"Feature","geometry":{"type":"Point","coordinates":[135.5884204,34.7946063]},"properties":{"z":8.5}},{"type":"Feature","geometry":{"type":"Point","coordinates":[135.5883739,34.7946299]},"properties":{"z":8.5}},{"type":"Feature","geometry":{"type":"Point","coordinates":[135.5883256,34.794651]},"properties":{"z":8.5}},{"type":"Feature","geometry":{"type":"Point","coordinates":[135.5882772,34.794672]},"properties":{"z":8.5}},{"type":"Feature","geometry":{"type":"Point","coordinates":[135.5882402,34.7947051]},"properties":{"z":8.5}},{"type":"Feature","geometry":{"type":"Point","coordinates":[135.5882036,34.7947385]},"properties":{"z":8.5}},{"type":"Feature","geometry":{"type":"Point","coordinates":[135.5881628,34.7947684]},"properties":{"z":8.5}},{"type":"Feature","geometry":{"type":"Point","coordinates":[135.5881212,34.7947976]},"properties":{"z":8.4}},{"type":"Feature","geometry":{"type":"Point","coordinates":[135.5880829,34.7948296]},"properties":{"z":8.4}},{"type":"Feature","geometry":{"type":"Point","coordinates":[135.5880464,34.7948631]},"properties":{"z":8.4}},{"type":"Feature","geometry":{"type":"Point","coordinates":[135.5880108,34.7948972]},"properties":{"z":8.4}},{"type":"Feature","geometry":{"type":"Point","coordinates":[135.5879771,34.7949327]},"properties":{"z":8.4}},{"type":"Feature","geometry":{"type":"Point","coordinates":[135.587942,34.794967]},"properties":{"z":8.4}},{"type":"Feature","geometry":{"type":"Point","coordinates":[135.5879016,34.7949973]},"properties":{"z":8.3}},{"type":"Feature","geometry":{"type":"Point","coordinates":[135.5878617,34.7950281]},"properties":{"z":8.3}},{"type":"Feature","geometry":{"type":"Point","coordinates":[135.5878262,34.7950622]},"properties":{"z":8.3}},{"type":"Feature","geometry":{"type":"Point","coordinates":[135.5877906,34.7950964]},"properties":{"z":8.3}},{"type":"Feature","geometry":{"type":"Point","coordinates":[135.5877548,34.7951304]},"properties":{"z":8.2}},{"type":"Feature","geometry":{"type":"Point","coordinates":[135.5877188,34.7951642]},"properties":{"z":8.2}},{"type":"Feature","geometry":{"type":"Point","coordinates":[135.5876842,34.795199]},"properties":{"z":8.2}},{"type":"Feature","geometry":{"type":"Point","coordinates":[135.587652,34.7952354]},"properties":{"z":8.2}},{"type":"Feature","geometry":{"type":"Point","coordinates":[135.5876194,34.7952715]},"properties":{"z":8.2}},{"type":"Feature","geometry":{"type":"Point","coordinates":[135.5875809,34.7953034]},"properties":{"z":8.2}},{"type":"Feature","geometry":{"type":"Point","coordinates":[135.5875424,34.7953354]},"properties":{"z":8.2}},{"type":"Feature","geometry":{"type":"Point","coordinates":[135.5875181,34.7953756]},"properties":{"z":8.2}},{"type":"Feature","geometry":{"type":"Point","coordinates":[135.5874941,34.795416]},"properties":{"z":8.1}},{"type":"Feature","geometry":{"type":"Point","coordinates":[135.5874675,34.7954552]},"properties":{"z":8.1}},{"type":"Feature","geometry":{"type":"Point","coordinates":[135.5874383,34.7954933]},"properties":{"z":8.1}},{"type":"Feature","geometry":{"type":"Point","coordinates":[135.5874092,34.7955313]},"properties":{"z":8.1}},{"type":"Feature","geometry":{"type":"Point","coordinates":[135.5873814,34.79557]},"properties":{"z":8.1}},{"type":"Feature","geometry":{"type":"Point","coordinates":[135.5873541,34.795609]},"properties":{"z":8.1}},{"type":"Feature","geometry":{"type":"Point","coordinates":[135.5873278,34.7956484]},"properties":{"z":8.0}},{"type":"Feature","geometry":{"type":"Point","coordinates":[135.5873029,34.7956884]},"properties":{"z":8.0}},{"type":"Feature","geometry":{"type":"Point","coordinates":[135.587278,34.7957285]},"properties":{"z":8.0}},{"type":"Feature","geometry":{"type":"Point","coordinates":[135.5872489,34.7957665]},"properties":{"z":8.0}},{"type":"Feature","geometry":{"type":"Point","coordinates":[135.5872194,34.7958044]},"properties":{"z":8.0}},{"type":"Feature","geometry":{"type":"Point","coordinates":[135.5871919,34.7958432]},"properties":{"z":8.0}},{"type":"Feature","geometry":{"type":"Point","coordinates":[135.5871657,34.7958827]},"properties":{"z":8.0}},{"type":"Feature","geometry":{"type":"Point","coordinates":[135.5871397,34.7959222]},"properties":{"z":8.0}},{"type":"Feature","geometry":{"type":"Point","coordinates":[135.5871158,34.7959627]},"properties":{"z":8.0}},{"type":"Feature","geometry":{"type":"Point","coordinates":[135.587092,34.7960032]},"properties":{"z":8.0}},{"type":"Feature","geometry":{"type":"Point","coordinates":[135.5870632,34.7960413]},"properties":{"z":7.9}},{"type":"Feature","geometry":{"type":"Point","coordinates":[135.5870327,34.7960786]},"properties":{"z":7.9}},{"type":"Feature","geometry":{"type":"Point","coordinates":[135.5870037,34.7961167]},"properties":{"z":7.9}},{"type":"Feature","geometry":{"type":"Point","coordinates":[135.5869763,34.7961557]},"properties":{"z":7.9}},{"type":"Feature","geometry":{"type":"Point","coordinates":[135.586949,34.7961946]},"properties":{"z":7.9}},{"type":"Feature","geometry":{"type":"Point","coordinates":[135.5869222,34.7962338]},"properties":{"z":7.9}},{"type":"Feature","geometry":{"type":"Point","coordinates":[135.5868955,34.796273]},"properties":{"z":7.8}},{"type":"Feature","geometry":{"type":"Point","coordinates":[135.5868724,34.7963137]},"properties":{"z":7.8}},{"type":"Feature","geometry":{"type":"Point","coordinates":[135.586853,34.7963557]},"properties":{"z":7.8}},{"type":"Feature","geometry":{"type":"Point","coordinates":[135.586828,34.7963953]},"properties":{"z":7.8}},{"type":"Feature","geometry":{"type":"Point","coordinates":[135.5867973,34.7964326]},"properties":{"z":7.8}},{"type":"Feature","geometry":{"type":"Point","coordinates":[135.586768,34.7964704]},"properties":{"z":7.8}},{"type":"Feature","geometry":{"type":"Point","coordinates":[135.5867438,34.7965108]},"properties":{"z":7.8}},{"type":"Feature","geometry":{"type":"Point","coordinates":[135.5867197,34.7965511]},"properties":{"z":7.7}},{"type":"Feature","geometry":{"type":"Point","coordinates":[135.5866987,34.7965926]},"properties":{"z":7.7}},{"type":"Feature","geometry":{"type":"Point","coordinates":[135.5866777,34.7966341]},"properties":{"z":7.7}},{"type":"Feature","geometry":{"type":"Point","coordinates":[135.5866767,34.7966785]},"properties":{"z":7.7}},{"type":"Feature","geometry":{"type":"Point","coordinates":[135.5866798,34.7967233]},"properties":{"z":7.7}},{"type":"Feature","geometry":{"type":"Point","coordinates":[135.58669,34.7967673]},"properties":{"z":7.7}},{"type":"Feature","geometry":{"type":"Point","coordinates":[135.5867037,34.7968108]},"properties":{"z":7.7}},{"type":"Feature","geometry":{"type":"Point","coordinates":[135.5867156,34.7968547]},"properties":{"z":7.7}},{"type":"Feature","geometry":{"type":"Point","coordinates":[135.5867266,34.7968987]},"properties":{"z":7.7}},{"type":"Feature","geometry":{"type":"Point","coordinates":[135.5867435,34.7969412]},"properties":{"z":7.7}},{"type":"Feature","geometry":{"type":"Point","coordinates":[135.5867669,34.7969818]},"properties":{"z":7.7}},{"type":"Feature","geometry":{"type":"Point","coordinates":[135.5867976,34.7970178]},"properties":{"z":7.7}},{"type":"Feature","geometry":{"type":"Point","coordinates":[135.58684,34.7970462]},"properties":{"z":7.8}},{"type":"Feature","geometry":{"type":"Point","coordinates":[135.5868822,34.7970748]},"properties":{"z":7.8}},{"type":"Feature","geometry":{"type":"Point","coordinates":[135.586924,34.7971038]},"properties":{"z":7.8}},{"type":"Feature","geometry":{"type":"Point","coordinates":[135.5869658,34.7971329]},"properties":{"z":7.8}},{"type":"Feature","geometry":{"type":"Point","coordinates":[135.5870061,34.7971633]},"properties":{"z":7.8}},{"type":"Feature","geometry":{"type":"Point","coordinates":[135.5870464,34.7971937]},"properties":{"z":7.8}},{"type":"Feature","geometry":{"type":"Point","coordinates":[135.5870835,34.7972267]},"properties":{"z":7.9}},{"type":"Feature","geometry":{"type":"Point","coordinates":[135.5871187,34.7972611]},"properties":{"z":7.9}},{"type":"Feature","geometry":{"type":"Point","coordinates":[135.5871546,34.797295]},"properties":{"z":7.9}},{"type":"Feature","geometry":{"type":"Point","coordinates":[135.5871932,34.7973268]},"properties":{"z":7.9}},{"type":"Feature","geometry":{"type":"Point","coordinates":[135.5872318,34.7973587]},"properties":{"z":7.9}},{"type":"Feature","geometry":{"type":"Point","coordinates":[135.5872728,34.7973884]},"properties":{"z":7.9}},{"type":"Feature","geometry":{"type":"Point","coordinates":[135.5873148,34.7974173]},"properties":{"z":7.9}},{"type":"Feature","geometry":{"type":"Point","coordinates":[135.5873569,34.7974459]},"properties":{"z":8.0}},{"type":"Feature","geometry":{"type":"Point","coordinates":[135.5873992,34.7974745]},"properties":{"z":8.0}},{"type":"Feature","geometry":{"type":"Point","coordinates":[135.5874422,34.7975024]},"properties":{"z":8.0}},{"type":"Feature","geometry":{"type":"Point","coordinates":[135.5874859,34.7975294]},"properties":{"z":8.0}},{"type":"Feature","geometry":{"type":"Point","coordinates":[135.5875283,34.7975578]},"properties":{"z":8.0}},{"type":"Feature","geometry":{"type":"Point","coordinates":[135.5875682,34.7975885]},"properties":{"z":8.0}},{"type":"Feature","geometry":{"type":"Point","coordinates":[135.5876085,34.7976189]},"properties":{"z":8.0}},{"type":"Feature","geometry":{"type":"Point","coordinates":[135.5876515,34.7976467]},"properties":{"z":8.0}},{"type":"Feature","geometry":{"type":"Point","coordinates":[135.5876944,34.7976747]},"properties":{"z":8.1}},{"type":"Feature","geometry":{"type":"Point","coordinates":[135.5877337,34.797706]},"properties":{"z":8.1}},{"type":"Feature","geometry":{"type":"Point","coordinates":[135.5877729,34.7977373]},"properties":{"z":8.1}},{"type":"Feature","geometry":{"type":"Point","coordinates":[135.5878158,34.797765]},"properties":{"z":8.1}},{"type":"Feature","geometry":{"type":"Point","coordinates":[135.5878608,34.7977906]},"properties":{"z":8.2}},{"type":"Feature","geometry":{"type":"Point","coordinates":[135.5879045,34.7978176]},"properties":{"z":8.2}},{"type":"Feature","geometry":{"type":"Point","coordinates":[135.5879475,34.7978455]},"properties":{"z":8.2}},{"type":"Feature","geometry":{"type":"Point","coordinates":[135.587992,34.7978715]},"properties":{"z":8.2}},{"type":"Feature","geometry":{"type":"Point","coordinates":[135.5880384,34.7978953]},"properties":{"z":8.2}},{"type":"Feature","geometry":{"type":"Point","coordinates":[135.5880831,34.7979203]},"properties":{"z":8.2}},{"type":"Feature","geometry":{"type":"Point","coordinates":[135.5881026,34.7979623]},"properties":{"z":8.2}},{"type":"Feature","geometry":{"type":"Point","coordinates":[135.5881222,34.7980043]},"properties":{"z":8.2}},{"type":"Feature","geometry":{"type":"Point","coordinates":[135.5881519,34.7980413]},"properties":{"z":8.3}},{"type":"Feature","geometry":{"type":"Point","coordinates":[135.5881875,34.7980755]},"properties":{"z":8.3}},{"type":"Feature","geometry":{"type":"Point","coordinates":[135.5882231,34.7981096]},"properties":{"z":8.3}},{"type":"Feature","geometry":{"type":"Point","coordinates":[135.5882681,34.7981352]},"properties":{"z":8.3}},{"type":"Feature","geometry":{"type":"Point","coordinates":[135.5883132,34.7981606]},"properties":{"z":8.3}},{"type":"Feature","geometry":{"type":"Point","coordinates":[135.5883581,34.7981863]},"properties":{"z":8.3}},{"type":"Feature","geometry":{"type":"Point","coordinates":[135.5884013,34.7982139]},"properties":{"z":8.3}},{"type":"Feature","geometry":{"type":"Point","coordinates":[135.5884445,34.7982415]},"properties":{"z":8.3}},{"type":"Feature","geometry":{"type":"Point","coordinates":[135.5884875,34.7982694]},"properties":{"z":8.4}},{"type":"Feature","geometry":{"type":"Point","coordinates":[135.5885302,34.7982975]},"properties":{"z":8.4}},{"type":"Feature","geometry":{"type":"Point","coordinates":[135.5885729,34.7983256]},"properties":{"z":8.4}},{"type":"Feature","geometry":{"type":"Point","coordinates":[135.5886132,34.798356]},"properties":{"z":8.4}},{"type":"Feature","geometry":{"type":"Point","coordinates":[135.5886532,34.7983867]},"properties":{"z":8.4}},{"type":"Feature","geometry":{"type":"Point","coordinates":[135.5886954,34.7984152]},"properties":{"z":8.4}},{"type":"Feature","geometry":{"type":"Point","coordinates":[135.5887387,34.7984428]},"properties":{"z":8.4}},{"type":"Feature","geometry":{"type":"Point","coordinates":[135.5887879,34.7984613]},"properties":{"z":8.4}},{"type":"Feature","geometry":{"type":"Point","coordinates":[135.5888397,34.7984759]},"properties":{"z":8.5}},{"type":"Feature","geometry":{"type":"Point","coordinates":[135.5888872,34.7984965]},"properties":{"z":8.5}},{"type":"Feature","geometry":{"type":"Point","coordinates":[135.5889281,34.7985263]},"properties":{"z":8.5}},{"type":"Feature","geometry":{"type":"Point","coordinates":[135.5889685,34.7985567]},"properties":{"z":8.5}},{"type":"Feature","geometry":{"type":"Point","coordinates":[135.5890075,34.7985882]},"properties":{"z":8.6}},{"type":"Feature","geometry":{"type":"Point","coordinates":[135.5890464,34.7986198]},"properties":{"z":8.6}},{"type":"Feature","geometry":{"type":"Point","coordinates":[135.589085,34.7986517]},"properties":{"z":8.6}},{"type":"Feature","geometry":{"type":"Point","coordinates":[135.5891237,34.7986835]},"properties":{"z":8.6}},{"type":"Feature","geometry":{"type":"Point","coordinates":[135.5891631,34.7987147]},"properties":{"z":8.6}},{"type":"Feature","geometry":{"type":"Point","coordinates":[135.5892025,34.7987459]},"properties":{"z":8.6}},{"type":"Feature","geometry":{"type":"Point","coordinates":[135.5892421,34.7987769]},"properties":{"z":8.6}},{"type":"Feature","geometry":{"type":"Point","coordinates":[135.5892818,34.7988079]},"properties":{"z":8.6}},{"type":"Feature","geometry":{"type":"Point","coordinates":[135.5893212,34.7988391]},"properties":{"z":8.7}},{"type":"Feature","geometry":{"type":"Point","coordinates":[135.5893606,34.7988703]},"properties":{"z":8.7}},{"type":"Feature","geometry":{"type":"Point","coordinates":[135.5894011,34.7989005]},"properties":{"z":8.7}},{"type":"Feature","geometry":{"type":"Point","coordinates":[135.5894444,34.7989279]},"properties":{"z":8.7}},{"type":"Feature","geometry":{"type":"Point","coordinates":[135.5894869,34.7989562]},"properties":{"z":8.7}},{"type":"Feature","geometry":{"type":"Point","coordinates":[135.5895245,34.7989888]},"properties":{"z":8.7}},{"type":"Feature","geometry":{"type":"Point","coordinates":[135.5895622,34.7990215]},"properties":{"z":8.7}},{"type":"Feature","geometry":{"type":"Point","coordinates":[135.5895994,34.7990544]},"properties":{"z":8.7}},{"type":"Feature","geometry":{"type":"Point","coordinates":[135.5896363,34.7990876]},"properties":{"z":8.7}},{"type":"Feature","geometry":{"type":"Point","coordinates":[135.5896736,34.7991205]},"properties":{"z":8.8}},{"type":"Feature","geometry":{"type":"Point","coordinates":[135.5897124,34.7991522]},"properties":{"z":8.8}},{"type":"Feature","geometry":{"type":"Point","coordinates":[135.5897512,34.7991839]},"properties":{"z":8.8}},{"type":"Feature","geometry":{"type":"Point","coordinates":[135.5897906,34.7992152]},"properties":{"z":8.8}},{"type":"Feature","geometry":{"type":"Point","coordinates":[135.58983,34.7992463]},"properties":{"z":8.8}},{"type":"Feature","geometry":{"type":"Point","coordinates":[135.5898713,34.7992758]},"properties":{"z":8.8}},{"type":"Feature","geometry":{"type":"Point","coordinates":[135.5899126,34.7993053]},"properties":{"z":8.8}},{"type":"Feature","geometry":{"type":"Point","coordinates":[135.5899533,34.7993354]},"properties":{"z":8.8}},{"type":"Feature","geometry":{"type":"Point","coordinates":[135.5899931,34.7993663]},"properties":{"z":8.8}},{"type":"Feature","geometry":{"type":"Point","coordinates":[135.5900332,34.7993968]},"properties":{"z":8.8}},{"type":"Feature","geometry":{"type":"Point","coordinates":[135.5900758,34.7994251]},"properties":{"z":8.8}},{"type":"Feature","geometry":{"type":"Point","coordinates":[135.5901184,34.7994533]},"properties":{"z":8.8}},{"type":"Feature","geometry":{"type":"Point","coordinates":[135.590159,34.7994834]},"properties":{"z":8.8}},{"type":"Feature","geometry":{"type":"Point","coordinates":[135.5901983,34.7995147]},"properties":{"z":8.8}},{"type":"Feature","geometry":{"type":"Point","coordinates":[135.5902388,34.7995449]},"properties":{"z":8.8}},{"type":"Feature","geometry":{"type":"Point","coordinates":[135.5902805,34.799574]},"properties":{"z":8.8}},{"type":"Feature","geometry":{"type":"Point","coordinates":[135.5903189,34.7996057]},"properties":{"z":8.8}},{"type":"Feature","geometry":{"type":"Point","coordinates":[135.5903518,34.7996416]},"properties":{"z":8.8}},{"type":"Feature","geometry":{"type":"Point","coordinates":[135.590392,34.799664]},"properties":{"z":8.8}},{"type":"Feature","geometry":{"type":"Point","coordinates":[135.5904464,34.7996594]},"properties":{"z":8.8}},{"type":"Feature","geometry":{"type":"Point","coordinates":[135.5904933,34.7996679]},"properties":{"z":8.8}},{"type":"Feature","geometry":{"type":"Point","coordinates":[135.5905232,34.7997056]},"properties":{"z":8.8}},{"type":"Feature","geometry":{"type":"Point","coordinates":[135.5905531,34.7997432]},"properties":{"z":8.8}},{"type":"Feature","geometry":{"type":"Point","coordinates":[135.59058,34.7997824]},"properties":{"z":8.8}},{"type":"Feature","geometry":{"type":"Point","coordinates":[135.5906065,34.7998217]},"properties":{"z":8.8}},{"type":"Feature","geometry":{"type":"Point","coordinates":[135.5906545,34.7998384]},"properties":{"z":8.8}},{"type":"Feature","geometry":{"type":"Point","coordinates":[135.5907074,34.7998499]},"properties":{"z":8.8}},{"type":"Feature","geometry":{"type":"Point","coordinates":[135.5907586,34.7998657]},"properties":{"z":8.8}},{"type":"Feature","geometry":{"type":"Point","coordinates":[135.5908091,34.7998829]},"properties":{"z":8.8}},{"type":"Feature","geometry":{"type":"Point","coordinates":[135.590857,34.7999042]},"properties":{"z":8.8}},{"type":"Feature","geometry":{"type":"Point","coordinates":[135.590902,34.7999298]},"properties":{"z":8.8}},{"type":"Feature","geometry":{"type":"Point","coordinates":[135.5909441,34.7999577]},"properties":{"z":8.8}},{"type":"Feature","geometry":{"type":"Point","coordinates":[135.5909735,34.7999956]},"properties":{"z":8.8}},{"type":"Feature","geometry":{"type":"Point","coordinates":[135.5910029,34.8000335]},"properties":{"z":8.8}},{"type":"Feature","geometry":{"type":"Point","coordinates":[135.5910457,34.8000612]},"properties":{"z":8.8}},{"type":"Feature","geometry":{"type":"Point","coordinates":[135.5910895,34.8000882]},"properties":{"z":8.8}},{"type":"Feature","geometry":{"type":"Point","coordinates":[135.5911306,34.8001175]},"properties":{"z":8.8}},{"type":"Feature","geometry":{"type":"Point","coordinates":[135.5911662,34.8001517]},"properties":{"z":8.8}},{"type":"Feature","geometry":{"type":"Point","coordinates":[135.5912021,34.8001856]},"properties":{"z":8.8}},{"type":"Feature","geometry":{"type":"Point","coordinates":[135.5912385,34.8002191]},"properties":{"z":8.8}},{"type":"Feature","geometry":{"type":"Point","coordinates":[135.591275,34.8002526]},"properties":{"z":8.8}},{"type":"Feature","geometry":{"type":"Point","coordinates":[135.5913174,34.800281]},"properties":{"z":8.8}},{"type":"Feature","geometry":{"type":"Point","coordinates":[135.5913605,34.8003087]},"properties":{"z":8.8}},{"type":"Feature","geometry":{"type":"Point","coordinates":[135.5913864,34.8003467]},"properties":{"z":8.8}},{"type":"Feature","geometry":{"type":"Point","coordinates":[135.5914048,34.800389]},"properties":{"z":8.8}},{"type":"Feature","geometry":{"type":"Point","coordinates":[135.5914349,34.8004233]},"properties":{"z":8.8}},{"type":"Feature","geometry":{"type":"Point","coordinates":[135.5914822,34.8004459]},"properties":{"z":8.8}},{"type":"Feature","geometry":{"type":"Point","coordinates":[135.5915193,34.8004755]},"properties":{"z":8.8}},{"type":"Feature","geometry":{"type":"Point","coordinates":[135.5915384,34.8005177]},"properties":{"z":8.8}},{"type":"Feature","geometry":{"type":"Point","coordinates":[135.5915575,34.8005598]},"properties":{"z":8.8}},{"type":"Feature","geometry":{"type":"Point","coordinates":[135.5916006,34.800581]},"properties":{"z":8.8}},{"type":"Feature","geometry":{"type":"Point","coordinates":[135.5916529,34.8005942]},"properties":{"z":8.8}},{"type":"Feature","geometry":{"type":"Point","coordinates":[135.5916978,34.8006165]},"properties":{"z":8.8}},{"type":"Feature","geometry":{"type":"Point","coordinates":[135.5917324,34.8006513]},"properties":{"z":8.8}},{"type":"Feature","geometry":{"type":"Point","coordinates":[135.5917677,34.8006856]},"properties":{"z":8.8}},{"type":"Feature","geometry":{"type":"Point","coordinates":[135.5918047,34.8007188]},"properties":{"z":8.8}},{"type":"Feature","geometry":{"type":"Point","coordinates":[135.5918416,34.800752]},"properties":{"z":8.8}},{"type":"Feature","geometry":{"type":"Point","coordinates":[135.5918829,34.8007812]},"properties":{"z":8.9}},{"type":"Feature","geometry":{"type":"Point","coordinates":[135.591927,34.8008078]},"properties":{"z":8.9}},{"type":"Feature","geometry":{"type":"Point","coordinates":[135.5919712,34.8008344]},"properties":{"z":8.9}},{"type":"Feature","geometry":{"type":"Point","coordinates":[135.5920177,34.8008579]},"properties":{"z":8.9}},{"type":"Feature","geometry":{"type":"Point","coordinates":[135.5920653,34.8008802]},"properties":{"z":8.8}},{"type":"Feature","geometry":{"type":"Point","coordinates":[135.5921151,34.8008977]},"properties":{"z":8.8}},{"type":"Feature","geometry":{"type":"Point","coordinates":[135.5921684,34.800908]},"properties":{"z":8.9}},{"type":"Feature","geometry":{"type":"Point","coordinates":[135.592221,34.8009196]},"properties":{"z":8.9}},{"type":"Feature","geometry":{"type":"Point","coordinates":[135.5922683,34.8009422]},"properties":{"z":8.8}},{"type":"Feature","geometry":{"type":"Point","coordinates":[135.5923156,34.8009649]},"properties":{"z":8.8}},{"type":"Feature","geometry":{"type":"Point","coordinates":[135.5923635,34.8009867]},"properties":{"z":8.9}},{"type":"Feature","geometry":{"type":"Point","coordinates":[135.5924115,34.8010083]},"properties":{"z":8.8}},{"type":"Feature","geometry":{"type":"Point","coordinates":[135.5924589,34.8010307]},"properties":{"z":8.8}},{"type":"Feature","geometry":{"type":"Point","coordinates":[135.5925048,34.8010552]},"properties":{"z":8.8}},{"type":"Feature","geometry":{"type":"Point","coordinates":[135.5925506,34.8010798]},"properties":{"z":8.8}},{"type":"Feature","geometry":{"type":"Point","coordinates":[135.5925949,34.8011062]},"properties":{"z":8.8}},{"type":"Feature","geometry":{"type":"Point","coordinates":[135.5926387,34.8011331]},"properties":{"z":8.8}},{"type":"Feature","geometry":{"type":"Point","coordinates":[135.5926826,34.80116]},"properties":{"z":8.8}},{"type":"Feature","geometry":{"type":"Point","coordinates":[135.592727,34.8011863]},"properties":{"z":8.8}},{"type":"Feature","geometry":{"type":"Point","coordinates":[135.5927715,34.8012125]},"properties":{"z":8.8}},{"type":"Feature","geometry":{"type":"Point","coordinates":[135.5928142,34.8012405]},"properties":{"z":8.8}},{"type":"Feature","geometry":{"type":"Point","coordinates":[135.5928554,34.8012702]},"properties":{"z":8.8}},{"type":"Feature","geometry":{"type":"Point","coordinates":[135.5928965,34.8012998]},"properties":{"z":8.8}},{"type":"Feature","geometry":{"type":"Point","coordinates":[135.5929322,34.8013337]},"properties":{"z":8.9}},{"type":"Feature","geometry":{"type":"Point","coordinates":[135.5929651,34.8013696]},"properties":{"z":8.9}},{"type":"Feature","geometry":{"type":"Point","coordinates":[135.5929988,34.8014049]},"properties":{"z":8.9}},{"type":"Feature","geometry":{"type":"Point","coordinates":[135.5930403,34.8014342]},"properties":{"z":8.9}},{"type":"Feature","geometry":{"type":"Point","coordinates":[135.5930819,34.8014634]},"properties":{"z":8.9}},{"type":"Feature","geometry":{"type":"Point","coordinates":[135.593123,34.8014931]},"properties":{"z":8.9}},{"type":"Feature","geometry":{"type":"Point","coordinates":[135.5931624,34.8015243]},"properties":{"z":8.9}},{"type":"Feature","geometry":{"type":"Point","coordinates":[135.5932022,34.8015551]},"properties":{"z":8.9}},{"type":"Feature","geometry":{"type":"Point","coordinates":[135.5932475,34.8015803]},"properties":{"z":8.9}},{"type":"Feature","geometry":{"type":"Point","coordinates":[135.5932928,34.8016056]},"properties":{"z":8.9}},{"type":"Feature","geometry":{"type":"Point","coordinates":[135.5933343,34.8016348]},"properties":{"z":8.9}},{"type":"Feature","geometry":{"type":"Point","coordinates":[135.5933744,34.8016653]},"properties":{"z":8.9}},{"type":"Feature","geometry":{"type":"Point","coordinates":[135.5934146,34.8016959]},"properties":{"z":8.9}},{"type":"Feature","geometry":{"type":"Point","coordinates":[135.5934546,34.8017266]},"properties":{"z":8.9}},{"type":"Feature","geometry":{"type":"Point","coordinates":[135.5934947,34.8017572]},"properties":{"z":8.9}},{"type":"Feature","geometry":{"type":"Point","coordinates":[135.5935347,34.8017878]},"properties":{"z":8.9}},{"type":"Feature","geometry":{"type":"Point","coordinates":[135.593574,34.8018191]},"properties":{"z":8.9}},{"type":"Feature","geometry":{"type":"Point","coordinates":[135.5936133,34.8018505]},"properties":{"z":8.9}},{"type":"Feature","geometry":{"type":"Point","coordinates":[135.5936534,34.801881]},"properties":{"z":8.9}},{"type":"Feature","geometry":{"type":"Point","coordinates":[135.5936939,34.8019112]},"properties":{"z":8.9}},{"type":"Feature","geometry":{"type":"Point","coordinates":[135.5937345,34.8019415]},"properties":{"z":8.9}},{"type":"Feature","geometry":{"type":"Point","coordinates":[135.5937775,34.8019692]},"properties":{"z":8.9}},{"type":"Feature","geometry":{"type":"Point","coordinates":[135.5938212,34.8019962]},"properties":{"z":8.9}},{"type":"Feature","geometry":{"type":"Point","coordinates":[135.5938608,34.8020272]},"properties":{"z":8.9}},{"type":"Feature","geometry":{"type":"Point","coordinates":[135.593899,34.8020594]},"properties":{"z":8.9}},{"type":"Feature","geometry":{"type":"Point","coordinates":[135.5939369,34.8020918]},"properties":{"z":8.9}},{"type":"Feature","geometry":{"type":"Point","coordinates":[135.5939727,34.8021258]},"properties":{"z":8.9}},{"type":"Feature","geometry":{"type":"Point","coordinates":[135.5940085,34.8021598]},"properties":{"z":8.9}},{"type":"Feature","geometry":{"type":"Point","coordinates":[135.5940464,34.8021922]},"properties":{"z":8.9}},{"type":"Feature","geometry":{"type":"Point","coordinates":[135.594085,34.8022241]},"properties":{"z":8.9}},{"type":"Feature","geometry":{"type":"Point","coordinates":[135.5941241,34.8022555]},"properties":{"z":8.9}},{"type":"Feature","geometry":{"type":"Point","coordinates":[135.5941648,34.8022856]},"properties":{"z":8.9}},{"type":"Feature","geometry":{"type":"Point","coordinates":[135.5942051,34.802316]},"properties":{"z":8.9}},{"type":"Feature","geometry":{"type":"Point","coordinates":[135.59424,34.8023506]},"properties":{"z":8.9}},{"type":"Feature","geometry":{"type":"Point","coordinates":[135.5942749,34.8023852]},"properties":{"z":8.9}},{"type":"Feature","geometry":{"type":"Point","coordinates":[135.5943117,34.8024185]},"properties":{"z":8.9}},{"type":"Feature","geometry":{"type":"Point","coordinates":[135.5943496,34.8024509]},"properties":{"z":8.9}},{"type":"Feature","geometry":{"type":"Point","coordinates":[135.594387,34.8024837]},"properties":{"z":8.9}},{"type":"Feature","geometry":{"type":"Point","coordinates":[135.5944209,34.802519]},"properties":{"z":8.9}},{"type":"Feature","geometry":{"type":"Point","coordinates":[135.5944549,34.8025543]},"properties":{"z":8.9}},{"type":"Feature","geometry":{"type":"Point","coordinates":[135.5944886,34.8025897]},"properties":{"z":8.9}},{"type":"Feature","geometry":{"type":"Point","coordinates":[135.594522,34.8026253]},"properties":{"z":8.9}},{"type":"Feature","geometry":{"type":"Point","coordinates":[135.5945557,34.8026607]},"properties":{"z":8.9}},{"type":"Feature","geometry":{"type":"Point","coordinates":[135.5945913,34.8026949]},"properties":{"z":8.9}},{"type":"Feature","geometry":{"type":"Point","coordinates":[135.5946265,34.8027293]},"properties":{"z":8.9}},{"type":"Feature","geometry":{"type":"Point","coordinates":[135.5946582,34.8027659]},"properties":{"z":8.9}},{"type":"Feature","geometry":{"type":"Point","coordinates":[135.5946899,34.8028026]},"properties":{"z":8.9}},{"type":"Feature","geometry":{"type":"Point","coordinates":[135.5947195,34.8028403]},"properties":{"z":8.9}},{"type":"Feature","geometry":{"type":"Point","coordinates":[135.5947491,34.8028782]},"properties":{"z":8.9}},{"type":"Feature","geometry":{"type":"Point","coordinates":[135.5947947,34.80287]},"properties":{"z":8.9}},{"type":"Feature","geometry":{"type":"Point","coordinates":[135.5948442,34.8028507]},"properties":{"z":8.9}},{"type":"Feature","geometry":{"type":"Point","coordinates":[135.5948915,34.8028291]},"properties":{"z":8.9}},{"type":"Feature","geometry":{"type":"Point","coordinates":[135.5949284,34.8027959]},"properties":{"z":8.9}},{"type":"Feature","geometry":{"type":"Point","coordinates":[135.5949659,34.8027632]},"properties":{"z":8.9}},{"type":"Feature","geometry":{"type":"Point","coordinates":[135.5950068,34.8027333]},"properties":{"z":8.9}},{"type":"Feature","geometry":{"type":"Point","coordinates":[135.5950478,34.8027035]},"properties":{"z":8.9}},{"type":"Feature","geometry":{"type":"Point","coordinates":[135.5950663,34.8026728]},"properties":{"z":8.9}},{"type":"Feature","geometry":{"type":"Point","coordinates":[135.5950627,34.8027176]},"properties":{"z":8.9}},{"type":"Feature","geometry":{"type":"Point","coordinates":[135.5950592,34.8027625]},"properties":{"z":8.9}},{"type":"Feature","geometry":{"type":"Point","coordinates":[135.5950483,34.8028065]},"properties":{"z":8.9}},{"type":"Feature","geometry":{"type":"Point","coordinates":[135.5950373,34.8028506]},"properties":{"z":8.9}},{"type":"Feature","geometry":{"type":"Point","coordinates":[135.595013,34.8028888]},"properties":{"z":8.9}},{"type":"Feature","geometry":{"type":"Point","coordinates":[135.5949747,34.8029209]},"properties":{"z":8.9}},{"type":"Feature","geometry":{"type":"Point","coordinates":[135.5949328,34.8029494]},"properties":{"z":8.9}},{"type":"Feature","geometry":{"type":"Point","coordinates":[135.5948864,34.8029732]},"properties":{"z":8.9}},{"type":"Feature","geometry":{"type":"Point","coordinates":[135.594868,34.803002]},"properties":{"z":8.9}},{"type":"Feature","geometry":{"type":"Point","coordinates":[135.5948983,34.8030394]},"properties":{"z":8.9}},{"type":"Feature","geometry":{"type":"Point","coordinates":[135.5949306,34.8030756]},"properties":{"z":8.9}},{"type":"Feature","geometry":{"type":"Point","coordinates":[135.5949682,34.8031082]},"properties":{"z":8.9}},{"type":"Feature","geometry":{"type":"Point","coordinates":[135.5950058,34.8031409]},"properties":{"z":8.9}},{"type":"Feature","geometry":{"type":"Point","coordinates":[135.5950409,34.8031753]},"properties":{"z":8.9}},{"type":"Feature","geometry":{"type":"Point","coordinates":[135.5950752,34.8032104]},"properties":{"z":8.9}},{"type":"Feature","geometry":{"type":"Point","coordinates":[135.5951106,34.8032446]},"properties":{"z":8.9}},{"type":"Feature","geometry":{"type":"Point","coordinates":[135.5951482,34.8032774]},"properties":{"z":8.9}},{"type":"Feature","geometry":{"type":"Point","coordinates":[135.5951857,34.8033101]},"properties":{"z":8.9}},{"type":"Feature","geometry":{"type":"Point","coordinates":[135.5952233,34.8033427]},"properties":{"z":8.9}},{"type":"Feature","geometry":{"type":"Point","coordinates":[135.5952609,34.8033754]},"properties":{"z":8.9}},{"type":"Feature","geometry":{"type":"Point","coordinates":[135.5952941,34.8034109]},"properties":{"z":8.9}},{"type":"Feature","geometry":{"type":"Point","coordinates":[135.5953239,34.8034486]},"properties":{"z":8.8}},{"type":"Feature","geometry":{"type":"Point","coordinates":[135.5953537,34.8034863]},"properties":{"z":8.8}},{"type":"Feature","geometry":{"type":"Point","coordinates":[135.5953843,34.8035236]},"properties":{"z":8.8}},{"type":"Feature","geometry":{"type":"Point","coordinates":[135.5954151,34.8035608]},"properties":{"z":8.8}},{"type":"Feature","geometry":{"type":"Point","coordinates":[135.5954507,34.8035942]},"properties":{"z":8.7}},{"type":"Feature","geometry":{"type":"Point","coordinates":[135.5954937,34.8036221]},"properties":{"z":8.7}},{"type":"Feature","geometry":{"type":"Point","coordinates":[135.5955366,34.80365]},"properties":{"z":8.7}},{"type":"Feature","geometry":{"type":"Point","coordinates":[135.5955792,34.8036782]},"properties":{"z":8.7}},{"type":"Feature","geometry":{"type":"Point","coordinates":[135.5956218,34.8037064]},"properties":{"z":8.7}},{"type":"Feature","geometry":{"type":"Point","coordinates":[135.5956643,34.8037348]},"properties":{"z":8.7}},{"type":"Feature","geometry":{"type":"Point","coordinates":[135.5957015,34.8037677]},"properties":{"z":8.7}},{"type":"Feature","geometry":{"type":"Point","coordinates":[135.5957387,34.8038007]},"properties":{"z":8.6}},{"type":"Feature","geometry":{"type":"Point","coordinates":[135.5957739,34.8038347]},"properties":{"z":8.6}},{"type":"Feature","geometry":{"type":"Point","coordinates":[135.5957932,34.8038768]},"properties":{"z":8.5}},{"type":"Feature","geometry":{"type":"Point","coordinates":[135.5958126,34.8039188]},"properties":{"z":8.5}},{"type":"Feature","geometry":{"type":"Point","coordinates":[135.595846,34.8039543]},"properties":{"z":8.5}},{"type":"Feature","geometry":{"type":"Point","coordinates":[135.5958802,34.8039894]},"properties":{"z":8.5}},{"type":"Feature","geometry":{"type":"Point","coordinates":[135.5959143,34.8040245]},"properties":{"z":8.4}},{"type":"Feature","geometry":{"type":"Point","coordinates":[135.5959481,34.8040599]},"properties":{"z":8.4}},{"type":"Feature","geometry":{"type":"Point","coordinates":[135.5959819,34.8040953]},"properties":{"z":8.4}},{"type":"Feature","geometry":{"type":"Point","coordinates":[135.5960204,34.8041271]},"properties":{"z":8.4}},{"type":"Feature","geometry":{"type":"Point","coordinates":[135.59606,34.8041582]},"properties":{"z":8.3}},{"type":"Feature","geometry":{"type":"Point","coordinates":[135.5961,34.8041888]},"properties":{"z":8.3}},{"type":"Feature","geometry":{"type":"Point","coordinates":[135.5961405,34.8042191]},"properties":{"z":8.3}},{"type":"Feature","geometry":{"type":"Point","coordinates":[135.596181,34.8042493]},"properties":{"z":8.3}},{"type":"Feature","geometry":{"type":"Point","coordinates":[135.5962178,34.8042826]},"properties":{"z":8.3}},{"type":"Feature","geometry":{"type":"Point","coordinates":[135.5962545,34.8043159]},"properties":{"z":8.3}},{"type":"Feature","geometry":{"type":"Point","coordinates":[135.5962878,34.8043514]},"properties":{"z":8.3}},{"type":"Feature","geometry":{"type":"Point","coordinates":[135.5963172,34.8043894]},"properties":{"z":8.2}},{"type":"Feature","geometry":{"type":"Point","coordinates":[135.5963466,34.8044273]},"properties":{"z":8.2}},{"type":"Feature","geometry":{"type":"Point","coordinates":[135.5963803,34.8044627]},"properties":{"z":8.1}},{"type":"Feature","geometry":{"type":"Point","coordinates":[135.596414,34.8044981]},"properties":{"z":8.1}},{"type":"Feature","geometry":{"type":"Point","coordinates":[135.5964485,34.804533]},"properties":{"z":8.1}},{"type":"Feature","geometry":{"type":"Point","coordinates":[135.5964843,34.804567]},"properties":{"z":8.1}},{"type":"Feature","geometry":{"type":"Point","coordinates":[135.5965201,34.8046011]},"properties":{"z":8.1}},{"type":"Feature","geometry":{"type":"Point","coordinates":[135.5965563,34.8046348]},"properties":{"z":8.1}},{"type":"Feature","geometry":{"type":"Point","coordinates":[135.5965925,34.8046685]},"properties":{"z":8.1}},{"type":"Feature","geometry":{"type":"Point","coordinates":[135.5966287,34.8047022]},"properties":{"z":8.1}},{"type":"Feature","geometry":{"type":"Point","coordinates":[135.5966648,34.804736]},"properties":{"z":8.2}},{"type":"Feature","geometry":{"type":"Point","coordinates":[135.5967009,34.8047698]},"properties":{"z":8.2}},{"type":"Feature","geometry":{"type":"Point","coordinates":[135.5967361,34.8048042]},"properties":{"z":8.2}},{"type":"Feature","geometry":{"type":"Point","coordinates":[135.5967714,34.8048386]},"properties":{"z":8.2}},{"type":"Feature","geometry":{"type":"Point","coordinates":[135.5968102,34.8048703]},"properties":{"z":8.2}},{"type":"Feature","geometry":{"type":"Point","coordinates":[135.5968489,34.8049021]},"properties":{"z":8.2}},{"type":"Feature","geometry":{"type":"Point","coordinates":[135.5968849,34.8049358]},"properties":{"z":8.3}},{"type":"Feature","geometry":{"type":"Point","coordinates":[135.5969187,34.8049712]},"properties":{"z":8.3}},{"type":"Feature","geometry":{"type":"Point","coordinates":[135.5969525,34.8050066]},"properties":{"z":8.3}},{"type":"Feature","geometry":{"type":"Point","coordinates":[135.5969836,34.8050435]},"properties":{"z":8.3}},{"type":"Feature","geometry":{"type":"Point","coordinates":[135.5970145,34.8050807]},"properties":{"z":8.3}},{"type":"Feature","geometry":{"type":"Point","coordinates":[135.5970464,34.8051172]},"properties":{"z":8.3}},{"type":"Feature","geometry":{"type":"Point","coordinates":[135.5970823,34.8051511]},"properties":{"z":8.3}},{"type":"Feature","geometry":{"type":"Point","coordinates":[135.5971182,34.805185]},"properties":{"z":8.3}},{"type":"Feature","geometry":{"type":"Point","coordinates":[135.5971541,34.8052189]},"properties":{"z":8.4}},{"type":"Feature","geometry":{"type":"Point","coordinates":[135.59719,34.8052529]},"properties":{"z":8.4}},{"type":"Feature","geometry":{"type":"Point","coordinates":[135.5972271,34.8052859]},"properties":{"z":8.4}},{"type":"Feature","geometry":{"type":"Point","coordinates":[135.5972651,34.8053183]},"properties":{"z":8.4}},{"type":"Feature","geometry":{"type":"Point","coordinates":[135.5973025,34.8053511]},"properties":{"z":8.4}},{"type":"Feature","geometry":{"type":"Point","coordinates":[135.5973368,34.8053861]},"properties":{"z":8.4}},{"type":"Feature","geometry":{"type":"Point","coordinates":[135.5973711,34.8054211]},"properties":{"z":8.4}},{"type":"Feature","geometry":{"type":"Point","coordinates":[135.5974054,34.8054561]},"properties":{"z":8.5}},{"type":"Feature","geometry":{"type":"Point","coordinates":[135.5974398,34.8054911]},"properties":{"z":8.5}},{"type":"Feature","geometry":{"type":"Point","coordinates":[135.5974727,34.805527]},"properties":{"z":8.5}},{"type":"Feature","geometry":{"type":"Point","coordinates":[135.5975034,34.8055643]},"properties":{"z":8.5}},{"type":"Feature","geometry":{"type":"Point","coordinates":[135.597534,34.8056015]},"properties":{"z":8.5}},{"type":"Feature","geometry":{"type":"Point","coordinates":[135.597571,34.8056343]},"properties":{"z":8.5}},{"type":"Feature","geometry":{"type":"Point","coordinates":[135.5976114,34.8056646]},"properties":{"z":8.5}},{"type":"Feature","geometry":{"type":"Point","coordinates":[135.5976504,34.8056961]},"properties":{"z":8.6}},{"type":"Feature","geometry":{"type":"Point","coordinates":[135.597687,34.8057295]},"properties":{"z":8.6}},{"type":"Feature","geometry":{"type":"Point","coordinates":[135.5977236,34.805763]},"properties":{"z":8.6}},{"type":"Feature","geometry":{"type":"Point","coordinates":[135.5977596,34.8057968]},"properties":{"z":8.6}},{"type":"Feature","geometry":{"type":"Point","coordinates":[135.5977956,34.8058306]},"properties":{"z":8.6}},{"type":"Feature","geometry":{"type":"Point","coordinates":[135.5978317,34.8058644]},"properties":{"z":8.6}},{"type":"Feature","geometry":{"type":"Point","coordinates":[135.5978678,34.8058982]},"properties":{"z":8.6}},{"type":"Feature","geometry":{"type":"Point","coordinates":[135.5979053,34.805931]},"properties":{"z":8.7}},{"type":"Feature","geometry":{"type":"Point","coordinates":[135.5979439,34.8059629]},"properties":{"z":8.7}},{"type":"Feature","geometry":{"type":"Point","coordinates":[135.59798,34.8059964]},"properties":{"z":8.7}},{"type":"Feature","geometry":{"type":"Point","coordinates":[135.5980107,34.8060336]},"properties":{"z":8.7}},{"type":"Feature","geometry":{"type":"Point","coordinates":[135.5980415,34.8060708]},"properties":{"z":8.7}},{"type":"Feature","geometry":{"type":"Point","coordinates":[135.5980705,34.8061089]},"properties":{"z":8.7}},{"type":"Feature","geometry":{"type":"Point","coordinates":[135.5980995,34.8061471]},"properties":{"z":8.7}},{"type":"Feature","geometry":{"type":"Point","coordinates":[135.5981331,34.8061824]},"properties":{"z":8.7}},{"type":"Feature","geometry":{"type":"Point","coordinates":[135.5981694,34.806216]},"properties":{"z":8.8}},{"type":"Feature","geometry":{"type":"Point","coordinates":[135.598206,34.8062494]},"properties":{"z":8.8}},{"type":"Feature","geometry":{"type":"Point","coordinates":[135.5982454,34.8062807]},"properties":{"z":8.8}},{"type":"Feature","geometry":{"type":"Point","coordinates":[135.5982847,34.8063119]},"properties":{"z":8.8}},{"type":"Feature","geometry":{"type":"Point","coordinates":[135.5983221,34.8063447]},"properties":{"z":8.8}},{"type":"Feature","geometry":{"type":"Point","coordinates":[135.5983591,34.8063779]},"properties":{"z":8.8}},{"type":"Feature","geometry":{"type":"Point","coordinates":[135.5983971,34.8064102]},"properties":{"z":8.8}},{"type":"Feature","geometry":{"type":"Point","coordinates":[135.5984357,34.8064421]},"properties":{"z":8.9}},{"type":"Feature","geometry":{"type":"Point","coordinates":[135.5984722,34.8064755]},"properties":{"z":8.9}},{"type":"Feature","geometry":{"type":"Point","coordinates":[135.5985073,34.80651]},"properties":{"z":8.9}},{"type":"Feature","geometry":{"type":"Point","coordinates":[135.5985338,34.8065487]},"properties":{"z":8.9}},{"type":"Feature","geometry":{"type":"Point","coordinates":[135.5985535,34.8065906]},"properties":{"z":8.9}},{"type":"Feature","geometry":{"type":"Point","coordinates":[135.5985779,34.8066303]},"properties":{"z":8.9}},{"type":"Feature","geometry":{"type":"Point","coordinates":[135.5986132,34.8066647]},"properties":{"z":8.9}},{"type":"Feature","geometry":{"type":"Point","coordinates":[135.5986486,34.806699]},"properties":{"z":8.9}},{"type":"Feature","geometry":{"type":"Point","coordinates":[135.5986825,34.8067343]},"properties":{"z":8.9}},{"type":"Feature","geometry":{"type":"Point","coordinates":[135.5987162,34.8067697]},"properties":{"z":8.9}},{"type":"Feature","geometry":{"type":"Point","coordinates":[135.5987506,34.8068046]},"properties":{"z":8.9}},{"type":"Feature","geometry":{"type":"Point","coordinates":[135.5987869,34.8068383]},"properties":{"z":9.0}},{"type":"Feature","geometry":{"type":"Point","coordinates":[135.5988232,34.8068719]},"properties":{"z":9.0}},{"type":"Feature","geometry":{"type":"Point","coordinates":[135.5988583,34.8069064]},"properties":{"z":9.0}},{"type":"Feature","geometry":{"type":"Point","coordinates":[135.5988932,34.806941]},"properties":{"z":9.0}},{"type":"Feature","geometry":{"type":"Point","coordinates":[135.5989273,34.8069762]},"properties":{"z":8.9}},{"type":"Feature","geometry":{"type":"Point","coordinates":[135.5989608,34.8070118]},"properties":{"z":8.9}},{"type":"Feature","geometry":{"type":"Point","coordinates":[135.5989943,34.8070473]},"properties":{"z":8.9}},{"type":"Feature","geometry":{"type":"Point","coordinates":[135.5990366,34.8070757]},"properties":{"z":8.8}},{"type":"Feature","geometry":{"type":"Point","coordinates":[135.5990796,34.8071035]},"properties":{"z":8.8}},{"type":"Feature","geometry":{"type":"Point","coordinates":[135.5991154,34.8071366]},"properties":{"z":8.7}},{"type":"Feature","geometry":{"type":"Point","coordinates":[135.5991441,34.8071749]},"properties":{"z":8.7}},{"type":"Feature","geometry":{"type":"Point","coordinates":[135.5991729,34.8072132]},"properties":{"z":8.7}},{"type":"Feature","geometry":{"type":"Point","coordinates":[135.5992097,34.8072464]},"properties":{"z":8.7}},{"type":"Feature","geometry":{"type":"Point","coordinates":[135.5992465,34.8072797]},"properties":{"z":8.7}},{"type":"Feature","geometry":{"type":"Point","coordinates":[135.5992822,34.8073137]},"properties":{"z":8.6}},{"type":"Feature","geometry":{"type":"Point","coordinates":[135.5993141,34.8073503]},"properties":{"z":8.6}},{"type":"Feature","geometry":{"type":"Point","coordinates":[135.5993459,34.8073868]},"properties":{"z":8.6}},{"type":"Feature","geometry":{"type":"Point","coordinates":[135.5993828,34.8074198]},"properties":{"z":8.5}},{"type":"Feature","geometry":{"type":"Point","coordinates":[135.5994228,34.8074505]},"properties":{"z":8.5}},{"type":"Feature","geometry":{"type":"Point","coordinates":[135.5994611,34.8074825]},"properties":{"z":8.4}},{"type":"Feature","geometry":{"type":"Point","coordinates":[135.5994961,34.8075171]},"properties":{"z":8.4}},{"type":"Feature","geometry":{"type":"Point","coordinates":[135.5995313,34.8075515]},"properties":{"z":8.4}},{"type":"Feature","geometry":{"type":"Point","coordinates":[135.5995677,34.807585]},"properties":{"z":8.4}},{"type":"Feature","geometry":{"type":"Point","coordinates":[135.5996038,34.8076188]},"properties":{"z":8.3}},{"type":"Feature","geometry":{"type":"Point","coordinates":[135.5996379,34.807654]},"properties":{"z":8.3}},{"type":"Feature","geometry":{"type":"Point","coordinates":[135.5996719,34.8076892]},"properties":{"z":8.3}},{"type":"Feature","geometry":{"type":"Point","coordinates":[135.5997067,34.8077238]},"properties":{"z":8.3}},{"type":"Feature","geometry":{"type":"Point","coordinates":[135.599747,34.8077543]},"properties":{"z":8.2}},{"type":"Feature","geometry":{"type":"Point","coordinates":[135.5997872,34.8077848]},"properties":{"z":8.2}},{"type":"Feature","geometry":{"type":"Point","coordinates":[135.5998264,34.8078162]},"properties":{"z":8.2}},{"type":"Feature","geometry":{"type":"Point","coordinates":[135.5998653,34.8078478]},"properties":{"z":8.2}},{"type":"Feature","geometry":{"type":"Point","coordinates":[135.5999026,34.8078807]},"properties":{"z":8.1}},{"type":"Feature","geometry":{"type":"Point","coordinates":[135.599938,34.807915]},"properties":{"z":8.1}},{"type":"Feature","geometry":{"type":"Point","coordinates":[135.5999733,34.8079493]},"properties":{"z":8.1}},{"type":"Feature","geometry":{"type":"Point","coordinates":[135.600009,34.8079834]},"properties":{"z":8.1}},{"type":"Feature","geometry":{"type":"Point","coordinates":[135.6000446,34.8080175]},"properties":{"z":8.0}},{"type":"Feature","geometry":{"type":"Point","coordinates":[135.6000825,34.8080498]},"properties":{"z":8.0}},{"type":"Feature","geometry":{"type":"Point","coordinates":[135.6001232,34.8080799]},"properties":{"z":8.0}},{"type":"Feature","geometry":{"type":"Point","coordinates":[135.600159,34.8081133]},"properties":{"z":7.9}},{"type":"Feature","geometry":{"type":"Point","coordinates":[135.6001874,34.8081517]},"properties":{"z":7.9}},{"type":"Feature","geometry":{"type":"Point","coordinates":[135.6002176,34.808189]},"properties":{"z":7.8}},{"type":"Feature","geometry":{"type":"Point","coordinates":[135.600254,34.8082226]},"properties":{"z":7.8}},{"type":"Feature","geometry":{"type":"Point","coordinates":[135.6002905,34.8082561]},"properties":{"z":7.8}},{"type":"Feature","geometry":{"type":"Point","coordinates":[135.6003273,34.8082894]},"properties":{"z":7.7}},{"type":"Feature","geometry":{"type":"Point","coordinates":[135.6003643,34.8083225]},"properties":{"z":7.7}},{"type":"Feature","geometry":{"type":"Point","coordinates":[135.6004009,34.808356]},"properties":{"z":7.7}},{"type":"Feature","geometry":{"type":"Point","coordinates":[135.6004373,34.8083896]},"properties":{"z":7.7}},{"type":"Feature","geometry":{"type":"Point","coordinates":[135.6004736,34.8084232]},"properties":{"z":7.6}},{"type":"Feature","geometry":{"type":"Point","coordinates":[135.6005067,34.808459]},"properties":{"z":7.6}},{"type":"Feature","geometry":{"type":"Point","coordinates":[135.6005398,34.8084948]},"properties":{"z":7.6}},{"type":"Feature","geometry":{"type":"Point","coordinates":[135.6005737,34.8085301]},"properties":{"z":7.5}},{"type":"Feature","geometry":{"type":"Point","coordinates":[135.60061,34.8085637]},"properties":{"z":7.5}},{"type":"Feature","geometry":{"type":"Point","coordinates":[135.6006463,34.8085974]},"properties":{"z":7.5}},{"type":"Feature","geometry":{"type":"Point","coordinates":[135.6006822,34.8086313]},"properties":{"z":7.5}},{"type":"Feature","geometry":{"type":"Point","coordinates":[135.6007178,34.8086655]},"properties":{"z":7.5}},{"type":"Feature","geometry":{"type":"Point","coordinates":[135.6007533,34.8086997]},"properties":{"z":7.4}},{"type":"Feature","geometry":{"type":"Point","coordinates":[135.6007925,34.808731]},"properties":{"z":7.4}},{"type":"Feature","geometry":{"type":"Point","coordinates":[135.6008319,34.8087623]},"properties":{"z":7.4}},{"type":"Feature","geometry":{"type":"Point","coordinates":[135.6008694,34.8087949]},"properties":{"z":7.4}},{"type":"Feature","geometry":{"type":"Point","coordinates":[135.6009035,34.8088301]},"properties":{"z":7.3}},{"type":"Feature","geometry":{"type":"Point","coordinates":[135.6009376,34.8088652]},"properties":{"z":7.3}},{"type":"Feature","geometry":{"type":"Point","coordinates":[135.6009694,34.8089018]},"properties":{"z":7.3}},{"type":"Feature","geometry":{"type":"Point","coordinates":[135.6010007,34.8089387]},"properties":{"z":7.2}},{"type":"Feature","geometry":{"type":"Point","coordinates":[135.6010346,34.8089738]},"properties":{"z":7.2}},{"type":"Feature","geometry":{"type":"Point","coordinates":[135.601073,34.8090059]},"properties":{"z":7.2}},{"type":"Feature","geometry":{"type":"Point","coordinates":[135.6011106,34.8090385]},"properties":{"z":7.2}},{"type":"Feature","geometry":{"type":"Point","coordinates":[135.6011463,34.8090726]},"properties":{"z":7.2}},{"type":"Feature","geometry":{"type":"Point","coordinates":[135.6011832,34.8091057]},"properties":{"z":7.1}},{"type":"Feature","geometry":{"type":"Point","coordinates":[135.6012238,34.8091359]},"properties":{"z":7.1}},{"type":"Feature","geometry":{"type":"Point","coordinates":[135.6012644,34.809166]},"properties":{"z":7.0}},{"type":"Feature","geometry":{"type":"Point","coordinates":[135.601303,34.8091978]},"properties":{"z":7.0}},{"type":"Feature","geometry":{"type":"Point","coordinates":[135.6013402,34.8092308]},"properties":{"z":6.9}},{"type":"Feature","geometry":{"type":"Point","coordinates":[135.6013772,34.809264]},"properties":{"z":6.9}},{"type":"Feature","geometry":{"type":"Point","coordinates":[135.6014115,34.809299]},"properties":{"z":6.9}},{"type":"Feature","geometry":{"type":"Point","coordinates":[135.6014458,34.809334]},"properties":{"z":6.8}},{"type":"Feature","geometry":{"type":"Point","coordinates":[135.6014769,34.809371]},"properties":{"z":6.8}},{"type":"Feature","geometry":{"type":"Point","coordinates":[135.6015073,34.8094084]},"properties":{"z":6.8}},{"type":"Feature","geometry":{"type":"Point","coordinates":[135.6015404,34.8094441]},"properties":{"z":6.8}},{"type":"Feature","geometry":{"type":"Point","coordinates":[135.6015754,34.8094786]},"properties":{"z":6.8}},{"type":"Feature","geometry":{"type":"Point","coordinates":[135.6016105,34.8095132]},"properties":{"z":6.7}},{"type":"Feature","geometry":{"type":"Point","coordinates":[135.601647,34.8095467]},"properties":{"z":6.7}},{"type":"Feature","geometry":{"type":"Point","coordinates":[135.6016836,34.8095801]},"properties":{"z":6.7}},{"type":"Feature","geometry":{"type":"Point","coordinates":[135.6017176,34.8096152]},"properties":{"z":6.7}},{"type":"Feature","geometry":{"type":"Point","coordinates":[135.6017493,34.8096519]},"properties":{"z":6.6}},{"type":"Feature","geometry":{"type":"Point","coordinates":[135.601781,34.8096885]},"properties":{"z":6.6}},{"type":"Feature","geometry":{"type":"Point","coordinates":[135.6018163,34.8097229]},"properties":{"z":6.6}},{"type":"Feature","geometry":{"type":"Point","coordinates":[135.6018521,34.8097569]},"properties":{"z":6.5}},{"type":"Feature","geometry":{"type":"Point","coordinates":[135.6018881,34.8097907]},"properties":{"z":6.5}},{"type":"Feature","geometry":{"type":"Point","coordinates":[135.6019242,34.8098246]},"properties":{"z":6.5}},{"type":"Feature","geometry":{"type":"Point","coordinates":[135.6019581,34.8098598]},"properties":{"z":6.5}},{"type":"Feature","geometry":{"type":"Point","coordinates":[135.6019909,34.8098958]},"properties":{"z":6.5}},{"type":"Feature","geometry":{"type":"Point","coordinates":[135.6020237,34.8099318]},"properties":{"z":6.4}},{"type":"Feature","geometry":{"type":"Point","coordinates":[135.6020612,34.8099645]},"properties":{"z":6.4}},{"type":"Feature","geometry":{"type":"Point","coordinates":[135.6020986,34.8099973]},"properties":{"z":6.4}},{"type":"Feature","geometry":{"type":"Point","coordinates":[135.6021355,34.8100306]},"properties":{"z":6.3}},{"type":"Feature","geometry":{"type":"Point","coordinates":[135.6021679,34.8100667]},"properties":{"z":6.3}},{"type":"Feature","geometry":{"type":"Point","coordinates":[135.6022006,34.8101028]},"properties":{"z":6.2}},{"type":"Feature","geometry":{"type":"Point","coordinates":[135.6022408,34.8101333]},"properties":{"z":6.2}},{"type":"Feature","geometry":{"type":"Point","coordinates":[135.602281,34.8101639]},"properties":{"z":6.2}},{"type":"Feature","geometry":{"type":"Point","coordinates":[135.6023203,34.8101951]},"properties":{"z":6.2}},{"type":"Feature","geometry":{"type":"Point","coordinates":[135.6023559,34.8102292]},"properties":{"z":6.2}},{"type":"Feature","geometry":{"type":"Point","coordinates":[135.6023915,34.8102634]},"properties":{"z":6.1}},{"type":"Feature","geometry":{"type":"Point","coordinates":[135.6024253,34.8102986]},"properties":{"z":6.1}},{"type":"Feature","geometry":{"type":"Point","coordinates":[135.602456,34.8103359]},"properties":{"z":6.0}},{"type":"Feature","geometry":{"type":"Point","coordinates":[135.6024844,34.8103741]},"properties":{"z":6.0}},{"type":"Feature","geometry":{"type":"Point","coordinates":[135.6025066,34.8104152]},"properties":{"z":6.0}},{"type":"Feature","geometry":{"type":"Point","coordinates":[135.6025298,34.8104557]},"properties":{"z":6.0}},{"type":"Feature","geometry":{"type":"Point","coordinates":[135.6025723,34.8104841]},"properties":{"z":5.9}},{"type":"Feature","geometry":{"type":"Point","coordinates":[135.6026147,34.8105124]},"properties":{"z":5.9}},{"type":"Feature","geometry":{"type":"Point","coordinates":[135.602656,34.810542]},"properties":{"z":5.9}},{"type":"Feature","geometry":{"type":"Point","coordinates":[135.6026964,34.8105723]},"properties":{"z":5.9}},{"type":"Feature","geometry":{"type":"Point","coordinates":[135.6027353,34.8106039]},"properties":{"z":5.8}},{"type":"Feature","geometry":{"type":"Point","coordinates":[135.6027713,34.8106377]},"properties":{"z":5.8}},{"type":"Feature","geometry":{"type":"Point","coordinates":[135.6028074,34.8106715]},"properties":{"z":5.8}},{"type":"Feature","geometry":{"type":"Point","coordinates":[135.6028403,34.8107074]},"properties":{"z":5.8}},{"type":"Feature","geometry":{"type":"Point","coordinates":[135.602873,34.8107435]},"properties":{"z":5.8}},{"type":"Feature","geometry":{"type":"Point","coordinates":[135.6029053,34.8107798]},"properties":{"z":5.7}},{"type":"Feature","geometry":{"type":"Point","coordinates":[135.6029374,34.8108162]},"properties":{"z":5.7}},{"type":"Feature","geometry":{"type":"Point","coordinates":[135.6029704,34.810852]},"properties":{"z":5.7}},{"type":"Feature","geometry":{"type":"Point","coordinates":[135.6030079,34.8108848]},"properties":{"z":5.7}},{"type":"Feature","geometry":{"type":"Point","coordinates":[135.6030453,34.8109176]},"properties":{"z":5.7}},{"type":"Feature","geometry":{"type":"Point","coordinates":[135.6030832,34.81095]},"properties":{"z":5.6}},{"type":"Feature","geometry":{"type":"Point","coordinates":[135.6031212,34.8109824]},"properties":{"z":5.6}},{"type":"Feature","geometry":{"type":"Point","coordinates":[135.6031583,34.8110154]},"properties":{"z":5.5}},{"type":"Feature","geometry":{"type":"Point","coordinates":[135.6031937,34.8110497]},"properties":{"z":5.5}},{"type":"Feature","geometry":{"type":"Point","coordinates":[135.603229,34.811084]},"properties":{"z":5.4}},{"type":"Feature","geometry":{"type":"Point","coordinates":[135.603266,34.8111172]},"properties":{"z":5.4}},{"type":"Feature","geometry":{"type":"Point","coordinates":[135.6033033,34.8111501]},"properties":{"z":5.4}},{"type":"Feature","geometry":{"type":"Point","coordinates":[135.6033387,34.8111841]},"properties":{"z":5.3}},{"type":"Feature","geometry":{"type":"Point","coordinates":[135.6033652,34.8112235]},"properties":{"z":5.3}},{"type":"Feature","geometry":{"type":"Point","coordinates":[135.6033917,34.8112628]},"properties":{"z":5.3}},{"type":"Feature","geometry":{"type":"Point","coordinates":[135.6034198,34.8113014]},"properties":{"z":5.3}},{"type":"Feature","geometry":{"type":"Point","coordinates":[135.603448,34.8113399]},"properties":{"z":5.3}},{"type":"Feature","geometry":{"type":"Point","coordinates":[135.6034882,34.8113692]},"properties":{"z":5.3}},{"type":"Feature","geometry":{"type":"Point","coordinates":[135.6035332,34.8113949]},"properties":{"z":5.3}},{"type":"Feature","geometry":{"type":"Point","coordinates":[135.6035777,34.811421]},"properties":{"z":5.2}},{"type":"Feature","geometry":{"type":"Point","coordinates":[135.6036207,34.8114488]},"properties":{"z":5.2}},{"type":"Feature","geometry":{"type":"Point","coordinates":[135.6036618,34.8114781]},"properties":{"z":5.2}},{"type":"Feature","geometry":{"type":"Point","coordinates":[135.6036911,34.8115161]},"properties":{"z":5.2}},{"type":"Feature","geometry":{"type":"Point","coordinates":[135.6037206,34.8115539]},"properties":{"z":5.3}},{"type":"Feature","geometry":{"type":"Point","coordinates":[135.6037593,34.8115856]},"properties":{"z":5.2}},{"type":"Feature","geometry":{"type":"Point","coordinates":[135.6037981,34.8116174]},"properties":{"z":5.2}},{"type":"Feature","geometry":{"type":"Point","coordinates":[135.6038307,34.8116533]},"properties":{"z":5.2}},{"type":"Feature","geometry":{"type":"Point","coordinates":[135.6038608,34.8116908]},"properties":{"z":5.3}},{"type":"Feature","geometry":{"type":"Point","coordinates":[135.6038954,34.8117255]},"properties":{"z":5.3}},{"type":"Feature","geometry":{"type":"Point","coordinates":[135.6039322,34.8117587]},"properties":{"z":5.3}},{"type":"Feature","geometry":{"type":"Point","coordinates":[135.6039691,34.811792]},"properties":{"z":5.4}},{"type":"Feature","geometry":{"type":"Point","coordinates":[135.6040046,34.8118262]},"properties":{"z":5.4}},{"type":"Feature","geometry":{"type":"Point","coordinates":[135.6040395,34.8118608]},"properties":{"z":5.4}},{"type":"Feature","geometry":{"type":"Point","coordinates":[135.6040735,34.811896]},"properties":{"z":5.4}},{"type":"Feature","geometry":{"type":"Point","coordinates":[135.604106,34.8119322]},"properties":{"z":5.6}},{"type":"Feature","geometry":{"type":"Point","coordinates":[135.6041385,34.8119684]},"properties":{"z":5.6}},{"type":"Feature","geometry":{"type":"Point","coordinates":[135.6041741,34.8120024]},"properties":{"z":5.7}},{"type":"Feature","geometry":{"type":"Point","coordinates":[135.6042126,34.8120343]},"properties":{"z":5.7}},{"type":"Feature","geometry":{"type":"Point","coordinates":[135.6042466,34.8120693]},"properties":{"z":5.7}},{"type":"Feature","geometry":{"type":"Point","coordinates":[135.6042764,34.812107]},"properties":{"z":5.7}},{"type":"Feature","geometry":{"type":"Point","coordinates":[135.6043085,34.8121429]},"properties":{"z":5.8}},{"type":"Feature","geometry":{"type":"Point","coordinates":[135.6043522,34.81217]},"properties":{"z":5.8}},{"type":"Feature","geometry":{"type":"Point","coordinates":[135.6043959,34.8121971]},"properties":{"z":5.9}},{"type":"Feature","geometry":{"type":"Point","coordinates":[135.6044233,34.8122346]},"properties":{"z":5.9}},{"type":"Feature","geometry":{"type":"Point","coordinates":[135.6044446,34.812276]},"properties":{"z":6.0}},{"type":"Feature","geometry":{"type":"Point","coordinates":[135.6044773,34.8123113]},"properties":{"z":6.0}},{"type":"Feature","geometry":{"type":"Point","coordinates":[135.6045151,34.8123438]},"properties":{"z":6.1}},{"type":"Feature","geometry":{"type":"Point","coordinates":[135.6045551,34.8123744]},"properties":{"z":6.1}},{"type":"Feature","geometry":{"type":"Point","coordinates":[135.6045979,34.8124024]},"properties":{"z":6.1}},{"type":"Feature","geometry":{"type":"Point","coordinates":[135.6046384,34.8124321]},"properties":{"z":6.1}},{"type":"Feature","geometry":{"type":"Point","coordinates":[135.6046689,34.8124695]},"properties":{"z":6.2}},{"type":"Feature","geometry":{"type":"Point","coordinates":[135.6046993,34.8125069]},"properties":{"z":6.3}},{"type":"Feature","geometry":{"type":"Point","coordinates":[135.6047357,34.8125403]},"properties":{"z":6.4}},{"type":"Feature","geometry":{"type":"Point","coordinates":[135.6047734,34.8125729]},"properties":{"z":6.4}},{"type":"Feature","geometry":{"type":"Point","coordinates":[135.6048066,34.8126086]},"properties":{"z":6.4}},{"type":"Feature","geometry":{"type":"Point","coordinates":[135.6048388,34.812645]},"properties":{"z":6.4}},{"type":"Feature","geometry":{"type":"Point","coordinates":[135.6048715,34.812681]},"properties":{"z":6.5}},{"type":"Feature","geometry":{"type":"Point","coordinates":[135.604905,34.8127166]},"properties":{"z":6.5}},{"type":"Feature","geometry":{"type":"Point","coordinates":[135.6049386,34.812752]},"properties":{"z":6.6}},{"type":"Feature","geometry":{"type":"Point","coordinates":[135.6049732,34.8127869]},"properties":{"z":6.6}},{"type":"Feature","geometry":{"type":"Point","coordinates":[135.6050077,34.8128218]},"properties":{"z":6.7}},{"type":"Feature","geometry":{"type":"Point","coordinates":[135.6050428,34.8128563]},"properties":{"z":6.7}},{"type":"Feature","geometry":{"type":"Point","coordinates":[135.6050783,34.8128905]},"properties":{"z":6.8}},{"type":"Feature","geometry":{"type":"Point","coordinates":[135.6051139,34.8129246]},"properties":{"z":6.8}},{"type":"Feature","geometry":{"type":"Point","coordinates":[135.6051506,34.812958]},"properties":{"z":6.8}},{"type":"Feature","geometry":{"type":"Point","coordinates":[135.6051873,34.8129914]},"properties":{"z":6.8}},{"type":"Feature","geometry":{"type":"Point","coordinates":[135.6052235,34.8130251]},"properties":{"z":6.9}},{"type":"Feature","geometry":{"type":"Point","coordinates":[135.6052593,34.8130591]},"properties":{"z":7.0}},{"type":"Feature","geometry":{"type":"Point","coordinates":[135.6052953,34.813093]},"properties":{"z":7.0}},{"type":"Feature","geometry":{"type":"Point","coordinates":[135.6053338,34.8131249]},"properties":{"z":7.1}},{"type":"Feature","geometry":{"type":"Point","coordinates":[135.6053723,34.8131569]},"properties":{"z":7.1}},{"type":"Feature","geometry":{"type":"Point","coordinates":[135.60541,34.8131895]},"properties":{"z":7.1}},{"type":"Feature","geometry":{"type":"Point","coordinates":[135.6054462,34.8132232]},"properties":{"z":7.1}},{"type":"Feature","geometry":{"type":"Point","coordinates":[135.6054825,34.8132568]},"properties":{"z":7.3}},{"type":"Feature","geometry":{"type":"Point","coordinates":[135.6055162,34.8132922]},"properties":{"z":7.3}},{"type":"Feature","geometry":{"type":"Point","coordinates":[135.6055486,34.8133284]},"properties":{"z":7.4}},{"type":"Feature","geometry":{"type":"Point","coordinates":[135.6055816,34.8133643]},"properties":{"z":7.4}},{"type":"Feature","geometry":{"type":"Point","coordinates":[135.6056156,34.8133995]},"properties":{"z":7.4}},{"type":"Feature","geometry":{"type":"Point","coordinates":[135.6056496,34.8134348]},"properties":{"z":7.4}},{"type":"Feature","geometry":{"type":"Point","coordinates":[135.6056844,34.8134695]},"properties":{"z":7.5}},{"type":"Feature","geometry":{"type":"Point","coordinates":[135.6057203,34.8135034]},"properties":{"z":7.5}},{"type":"Feature","geometry":{"type":"Point","coordinates":[135.6057559,34.8135375]},"properties":{"z":7.6}},{"type":"Feature","geometry":{"type":"Point","coordinates":[135.6057861,34.813575]},"properties":{"z":7.6}},{"type":"Feature","geometry":{"type":"Point","coordinates":[135.6058163,34.8136125]},"properties":{"z":7.7}},{"type":"Feature","geometry":{"type":"Point","coordinates":[135.6058525,34.8136459]},"properties":{"z":7.7}},{"type":"Feature","geometry":{"type":"Point","coordinates":[135.6058915,34.8136775]},"properties":{"z":7.8}},{"type":"Feature","geometry":{"type":"Point","coordinates":[135.6059328,34.8137068]},"properties":{"z":7.8}},{"type":"Feature","geometry":{"type":"Point","coordinates":[135.6059773,34.813733]},"properties":{"z":7.9}},{"type":"Feature","geometry":{"type":"Point","coordinates":[135.6060215,34.8137596]},"properties":{"z":7.9}},{"type":"Feature","geometry":{"type":"Point","coordinates":[135.6060647,34.8137872]},"properties":{"z":7.9}},{"type":"Feature","geometry":{"type":"Point","coordinates":[135.6061073,34.8138153]},"properties":{"z":8.0}},{"type":"Feature","geometry":{"type":"Point","coordinates":[135.6061482,34.8138453]},"properties":{"z":8.0}},{"type":"Feature","geometry":{"type":"Point","coordinates":[135.606189,34.8138753]},"properties":{"z":8.1}},{"type":"Feature","geometry":{"type":"Point","coordinates":[135.606228,34.8139067]},"properties":{"z":8.1}},{"type":"Feature","geometry":{"type":"Point","coordinates":[135.6062666,34.8139386]},"properties":{"z":8.1}},{"type":"Feature","geometry":{"type":"Point","coordinates":[135.6063031,34.813972]},"properties":{"z":8.1}},{"type":"Feature","geometry":{"type":"Point","coordinates":[135.6063357,34.8140081]},"properties":{"z":8.2}},{"type":"Feature","geometry":{"type":"Point","coordinates":[135.6063668,34.814045]},"properties":{"z":8.3}},{"type":"Feature","geometry":{"type":"Point","coordinates":[135.6063924,34.8140847]},"properties":{"z":8.3}},{"type":"Feature","geometry":{"type":"Point","coordinates":[135.6064215,34.814122]},"properties":{"z":8.4}},{"type":"Feature","geometry":{"type":"Point","coordinates":[135.606465,34.8141493]},"properties":{"z":8.4}},{"type":"Feature","geometry":{"type":"Point","coordinates":[135.6065085,34.8141766]},"properties":{"z":8.4}},{"type":"Feature","geometry":{"type":"Point","coordinates":[135.6065467,34.8142088]},"properties":{"z":8.4}},{"type":"Feature","geometry":{"type":"Point","coordinates":[135.6065848,34.814241]},"properties":{"z":8.6}},{"type":"Feature","geometry":{"type":"Point","coordinates":[135.6066221,34.8142739]},"properties":{"z":8.6}},{"type":"Feature","geometry":{"type":"Point","coordinates":[135.6066592,34.8143071]},"properties":{"z":8.7}},{"type":"Feature","geometry":{"type":"Point","coordinates":[135.6066944,34.8143413]},"properties":{"z":8.7}},{"type":"Feature","geometry":{"type":"Point","coordinates":[135.606725,34.8143786]},"properties":{"z":8.7}},{"type":"Feature","geometry":{"type":"Point","coordinates":[135.6067558,34.8144158]},"properties":{"z":8.7}},{"type":"Feature","geometry":{"type":"Point","coordinates":[135.6067877,34.8144523]},"properties":{"z":8.8}},{"type":"Feature","geometry":{"type":"Point","coordinates":[135.6068196,34.8144888]},"properties":{"z":8.8}},{"type":"Feature","geometry":{"type":"Point","coordinates":[135.6068541,34.8145235]},"properties":{"z":8.9}},{"type":"Feature","geometry":{"type":"Point","coordinates":[135.6068955,34.8145528]},"properties":{"z":8.9}},{"type":"Feature","geometry":{"type":"Point","coordinates":[135.6069356,34.8145832]},"properties":{"z":9.0}},{"type":"Feature","geometry":{"type":"Point","coordinates":[135.6069689,34.8146189]},"properties":{"z":9.0}},{"type":"Feature","geometry":{"type":"Point","coordinates":[135.6070022,34.8146546]},"properties":{"z":9.1}},{"type":"Feature","geometry":{"type":"Point","coordinates":[135.6070407,34.8146864]},"properties":{"z":9.1}},{"type":"Feature","geometry":{"type":"Point","coordinates":[135.6070811,34.8147167]},"properties":{"z":9.1}},{"type":"Feature","geometry":{"type":"Point","coordinates":[135.6071186,34.8147494]},"properties":{"z":9.2}},{"type":"Feature","geometry":{"type":"Point","coordinates":[135.6071543,34.8147835]},"properties":{"z":9.2}},{"type":"Feature","geometry":{"type":"Point","coordinates":[135.6071895,34.8148178]},"properties":{"z":9.3}},{"type":"Feature","geometry":{"type":"Point","coordinates":[135.6072245,34.8148524]},"properties":{"z":9.3}},{"type":"Feature","geometry":{"type":"Point","coordinates":[135.6072585,34.8148877]},"properties":{"z":9.4}},{"type":"Feature","geometry":{"type":"Point","coordinates":[135.6072911,34.8149238]},"properties":{"z":9.4}},{"type":"Feature","geometry":{"type":"Point","coordinates":[135.6073238,34.8149599]},"properties":{"z":9.4}},{"type":"Feature","geometry":{"type":"Point","coordinates":[135.6073575,34.8149953]},"properties":{"z":9.4}},{"type":"Feature","geometry":{"type":"Point","coordinates":[135.6073913,34.8150306]},"properties":{"z":9.4}},{"type":"Feature","geometry":{"type":"Point","coordinates":[135.6074264,34.8150651]},"properties":{"z":9.4}},{"type":"Feature","geometry":{"type":"Point","coordinates":[135.6074632,34.8150984]},"properties":{"z":9.4}},{"type":"Feature","geometry":{"type":"Point","coordinates":[135.6075,34.8151316]},"properties":{"z":9.4}},{"type":"Feature","geometry":{"type":"Point","coordinates":[135.6075308,34.8151686]},"properties":{"z":9.4}},{"type":"Feature","geometry":{"type":"Point","coordinates":[135.6075592,34.815207]},"properties":{"z":9.4}},{"type":"Feature","geometry":{"type":"Point","coordinates":[135.6075898,34.8152441]},"properties":{"z":9.4}},{"type":"Feature","geometry":{"type":"Point","coordinates":[135.6076276,34.8152766]},"properties":{"z":9.4}},{"type":"Feature","geometry":{"type":"Point","coordinates":[135.6076654,34.8153092]},"properties":{"z":9.4}},{"type":"Feature","geometry":{"type":"Point","coordinates":[135.6077063,34.8153389]},"properties":{"z":9.4}},{"type":"Feature","geometry":{"type":"Point","coordinates":[135.6077479,34.8153682]},"properties":{"z":9.4}},{"type":"Feature","geometry":{"type":"Point","coordinates":[135.6077826,34.8154027]},"properties":{"z":9.4}},{"type":"Feature","geometry":{"type":"Point","coordinates":[135.6078156,34.8154386]},"properties":{"z":9.4}},{"type":"Feature","geometry":{"type":"Point","coordinates":[135.6078388,34.8154791]},"properties":{"z":9.4}},{"type":"Feature","geometry":{"type":"Point","coordinates":[135.6078595,34.8155207]},"properties":{"z":9.4}},{"type":"Feature","geometry":{"type":"Point","coordinates":[135.607893,34.8155554]},"properties":{"z":9.4}},{"type":"Feature","geometry":{"type":"Point","coordinates":[135.607931,34.8155878]},"properties":{"z":9.4}},{"type":"Feature","geometry":{"type":"Point","coordinates":[135.6079635,34.8156238]},"properties":{"z":9.4}},{"type":"Feature","geometry":{"type":"Point","coordinates":[135.6079941,34.8156611]},"properties":{"z":9.4}},{"type":"Feature","geometry":{"type":"Point","coordinates":[135.6080254,34.8156979]},"properties":{"z":9.4}},{"type":"Feature","geometry":{"type":"Point","coordinates":[135.6080611,34.815732]},"properties":{"z":9.4}},{"type":"Feature","geometry":{"type":"Point","coordinates":[135.6080967,34.8157662]},"properties":{"z":9.4}},{"type":"Feature","geometry":{"type":"Point","coordinates":[135.608134,34.8157991]},"properties":{"z":9.4}},{"type":"Feature","geometry":{"type":"Point","coordinates":[135.6081718,34.8158315]},"properties":{"z":9.4}},{"type":"Feature","geometry":{"type":"Point","coordinates":[135.6082101,34.8158637]},"properties":{"z":9.4}},{"type":"Feature","geometry":{"type":"Point","coordinates":[135.608251,34.8158936]},"properties":{"z":9.4}},{"type":"Feature","geometry":{"type":"Point","coordinates":[135.6082919,34.8159235]},"properties":{"z":9.4}},{"type":"Feature","geometry":{"type":"Point","coordinates":[135.6083345,34.8159516]},"properties":{"z":9.4}},{"type":"Feature","geometry":{"type":"Point","coordinates":[135.6083777,34.8159792]},"properties":{"z":9.4}},{"type":"Feature","geometry":{"type":"Point","coordinates":[135.6084193,34.8160083]},"properties":{"z":9.4}},{"type":"Feature","geometry":{"type":"Point","coordinates":[135.6084564,34.8160414]},"properties":{"z":9.4}},{"type":"Feature","geometry":{"type":"Point","coordinates":[135.6084931,34.8160747]},"properties":{"z":9.4}},{"type":"Feature","geometry":{"type":"Point","coordinates":[135.608526,34.8161106]},"properties":{"z":9.4}},{"type":"Feature","geometry":{"type":"Point","coordinates":[135.6085589,34.8161466]},"properties":{"z":9.4}},{"type":"Feature","geometry":{"type":"Point","coordinates":[135.6085878,34.8161846]},"properties":{"z":9.4}},{"type":"Feature","geometry":{"type":"Point","coordinates":[135.6086137,34.8162242]},"properties":{"z":9.5}},{"type":"Feature","geometry":{"type":"Point","coordinates":[135.6086512,34.8162537]},"properties":{"z":9.5}},{"type":"Feature","geometry":{"type":"Point","coordinates":[135.608701,34.8162722]},"properties":{"z":9.5}},{"type":"Feature","geometry":{"type":"Point","coordinates":[135.6087436,34.8162985]},"properties":{"z":9.5}},{"type":"Feature","geometry":{"type":"Point","coordinates":[135.608778,34.8163335]},"properties":{"z":9.5}},{"type":"Feature","geometry":{"type":"Point","coordinates":[135.6088123,34.8163685]},"properties":{"z":9.5}},{"type":"Feature","geometry":{"type":"Point","coordinates":[135.608847,34.8164033]},"properties":{"z":9.5}},{"type":"Feature","geometry":{"type":"Point","coordinates":[135.6088818,34.816438]},"properties":{"z":9.5}},{"type":"Feature","geometry":{"type":"Point","coordinates":[135.6089166,34.8164727]},"properties":{"z":9.5}},{"type":"Feature","geometry":{"type":"Point","coordinates":[135.6089471,34.81651]},"properties":{"z":9.5}},{"type":"Feature","geometry":{"type":"Point","coordinates":[135.6089763,34.816548]},"properties":{"z":9.5}},{"type":"Feature","geometry":{"type":"Point","coordinates":[135.6090059,34.8165858]},"properties":{"z":9.5}},{"type":"Feature","geometry":{"type":"Point","coordinates":[135.6090366,34.816623]},"properties":{"z":9.5}},{"type":"Feature","geometry":{"type":"Point","coordinates":[135.6090673,34.8166602]},"properties":{"z":9.5}},{"type":"Feature","geometry":{"type":"Point","coordinates":[135.6091014,34.8166953]},"properties":{"z":9.5}},{"type":"Feature","geometry":{"type":"Point","coordinates":[135.6091377,34.816729]},"properties":{"z":9.5}},{"type":"Feature","geometry":{"type":"Point","coordinates":[135.6091734,34.816763]},"properties":{"z":9.5}},{"type":"Feature","geometry":{"type":"Point","coordinates":[135.6092071,34.8167984]},"properties":{"z":9.5}},{"type":"Feature","geometry":{"type":"Point","coordinates":[135.6092409,34.8168338]},"properties":{"z":9.5}},{"type":"Feature","geometry":{"type":"Point","coordinates":[135.6092754,34.8168687]},"properties":{"z":9.5}},{"type":"Feature","geometry":{"type":"Point","coordinates":[135.6093105,34.8169032]},"properties":{"z":9.5}},{"type":"Feature","geometry":{"type":"Point","coordinates":[135.6093456,34.8169377]},"properties":{"z":9.5}},{"type":"Feature","geometry":{"type":"Point","coordinates":[135.6093839,34.8169698]},"properties":{"z":9.5}},{"type":"Feature","geometry":{"type":"Point","coordinates":[135.609423,34.8170013]},"properties":{"z":9.5}},{"type":"Feature","geometry":{"type":"Point","coordinates":[135.6094608,34.8170338]},"properties":{"z":9.5}},{"type":"Feature","geometry":{"type":"Point","coordinates":[135.6094974,34.8170672]},"properties":{"z":9.5}},{"type":"Feature","geometry":{"type":"Point","coordinates":[135.609534,34.8171006]},"properties":{"z":9.5}},{"type":"Feature","geometry":{"type":"Point","coordinates":[135.6095667,34.8171367]},"properties":{"z":9.5}},{"type":"Feature","geometry":{"type":"Point","coordinates":[135.6095988,34.8171731]},"properties":{"z":9.5}},{"type":"Feature","geometry":{"type":"Point","coordinates":[135.6096319,34.8172088]},"properties":{"z":9.5}},{"type":"Feature","geometry":{"type":"Point","coordinates":[135.6096684,34.8172423]},"properties":{"z":9.5}},{"type":"Feature","geometry":{"type":"Point","coordinates":[135.6097049,34.8172758]},"properties":{"z":9.5}},{"type":"Feature","geometry":{"type":"Point","coordinates":[135.6097414,34.8173094]},"properties":{"z":9.5}},{"type":"Feature","geometry":{"type":"Point","coordinates":[135.6097778,34.8173429]},"properties":{"z":9.5}},{"type":"Feature","geometry":{"type":"Point","coordinates":[135.6098136,34.8173769]},"properties":{"z":9.5}},{"type":"Feature","geometry":{"type":"Point","coordinates":[135.6098486,34.8174115]},"properties":{"z":9.5}},{"type":"Feature","geometry":{"type":"Point","coordinates":[135.6098835,34.8174461]},"properties":{"z":9.5}},{"type":"Feature","geometry":{"type":"Point","coordinates":[135.609921,34.8174788]},"properties":{"z":9.6}},{"type":"Feature","geometry":{"type":"Point","coordinates":[135.6099591,34.8175112]},"properties":{"z":9.6}},{"type":"Feature","geometry":{"type":"Point","coordinates":[135.6099956,34.8175446]},"properties":{"z":9.6}},{"type":"Feature","geometry":{"type":"Point","coordinates":[135.6100316,34.8175785]},"properties":{"z":9.6}},{"type":"Feature","geometry":{"type":"Point","coordinates":[135.610066,34.8176134]},"properties":{"z":9.6}},{"type":"Feature","geometry":{"type":"Point","coordinates":[135.610096,34.817651]},"properties":{"z":9.6}},{"type":"Feature","geometry":{"type":"Point","coordinates":[135.6101259,34.8176886]},"properties":{"z":9.6}},{"type":"Feature","geometry":{"type":"Point","coordinates":[135.6101608,34.8177231]},"properties":{"z":9.6}},{"type":"Feature","geometry":{"type":"Point","coordinates":[135.6101989,34.8177553]},"properties":{"z":9.6}},{"type":"Feature","geometry":{"type":"Point","coordinates":[135.6102373,34.8177873]},"properties":{"z":9.6}},{"type":"Feature","geometry":{"type":"Point","coordinates":[135.6102787,34.8178168]},"properties":{"z":9.6}},{"type":"Feature","geometry":{"type":"Point","coordinates":[135.6103198,34.8178464]},"properties":{"z":9.6}},{"type":"Feature","geometry":{"type":"Point","coordinates":[135.6103516,34.817883]},"properties":{"z":9.6}},{"type":"Feature","geometry":{"type":"Point","coordinates":[135.6103835,34.8179196]},"properties":{"z":9.6}},{"type":"Feature","geometry":{"type":"Point","coordinates":[135.6104173,34.8179549]},"properties":{"z":9.6}},{"type":"Feature","geometry":{"type":"Point","coordinates":[135.6104521,34.8179896]},"properties":{"z":9.6}},{"type":"Feature","geometry":{"type":"Point","coordinates":[135.6104871,34.8180241]},"properties":{"z":9.6}},{"type":"Feature","geometry":{"type":"Point","coordinates":[135.6105226,34.8180584]},"properties":{"z":9.6}},{"type":"Feature","geometry":{"type":"Point","coordinates":[135.610558,34.8180926]},"properties":{"z":9.6}},{"type":"Feature","geometry":{"type":"Point","coordinates":[135.6105915,34.8181282]},"properties":{"z":9.6}},{"type":"Feature","geometry":{"type":"Point","coordinates":[135.610625,34.8181638]},"properties":{"z":9.6}},{"type":"Feature","geometry":{"type":"Point","coordinates":[135.6106597,34.8181985]},"properties":{"z":9.6}},{"type":"Feature","geometry":{"type":"Point","coordinates":[135.6106972,34.8182313]},"properties":{"z":9.6}},{"type":"Feature","geometry":{"type":"Point","coordinates":[135.6107346,34.8182641]},"properties":{"z":9.6}},{"type":"Feature","geometry":{"type":"Point","coordinates":[135.6107698,34.8182985]},"properties":{"z":9.6}},{"type":"Feature","geometry":{"type":"Point","coordinates":[135.6108043,34.8183334]},"properties":{"z":9.6}},{"type":"Feature","geometry":{"type":"Point","coordinates":[135.6108385,34.8183685]},"properties":{"z":9.6}},{"type":"Feature","geometry":{"type":"Point","coordinates":[135.6108725,34.8184038]},"properties":{"z":9.6}},{"type":"Feature","geometry":{"type":"Point","coordinates":[135.6109064,34.818439]},"properties":{"z":9.6}},{"type":"Feature","geometry":{"type":"Point","coordinates":[135.6109415,34.8184736]},"properties":{"z":9.7}},{"type":"Feature","geometry":{"type":"Point","coordinates":[135.6109767,34.8185079]},"properties":{"z":9.7}},{"type":"Feature","geometry":{"type":"Point","coordinates":[135.611009,34.8185442]},"properties":{"z":9.7}},{"type":"Feature","geometry":{"type":"Point","coordinates":[135.6110396,34.8185815]},"properties":{"z":9.7}},{"type":"Feature","geometry":{"type":"Point","coordinates":[135.6110728,34.818617]},"properties":{"z":9.7}},{"type":"Feature","geometry":{"type":"Point","coordinates":[135.6111103,34.8186498]},"properties":{"z":9.7}},{"type":"Feature","geometry":{"type":"Point","coordinates":[135.6111478,34.8186825]},"properties":{"z":9.7}},{"type":"Feature","geometry":{"type":"Point","coordinates":[135.6111849,34.8187156]},"properties":{"z":9.7}},{"type":"Feature","geometry":{"type":"Point","coordinates":[135.6112218,34.8187489]},"properties":{"z":9.7}},{"type":"Feature","geometry":{"type":"Point","coordinates":[135.611258,34.8187825]},"properties":{"z":9.7}},{"type":"Feature","geometry":{"type":"Point","coordinates":[135.6112931,34.8188171]},"properties":{"z":9.7}},{"type":"Feature","geometry":{"type":"Point","coordinates":[135.611328,34.8188517]},"properties":{"z":9.7}},{"type":"Feature","geometry":{"type":"Point","coordinates":[135.6113563,34.8188902]},"properties":{"z":9.7}},{"type":"Feature","geometry":{"type":"Point","coordinates":[135.6113846,34.8189286]},"properties":{"z":9.7}},{"type":"Feature","geometry":{"type":"Point","coordinates":[135.6114103,34.8189683]},"properties":{"z":9.7}},{"type":"Feature","geometry":{"type":"Point","coordinates":[135.6114358,34.8190081]},"properties":{"z":9.7}},{"type":"Feature","geometry":{"type":"Point","coordinates":[135.6114657,34.8190457]},"properties":{"z":9.7}},{"type":"Feature","geometry":{"type":"Point","coordinates":[135.6114966,34.8190828]},"properties":{"z":9.7}},{"type":"Feature","geometry":{"type":"Point","coordinates":[135.6115304,34.8191181]},"properties":{"z":9.7}},{"type":"Feature","geometry":{"type":"Point","coordinates":[135.6115657,34.8191525]},"properties":{"z":9.7}},{"type":"Feature","geometry":{"type":"Point","coordinates":[135.6116012,34.8191867]},"properties":{"z":9.7}},{"type":"Feature","geometry":{"type":"Point","coordinates":[135.611637,34.8192207]},"properties":{"z":9.7}},{"type":"Feature","geometry":{"type":"Point","coordinates":[135.6116728,34.8192547]},"properties":{"z":9.7}},{"type":"Feature","geometry":{"type":"Point","coordinates":[135.6117104,34.8192874]},"properties":{"z":9.7}},{"type":"Feature","geometry":{"type":"Point","coordinates":[135.6117493,34.819319]},"properties":{"z":9.7}},{"type":"Feature","geometry":{"type":"Point","coordinates":[135.6117849,34.8193529]},"properties":{"z":9.7}},{"type":"Feature","geometry":{"type":"Point","coordinates":[135.611815,34.8193904]},"properties":{"z":9.7}},{"type":"Feature","geometry":{"type":"Point","coordinates":[135.6118454,34.8194278]},"properties":{"z":9.7}},{"type":"Feature","geometry":{"type":"Point","coordinates":[135.611881,34.8194619]},"properties":{"z":9.7}},{"type":"Feature","geometry":{"type":"Point","coordinates":[135.6119166,34.8194961]},"properties":{"z":9.7}},{"type":"Feature","geometry":{"type":"Point","coordinates":[135.6119526,34.81953]},"properties":{"z":9.7}},{"type":"Feature","geometry":{"type":"Point","coordinates":[135.6119887,34.8195637]},"properties":{"z":9.7}},{"type":"Feature","geometry":{"type":"Point","coordinates":[135.6120252,34.8195973]},"properties":{"z":9.7}},{"type":"Feature","geometry":{"type":"Point","coordinates":[135.612063,34.8196298]},"properties":{"z":9.7}},{"type":"Feature","geometry":{"type":"Point","coordinates":[135.6121008,34.8196623]},"properties":{"z":9.7}},{"type":"Feature","geometry":{"type":"Point","coordinates":[135.6121374,34.8196957]},"properties":{"z":9.7}},{"type":"Feature","geometry":{"type":"Point","coordinates":[135.6121734,34.8197296]},"properties":{"z":9.7}},{"type":"Feature","geometry":{"type":"Point","coordinates":[135.6122091,34.8197637]},"properties":{"z":9.7}},{"type":"Feature","geometry":{"type":"Point","coordinates":[135.6122436,34.8197986]},"properties":{"z":9.7}},{"type":"Feature","geometry":{"type":"Point","coordinates":[135.6122781,34.8198335]},"properties":{"z":9.7}},{"type":"Feature","geometry":{"type":"Point","coordinates":[135.6123116,34.819869]},"properties":{"z":9.7}},{"type":"Feature","geometry":{"type":"Point","coordinates":[135.6123443,34.8199051]},"properties":{"z":9.7}},{"type":"Feature","geometry":{"type":"Point","coordinates":[135.6123774,34.8199409]},"properties":{"z":9.7}},{"type":"Feature","geometry":{"type":"Point","coordinates":[135.6124113,34.8199762]},"properties":{"z":9.7}},{"type":"Feature","geometry":{"type":"Point","coordinates":[135.6124451,34.8200115]},"properties":{"z":9.7}},{"type":"Feature","geometry":{"type":"Point","coordinates":[135.6124799,34.8200463]},"properties":{"z":9.7}},{"type":"Feature","geometry":{"type":"Point","coordinates":[135.6125153,34.8200805]},"properties":{"z":9.7}},{"type":"Feature","geometry":{"type":"Point","coordinates":[135.6125508,34.8201147]},"properties":{"z":9.7}},{"type":"Feature","geometry":{"type":"Point","coordinates":[135.6125863,34.820149]},"properties":{"z":9.7}},{"type":"Feature","geometry":{"type":"Point","coordinates":[135.6126218,34.8201832]},"properties":{"z":9.7}},{"type":"Feature","geometry":{"type":"Point","coordinates":[135.6126558,34.8202184]},"properties":{"z":9.7}},{"type":"Feature","geometry":{"type":"Point","coordinates":[135.6126894,34.8202539]},"properties":{"z":9.8}},{"type":"Feature","geometry":{"type":"Point","coordinates":[135.6127238,34.8202889]},"properties":{"z":9.8}},{"type":"Feature","geometry":{"type":"Point","coordinates":[135.6127586,34.8203236]},"properties":{"z":9.8}},{"type":"Feature","geometry":{"type":"Point","coordinates":[135.6127938,34.820358]},"properties":{"z":9.8}},{"type":"Feature","geometry":{"type":"Point","coordinates":[135.6128318,34.8203904]},"properties":{"z":9.8}},{"type":"Feature","geometry":{"type":"Point","coordinates":[135.6128698,34.8204227]},"properties":{"z":9.8}},{"type":"Feature","geometry":{"type":"Point","coordinates":[135.6129049,34.8204573]},"properties":{"z":9.8}},{"type":"Feature","geometry":{"type":"Point","coordinates":[135.6129399,34.8204918]},"properties":{"z":9.8}},{"type":"Feature","geometry":{"type":"Point","coordinates":[135.6129767,34.820525]},"properties":{"z":9.8}},{"type":"Feature","geometry":{"type":"Point","coordinates":[135.6130167,34.8205557]},"properties":{"z":9.8}},{"type":"Feature","geometry":{"type":"Point","coordinates":[135.6130568,34.8205863]},"properties":{"z":9.8}},{"type":"Feature","geometry":{"type":"Point","coordinates":[135.6130886,34.8206223]},"properties":{"z":9.8}},{"type":"Feature","geometry":{"type":"Point","coordinates":[135.6131153,34.8206615]},"properties":{"z":9.8}},{"type":"Feature","geometry":{"type":"Point","coordinates":[135.6131445,34.8206994]},"properties":{"z":9.8}},{"type":"Feature","geometry":{"type":"Point","coordinates":[135.6131774,34.8207354]},"properties":{"z":9.8}},{"type":"Feature","geometry":{"type":"Point","coordinates":[135.6132118,34.8207702]},"properties":{"z":9.8}},{"type":"Feature","geometry":{"type":"Point","coordinates":[135.6132524,34.8208004]},"properties":{"z":9.8}},{"type":"Feature","geometry":{"type":"Point","coordinates":[135.6132929,34.8208305]},"properties":{"z":9.8}},{"type":"Feature","geometry":{"type":"Point","coordinates":[135.6133372,34.8208568]},"properties":{"z":9.8}},{"type":"Feature","geometry":{"type":"Point","coordinates":[135.6133831,34.8208813]},"properties":{"z":9.8}},{"type":"Feature","geometry":{"type":"Point","coordinates":[135.6134272,34.8209079]},"properties":{"z":9.8}},{"type":"Feature","geometry":{"type":"Point","coordinates":[135.6134689,34.820937]},"properties":{"z":9.8}},{"type":"Feature","geometry":{"type":"Point","coordinates":[135.6135105,34.8209662]},"properties":{"z":9.8}},{"type":"Feature","geometry":{"type":"Point","coordinates":[135.6135516,34.8209959]},"properties":{"z":9.8}},{"type":"Feature","geometry":{"type":"Point","coordinates":[135.6135923,34.8210259]},"properties":{"z":9.8}},{"type":"Feature","geometry":{"type":"Point","coordinates":[135.6136259,34.8210614]},"properties":{"z":9.8}},{"type":"Feature","geometry":{"type":"Point","coordinates":[135.6136595,34.8210969]},"properties":{"z":9.8}},{"type":"Feature","geometry":{"type":"Point","coordinates":[135.6136944,34.8211315]},"properties":{"z":9.8}},{"type":"Feature","geometry":{"type":"Point","coordinates":[135.6137303,34.8211655]},"properties":{"z":9.8}},{"type":"Feature","geometry":{"type":"Point","coordinates":[135.6137663,34.8211994]},"properties":{"z":9.8}},{"type":"Feature","geometry":{"type":"Point","coordinates":[135.6138027,34.8212329]},"properties":{"z":9.8}},{"type":"Feature","geometry":{"type":"Point","coordinates":[135.6138391,34.8212665]},"properties":{"z":9.8}},{"type":"Feature","geometry":{"type":"Point","coordinates":[135.6138747,34.8213007]},"properties":{"z":9.8}},{"type":"Feature","geometry":{"type":"Point","coordinates":[135.6139103,34.8213348]},"properties":{"z":9.8}},{"type":"Feature","geometry":{"type":"Point","coordinates":[135.6139436,34.8213705]},"properties":{"z":9.8}},{"type":"Feature","geometry":{"type":"Point","coordinates":[135.6139762,34.8214066]},"properties":{"z":9.8}},{"type":"Feature","geometry":{"type":"Point","coordinates":[135.6140086,34.8214428]},"properties":{"z":9.8}},{"type":"Feature","geometry":{"type":"Point","coordinates":[135.6140398,34.8214798]},"properties":{"z":9.8}},{"type":"Feature","geometry":{"type":"Point","coordinates":[135.6140711,34.8215167]},"properties":{"z":9.8}},{"type":"Feature","geometry":{"type":"Point","coordinates":[135.6141057,34.8215515]},"properties":{"z":9.8}},{"type":"Feature","geometry":{"type":"Point","coordinates":[135.6141408,34.821586]},"properties":{"z":9.8}},{"type":"Feature","geometry":{"type":"Point","coordinates":[135.6141732,34.8216222]},"properties":{"z":9.8}},{"type":"Feature","geometry":{"type":"Point","coordinates":[135.6142037,34.8216595]},"properties":{"z":9.8}},{"type":"Feature","geometry":{"type":"Point","coordinates":[135.6142343,34.8216967]},"properties":{"z":9.8}},{"type":"Feature","geometry":{"type":"Point","coordinates":[135.6142695,34.8217311]},"properties":{"z":9.8}},{"type":"Feature","geometry":{"type":"Point","coordinates":[135.6143063,34.8217644]},"properties":{"z":9.8}},{"type":"Feature","geometry":{"type":"Point","coordinates":[135.6143437,34.8217972]},"properties":{"z":9.8}},{"type":"Feature","geometry":{"type":"Point","coordinates":[135.6143814,34.8218298]},"properties":{"z":9.8}},{"type":"Feature","geometry":{"type":"Point","coordinates":[135.6144191,34.8218624]},"properties":{"z":9.8}},{"type":"Feature","geometry":{"type":"Point","coordinates":[135.614458,34.821894]},"properties":{"z":9.8}},{"type":"Feature","geometry":{"type":"Point","coordinates":[135.6144975,34.8219251]},"properties":{"z":9.8}},{"type":"Feature","geometry":{"type":"Point","coordinates":[135.6145371,34.8219562]},"properties":{"z":9.8}},{"type":"Feature","geometry":{"type":"Point","coordinates":[135.6145758,34.821988]},"properties":{"z":9.8}},{"type":"Feature","geometry":{"type":"Point","coordinates":[135.6146143,34.82202]},"properties":{"z":9.8}},{"type":"Feature","geometry":{"type":"Point","coordinates":[135.6146527,34.822052]},"properties":{"z":9.9}},{"type":"Feature","geometry":{"type":"Point","coordinates":[135.6146894,34.8220854]},"properties":{"z":9.9}},{"type":"Feature","geometry":{"type":"Point","coordinates":[135.6147255,34.8221191]},"properties":{"z":9.9}},{"type":"Feature","geometry":{"type":"Point","coordinates":[135.6147576,34.8221555]},"properties":{"z":9.9}},{"type":"Feature","geometry":{"type":"Point","coordinates":[135.6147879,34.8221929]},"properties":{"z":9.9}},{"type":"Feature","geometry":{"type":"Point","coordinates":[135.6148181,34.8222304]},"properties":{"z":9.9}},{"type":"Feature","geometry":{"type":"Point","coordinates":[135.6148482,34.822268]},"properties":{"z":9.9}},{"type":"Feature","geometry":{"type":"Point","coordinates":[135.6148782,34.8223056]},"properties":{"z":9.9}},{"type":"Feature","geometry":{"type":"Point","coordinates":[135.6149099,34.8223422]},"properties":{"z":9.9}},{"type":"Feature","geometry":{"type":"Point","coordinates":[135.6149431,34.8223779]},"properties":{"z":9.9}},{"type":"Feature","geometry":{"type":"Point","coordinates":[135.6149722,34.8224157]},"properties":{"z":9.9}},{"type":"Feature","geometry":{"type":"Point","coordinates":[135.6149956,34.8224564]},"properties":{"z":9.9}},{"type":"Feature","geometry":{"type":"Point","coordinates":[135.6150191,34.822497]},"properties":{"z":9.9}},{"type":"Feature","geometry":{"type":"Point","coordinates":[135.615049,34.8225346]},"properties":{"z":9.9}},{"type":"Feature","geometry":{"type":"Point","coordinates":[135.6150796,34.8225718]},"properties":{"z":9.9}},{"type":"Feature","geometry":{"type":"Point","coordinates":[135.6151097,34.8226094]},"properties":{"z":9.9}},{"type":"Feature","geometry":{"type":"Point","coordinates":[135.6151395,34.8226471]},"properties":{"z":9.9}},{"type":"Feature","geometry":{"type":"Point","coordinates":[135.6151775,34.8226784]},"properties":{"z":9.9}},{"type":"Feature","geometry":{"type":"Point","coordinates":[135.6152218,34.8227049]},"properties":{"z":9.9}},{"type":"Feature","geometry":{"type":"Point","coordinates":[135.6152664,34.822731]},"properties":{"z":9.9}},{"type":"Feature","geometry":{"type":"Point","coordinates":[135.6153119,34.822756]},"properties":{"z":9.9}},{"type":"Feature","geometry":{"type":"Point","coordinates":[135.6153574,34.822781]},"properties":{"z":9.9}},{"type":"Feature","geometry":{"type":"Point","coordinates":[135.6153963,34.8228126]},"properties":{"z":9.9}},{"type":"Feature","geometry":{"type":"Point","coordinates":[135.6154351,34.8228443]},"properties":{"z":9.9}},{"type":"Feature","geometry":{"type":"Point","coordinates":[135.6154735,34.8228764]},"properties":{"z":9.9}},{"type":"Feature","geometry":{"type":"Point","coordinates":[135.6155116,34.8229086]},"properties":{"z":9.9}},{"type":"Feature","geometry":{"type":"Point","coordinates":[135.615549,34.8229415]},"properties":{"z":9.9}},{"type":"Feature","geometry":{"type":"Point","coordinates":[135.615585,34.8229753]},"properties":{"z":9.9}},{"type":"Feature","geometry":{"type":"Point","coordinates":[135.6156218,34.8230086]},"properties":{"z":9.9}},{"type":"Feature","geometry":{"type":"Point","coordinates":[135.6156617,34.8230394]},"properties":{"z":9.9}},{"type":"Feature","geometry":{"type":"Point","coordinates":[135.6157021,34.8230697]},"properties":{"z":9.9}},{"type":"Feature","geometry":{"type":"Point","coordinates":[135.6157464,34.8230961]},"properties":{"z":9.9}},{"type":"Feature","geometry":{"type":"Point","coordinates":[135.6157891,34.8231234]},"properties":{"z":9.9}},{"type":"Feature","geometry":{"type":"Point","coordinates":[135.6158002,34.8231674]},"properties":{"z":9.9}},{"type":"Feature","geometry":{"type":"Point","coordinates":[135.6158113,34.8232115]},"properties":{"z":9.9}},{"type":"Feature","geometry":{"type":"Point","coordinates":[135.6158289,34.8232539]},"properties":{"z":9.9}},{"type":"Feature","geometry":{"type":"Point","coordinates":[135.6158483,34.823296]},"properties":{"z":9.9}},{"type":"Feature","geometry":{"type":"Point","coordinates":[135.6158607,34.8233391]},"properties":{"z":9.9}},{"type":"Feature","geometry":{"type":"Point","coordinates":[135.6158625,34.8233841]},"properties":{"z":9.9}},{"type":"Feature","geometry":{"type":"Point","coordinates":[135.6158629,34.823429]},"properties":{"z":9.9}},{"type":"Feature","geometry":{"type":"Point","coordinates":[135.6158603,34.8234739]},"properties":{"z":9.9}},{"type":"Feature","geometry":{"type":"Point","coordinates":[135.6158576,34.8235188]},"properties":{"z":9.9}},{"type":"Feature","geometry":{"type":"Point","coordinates":[135.6158726,34.823562]},"properties":{"z":9.9}},{"type":"Feature","geometry":{"type":"Point","coordinates":[135.6158878,34.8236052]},"properties":{"z":9.9}},{"type":"Feature","geometry":{"type":"Point","coordinates":[135.6158887,34.8236491]},"properties":{"z":9.9}},{"type":"Feature","geometry":{"type":"Point","coordinates":[135.6158804,34.8236936]},"properties":{"z":9.9}},{"type":"Feature","geometry":{"type":"Point","coordinates":[135.615872,34.823738]},"properties":{"z":9.9}},{"type":"Feature","geometry":{"type":"Point","coordinates":[135.6158674,34.8237827]},"properties":{"z":9.8}},{"type":"Feature","geometry":{"type":"Point","coordinates":[135.6158652,34.8238276]},"properties":{"z":9.8}},{"type":"Feature","geometry":{"type":"Point","coordinates":[135.615863,34.8238725]},"properties":{"z":9.8}},{"type":"Feature","geometry":{"type":"Point","coordinates":[135.6158613,34.8239175]},"properties":{"z":9.8}},{"type":"Feature","geometry":{"type":"Point","coordinates":[135.6158597,34.8239624]},"properties":{"z":9.7}},{"type":"Feature","geometry":{"type":"Point","coordinates":[135.615858,34.8240073]},"properties":{"z":9.7}},{"type":"Feature","geometry":{"type":"Point","coordinates":[135.6158563,34.8240523]},"properties":{"z":9.7}},{"type":"Feature","geometry":{"type":"Point","coordinates":[135.6158545,34.8240972]},"properties":{"z":9.7}},{"type":"Feature","geometry":{"type":"Point","coordinates":[135.6158531,34.8241421]},"properties":{"z":9.7}},{"type":"Feature","geometry":{"type":"Point","coordinates":[135.6158528,34.8241871]},"properties":{"z":9.6}},{"type":"Feature","geometry":{"type":"Point","coordinates":[135.6158525,34.824232]},"properties":{"z":9.6}},{"type":"Feature","geometry":{"type":"Point","coordinates":[135.6158513,34.824277]},"properties":{"z":9.6}},{"type":"Feature","geometry":{"type":"Point","coordinates":[135.6158489,34.8243219]},"properties":{"z":9.6}},{"type":"Feature","geometry":{"type":"Point","coordinates":[135.6158466,34.8243668]},"properties":{"z":9.6}},{"type":"Feature","geometry":{"type":"Point","coordinates":[135.6158445,34.8244117]},"properties":{"z":9.6}},{"type":"Feature","geometry":{"type":"Point","coordinates":[135.6158428,34.8244566]},"properties":{"z":9.6}},{"type":"Feature","geometry":{"type":"Point","coordinates":[135.6158411,34.8245016]},"properties":{"z":9.6}},{"type":"Feature","geometry":{"type":"Point","coordinates":[135.6158402,34.8245465]},"properties":{"z":9.5}},{"type":"Feature","geometry":{"type":"Point","coordinates":[135.6158402,34.8245914]},"properties":{"z":9.5}},{"type":"Feature","geometry":{"type":"Point","coordinates":[135.61584,34.8246364]},"properties":{"z":9.5}},{"type":"Feature","geometry":{"type":"Point","coordinates":[135.6158394,34.8246813]},"properties":{"z":9.5}},{"type":"Feature","geometry":{"type":"Point","coordinates":[135.6158389,34.8247263]},"properties":{"z":9.5}},{"type":"Feature","geometry":{"type":"Point","coordinates":[135.6158375,34.8247712]},"properties":{"z":9.5}},{"type":"Feature","geometry":{"type":"Point","coordinates":[135.6158357,34.8248161]},"properties":{"z":9.5}},{"type":"Feature","geometry":{"type":"Point","coordinates":[135.6158353,34.8248611]},"properties":{"z":9.5}},{"type":"Feature","geometry":{"type":"Point","coordinates":[135.6158359,34.824906]},"properties":{"z":9.5}},{"type":"Feature","geometry":{"type":"Point","coordinates":[135.6158347,34.824951]},"properties":{"z":9.4}},{"type":"Feature","geometry":{"type":"Point","coordinates":[135.6158323,34.8249959]},"properties":{"z":9.4}},{"type":"Feature","geometry":{"type":"Point","coordinates":[135.6158298,34.8250408]},"properties":{"z":9.4}},{"type":"Feature","geometry":{"type":"Point","coordinates":[135.615827,34.8250857]},"properties":{"z":9.4}},{"type":"Feature","geometry":{"type":"Point","coordinates":[135.6158239,34.8251306]},"properties":{"z":9.4}},{"type":"Feature","geometry":{"type":"Point","coordinates":[135.6158231,34.8251755]},"properties":{"z":9.4}},{"type":"Feature","geometry":{"type":"Point","coordinates":[135.6158237,34.8252204]},"properties":{"z":9.4}},{"type":"Feature","geometry":{"type":"Point","coordinates":[135.6158243,34.8252654]},"properties":{"z":9.4}},{"type":"Feature","geometry":{"type":"Point","coordinates":[135.615823,34.8253103]},"properties":{"z":9.4}},{"type":"Feature","geometry":{"type":"Point","coordinates":[135.6158209,34.8253552]},"properties":{"z":9.4}},{"type":"Feature","geometry":{"type":"Point","coordinates":[135.6158187,34.8254001]},"properties":{"z":9.4}},{"type":"Feature","geometry":{"type":"Point","coordinates":[135.6158151,34.825445]},"properties":{"z":9.3}},{"type":"Feature","geometry":{"type":"Point","coordinates":[135.6158107,34.8254898]},"properties":{"z":9.3}},{"type":"Feature","geometry":{"type":"Point","coordinates":[135.6158078,34.8255347]},"properties":{"z":9.3}},{"type":"Feature","geometry":{"type":"Point","coordinates":[135.6158063,34.8255796]},"properties":{"z":9.4}},{"type":"Feature","geometry":{"type":"Point","coordinates":[135.6158048,34.8256245]},"properties":{"z":9.4}},{"type":"Feature","geometry":{"type":"Point","coordinates":[135.6158033,34.8256695]},"properties":{"z":9.4}},{"type":"Feature","geometry":{"type":"Point","coordinates":[135.6158016,34.8257144]},"properties":{"z":9.5}},{"type":"Feature","geometry":{"type":"Point","coordinates":[135.6158004,34.8257593]},"properties":{"z":9.5}},{"type":"Feature","geometry":{"type":"Point","coordinates":[135.6158073,34.8258039]},"properties":{"z":9.5}},{"type":"Feature","geometry":{"type":"Point","coordinates":[135.6158141,34.8258485]},"properties":{"z":9.5}},{"type":"Feature","geometry":{"type":"Point","coordinates":[135.6158464,34.8258813]},"properties":{"z":9.5}},{"type":"Feature","geometry":{"type":"Point","coordinates":[135.6158895,34.825909]},"properties":{"z":9.5}},{"type":"Feature","geometry":{"type":"Point","coordinates":[135.6159396,34.8259184]},"properties":{"z":9.6}},{"type":"Feature","geometry":{"type":"Point","coordinates":[135.6159943,34.8259159]},"properties":{"z":9.6}},{"type":"Feature","geometry":{"type":"Point","coordinates":[135.616049,34.8259159]},"properties":{"z":9.7}},{"type":"Feature","geometry":{"type":"Point","coordinates":[135.6161036,34.8259188]},"properties":{"z":9.7}},{"type":"Feature","geometry":{"type":"Point","coordinates":[135.6161582,34.8259224]},"properties":{"z":9.7}},{"type":"Feature","geometry":{"type":"Point","coordinates":[135.6162124,34.8259287]},"properties":{"z":9.8}},{"type":"Feature","geometry":{"type":"Point","coordinates":[135.6162666,34.825935]},"properties":{"z":9.8}},{"type":"Feature","geometry":{"type":"Point","coordinates":[135.6163207,34.8259421]},"properties":{"z":9.8}},{"type":"Feature","geometry":{"type":"Point","coordinates":[135.6163748,34.8259492]},"properties":{"z":9.9}},{"type":"Feature","geometry":{"type":"Point","coordinates":[135.6164291,34.8259547]},"properties":{"z":9.9}},{"type":"Feature","geometry":{"type":"Point","coordinates":[135.6164836,34.8259587]},"properties":{"z":10.0}},{"type":"Feature","geometry":{"type":"Point","coordinates":[135.616538,34.8259637]},"properties":{"z":10.0}},{"type":"Feature","geometry":{"type":"Point","coordinates":[135.616591,34.8259748]},"properties":{"z":10.0}},{"type":"Feature","geometry":{"type":"Point","coordinates":[135.616644,34.8259845]},"properties":{"z":10.0}},{"type":"Feature","geometry":{"type":"Point","coordinates":[135.6166954,34.825969]},"properties":{"z":10.0}},{"type":"Feature","geometry":{"type":"Point","coordinates":[135.6167468,34.8259535]},"properties":{"z":10.0}},{"type":"Feature","geometry":{"type":"Point","coordinates":[135.6167704,34.8259149]},"properties":{"z":10.0}},{"type":"Feature","geometry":{"type":"Point","coordinates":[135.6167898,34.8258729]},"properties":{"z":9.9}},{"type":"Feature","geometry":{"type":"Point","coordinates":[135.616806,34.82583]},"properties":{"z":9.9}},{"type":"Feature","geometry":{"type":"Point","coordinates":[135.6168213,34.8257868]},"properties":{"z":9.9}},{"type":"Feature","geometry":{"type":"Point","coordinates":[135.6168356,34.8257434]},"properties":{"z":9.9}},{"type":"Feature","geometry":{"type":"Point","coordinates":[135.6168494,34.8256999]},"properties":{"z":9.9}},{"type":"Feature","geometry":{"type":"Point","coordinates":[135.6168632,34.8256564]},"properties":{"z":9.9}},{"type":"Feature","geometry":{"type":"Point","coordinates":[135.6168761,34.8256128]},"properties":{"z":9.9}},{"type":"Feature","geometry":{"type":"Point","coordinates":[135.616889,34.8255691]},"properties":{"z":9.9}},{"type":"Feature","geometry":{"type":"Point","coordinates":[135.6169022,34.8255254]},"properties":{"z":9.9}},{"type":"Feature","geometry":{"type":"Point","coordinates":[135.6169172,34.8254822]},"properties":{"z":9.9}},{"type":"Feature","geometry":{"type":"Point","coordinates":[135.6169322,34.825439]},"properties":{"z":9.9}},{"type":"Feature","geometry":{"type":"Point","coordinates":[135.616944,34.8253951]},"properties":{"z":9.9}},{"type":"Feature","geometry":{"type":"Point","coordinates":[135.6169557,34.8253512]},"properties":{"z":9.9}},{"type":"Feature","geometry":{"type":"Point","coordinates":[135.616968,34.8253074]},"properties":{"z":9.9}},{"type":"Feature","geometry":{"type":"Point","coordinates":[135.6169805,34.8252636]},"properties":{"z":9.9}},{"type":"Feature","geometry":{"type":"Point","coordinates":[135.6169953,34.8252203]},"properties":{"z":9.9}},{"type":"Feature","geometry":{"type":"Point","coordinates":[135.6170115,34.8251774]},"properties":{"z":9.9}},{"type":"Feature","geometry":{"type":"Point","coordinates":[135.6170277,34.8251345]},"properties":{"z":9.9}},{"type":"Feature","geometry":{"type":"Point","coordinates":[135.6170417,34.825091]},"properties":{"z":9.9}},{"type":"Feature","geometry":{"type":"Point","coordinates":[135.6170551,34.8250474]},"properties":{"z":9.9}},{"type":"Feature","geometry":{"type":"Point","coordinates":[135.6170686,34.8250039]},"properties":{"z":9.9}},{"type":"Feature","geometry":{"type":"Point","coordinates":[135.6170804,34.82496]},"properties":{"z":9.9}},{"type":"Feature","geometry":{"type":"Point","coordinates":[135.617092,34.824916]},"properties":{"z":9.9}},{"type":"Feature","geometry":{"type":"Point","coordinates":[135.6171037,34.8248721]},"properties":{"z":9.9}},{"type":"Feature","geometry":{"type":"Point","coordinates":[135.6171155,34.8248282]},"properties":{"z":9.9}},{"type":"Feature","geometry":{"type":"Point","coordinates":[135.6171332,34.8248383]},"properties":{"z":9.9}},{"type":"Feature","geometry":{"type":"Point","coordinates":[135.6171543,34.8248798]},"properties":{"z":9.9}},{"type":"Feature","geometry":{"type":"Point","coordinates":[135.6171754,34.8249213]},"properties":{"z":9.9}},{"type":"Feature","geometry":{"type":"Point","coordinates":[135.6171957,34.824963]},"properties":{"z":9.9}},{"type":"Feature","geometry":{"type":"Point","coordinates":[135.6172148,34.8250051]},"properties":{"z":9.9}},{"type":"Feature","geometry":{"type":"Point","coordinates":[135.617234,34.8250473]},"properties":{"z":9.9}},{"type":"Feature","geometry":{"type":"Point","coordinates":[135.6172611,34.8250862]},"properties":{"z":9.9}},{"type":"Feature","geometry":{"type":"Point","coordinates":[135.6172895,34.8251246]},"properties":{"z":9.9}},{"type":"Feature","geometry":{"type":"Point","coordinates":[135.6173291,34.8251545]},"properties":{"z":9.8}},{"type":"Feature","geometry":{"type":"Point","coordinates":[135.617374,34.8251803]},"properties":{"z":9.8}},{"type":"Feature","geometry":{"type":"Point","coordinates":[135.6174159,34.8252089]},"properties":{"z":9.8}},{"type":"Feature","geometry":{"type":"Point","coordinates":[135.6174551,34.8252403]},"properties":{"z":9.8}},{"type":"Feature","geometry":{"type":"Point","coordinates":[135.6174909,34.825274]},"properties":{"z":9.8}},{"type":"Feature","geometry":{"type":"Point","coordinates":[135.6175205,34.8253118]},"properties":{"z":9.8}},{"type":"Feature","geometry":{"type":"Point","coordinates":[135.6175502,34.8253496]},"properties":{"z":9.8}},{"type":"Feature","geometry":{"type":"Point","coordinates":[135.6175832,34.8253854]},"properties":{"z":9.8}},{"type":"Feature","geometry":{"type":"Point","coordinates":[135.6176163,34.8254213]},"properties":{"z":9.8}},{"type":"Feature","geometry":{"type":"Point","coordinates":[135.6176506,34.8254563]},"properties":{"z":9.8}},{"type":"Feature","geometry":{"type":"Point","coordinates":[135.6176853,34.825491]},"properties":{"z":9.8}},{"type":"Feature","geometry":{"type":"Point","coordinates":[135.6177221,34.8255243]},"properties":{"z":9.8}},{"type":"Feature","geometry":{"type":"Point","coordinates":[135.6177597,34.825557]},"properties":{"z":9.8}},{"type":"Feature","geometry":{"type":"Point","coordinates":[135.6177955,34.8255909]},"properties":{"z":9.8}},{"type":"Feature","geometry":{"type":"Point","coordinates":[135.6178293,34.8256263]},"properties":{"z":9.7}},{"type":"Feature","geometry":{"type":"Point","coordinates":[135.6178631,34.8256617]},"properties":{"z":9.7}},{"type":"Feature","geometry":{"type":"Point","coordinates":[135.6178971,34.8256969]},"properties":{"z":9.7}},{"type":"Feature","geometry":{"type":"Point","coordinates":[135.6179313,34.825732]},"properties":{"z":9.7}},{"type":"Feature","geometry":{"type":"Point","coordinates":[135.617968,34.8257654]},"properties":{"z":9.7}},{"type":"Feature","geometry":{"type":"Point","coordinates":[135.6180048,34.8257987]},"properties":{"z":9.7}},{"type":"Feature","geometry":{"type":"Point","coordinates":[135.6180434,34.8258306]},"properties":{"z":9.7}},{"type":"Feature","geometry":{"type":"Point","coordinates":[135.618082,34.8258624]},"properties":{"z":9.7}},{"type":"Feature","geometry":{"type":"Point","coordinates":[135.6181229,34.8258923]},"properties":{"z":9.7}},{"type":"Feature","geometry":{"type":"Point","coordinates":[135.618164,34.825922]},"properties":{"z":9.7}},{"type":"Feature","geometry":{"type":"Point","coordinates":[135.6182051,34.8259517]},"properties":{"z":9.7}},{"type":"Feature","geometry":{"type":"Point","coordinates":[135.6182368,34.825988]},"properties":{"z":9.7}},{"type":"Feature","geometry":{"type":"Point","coordinates":[135.6182662,34.826026]},"properties":{"z":9.6}},{"type":"Feature","geometry":{"type":"Point","coordinates":[135.6182999,34.8260611]},"properties":{"z":9.6}},{"type":"Feature","geometry":{"type":"Point","coordinates":[135.6183374,34.8260939]},"properties":{"z":9.6}},{"type":"Feature","geometry":{"type":"Point","coordinates":[135.6183748,34.8261267]},"properties":{"z":9.6}},{"type":"Feature","geometry":{"type":"Point","coordinates":[135.618411,34.8261604]},"properties":{"z":9.6}},{"type":"Feature","geometry":{"type":"Point","coordinates":[135.6184452,34.8261955]},"properties":{"z":9.6}},{"type":"Feature","geometry":{"type":"Point","coordinates":[135.6184795,34.8262305]},"properties":{"z":9.6}},{"type":"Feature","geometry":{"type":"Point","coordinates":[135.6185155,34.8262644]},"properties":{"z":9.6}},{"type":"Feature","geometry":{"type":"Point","coordinates":[135.6185515,34.8262983]},"properties":{"z":9.6}},{"type":"Feature","geometry":{"type":"Point","coordinates":[135.6185885,34.8263314]},"properties":{"z":9.6}},{"type":"Feature","geometry":{"type":"Point","coordinates":[135.6186258,34.8263643]},"properties":{"z":9.6}},{"type":"Feature","geometry":{"type":"Point","coordinates":[135.6186593,34.8263998]},"properties":{"z":9.6}},{"type":"Feature","geometry":{"type":"Point","coordinates":[135.6186908,34.8264365]},"properties":{"z":9.6}},{"type":"Feature","geometry":{"type":"Point","coordinates":[135.6187224,34.8264733]},"properties":{"z":9.6}},{"type":"Feature","geometry":{"type":"Point","coordinates":[135.6187554,34.8265091]},"properties":{"z":9.5}},{"type":"Feature","geometry":{"type":"Point","coordinates":[135.6187907,34.8265435]},"properties":{"z":9.5}},{"type":"Feature","geometry":{"type":"Point","coordinates":[135.6188269,34.8265772]},"properties":{"z":9.5}},{"type":"Feature","geometry":{"type":"Point","coordinates":[135.6188649,34.8266096]},"properties":{"z":9.5}},{"type":"Feature","geometry":{"type":"Point","coordinates":[135.6189023,34.8266423]},"properties":{"z":9.5}},{"type":"Feature","geometry":{"type":"Point","coordinates":[135.6189345,34.8266787]},"properties":{"z":9.5}},{"type":"Feature","geometry":{"type":"Point","coordinates":[135.6189668,34.826715]},"properties":{"z":9.5}},{"type":"Feature","geometry":{"type":"Point","coordinates":[135.6190074,34.8267447]},"properties":{"z":9.5}},{"type":"Feature","geometry":{"type":"Point","coordinates":[135.6190503,34.8267726]},"properties":{"z":9.5}},{"type":"Feature","geometry":{"type":"Point","coordinates":[135.619093,34.8268008]},"properties":{"z":9.5}},{"type":"Feature","geometry":{"type":"Point","coordinates":[135.619126,34.8268366]},"properties":{"z":9.5}},{"type":"Feature","geometry":{"type":"Point","coordinates":[135.6191591,34.8268725]},"properties":{"z":9.5}},{"type":"Feature","geometry":{"type":"Point","coordinates":[135.6191931,34.8269076]},"properties":{"z":9.5}},{"type":"Feature","geometry":{"type":"Point","coordinates":[135.6192313,34.8269399]},"properties":{"z":9.5}},{"type":"Feature","geometry":{"type":"Point","coordinates":[135.6192695,34.8269721]},"properties":{"z":9.4}},{"type":"Feature","geometry":{"type":"Point","coordinates":[135.6193089,34.8270032]},"properties":{"z":9.4}},{"type":"Feature","geometry":{"type":"Point","coordinates":[135.6193487,34.8270341]},"properties":{"z":9.4}},{"type":"Feature","geometry":{"type":"Point","coordinates":[135.6193839,34.8270684]},"properties":{"z":9.4}},{"type":"Feature","geometry":{"type":"Point","coordinates":[135.6194171,34.8271041]},"properties":{"z":9.4}},{"type":"Feature","geometry":{"type":"Point","coordinates":[135.6194522,34.8271385]},"properties":{"z":9.4}},{"type":"Feature","geometry":{"type":"Point","coordinates":[135.619491,34.8271703]},"properties":{"z":9.4}},{"type":"Feature","geometry":{"type":"Point","coordinates":[135.6195297,34.827202]},"properties":{"z":9.4}},{"type":"Feature","geometry":{"type":"Point","coordinates":[135.6195631,34.8272376]},"properties":{"z":9.4}},{"type":"Feature","geometry":{"type":"Point","coordinates":[135.6195961,34.8272735]},"properties":{"z":9.4}},{"type":"Feature","geometry":{"type":"Point","coordinates":[135.6196314,34.8273074]},"properties":{"z":9.4}},{"type":"Feature","geometry":{"type":"Point","coordinates":[135.6196761,34.8273334]},"properties":{"z":9.4}},{"type":"Feature","geometry":{"type":"Point","coordinates":[135.6197208,34.8273594]},"properties":{"z":9.3}},{"type":"Feature","geometry":{"type":"Point","coordinates":[135.6197577,34.8273924]},"properties":{"z":9.3}},{"type":"Feature","geometry":{"type":"Point","coordinates":[135.6197932,34.8274266]},"properties":{"z":9.3}},{"type":"Feature","geometry":{"type":"Point","coordinates":[135.6198286,34.8274609]},"properties":{"z":9.3}},{"type":"Feature","geometry":{"type":"Point","coordinates":[135.6198627,34.827496]},"properties":{"z":9.3}},{"type":"Feature","geometry":{"type":"Point","coordinates":[135.6198969,34.8275312]},"properties":{"z":9.3}},{"type":"Feature","geometry":{"type":"Point","coordinates":[135.6199286,34.8275677]},"properties":{"z":9.3}},{"type":"Feature","geometry":{"type":"Point","coordinates":[135.6199583,34.8276055]},"properties":{"z":9.3}},{"type":"Feature","geometry":{"type":"Point","coordinates":[135.6199909,34.8276415]},"properties":{"z":9.3}},{"type":"Feature","geometry":{"type":"Point","coordinates":[135.6200267,34.8276755]},"properties":{"z":9.3}},{"type":"Feature","geometry":{"type":"Point","coordinates":[135.6200626,34.8277095]},"properties":{"z":9.3}},{"type":"Feature","geometry":{"type":"Point","coordinates":[135.6200939,34.8277461]},"properties":{"z":9.3}},{"type":"Feature","geometry":{"type":"Point","coordinates":[135.6201214,34.827785]},"properties":{"z":9.3}},{"type":"Feature","geometry":{"type":"Point","coordinates":[135.620149,34.8278238]},"properties":{"z":9.3}},{"type":"Feature","geometry":{"type":"Point","coordinates":[135.6201847,34.8278577]},"properties":{"z":9.3}},{"type":"Feature","geometry":{"type":"Point","coordinates":[135.6202222,34.8278904]},"properties":{"z":9.2}},{"type":"Feature","geometry":{"type":"Point","coordinates":[135.6202592,34.8279235]},"properties":{"z":9.2}},{"type":"Feature","geometry":{"type":"Point","coordinates":[135.6202949,34.8279576]},"properties":{"z":9.2}},{"type":"Feature","geometry":{"type":"Point","coordinates":[135.6203307,34.8279917]},"properties":{"z":9.2}},{"type":"Feature","geometry":{"type":"Point","coordinates":[135.6203665,34.8280256]},"properties":{"z":9.2}},{"type":"Feature","geometry":{"type":"Point","coordinates":[135.6204026,34.8280595]},"properties":{"z":9.2}},{"type":"Feature","geometry":{"type":"Point","coordinates":[135.6204386,34.8280933]},"properties":{"z":9.2}},{"type":"Feature","geometry":{"type":"Point","coordinates":[135.6204713,34.8281294]},"properties":{"z":9.2}},{"type":"Feature","geometry":{"type":"Point","coordinates":[135.6205034,34.8281658]},"properties":{"z":9.2}},{"type":"Feature","geometry":{"type":"Point","coordinates":[135.620536,34.8282019]},"properties":{"z":9.2}},{"type":"Feature","geometry":{"type":"Point","coordinates":[135.6205726,34.8282353]},"properties":{"z":9.2}},{"type":"Feature","geometry":{"type":"Point","coordinates":[135.6206093,34.8282687]},"properties":{"z":9.2}},{"type":"Feature","geometry":{"type":"Point","coordinates":[135.6206453,34.8283025]},"properties":{"z":9.1}},{"type":"Feature","geometry":{"type":"Point","coordinates":[135.6206805,34.828337]},"properties":{"z":9.1}},{"type":"Feature","geometry":{"type":"Point","coordinates":[135.6207156,34.8283715]},"properties":{"z":9.1}},{"type":"Feature","geometry":{"type":"Point","coordinates":[135.6207497,34.8284066]},"properties":{"z":9.1}},{"type":"Feature","geometry":{"type":"Point","coordinates":[135.6207832,34.8284422]},"properties":{"z":9.1}},{"type":"Feature","geometry":{"type":"Point","coordinates":[135.6208177,34.8284771]},"properties":{"z":9.1}},{"type":"Feature","geometry":{"type":"Point","coordinates":[135.6208531,34.8285114]},"properties":{"z":9.1}},{"type":"Feature","geometry":{"type":"Point","coordinates":[135.6208886,34.8285456]},"properties":{"z":9.1}},{"type":"Feature","geometry":{"type":"Point","coordinates":[135.6209264,34.8285781]},"properties":{"z":9.1}},{"type":"Feature","geometry":{"type":"Point","coordinates":[135.6209647,34.8286102]},"properties":{"z":9.1}},{"type":"Feature","geometry":{"type":"Point","coordinates":[135.6209987,34.8286452]},"properties":{"z":9.1}},{"type":"Feature","geometry":{"type":"Point","coordinates":[135.6210292,34.8286826]},"properties":{"z":9.1}},{"type":"Feature","geometry":{"type":"Point","coordinates":[135.6210614,34.8287188]},"properties":{"z":9.1}},{"type":"Feature","geometry":{"type":"Point","coordinates":[135.621098,34.8287523]},"properties":{"z":9.1}},{"type":"Feature","geometry":{"type":"Point","coordinates":[135.6211346,34.8287857]},"properties":{"z":9.1}},{"type":"Feature","geometry":{"type":"Point","coordinates":[135.6211623,34.8288243]},"properties":{"z":9.0}},{"type":"Feature","geometry":{"type":"Point","coordinates":[135.621189,34.8288636]},"properties":{"z":9.0}},{"type":"Feature","geometry":{"type":"Point","coordinates":[135.6211977,34.8289071]},"properties":{"z":9.0}},{"type":"Feature","geometry":{"type":"Point","coordinates":[135.6212004,34.828952]},"properties":{"z":9.0}},{"type":"Feature","geometry":{"type":"Point","coordinates":[135.621221,34.8289859]},"properties":{"z":9.0}},{"type":"Feature","geometry":{"type":"Point","coordinates":[135.6212728,34.8290004]},"properties":{"z":9.0}},{"type":"Feature","geometry":{"type":"Point","coordinates":[135.6213207,34.8290193]},"properties":{"z":9.0}},{"type":"Feature","geometry":{"type":"Point","coordinates":[135.6213525,34.8290559]},"properties":{"z":9.0}},{"type":"Feature","geometry":{"type":"Point","coordinates":[135.6213854,34.8290917]},"properties":{"z":9.0}},{"type":"Feature","geometry":{"type":"Point","coordinates":[135.6214236,34.8291239]},"properties":{"z":9.0}},{"type":"Feature","geometry":{"type":"Point","coordinates":[135.6214631,34.8291549]},"properties":{"z":9.0}},{"type":"Feature","geometry":{"type":"Point","coordinates":[135.6215096,34.8291786]},"properties":{"z":9.0}},{"type":"Feature","geometry":{"type":"Point","coordinates":[135.6215561,34.8292024]},"properties":{"z":9.0}},{"type":"Feature","geometry":{"type":"Point","coordinates":[135.6215972,34.8292315]},"properties":{"z":8.9}},{"type":"Feature","geometry":{"type":"Point","coordinates":[135.6216348,34.8292642]},"properties":{"z":8.9}},{"type":"Feature","geometry":{"type":"Point","coordinates":[135.6216724,34.8292969]},"properties":{"z":8.9}},{"type":"Feature","geometry":{"type":"Point","coordinates":[135.621708,34.829331]},"properties":{"z":8.9}},{"type":"Feature","geometry":{"type":"Point","coordinates":[135.6217436,34.8293652]},"properties":{"z":8.9}},{"type":"Feature","geometry":{"type":"Point","coordinates":[135.6217787,34.8293997]},"properties":{"z":8.9}},{"type":"Feature","geometry":{"type":"Point","coordinates":[135.6218126,34.829435]},"properties":{"z":8.9}},{"type":"Feature","geometry":{"type":"Point","coordinates":[135.6218466,34.8294702]},"properties":{"z":8.9}},{"type":"Feature","geometry":{"type":"Point","coordinates":[135.621881,34.8295052]},"properties":{"z":8.9}},{"type":"Feature","geometry":{"type":"Point","coordinates":[135.6219154,34.8295402]},"properties":{"z":8.9}},{"type":"Feature","geometry":{"type":"Point","coordinates":[135.621951,34.8295743]},"properties":{"z":8.9}},{"type":"Feature","geometry":{"type":"Point","coordinates":[135.6219906,34.8296053]},"properties":{"z":8.9}},{"type":"Feature","geometry":{"type":"Point","coordinates":[135.6220293,34.8296371]},"properties":{"z":8.8}},{"type":"Feature","geometry":{"type":"Point","coordinates":[135.6220652,34.829671]},"properties":{"z":8.8}},{"type":"Feature","geometry":{"type":"Point","coordinates":[135.6221011,34.8297049]},"properties":{"z":8.8}},{"type":"Feature","geometry":{"type":"Point","coordinates":[135.6221352,34.82974]},"properties":{"z":8.8}},{"type":"Feature","geometry":{"type":"Point","coordinates":[135.6221656,34.8297774]},"properties":{"z":8.8}},{"type":"Feature","geometry":{"type":"Point","coordinates":[135.6221958,34.8298149]},"properties":{"z":8.8}},{"type":"Feature","geometry":{"type":"Point","coordinates":[135.6222253,34.8298528]},"properties":{"z":8.8}},{"type":"Feature","geometry":{"type":"Point","coordinates":[135.6222548,34.8298906]},"properties":{"z":8.8}},{"type":"Feature","geometry":{"type":"Point","coordinates":[135.622289,34.8299254]},"properties":{"z":8.8}},{"type":"Feature","geometry":{"type":"Point","coordinates":[135.6223278,34.8299571]},"properties":{"z":8.8}},{"type":"Feature","geometry":{"type":"Point","coordinates":[135.6223655,34.8299897]},"properties":{"z":8.8}},{"type":"Feature","geometry":{"type":"Point","coordinates":[135.6224017,34.8300234]},"properties":{"z":8.8}},{"type":"Feature","geometry":{"type":"Point","coordinates":[135.622438,34.8300571]},"properties":{"z":8.8}},{"type":"Feature","geometry":{"type":"Point","coordinates":[135.6224737,34.8300912]},"properties":{"z":8.7}},{"type":"Feature","geometry":{"type":"Point","coordinates":[135.622509,34.8301255]},"properties":{"z":8.7}},{"type":"Feature","geometry":{"type":"Point","coordinates":[135.6225443,34.8301599]},"properties":{"z":8.7}},{"type":"Feature","geometry":{"type":"Point","coordinates":[135.6225853,34.8301895]},"properties":{"z":8.7}},{"type":"Feature","geometry":{"type":"Point","coordinates":[135.6226276,34.8302182]},"properties":{"z":8.7}},{"type":"Feature","geometry":{"type":"Point","coordinates":[135.6226704,34.8302462]},"properties":{"z":8.7}},{"type":"Feature","geometry":{"type":"Point","coordinates":[135.6227134,34.830274]},"properties":{"z":8.7}},{"type":"Feature","geometry":{"type":"Point","coordinates":[135.6227564,34.8303018]},"properties":{"z":8.7}},{"type":"Feature","geometry":{"type":"Point","coordinates":[135.6227915,34.8303361]},"properties":{"z":8.7}},{"type":"Feature","geometry":{"type":"Point","coordinates":[135.6228253,34.8303715]},"properties":{"z":8.7}},{"type":"Feature","geometry":{"type":"Point","coordinates":[135.6228574,34.8304079]},"properties":{"z":8.7}},{"type":"Feature","geometry":{"type":"Point","coordinates":[135.6228891,34.8304446]},"properties":{"z":8.7}},{"type":"Feature","geometry":{"type":"Point","coordinates":[135.6229208,34.8304812]},"properties":{"z":8.7}},{"type":"Feature","geometry":{"type":"Point","coordinates":[135.6229587,34.8305136]},"properties":{"z":8.6}},{"type":"Feature","geometry":{"type":"Point","coordinates":[135.6229973,34.8305455]},"properties":{"z":8.6}},{"type":"Feature","geometry":{"type":"Point","coordinates":[135.6230292,34.8305813]},"properties":{"z":8.6}},{"type":"Feature","geometry":{"type":"Point","coordinates":[135.6230536,34.8306215]},"properties":{"z":8.6}},{"type":"Feature","geometry":{"type":"Point","coordinates":[135.6230807,34.8306603]},"properties":{"z":8.6}},{"type":"Feature","geometry":{"type":"Point","coordinates":[135.6231163,34.8306945]},"properties":{"z":8.6}},{"type":"Feature","geometry":{"type":"Point","coordinates":[135.6231513,34.8307291]},"properties":{"z":8.6}},{"type":"Feature","geometry":{"type":"Point","coordinates":[135.6231829,34.8307658]},"properties":{"z":8.6}},{"type":"Feature","geometry":{"type":"Point","coordinates":[135.6232145,34.8308025]},"properties":{"z":8.6}},{"type":"Feature","geometry":{"type":"Point","coordinates":[135.623217,34.8308469]},"properties":{"z":8.6}},{"type":"Feature","geometry":{"type":"Point","coordinates":[135.6232177,34.8308919]},"properties":{"z":8.6}},{"type":"Feature","geometry":{"type":"Point","coordinates":[135.6232472,34.8309259]},"properties":{"z":8.6}},{"type":"Feature","geometry":{"type":"Point","coordinates":[135.6232885,34.8309554]},"properties":{"z":8.6}},{"type":"Feature","geometry":{"type":"Point","coordinates":[135.6233332,34.8309792]},"properties":{"z":8.6}},{"type":"Feature","geometry":{"type":"Point","coordinates":[135.623387,34.8309873]},"properties":{"z":8.6}},{"type":"Feature","geometry":{"type":"Point","coordinates":[135.6234382,34.830999]},"properties":{"z":8.6}},{"type":"Feature","geometry":{"type":"Point","coordinates":[135.6234718,34.8310346]},"properties":{"z":8.6}},{"type":"Feature","geometry":{"type":"Point","coordinates":[135.6235053,34.8310701]},"properties":{"z":8.5}},{"type":"Feature","geometry":{"type":"Point","coordinates":[135.62354,34.8311048]},"properties":{"z":8.5}},{"type":"Feature","geometry":{"type":"Point","coordinates":[135.6235763,34.8311385]},"properties":{"z":8.5}},{"type":"Feature","geometry":{"type":"Point","coordinates":[135.6236126,34.8311722]},"properties":{"z":8.5}},{"type":"Feature","geometry":{"type":"Point","coordinates":[135.6236494,34.8312054]},"properties":{"z":8.5}},{"type":"Feature","geometry":{"type":"Point","coordinates":[135.6236863,34.8312386]},"properties":{"z":8.5}},{"type":"Feature","geometry":{"type":"Point","coordinates":[135.6237235,34.8312716]},"properties":{"z":8.5}},{"type":"Feature","geometry":{"type":"Point","coordinates":[135.6237616,34.8313039]},"properties":{"z":8.5}},{"type":"Feature","geometry":{"type":"Point","coordinates":[135.6237997,34.8313362]},"properties":{"z":8.5}},{"type":"Feature","geometry":{"type":"Point","coordinates":[135.6238408,34.8313659]},"properties":{"z":8.5}},{"type":"Feature","geometry":{"type":"Point","coordinates":[135.6238818,34.8313957]},"properties":{"z":8.5}},{"type":"Feature","geometry":{"type":"Point","coordinates":[135.6239128,34.8314326]},"properties":{"z":8.5}},{"type":"Feature","geometry":{"type":"Point","coordinates":[135.6239428,34.8314702]},"properties":{"z":8.5}},{"type":"Feature","geometry":{"type":"Point","coordinates":[135.6239729,34.8315078]},"properties":{"z":8.5}},{"type":"Feature","geometry":{"type":"Point","coordinates":[135.624003,34.8315453]},"properties":{"z":8.4}},{"type":"Feature","geometry":{"type":"Point","coordinates":[135.6240351,34.8315817]},"properties":{"z":8.4}},{"type":"Feature","geometry":{"type":"Point","coordinates":[135.624068,34.8316177]},"properties":{"z":8.4}},{"type":"Feature","geometry":{"type":"Point","coordinates":[135.6241027,34.8316521]},"properties":{"z":8.4}},{"type":"Feature","geometry":{"type":"Point","coordinates":[135.6241461,34.8316795]},"properties":{"z":8.4}},{"type":"Feature","geometry":{"type":"Point","coordinates":[135.6241896,34.8317068]},"properties":{"z":8.4}},{"type":"Feature","geometry":{"type":"Point","coordinates":[135.6242297,34.8317373]},"properties":{"z":8.4}},{"type":"Feature","geometry":{"type":"Point","coordinates":[135.6242676,34.8317697]},"properties":{"z":8.4}},{"type":"Feature","geometry":{"type":"Point","coordinates":[135.6243052,34.8318024]},"properties":{"z":8.4}},{"type":"Feature","geometry":{"type":"Point","coordinates":[135.6243422,34.8318355]},"properties":{"z":8.4}},{"type":"Feature","geometry":{"type":"Point","coordinates":[135.6243792,34.8318686]},"properties":{"z":8.4}},{"type":"Feature","geometry":{"type":"Point","coordinates":[135.6244157,34.8319022]},"properties":{"z":8.4}},{"type":"Feature","geometry":{"type":"Point","coordinates":[135.624452,34.8319358]},"properties":{"z":8.3}},{"type":"Feature","geometry":{"type":"Point","coordinates":[135.6244891,34.8319689]},"properties":{"z":8.3}},{"type":"Feature","geometry":{"type":"Point","coordinates":[135.624527,34.8320014]},"properties":{"z":8.3}},{"type":"Feature","geometry":{"type":"Point","coordinates":[135.6245654,34.8320333]},"properties":{"z":8.3}},{"type":"Feature","geometry":{"type":"Point","coordinates":[135.6246047,34.8320647]},"properties":{"z":8.3}},{"type":"Feature","geometry":{"type":"Point","coordinates":[135.6246418,34.8320976]},"properties":{"z":8.3}},{"type":"Feature","geometry":{"type":"Point","coordinates":[135.6246749,34.8321334]},"properties":{"z":8.3}},{"type":"Feature","geometry":{"type":"Point","coordinates":[135.6247079,34.8321693]},"properties":{"z":8.3}},{"type":"Feature","geometry":{"type":"Point","coordinates":[135.6247396,34.8322059]},"properties":{"z":8.3}},{"type":"Feature","geometry":{"type":"Point","coordinates":[135.624771,34.8322428]},"properties":{"z":8.3}},{"type":"Feature","geometry":{"type":"Point","coordinates":[135.6248057,34.8322775]},"properties":{"z":8.3}},{"type":"Feature","geometry":{"type":"Point","coordinates":[135.6248414,34.8323116]},"properties":{"z":8.3}},{"type":"Feature","geometry":{"type":"Point","coordinates":[135.6248744,34.8323474]},"properties":{"z":8.3}},{"type":"Feature","geometry":{"type":"Point","coordinates":[135.6249061,34.832384]},"properties":{"z":8.3}},{"type":"Feature","geometry":{"type":"Point","coordinates":[135.6249379,34.8324206]},"properties":{"z":8.3}},{"type":"Feature","geometry":{"type":"Point","coordinates":[135.6249713,34.8324562]},"properties":{"z":8.3}},{"type":"Feature","geometry":{"type":"Point","coordinates":[135.6250063,34.8324908]},"properties":{"z":8.3}},{"type":"Feature","geometry":{"type":"Point","coordinates":[135.6250437,34.8325234]},"properties":{"z":8.2}},{"type":"Feature","geometry":{"type":"Point","coordinates":[135.6250849,34.8325531]},"properties":{"z":8.2}},{"type":"Feature","geometry":{"type":"Point","coordinates":[135.6251258,34.8325829]},"properties":{"z":8.2}},{"type":"Feature","geometry":{"type":"Point","coordinates":[135.6251623,34.8326165]},"properties":{"z":8.2}},{"type":"Feature","geometry":{"type":"Point","coordinates":[135.6251988,34.83265]},"properties":{"z":8.2}},{"type":"Feature","geometry":{"type":"Point","coordinates":[135.6252352,34.8326835]},"properties":{"z":8.2}},{"type":"Feature","geometry":{"type":"Point","coordinates":[135.6252739,34.8327154]},"properties":{"z":8.2}},{"type":"Feature","geometry":{"type":"Point","coordinates":[135.6253132,34.8327466]},"properties":{"z":8.2}},{"type":"Feature","geometry":{"type":"Point","coordinates":[135.6253541,34.8327765]},"properties":{"z":8.2}},{"type":"Feature","geometry":{"type":"Point","coordinates":[135.6253954,34.832806]},"properties":{"z":8.2}},{"type":"Feature","geometry":{"type":"Point","coordinates":[135.6254395,34.8328323]},"properties":{"z":8.2}},{"type":"Feature","geometry":{"type":"Point","coordinates":[135.6254875,34.8328538]},"properties":{"z":8.2}},{"type":"Feature","geometry":{"type":"Point","coordinates":[135.6255319,34.832879]},"properties":{"z":8.2}},{"type":"Feature","geometry":{"type":"Point","coordinates":[135.6255663,34.832914]},"properties":{"z":8.1}},{"type":"Feature","geometry":{"type":"Point","coordinates":[135.6256006,34.832949]},"properties":{"z":8.1}},{"type":"Feature","geometry":{"type":"Point","coordinates":[135.6256402,34.8329798]},"properties":{"z":8.1}},{"type":"Feature","geometry":{"type":"Point","coordinates":[135.6256824,34.8330084]},"properties":{"z":8.1}},{"type":"Feature","geometry":{"type":"Point","coordinates":[135.6257246,34.8330371]},"properties":{"z":8.1}},{"type":"Feature","geometry":{"type":"Point","coordinates":[135.6257729,34.8330577]},"properties":{"z":8.1}},{"type":"Feature","geometry":{"type":"Point","coordinates":[135.6258229,34.8330759]},"properties":{"z":8.1}},{"type":"Feature","geometry":{"type":"Point","coordinates":[135.6258622,34.8330573]},"properties":{"z":8.1}},{"type":"Feature","geometry":{"type":"Point","coordinates":[135.6258967,34.8330224]},"properties":{"z":8.1}},{"type":"Feature","geometry":{"type":"Point","coordinates":[135.62593,34.8329867]},"properties":{"z":8.1}},{"type":"Feature","geometry":{"type":"Point","coordinates":[135.6259611,34.8329497]},"properties":{"z":8.1}},{"type":"Feature","geometry":{"type":"Point","coordinates":[135.6259922,34.8329127]},"properties":{"z":8.0}},{"type":"Feature","geometry":{"type":"Point","coordinates":[135.6260388,34.832921]},"properties":{"z":8.0}},{"type":"Feature","geometry":{"type":"Point","coordinates":[135.6260888,34.8329392]},"properties":{"z":8.0}},{"type":"Feature","geometry":{"type":"Point","coordinates":[135.6261382,34.8329585]},"properties":{"z":8.0}},{"type":"Feature","geometry":{"type":"Point","coordinates":[135.6261836,34.8329837]},"properties":{"z":8.0}},{"type":"Feature","geometry":{"type":"Point","coordinates":[135.6262289,34.8330089]},"properties":{"z":8.0}},{"type":"Feature","geometry":{"type":"Point","coordinates":[135.6262757,34.8330321]},"properties":{"z":8.0}},{"type":"Feature","geometry":{"type":"Point","coordinates":[135.6263246,34.8330522]},"properties":{"z":8.0}},{"type":"Feature","geometry":{"type":"Point","coordinates":[135.6263737,34.8330723]},"properties":{"z":8.0}},{"type":"Feature","geometry":{"type":"Point","coordinates":[135.6264228,34.8330921]},"properties":{"z":8.0}},{"type":"Feature","geometry":{"type":"Point","coordinates":[135.626472,34.8331119]},"properties":{"z":8.0}},{"type":"Feature","geometry":{"type":"Point","coordinates":[135.626525,34.8331208]},"properties":{"z":8.0}},{"type":"Feature","geometry":{"type":"Point","coordinates":[135.6265794,34.8331253]},"properties":{"z":7.9}},{"type":"Feature","geometry":{"type":"Point","coordinates":[135.6266336,34.8331316]},"properties":{"z":7.9}},{"type":"Feature","geometry":{"type":"Point","coordinates":[135.6266868,34.8331421]},"properties":{"z":7.9}},{"type":"Feature","geometry":{"type":"Point","coordinates":[135.6267401,34.8331526]},"properties":{"z":7.9}},{"type":"Feature","geometry":{"type":"Point","coordinates":[135.6267944,34.8331578]},"properties":{"z":7.9}},{"type":"Feature","geometry":{"type":"Point","coordinates":[135.6268489,34.8331622]},"properties":{"z":7.9}},{"type":"Feature","geometry":{"type":"Point","coordinates":[135.626903,34.8331686]},"properties":{"z":7.9}},{"type":"Feature","geometry":{"type":"Point","coordinates":[135.6269563,34.833179]},"properties":{"z":7.8}},{"type":"Feature","geometry":{"type":"Point","coordinates":[135.6270096,34.8331894]},"properties":{"z":7.8}},{"type":"Feature","geometry":{"type":"Point","coordinates":[135.6270637,34.8331954]},"properties":{"z":7.8}},{"type":"Feature","geometry":{"type":"Point","coordinates":[135.6271183,34.8331991]},"properties":{"z":7.7}},{"type":"Feature","geometry":{"type":"Point","coordinates":[135.6271729,34.833199]},"properties":{"z":7.7}},{"type":"Feature","geometry":{"type":"Point","coordinates":[135.6272275,34.833196]},"properties":{"z":7.7}},{"type":"Feature","geometry":{"type":"Point","coordinates":[135.6272822,34.833195]},"properties":{"z":7.7}},{"type":"Feature","geometry":{"type":"Point","coordinates":[135.6273367,34.8331989]},"properties":{"z":7.7}},{"type":"Feature","geometry":{"type":"Point","coordinates":[135.6273912,34.8332032]},"properties":{"z":7.7}},{"type":"Feature","geometry":{"type":"Point","coordinates":[135.6274454,34.8332098]},"properties":{"z":7.6}},{"type":"Feature","geometry":{"type":"Point","coordinates":[135.6274997,34.8332148]},"properties":{"z":7.6}},{"type":"Feature","geometry":{"type":"Point","coordinates":[135.6275544,34.8332123]},"properties":{"z":7.6}},{"type":"Feature","geometry":{"type":"Point","coordinates":[135.627609,34.8332098]},"properties":{"z":7.6}},{"type":"Feature","geometry":{"type":"Point","coordinates":[135.6276633,34.833204]},"properties":{"z":7.6}},{"type":"Feature","geometry":{"type":"Point","coordinates":[135.6277174,34.8331972]},"properties":{"z":7.5}},{"type":"Feature","geometry":{"type":"Point","coordinates":[135.6277717,34.8331914]},"properties":{"z":7.5}},{"type":"Feature","geometry":{"type":"Point","coordinates":[135.6278264,34.8331889]},"properties":{"z":7.5}},{"type":"Feature","geometry":{"type":"Point","coordinates":[135.6278809,34.8331858]},"properties":{"z":7.5}},{"type":"Feature","geometry":{"type":"Point","coordinates":[135.6279341,34.833175]},"properties":{"z":7.5}},{"type":"Feature","geometry":{"type":"Point","coordinates":[135.6279873,34.8331642]},"properties":{"z":7.5}},{"type":"Feature","geometry":{"type":"Point","coordinates":[135.6280412,34.8331566]},"properties":{"z":7.4}},{"type":"Feature","geometry":{"type":"Point","coordinates":[135.6280953,34.8331493]},"properties":{"z":7.4}},{"type":"Feature","geometry":{"type":"Point","coordinates":[135.6281498,34.8331472]},"properties":{"z":7.4}},{"type":"Feature","geometry":{"type":"Point","coordinates":[135.6282046,34.8331474]},"properties":{"z":7.3}},{"type":"Feature","geometry":{"type":"Point","coordinates":[135.6282593,34.833148]},"properties":{"z":7.3}},{"type":"Feature","geometry":{"type":"Point","coordinates":[135.628314,34.8331498]},"properties":{"z":7.3}},{"type":"Feature","geometry":{"type":"Point","coordinates":[135.6283688,34.8331515]},"properties":{"z":7.3}},{"type":"Feature","geometry":{"type":"Point","coordinates":[135.6284235,34.833153]},"properties":{"z":7.3}},{"type":"Feature","geometry":{"type":"Point","coordinates":[135.6284782,34.8331542]},"properties":{"z":7.3}},{"type":"Feature","geometry":{"type":"Point","coordinates":[135.628533,34.8331554]},"properties":{"z":7.3}},{"type":"Feature","geometry":{"type":"Point","coordinates":[135.6285874,34.8331603]},"properties":{"z":7.2}},{"type":"Feature","geometry":{"type":"Point","coordinates":[135.6286418,34.8331657]},"properties":{"z":7.2}},{"type":"Feature","geometry":{"type":"Point","coordinates":[135.6286964,34.8331665]},"properties":{"z":7.2}},{"type":"Feature","geometry":{"type":"Point","coordinates":[135.6287511,34.8331651]},"properties":{"z":7.2}},{"type":"Feature","geometry":{"type":"Point","coordinates":[135.6288059,34.8331637]},"properties":{"z":7.1}},{"type":"Feature","geometry":{"type":"Point","coordinates":[135.628836,34.8331272]},"properties":{"z":7.1}},{"type":"Feature","geometry":{"type":"Point","coordinates":[135.6288649,34.8330891]},"properties":{"z":7.1}},{"type":"Feature","geometry":{"type":"Point","coordinates":[135.628909,34.8330679]},"properties":{"z":7.1}},{"type":"Feature","geometry":{"type":"Point","coordinates":[135.628962,34.8330566]},"properties":{"z":7.1}},{"type":"Feature","geometry":{"type":"Point","coordinates":[135.6290154,34.8330471]},"properties":{"z":7.1}},{"type":"Feature","geometry":{"type":"Point","coordinates":[135.62907,34.8330432]},"properties":{"z":7.1}},{"type":"Feature","geometry":{"type":"Point","coordinates":[135.6291246,34.8330404]},"properties":{"z":7.1}},{"type":"Feature","geometry":{"type":"Point","coordinates":[135.6291793,34.8330421]},"properties":{"z":7.0}},{"type":"Feature","geometry":{"type":"Point","coordinates":[135.629234,34.8330437]},"properties":{"z":7.0}},{"type":"Feature","geometry":{"type":"Point","coordinates":[135.6292888,34.8330441]},"properties":{"z":7.0}},{"type":"Feature","geometry":{"type":"Point","coordinates":[135.6293435,34.8330444]},"properties":{"z":6.9}},{"type":"Feature","geometry":{"type":"Point","coordinates":[135.629398,34.833047]},"properties":{"z":6.9}},{"type":"Feature","geometry":{"type":"Point","coordinates":[135.6294512,34.8330575]},"properties":{"z":6.9}},{"type":"Feature","geometry":{"type":"Point","coordinates":[135.6295044,34.8330681]},"properties":{"z":6.9}},{"type":"Feature","geometry":{"type":"Point","coordinates":[135.6295573,34.8330798]},"properties":{"z":6.9}},{"type":"Feature","geometry":{"type":"Point","coordinates":[135.62961,34.8330919]},"properties":{"z":6.9}},{"type":"Feature","geometry":{"type":"Point","coordinates":[135.6296628,34.8331041]},"properties":{"z":6.8}},{"type":"Feature","geometry":{"type":"Point","coordinates":[135.6297086,34.8331284]},"properties":{"z":6.8}},{"type":"Feature","geometry":{"type":"Point","coordinates":[135.6297538,34.8331537]},"properties":{"z":6.8}},{"type":"Feature","geometry":{"type":"Point","coordinates":[135.6298034,34.8331717]},"properties":{"z":6.8}},{"type":"Feature","geometry":{"type":"Point","coordinates":[135.6298556,34.8331855]},"properties":{"z":6.8}},{"type":"Feature","geometry":{"type":"Point","coordinates":[135.6299082,34.8331979]},"properties":{"z":6.8}},{"type":"Feature","geometry":{"type":"Point","coordinates":[135.6299615,34.8332083]},"properties":{"z":6.7}},{"type":"Feature","geometry":{"type":"Point","coordinates":[135.6300149,34.8332176]},"properties":{"z":6.7}},{"type":"Feature","geometry":{"type":"Point","coordinates":[135.6300697,34.8332171]},"properties":{"z":6.7}},{"type":"Feature","geometry":{"type":"Point","coordinates":[135.6301244,34.8332167]},"properties":{"z":6.7}},{"type":"Feature","geometry":{"type":"Point","coordinates":[135.6301792,34.8332184]},"properties":{"z":6.6}},{"type":"Feature","geometry":{"type":"Point","coordinates":[135.6302339,34.8332201]},"properties":{"z":6.6}},{"type":"Feature","geometry":{"type":"Point","coordinates":[135.6302884,34.8332246]},"properties":{"z":6.6}},{"type":"Feature","geometry":{"type":"Point","coordinates":[135.6303428,34.8332292]},"properties":{"z":6.6}},{"type":"Feature","geometry":{"type":"Point","coordinates":[135.6303974,34.8332305]},"properties":{"z":6.6}},{"type":"Feature","geometry":{"type":"Point","coordinates":[135.6304521,34.8332278]},"properties":{"z":6.5}},{"type":"Feature","geometry":{"type":"Point","coordinates":[135.6305067,34.8332248]},"properties":{"z":6.5}},{"type":"Feature","geometry":{"type":"Point","coordinates":[135.6305611,34.8332196]},"properties":{"z":6.5}},{"type":"Feature","geometry":{"type":"Point","coordinates":[135.6306155,34.8332144]},"properties":{"z":6.5}},{"type":"Feature","geometry":{"type":"Point","coordinates":[135.6306697,34.8332082]},"properties":{"z":6.5}},{"type":"Feature","geometry":{"type":"Point","coordinates":[135.6307239,34.8332017]},"properties":{"z":6.5}},{"type":"Feature","geometry":{"type":"Point","coordinates":[135.6307772,34.8331926]},"properties":{"z":6.4}},{"type":"Feature","geometry":{"type":"Point","coordinates":[135.6308271,34.833174]},"properties":{"z":6.4}},{"type":"Feature","geometry":{"type":"Point","coordinates":[135.6308771,34.8331563]},"properties":{"z":6.4}},{"type":"Feature","geometry":{"type":"Point","coordinates":[135.6309306,34.8331658]},"properties":{"z":6.4}},{"type":"Feature","geometry":{"type":"Point","coordinates":[135.6309841,34.8331753]},"properties":{"z":6.4}},{"type":"Feature","geometry":{"type":"Point","coordinates":[135.6310375,34.8331755]},"properties":{"z":6.4}},{"type":"Feature","geometry":{"type":"Point","coordinates":[135.6310908,34.8331651]},"properties":{"z":6.4}},{"type":"Feature","geometry":{"type":"Point","coordinates":[135.6311441,34.8331548]},"properties":{"z":6.4}},{"type":"Feature","geometry":{"type":"Point","coordinates":[135.6311374,34.8331107]},"properties":{"z":6.4}},{"type":"Feature","geometry":{"type":"Point","coordinates":[135.63113,34.8330662]},"properties":{"z":6.5}},{"type":"Feature","geometry":{"type":"Point","coordinates":[135.63113,34.8330212]},"properties":{"z":6.5}},{"type":"Feature","geometry":{"type":"Point","coordinates":[135.6311302,34.8329763]},"properties":{"z":6.5}},{"type":"Feature","geometry":{"type":"Point","coordinates":[135.6311366,34.8329318]},"properties":{"z":6.5}},{"type":"Feature","geometry":{"type":"Point","coordinates":[135.6311458,34.8328875]},"properties":{"z":6.5}},{"type":"Feature","geometry":{"type":"Point","coordinates":[135.6311535,34.832843]},"properties":{"z":6.5}},{"type":"Feature","geometry":{"type":"Point","coordinates":[135.6311597,34.8327983]},"properties":{"z":6.5}},{"type":"Feature","geometry":{"type":"Point","coordinates":[135.6311659,34.8327537]},"properties":{"z":6.6}},{"type":"Feature","geometry":{"type":"Point","coordinates":[135.6311721,34.832709]},"properties":{"z":6.6}},{"type":"Feature","geometry":{"type":"Point","coordinates":[135.6311783,34.8326643]},"properties":{"z":6.6}},{"type":"Feature","geometry":{"type":"Point","coordinates":[135.6311843,34.832625]},"properties":{"z":6.6}},{"type":"Feature","geometry":{"type":"Point","coordinates":[135.6311805,34.8326696]},"properties":{"z":6.6}},{"type":"Feature","geometry":{"type":"Point","coordinates":[135.6311739,34.8327143]},"properties":{"z":6.6}},{"type":"Feature","geometry":{"type":"Point","coordinates":[135.6311673,34.8327589]},"properties":{"z":6.5}},{"type":"Feature","geometry":{"type":"Point","coordinates":[135.6311607,34.8328035]},"properties":{"z":6.5}},{"type":"Feature","geometry":{"type":"Point","coordinates":[135.6311541,34.8328481]},"properties":{"z":6.5}},{"type":"Feature","geometry":{"type":"Point","coordinates":[135.631152,34.8328427]},"properties":{"z":6.5}},{"type":"Feature","geometry":{"type":"Point","coordinates":[135.6311533,34.8327977]},"properties":{"z":6.5}},{"type":"Feature","geometry":{"type":"Point","coordinates":[135.6311547,34.8327528]},"properties":{"z":6.6}},{"type":"Feature","geometry":{"type":"Point","coordinates":[135.6311575,34.8327079]},"properties":{"z":6.6}},{"type":"Feature","geometry":{"type":"Point","coordinates":[135.6311575,34.8326632]},"properties":{"z":6.6}},{"type":"Feature","geometry":{"type":"Point","coordinates":[135.6311537,34.8326183]},"properties":{"z":6.6}},{"type":"Feature","geometry":{"type":"Point","coordinates":[135.6311508,34.8325734]},"properties":{"z":6.6}},{"type":"Feature","geometry":{"type":"Point","coordinates":[135.6311512,34.8325285]},"properties":{"z":6.7}},{"type":"Feature","geometry":{"type":"Point","coordinates":[135.6311516,34.8324835]},"properties":{"z":6.7}},{"type":"Feature","geometry":{"type":"Point","coordinates":[135.6311518,34.8324386]},"properties":{"z":6.7}},{"type":"Feature","geometry":{"type":"Point","coordinates":[135.631152,34.8323936]},"properties":{"z":6.7}},{"type":"Feature","geometry":{"type":"Point","coordinates":[135.6311521,34.8323487]},"properties":{"z":6.7}},{"type":"Feature","geometry":{"type":"Point","coordinates":[135.6311522,34.8323037]},"properties":{"z":6.8}},{"type":"Feature","geometry":{"type":"Point","coordinates":[135.6311541,34.8322588]},"properties":{"z":6.8}},{"type":"Feature","geometry":{"type":"Point","coordinates":[135.6311572,34.832214]},"properties":{"z":6.8}},{"type":"Feature","geometry":{"type":"Point","coordinates":[135.6311626,34.8321693]},"properties":{"z":6.8}},{"type":"Feature","geometry":{"type":"Point","coordinates":[135.6311725,34.8321251]},"properties":{"z":6.8}},{"type":"Feature","geometry":{"type":"Point","coordinates":[135.6311823,34.8320809]},"properties":{"z":6.8}},{"type":"Feature","geometry":{"type":"Point","coordinates":[135.6311889,34.8320363]},"properties":{"z":6.8}},{"type":"Feature","geometry":{"type":"Point","coordinates":[135.631195,34.8319916]},"properties":{"z":6.8}},{"type":"Feature","geometry":{"type":"Point","coordinates":[135.6312013,34.8319469]},"properties":{"z":6.9}},{"type":"Feature","geometry":{"type":"Point","coordinates":[135.6312077,34.8319023]},"properties":{"z":6.9}},{"type":"Feature","geometry":{"type":"Point","coordinates":[135.6312135,34.8318576]},"properties":{"z":6.9}},{"type":"Feature","geometry":{"type":"Point","coordinates":[135.631218,34.8318128]},"properties":{"z":7.0}},{"type":"Feature","geometry":{"type":"Point","coordinates":[135.6312239,34.8317682]},"properties":{"z":7.0}},{"type":"Feature","geometry":{"type":"Point","coordinates":[135.6312412,34.8317256]},"properties":{"z":7.0}},{"type":"Feature","geometry":{"type":"Point","coordinates":[135.6312575,34.8316828]},"properties":{"z":7.0}},{"type":"Feature","geometry":{"type":"Point","coordinates":[135.6312583,34.8316379]},"properties":{"z":7.0}},{"type":"Feature","geometry":{"type":"Point","coordinates":[135.631259,34.8315929]},"properties":{"z":7.0}},{"type":"Feature","geometry":{"type":"Point","coordinates":[135.6312596,34.831548]},"properties":{"z":7.1}},{"type":"Feature","geometry":{"type":"Point","coordinates":[135.6312602,34.831503]},"properties":{"z":7.1}},{"type":"Feature","geometry":{"type":"Point","coordinates":[135.6312615,34.8314581]},"properties":{"z":7.1}},{"type":"Feature","geometry":{"type":"Point","coordinates":[135.6312685,34.8314135]},"properties":{"z":7.1}},{"type":"Feature","geometry":{"type":"Point","coordinates":[135.6312751,34.8313689]},"properties":{"z":7.1}},{"type":"Feature","geometry":{"type":"Point","coordinates":[135.6312757,34.831324]},"properties":{"z":7.2}},{"type":"Feature","geometry":{"type":"Point","coordinates":[135.6312763,34.831279]},"properties":{"z":7.2}},{"type":"Feature","geometry":{"type":"Point","coordinates":[135.6312824,34.8312345]},"properties":{"z":7.2}},{"type":"Feature","geometry":{"type":"Point","coordinates":[135.6312928,34.8311904]},"properties":{"z":7.2}},{"type":"Feature","geometry":{"type":"Point","coordinates":[135.6313001,34.8311459]},"properties":{"z":7.2}},{"type":"Feature","geometry":{"type":"Point","coordinates":[135.6313031,34.8311011]},"properties":{"z":7.3}},{"type":"Feature","geometry":{"type":"Point","coordinates":[135.6313065,34.8310562]},"properties":{"z":7.3}},{"type":"Feature","geometry":{"type":"Point","coordinates":[135.6313131,34.8310116]},"properties":{"z":7.3}},{"type":"Feature","geometry":{"type":"Point","coordinates":[135.6313196,34.8309669]},"properties":{"z":7.3}},{"type":"Feature","geometry":{"type":"Point","coordinates":[135.6313248,34.8309222]},"properties":{"z":7.4}},{"type":"Feature","geometry":{"type":"Point","coordinates":[135.6313262,34.8308773]},"properties":{"z":7.4}},{"type":"Feature","geometry":{"type":"Point","coordinates":[135.6313275,34.8308324]},"properties":{"z":7.4}},{"type":"Feature","geometry":{"type":"Point","coordinates":[135.6313302,34.8307875]},"properties":{"z":7.4}},{"type":"Feature","geometry":{"type":"Point","coordinates":[135.6313341,34.8307426]},"properties":{"z":7.4}},{"type":"Feature","geometry":{"type":"Point","coordinates":[135.631338,34.8306978]},"properties":{"z":7.4}},{"type":"Feature","geometry":{"type":"Point","coordinates":[135.6313461,34.8306534]},"properties":{"z":7.4}},{"type":"Feature","geometry":{"type":"Point","coordinates":[135.631357,34.8306094]},"properties":{"z":7.5}},{"type":"Feature","geometry":{"type":"Point","coordinates":[135.6313672,34.8305653]},"properties":{"z":7.5}},{"type":"Feature","geometry":{"type":"Point","coordinates":[135.6313637,34.8305204]},"properties":{"z":7.5}},{"type":"Feature","geometry":{"type":"Point","coordinates":[135.6313601,34.8304756]},"properties":{"z":7.5}},{"type":"Feature","geometry":{"type":"Point","coordinates":[135.6313584,34.8304308]},"properties":{"z":7.5}},{"type":"Feature","geometry":{"type":"Point","coordinates":[135.6313647,34.8303861]},"properties":{"z":7.5}},{"type":"Feature","geometry":{"type":"Point","coordinates":[135.631371,34.8303415]},"properties":{"z":7.6}},{"type":"Feature","geometry":{"type":"Point","coordinates":[135.6313797,34.8302971]},"properties":{"z":7.6}},{"type":"Feature","geometry":{"type":"Point","coordinates":[135.6313899,34.8302529]},"properties":{"z":7.6}},{"type":"Feature","geometry":{"type":"Point","coordinates":[135.6313993,34.8302087]},"properties":{"z":7.6}},{"type":"Feature","geometry":{"type":"Point","coordinates":[135.6314007,34.8301638]},"properties":{"z":7.6}},{"type":"Feature","geometry":{"type":"Point","coordinates":[135.6314022,34.8301188]},"properties":{"z":7.7}},{"type":"Feature","geometry":{"type":"Point","coordinates":[135.6314044,34.8300739]},"properties":{"z":7.7}},{"type":"Feature","geometry":{"type":"Point","coordinates":[135.631408,34.8300291]},"properties":{"z":7.7}},{"type":"Feature","geometry":{"type":"Point","coordinates":[135.6314117,34.8299842]},"properties":{"z":7.7}},{"type":"Feature","geometry":{"type":"Point","coordinates":[135.6314194,34.8299398]},"properties":{"z":7.7}},{"type":"Feature","geometry":{"type":"Point","coordinates":[135.6314303,34.8298958]},"properties":{"z":7.7}},{"type":"Feature","geometry":{"type":"Point","coordinates":[135.6314406,34.8298516]},"properties":{"z":7.8}},{"type":"Feature","geometry":{"type":"Point","coordinates":[135.6314496,34.8298073]},"properties":{"z":7.8}},{"type":"Feature","geometry":{"type":"Point","coordinates":[135.6314582,34.8297629]},"properties":{"z":7.8}},{"type":"Feature","geometry":{"type":"Point","coordinates":[135.6314622,34.8297181]},"properties":{"z":7.8}},{"type":"Feature","geometry":{"type":"Point","coordinates":[135.6314662,34.8296732]},"properties":{"z":7.8}},{"type":"Feature","geometry":{"type":"Point","coordinates":[135.6314711,34.8296285]},"properties":{"z":7.9}},{"type":"Feature","geometry":{"type":"Point","coordinates":[135.6314761,34.8295837]},"properties":{"z":7.9}},{"type":"Feature","geometry":{"type":"Point","coordinates":[135.6314825,34.8295391]},"properties":{"z":7.9}},{"type":"Feature","geometry":{"type":"Point","coordinates":[135.6314907,34.8294946]},"properties":{"z":7.9}},{"type":"Feature","geometry":{"type":"Point","coordinates":[135.6314989,34.8294502]},"properties":{"z":7.9}},{"type":"Feature","geometry":{"type":"Point","coordinates":[135.6315007,34.8294053]},"properties":{"z":8.0}},{"type":"Feature","geometry":{"type":"Point","coordinates":[135.631501,34.8293604]},"properties":{"z":8.0}},{"type":"Feature","geometry":{"type":"Point","coordinates":[135.6315021,34.8293155]},"properties":{"z":8.0}},{"type":"Feature","geometry":{"type":"Point","coordinates":[135.6315068,34.8292707]},"properties":{"z":8.0}},{"type":"Feature","geometry":{"type":"Point","coordinates":[135.6315114,34.8292259]},"properties":{"z":8.1}},{"type":"Feature","geometry":{"type":"Point","coordinates":[135.631517,34.8291812]},"properties":{"z":8.1}},{"type":"Feature","geometry":{"type":"Point","coordinates":[135.6315249,34.8291367]},"properties":{"z":8.1}},{"type":"Feature","geometry":{"type":"Point","coordinates":[135.6315324,34.8290922]},"properties":{"z":8.1}},{"type":"Feature","geometry":{"type":"Point","coordinates":[135.6315364,34.8290474]},"properties":{"z":8.1}},{"type":"Feature","geometry":{"type":"Point","coordinates":[135.6315404,34.8290025]},"properties":{"z":8.1}},{"type":"Feature","geometry":{"type":"Point","coordinates":[135.6315452,34.8289578]},"properties":{"z":8.2}},{"type":"Feature","geometry":{"type":"Point","coordinates":[135.6315511,34.8289131]},"properties":{"z":8.2}},{"type":"Feature","geometry":{"type":"Point","coordinates":[135.631557,34.8288684]},"properties":{"z":8.2}},{"type":"Feature","geometry":{"type":"Point","coordinates":[135.6315642,34.8288238]},"properties":{"z":8.2}},{"type":"Feature","geometry":{"type":"Point","coordinates":[135.6315734,34.8287795]},"properties":{"z":8.2}},{"type":"Feature","geometry":{"type":"Point","coordinates":[135.6315824,34.8287352]},"properties":{"z":8.2}},{"type":"Feature","geometry":{"type":"Point","coordinates":[135.6315826,34.8286902]},"properties":{"z":8.2}},{"type":"Feature","geometry":{"type":"Point","coordinates":[135.6315828,34.8286453]},"properties":{"z":8.3}},{"type":"Feature","geometry":{"type":"Point","coordinates":[135.6315849,34.8286004]},"properties":{"z":8.3}},{"type":"Feature","geometry":{"type":"Point","coordinates":[135.6315882,34.8285555]},"properties":{"z":8.3}},{"type":"Feature","geometry":{"type":"Point","coordinates":[135.6315876,34.8285108]},"properties":{"z":8.3}},{"type":"Feature","geometry":{"type":"Point","coordinates":[135.6315794,34.8284664]},"properties":{"z":8.3}},{"type":"Feature","geometry":{"type":"Point","coordinates":[135.6315712,34.8284219]},"properties":{"z":8.4}},{"type":"Feature","geometry":{"type":"Point","coordinates":[135.6315709,34.828377]},"properties":{"z":8.4}},{"type":"Feature","geometry":{"type":"Point","coordinates":[135.6315705,34.828332]},"properties":{"z":8.4}},{"type":"Feature","geometry":{"type":"Point","coordinates":[135.6315715,34.8282871]},"properties":{"z":8.4}},{"type":"Feature","geometry":{"type":"Point","coordinates":[135.6315736,34.8282422]},"properties":{"z":8.4}},{"type":"Feature","geometry":{"type":"Point","coordinates":[135.6315767,34.8281973]},"properties":{"z":8.4}},{"type":"Feature","geometry":{"type":"Point","coordinates":[135.6315849,34.8281529]},"properties":{"z":8.5}},{"type":"Feature","geometry":{"type":"Point","coordinates":[135.6315931,34.8281084]},"properties":{"z":8.5}},{"type":"Feature","geometry":{"type":"Point","coordinates":[135.6316046,34.8280646]},"properties":{"z":8.5}},{"type":"Feature","geometry":{"type":"Point","coordinates":[135.6316198,34.8280214]},"properties":{"z":8.5}},{"type":"Feature","geometry":{"type":"Point","coordinates":[135.6316349,34.8279782]},"properties":{"z":8.6}},{"type":"Feature","geometry":{"type":"Point","coordinates":[135.6316428,34.8279338]},"properties":{"z":8.6}},{"type":"Feature","geometry":{"type":"Point","coordinates":[135.6316494,34.8278891]},"properties":{"z":8.6}},{"type":"Feature","geometry":{"type":"Point","coordinates":[135.6316557,34.8278445]},"properties":{"z":8.6}},{"type":"Feature","geometry":{"type":"Point","coordinates":[135.6316618,34.8277998]},"properties":{"z":8.6}},{"type":"Feature","geometry":{"type":"Point","coordinates":[135.6316682,34.8277552]},"properties":{"z":8.6}},{"type":"Feature","geometry":{"type":"Point","coordinates":[135.6316779,34.8277109]},"properties":{"z":8.7}},{"type":"Feature","geometry":{"type":"Point","coordinates":[135.6316876,34.8276667]},"properties":{"z":8.7}},{"type":"Feature","geometry":{"type":"Point","coordinates":[135.6316948,34.8276222]},"properties":{"z":8.7}},{"type":"Feature","geometry":{"type":"Point","coordinates":[135.6317004,34.8275775]},"properties":{"z":8.7}},{"type":"Feature","geometry":{"type":"Point","coordinates":[135.6317115,34.8275336]},"properties":{"z":8.7}},{"type":"Feature","geometry":{"type":"Point","coordinates":[135.6317264,34.8274903]},"properties":{"z":8.7}},{"type":"Feature","geometry":{"type":"Point","coordinates":[135.6317381,34.8274466]},"properties":{"z":8.7}},{"type":"Feature","geometry":{"type":"Point","coordinates":[135.6317448,34.827402]},"properties":{"z":8.7}},{"type":"Feature","geometry":{"type":"Point","coordinates":[135.6317512,34.8273573]},"properties":{"z":8.7}},{"type":"Feature","geometry":{"type":"Point","coordinates":[135.6317545,34.8273124]},"properties":{"z":8.7}},{"type":"Feature","geometry":{"type":"Point","coordinates":[135.6317578,34.8272676]},"properties":{"z":8.7}},{"type":"Feature","geometry":{"type":"Point","coordinates":[135.6317637,34.8272229]},"properties":{"z":8.7}},{"type":"Feature","geometry":{"type":"Point","coordinates":[135.6317707,34.8271783]},"properties":{"z":8.7}},{"type":"Feature","geometry":{"type":"Point","coordinates":[135.6317776,34.8271337]},"properties":{"z":8.7}},{"type":"Feature","geometry":{"type":"Point","coordinates":[135.6317822,34.8270889]},"properties":{"z":8.8}},{"type":"Feature","geometry":{"type":"Point","coordinates":[135.6317868,34.8270441]},"properties":{"z":8.8}},{"type":"Feature","geometry":{"type":"Point","coordinates":[135.6317927,34.8269995]},"properties":{"z":8.8}},{"type":"Feature","geometry":{"type":"Point","coordinates":[135.6318021,34.8269552]},"properties":{"z":8.8}},{"type":"Feature","geometry":{"type":"Point","coordinates":[135.6318116,34.8269109]},"properties":{"z":8.8}},{"type":"Feature","geometry":{"type":"Point","coordinates":[135.6318124,34.826866]},"properties":{"z":8.8}},{"type":"Feature","geometry":{"type":"Point","coordinates":[135.631813,34.826821]},"properties":{"z":8.8}},{"type":"Feature","geometry":{"type":"Point","coordinates":[135.6318143,34.8267761]},"properties":{"z":8.8}},{"type":"Feature","geometry":{"type":"Point","coordinates":[135.631816,34.8267312]},"properties":{"z":8.8}},{"type":"Feature","geometry":{"type":"Point","coordinates":[135.6318177,34.8266862]},"properties":{"z":8.8}},{"type":"Feature","geometry":{"type":"Point","coordinates":[135.6318161,34.8266413]},"properties":{"z":8.8}},{"type":"Feature","geometry":{"type":"Point","coordinates":[135.6318145,34.8265964]},"properties":{"z":8.8}},{"type":"Feature","geometry":{"type":"Point","coordinates":[135.6318181,34.8265519]},"properties":{"z":8.8}},{"type":"Feature","geometry":{"type":"Point","coordinates":[135.6318307,34.8265081]},"properties":{"z":8.8}},{"type":"Feature","geometry":{"type":"Point","coordinates":[135.6318416,34.8264642]},"properties":{"z":8.8}},{"type":"Feature","geometry":{"type":"Point","coordinates":[135.631841,34.8264193]},"properties":{"z":8.8}},{"type":"Feature","geometry":{"type":"Point","coordinates":[135.6318403,34.8263743]},"properties":{"z":8.8}},{"type":"Feature","geometry":{"type":"Point","coordinates":[135.6318422,34.8263294]},"properties":{"z":8.8}},{"type":"Feature","geometry":{"type":"Point","coordinates":[135.631845,34.8262845]},"properties":{"z":8.8}},{"type":"Feature","geometry":{"type":"Point","coordinates":[135.6318479,34.8262396]},"properties":{"z":8.8}},{"type":"Feature","geometry":{"type":"Point","coordinates":[135.6318504,34.8261947]},"properties":{"z":8.8}},{"type":"Feature","geometry":{"type":"Point","coordinates":[135.631853,34.8261498]},"properties":{"z":8.8}},{"type":"Feature","geometry":{"type":"Point","coordinates":[135.6318549,34.8261049]},"properties":{"z":8.8}},{"type":"Feature","geometry":{"type":"Point","coordinates":[135.631856,34.82606]},"properties":{"z":8.8}},{"type":"Feature","geometry":{"type":"Point","coordinates":[135.6318579,34.8260151]},"properties":{"z":8.8}},{"type":"Feature","geometry":{"type":"Point","coordinates":[135.6318658,34.8259706]},"properties":{"z":8.8}},{"type":"Feature","geometry":{"type":"Point","coordinates":[135.6318736,34.8259261]},"properties":{"z":8.8}},{"type":"Feature","geometry":{"type":"Point","coordinates":[135.6318695,34.8258813]},"properties":{"z":8.8}},{"type":"Feature","geometry":{"type":"Point","coordinates":[135.6318655,34.8258365]},"properties":{"z":8.8}},{"type":"Feature","geometry":{"type":"Point","coordinates":[135.6318655,34.8257915]},"properties":{"z":8.8}},{"type":"Feature","geometry":{"type":"Point","coordinates":[135.6318664,34.8257466]},"properties":{"z":8.8}},{"type":"Feature","geometry":{"type":"Point","coordinates":[135.6318672,34.8257016]},"properties":{"z":8.8}},{"type":"Feature","geometry":{"type":"Point","coordinates":[135.6318671,34.8256567]},"properties":{"z":8.8}},{"type":"Feature","geometry":{"type":"Point","coordinates":[135.631867,34.8256117]},"properties":{"z":8.8}},{"type":"Feature","geometry":{"type":"Point","coordinates":[135.6318707,34.8255671]},"properties":{"z":8.8}},{"type":"Feature","geometry":{"type":"Point","coordinates":[135.6318811,34.8255229]},"properties":{"z":8.8}},{"type":"Feature","geometry":{"type":"Point","coordinates":[135.6318915,34.8254788]},"properties":{"z":8.8}},{"type":"Feature","geometry":{"type":"Point","coordinates":[135.6319003,34.8254344]},"properties":{"z":8.8}},{"type":"Feature","geometry":{"type":"Point","coordinates":[135.6319091,34.8253901]},"properties":{"z":8.8}},{"type":"Feature","geometry":{"type":"Point","coordinates":[135.6319182,34.8253457]},"properties":{"z":8.8}},{"type":"Feature","geometry":{"type":"Point","coordinates":[135.6319281,34.8253015]},"properties":{"z":8.8}},{"type":"Feature","geometry":{"type":"Point","coordinates":[135.6319372,34.8252572]},"properties":{"z":8.8}},{"type":"Feature","geometry":{"type":"Point","coordinates":[135.6319421,34.8252125]},"properties":{"z":8.8}},{"type":"Feature","geometry":{"type":"Point","coordinates":[135.6319469,34.8251677]},"properties":{"z":8.8}},{"type":"Feature","geometry":{"type":"Point","coordinates":[135.6319539,34.8251231]},"properties":{"z":8.8}},{"type":"Feature","geometry":{"type":"Point","coordinates":[135.631962,34.8250787]},"properties":{"z":8.8}},{"type":"Feature","geometry":{"type":"Point","coordinates":[135.6319653,34.8250339]},"properties":{"z":8.8}},{"type":"Feature","geometry":{"type":"Point","coordinates":[135.6319661,34.8249889]},"properties":{"z":8.8}},{"type":"Feature","geometry":{"type":"Point","coordinates":[135.6319695,34.8249442]},"properties":{"z":8.8}},{"type":"Feature","geometry":{"type":"Point","coordinates":[135.6319806,34.8249002]},"properties":{"z":8.8}},{"type":"Feature","geometry":{"type":"Point","coordinates":[135.6319916,34.8248562]},"properties":{"z":8.8}},{"type":"Feature","geometry":{"type":"Point","coordinates":[135.6319994,34.8248117]},"properties":{"z":8.8}},{"type":"Feature","geometry":{"type":"Point","coordinates":[135.6320049,34.824767]},"properties":{"z":8.8}},{"type":"Feature","geometry":{"type":"Point","coordinates":[135.6320107,34.8247223]},"properties":{"z":8.8}},{"type":"Feature","geometry":{"type":"Point","coordinates":[135.6320187,34.8246778]},"properties":{"z":8.8}},{"type":"Feature","geometry":{"type":"Point","coordinates":[135.6320268,34.8246334]},"properties":{"z":8.8}},{"type":"Feature","geometry":{"type":"Point","coordinates":[135.6320345,34.8245889]},"properties":{"z":8.8}},{"type":"Feature","geometry":{"type":"Point","coordinates":[135.6320416,34.8245443]},"properties":{"z":8.8}},{"type":"Feature","geometry":{"type":"Point","coordinates":[135.6320486,34.8244997]},"properties":{"z":8.8}},{"type":"Feature","geometry":{"type":"Point","coordinates":[135.6320554,34.8244551]},"properties":{"z":8.8}},{"type":"Feature","geometry":{"type":"Point","coordinates":[135.6320621,34.8244105]},"properties":{"z":8.8}},{"type":"Feature","geometry":{"type":"Point","coordinates":[135.6320685,34.8243659]},"properties":{"z":8.8}},{"type":"Feature","geometry":{"type":"Point","coordinates":[135.632075,34.8243212]},"properties":{"z":8.8}},{"type":"Feature","geometry":{"type":"Point","coordinates":[135.6320802,34.8242765]},"properties":{"z":8.8}},{"type":"Feature","geometry":{"type":"Point","coordinates":[135.6320825,34.8242316]},"properties":{"z":8.8}},{"type":"Feature","geometry":{"type":"Point","coordinates":[135.6320848,34.8241867]},"properties":{"z":8.8}},{"type":"Feature","geometry":{"type":"Point","coordinates":[135.6320875,34.8241418]},"properties":{"z":8.8}},{"type":"Feature","geometry":{"type":"Point","coordinates":[135.6320903,34.8240969]},"properties":{"z":8.8}},{"type":"Feature","geometry":{"type":"Point","coordinates":[135.6320963,34.8240522]},"properties":{"z":8.8}},{"type":"Feature","geometry":{"type":"Point","coordinates":[135.6321028,34.8240076]},"properties":{"z":8.8}},{"type":"Feature","geometry":{"type":"Point","coordinates":[135.6321093,34.823963]},"properties":{"z":8.8}},{"type":"Feature","geometry":{"type":"Point","coordinates":[135.6321129,34.8239181]},"properties":{"z":8.8}},{"type":"Feature","geometry":{"type":"Point","coordinates":[135.6321162,34.8238732]},"properties":{"z":8.8}},{"type":"Feature","geometry":{"type":"Point","coordinates":[135.6321195,34.8238284]},"properties":{"z":8.8}},{"type":"Feature","geometry":{"type":"Point","coordinates":[135.6321244,34.8237836]},"properties":{"z":8.8}},{"type":"Feature","geometry":{"type":"Point","coordinates":[135.6321296,34.8237388]},"properties":{"z":8.8}},{"type":"Feature","geometry":{"type":"Point","coordinates":[135.6321347,34.8236941]},"properties":{"z":8.8}},{"type":"Feature","geometry":{"type":"Point","coordinates":[135.632142,34.8236495]},"properties":{"z":8.8}},{"type":"Feature","geometry":{"type":"Point","coordinates":[135.6321492,34.823605]},"properties":{"z":8.9}},{"type":"Feature","geometry":{"type":"Point","coordinates":[135.6321547,34.8235602]},"properties":{"z":8.9}},{"type":"Feature","geometry":{"type":"Point","coordinates":[135.6321601,34.8235155]},"properties":{"z":8.9}},{"type":"Feature","geometry":{"type":"Point","coordinates":[135.6321651,34.8234708]},"properties":{"z":8.9}},{"type":"Feature","geometry":{"type":"Point","coordinates":[135.6321694,34.8234259]},"properties":{"z":8.9}},{"type":"Feature","geometry":{"type":"Point","coordinates":[135.6321738,34.8233811]},"properties":{"z":8.9}},{"type":"Feature","geometry":{"type":"Point","coordinates":[135.6321802,34.8233365]},"properties":{"z":8.9}},{"type":"Feature","geometry":{"type":"Point","coordinates":[135.6321893,34.8232922]},"properties":{"z":8.9}},{"type":"Feature","geometry":{"type":"Point","coordinates":[135.6321984,34.8232479]},"properties":{"z":8.9}},{"type":"Feature","geometry":{"type":"Point","coordinates":[135.6322074,34.8232035]},"properties":{"z":8.9}},{"type":"Feature","geometry":{"type":"Point","coordinates":[135.6322163,34.8231592]},"properties":{"z":8.9}},{"type":"Feature","geometry":{"type":"Point","coordinates":[135.6322251,34.8231148]},"properties":{"z":8.9}},{"type":"Feature","geometry":{"type":"Point","coordinates":[135.6322293,34.82307]},"properties":{"z":9.0}},{"type":"Feature","geometry":{"type":"Point","coordinates":[135.6322335,34.8230252]},"properties":{"z":9.0}},{"type":"Feature","geometry":{"type":"Point","coordinates":[135.6322367,34.8229804]},"properties":{"z":9.0}},{"type":"Feature","geometry":{"type":"Point","coordinates":[135.6322305,34.8229357]},"properties":{"z":9.0}},{"type":"Feature","geometry":{"type":"Point","coordinates":[135.6322243,34.8228911]},"properties":{"z":9.0}},{"type":"Feature","geometry":{"type":"Point","coordinates":[135.6322291,34.8228469]},"properties":{"z":9.0}},{"type":"Feature","geometry":{"type":"Point","coordinates":[135.6322408,34.822803]},"properties":{"z":9.0}},{"type":"Feature","geometry":{"type":"Point","coordinates":[135.6322521,34.822759]},"properties":{"z":9.0}},{"type":"Feature","geometry":{"type":"Point","coordinates":[135.6322561,34.8227142]},"properties":{"z":9.1}},{"type":"Feature","geometry":{"type":"Point","coordinates":[135.6322602,34.8226693]},"properties":{"z":9.1}},{"type":"Feature","geometry":{"type":"Point","coordinates":[135.6322643,34.8226245]},"properties":{"z":9.1}},{"type":"Feature","geometry":{"type":"Point","coordinates":[135.6322686,34.8225797]},"properties":{"z":9.1}},{"type":"Feature","geometry":{"type":"Point","coordinates":[135.6322719,34.8225348]},"properties":{"z":9.1}},{"type":"Feature","geometry":{"type":"Point","coordinates":[135.6322722,34.8224899]},"properties":{"z":9.1}},{"type":"Feature","geometry":{"type":"Point","coordinates":[135.6322725,34.8224449]},"properties":{"z":9.1}},{"type":"Feature","geometry":{"type":"Point","coordinates":[135.6322778,34.8224003]},"properties":{"z":9.1}},{"type":"Feature","geometry":{"type":"Point","coordinates":[135.6322865,34.822356]},"properties":{"z":9.1}},{"type":"Feature","geometry":{"type":"Point","coordinates":[135.6322933,34.8223114]},"properties":{"z":9.2}},{"type":"Feature","geometry":{"type":"Point","coordinates":[135.6322961,34.8222665]},"properties":{"z":9.2}},{"type":"Feature","geometry":{"type":"Point","coordinates":[135.6322989,34.8222216]},"properties":{"z":9.2}},{"type":"Feature","geometry":{"type":"Point","coordinates":[135.6323055,34.822177]},"properties":{"z":9.2}},{"type":"Feature","geometry":{"type":"Point","coordinates":[135.6323131,34.8221325]},"properties":{"z":9.2}},{"type":"Feature","geometry":{"type":"Point","coordinates":[135.6323189,34.8220878]},"properties":{"z":9.2}},{"type":"Feature","geometry":{"type":"Point","coordinates":[135.6323225,34.822043]},"properties":{"z":9.2}},{"type":"Feature","geometry":{"type":"Point","coordinates":[135.6323262,34.8219981]},"properties":{"z":9.2}},{"type":"Feature","geometry":{"type":"Point","coordinates":[135.6323299,34.8219533]},"properties":{"z":9.3}},{"type":"Feature","geometry":{"type":"Point","coordinates":[135.6323337,34.8219084]},"properties":{"z":9.3}},{"type":"Feature","geometry":{"type":"Point","coordinates":[135.6323375,34.8218636]},"properties":{"z":9.3}},{"type":"Feature","geometry":{"type":"Point","coordinates":[135.6323414,34.8218188]},"properties":{"z":9.3}},{"type":"Feature","geometry":{"type":"Point","coordinates":[135.6323453,34.8217739]},"properties":{"z":9.3}},{"type":"Feature","geometry":{"type":"Point","coordinates":[135.6323498,34.8217291]},"properties":{"z":9.3}},{"type":"Feature","geometry":{"type":"Point","coordinates":[135.6323543,34.8216843]},"properties":{"z":9.4}},{"type":"Feature","geometry":{"type":"Point","coordinates":[135.6323604,34.8216397]},"properties":{"z":9.4}},{"type":"Feature","geometry":{"type":"Point","coordinates":[135.6323691,34.8215953]},"properties":{"z":9.4}},{"type":"Feature","geometry":{"type":"Point","coordinates":[135.6323775,34.8215509]},"properties":{"z":9.4}},{"type":"Feature","geometry":{"type":"Point","coordinates":[135.6323823,34.8215061]},"properties":{"z":9.4}},{"type":"Feature","geometry":{"type":"Point","coordinates":[135.6323871,34.8214613]},"properties":{"z":9.4}},{"type":"Feature","geometry":{"type":"Point","coordinates":[135.6323993,34.8214176]},"properties":{"z":9.4}},{"type":"Feature","geometry":{"type":"Point","coordinates":[135.6324126,34.821374]},"properties":{"z":9.4}},{"type":"Feature","geometry":{"type":"Point","coordinates":[135.6324237,34.82133]},"properties":{"z":9.4}},{"type":"Feature","geometry":{"type":"Point","coordinates":[135.6324335,34.8212857]},"properties":{"z":9.4}},{"type":"Feature","geometry":{"type":"Point","coordinates":[135.6324432,34.8212415]},"properties":{"z":9.4}},{"type":"Feature","geometry":{"type":"Point","coordinates":[135.6324487,34.8211968]},"properties":{"z":9.5}},{"type":"Feature","geometry":{"type":"Point","coordinates":[135.6324537,34.821152]},"properties":{"z":9.5}},{"type":"Feature","geometry":{"type":"Point","coordinates":[135.6324552,34.8211072]},"properties":{"z":9.5}},{"type":"Feature","geometry":{"type":"Point","coordinates":[135.6324535,34.8210623]},"properties":{"z":9.5}},{"type":"Feature","geometry":{"type":"Point","coordinates":[135.6324516,34.8210173]},"properties":{"z":9.5}},{"type":"Feature","geometry":{"type":"Point","coordinates":[135.6324495,34.8209724]},"properties":{"z":9.5}},{"type":"Feature","geometry":{"type":"Point","coordinates":[135.6324474,34.8209275]},"properties":{"z":9.5}},{"type":"Feature","geometry":{"type":"Point","coordinates":[135.6324529,34.8208828]},"properties":{"z":9.6}},{"type":"Feature","geometry":{"type":"Point","coordinates":[135.6324596,34.8208382]},"properties":{"z":9.6}},{"type":"Feature","geometry":{"type":"Point","coordinates":[135.6324661,34.8207936]},"properties":{"z":9.6}},{"type":"Feature","geometry":{"type":"Point","coordinates":[135.6324666,34.8207486]},"properties":{"z":9.6}},{"type":"Feature","geometry":{"type":"Point","coordinates":[135.632467,34.8207037]},"properties":{"z":9.6}},{"type":"Feature","geometry":{"type":"Point","coordinates":[135.6324707,34.820659]},"properties":{"z":9.6}},{"type":"Feature","geometry":{"type":"Point","coordinates":[135.6324786,34.8206145]},"properties":{"z":9.6}},{"type":"Feature","geometry":{"type":"Point","coordinates":[135.6324855,34.8205699]},"properties":{"z":9.6}},{"type":"Feature","geometry":{"type":"Point","coordinates":[135.6324908,34.8205251]},"properties":{"z":9.7}},{"type":"Feature","geometry":{"type":"Point","coordinates":[135.632496,34.8204804]},"properties":{"z":9.7}},{"type":"Feature","geometry":{"type":"Point","coordinates":[135.6325017,34.8204357]},"properties":{"z":9.7}},{"type":"Feature","geometry":{"type":"Point","coordinates":[135.6325077,34.820391]},"properties":{"z":9.7}},{"type":"Feature","geometry":{"type":"Point","coordinates":[135.6325137,34.8203463]},"properties":{"z":9.7}},{"type":"Feature","geometry":{"type":"Point","coordinates":[135.6325183,34.8203015]},"properties":{"z":9.7}},{"type":"Feature","geometry":{"type":"Point","coordinates":[135.632522,34.8202567]},"properties":{"z":9.7}},{"type":"Feature","geometry":{"type":"Point","coordinates":[135.6325256,34.8202118]},"properties":{"z":9.7}},{"type":"Feature","geometry":{"type":"Point","coordinates":[135.6325294,34.820167]},"properties":{"z":9.7}},{"type":"Feature","geometry":{"type":"Point","coordinates":[135.6325332,34.8201222]},"properties":{"z":9.8}},{"type":"Feature","geometry":{"type":"Point","coordinates":[135.6325364,34.8200773]},"properties":{"z":9.8}},{"type":"Feature","geometry":{"type":"Point","coordinates":[135.6325387,34.8200324]},"properties":{"z":9.8}},{"type":"Feature","geometry":{"type":"Point","coordinates":[135.632541,34.8199875]},"properties":{"z":9.8}},{"type":"Feature","geometry":{"type":"Point","coordinates":[135.632545,34.8199426]},"properties":{"z":9.8}},{"type":"Feature","geometry":{"type":"Point","coordinates":[135.6325506,34.8198979]},"properties":{"z":9.8}},{"type":"Feature","geometry":{"type":"Point","coordinates":[135.6325566,34.8198532]},"properties":{"z":9.8}},{"type":"Feature","geometry":{"type":"Point","coordinates":[135.6325628,34.8198086]},"properties":{"z":9.8}},{"type":"Feature","geometry":{"type":"Point","coordinates":[135.6325687,34.8197639]},"properties":{"z":9.9}},{"type":"Feature","geometry":{"type":"Point","coordinates":[135.6325724,34.8197191]},"properties":{"z":9.9}},{"type":"Feature","geometry":{"type":"Point","coordinates":[135.6325761,34.8196742]},"properties":{"z":9.9}},{"type":"Feature","geometry":{"type":"Point","coordinates":[135.6325802,34.8196294]},"properties":{"z":9.9}},{"type":"Feature","geometry":{"type":"Point","coordinates":[135.6325853,34.8195846]},"properties":{"z":9.9}},{"type":"Feature","geometry":{"type":"Point","coordinates":[135.6325904,34.8195399]},"properties":{"z":9.9}},{"type":"Feature","geometry":{"type":"Point","coordinates":[135.6325944,34.819495]},"properties":{"z":9.9}},{"type":"Feature","geometry":{"type":"Point","coordinates":[135.6325967,34.8194501]},"properties":{"z":9.9}},{"type":"Feature","geometry":{"type":"Point","coordinates":[135.632599,34.8194052]},"properties":{"z":10.0}},{"type":"Feature","geometry":{"type":"Point","coordinates":[135.6326058,34.8193608]},"properties":{"z":10.0}},{"type":"Feature","geometry":{"type":"Point","coordinates":[135.6326168,34.8193167]},"properties":{"z":10.0}},{"type":"Feature","geometry":{"type":"Point","coordinates":[135.6326268,34.8192725]},"properties":{"z":10.0}},{"type":"Feature","geometry":{"type":"Point","coordinates":[135.632635,34.8192281]},"properties":{"z":10.0}},{"type":"Feature","geometry":{"type":"Point","coordinates":[135.6326433,34.8191837]},"properties":{"z":10.0}},{"type":"Feature","geometry":{"type":"Point","coordinates":[135.6326492,34.819139]},"properties":{"z":10.0}},{"type":"Feature","geometry":{"type":"Point","coordinates":[135.6326525,34.8190941]},"properties":{"z":10.0}},{"type":"Feature","geometry":{"type":"Point","coordinates":[135.6326562,34.8190493]},"properties":{"z":10.0}},{"type":"Feature","geometry":{"type":"Point","coordinates":[135.6326611,34.8190045]},"properties":{"z":10.0}},{"type":"Feature","geometry":{"type":"Point","coordinates":[135.632666,34.8189598]},"properties":{"z":10.0}},{"type":"Feature","geometry":{"type":"Point","coordinates":[135.6326692,34.8189149]},"properties":{"z":10.0}},{"type":"Feature","geometry":{"type":"Point","coordinates":[135.6326709,34.81887]},"properties":{"z":10.0}},{"type":"Feature","geometry":{"type":"Point","coordinates":[135.6326727,34.818825]},"properties":{"z":10.0}},{"type":"Feature","geometry":{"type":"Point","coordinates":[135.6326735,34.8187801]},"properties":{"z":10.0}},{"type":"Feature","geometry":{"type":"Point","coordinates":[135.6326739,34.8187351]},"properties":{"z":10.0}},{"type":"Feature","geometry":{"type":"Point","coordinates":[135.6326738,34.8186902]},"properties":{"z":10.0}},{"type":"Feature","geometry":{"type":"Point","coordinates":[135.6326707,34.8186453]},"properties":{"z":10.0}},{"type":"Feature","geometry":{"type":"Point","coordinates":[135.6326676,34.8186005]},"properties":{"z":10.0}},{"type":"Feature","geometry":{"type":"Point","coordinates":[135.6326677,34.8185555]},"properties":{"z":10.0}},{"type":"Feature","geometry":{"type":"Point","coordinates":[135.6326691,34.8185106]},"properties":{"z":10.0}},{"type":"Feature","geometry":{"type":"Point","coordinates":[135.6326703,34.8184657]},"properties":{"z":10.0}},{"type":"Feature","geometry":{"type":"Point","coordinates":[135.6326688,34.8184207]},"properties":{"z":10.0}},{"type":"Feature","geometry":{"type":"Point","coordinates":[135.6326673,34.8183758]},"properties":{"z":10.0}},{"type":"Feature","geometry":{"type":"Point","coordinates":[135.6326674,34.8183308]},"properties":{"z":10.0}},{"type":"Feature","geometry":{"type":"Point","coordinates":[135.6326685,34.8182859]},"properties":{"z":10.0}},{"type":"Feature","geometry":{"type":"Point","coordinates":[135.632673,34.8182413]},"properties":{"z":10.0}},{"type":"Feature","geometry":{"type":"Point","coordinates":[135.6326869,34.8181979]},"properties":{"z":10.0}},{"type":"Feature","geometry":{"type":"Point","coordinates":[135.6327009,34.8181544]},"properties":{"z":10.0}},{"type":"Feature","geometry":{"type":"Point","coordinates":[135.6327075,34.8181098]},"properties":{"z":10.0}},{"type":"Feature","geometry":{"type":"Point","coordinates":[135.6327138,34.8180652]},"properties":{"z":10.0}},{"type":"Feature","geometry":{"type":"Point","coordinates":[135.6327157,34.8180205]},"properties":{"z":10.0}},{"type":"Feature","geometry":{"type":"Point","coordinates":[135.6327088,34.8179759]},"properties":{"z":10.0}},{"type":"Feature","geometry":{"type":"Point","coordinates":[135.6327019,34.8179313]},"properties":{"z":10.0}},{"type":"Feature","geometry":{"type":"Point","coordinates":[135.6326948,34.8178868]},"properties":{"z":10.0}},{"type":"Feature","geometry":{"type":"Point","coordinates":[135.6326877,34.8178422]},"properties":{"z":10.0}},{"type":"Feature","geometry":{"type":"Point","coordinates":[135.6326842,34.8177976]},"properties":{"z":10.0}},{"type":"Feature","geometry":{"type":"Point","coordinates":[135.6326886,34.8177527]},"properties":{"z":10.0}},{"type":"Feature","geometry":{"type":"Point","coordinates":[135.632693,34.8177079]},"properties":{"z":10.0}},{"type":"Feature","geometry":{"type":"Point","coordinates":[135.6326937,34.817663]},"properties":{"z":10.0}},{"type":"Feature","geometry":{"type":"Point","coordinates":[135.632694,34.8176181]},"properties":{"z":10.0}},{"type":"Feature","geometry":{"type":"Point","coordinates":[135.6326866,34.8175736]},"properties":{"z":10.0}},{"type":"Feature","geometry":{"type":"Point","coordinates":[135.6326773,34.8175293]},"properties":{"z":10.0}},{"type":"Feature","geometry":{"type":"Point","coordinates":[135.632672,34.8174847]},"properties":{"z":10.0}},{"type":"Feature","geometry":{"type":"Point","coordinates":[135.6326719,34.8174398]},"properties":{"z":10.0}},{"type":"Feature","geometry":{"type":"Point","coordinates":[135.6326718,34.8173948]},"properties":{"z":9.8}},{"type":"Feature","geometry":{"type":"Point","coordinates":[135.6326729,34.8173499]},"properties":{"z":9.8}},{"type":"Feature","geometry":{"type":"Point","coordinates":[135.6326739,34.817305]},"properties":{"z":9.2}},{"type":"Feature","geometry":{"type":"Point","coordinates":[135.6326739,34.81726]},"properties":{"z":9.2}},{"type":"Feature","geometry":{"type":"Point","coordinates":[135.6326737,34.8172151]},"properties":{"z":9.1}},{"type":"Feature","geometry":{"type":"Point","coordinates":[135.6326733,34.8171701]},"properties":{"z":9.1}},{"type":"Feature","geometry":{"type":"Point","coordinates":[135.6326728,34.8171252]},"properties":{"z":9.1}},{"type":"Feature","geometry":{"type":"Point","coordinates":[135.6326714,34.8170802]},"properties":{"z":9.1}},{"type":"Feature","geometry":{"type":"Point","coordinates":[135.6326687,34.8170353]},"properties":{"z":9.1}},{"type":"Feature","geometry":{"type":"Point","coordinates":[135.6326659,34.8169904]},"properties":{"z":9.1}},{"type":"Feature","geometry":{"type":"Point","coordinates":[135.6326622,34.8169456]},"properties":{"z":9.0}},{"type":"Feature","geometry":{"type":"Point","coordinates":[135.6326581,34.8169008]},"properties":{"z":9.0}},{"type":"Feature","geometry":{"type":"Point","coordinates":[135.6326562,34.8168559]},"properties":{"z":9.1}},{"type":"Feature","geometry":{"type":"Point","coordinates":[135.6326597,34.8168111]},"properties":{"z":9.0}},{"type":"Feature","geometry":{"type":"Point","coordinates":[135.6326633,34.8167662]},"properties":{"z":9.0}},{"type":"Feature","geometry":{"type":"Point","coordinates":[135.6326665,34.8167213]},"properties":{"z":9.0}},{"type":"Feature","geometry":{"type":"Point","coordinates":[135.6326664,34.8166764]},"properties":{"z":9.0}},{"type":"Feature","geometry":{"type":"Point","coordinates":[135.6326664,34.8166314]},"properties":{"z":9.0}},{"type":"Feature","geometry":{"type":"Point","coordinates":[135.6326683,34.8165865]},"properties":{"z":9.0}},{"type":"Feature","geometry":{"type":"Point","coordinates":[135.6326702,34.8165416]},"properties":{"z":9.0}},{"type":"Feature","geometry":{"type":"Point","coordinates":[135.6326721,34.8164967]},"properties":{"z":9.0}},{"type":"Feature","geometry":{"type":"Point","coordinates":[135.6326739,34.8164517]},"properties":{"z":9.0}},{"type":"Feature","geometry":{"type":"Point","coordinates":[135.6326757,34.8164068]},"properties":{"z":9.0}},{"type":"Feature","geometry":{"type":"Point","coordinates":[135.6326773,34.8163619]},"properties":{"z":9.0}},{"type":"Feature","geometry":{"type":"Point","coordinates":[135.632679,34.8163169]},"properties":{"z":9.0}},{"type":"Feature","geometry":{"type":"Point","coordinates":[135.6326803,34.816272]},"properties":{"z":9.0}},{"type":"Feature","geometry":{"type":"Point","coordinates":[135.632681,34.8162271]},"properties":{"z":9.0}},{"type":"Feature","geometry":{"type":"Point","coordinates":[135.6326817,34.8161821]},"properties":{"z":9.0}},{"type":"Feature","geometry":{"type":"Point","coordinates":[135.632682,34.8161372]},"properties":{"z":9.0}},{"type":"Feature","geometry":{"type":"Point","coordinates":[135.6326812,34.8160922]},"properties":{"z":9.0}},{"type":"Feature","geometry":{"type":"Point","coordinates":[135.6326804,34.8160473]},"properties":{"z":9.0}},{"type":"Feature","geometry":{"type":"Point","coordinates":[135.6326803,34.8160023]},"properties":{"z":9.0}},{"type":"Feature","geometry":{"type":"Point","coordinates":[135.6326813,34.8159574]},"properties":{"z":9.1}},{"type":"Feature","geometry":{"type":"Point","coordinates":[135.6326823,34.8159124]},"properties":{"z":9.1}},{"type":"Feature","geometry":{"type":"Point","coordinates":[135.6326832,34.8158675]},"properties":{"z":9.1}},{"type":"Feature","geometry":{"type":"Point","coordinates":[135.6326841,34.8158225]},"properties":{"z":9.1}},{"type":"Feature","geometry":{"type":"Point","coordinates":[135.6326849,34.8157776]},"properties":{"z":9.1}},{"type":"Feature","geometry":{"type":"Point","coordinates":[135.6326837,34.8157327]},"properties":{"z":9.1}},{"type":"Feature","geometry":{"type":"Point","coordinates":[135.6326809,34.8156878]},"properties":{"z":9.1}},{"type":"Feature","geometry":{"type":"Point","coordinates":[135.6326781,34.8156429]},"properties":{"z":9.1}},{"type":"Feature","geometry":{"type":"Point","coordinates":[135.6326763,34.815598]},"properties":{"z":9.1}},{"type":"Feature","geometry":{"type":"Point","coordinates":[135.6326755,34.815553]},"properties":{"z":9.1}},{"type":"Feature","geometry":{"type":"Point","coordinates":[135.6326747,34.8155081]},"properties":{"z":9.1}},{"type":"Feature","geometry":{"type":"Point","coordinates":[135.632676,34.8154631]},"properties":{"z":9.1}},{"type":"Feature","geometry":{"type":"Point","coordinates":[135.6326779,34.8154182]},"properties":{"z":9.1}},{"type":"Feature","geometry":{"type":"Point","coordinates":[135.6326749,34.8153734]},"properties":{"z":9.1}},{"type":"Feature","geometry":{"type":"Point","coordinates":[135.6326703,34.8153286]},"properties":{"z":9.1}},{"type":"Feature","geometry":{"type":"Point","coordinates":[135.6326678,34.8152837]},"properties":{"z":9.1}},{"type":"Feature","geometry":{"type":"Point","coordinates":[135.6326664,34.8152388]},"properties":{"z":9.1}},{"type":"Feature","geometry":{"type":"Point","coordinates":[135.632664,34.8151939]},"properties":{"z":9.1}},{"type":"Feature","geometry":{"type":"Point","coordinates":[135.6326603,34.815149]},"properties":{"z":9.1}},{"type":"Feature","geometry":{"type":"Point","coordinates":[135.6326583,34.8151041]},"properties":{"z":9.1}},{"type":"Feature","geometry":{"type":"Point","coordinates":[135.6326585,34.8150592]},"properties":{"z":9.1}},{"type":"Feature","geometry":{"type":"Point","coordinates":[135.6326589,34.8150142]},"properties":{"z":9.1}},{"type":"Feature","geometry":{"type":"Point","coordinates":[135.6326599,34.8149693]},"properties":{"z":9.1}},{"type":"Feature","geometry":{"type":"Point","coordinates":[135.6326606,34.8149244]},"properties":{"z":9.1}},{"type":"Feature","geometry":{"type":"Point","coordinates":[135.6326592,34.8148794]},"properties":{"z":9.1}},{"type":"Feature","geometry":{"type":"Point","coordinates":[135.632658,34.8148345]},"properties":{"z":9.2}},{"type":"Feature","geometry":{"type":"Point","coordinates":[135.6326598,34.8147896]},"properties":{"z":9.1}},{"type":"Feature","geometry":{"type":"Point","coordinates":[135.6326617,34.8147446]},"properties":{"z":9.1}},{"type":"Feature","geometry":{"type":"Point","coordinates":[135.6326607,34.8146997]},"properties":{"z":9.1}},{"type":"Feature","geometry":{"type":"Point","coordinates":[135.6326594,34.8146548]},"properties":{"z":9.1}},{"type":"Feature","geometry":{"type":"Point","coordinates":[135.632658,34.8146098]},"properties":{"z":9.1}},{"type":"Feature","geometry":{"type":"Point","coordinates":[135.6326595,34.8145649]},"properties":{"z":9.1}},{"type":"Feature","geometry":{"type":"Point","coordinates":[135.6326612,34.81452]},"properties":{"z":9.1}},{"type":"Feature","geometry":{"type":"Point","coordinates":[135.6326631,34.814475]},"properties":{"z":9.1}},{"type":"Feature","geometry":{"type":"Point","coordinates":[135.6326686,34.8144303]},"properties":{"z":9.1}},{"type":"Feature","geometry":{"type":"Point","coordinates":[135.6326741,34.8143856]},"properties":{"z":9.1}},{"type":"Feature","geometry":{"type":"Point","coordinates":[135.6326789,34.8143408]},"properties":{"z":9.1}},{"type":"Feature","geometry":{"type":"Point","coordinates":[135.6326762,34.8142959]},"properties":{"z":9.1}},{"type":"Feature","geometry":{"type":"Point","coordinates":[135.6326736,34.814251]},"properties":{"z":9.1}},{"type":"Feature","geometry":{"type":"Point","coordinates":[135.6326711,34.8142061]},"properties":{"z":9.1}},{"type":"Feature","geometry":{"type":"Point","coordinates":[135.6326689,34.8141612]},"properties":{"z":9.1}},{"type":"Feature","geometry":{"type":"Point","coordinates":[135.632667,34.8141163]},"properties":{"z":9.1}},{"type":"Feature","geometry":{"type":"Point","coordinates":[135.6326669,34.8140714]},"properties":{"z":9.2}},{"type":"Feature","geometry":{"type":"Point","coordinates":[135.6326668,34.8140264]},"properties":{"z":9.2}},{"type":"Feature","geometry":{"type":"Point","coordinates":[135.6326663,34.8139814]},"properties":{"z":9.2}},{"type":"Feature","geometry":{"type":"Point","coordinates":[135.6326657,34.8139365]},"properties":{"z":9.2}},{"type":"Feature","geometry":{"type":"Point","coordinates":[135.6326641,34.8138916]},"properties":{"z":9.2}},{"type":"Feature","geometry":{"type":"Point","coordinates":[135.6326624,34.8138466]},"properties":{"z":9.2}},{"type":"Feature","geometry":{"type":"Point","coordinates":[135.6326624,34.8138017]},"properties":{"z":9.3}},{"type":"Feature","geometry":{"type":"Point","coordinates":[135.6326631,34.8137567]},"properties":{"z":9.3}},{"type":"Feature","geometry":{"type":"Point","coordinates":[135.632663,34.8137118]},"properties":{"z":9.3}},{"type":"Feature","geometry":{"type":"Point","coordinates":[135.6326622,34.8136669]},"properties":{"z":9.3}},{"type":"Feature","geometry":{"type":"Point","coordinates":[135.6326613,34.8136219]},"properties":{"z":9.3}},{"type":"Feature","geometry":{"type":"Point","coordinates":[135.6326603,34.813577]},"properties":{"z":9.3}},{"type":"Feature","geometry":{"type":"Point","coordinates":[135.6326593,34.813532]},"properties":{"z":9.3}},{"type":"Feature","geometry":{"type":"Point","coordinates":[135.6326613,34.8134871]},"properties":{"z":9.3}},{"type":"Feature","geometry":{"type":"Point","coordinates":[135.6326634,34.8134422]},"properties":{"z":9.4}},{"type":"Feature","geometry":{"type":"Point","coordinates":[135.6326651,34.8133972]},"properties":{"z":9.4}},{"type":"Feature","geometry":{"type":"Point","coordinates":[135.6326663,34.8133523]},"properties":{"z":9.4}},{"type":"Feature","geometry":{"type":"Point","coordinates":[135.6326674,34.8133074]},"properties":{"z":9.4}},{"type":"Feature","geometry":{"type":"Point","coordinates":[135.6326687,34.8132624]},"properties":{"z":9.4}},{"type":"Feature","geometry":{"type":"Point","coordinates":[135.6326701,34.8132175]},"properties":{"z":9.4}},{"type":"Feature","geometry":{"type":"Point","coordinates":[135.6326721,34.8131726]},"properties":{"z":9.4}},{"type":"Feature","geometry":{"type":"Point","coordinates":[135.6326747,34.8131277]},"properties":{"z":9.4}},{"type":"Feature","geometry":{"type":"Point","coordinates":[135.6326778,34.8130828]},"properties":{"z":9.5}},{"type":"Feature","geometry":{"type":"Point","coordinates":[135.6326827,34.813038]},"properties":{"z":9.5}},{"type":"Feature","geometry":{"type":"Point","coordinates":[135.6326877,34.8129933]},"properties":{"z":9.5}},{"type":"Feature","geometry":{"type":"Point","coordinates":[135.6326927,34.8129485]},"properties":{"z":9.5}},{"type":"Feature","geometry":{"type":"Point","coordinates":[135.6326972,34.8129037]},"properties":{"z":9.5}},{"type":"Feature","geometry":{"type":"Point","coordinates":[135.6326941,34.8128588]},"properties":{"z":9.5}},{"type":"Feature","geometry":{"type":"Point","coordinates":[135.632691,34.812814]},"properties":{"z":9.5}},{"type":"Feature","geometry":{"type":"Point","coordinates":[135.63269,34.8127691]},"properties":{"z":9.5}},{"type":"Feature","geometry":{"type":"Point","coordinates":[135.6326922,34.8127242]},"properties":{"z":9.5}},{"type":"Feature","geometry":{"type":"Point","coordinates":[135.6326945,34.8126792]},"properties":{"z":9.5}},{"type":"Feature","geometry":{"type":"Point","coordinates":[135.6326955,34.8126343]},"properties":{"z":9.6}},{"type":"Feature","geometry":{"type":"Point","coordinates":[135.6326964,34.8125894]},"properties":{"z":9.6}},{"type":"Feature","geometry":{"type":"Point","coordinates":[135.6326975,34.8125444]},"properties":{"z":9.6}},{"type":"Feature","geometry":{"type":"Point","coordinates":[135.6326991,34.8124995]},"properties":{"z":9.6}},{"type":"Feature","geometry":{"type":"Point","coordinates":[135.6327007,34.8124545]},"properties":{"z":9.6}},{"type":"Feature","geometry":{"type":"Point","coordinates":[135.6327007,34.8124096]},"properties":{"z":9.6}},{"type":"Feature","geometry":{"type":"Point","coordinates":[135.6327004,34.8123646]},"properties":{"z":9.6}},{"type":"Feature","geometry":{"type":"Point","coordinates":[135.6327007,34.8123197]},"properties":{"z":9.7}},{"type":"Feature","geometry":{"type":"Point","coordinates":[135.6327021,34.8122748]},"properties":{"z":9.7}},{"type":"Feature","geometry":{"type":"Point","coordinates":[135.6327033,34.8122298]},"properties":{"z":9.7}},{"type":"Feature","geometry":{"type":"Point","coordinates":[135.6327021,34.8121849]},"properties":{"z":9.7}},{"type":"Feature","geometry":{"type":"Point","coordinates":[135.6327009,34.8121399]},"properties":{"z":9.7}},{"type":"Feature","geometry":{"type":"Point","coordinates":[135.6327025,34.812095]},"properties":{"z":9.7}},{"type":"Feature","geometry":{"type":"Point","coordinates":[135.6327049,34.8120501]},"properties":{"z":9.7}},{"type":"Feature","geometry":{"type":"Point","coordinates":[135.6327079,34.8120052]},"properties":{"z":9.7}},{"type":"Feature","geometry":{"type":"Point","coordinates":[135.6327113,34.8119604]},"properties":{"z":9.8}},{"type":"Feature","geometry":{"type":"Point","coordinates":[135.6327131,34.8119155]},"properties":{"z":9.8}},{"type":"Feature","geometry":{"type":"Point","coordinates":[135.6327134,34.8118705]},"properties":{"z":9.8}},{"type":"Feature","geometry":{"type":"Point","coordinates":[135.6327137,34.8118256]},"properties":{"z":9.8}},{"type":"Feature","geometry":{"type":"Point","coordinates":[135.6327139,34.8117806]},"properties":{"z":9.8}},{"type":"Feature","geometry":{"type":"Point","coordinates":[135.6327136,34.8117357]},"properties":{"z":9.8}},{"type":"Feature","geometry":{"type":"Point","coordinates":[135.6327129,34.8116907]},"properties":{"z":9.8}},{"type":"Feature","geometry":{"type":"Point","coordinates":[135.6327098,34.8116458]},"properties":{"z":9.9}},{"type":"Feature","geometry":{"type":"Point","coordinates":[135.6327071,34.8116009]},"properties":{"z":9.9}},{"type":"Feature","geometry":{"type":"Point","coordinates":[135.6327092,34.811556]},"properties":{"z":9.9}},{"type":"Feature","geometry":{"type":"Point","coordinates":[135.6327112,34.8115111]},"properties":{"z":9.9}},{"type":"Feature","geometry":{"type":"Point","coordinates":[135.6327121,34.8114662]},"properties":{"z":10.2}},{"type":"Feature","geometry":{"type":"Point","coordinates":[135.6327087,34.8114213]},"properties":{"z":10.2}},{"type":"Feature","geometry":{"type":"Point","coordinates":[135.6327053,34.8113765]},"properties":{"z":10.4}},{"type":"Feature","geometry":{"type":"Point","coordinates":[135.6327032,34.8113316]},"properties":{"z":10.7}},{"type":"Feature","geometry":{"type":"Point","coordinates":[135.6327035,34.8112866]},"properties":{"z":10.7}},{"type":"Feature","geometry":{"type":"Point","coordinates":[135.6327038,34.8112417]},"properties":{"z":11.0}},{"type":"Feature","geometry":{"type":"Point","coordinates":[135.6327403,34.8112218]},"properties":{"z":11.0}},{"type":"Feature","geometry":{"type":"Point","coordinates":[135.6327942,34.8112142]},"properties":{"z":11.1}},{"type":"Feature","geometry":{"type":"Point","coordinates":[135.6328483,34.8112078]},"properties":{"z":11.3}},{"type":"Feature","geometry":{"type":"Point","coordinates":[135.632903,34.8112091]},"properties":{"z":11.3}},{"type":"Feature","geometry":{"type":"Point","coordinates":[135.6329577,34.8112104]},"properties":{"z":11.5}},{"type":"Feature","geometry":{"type":"Point","coordinates":[135.6330116,34.8112181]},"properties":{"z":11.7}},{"type":"Feature","geometry":{"type":"Point","coordinates":[135.6330653,34.8112267]},"properties":{"z":11.7}},{"type":"Feature","geometry":{"type":"Point","coordinates":[135.6331195,34.8112329]},"properties":{"z":12.0}},{"type":"Feature","geometry":{"type":"Point","coordinates":[135.6331738,34.8112385]},"properties":{"z":12.2}},{"type":"Feature","geometry":{"type":"Point","coordinates":[135.6332281,34.8112443]},"properties":{"z":12.2}},{"type":"Feature","geometry":{"type":"Point","coordinates":[135.6332824,34.8112501]},"properties":{"z":12.3}},{"type":"Feature","geometry":{"type":"Point","coordinates":[135.6333365,34.8112568]},"properties":{"z":12.3}},{"type":"Feature","geometry":{"type":"Point","coordinates":[135.6333902,34.8112657]},"properties":{"z":12.4}},{"type":"Feature","geometry":{"type":"Point","coordinates":[135.6334439,34.8112747]},"properties":{"z":12.5}},{"type":"Feature","geometry":{"type":"Point","coordinates":[135.633498,34.8112811]},"properties":{"z":12.5}},{"type":"Feature","geometry":{"type":"Point","coordinates":[135.6335523,34.8112866]},"properties":{"z":12.5}},{"type":"Feature","geometry":{"type":"Point","coordinates":[135.6336067,34.8112924]},"properties":{"z":12.5}},{"type":"Feature","geometry":{"type":"Point","coordinates":[135.6336609,34.8112985]},"properties":{"z":12.5}},{"type":"Feature","geometry":{"type":"Point","coordinates":[135.6337151,34.8113046]},"properties":{"z":12.5}},{"type":"Feature","geometry":{"type":"Point","coordinates":[135.6337693,34.8113112]},"properties":{"z":12.5}},{"type":"Feature","geometry":{"type":"Point","coordinates":[135.6338234,34.8113181]},"properties":{"z":12.5}},{"type":"Feature","geometry":{"type":"Point","coordinates":[135.6338776,34.8113242]},"properties":{"z":12.6}},{"type":"Feature","geometry":{"type":"Point","coordinates":[135.6339321,34.8113285]},"properties":{"z":12.6}},{"type":"Feature","geometry":{"type":"Point","coordinates":[135.6339866,34.8113329]},"properties":{"z":12.6}},{"type":"Feature","geometry":{"type":"Point","coordinates":[135.634041,34.8113377]},"properties":{"z":12.8}},{"type":"Feature","geometry":{"type":"Point","coordinates":[135.6340954,34.8113429]},"properties":{"z":12.8}},{"type":"Feature","geometry":{"type":"Point","coordinates":[135.6341498,34.811348]},"properties":{"z":12.7}},{"type":"Feature","geometry":{"type":"Point","coordinates":[135.6342041,34.811354]},"properties":{"z":12.7}},{"type":"Feature","geometry":{"type":"Point","coordinates":[135.6342582,34.8113606]},"properties":{"z":12.7}},{"type":"Feature","geometry":{"type":"Point","coordinates":[135.6343124,34.8113672]},"properties":{"z":12.7}},{"type":"Feature","geometry":{"type":"Point","coordinates":[135.6343665,34.8113739]},"properties":{"z":12.7}},{"type":"Feature","geometry":{"type":"Point","coordinates":[135.6344206,34.8113807]},"properties":{"z":12.7}},{"type":"Feature","geometry":{"type":"Point","coordinates":[135.634475,34.8113863]},"properties":{"z":12.4}},{"type":"Feature","geometry":{"type":"Point","coordinates":[135.6345293,34.8113916]},"properties":{"z":12.4}},{"type":"Feature","geometry":{"type":"Point","coordinates":[135.6345834,34.8113986]},"properties":{"z":12.5}},{"type":"Feature","geometry":{"type":"Point","coordinates":[135.6346373,34.8114064]},"properties":{"z":12.5}},{"type":"Feature","geometry":{"type":"Point","coordinates":[135.6346912,34.8114142]},"properties":{"z":12.1}},{"type":"Feature","geometry":{"type":"Point","coordinates":[135.6347447,34.8114239]},"properties":{"z":12.1}},{"type":"Feature","geometry":{"type":"Point","coordinates":[135.6347981,34.8114338]},"properties":{"z":12.1}},{"type":"Feature","geometry":{"type":"Point","coordinates":[135.6348515,34.8114438]},"properties":{"z":11.8}},{"type":"Feature","geometry":{"type":"Point","coordinates":[135.6349055,34.8114511]},"properties":{"z":11.3}},{"type":"Feature","geometry":{"type":"Point","coordinates":[135.6349596,34.8114582]},"properties":{"z":11.3}},{"type":"Feature","geometry":{"type":"Point","coordinates":[135.6350131,34.8114674]},"properties":{"z":11.2}},{"type":"Feature","geometry":{"type":"Point","coordinates":[135.635066,34.811479]},"properties":{"z":10.9}},{"type":"Feature","geometry":{"type":"Point","coordinates":[135.6351189,34.8114904]},"properties":{"z":10.9}},{"type":"Feature","geometry":{"type":"Point","coordinates":[135.635172,34.8115014]},"properties":{"z":10.9}},{"type":"Feature","geometry":{"type":"Point","coordinates":[135.6352251,34.8115124]},"properties":{"z":10.9}},{"type":"Feature","geometry":{"type":"Point","coordinates":[135.6352779,34.8115243]},"properties":{"z":10.8}},{"type":"Feature","geometry":{"type":"Point","coordinates":[135.6353306,34.8115366]},"properties":{"z":10.6}},{"type":"Feature","geometry":{"type":"Point","coordinates":[135.6353834,34.8115481]},"properties":{"z":10.6}},{"type":"Feature","geometry":{"type":"Point","coordinates":[135.6354376,34.8115548]},"properties":{"z":10.4}},{"type":"Feature","geometry":{"type":"Point","coordinates":[135.6354917,34.8115615]},"properties":{"z":10.3}},{"type":"Feature","geometry":{"type":"Point","coordinates":[135.6355425,34.8115767]},"properties":{"z":10.3}},{"type":"Feature","geometry":{"type":"Point","coordinates":[135.6355911,34.8115974]},"properties":{"z":10.2}},{"type":"Feature","geometry":{"type":"Point","coordinates":[135.6356399,34.8116177]},"properties":{"z":10.2}},{"type":"Feature","geometry":{"type":"Point","coordinates":[135.63569,34.8116358]},"properties":{"z":10.2}},{"type":"Feature","geometry":{"type":"Point","coordinates":[135.6357402,34.8116539]},"properties":{"z":10.2}},{"type":"Feature","geometry":{"type":"Point","coordinates":[135.6357913,34.8116699]},"properties":{"z":10.2}},{"type":"Feature","geometry":{"type":"Point","coordinates":[135.6358426,34.8116856]},"properties":{"z":10.2}},{"type":"Feature","geometry":{"type":"Point","coordinates":[135.6358935,34.8117022]},"properties":{"z":10.1}},{"type":"Feature","geometry":{"type":"Point","coordinates":[135.6359442,34.8117192]},"properties":{"z":10.1}},{"type":"Feature","geometry":{"type":"Point","coordinates":[135.6359947,34.8117365]},"properties":{"z":10.1}},{"type":"Feature","geometry":{"type":"Point","coordinates":[135.636044,34.8117561]},"properties":{"z":10.1}},{"type":"Feature","geometry":{"type":"Point","coordinates":[135.6360932,34.8117757]},"properties":{"z":10.1}},{"type":"Feature","geometry":{"type":"Point","coordinates":[135.6361423,34.8117957]},"properties":{"z":10.1}},{"type":"Feature","geometry":{"type":"Point","coordinates":[135.6361913,34.8118156]},"properties":{"z":10.1}},{"type":"Feature","geometry":{"type":"Point","coordinates":[135.6362013,34.8118401]},"properties":{"z":10.1}},{"type":"Feature","geometry":{"type":"Point","coordinates":[135.6361607,34.8118702]},"properties":{"z":10.1}},{"type":"Feature","geometry":{"type":"Point","coordinates":[135.6361145,34.8118837]},"properties":{"z":10.1}},{"type":"Feature","geometry":{"type":"Point","coordinates":[135.6360609,34.8118747]},"properties":{"z":10.1}},{"type":"Feature","geometry":{"type":"Point","coordinates":[135.6360072,34.8118658]},"properties":{"z":10.1}},{"type":"Feature","geometry":{"type":"Point","coordinates":[135.6359534,34.8118576]},"properties":{"z":10.1}},{"type":"Feature","geometry":{"type":"Point","coordinates":[135.6358992,34.8118512]},"properties":{"z":10.0}},{"type":"Feature","geometry":{"type":"Point","coordinates":[135.635845,34.8118447]},"properties":{"z":10.0}},{"type":"Feature","geometry":{"type":"Point","coordinates":[135.6357908,34.8118384]},"properties":{"z":10.0}},{"type":"Feature","geometry":{"type":"Point","coordinates":[135.6357366,34.8118324]},"properties":{"z":10.0}},{"type":"Feature","geometry":{"type":"Point","coordinates":[135.6356823,34.8118263]},"properties":{"z":10.0}},{"type":"Feature","geometry":{"type":"Point","coordinates":[135.635628,34.8118204]},"properties":{"z":10.0}},{"type":"Feature","geometry":{"type":"Point","coordinates":[135.6355737,34.8118148]},"properties":{"z":10.1}},{"type":"Feature","geometry":{"type":"Point","coordinates":[135.6355194,34.8118093]},"properties":{"z":10.1}},{"type":"Feature","geometry":{"type":"Point","coordinates":[135.6354651,34.8118037]},"properties":{"z":10.1}},{"type":"Feature","geometry":{"type":"Point","coordinates":[135.6354156,34.8118181]},"properties":{"z":10.1}},{"type":"Feature","geometry":{"type":"Point","coordinates":[135.6353679,34.8118402]},"properties":{"z":9.9}},{"type":"Feature","geometry":{"type":"Point","coordinates":[135.6353203,34.8118624]},"properties":{"z":9.9}},{"type":"Feature","geometry":{"type":"Point","coordinates":[135.6352698,34.8118773]},"properties":{"z":9.9}},{"type":"Feature","geometry":{"type":"Point","coordinates":[135.6352154,34.8118827]},"properties":{"z":9.9}},{"type":"Feature","geometry":{"type":"Point","coordinates":[135.635161,34.8118881]},"properties":{"z":9.9}},{"type":"Feature","geometry":{"type":"Point","coordinates":[135.635109,34.8118793]},"properties":{"z":9.9}},{"type":"Feature","geometry":{"type":"Point","coordinates":[135.6350584,34.8118622]},"properties":{"z":9.9}},{"type":"Feature","geometry":{"type":"Point","coordinates":[135.6350078,34.8118451]},"properties":{"z":9.9}},{"type":"Feature","geometry":{"type":"Point","coordinates":[135.6349556,34.8118322]},"properties":{"z":9.9}},{"type":"Feature","geometry":{"type":"Point","coordinates":[135.634902,34.8118231]},"properties":{"z":10.0}},{"type":"Feature","geometry":{"type":"Point","coordinates":[135.6348484,34.811814]},"properties":{"z":10.0}},{"type":"Feature","geometry":{"type":"Point","coordinates":[135.6347946,34.8118056]},"properties":{"z":10.0}},{"type":"Feature","geometry":{"type":"Point","coordinates":[135.6347407,34.8117974]},"properties":{"z":10.0}},{"type":"Feature","geometry":{"type":"Point","coordinates":[135.634687,34.8117889]},"properties":{"z":9.9}},{"type":"Feature","geometry":{"type":"Point","coordinates":[135.6346334,34.8117798]},"properties":{"z":9.9}},{"type":"Feature","geometry":{"type":"Point","coordinates":[135.6345798,34.8117706]},"properties":{"z":9.9}},{"type":"Feature","geometry":{"type":"Point","coordinates":[135.6345259,34.8117624]},"properties":{"z":9.9}},{"type":"Feature","geometry":{"type":"Point","coordinates":[135.634472,34.8117545]},"properties":{"z":9.9}},{"type":"Feature","geometry":{"type":"Point","coordinates":[135.6344182,34.8117465]},"properties":{"z":9.9}},{"type":"Feature","geometry":{"type":"Point","coordinates":[135.6343644,34.8117383]},"properties":{"z":9.9}},{"type":"Feature","geometry":{"type":"Point","coordinates":[135.6343105,34.81173]},"properties":{"z":9.9}},{"type":"Feature","geometry":{"type":"Point","coordinates":[135.6342561,34.8117254]},"properties":{"z":9.9}},{"type":"Feature","geometry":{"type":"Point","coordinates":[135.6342016,34.811721]},"properties":{"z":9.9}},{"type":"Feature","geometry":{"type":"Point","coordinates":[135.6341473,34.8117156]},"properties":{"z":9.9}},{"type":"Feature","geometry":{"type":"Point","coordinates":[135.6340932,34.8117085]},"properties":{"z":9.9}},{"type":"Feature","geometry":{"type":"Point","coordinates":[135.6340391,34.8117015]},"properties":{"z":9.9}},{"type":"Feature","geometry":{"type":"Point","coordinates":[135.6339853,34.8116931]},"properties":{"z":9.9}},{"type":"Feature","geometry":{"type":"Point","coordinates":[135.6339316,34.8116846]},"properties":{"z":10.1}},{"type":"Feature","geometry":{"type":"Point","coordinates":[135.6338776,34.8116771]},"properties":{"z":10.1}},{"type":"Feature","geometry":{"type":"Point","coordinates":[135.6338234,34.8116709]},"properties":{"z":10.0}},{"type":"Feature","geometry":{"type":"Point","coordinates":[135.6337692,34.8116647]},"properties":{"z":9.9}},{"type":"Feature","geometry":{"type":"Point","coordinates":[135.6337146,34.811661]},"properties":{"z":9.9}},{"type":"Feature","geometry":{"type":"Point","coordinates":[135.63366,34.8116573]},"properties":{"z":9.9}},{"type":"Feature","geometry":{"type":"Point","coordinates":[135.6336054,34.8116538]},"properties":{"z":9.9}},{"type":"Feature","geometry":{"type":"Point","coordinates":[135.6335509,34.8116504]},"properties":{"z":9.9}},{"type":"Feature","geometry":{"type":"Point","coordinates":[135.6334965,34.811645]},"properties":{"z":9.9}},{"type":"Feature","geometry":{"type":"Point","coordinates":[135.6334425,34.8116378]},"properties":{"z":9.9}},{"type":"Feature","geometry":{"type":"Point","coordinates":[135.633389,34.8116362]},"properties":{"z":9.9}},{"type":"Feature","geometry":{"type":"Point","coordinates":[135.633337,34.8116503]},"properties":{"z":9.9}},{"type":"Feature","geometry":{"type":"Point","coordinates":[135.633285,34.8116644]},"properties":{"z":9.9}},{"type":"Feature","geometry":{"type":"Point","coordinates":[135.6332369,34.8116834]},"properties":{"z":9.9}},{"type":"Feature","geometry":{"type":"Point","coordinates":[135.6331997,34.8117164]},"properties":{"z":9.9}},{"type":"Feature","geometry":{"type":"Point","coordinates":[135.6331597,34.8117447]},"properties":{"z":9.9}},{"type":"Feature","geometry":{"type":"Point","coordinates":[135.6331052,34.8117496]},"properties":{"z":9.9}},{"type":"Feature","geometry":{"type":"Point","coordinates":[135.6330508,34.8117545]},"properties":{"z":9.9}},{"type":"Feature","geometry":{"type":"Point","coordinates":[135.6329963,34.8117563]},"properties":{"z":9.9}},{"type":"Feature","geometry":{"type":"Point","coordinates":[135.6329416,34.8117537]},"properties":{"z":9.9}},{"type":"Feature","geometry":{"type":"Point","coordinates":[135.632887,34.811751]},"properties":{"z":9.8}},{"type":"Feature","geometry":{"type":"Point","coordinates":[135.6328325,34.8117547]},"properties":{"z":9.8}},{"type":"Feature","geometry":{"type":"Point","coordinates":[135.632778,34.8117589]},"properties":{"z":9.8}},{"type":"Feature","geometry":{"type":"Point","coordinates":[135.6327234,34.8117631]},"properties":{"z":9.8}},{"type":"Feature","geometry":{"type":"Point","coordinates":[135.6326692,34.8117584]},"properties":{"z":9.8}},{"type":"Feature","geometry":{"type":"Point","coordinates":[135.6326151,34.8117516]},"properties":{"z":9.8}},{"type":"Feature","geometry":{"type":"Point","coordinates":[135.632561,34.8117448]},"properties":{"z":9.8}},{"type":"Feature","geometry":{"type":"Point","coordinates":[135.6325109,34.8117267]},"properties":{"z":9.8}},{"type":"Feature","geometry":{"type":"Point","coordinates":[135.6324608,34.8117086]},"properties":{"z":9.8}},{"type":"Feature","geometry":{"type":"Point","coordinates":[135.6324093,34.8116935]},"properties":{"z":9.8}},{"type":"Feature","geometry":{"type":"Point","coordinates":[135.632357,34.8116802]},"properties":{"z":9.8}},{"type":"Feature","geometry":{"type":"Point","coordinates":[135.6323051,34.8116659]},"properties":{"z":9.8}},{"type":"Feature","geometry":{"type":"Point","coordinates":[135.6322537,34.8116506]},"properties":{"z":9.8}},{"type":"Feature","geometry":{"type":"Point","coordinates":[135.6322017,34.8116367]},"properties":{"z":9.8}},{"type":"Feature","geometry":{"type":"Point","coordinates":[135.6321477,34.8116293]},"properties":{"z":9.8}},{"type":"Feature","geometry":{"type":"Point","coordinates":[135.6320947,34.8116252]},"properties":{"z":9.8}},{"type":"Feature","geometry":{"type":"Point","coordinates":[135.6320502,34.8116514]},"properties":{"z":9.8}},{"type":"Feature","geometry":{"type":"Point","coordinates":[135.6320058,34.8116777]},"properties":{"z":9.8}},{"type":"Feature","geometry":{"type":"Point","coordinates":[135.6319592,34.8117013]},"properties":{"z":9.7}},{"type":"Feature","geometry":{"type":"Point","coordinates":[135.6319124,34.8117246]},"properties":{"z":9.7}},{"type":"Feature","geometry":{"type":"Point","coordinates":[135.6318879,34.8117597]},"properties":{"z":9.7}},{"type":"Feature","geometry":{"type":"Point","coordinates":[135.6318816,34.8118043]},"properties":{"z":9.6}},{"type":"Feature","geometry":{"type":"Point","coordinates":[135.6318775,34.8118332]},"properties":{"z":9.6}}]}