{"type":"FeatureCollection","features":[{"type":"Feature","geometry":{"type":"Point","coordinates":[135.6933385,34.9910641]},"properties":{"z":30.1}},{"type":"Feature","geometry":{"type":"Point","coordinates":[135.6933648,34.9910277]},"properties":{"z":30.1}},{"type":"Feature","geometry":{"type":"Point","coordinates":[135.6933669,34.9909828]},"properties":{"z":30.1}},{"type":"Feature","geometry":{"type":"Point","coordinates":[135.6933526,34.9909396]},"properties":{"z":30.1}},{"type":"Feature","geometry":{"type":"Point","coordinates":[135.6933433,34.9908957]},"properties":{"z":30.1}},{"type":"Feature","geometry":{"type":"Point","coordinates":[135.693345,34.9908508]},"properties":{"z":30.1}},{"type":"Feature","geometry":{"type":"Point","coordinates":[135.6933502,34.990806]},"properties":{"z":30.1}},{"type":"Feature","geometry":{"type":"Point","coordinates":[135.6933564,34.9907614]},"properties":{"z":30.1}},{"type":"Feature","geometry":{"type":"Point","coordinates":[135.6933754,34.9907197]},"properties":{"z":30.1}},{"type":"Feature","geometry":{"type":"Point","coordinates":[135.6933728,34.9906748]},"properties":{"z":30.1}},{"type":"Feature","geometry":{"type":"Point","coordinates":[135.6933703,34.9906313]},"properties":{"z":30.1}},{"type":"Feature","geometry":{"type":"Point","coordinates":[135.693335,34.9905975]},"properties":{"z":30.1}},{"type":"Feature","geometry":{"type":"Point","coordinates":[135.6932852,34.9905851]},"properties":{"z":30.1}},{"type":"Feature","geometry":{"type":"Point","coordinates":[135.6932338,34.9905708]},"properties":{"z":30.1}},{"type":"Feature","geometry":{"type":"Point","coordinates":[135.6931847,34.9905511]},"properties":{"z":30.1}},{"type":"Feature","geometry":{"type":"Point","coordinates":[135.6931316,34.9905403]},"properties":{"z":30.1}},{"type":"Feature","geometry":{"type":"Point","coordinates":[135.6930884,34.9905176]},"properties":{"z":30.1}},{"type":"Feature","geometry":{"type":"Point","coordinates":[135.6930402,34.9905001]},"properties":{"z":30.1}},{"type":"Feature","geometry":{"type":"Point","coordinates":[135.6929857,34.990501]},"properties":{"z":30.1}},{"type":"Feature","geometry":{"type":"Point","coordinates":[135.6929427,34.9905259]},"properties":{"z":30.1}},{"type":"Feature","geometry":{"type":"Point","coordinates":[135.6929092,34.9905615]},"properties":{"z":30.1}},{"type":"Feature","geometry":{"type":"Point","coordinates":[135.6928673,34.9905892]},"properties":{"z":30.1}},{"type":"Feature","geometry":{"type":"Point","coordinates":[135.6928167,34.990603]},"properties":{"z":30.1}},{"type":"Feature","geometry":{"type":"Point","coordinates":[135.6927619,34.9906033]},"properties":{"z":30.1}},{"type":"Feature","geometry":{"type":"Point","coordinates":[135.692707,34.990602]},"properties":{"z":30.2}},{"type":"Feature","geometry":{"type":"Point","coordinates":[135.6926522,34.9906019]},"properties":{"z":30.4}},{"type":"Feature","geometry":{"type":"Point","coordinates":[135.6925973,34.9906032]},"properties":{"z":30.4}},{"type":"Feature","geometry":{"type":"Point","coordinates":[135.6925426,34.9906008]},"properties":{"z":30.5}},{"type":"Feature","geometry":{"type":"Point","coordinates":[135.6924878,34.9905996]},"properties":{"z":30.5}},{"type":"Feature","geometry":{"type":"Point","coordinates":[135.6924331,34.990603]},"properties":{"z":30.7}},{"type":"Feature","geometry":{"type":"Point","coordinates":[135.6923783,34.9906051]},"properties":{"z":30.9}},{"type":"Feature","geometry":{"type":"Point","coordinates":[135.6923235,34.9906064]},"properties":{"z":30.9}},{"type":"Feature","geometry":{"type":"Point","coordinates":[135.6922686,34.9906071]},"properties":{"z":31.0}},{"type":"Feature","geometry":{"type":"Point","coordinates":[135.6922138,34.9906078]},"properties":{"z":31.2}},{"type":"Feature","geometry":{"type":"Point","coordinates":[135.6921589,34.9906093]},"properties":{"z":31.2}},{"type":"Feature","geometry":{"type":"Point","coordinates":[135.6921041,34.990609]},"properties":{"z":31.3}},{"type":"Feature","geometry":{"type":"Point","coordinates":[135.6920494,34.990606]},"properties":{"z":31.5}},{"type":"Feature","geometry":{"type":"Point","coordinates":[135.6919946,34.9906037]},"properties":{"z":31.5}},{"type":"Feature","geometry":{"type":"Point","coordinates":[135.6919398,34.9906019]},"properties":{"z":31.6}},{"type":"Feature","geometry":{"type":"Point","coordinates":[135.6918849,34.9905998]},"properties":{"z":31.6}},{"type":"Feature","geometry":{"type":"Point","coordinates":[135.6918301,34.9905977]},"properties":{"z":31.8}},{"type":"Feature","geometry":{"type":"Point","coordinates":[135.6917754,34.9905945]},"properties":{"z":31.9}},{"type":"Feature","geometry":{"type":"Point","coordinates":[135.6917209,34.9905897]},"properties":{"z":31.9}},{"type":"Feature","geometry":{"type":"Point","coordinates":[135.6916662,34.9905857]},"properties":{"z":32.1}},{"type":"Feature","geometry":{"type":"Point","coordinates":[135.6916115,34.9905828]},"properties":{"z":32.2}},{"type":"Feature","geometry":{"type":"Point","coordinates":[135.6915568,34.9905795]},"properties":{"z":32.2}},{"type":"Feature","geometry":{"type":"Point","coordinates":[135.6915021,34.9905757]},"properties":{"z":32.4}},{"type":"Feature","geometry":{"type":"Point","coordinates":[135.6914474,34.9905717]},"properties":{"z":32.5}},{"type":"Feature","geometry":{"type":"Point","coordinates":[135.6913928,34.9905676]},"properties":{"z":32.5}},{"type":"Feature","geometry":{"type":"Point","coordinates":[135.691338,34.9905657]},"properties":{"z":32.7}},{"type":"Feature","geometry":{"type":"Point","coordinates":[135.6912832,34.9905659]},"properties":{"z":32.7}},{"type":"Feature","geometry":{"type":"Point","coordinates":[135.6912285,34.9905629]},"properties":{"z":32.8}},{"type":"Feature","geometry":{"type":"Point","coordinates":[135.691174,34.9905575]},"properties":{"z":32.9}},{"type":"Feature","geometry":{"type":"Point","coordinates":[135.6911193,34.9905541]},"properties":{"z":32.9}},{"type":"Feature","geometry":{"type":"Point","coordinates":[135.6910648,34.9905497]},"properties":{"z":33.0}},{"type":"Feature","geometry":{"type":"Point","coordinates":[135.6910105,34.9905432]},"properties":{"z":33.2}},{"type":"Feature","geometry":{"type":"Point","coordinates":[135.6909561,34.990537]},"properties":{"z":33.2}},{"type":"Feature","geometry":{"type":"Point","coordinates":[135.6909017,34.9905311]},"properties":{"z":33.3}},{"type":"Feature","geometry":{"type":"Point","coordinates":[135.6908472,34.990526]},"properties":{"z":33.5}},{"type":"Feature","geometry":{"type":"Point","coordinates":[135.6907926,34.9905213]},"properties":{"z":33.5}},{"type":"Feature","geometry":{"type":"Point","coordinates":[135.6907378,34.9905202]},"properties":{"z":33.6}},{"type":"Feature","geometry":{"type":"Point","coordinates":[135.6906829,34.9905193]},"properties":{"z":33.6}},{"type":"Feature","geometry":{"type":"Point","coordinates":[135.6906281,34.9905188]},"properties":{"z":33.8}},{"type":"Feature","geometry":{"type":"Point","coordinates":[135.6905733,34.9905169]},"properties":{"z":33.9}},{"type":"Feature","geometry":{"type":"Point","coordinates":[135.6905189,34.990511]},"properties":{"z":33.9}},{"type":"Feature","geometry":{"type":"Point","coordinates":[135.6904643,34.9905074]},"properties":{"z":34.1}},{"type":"Feature","geometry":{"type":"Point","coordinates":[135.6904095,34.9905054]},"properties":{"z":34.2}},{"type":"Feature","geometry":{"type":"Point","coordinates":[135.6903546,34.9905043]},"properties":{"z":34.2}},{"type":"Feature","geometry":{"type":"Point","coordinates":[135.6903,34.9905012]},"properties":{"z":34.4}},{"type":"Feature","geometry":{"type":"Point","coordinates":[135.6902455,34.9904957]},"properties":{"z":34.5}},{"type":"Feature","geometry":{"type":"Point","coordinates":[135.6901908,34.9904959]},"properties":{"z":34.5}},{"type":"Feature","geometry":{"type":"Point","coordinates":[135.6901363,34.9905009]},"properties":{"z":34.6}},{"type":"Feature","geometry":{"type":"Point","coordinates":[135.6900815,34.9905019]},"properties":{"z":34.6}},{"type":"Feature","geometry":{"type":"Point","coordinates":[135.6900266,34.9905029]},"properties":{"z":34.8}},{"type":"Feature","geometry":{"type":"Point","coordinates":[135.6899717,34.9905027]},"properties":{"z":35.0}},{"type":"Feature","geometry":{"type":"Point","coordinates":[135.6899169,34.9905019]},"properties":{"z":35.0}},{"type":"Feature","geometry":{"type":"Point","coordinates":[135.689862,34.9905003]},"properties":{"z":35.2}},{"type":"Feature","geometry":{"type":"Point","coordinates":[135.6898072,34.9904996]},"properties":{"z":35.4}},{"type":"Feature","geometry":{"type":"Point","coordinates":[135.6897524,34.9905009]},"properties":{"z":35.4}},{"type":"Feature","geometry":{"type":"Point","coordinates":[135.6896976,34.9905012]},"properties":{"z":35.6}},{"type":"Feature","geometry":{"type":"Point","coordinates":[135.689643,34.9904973]},"properties":{"z":35.8}},{"type":"Feature","geometry":{"type":"Point","coordinates":[135.6895887,34.9904905]},"properties":{"z":35.8}},{"type":"Feature","geometry":{"type":"Point","coordinates":[135.6895343,34.9904851]},"properties":{"z":36.0}},{"type":"Feature","geometry":{"type":"Point","coordinates":[135.68948,34.9904787]},"properties":{"z":36.0}},{"type":"Feature","geometry":{"type":"Point","coordinates":[135.6894259,34.9904712]},"properties":{"z":36.3}},{"type":"Feature","geometry":{"type":"Point","coordinates":[135.6893718,34.9904638]},"properties":{"z":36.5}},{"type":"Feature","geometry":{"type":"Point","coordinates":[135.689317,34.9904612]},"properties":{"z":36.5}},{"type":"Feature","geometry":{"type":"Point","coordinates":[135.6892626,34.9904553]},"properties":{"z":36.7}},{"type":"Feature","geometry":{"type":"Point","coordinates":[135.6892086,34.9904476]},"properties":{"z":36.9}},{"type":"Feature","geometry":{"type":"Point","coordinates":[135.6891545,34.9904402]},"properties":{"z":36.9}},{"type":"Feature","geometry":{"type":"Point","coordinates":[135.6891006,34.9904321]},"properties":{"z":37.2}},{"type":"Feature","geometry":{"type":"Point","coordinates":[135.6890487,34.9904179]},"properties":{"z":37.4}},{"type":"Feature","geometry":{"type":"Point","coordinates":[135.688999,34.9903989]},"properties":{"z":37.3}},{"type":"Feature","geometry":{"type":"Point","coordinates":[135.6889489,34.9903807]},"properties":{"z":37.5}},{"type":"Feature","geometry":{"type":"Point","coordinates":[135.6888985,34.9903628]},"properties":{"z":37.5}},{"type":"Feature","geometry":{"type":"Point","coordinates":[135.68885,34.9903422]},"properties":{"z":37.7}},{"type":"Feature","geometry":{"type":"Point","coordinates":[135.6888018,34.9903209]},"properties":{"z":37.7}},{"type":"Feature","geometry":{"type":"Point","coordinates":[135.6887555,34.990297]},"properties":{"z":37.9}},{"type":"Feature","geometry":{"type":"Point","coordinates":[135.6887106,34.9902713]},"properties":{"z":37.9}},{"type":"Feature","geometry":{"type":"Point","coordinates":[135.6886607,34.9902526]},"properties":{"z":38.1}},{"type":"Feature","geometry":{"type":"Point","coordinates":[135.68861,34.9902357]},"properties":{"z":38.3}},{"type":"Feature","geometry":{"type":"Point","coordinates":[135.6885569,34.9902245]},"properties":{"z":38.3}},{"type":"Feature","geometry":{"type":"Point","coordinates":[135.6885042,34.9902123]},"properties":{"z":38.5}},{"type":"Feature","geometry":{"type":"Point","coordinates":[135.6884527,34.9901968]},"properties":{"z":38.5}},{"type":"Feature","geometry":{"type":"Point","coordinates":[135.6884053,34.9901744]},"properties":{"z":38.7}},{"type":"Feature","geometry":{"type":"Point","coordinates":[135.6883569,34.9901533]},"properties":{"z":38.8}},{"type":"Feature","geometry":{"type":"Point","coordinates":[135.6883051,34.9901384]},"properties":{"z":38.8}},{"type":"Feature","geometry":{"type":"Point","coordinates":[135.6882538,34.9901224]},"properties":{"z":39.0}},{"type":"Feature","geometry":{"type":"Point","coordinates":[135.6881998,34.990116]},"properties":{"z":39.0}},{"type":"Feature","geometry":{"type":"Point","coordinates":[135.6881452,34.9901131]},"properties":{"z":39.2}},{"type":"Feature","geometry":{"type":"Point","coordinates":[135.6880925,34.9901014]},"properties":{"z":39.4}},{"type":"Feature","geometry":{"type":"Point","coordinates":[135.6880377,34.9900988]},"properties":{"z":39.4}},{"type":"Feature","geometry":{"type":"Point","coordinates":[135.6879836,34.9900924]},"properties":{"z":39.4}},{"type":"Feature","geometry":{"type":"Point","coordinates":[135.6879307,34.9900804]},"properties":{"z":39.6}},{"type":"Feature","geometry":{"type":"Point","coordinates":[135.6878775,34.9900694]},"properties":{"z":39.6}},{"type":"Feature","geometry":{"type":"Point","coordinates":[135.687824,34.9900597]},"properties":{"z":39.8}},{"type":"Feature","geometry":{"type":"Point","coordinates":[135.6877699,34.9900524]},"properties":{"z":39.8}},{"type":"Feature","geometry":{"type":"Point","coordinates":[135.6877176,34.9900415]},"properties":{"z":40.0}},{"type":"Feature","geometry":{"type":"Point","coordinates":[135.6876862,34.9900076]},"properties":{"z":40.0}},{"type":"Feature","geometry":{"type":"Point","coordinates":[135.6876786,34.9899633]},"properties":{"z":40.2}},{"type":"Feature","geometry":{"type":"Point","coordinates":[135.6876829,34.9899185]},"properties":{"z":40.4}},{"type":"Feature","geometry":{"type":"Point","coordinates":[135.687691,34.9898741]},"properties":{"z":40.4}},{"type":"Feature","geometry":{"type":"Point","coordinates":[135.6876921,34.9898292]},"properties":{"z":40.6}},{"type":"Feature","geometry":{"type":"Point","coordinates":[135.687693,34.9897842]},"properties":{"z":40.7}},{"type":"Feature","geometry":{"type":"Point","coordinates":[135.6876947,34.9897393]},"properties":{"z":40.7}},{"type":"Feature","geometry":{"type":"Point","coordinates":[135.6876975,34.9896944]},"properties":{"z":40.8}},{"type":"Feature","geometry":{"type":"Point","coordinates":[135.6876963,34.9896495]},"properties":{"z":40.8}},{"type":"Feature","geometry":{"type":"Point","coordinates":[135.687696,34.9896046]},"properties":{"z":40.9}},{"type":"Feature","geometry":{"type":"Point","coordinates":[135.6877002,34.9895598]},"properties":{"z":40.7}},{"type":"Feature","geometry":{"type":"Point","coordinates":[135.6877027,34.9895149]},"properties":{"z":40.7}},{"type":"Feature","geometry":{"type":"Point","coordinates":[135.6877034,34.9894699]},"properties":{"z":40.3}},{"type":"Feature","geometry":{"type":"Point","coordinates":[135.6877019,34.989425]},"properties":{"z":39.9}},{"type":"Feature","geometry":{"type":"Point","coordinates":[135.6876995,34.9893801]},"properties":{"z":39.9}},{"type":"Feature","geometry":{"type":"Point","coordinates":[135.6877018,34.9893352]},"properties":{"z":39.6}},{"type":"Feature","geometry":{"type":"Point","coordinates":[135.6877048,34.9892904]},"properties":{"z":39.5}},{"type":"Feature","geometry":{"type":"Point","coordinates":[135.6876945,34.9892463]},"properties":{"z":39.5}},{"type":"Feature","geometry":{"type":"Point","coordinates":[135.6876947,34.9892016]},"properties":{"z":39.3}},{"type":"Feature","geometry":{"type":"Point","coordinates":[135.6877,34.9891569]},"properties":{"z":39.3}},{"type":"Feature","geometry":{"type":"Point","coordinates":[135.6877093,34.9891127]},"properties":{"z":39.0}},{"type":"Feature","geometry":{"type":"Point","coordinates":[135.6877199,34.9890687]},"properties":{"z":38.8}},{"type":"Feature","geometry":{"type":"Point","coordinates":[135.6877203,34.9890239]},"properties":{"z":38.8}},{"type":"Feature","geometry":{"type":"Point","coordinates":[135.6877149,34.9889792]},"properties":{"z":38.7}},{"type":"Feature","geometry":{"type":"Point","coordinates":[135.6877065,34.988935]},"properties":{"z":38.6}},{"type":"Feature","geometry":{"type":"Point","coordinates":[135.6876602,34.988916]},"properties":{"z":38.9}},{"type":"Feature","geometry":{"type":"Point","coordinates":[135.687663,34.9889401]},"properties":{"z":38.9}},{"type":"Feature","geometry":{"type":"Point","coordinates":[135.6876728,34.9889828]},"properties":{"z":39.0}},{"type":"Feature","geometry":{"type":"Point","coordinates":[135.6876715,34.9890277]},"properties":{"z":39.1}},{"type":"Feature","geometry":{"type":"Point","coordinates":[135.6876737,34.9890727]},"properties":{"z":39.1}},{"type":"Feature","geometry":{"type":"Point","coordinates":[135.687671,34.9891175]},"properties":{"z":39.3}},{"type":"Feature","geometry":{"type":"Point","coordinates":[135.6876687,34.9891617]},"properties":{"z":39.5}},{"type":"Feature","geometry":{"type":"Point","coordinates":[135.6876915,34.9892019]},"properties":{"z":39.3}},{"type":"Feature","geometry":{"type":"Point","coordinates":[135.687692,34.9892461]},"properties":{"z":39.5}},{"type":"Feature","geometry":{"type":"Point","coordinates":[135.6876901,34.9892908]},"properties":{"z":39.5}},{"type":"Feature","geometry":{"type":"Point","coordinates":[135.6876972,34.9893353]},"properties":{"z":39.6}},{"type":"Feature","geometry":{"type":"Point","coordinates":[135.6877005,34.98938]},"properties":{"z":39.9}},{"type":"Feature","geometry":{"type":"Point","coordinates":[135.6877011,34.989425]},"properties":{"z":39.9}},{"type":"Feature","geometry":{"type":"Point","coordinates":[135.6876995,34.9894699]},"properties":{"z":40.3}},{"type":"Feature","geometry":{"type":"Point","coordinates":[135.6876937,34.9895145]},"properties":{"z":40.7}},{"type":"Feature","geometry":{"type":"Point","coordinates":[135.6876904,34.9895591]},"properties":{"z":40.7}},{"type":"Feature","geometry":{"type":"Point","coordinates":[135.6876942,34.989604]},"properties":{"z":40.9}},{"type":"Feature","geometry":{"type":"Point","coordinates":[135.6876954,34.9896489]},"properties":{"z":40.8}},{"type":"Feature","geometry":{"type":"Point","coordinates":[135.6876886,34.9896935]},"properties":{"z":40.8}},{"type":"Feature","geometry":{"type":"Point","coordinates":[135.6876839,34.9897383]},"properties":{"z":40.7}},{"type":"Feature","geometry":{"type":"Point","coordinates":[135.6876782,34.989783]},"properties":{"z":40.7}},{"type":"Feature","geometry":{"type":"Point","coordinates":[135.6876755,34.9898279]},"properties":{"z":41.2}},{"type":"Feature","geometry":{"type":"Point","coordinates":[135.6876689,34.9898724]},"properties":{"z":41.0}},{"type":"Feature","geometry":{"type":"Point","coordinates":[135.6876643,34.9899171]},"properties":{"z":41.0}},{"type":"Feature","geometry":{"type":"Point","coordinates":[135.6876583,34.9899595]},"properties":{"z":40.9}},{"type":"Feature","geometry":{"type":"Point","coordinates":[135.6876365,34.9900008]},"properties":{"z":40.7}},{"type":"Feature","geometry":{"type":"Point","coordinates":[135.687616,34.9900425]},"properties":{"z":40.7}},{"type":"Feature","geometry":{"type":"Point","coordinates":[135.6875943,34.9900837]},"properties":{"z":40.6}},{"type":"Feature","geometry":{"type":"Point","coordinates":[135.6875725,34.990125]},"properties":{"z":41.2}},{"type":"Feature","geometry":{"type":"Point","coordinates":[135.6875489,34.9901655]},"properties":{"z":41.1}},{"type":"Feature","geometry":{"type":"Point","coordinates":[135.6875173,34.9902019]},"properties":{"z":41.1}},{"type":"Feature","geometry":{"type":"Point","coordinates":[135.6874976,34.9902438]},"properties":{"z":41.5}},{"type":"Feature","geometry":{"type":"Point","coordinates":[135.6874803,34.9902864]},"properties":{"z":41.4}},{"type":"Feature","geometry":{"type":"Point","coordinates":[135.6874515,34.9903245]},"properties":{"z":41.4}},{"type":"Feature","geometry":{"type":"Point","coordinates":[135.6874269,34.9903646]},"properties":{"z":41.5}},{"type":"Feature","geometry":{"type":"Point","coordinates":[135.6874129,34.990408]},"properties":{"z":41.9}},{"type":"Feature","geometry":{"type":"Point","coordinates":[135.6873956,34.9904506]},"properties":{"z":42.0}},{"type":"Feature","geometry":{"type":"Point","coordinates":[135.6873675,34.9904892]},"properties":{"z":42.2}},{"type":"Feature","geometry":{"type":"Point","coordinates":[135.6873385,34.9905273]},"properties":{"z":42.2}},{"type":"Feature","geometry":{"type":"Point","coordinates":[135.6873138,34.9905674]},"properties":{"z":42.9}},{"type":"Feature","geometry":{"type":"Point","coordinates":[135.6872951,34.9906095]},"properties":{"z":42.9}},{"type":"Feature","geometry":{"type":"Point","coordinates":[135.6872643,34.9906464]},"properties":{"z":43.2}},{"type":"Feature","geometry":{"type":"Point","coordinates":[135.6872313,34.9906823]},"properties":{"z":43.6}},{"type":"Feature","geometry":{"type":"Point","coordinates":[135.6871992,34.9907185]},"properties":{"z":44.0}},{"type":"Feature","geometry":{"type":"Point","coordinates":[135.6871658,34.9907542]},"properties":{"z":44.0}},{"type":"Feature","geometry":{"type":"Point","coordinates":[135.6871373,34.9907925]},"properties":{"z":44.8}},{"type":"Feature","geometry":{"type":"Point","coordinates":[135.6871109,34.9908319]},"properties":{"z":44.8}},{"type":"Feature","geometry":{"type":"Point","coordinates":[135.6870828,34.9908705]},"properties":{"z":45.1}},{"type":"Feature","geometry":{"type":"Point","coordinates":[135.6870601,34.9909114]},"properties":{"z":45.9}},{"type":"Feature","geometry":{"type":"Point","coordinates":[135.6870343,34.9909509]},"properties":{"z":45.9}},{"type":"Feature","geometry":{"type":"Point","coordinates":[135.6870025,34.9909875]},"properties":{"z":46.2}},{"type":"Feature","geometry":{"type":"Point","coordinates":[135.6869726,34.9910252]},"properties":{"z":46.7}},{"type":"Feature","geometry":{"type":"Point","coordinates":[135.6869402,34.9910613]},"properties":{"z":46.9}},{"type":"Feature","geometry":{"type":"Point","coordinates":[135.6869103,34.991099]},"properties":{"z":46.9}},{"type":"Feature","geometry":{"type":"Point","coordinates":[135.6868791,34.991136]},"properties":{"z":47.3}},{"type":"Feature","geometry":{"type":"Point","coordinates":[135.6868491,34.9911736]},"properties":{"z":47.3}},{"type":"Feature","geometry":{"type":"Point","coordinates":[135.6868188,34.9912111]},"properties":{"z":47.1}},{"type":"Feature","geometry":{"type":"Point","coordinates":[135.6867914,34.9912501]},"properties":{"z":47.7}},{"type":"Feature","geometry":{"type":"Point","coordinates":[135.6867613,34.9912876]},"properties":{"z":47.6}},{"type":"Feature","geometry":{"type":"Point","coordinates":[135.6867365,34.9913268]},"properties":{"z":47.6}},{"type":"Feature","geometry":{"type":"Point","coordinates":[135.6867386,34.9913688]},"properties":{"z":47.5}},{"type":"Feature","geometry":{"type":"Point","coordinates":[135.686776,34.9914011]},"properties":{"z":47.5}},{"type":"Feature","geometry":{"type":"Point","coordinates":[135.6868195,34.9914284]},"properties":{"z":47.5}},{"type":"Feature","geometry":{"type":"Point","coordinates":[135.6868664,34.9914516]},"properties":{"z":47.5}},{"type":"Feature","geometry":{"type":"Point","coordinates":[135.68691,34.9914786]},"properties":{"z":47.9}},{"type":"Feature","geometry":{"type":"Point","coordinates":[135.6869565,34.9915021]},"properties":{"z":47.9}},{"type":"Feature","geometry":{"type":"Point","coordinates":[135.6870049,34.9915233]},"properties":{"z":47.5}},{"type":"Feature","geometry":{"type":"Point","coordinates":[135.6870515,34.9915469]},"properties":{"z":48.2}},{"type":"Feature","geometry":{"type":"Point","coordinates":[135.687096,34.9915731]},"properties":{"z":47.6}},{"type":"Feature","geometry":{"type":"Point","coordinates":[135.6871402,34.9915996]},"properties":{"z":47.6}},{"type":"Feature","geometry":{"type":"Point","coordinates":[135.68719,34.9916185]},"properties":{"z":47.7}},{"type":"Feature","geometry":{"type":"Point","coordinates":[135.6872383,34.9916397]},"properties":{"z":47.7}},{"type":"Feature","geometry":{"type":"Point","coordinates":[135.6872854,34.9916353]},"properties":{"z":47.2}},{"type":"Feature","geometry":{"type":"Point","coordinates":[135.687329,34.9916086]},"properties":{"z":46.5}},{"type":"Feature","geometry":{"type":"Point","coordinates":[135.6873647,34.9915745]},"properties":{"z":46.0}},{"type":"Feature","geometry":{"type":"Point","coordinates":[135.6873956,34.9915375]},"properties":{"z":45.4}},{"type":"Feature","geometry":{"type":"Point","coordinates":[135.6874329,34.9915061]},"properties":{"z":44.9}},{"type":"Feature","geometry":{"type":"Point","coordinates":[135.6874826,34.9914948]},"properties":{"z":44.9}},{"type":"Feature","geometry":{"type":"Point","coordinates":[135.6875348,34.9915053]},"properties":{"z":44.4}},{"type":"Feature","geometry":{"type":"Point","coordinates":[135.6875757,34.9915353]},"properties":{"z":44.4}},{"type":"Feature","geometry":{"type":"Point","coordinates":[135.6876182,34.9915637]},"properties":{"z":44.5}},{"type":"Feature","geometry":{"type":"Point","coordinates":[135.6876604,34.9915924]},"properties":{"z":44.5}},{"type":"Feature","geometry":{"type":"Point","coordinates":[135.6877027,34.991621]},"properties":{"z":44.0}},{"type":"Feature","geometry":{"type":"Point","coordinates":[135.6877452,34.9916495]},"properties":{"z":44.0}},{"type":"Feature","geometry":{"type":"Point","coordinates":[135.687786,34.9916796]},"properties":{"z":43.4}},{"type":"Feature","geometry":{"type":"Point","coordinates":[135.6878296,34.9917068]},"properties":{"z":42.7}},{"type":"Feature","geometry":{"type":"Point","coordinates":[135.687874,34.9917332]},"properties":{"z":41.9}},{"type":"Feature","geometry":{"type":"Point","coordinates":[135.6879146,34.9917633]},"properties":{"z":41.1}},{"type":"Feature","geometry":{"type":"Point","coordinates":[135.6879537,34.9917948]},"properties":{"z":40.7}},{"type":"Feature","geometry":{"type":"Point","coordinates":[135.6879957,34.9918237]},"properties":{"z":40.7}},{"type":"Feature","geometry":{"type":"Point","coordinates":[135.6880369,34.9918532]},"properties":{"z":40.0}},{"type":"Feature","geometry":{"type":"Point","coordinates":[135.6880827,34.9918779]},"properties":{"z":40.0}},{"type":"Feature","geometry":{"type":"Point","coordinates":[135.6881311,34.991899]},"properties":{"z":39.8}},{"type":"Feature","geometry":{"type":"Point","coordinates":[135.6881806,34.991918]},"properties":{"z":39.8}},{"type":"Feature","geometry":{"type":"Point","coordinates":[135.6882344,34.9919246]},"properties":{"z":39.7}},{"type":"Feature","geometry":{"type":"Point","coordinates":[135.6882863,34.9919391]},"properties":{"z":39.5}},{"type":"Feature","geometry":{"type":"Point","coordinates":[135.6883153,34.9919708]},"properties":{"z":39.5}},{"type":"Feature","geometry":{"type":"Point","coordinates":[135.6883517,34.9919924]},"properties":{"z":39.5}},{"type":"Feature","geometry":{"type":"Point","coordinates":[135.6884007,34.9919986]},"properties":{"z":39.3}},{"type":"Feature","geometry":{"type":"Point","coordinates":[135.6884278,34.9920356]},"properties":{"z":39.3}},{"type":"Feature","geometry":{"type":"Point","coordinates":[135.6884364,34.99208]},"properties":{"z":39.3}},{"type":"Feature","geometry":{"type":"Point","coordinates":[135.688447,34.992124]},"properties":{"z":39.2}},{"type":"Feature","geometry":{"type":"Point","coordinates":[135.6884548,34.9921685]},"properties":{"z":39.0}},{"type":"Feature","geometry":{"type":"Point","coordinates":[135.6884561,34.9922134]},"properties":{"z":39.0}},{"type":"Feature","geometry":{"type":"Point","coordinates":[135.6884585,34.9922582]},"properties":{"z":38.9}},{"type":"Feature","geometry":{"type":"Point","coordinates":[135.6884613,34.992303]},"properties":{"z":38.9}},{"type":"Feature","geometry":{"type":"Point","coordinates":[135.688459,34.9923479]},"properties":{"z":38.9}},{"type":"Feature","geometry":{"type":"Point","coordinates":[135.6884567,34.9923928]},"properties":{"z":38.8}},{"type":"Feature","geometry":{"type":"Point","coordinates":[135.6884525,34.9924376]},"properties":{"z":38.8}},{"type":"Feature","geometry":{"type":"Point","coordinates":[135.6884462,34.9924823]},"properties":{"z":38.9}},{"type":"Feature","geometry":{"type":"Point","coordinates":[135.6884396,34.9925269]},"properties":{"z":38.9}},{"type":"Feature","geometry":{"type":"Point","coordinates":[135.6884329,34.9925715]},"properties":{"z":38.8}},{"type":"Feature","geometry":{"type":"Point","coordinates":[135.6884221,34.9926156]},"properties":{"z":38.8}},{"type":"Feature","geometry":{"type":"Point","coordinates":[135.6884174,34.9926603]},"properties":{"z":38.8}},{"type":"Feature","geometry":{"type":"Point","coordinates":[135.688414,34.9927052]},"properties":{"z":38.7}},{"type":"Feature","geometry":{"type":"Point","coordinates":[135.6884101,34.99275]},"properties":{"z":38.6}},{"type":"Feature","geometry":{"type":"Point","coordinates":[135.688404,34.9927947]},"properties":{"z":38.6}},{"type":"Feature","geometry":{"type":"Point","coordinates":[135.6883933,34.9928387]},"properties":{"z":38.5}},{"type":"Feature","geometry":{"type":"Point","coordinates":[135.6883956,34.9928835]},"properties":{"z":38.4}},{"type":"Feature","geometry":{"type":"Point","coordinates":[135.6884026,34.9929281]},"properties":{"z":38.4}},{"type":"Feature","geometry":{"type":"Point","coordinates":[135.6884399,34.9929606]},"properties":{"z":38.4}},{"type":"Feature","geometry":{"type":"Point","coordinates":[135.6884911,34.9929746]},"properties":{"z":38.3}},{"type":"Feature","geometry":{"type":"Point","coordinates":[135.6885431,34.9929887]},"properties":{"z":38.1}},{"type":"Feature","geometry":{"type":"Point","coordinates":[135.6885943,34.9930048]},"properties":{"z":38.1}},{"type":"Feature","geometry":{"type":"Point","coordinates":[135.6886451,34.993022]},"properties":{"z":37.9}},{"type":"Feature","geometry":{"type":"Point","coordinates":[135.6886974,34.9930355]},"properties":{"z":37.9}},{"type":"Feature","geometry":{"type":"Point","coordinates":[135.68875,34.9930481]},"properties":{"z":37.8}},{"type":"Feature","geometry":{"type":"Point","coordinates":[135.6888031,34.9930597]},"properties":{"z":37.6}},{"type":"Feature","geometry":{"type":"Point","coordinates":[135.6888557,34.9930722]},"properties":{"z":37.6}},{"type":"Feature","geometry":{"type":"Point","coordinates":[135.6889081,34.9930856]},"properties":{"z":37.4}},{"type":"Feature","geometry":{"type":"Point","coordinates":[135.6889599,34.9931005]},"properties":{"z":37.4}},{"type":"Feature","geometry":{"type":"Point","coordinates":[135.6890138,34.9931088]},"properties":{"z":37.2}},{"type":"Feature","geometry":{"type":"Point","coordinates":[135.6890676,34.9931177]},"properties":{"z":37.1}},{"type":"Feature","geometry":{"type":"Point","coordinates":[135.689121,34.9931278]},"properties":{"z":37.1}},{"type":"Feature","geometry":{"type":"Point","coordinates":[135.6891744,34.9931383]},"properties":{"z":36.9}},{"type":"Feature","geometry":{"type":"Point","coordinates":[135.6892277,34.9931489]},"properties":{"z":36.8}},{"type":"Feature","geometry":{"type":"Point","coordinates":[135.689281,34.9931598]},"properties":{"z":36.8}},{"type":"Feature","geometry":{"type":"Point","coordinates":[135.6893342,34.9931706]},"properties":{"z":36.5}},{"type":"Feature","geometry":{"type":"Point","coordinates":[135.6893875,34.9931813]},"properties":{"z":36.5}},{"type":"Feature","geometry":{"type":"Point","coordinates":[135.6894409,34.9931918]},"properties":{"z":36.4}},{"type":"Feature","geometry":{"type":"Point","coordinates":[135.6894943,34.9932021]},"properties":{"z":36.2}},{"type":"Feature","geometry":{"type":"Point","coordinates":[135.689547,34.9932145]},"properties":{"z":36.2}},{"type":"Feature","geometry":{"type":"Point","coordinates":[135.6895993,34.9932282]},"properties":{"z":36.1}},{"type":"Feature","geometry":{"type":"Point","coordinates":[135.6896522,34.9932398]},"properties":{"z":35.9}},{"type":"Feature","geometry":{"type":"Point","coordinates":[135.6897054,34.993251]},"properties":{"z":35.9}},{"type":"Feature","geometry":{"type":"Point","coordinates":[135.6897582,34.993263]},"properties":{"z":35.7}},{"type":"Feature","geometry":{"type":"Point","coordinates":[135.6898077,34.9932817]},"properties":{"z":35.7}},{"type":"Feature","geometry":{"type":"Point","coordinates":[135.6898574,34.9933007]},"properties":{"z":35.4}},{"type":"Feature","geometry":{"type":"Point","coordinates":[135.68991,34.9933123]},"properties":{"z":35.3}},{"type":"Feature","geometry":{"type":"Point","coordinates":[135.6899633,34.9933075]},"properties":{"z":35.3}},{"type":"Feature","geometry":{"type":"Point","coordinates":[135.6900161,34.9932953]},"properties":{"z":35.3}},{"type":"Feature","geometry":{"type":"Point","coordinates":[135.6900702,34.9932922]},"properties":{"z":35.3}},{"type":"Feature","geometry":{"type":"Point","coordinates":[135.6901243,34.9932989]},"properties":{"z":35.1}},{"type":"Feature","geometry":{"type":"Point","coordinates":[135.6901782,34.9933053]},"properties":{"z":34.9}},{"type":"Feature","geometry":{"type":"Point","coordinates":[135.6901955,34.9933008]},"properties":{"z":34.9}},{"type":"Feature","geometry":{"type":"Point","coordinates":[135.6901628,34.9933065]},"properties":{"z":35.0}},{"type":"Feature","geometry":{"type":"Point","coordinates":[135.6902069,34.9933295]},"properties":{"z":34.9}},{"type":"Feature","geometry":{"type":"Point","coordinates":[135.6902594,34.9933426]},"properties":{"z":34.7}},{"type":"Feature","geometry":{"type":"Point","coordinates":[135.6903133,34.9933509]},"properties":{"z":34.7}},{"type":"Feature","geometry":{"type":"Point","coordinates":[135.6903666,34.9933616]},"properties":{"z":34.6}},{"type":"Feature","geometry":{"type":"Point","coordinates":[135.6904194,34.9933739]},"properties":{"z":34.5}},{"type":"Feature","geometry":{"type":"Point","coordinates":[135.6904697,34.9933916]},"properties":{"z":34.3}},{"type":"Feature","geometry":{"type":"Point","coordinates":[135.6905181,34.9934126]},"properties":{"z":34.2}},{"type":"Feature","geometry":{"type":"Point","coordinates":[135.6905655,34.9934352]},"properties":{"z":34.2}},{"type":"Feature","geometry":{"type":"Point","coordinates":[135.6906128,34.993458]},"properties":{"z":34.0}},{"type":"Feature","geometry":{"type":"Point","coordinates":[135.6906602,34.9934802]},"properties":{"z":34.0}},{"type":"Feature","geometry":{"type":"Point","coordinates":[135.6907127,34.9934932]},"properties":{"z":33.8}},{"type":"Feature","geometry":{"type":"Point","coordinates":[135.690765,34.9935068]},"properties":{"z":33.8}},{"type":"Feature","geometry":{"type":"Point","coordinates":[135.6908177,34.9935192]},"properties":{"z":33.6}},{"type":"Feature","geometry":{"type":"Point","coordinates":[135.6908716,34.9935275]},"properties":{"z":33.4}},{"type":"Feature","geometry":{"type":"Point","coordinates":[135.6909251,34.9935375]},"properties":{"z":33.4}},{"type":"Feature","geometry":{"type":"Point","coordinates":[135.6909786,34.9935475]},"properties":{"z":33.3}},{"type":"Feature","geometry":{"type":"Point","coordinates":[135.6910326,34.9935557]},"properties":{"z":33.1}},{"type":"Feature","geometry":{"type":"Point","coordinates":[135.6910869,34.9935619]},"properties":{"z":33.1}},{"type":"Feature","geometry":{"type":"Point","coordinates":[135.6911415,34.9935664]},"properties":{"z":33.0}},{"type":"Feature","geometry":{"type":"Point","coordinates":[135.6911963,34.9935662]},"properties":{"z":32.8}},{"type":"Feature","geometry":{"type":"Point","coordinates":[135.6912512,34.9935659]},"properties":{"z":32.8}},{"type":"Feature","geometry":{"type":"Point","coordinates":[135.6913059,34.9935688]},"properties":{"z":32.7}},{"type":"Feature","geometry":{"type":"Point","coordinates":[135.6913607,34.9935716]},"properties":{"z":32.7}},{"type":"Feature","geometry":{"type":"Point","coordinates":[135.6914155,34.9935742]},"properties":{"z":32.5}},{"type":"Feature","geometry":{"type":"Point","coordinates":[135.6914703,34.9935738]},"properties":{"z":32.4}},{"type":"Feature","geometry":{"type":"Point","coordinates":[135.6915252,34.993573]},"properties":{"z":32.4}},{"type":"Feature","geometry":{"type":"Point","coordinates":[135.69158,34.9935736]},"properties":{"z":32.2}},{"type":"Feature","geometry":{"type":"Point","coordinates":[135.6916349,34.9935743]},"properties":{"z":32.1}},{"type":"Feature","geometry":{"type":"Point","coordinates":[135.6916897,34.9935747]},"properties":{"z":32.1}},{"type":"Feature","geometry":{"type":"Point","coordinates":[135.6917445,34.9935716]},"properties":{"z":32.0}},{"type":"Feature","geometry":{"type":"Point","coordinates":[135.6917971,34.9935595]},"properties":{"z":31.8}},{"type":"Feature","geometry":{"type":"Point","coordinates":[135.6918444,34.9935372]},"properties":{"z":31.8}},{"type":"Feature","geometry":{"type":"Point","coordinates":[135.691888,34.99351]},"properties":{"z":31.7}},{"type":"Feature","geometry":{"type":"Point","coordinates":[135.691928,34.9934795]},"properties":{"z":31.7}},{"type":"Feature","geometry":{"type":"Point","coordinates":[135.6919622,34.9934444]},"properties":{"z":31.7}},{"type":"Feature","geometry":{"type":"Point","coordinates":[135.6919931,34.9934072]},"properties":{"z":31.6}},{"type":"Feature","geometry":{"type":"Point","coordinates":[135.6920247,34.9933706]},"properties":{"z":31.6}},{"type":"Feature","geometry":{"type":"Point","coordinates":[135.69205,34.9933307]},"properties":{"z":31.6}},{"type":"Feature","geometry":{"type":"Point","coordinates":[135.6920787,34.9932924]},"properties":{"z":31.5}},{"type":"Feature","geometry":{"type":"Point","coordinates":[135.6921105,34.9932559]},"properties":{"z":31.5}},{"type":"Feature","geometry":{"type":"Point","coordinates":[135.6921429,34.9932196]},"properties":{"z":31.5}},{"type":"Feature","geometry":{"type":"Point","coordinates":[135.6921735,34.9931823]},"properties":{"z":31.5}},{"type":"Feature","geometry":{"type":"Point","coordinates":[135.6922132,34.9931513]},"properties":{"z":31.5}},{"type":"Feature","geometry":{"type":"Point","coordinates":[135.6922528,34.9931202]},"properties":{"z":31.4}},{"type":"Feature","geometry":{"type":"Point","coordinates":[135.6922916,34.9930884]},"properties":{"z":31.4}},{"type":"Feature","geometry":{"type":"Point","coordinates":[135.6923297,34.9930561]},"properties":{"z":31.3}},{"type":"Feature","geometry":{"type":"Point","coordinates":[135.6923674,34.9930233]},"properties":{"z":31.3}},{"type":"Feature","geometry":{"type":"Point","coordinates":[135.6924062,34.9929916]},"properties":{"z":31.2}},{"type":"Feature","geometry":{"type":"Point","coordinates":[135.6924444,34.9929593]},"properties":{"z":31.2}},{"type":"Feature","geometry":{"type":"Point","coordinates":[135.6924807,34.9929256]},"properties":{"z":31.2}},{"type":"Feature","geometry":{"type":"Point","coordinates":[135.6925177,34.9928925]},"properties":{"z":31.1}},{"type":"Feature","geometry":{"type":"Point","coordinates":[135.6925554,34.9928598]},"properties":{"z":31.2}},{"type":"Feature","geometry":{"type":"Point","coordinates":[135.692594,34.9928278]},"properties":{"z":31.0}},{"type":"Feature","geometry":{"type":"Point","coordinates":[135.6926312,34.9927948]},"properties":{"z":31.0}},{"type":"Feature","geometry":{"type":"Point","coordinates":[135.6926649,34.9927594]},"properties":{"z":30.9}},{"type":"Feature","geometry":{"type":"Point","coordinates":[135.6926953,34.9927219]},"properties":{"z":30.9}},{"type":"Feature","geometry":{"type":"Point","coordinates":[135.6927303,34.9926902]},"properties":{"z":30.9}},{"type":"Feature","geometry":{"type":"Point","coordinates":[135.6927842,34.9926819]},"properties":{"z":30.6}},{"type":"Feature","geometry":{"type":"Point","coordinates":[135.6928262,34.9926969]},"properties":{"z":30.4}},{"type":"Feature","geometry":{"type":"Point","coordinates":[135.6928724,34.9927175]},"properties":{"z":30.4}},{"type":"Feature","geometry":{"type":"Point","coordinates":[135.6929117,34.9926895]},"properties":{"z":30.3}},{"type":"Feature","geometry":{"type":"Point","coordinates":[135.6929311,34.9926476]},"properties":{"z":30.3}},{"type":"Feature","geometry":{"type":"Point","coordinates":[135.6929503,34.9926055]},"properties":{"z":30.3}},{"type":"Feature","geometry":{"type":"Point","coordinates":[135.6929679,34.9925629]},"properties":{"z":30.3}},{"type":"Feature","geometry":{"type":"Point","coordinates":[135.6929823,34.9925196]},"properties":{"z":30.3}},{"type":"Feature","geometry":{"type":"Point","coordinates":[135.6929919,34.9924754]},"properties":{"z":30.3}},{"type":"Feature","geometry":{"type":"Point","coordinates":[135.6929991,34.9924308]},"properties":{"z":30.3}},{"type":"Feature","geometry":{"type":"Point","coordinates":[135.6930054,34.9923861]},"properties":{"z":30.3}},{"type":"Feature","geometry":{"type":"Point","coordinates":[135.6930108,34.9923414]},"properties":{"z":30.3}},{"type":"Feature","geometry":{"type":"Point","coordinates":[135.6930129,34.9922965]},"properties":{"z":30.3}},{"type":"Feature","geometry":{"type":"Point","coordinates":[135.6930166,34.9922517]},"properties":{"z":30.3}},{"type":"Feature","geometry":{"type":"Point","coordinates":[135.6930209,34.9922069]},"properties":{"z":30.4}},{"type":"Feature","geometry":{"type":"Point","coordinates":[135.6930214,34.9921619]},"properties":{"z":30.4}},{"type":"Feature","geometry":{"type":"Point","coordinates":[135.6930207,34.992117]},"properties":{"z":30.4}},{"type":"Feature","geometry":{"type":"Point","coordinates":[135.6930209,34.9920721]},"properties":{"z":30.4}},{"type":"Feature","geometry":{"type":"Point","coordinates":[135.6930316,34.9920293]},"properties":{"z":30.4}},{"type":"Feature","geometry":{"type":"Point","coordinates":[135.6930638,34.9919931]},"properties":{"z":30.4}},{"type":"Feature","geometry":{"type":"Point","coordinates":[135.6931038,34.9919625]},"properties":{"z":30.3}},{"type":"Feature","geometry":{"type":"Point","coordinates":[135.6931468,34.9919346]},"properties":{"z":30.3}},{"type":"Feature","geometry":{"type":"Point","coordinates":[135.6931895,34.9919063]},"properties":{"z":30.3}},{"type":"Feature","geometry":{"type":"Point","coordinates":[135.693233,34.9918788]},"properties":{"z":30.2}},{"type":"Feature","geometry":{"type":"Point","coordinates":[135.6932776,34.9918527]},"properties":{"z":30.1}},{"type":"Feature","geometry":{"type":"Point","coordinates":[135.6933244,34.9918294]},"properties":{"z":30.1}},{"type":"Feature","geometry":{"type":"Point","coordinates":[135.6933745,34.9918111]},"properties":{"z":30.1}},{"type":"Feature","geometry":{"type":"Point","coordinates":[135.6934159,34.9917822]},"properties":{"z":30.1}},{"type":"Feature","geometry":{"type":"Point","coordinates":[135.6934573,34.9917529]},"properties":{"z":30.1}},{"type":"Feature","geometry":{"type":"Point","coordinates":[135.6935019,34.9917267]},"properties":{"z":30.1}},{"type":"Feature","geometry":{"type":"Point","coordinates":[135.6935535,34.9917125]},"properties":{"z":30.1}},{"type":"Feature","geometry":{"type":"Point","coordinates":[135.6936065,34.9917012]},"properties":{"z":30.1}},{"type":"Feature","geometry":{"type":"Point","coordinates":[135.6936613,34.9916986]},"properties":{"z":30.1}},{"type":"Feature","geometry":{"type":"Point","coordinates":[135.6937161,34.9916985]},"properties":{"z":30.1}},{"type":"Feature","geometry":{"type":"Point","coordinates":[135.6937708,34.9916991]},"properties":{"z":30.1}},{"type":"Feature","geometry":{"type":"Point","coordinates":[135.6938248,34.9916907]},"properties":{"z":30.1}},{"type":"Feature","geometry":{"type":"Point","coordinates":[135.6938793,34.9916872]},"properties":{"z":30.1}},{"type":"Feature","geometry":{"type":"Point","coordinates":[135.6939341,34.9916866]},"properties":{"z":30.1}},{"type":"Feature","geometry":{"type":"Point","coordinates":[135.6939889,34.9916855]},"properties":{"z":30.1}},{"type":"Feature","geometry":{"type":"Point","coordinates":[135.6940405,34.9916709]},"properties":{"z":30.0}},{"type":"Feature","geometry":{"type":"Point","coordinates":[135.6940895,34.9916548]},"properties":{"z":30.0}},{"type":"Feature","geometry":{"type":"Point","coordinates":[135.6941443,34.9916533]},"properties":{"z":30.0}},{"type":"Feature","geometry":{"type":"Point","coordinates":[135.6941981,34.9916508]},"properties":{"z":30.0}},{"type":"Feature","geometry":{"type":"Point","coordinates":[135.6942407,34.9916241]},"properties":{"z":30.0}},{"type":"Feature","geometry":{"type":"Point","coordinates":[135.6942752,34.9915891]},"properties":{"z":30.0}},{"type":"Feature","geometry":{"type":"Point","coordinates":[135.6943101,34.9915545]},"properties":{"z":30.0}},{"type":"Feature","geometry":{"type":"Point","coordinates":[135.6943457,34.9915202]},"properties":{"z":30.0}},{"type":"Feature","geometry":{"type":"Point","coordinates":[135.6943823,34.9914867]},"properties":{"z":30.0}},{"type":"Feature","geometry":{"type":"Point","coordinates":[135.6944197,34.9914539]},"properties":{"z":30.0}},{"type":"Feature","geometry":{"type":"Point","coordinates":[135.6944581,34.9914217]},"properties":{"z":30.0}},{"type":"Feature","geometry":{"type":"Point","coordinates":[135.6944897,34.9913851]},"properties":{"z":30.0}},{"type":"Feature","geometry":{"type":"Point","coordinates":[135.6945175,34.9913466]},"properties":{"z":30.0}},{"type":"Feature","geometry":{"type":"Point","coordinates":[135.6945362,34.9913043]},"properties":{"z":30.0}},{"type":"Feature","geometry":{"type":"Point","coordinates":[135.6945381,34.99126]},"properties":{"z":30.0}},{"type":"Feature","geometry":{"type":"Point","coordinates":[135.6945397,34.9912153]},"properties":{"z":30.0}},{"type":"Feature","geometry":{"type":"Point","coordinates":[135.6945478,34.9911708]},"properties":{"z":29.9}},{"type":"Feature","geometry":{"type":"Point","coordinates":[135.694554,34.9911262]},"properties":{"z":29.9}},{"type":"Feature","geometry":{"type":"Point","coordinates":[135.6945617,34.9910818]},"properties":{"z":29.9}},{"type":"Feature","geometry":{"type":"Point","coordinates":[135.694575,34.9910381]},"properties":{"z":29.9}},{"type":"Feature","geometry":{"type":"Point","coordinates":[135.6945852,34.990994]},"properties":{"z":29.9}},{"type":"Feature","geometry":{"type":"Point","coordinates":[135.6945932,34.9909496]},"properties":{"z":29.9}},{"type":"Feature","geometry":{"type":"Point","coordinates":[135.6945982,34.9909048]},"properties":{"z":30.0}},{"type":"Feature","geometry":{"type":"Point","coordinates":[135.6946049,34.9908602]},"properties":{"z":30.0}},{"type":"Feature","geometry":{"type":"Point","coordinates":[135.6946136,34.9908158]},"properties":{"z":30.0}},{"type":"Feature","geometry":{"type":"Point","coordinates":[135.6946255,34.990772]},"properties":{"z":30.0}},{"type":"Feature","geometry":{"type":"Point","coordinates":[135.6946431,34.9907295]},"properties":{"z":29.9}},{"type":"Feature","geometry":{"type":"Point","coordinates":[135.6946669,34.9906889]},"properties":{"z":29.9}},{"type":"Feature","geometry":{"type":"Point","coordinates":[135.6947188,34.9906771]},"properties":{"z":29.8}},{"type":"Feature","geometry":{"type":"Point","coordinates":[135.6947726,34.9906687]},"properties":{"z":29.8}},{"type":"Feature","geometry":{"type":"Point","coordinates":[135.6948273,34.990665]},"properties":{"z":29.8}},{"type":"Feature","geometry":{"type":"Point","coordinates":[135.6948821,34.9906627]},"properties":{"z":29.8}},{"type":"Feature","geometry":{"type":"Point","coordinates":[135.6949369,34.9906607]},"properties":{"z":29.8}},{"type":"Feature","geometry":{"type":"Point","coordinates":[135.6949917,34.9906586]},"properties":{"z":29.7}},{"type":"Feature","geometry":{"type":"Point","coordinates":[135.6950466,34.9906574]},"properties":{"z":29.7}},{"type":"Feature","geometry":{"type":"Point","coordinates":[135.6951014,34.9906564]},"properties":{"z":29.7}},{"type":"Feature","geometry":{"type":"Point","coordinates":[135.6951563,34.990656]},"properties":{"z":29.6}},{"type":"Feature","geometry":{"type":"Point","coordinates":[135.6952111,34.9906559]},"properties":{"z":29.6}},{"type":"Feature","geometry":{"type":"Point","coordinates":[135.695266,34.9906561]},"properties":{"z":29.6}},{"type":"Feature","geometry":{"type":"Point","coordinates":[135.6953209,34.9906572]},"properties":{"z":29.5}},{"type":"Feature","geometry":{"type":"Point","coordinates":[135.6953757,34.9906572]},"properties":{"z":29.5}},{"type":"Feature","geometry":{"type":"Point","coordinates":[135.6954305,34.9906547]},"properties":{"z":29.5}},{"type":"Feature","geometry":{"type":"Point","coordinates":[135.6954853,34.9906547]},"properties":{"z":29.5}},{"type":"Feature","geometry":{"type":"Point","coordinates":[135.6955401,34.9906519]},"properties":{"z":29.4}},{"type":"Feature","geometry":{"type":"Point","coordinates":[135.6955949,34.9906502]},"properties":{"z":29.4}},{"type":"Feature","geometry":{"type":"Point","coordinates":[135.6956497,34.9906532]},"properties":{"z":29.4}},{"type":"Feature","geometry":{"type":"Point","coordinates":[135.6957041,34.990659]},"properties":{"z":29.3}},{"type":"Feature","geometry":{"type":"Point","coordinates":[135.6957585,34.9906648]},"properties":{"z":29.3}},{"type":"Feature","geometry":{"type":"Point","coordinates":[135.6958132,34.9906667]},"properties":{"z":29.3}},{"type":"Feature","geometry":{"type":"Point","coordinates":[135.6958647,34.9906541]},"properties":{"z":29.2}},{"type":"Feature","geometry":{"type":"Point","coordinates":[135.6959186,34.9906483]},"properties":{"z":29.2}},{"type":"Feature","geometry":{"type":"Point","coordinates":[135.6959733,34.9906508]},"properties":{"z":29.2}},{"type":"Feature","geometry":{"type":"Point","coordinates":[135.6960277,34.990655]},"properties":{"z":29.1}},{"type":"Feature","geometry":{"type":"Point","coordinates":[135.6960825,34.9906533]},"properties":{"z":29.1}},{"type":"Feature","geometry":{"type":"Point","coordinates":[135.6961371,34.9906579]},"properties":{"z":29.1}},{"type":"Feature","geometry":{"type":"Point","coordinates":[135.6961919,34.9906593]},"properties":{"z":29.0}},{"type":"Feature","geometry":{"type":"Point","coordinates":[135.6962463,34.9906548]},"properties":{"z":29.0}},{"type":"Feature","geometry":{"type":"Point","coordinates":[135.6963006,34.9906482]},"properties":{"z":28.9}},{"type":"Feature","geometry":{"type":"Point","coordinates":[135.6963553,34.9906445]},"properties":{"z":28.9}},{"type":"Feature","geometry":{"type":"Point","coordinates":[135.6964099,34.9906409]},"properties":{"z":28.9}},{"type":"Feature","geometry":{"type":"Point","coordinates":[135.6964644,34.9906355]},"properties":{"z":28.8}},{"type":"Feature","geometry":{"type":"Point","coordinates":[135.6965191,34.9906325]},"properties":{"z":28.8}},{"type":"Feature","geometry":{"type":"Point","coordinates":[135.6965739,34.9906316]},"properties":{"z":28.8}},{"type":"Feature","geometry":{"type":"Point","coordinates":[135.6966261,34.9906444]},"properties":{"z":28.7}},{"type":"Feature","geometry":{"type":"Point","coordinates":[135.69668,34.990651]},"properties":{"z":28.7}},{"type":"Feature","geometry":{"type":"Point","coordinates":[135.6967347,34.9906533]},"properties":{"z":28.7}},{"type":"Feature","geometry":{"type":"Point","coordinates":[135.6967896,34.9906528]},"properties":{"z":28.6}},{"type":"Feature","geometry":{"type":"Point","coordinates":[135.6968445,34.9906531]},"properties":{"z":28.6}},{"type":"Feature","geometry":{"type":"Point","coordinates":[135.6968993,34.9906538]},"properties":{"z":28.6}},{"type":"Feature","geometry":{"type":"Point","coordinates":[135.6969542,34.9906553]},"properties":{"z":28.5}},{"type":"Feature","geometry":{"type":"Point","coordinates":[135.697009,34.9906567]},"properties":{"z":28.5}},{"type":"Feature","geometry":{"type":"Point","coordinates":[135.6970639,34.9906579]},"properties":{"z":28.4}},{"type":"Feature","geometry":{"type":"Point","coordinates":[135.6971187,34.9906567]},"properties":{"z":28.4}},{"type":"Feature","geometry":{"type":"Point","coordinates":[135.6971735,34.9906545]},"properties":{"z":28.4}},{"type":"Feature","geometry":{"type":"Point","coordinates":[135.6972282,34.990651]},"properties":{"z":28.3}},{"type":"Feature","geometry":{"type":"Point","coordinates":[135.6972829,34.990648]},"properties":{"z":28.3}},{"type":"Feature","geometry":{"type":"Point","coordinates":[135.6973378,34.990649]},"properties":{"z":28.3}},{"type":"Feature","geometry":{"type":"Point","coordinates":[135.6973926,34.9906498]},"properties":{"z":28.2}},{"type":"Feature","geometry":{"type":"Point","coordinates":[135.6974475,34.9906504]},"properties":{"z":28.2}},{"type":"Feature","geometry":{"type":"Point","coordinates":[135.6975023,34.9906496]},"properties":{"z":28.2}},{"type":"Feature","geometry":{"type":"Point","coordinates":[135.6975572,34.9906479]},"properties":{"z":28.1}},{"type":"Feature","geometry":{"type":"Point","coordinates":[135.6976118,34.9906444]},"properties":{"z":28.1}},{"type":"Feature","geometry":{"type":"Point","coordinates":[135.6976666,34.9906411]},"properties":{"z":28.0}},{"type":"Feature","geometry":{"type":"Point","coordinates":[135.6977214,34.9906405]},"properties":{"z":28.0}},{"type":"Feature","geometry":{"type":"Point","coordinates":[135.6977763,34.9906402]},"properties":{"z":28.0}},{"type":"Feature","geometry":{"type":"Point","coordinates":[135.6978312,34.9906402]},"properties":{"z":27.9}},{"type":"Feature","geometry":{"type":"Point","coordinates":[135.697886,34.9906384]},"properties":{"z":27.9}},{"type":"Feature","geometry":{"type":"Point","coordinates":[135.6979408,34.9906368]},"properties":{"z":27.9}},{"type":"Feature","geometry":{"type":"Point","coordinates":[135.6979957,34.9906365]},"properties":{"z":27.8}},{"type":"Feature","geometry":{"type":"Point","coordinates":[135.6980505,34.9906383]},"properties":{"z":27.8}},{"type":"Feature","geometry":{"type":"Point","coordinates":[135.6981052,34.9906418]},"properties":{"z":27.8}},{"type":"Feature","geometry":{"type":"Point","coordinates":[135.6981585,34.9906525]},"properties":{"z":27.7}},{"type":"Feature","geometry":{"type":"Point","coordinates":[135.698212,34.9906621]},"properties":{"z":27.7}},{"type":"Feature","geometry":{"type":"Point","coordinates":[135.6982661,34.9906698]},"properties":{"z":27.7}},{"type":"Feature","geometry":{"type":"Point","coordinates":[135.6983195,34.99068]},"properties":{"z":27.6}},{"type":"Feature","geometry":{"type":"Point","coordinates":[135.6983724,34.9906919]},"properties":{"z":27.6}},{"type":"Feature","geometry":{"type":"Point","coordinates":[135.6984235,34.9907081]},"properties":{"z":27.5}},{"type":"Feature","geometry":{"type":"Point","coordinates":[135.6984745,34.9907247]},"properties":{"z":27.5}},{"type":"Feature","geometry":{"type":"Point","coordinates":[135.6985267,34.9907385]},"properties":{"z":27.5}},{"type":"Feature","geometry":{"type":"Point","coordinates":[135.6985798,34.9907483]},"properties":{"z":27.4}},{"type":"Feature","geometry":{"type":"Point","coordinates":[135.6986346,34.9907499]},"properties":{"z":27.4}},{"type":"Feature","geometry":{"type":"Point","coordinates":[135.6986895,34.9907498]},"properties":{"z":27.3}},{"type":"Feature","geometry":{"type":"Point","coordinates":[135.6987443,34.9907486]},"properties":{"z":27.3}},{"type":"Feature","geometry":{"type":"Point","coordinates":[135.6987992,34.9907488]},"properties":{"z":27.3}},{"type":"Feature","geometry":{"type":"Point","coordinates":[135.698854,34.99075]},"properties":{"z":27.3}},{"type":"Feature","geometry":{"type":"Point","coordinates":[135.6989088,34.9907522]},"properties":{"z":27.3}},{"type":"Feature","geometry":{"type":"Point","coordinates":[135.6989636,34.9907543]},"properties":{"z":27.2}},{"type":"Feature","geometry":{"type":"Point","coordinates":[135.6990184,34.9907565]},"properties":{"z":27.1}},{"type":"Feature","geometry":{"type":"Point","coordinates":[135.6990732,34.9907591]},"properties":{"z":27.1}},{"type":"Feature","geometry":{"type":"Point","coordinates":[135.699128,34.990761]},"properties":{"z":27.0}},{"type":"Feature","geometry":{"type":"Point","coordinates":[135.6991825,34.9907563]},"properties":{"z":27.0}},{"type":"Feature","geometry":{"type":"Point","coordinates":[135.6992368,34.9907578]},"properties":{"z":27.0}},{"type":"Feature","geometry":{"type":"Point","coordinates":[135.6992908,34.9907628]},"properties":{"z":27.0}},{"type":"Feature","geometry":{"type":"Point","coordinates":[135.6993441,34.9907694]},"properties":{"z":26.9}},{"type":"Feature","geometry":{"type":"Point","coordinates":[135.6993956,34.9907804]},"properties":{"z":26.8}},{"type":"Feature","geometry":{"type":"Point","coordinates":[135.6994475,34.9907951]},"properties":{"z":26.8}},{"type":"Feature","geometry":{"type":"Point","coordinates":[135.6995013,34.9907929]},"properties":{"z":26.8}},{"type":"Feature","geometry":{"type":"Point","coordinates":[135.6995538,34.9907805]},"properties":{"z":26.8}},{"type":"Feature","geometry":{"type":"Point","coordinates":[135.6996063,34.9907699]},"properties":{"z":26.8}},{"type":"Feature","geometry":{"type":"Point","coordinates":[135.6996612,34.9907707]},"properties":{"z":26.8}},{"type":"Feature","geometry":{"type":"Point","coordinates":[135.699716,34.9907729]},"properties":{"z":26.7}},{"type":"Feature","geometry":{"type":"Point","coordinates":[135.6997708,34.9907755]},"properties":{"z":26.7}},{"type":"Feature","geometry":{"type":"Point","coordinates":[135.6998255,34.990779]},"properties":{"z":26.7}},{"type":"Feature","geometry":{"type":"Point","coordinates":[135.6998798,34.990785]},"properties":{"z":26.6}},{"type":"Feature","geometry":{"type":"Point","coordinates":[135.6999341,34.9907882]},"properties":{"z":26.6}},{"type":"Feature","geometry":{"type":"Point","coordinates":[135.6999889,34.9907848]},"properties":{"z":26.6}},{"type":"Feature","geometry":{"type":"Point","coordinates":[135.7000437,34.9907828]},"properties":{"z":26.6}},{"type":"Feature","geometry":{"type":"Point","coordinates":[135.7000985,34.9907814]},"properties":{"z":26.6}},{"type":"Feature","geometry":{"type":"Point","coordinates":[135.7001534,34.9907811]},"properties":{"z":26.5}},{"type":"Feature","geometry":{"type":"Point","coordinates":[135.7002082,34.9907812]},"properties":{"z":26.5}},{"type":"Feature","geometry":{"type":"Point","coordinates":[135.7002631,34.9907826]},"properties":{"z":26.5}},{"type":"Feature","geometry":{"type":"Point","coordinates":[135.7003179,34.9907849]},"properties":{"z":26.4}},{"type":"Feature","geometry":{"type":"Point","coordinates":[135.7003726,34.9907877]},"properties":{"z":26.4}},{"type":"Feature","geometry":{"type":"Point","coordinates":[135.7004274,34.9907886]},"properties":{"z":26.4}},{"type":"Feature","geometry":{"type":"Point","coordinates":[135.7004822,34.9907913]},"properties":{"z":26.4}},{"type":"Feature","geometry":{"type":"Point","coordinates":[135.7005369,34.9907943]},"properties":{"z":26.4}},{"type":"Feature","geometry":{"type":"Point","coordinates":[135.7005917,34.9907967]},"properties":{"z":26.3}},{"type":"Feature","geometry":{"type":"Point","coordinates":[135.7006466,34.9907987]},"properties":{"z":26.3}},{"type":"Feature","geometry":{"type":"Point","coordinates":[135.7007013,34.9908011]},"properties":{"z":26.3}},{"type":"Feature","geometry":{"type":"Point","coordinates":[135.700756,34.9908049]},"properties":{"z":26.3}},{"type":"Feature","geometry":{"type":"Point","coordinates":[135.7008107,34.9908083]},"properties":{"z":26.2}},{"type":"Feature","geometry":{"type":"Point","coordinates":[135.7008654,34.9908116]},"properties":{"z":26.2}},{"type":"Feature","geometry":{"type":"Point","coordinates":[135.7009202,34.9908141]},"properties":{"z":26.2}},{"type":"Feature","geometry":{"type":"Point","coordinates":[135.7009751,34.990816]},"properties":{"z":26.2}},{"type":"Feature","geometry":{"type":"Point","coordinates":[135.7010299,34.990817]},"properties":{"z":26.1}},{"type":"Feature","geometry":{"type":"Point","coordinates":[135.7010848,34.9908164]},"properties":{"z":26.1}},{"type":"Feature","geometry":{"type":"Point","coordinates":[135.7011396,34.9908148]},"properties":{"z":26.1}},{"type":"Feature","geometry":{"type":"Point","coordinates":[135.7011944,34.9908143]},"properties":{"z":26.1}},{"type":"Feature","geometry":{"type":"Point","coordinates":[135.7012493,34.990814]},"properties":{"z":26.0}},{"type":"Feature","geometry":{"type":"Point","coordinates":[135.7013042,34.9908141]},"properties":{"z":26.0}},{"type":"Feature","geometry":{"type":"Point","coordinates":[135.701359,34.9908137]},"properties":{"z":26.0}},{"type":"Feature","geometry":{"type":"Point","coordinates":[135.7014139,34.9908117]},"properties":{"z":25.9}},{"type":"Feature","geometry":{"type":"Point","coordinates":[135.7014687,34.9908125]},"properties":{"z":25.9}},{"type":"Feature","geometry":{"type":"Point","coordinates":[135.7015229,34.9908168]},"properties":{"z":25.9}},{"type":"Feature","geometry":{"type":"Point","coordinates":[135.7015741,34.990833]},"properties":{"z":25.9}},{"type":"Feature","geometry":{"type":"Point","coordinates":[135.7016244,34.9908509]},"properties":{"z":25.8}},{"type":"Feature","geometry":{"type":"Point","coordinates":[135.7016743,34.9908697]},"properties":{"z":25.8}},{"type":"Feature","geometry":{"type":"Point","coordinates":[135.7017239,34.9908889]},"properties":{"z":25.8}},{"type":"Feature","geometry":{"type":"Point","coordinates":[135.7017766,34.9909014]},"properties":{"z":25.8}},{"type":"Feature","geometry":{"type":"Point","coordinates":[135.7018303,34.9909105]},"properties":{"z":25.8}},{"type":"Feature","geometry":{"type":"Point","coordinates":[135.7018811,34.9908979]},"properties":{"z":25.7}},{"type":"Feature","geometry":{"type":"Point","coordinates":[135.7019249,34.9908715]},"properties":{"z":25.7}},{"type":"Feature","geometry":{"type":"Point","coordinates":[135.7019622,34.9908389]},"properties":{"z":25.7}},{"type":"Feature","geometry":{"type":"Point","coordinates":[135.7019954,34.990803]},"properties":{"z":25.7}},{"type":"Feature","geometry":{"type":"Point","coordinates":[135.7020272,34.9907664]},"properties":{"z":25.6}},{"type":"Feature","geometry":{"type":"Point","coordinates":[135.7020586,34.9907296]},"properties":{"z":25.6}},{"type":"Feature","geometry":{"type":"Point","coordinates":[135.702094,34.9906954]},"properties":{"z":25.6}},{"type":"Feature","geometry":{"type":"Point","coordinates":[135.7021353,34.9906665]},"properties":{"z":25.5}},{"type":"Feature","geometry":{"type":"Point","coordinates":[135.7021683,34.9906309]},"properties":{"z":25.5}},{"type":"Feature","geometry":{"type":"Point","coordinates":[135.7021963,34.9905923]},"properties":{"z":25.4}},{"type":"Feature","geometry":{"type":"Point","coordinates":[135.7022226,34.9905528]},"properties":{"z":25.4}},{"type":"Feature","geometry":{"type":"Point","coordinates":[135.7022467,34.9905124]},"properties":{"z":25.4}},{"type":"Feature","geometry":{"type":"Point","coordinates":[135.7022751,34.990474]},"properties":{"z":25.2}},{"type":"Feature","geometry":{"type":"Point","coordinates":[135.7023037,34.9904356]},"properties":{"z":25.2}},{"type":"Feature","geometry":{"type":"Point","coordinates":[135.7023324,34.9903973]},"properties":{"z":25.2}},{"type":"Feature","geometry":{"type":"Point","coordinates":[135.7023652,34.9903613]},"properties":{"z":25.2}},{"type":"Feature","geometry":{"type":"Point","coordinates":[135.7023981,34.9903253]},"properties":{"z":25.1}},{"type":"Feature","geometry":{"type":"Point","coordinates":[135.7024297,34.9902886]},"properties":{"z":25.1}},{"type":"Feature","geometry":{"type":"Point","coordinates":[135.7024596,34.9902509]},"properties":{"z":25.1}},{"type":"Feature","geometry":{"type":"Point","coordinates":[135.7024872,34.9902121]},"properties":{"z":25.1}},{"type":"Feature","geometry":{"type":"Point","coordinates":[135.7025119,34.990172]},"properties":{"z":25.0}},{"type":"Feature","geometry":{"type":"Point","coordinates":[135.7025337,34.9901308]},"properties":{"z":25.0}},{"type":"Feature","geometry":{"type":"Point","coordinates":[135.7025612,34.9900921]},"properties":{"z":25.0}},{"type":"Feature","geometry":{"type":"Point","coordinates":[135.7025925,34.9900552]},"properties":{"z":25.1}},{"type":"Feature","geometry":{"type":"Point","coordinates":[135.7026249,34.990019]},"properties":{"z":25.0}},{"type":"Feature","geometry":{"type":"Point","coordinates":[135.7026578,34.989983]},"properties":{"z":25.1}},{"type":"Feature","geometry":{"type":"Point","coordinates":[135.7026907,34.989947]},"properties":{"z":25.1}},{"type":"Feature","geometry":{"type":"Point","coordinates":[135.7027237,34.9899111]},"properties":{"z":25.0}},{"type":"Feature","geometry":{"type":"Point","coordinates":[135.7027507,34.9898721]},"properties":{"z":25.0}},{"type":"Feature","geometry":{"type":"Point","coordinates":[135.7027754,34.989832]},"properties":{"z":25.0}},{"type":"Feature","geometry":{"type":"Point","coordinates":[135.7027996,34.9897916]},"properties":{"z":24.9}},{"type":"Feature","geometry":{"type":"Point","coordinates":[135.7028235,34.9897512]},"properties":{"z":25.0}},{"type":"Feature","geometry":{"type":"Point","coordinates":[135.7028474,34.9897107]},"properties":{"z":25.0}},{"type":"Feature","geometry":{"type":"Point","coordinates":[135.7028713,34.9896702]},"properties":{"z":24.9}},{"type":"Feature","geometry":{"type":"Point","coordinates":[135.7028935,34.9896292]},"properties":{"z":24.9}},{"type":"Feature","geometry":{"type":"Point","coordinates":[135.7029148,34.9895877]},"properties":{"z":24.9}},{"type":"Feature","geometry":{"type":"Point","coordinates":[135.7029375,34.9895468]},"properties":{"z":25.0}},{"type":"Feature","geometry":{"type":"Point","coordinates":[135.7029617,34.9895065]},"properties":{"z":24.9}},{"type":"Feature","geometry":{"type":"Point","coordinates":[135.7029843,34.9894656]},"properties":{"z":25.0}},{"type":"Feature","geometry":{"type":"Point","coordinates":[135.7030044,34.9894238]},"properties":{"z":25.0}},{"type":"Feature","geometry":{"type":"Point","coordinates":[135.7030261,34.9893825]},"properties":{"z":25.0}},{"type":"Feature","geometry":{"type":"Point","coordinates":[135.7030501,34.9893421]},"properties":{"z":25.0}},{"type":"Feature","geometry":{"type":"Point","coordinates":[135.703074,34.9893016]},"properties":{"z":25.0}},{"type":"Feature","geometry":{"type":"Point","coordinates":[135.7030978,34.9892611]},"properties":{"z":25.0}},{"type":"Feature","geometry":{"type":"Point","coordinates":[135.7031194,34.9892198]},"properties":{"z":25.0}},{"type":"Feature","geometry":{"type":"Point","coordinates":[135.7031397,34.989178]},"properties":{"z":24.9}},{"type":"Feature","geometry":{"type":"Point","coordinates":[135.7031534,34.9891345]},"properties":{"z":24.9}},{"type":"Feature","geometry":{"type":"Point","coordinates":[135.7031672,34.989091]},"properties":{"z":24.9}},{"type":"Feature","geometry":{"type":"Point","coordinates":[135.703183,34.989048]},"properties":{"z":25.0}},{"type":"Feature","geometry":{"type":"Point","coordinates":[135.7031987,34.9890049]},"properties":{"z":24.9}},{"type":"Feature","geometry":{"type":"Point","coordinates":[135.7032148,34.9889619]},"properties":{"z":24.9}},{"type":"Feature","geometry":{"type":"Point","coordinates":[135.7032308,34.9889189]},"properties":{"z":24.9}},{"type":"Feature","geometry":{"type":"Point","coordinates":[135.7032431,34.9888751]},"properties":{"z":24.9}},{"type":"Feature","geometry":{"type":"Point","coordinates":[135.7032555,34.9888313]},"properties":{"z":24.8}},{"type":"Feature","geometry":{"type":"Point","coordinates":[135.7032676,34.9887875]},"properties":{"z":24.8}},{"type":"Feature","geometry":{"type":"Point","coordinates":[135.7032797,34.9887436]},"properties":{"z":24.8}},{"type":"Feature","geometry":{"type":"Point","coordinates":[135.7032922,34.9886999]},"properties":{"z":24.8}},{"type":"Feature","geometry":{"type":"Point","coordinates":[135.7033048,34.9886561]},"properties":{"z":24.7}},{"type":"Feature","geometry":{"type":"Point","coordinates":[135.7033192,34.9886128]},"properties":{"z":24.7}},{"type":"Feature","geometry":{"type":"Point","coordinates":[135.703337,34.9885703]},"properties":{"z":24.7}},{"type":"Feature","geometry":{"type":"Point","coordinates":[135.7033541,34.9885276]},"properties":{"z":24.7}},{"type":"Feature","geometry":{"type":"Point","coordinates":[135.7033694,34.9884844]},"properties":{"z":24.7}},{"type":"Feature","geometry":{"type":"Point","coordinates":[135.7033844,34.9884412]},"properties":{"z":24.6}},{"type":"Feature","geometry":{"type":"Point","coordinates":[135.7033971,34.9883974]},"properties":{"z":24.6}},{"type":"Feature","geometry":{"type":"Point","coordinates":[135.7034099,34.9883537]},"properties":{"z":24.6}},{"type":"Feature","geometry":{"type":"Point","coordinates":[135.703423,34.9883101]},"properties":{"z":24.6}},{"type":"Feature","geometry":{"type":"Point","coordinates":[135.7034363,34.9882665]},"properties":{"z":24.6}},{"type":"Feature","geometry":{"type":"Point","coordinates":[135.7034506,34.9882231]},"properties":{"z":24.6}},{"type":"Feature","geometry":{"type":"Point","coordinates":[135.7034658,34.9881799]},"properties":{"z":24.6}},{"type":"Feature","geometry":{"type":"Point","coordinates":[135.7034817,34.9881368]},"properties":{"z":24.5}},{"type":"Feature","geometry":{"type":"Point","coordinates":[135.7034991,34.9880942]},"properties":{"z":24.6}},{"type":"Feature","geometry":{"type":"Point","coordinates":[135.7035167,34.9880517]},"properties":{"z":24.6}},{"type":"Feature","geometry":{"type":"Point","coordinates":[135.7035369,34.9880099]},"properties":{"z":24.6}},{"type":"Feature","geometry":{"type":"Point","coordinates":[135.7035571,34.9879681]},"properties":{"z":24.6}},{"type":"Feature","geometry":{"type":"Point","coordinates":[135.7035764,34.987926]},"properties":{"z":24.6}},{"type":"Feature","geometry":{"type":"Point","coordinates":[135.7035956,34.9878839]},"properties":{"z":24.6}},{"type":"Feature","geometry":{"type":"Point","coordinates":[135.7036173,34.9878426]},"properties":{"z":24.6}},{"type":"Feature","geometry":{"type":"Point","coordinates":[135.7036408,34.987802]},"properties":{"z":24.6}},{"type":"Feature","geometry":{"type":"Point","coordinates":[135.7036645,34.9877615]},"properties":{"z":24.6}},{"type":"Feature","geometry":{"type":"Point","coordinates":[135.7036883,34.987721]},"properties":{"z":24.6}},{"type":"Feature","geometry":{"type":"Point","coordinates":[135.7037127,34.9876807]},"properties":{"z":24.6}},{"type":"Feature","geometry":{"type":"Point","coordinates":[135.7037384,34.987641]},"properties":{"z":24.6}},{"type":"Feature","geometry":{"type":"Point","coordinates":[135.7037645,34.9876015]},"properties":{"z":24.6}},{"type":"Feature","geometry":{"type":"Point","coordinates":[135.7037941,34.9875636]},"properties":{"z":24.6}},{"type":"Feature","geometry":{"type":"Point","coordinates":[135.7038228,34.9875254]},"properties":{"z":24.5}},{"type":"Feature","geometry":{"type":"Point","coordinates":[135.7038477,34.9874853]},"properties":{"z":24.5}},{"type":"Feature","geometry":{"type":"Point","coordinates":[135.7038677,34.9874437]},"properties":{"z":24.5}},{"type":"Feature","geometry":{"type":"Point","coordinates":[135.7038762,34.9874001]},"properties":{"z":24.5}},{"type":"Feature","geometry":{"type":"Point","coordinates":[135.703877,34.9873573]},"properties":{"z":24.5}},{"type":"Feature","geometry":{"type":"Point","coordinates":[135.703854,34.9873174]},"properties":{"z":24.5}},{"type":"Feature","geometry":{"type":"Point","coordinates":[135.703823,34.9872804]},"properties":{"z":24.5}},{"type":"Feature","geometry":{"type":"Point","coordinates":[135.7037951,34.9872417]},"properties":{"z":24.6}},{"type":"Feature","geometry":{"type":"Point","coordinates":[135.7037679,34.9872026]},"properties":{"z":24.6}},{"type":"Feature","geometry":{"type":"Point","coordinates":[135.7037585,34.987159]},"properties":{"z":24.6}},{"type":"Feature","geometry":{"type":"Point","coordinates":[135.7037632,34.9871157]},"properties":{"z":24.6}},{"type":"Feature","geometry":{"type":"Point","coordinates":[135.7037868,34.9870751]},"properties":{"z":24.5}},{"type":"Feature","geometry":{"type":"Point","coordinates":[135.7038119,34.9870351]},"properties":{"z":24.5}},{"type":"Feature","geometry":{"type":"Point","coordinates":[135.7038376,34.9869954]},"properties":{"z":24.5}},{"type":"Feature","geometry":{"type":"Point","coordinates":[135.7038627,34.9869554]},"properties":{"z":24.4}},{"type":"Feature","geometry":{"type":"Point","coordinates":[135.7038871,34.9869152]},"properties":{"z":24.4}},{"type":"Feature","geometry":{"type":"Point","coordinates":[135.7038978,34.9868712]},"properties":{"z":24.4}},{"type":"Feature","geometry":{"type":"Point","coordinates":[135.7038959,34.9868265]},"properties":{"z":24.4}},{"type":"Feature","geometry":{"type":"Point","coordinates":[135.7038948,34.9867818]},"properties":{"z":24.4}},{"type":"Feature","geometry":{"type":"Point","coordinates":[135.7038688,34.9867448]},"properties":{"z":24.5}},{"type":"Feature","geometry":{"type":"Point","coordinates":[135.7038677,34.9866999]},"properties":{"z":24.5}},{"type":"Feature","geometry":{"type":"Point","coordinates":[135.7038732,34.9866555]},"properties":{"z":24.5}},{"type":"Feature","geometry":{"type":"Point","coordinates":[135.7038895,34.9866128]},"properties":{"z":24.5}},{"type":"Feature","geometry":{"type":"Point","coordinates":[135.7039025,34.98657]},"properties":{"z":24.5}},{"type":"Feature","geometry":{"type":"Point","coordinates":[135.7038995,34.9865254]},"properties":{"z":24.5}},{"type":"Feature","geometry":{"type":"Point","coordinates":[135.7038835,34.9864824]},"properties":{"z":24.5}},{"type":"Feature","geometry":{"type":"Point","coordinates":[135.7038726,34.9864383]},"properties":{"z":24.6}},{"type":"Feature","geometry":{"type":"Point","coordinates":[135.7038604,34.9863945]},"properties":{"z":24.6}},{"type":"Feature","geometry":{"type":"Point","coordinates":[135.7038462,34.9863511]},"properties":{"z":24.6}},{"type":"Feature","geometry":{"type":"Point","coordinates":[135.7038418,34.9863064]},"properties":{"z":24.7}},{"type":"Feature","geometry":{"type":"Point","coordinates":[135.703834,34.986262]},"properties":{"z":24.7}},{"type":"Feature","geometry":{"type":"Point","coordinates":[135.7038209,34.9862184]},"properties":{"z":24.7}},{"type":"Feature","geometry":{"type":"Point","coordinates":[135.7038128,34.9861739]},"properties":{"z":24.7}},{"type":"Feature","geometry":{"type":"Point","coordinates":[135.7037999,34.9861304]},"properties":{"z":24.7}},{"type":"Feature","geometry":{"type":"Point","coordinates":[135.7037892,34.986087]},"properties":{"z":24.7}},{"type":"Feature","geometry":{"type":"Point","coordinates":[135.7037926,34.9860421]},"properties":{"z":24.7}},{"type":"Feature","geometry":{"type":"Point","coordinates":[135.7038024,34.9859979]},"properties":{"z":24.7}},{"type":"Feature","geometry":{"type":"Point","coordinates":[135.7038028,34.9859544]},"properties":{"z":24.7}},{"type":"Feature","geometry":{"type":"Point","coordinates":[135.7037835,34.9859123]},"properties":{"z":24.7}},{"type":"Feature","geometry":{"type":"Point","coordinates":[135.7037843,34.985868]},"properties":{"z":24.7}},{"type":"Feature","geometry":{"type":"Point","coordinates":[135.7038014,34.9858267]},"properties":{"z":24.7}},{"type":"Feature","geometry":{"type":"Point","coordinates":[135.7038343,34.985791]},"properties":{"z":24.7}},{"type":"Feature","geometry":{"type":"Point","coordinates":[135.7038734,34.9857594]},"properties":{"z":24.7}},{"type":"Feature","geometry":{"type":"Point","coordinates":[135.7039152,34.9857304]},"properties":{"z":24.6}},{"type":"Feature","geometry":{"type":"Point","coordinates":[135.7039602,34.9857048]},"properties":{"z":24.6}},{"type":"Feature","geometry":{"type":"Point","coordinates":[135.7040057,34.9856803]},"properties":{"z":24.6}},{"type":"Feature","geometry":{"type":"Point","coordinates":[135.704037,34.9856433]},"properties":{"z":24.6}},{"type":"Feature","geometry":{"type":"Point","coordinates":[135.7040554,34.9856027]},"properties":{"z":24.6}},{"type":"Feature","geometry":{"type":"Point","coordinates":[135.7040576,34.9855578]},"properties":{"z":24.6}},{"type":"Feature","geometry":{"type":"Point","coordinates":[135.7040538,34.985513]},"properties":{"z":24.6}},{"type":"Feature","geometry":{"type":"Point","coordinates":[135.7040485,34.9854682]},"properties":{"z":24.5}},{"type":"Feature","geometry":{"type":"Point","coordinates":[135.7040486,34.9854235]},"properties":{"z":24.5}},{"type":"Feature","geometry":{"type":"Point","coordinates":[135.704054,34.9853788]},"properties":{"z":24.5}},{"type":"Feature","geometry":{"type":"Point","coordinates":[135.7040705,34.985336]},"properties":{"z":24.5}},{"type":"Feature","geometry":{"type":"Point","coordinates":[135.7040822,34.9852922]},"properties":{"z":24.5}},{"type":"Feature","geometry":{"type":"Point","coordinates":[135.7040927,34.9852482]},"properties":{"z":24.5}},{"type":"Feature","geometry":{"type":"Point","coordinates":[135.7041088,34.9852052]},"properties":{"z":24.5}},{"type":"Feature","geometry":{"type":"Point","coordinates":[135.7041067,34.9851606]},"properties":{"z":24.5}},{"type":"Feature","geometry":{"type":"Point","coordinates":[135.7041029,34.9851157]},"properties":{"z":24.5}},{"type":"Feature","geometry":{"type":"Point","coordinates":[135.7041012,34.9850708]},"properties":{"z":24.5}},{"type":"Feature","geometry":{"type":"Point","coordinates":[135.7040989,34.9850259]},"properties":{"z":24.5}},{"type":"Feature","geometry":{"type":"Point","coordinates":[135.7040955,34.984981]},"properties":{"z":24.5}},{"type":"Feature","geometry":{"type":"Point","coordinates":[135.7040919,34.9849362]},"properties":{"z":24.5}},{"type":"Feature","geometry":{"type":"Point","coordinates":[135.7040882,34.9848913]},"properties":{"z":24.5}},{"type":"Feature","geometry":{"type":"Point","coordinates":[135.7040877,34.9848464]},"properties":{"z":24.6}},{"type":"Feature","geometry":{"type":"Point","coordinates":[135.7040872,34.9848014]},"properties":{"z":24.6}},{"type":"Feature","geometry":{"type":"Point","coordinates":[135.7040884,34.9847568]},"properties":{"z":24.6}},{"type":"Feature","geometry":{"type":"Point","coordinates":[135.7041141,34.9847171]},"properties":{"z":24.6}},{"type":"Feature","geometry":{"type":"Point","coordinates":[135.7041331,34.9846752]},"properties":{"z":24.6}},{"type":"Feature","geometry":{"type":"Point","coordinates":[135.7041434,34.9846311]},"properties":{"z":24.7}},{"type":"Feature","geometry":{"type":"Point","coordinates":[135.70415,34.9845865]},"properties":{"z":24.7}},{"type":"Feature","geometry":{"type":"Point","coordinates":[135.7041504,34.9845416]},"properties":{"z":24.7}},{"type":"Feature","geometry":{"type":"Point","coordinates":[135.7041465,34.9844968]},"properties":{"z":24.8}},{"type":"Feature","geometry":{"type":"Point","coordinates":[135.7041422,34.984452]},"properties":{"z":24.8}},{"type":"Feature","geometry":{"type":"Point","coordinates":[135.7041398,34.9844071]},"properties":{"z":24.8}},{"type":"Feature","geometry":{"type":"Point","coordinates":[135.7041338,34.9843624]},"properties":{"z":24.8}},{"type":"Feature","geometry":{"type":"Point","coordinates":[135.7041255,34.984318]},"properties":{"z":24.8}},{"type":"Feature","geometry":{"type":"Point","coordinates":[135.7041156,34.9842738]},"properties":{"z":24.8}},{"type":"Feature","geometry":{"type":"Point","coordinates":[135.7041037,34.9842302]},"properties":{"z":24.8}},{"type":"Feature","geometry":{"type":"Point","coordinates":[135.7040765,34.9841912]},"properties":{"z":24.8}},{"type":"Feature","geometry":{"type":"Point","coordinates":[135.7040419,34.9841563]},"properties":{"z":24.9}},{"type":"Feature","geometry":{"type":"Point","coordinates":[135.7040128,34.9841183]},"properties":{"z":24.9}},{"type":"Feature","geometry":{"type":"Point","coordinates":[135.7039838,34.9840802]},"properties":{"z":24.9}},{"type":"Feature","geometry":{"type":"Point","coordinates":[135.7039551,34.984042]},"properties":{"z":25.0}},{"type":"Feature","geometry":{"type":"Point","coordinates":[135.7039306,34.9840018]},"properties":{"z":24.9}},{"type":"Feature","geometry":{"type":"Point","coordinates":[135.7039061,34.9839616]},"properties":{"z":24.9}},{"type":"Feature","geometry":{"type":"Point","coordinates":[135.7038769,34.9839235]},"properties":{"z":25.0}},{"type":"Feature","geometry":{"type":"Point","coordinates":[135.7038433,34.9838882]},"properties":{"z":25.0}},{"type":"Feature","geometry":{"type":"Point","coordinates":[135.7038302,34.983851]},"properties":{"z":25.0}},{"type":"Feature","geometry":{"type":"Point","coordinates":[135.7038667,34.9838277]},"properties":{"z":25.0}},{"type":"Feature","geometry":{"type":"Point","coordinates":[135.7038971,34.983811]},"properties":{"z":25.0}},{"type":"Feature","geometry":{"type":"Point","coordinates":[135.7038449,34.9838053]},"properties":{"z":24.9}},{"type":"Feature","geometry":{"type":"Point","coordinates":[135.7037905,34.9837998]},"properties":{"z":25.0}},{"type":"Feature","geometry":{"type":"Point","coordinates":[135.7037363,34.9837929]},"properties":{"z":25.0}},{"type":"Feature","geometry":{"type":"Point","coordinates":[135.7036823,34.9837849]},"properties":{"z":25.0}},{"type":"Feature","geometry":{"type":"Point","coordinates":[135.7036281,34.983778]},"properties":{"z":25.0}},{"type":"Feature","geometry":{"type":"Point","coordinates":[135.7035737,34.9837725]},"properties":{"z":25.0}},{"type":"Feature","geometry":{"type":"Point","coordinates":[135.7035193,34.9837762]},"properties":{"z":25.0}},{"type":"Feature","geometry":{"type":"Point","coordinates":[135.7034658,34.9837862]},"properties":{"z":25.0}},{"type":"Feature","geometry":{"type":"Point","coordinates":[135.703413,34.9837914]},"properties":{"z":25.0}},{"type":"Feature","geometry":{"type":"Point","coordinates":[135.7033715,34.9837634]},"properties":{"z":25.0}},{"type":"Feature","geometry":{"type":"Point","coordinates":[135.7033689,34.9837215]},"properties":{"z":25.0}},{"type":"Feature","geometry":{"type":"Point","coordinates":[135.7033803,34.9836775]},"properties":{"z":25.0}},{"type":"Feature","geometry":{"type":"Point","coordinates":[135.7033919,34.9836337]},"properties":{"z":25.0}},{"type":"Feature","geometry":{"type":"Point","coordinates":[135.7033967,34.9835889]},"properties":{"z":25.0}},{"type":"Feature","geometry":{"type":"Point","coordinates":[135.7034078,34.9835449]},"properties":{"z":25.0}},{"type":"Feature","geometry":{"type":"Point","coordinates":[135.7034189,34.9835009]},"properties":{"z":25.0}},{"type":"Feature","geometry":{"type":"Point","coordinates":[135.7034285,34.9834566]},"properties":{"z":25.0}},{"type":"Feature","geometry":{"type":"Point","coordinates":[135.7034354,34.983412]},"properties":{"z":25.0}},{"type":"Feature","geometry":{"type":"Point","coordinates":[135.7034526,34.9833694]},"properties":{"z":25.0}},{"type":"Feature","geometry":{"type":"Point","coordinates":[135.7034654,34.9833259]},"properties":{"z":25.0}},{"type":"Feature","geometry":{"type":"Point","coordinates":[135.7034689,34.9832816]},"properties":{"z":24.9}},{"type":"Feature","geometry":{"type":"Point","coordinates":[135.7034488,34.9832402]},"properties":{"z":24.9}},{"type":"Feature","geometry":{"type":"Point","coordinates":[135.7034125,34.9832074]},"properties":{"z":24.9}},{"type":"Feature","geometry":{"type":"Point","coordinates":[135.7033596,34.9831954]},"properties":{"z":24.9}},{"type":"Feature","geometry":{"type":"Point","coordinates":[135.7033049,34.9831942]},"properties":{"z":24.9}},{"type":"Feature","geometry":{"type":"Point","coordinates":[135.7032501,34.9831938]},"properties":{"z":24.9}},{"type":"Feature","geometry":{"type":"Point","coordinates":[135.7031952,34.9831928]},"properties":{"z":24.9}},{"type":"Feature","geometry":{"type":"Point","coordinates":[135.7031404,34.9831906]},"properties":{"z":24.9}},{"type":"Feature","geometry":{"type":"Point","coordinates":[135.7030856,34.983189]},"properties":{"z":24.9}},{"type":"Feature","geometry":{"type":"Point","coordinates":[135.7030313,34.9831838]},"properties":{"z":24.9}},{"type":"Feature","geometry":{"type":"Point","coordinates":[135.702977,34.9831869]},"properties":{"z":24.9}},{"type":"Feature","geometry":{"type":"Point","coordinates":[135.7029226,34.9831849]},"properties":{"z":24.9}},{"type":"Feature","geometry":{"type":"Point","coordinates":[135.702868,34.9831817]},"properties":{"z":24.9}},{"type":"Feature","geometry":{"type":"Point","coordinates":[135.7028131,34.9831807]},"properties":{"z":24.9}},{"type":"Feature","geometry":{"type":"Point","coordinates":[135.7027582,34.9831805]},"properties":{"z":24.9}},{"type":"Feature","geometry":{"type":"Point","coordinates":[135.702705,34.9831699]},"properties":{"z":24.9}},{"type":"Feature","geometry":{"type":"Point","coordinates":[135.7026802,34.9831335]},"properties":{"z":24.9}},{"type":"Feature","geometry":{"type":"Point","coordinates":[135.7026695,34.9830897]},"properties":{"z":24.9}},{"type":"Feature","geometry":{"type":"Point","coordinates":[135.7026642,34.983045]},"properties":{"z":24.9}},{"type":"Feature","geometry":{"type":"Point","coordinates":[135.7026508,34.9830014]},"properties":{"z":24.9}},{"type":"Feature","geometry":{"type":"Point","coordinates":[135.7026413,34.9829573]},"properties":{"z":24.8}},{"type":"Feature","geometry":{"type":"Point","coordinates":[135.7026364,34.9829125]},"properties":{"z":24.8}},{"type":"Feature","geometry":{"type":"Point","coordinates":[135.7026272,34.9828682]},"properties":{"z":24.8}},{"type":"Feature","geometry":{"type":"Point","coordinates":[135.7026159,34.9828242]},"properties":{"z":24.8}},{"type":"Feature","geometry":{"type":"Point","coordinates":[135.7026018,34.9827808]},"properties":{"z":24.8}},{"type":"Feature","geometry":{"type":"Point","coordinates":[135.7025893,34.982737]},"properties":{"z":24.8}},{"type":"Feature","geometry":{"type":"Point","coordinates":[135.7025774,34.9826932]},"properties":{"z":24.8}},{"type":"Feature","geometry":{"type":"Point","coordinates":[135.7025716,34.9826485]},"properties":{"z":24.8}},{"type":"Feature","geometry":{"type":"Point","coordinates":[135.7025668,34.9826037]},"properties":{"z":24.8}},{"type":"Feature","geometry":{"type":"Point","coordinates":[135.7025668,34.9825588]},"properties":{"z":24.8}},{"type":"Feature","geometry":{"type":"Point","coordinates":[135.7025641,34.982514]},"properties":{"z":24.7}},{"type":"Feature","geometry":{"type":"Point","coordinates":[135.7025564,34.9824695]},"properties":{"z":24.7}},{"type":"Feature","geometry":{"type":"Point","coordinates":[135.7025519,34.9824247]},"properties":{"z":24.7}},{"type":"Feature","geometry":{"type":"Point","coordinates":[135.7025505,34.9823798]},"properties":{"z":24.7}},{"type":"Feature","geometry":{"type":"Point","coordinates":[135.7025476,34.9823349]},"properties":{"z":24.7}},{"type":"Feature","geometry":{"type":"Point","coordinates":[135.7025443,34.98229]},"properties":{"z":24.7}},{"type":"Feature","geometry":{"type":"Point","coordinates":[135.702542,34.9822451]},"properties":{"z":24.7}},{"type":"Feature","geometry":{"type":"Point","coordinates":[135.7025399,34.9822002]},"properties":{"z":24.7}},{"type":"Feature","geometry":{"type":"Point","coordinates":[135.702544,34.9821554]},"properties":{"z":24.6}},{"type":"Feature","geometry":{"type":"Point","coordinates":[135.7025487,34.9821106]},"properties":{"z":24.6}},{"type":"Feature","geometry":{"type":"Point","coordinates":[135.7025457,34.9820658]},"properties":{"z":24.6}},{"type":"Feature","geometry":{"type":"Point","coordinates":[135.7025409,34.9820211]},"properties":{"z":24.6}},{"type":"Feature","geometry":{"type":"Point","coordinates":[135.7025432,34.9819762]},"properties":{"z":24.6}},{"type":"Feature","geometry":{"type":"Point","coordinates":[135.7025453,34.9819312]},"properties":{"z":24.6}},{"type":"Feature","geometry":{"type":"Point","coordinates":[135.7025422,34.9818864]},"properties":{"z":24.5}},{"type":"Feature","geometry":{"type":"Point","coordinates":[135.7025388,34.9818415]},"properties":{"z":24.5}},{"type":"Feature","geometry":{"type":"Point","coordinates":[135.7025332,34.9817968]},"properties":{"z":24.5}},{"type":"Feature","geometry":{"type":"Point","coordinates":[135.7025273,34.9817521]},"properties":{"z":24.5}},{"type":"Feature","geometry":{"type":"Point","coordinates":[135.7025188,34.9817077]},"properties":{"z":24.5}},{"type":"Feature","geometry":{"type":"Point","coordinates":[135.7025123,34.9816632]},"properties":{"z":24.5}},{"type":"Feature","geometry":{"type":"Point","coordinates":[135.7025157,34.9816183]},"properties":{"z":24.5}},{"type":"Feature","geometry":{"type":"Point","coordinates":[135.7025185,34.9815735]},"properties":{"z":24.5}},{"type":"Feature","geometry":{"type":"Point","coordinates":[135.702517,34.9815285]},"properties":{"z":24.4}},{"type":"Feature","geometry":{"type":"Point","coordinates":[135.7025158,34.9814836]},"properties":{"z":24.4}},{"type":"Feature","geometry":{"type":"Point","coordinates":[135.7025183,34.9814387]},"properties":{"z":24.4}},{"type":"Feature","geometry":{"type":"Point","coordinates":[135.7025207,34.9813938]},"properties":{"z":24.4}},{"type":"Feature","geometry":{"type":"Point","coordinates":[135.7025177,34.9813489]},"properties":{"z":24.4}},{"type":"Feature","geometry":{"type":"Point","coordinates":[135.7025148,34.981304]},"properties":{"z":24.3}},{"type":"Feature","geometry":{"type":"Point","coordinates":[135.7025132,34.9812591]},"properties":{"z":24.3}},{"type":"Feature","geometry":{"type":"Point","coordinates":[135.7025115,34.9812142]},"properties":{"z":24.3}},{"type":"Feature","geometry":{"type":"Point","coordinates":[135.7025096,34.9811692]},"properties":{"z":24.3}},{"type":"Feature","geometry":{"type":"Point","coordinates":[135.7025071,34.9811243]},"properties":{"z":24.3}},{"type":"Feature","geometry":{"type":"Point","coordinates":[135.7025017,34.9810796]},"properties":{"z":24.3}},{"type":"Feature","geometry":{"type":"Point","coordinates":[135.7024958,34.981035]},"properties":{"z":24.2}},{"type":"Feature","geometry":{"type":"Point","coordinates":[135.7024833,34.9809912]},"properties":{"z":24.2}},{"type":"Feature","geometry":{"type":"Point","coordinates":[135.7024708,34.9809474]},"properties":{"z":24.2}},{"type":"Feature","geometry":{"type":"Point","coordinates":[135.702461,34.9809032]},"properties":{"z":24.2}},{"type":"Feature","geometry":{"type":"Point","coordinates":[135.7024512,34.9808589]},"properties":{"z":24.2}},{"type":"Feature","geometry":{"type":"Point","coordinates":[135.7024527,34.9808142]},"properties":{"z":24.2}},{"type":"Feature","geometry":{"type":"Point","coordinates":[135.702456,34.9807693]},"properties":{"z":24.1}},{"type":"Feature","geometry":{"type":"Point","coordinates":[135.702449,34.9807248]},"properties":{"z":24.1}},{"type":"Feature","geometry":{"type":"Point","coordinates":[135.7024403,34.9806805]},"properties":{"z":24.1}},{"type":"Feature","geometry":{"type":"Point","coordinates":[135.7024362,34.9806357]},"properties":{"z":24.2}},{"type":"Feature","geometry":{"type":"Point","coordinates":[135.7024335,34.9805908]},"properties":{"z":24.2}},{"type":"Feature","geometry":{"type":"Point","coordinates":[135.7024236,34.9805467]},"properties":{"z":24.1}},{"type":"Feature","geometry":{"type":"Point","coordinates":[135.7024108,34.980503]},"properties":{"z":24.1}},{"type":"Feature","geometry":{"type":"Point","coordinates":[135.7024045,34.9804586]},"properties":{"z":24.1}},{"type":"Feature","geometry":{"type":"Point","coordinates":[135.7024027,34.9804137]},"properties":{"z":24.1}},{"type":"Feature","geometry":{"type":"Point","coordinates":[135.702405,34.9803688]},"properties":{"z":24.1}},{"type":"Feature","geometry":{"type":"Point","coordinates":[135.7024074,34.9803239]},"properties":{"z":24.1}},{"type":"Feature","geometry":{"type":"Point","coordinates":[135.7024032,34.9802791]},"properties":{"z":24.1}},{"type":"Feature","geometry":{"type":"Point","coordinates":[135.7023991,34.9802343]},"properties":{"z":24.1}},{"type":"Feature","geometry":{"type":"Point","coordinates":[135.702395,34.9801894]},"properties":{"z":24.0}},{"type":"Feature","geometry":{"type":"Point","coordinates":[135.702396,34.9801446]},"properties":{"z":24.0}},{"type":"Feature","geometry":{"type":"Point","coordinates":[135.7024008,34.9800999]},"properties":{"z":24.0}},{"type":"Feature","geometry":{"type":"Point","coordinates":[135.7024148,34.9800564]},"properties":{"z":24.0}},{"type":"Feature","geometry":{"type":"Point","coordinates":[135.7024282,34.9800129]},"properties":{"z":24.0}},{"type":"Feature","geometry":{"type":"Point","coordinates":[135.7024353,34.9799683]},"properties":{"z":24.0}},{"type":"Feature","geometry":{"type":"Point","coordinates":[135.7024394,34.9799236]},"properties":{"z":23.9}},{"type":"Feature","geometry":{"type":"Point","coordinates":[135.7024393,34.9798787]},"properties":{"z":23.9}},{"type":"Feature","geometry":{"type":"Point","coordinates":[135.7024401,34.9798337]},"properties":{"z":23.9}},{"type":"Feature","geometry":{"type":"Point","coordinates":[135.7024425,34.9797889]},"properties":{"z":23.9}},{"type":"Feature","geometry":{"type":"Point","coordinates":[135.7024554,34.9797452]},"properties":{"z":23.9}},{"type":"Feature","geometry":{"type":"Point","coordinates":[135.7024674,34.9797014]},"properties":{"z":23.9}},{"type":"Feature","geometry":{"type":"Point","coordinates":[135.7024784,34.9796573]},"properties":{"z":23.9}},{"type":"Feature","geometry":{"type":"Point","coordinates":[135.7024795,34.9796124]},"properties":{"z":23.9}},{"type":"Feature","geometry":{"type":"Point","coordinates":[135.7024806,34.9795675]},"properties":{"z":23.9}},{"type":"Feature","geometry":{"type":"Point","coordinates":[135.7024904,34.9795233]},"properties":{"z":23.9}},{"type":"Feature","geometry":{"type":"Point","coordinates":[135.7025002,34.979479]},"properties":{"z":23.8}},{"type":"Feature","geometry":{"type":"Point","coordinates":[135.702514,34.9794355]},"properties":{"z":23.8}},{"type":"Feature","geometry":{"type":"Point","coordinates":[135.7025282,34.9793921]},"properties":{"z":23.8}},{"type":"Feature","geometry":{"type":"Point","coordinates":[135.7025347,34.9793476]},"properties":{"z":23.8}},{"type":"Feature","geometry":{"type":"Point","coordinates":[135.7025401,34.9793028]},"properties":{"z":23.7}},{"type":"Feature","geometry":{"type":"Point","coordinates":[135.7025421,34.9792579]},"properties":{"z":23.7}},{"type":"Feature","geometry":{"type":"Point","coordinates":[135.7025434,34.979213]},"properties":{"z":23.7}},{"type":"Feature","geometry":{"type":"Point","coordinates":[135.7025437,34.979168]},"properties":{"z":23.7}},{"type":"Feature","geometry":{"type":"Point","coordinates":[135.7025436,34.9791231]},"properties":{"z":23.7}},{"type":"Feature","geometry":{"type":"Point","coordinates":[135.7025459,34.9790782]},"properties":{"z":23.7}},{"type":"Feature","geometry":{"type":"Point","coordinates":[135.7025497,34.9790333]},"properties":{"z":23.7}},{"type":"Feature","geometry":{"type":"Point","coordinates":[135.7025507,34.9789885]},"properties":{"z":23.7}},{"type":"Feature","geometry":{"type":"Point","coordinates":[135.7025479,34.9789436]},"properties":{"z":23.7}},{"type":"Feature","geometry":{"type":"Point","coordinates":[135.702544,34.9788988]},"properties":{"z":23.7}},{"type":"Feature","geometry":{"type":"Point","coordinates":[135.7025377,34.9788541]},"properties":{"z":23.7}},{"type":"Feature","geometry":{"type":"Point","coordinates":[135.7025321,34.9788094]},"properties":{"z":23.6}},{"type":"Feature","geometry":{"type":"Point","coordinates":[135.7025288,34.9787645]},"properties":{"z":23.6}},{"type":"Feature","geometry":{"type":"Point","coordinates":[135.7025257,34.9787197]},"properties":{"z":23.6}},{"type":"Feature","geometry":{"type":"Point","coordinates":[135.7025241,34.9786747]},"properties":{"z":23.6}},{"type":"Feature","geometry":{"type":"Point","coordinates":[135.7025225,34.9786298]},"properties":{"z":23.6}},{"type":"Feature","geometry":{"type":"Point","coordinates":[135.702521,34.9785849]},"properties":{"z":23.6}},{"type":"Feature","geometry":{"type":"Point","coordinates":[135.7025196,34.9785399]},"properties":{"z":23.6}},{"type":"Feature","geometry":{"type":"Point","coordinates":[135.7025187,34.978495]},"properties":{"z":23.6}},{"type":"Feature","geometry":{"type":"Point","coordinates":[135.7025177,34.97845]},"properties":{"z":23.6}},{"type":"Feature","geometry":{"type":"Point","coordinates":[135.702514,34.9784052]},"properties":{"z":23.6}},{"type":"Feature","geometry":{"type":"Point","coordinates":[135.7025104,34.9783603]},"properties":{"z":23.6}},{"type":"Feature","geometry":{"type":"Point","coordinates":[135.7025071,34.9783155]},"properties":{"z":23.5}},{"type":"Feature","geometry":{"type":"Point","coordinates":[135.7025039,34.9782706]},"properties":{"z":23.5}},{"type":"Feature","geometry":{"type":"Point","coordinates":[135.7024995,34.9782258]},"properties":{"z":23.5}},{"type":"Feature","geometry":{"type":"Point","coordinates":[135.702495,34.978181]},"properties":{"z":23.5}},{"type":"Feature","geometry":{"type":"Point","coordinates":[135.702487,34.9781365]},"properties":{"z":23.5}},{"type":"Feature","geometry":{"type":"Point","coordinates":[135.7024782,34.9780922]},"properties":{"z":23.5}},{"type":"Feature","geometry":{"type":"Point","coordinates":[135.7024699,34.9780477]},"properties":{"z":23.5}},{"type":"Feature","geometry":{"type":"Point","coordinates":[135.7024618,34.9780033]},"properties":{"z":23.5}},{"type":"Feature","geometry":{"type":"Point","coordinates":[135.7024604,34.9779585]},"properties":{"z":23.5}},{"type":"Feature","geometry":{"type":"Point","coordinates":[135.7024634,34.9779137]},"properties":{"z":23.5}},{"type":"Feature","geometry":{"type":"Point","coordinates":[135.7024672,34.9778688]},"properties":{"z":23.5}},{"type":"Feature","geometry":{"type":"Point","coordinates":[135.7024729,34.9778241]},"properties":{"z":23.5}},{"type":"Feature","geometry":{"type":"Point","coordinates":[135.7024786,34.9777794]},"properties":{"z":23.5}},{"type":"Feature","geometry":{"type":"Point","coordinates":[135.7024815,34.9777345]},"properties":{"z":23.5}},{"type":"Feature","geometry":{"type":"Point","coordinates":[135.7024841,34.9776896]},"properties":{"z":23.5}},{"type":"Feature","geometry":{"type":"Point","coordinates":[135.702486,34.9776447]},"properties":{"z":23.5}},{"type":"Feature","geometry":{"type":"Point","coordinates":[135.702487,34.9775998]},"properties":{"z":23.4}},{"type":"Feature","geometry":{"type":"Point","coordinates":[135.7024881,34.9775548]},"properties":{"z":23.4}},{"type":"Feature","geometry":{"type":"Point","coordinates":[135.7024897,34.9775099]},"properties":{"z":23.4}},{"type":"Feature","geometry":{"type":"Point","coordinates":[135.7024917,34.977465]},"properties":{"z":23.4}},{"type":"Feature","geometry":{"type":"Point","coordinates":[135.7025072,34.9774219]},"properties":{"z":23.4}},{"type":"Feature","geometry":{"type":"Point","coordinates":[135.7025226,34.9773788]},"properties":{"z":23.4}},{"type":"Feature","geometry":{"type":"Point","coordinates":[135.7025456,34.977338]},"properties":{"z":23.4}},{"type":"Feature","geometry":{"type":"Point","coordinates":[135.70257,34.9772978]},"properties":{"z":23.4}},{"type":"Feature","geometry":{"type":"Point","coordinates":[135.7025997,34.9772601]},"properties":{"z":23.4}},{"type":"Feature","geometry":{"type":"Point","coordinates":[135.7026312,34.9772233]},"properties":{"z":23.3}},{"type":"Feature","geometry":{"type":"Point","coordinates":[135.7026626,34.9771865]},"properties":{"z":23.3}},{"type":"Feature","geometry":{"type":"Point","coordinates":[135.7026938,34.9771495]},"properties":{"z":23.3}},{"type":"Feature","geometry":{"type":"Point","coordinates":[135.7027256,34.9771128]},"properties":{"z":23.3}},{"type":"Feature","geometry":{"type":"Point","coordinates":[135.7027581,34.9770766]},"properties":{"z":23.3}},{"type":"Feature","geometry":{"type":"Point","coordinates":[135.7027897,34.9770399]},"properties":{"z":23.2}},{"type":"Feature","geometry":{"type":"Point","coordinates":[135.702819,34.9770019]},"properties":{"z":23.2}},{"type":"Feature","geometry":{"type":"Point","coordinates":[135.7028483,34.9769639]},"properties":{"z":23.2}},{"type":"Feature","geometry":{"type":"Point","coordinates":[135.7028775,34.9769259]},"properties":{"z":23.2}},{"type":"Feature","geometry":{"type":"Point","coordinates":[135.7029056,34.9768873]},"properties":{"z":23.2}},{"type":"Feature","geometry":{"type":"Point","coordinates":[135.7029313,34.9768476]},"properties":{"z":23.2}},{"type":"Feature","geometry":{"type":"Point","coordinates":[135.7029554,34.9768072]},"properties":{"z":23.2}},{"type":"Feature","geometry":{"type":"Point","coordinates":[135.7029751,34.9767653]},"properties":{"z":23.2}},{"type":"Feature","geometry":{"type":"Point","coordinates":[135.7029921,34.9767227]},"properties":{"z":23.2}},{"type":"Feature","geometry":{"type":"Point","coordinates":[135.7030028,34.9766786]},"properties":{"z":23.1}},{"type":"Feature","geometry":{"type":"Point","coordinates":[135.7030088,34.976634]},"properties":{"z":23.1}},{"type":"Feature","geometry":{"type":"Point","coordinates":[135.7030098,34.9765892]},"properties":{"z":23.1}},{"type":"Feature","geometry":{"type":"Point","coordinates":[135.7030069,34.9765443]},"properties":{"z":23.1}},{"type":"Feature","geometry":{"type":"Point","coordinates":[135.7030062,34.9764993]},"properties":{"z":23.1}},{"type":"Feature","geometry":{"type":"Point","coordinates":[135.7030045,34.9764544]},"properties":{"z":23.1}},{"type":"Feature","geometry":{"type":"Point","coordinates":[135.7030028,34.9764095]},"properties":{"z":23.1}},{"type":"Feature","geometry":{"type":"Point","coordinates":[135.7030019,34.9763645]},"properties":{"z":23.1}},{"type":"Feature","geometry":{"type":"Point","coordinates":[135.7030009,34.9763196]},"properties":{"z":23.0}},{"type":"Feature","geometry":{"type":"Point","coordinates":[135.7029997,34.9762746]},"properties":{"z":23.0}},{"type":"Feature","geometry":{"type":"Point","coordinates":[135.702998,34.9762297]},"properties":{"z":23.0}},{"type":"Feature","geometry":{"type":"Point","coordinates":[135.7029962,34.9761848]},"properties":{"z":23.0}},{"type":"Feature","geometry":{"type":"Point","coordinates":[135.7029947,34.9761399]},"properties":{"z":23.0}},{"type":"Feature","geometry":{"type":"Point","coordinates":[135.7029934,34.9760949]},"properties":{"z":23.0}},{"type":"Feature","geometry":{"type":"Point","coordinates":[135.7029902,34.97605]},"properties":{"z":23.0}},{"type":"Feature","geometry":{"type":"Point","coordinates":[135.7029864,34.9760052]},"properties":{"z":23.0}},{"type":"Feature","geometry":{"type":"Point","coordinates":[135.7029814,34.9759604]},"properties":{"z":23.0}},{"type":"Feature","geometry":{"type":"Point","coordinates":[135.7029759,34.9759157]},"properties":{"z":22.9}},{"type":"Feature","geometry":{"type":"Point","coordinates":[135.7029705,34.975871]},"properties":{"z":22.9}},{"type":"Feature","geometry":{"type":"Point","coordinates":[135.7029651,34.9758263]},"properties":{"z":22.9}},{"type":"Feature","geometry":{"type":"Point","coordinates":[135.7029598,34.9757815]},"properties":{"z":22.9}},{"type":"Feature","geometry":{"type":"Point","coordinates":[135.7029545,34.9757368]},"properties":{"z":22.9}},{"type":"Feature","geometry":{"type":"Point","coordinates":[135.7029475,34.9756922]},"properties":{"z":22.9}},{"type":"Feature","geometry":{"type":"Point","coordinates":[135.7029395,34.9756477]},"properties":{"z":22.9}},{"type":"Feature","geometry":{"type":"Point","coordinates":[135.7029319,34.9756032]},"properties":{"z":22.9}},{"type":"Feature","geometry":{"type":"Point","coordinates":[135.7029247,34.9755586]},"properties":{"z":22.9}},{"type":"Feature","geometry":{"type":"Point","coordinates":[135.7029178,34.9755141]},"properties":{"z":22.9}},{"type":"Feature","geometry":{"type":"Point","coordinates":[135.7029111,34.9754694]},"properties":{"z":22.8}},{"type":"Feature","geometry":{"type":"Point","coordinates":[135.7029065,34.9754247]},"properties":{"z":22.8}},{"type":"Feature","geometry":{"type":"Point","coordinates":[135.7029063,34.9753798]},"properties":{"z":22.8}},{"type":"Feature","geometry":{"type":"Point","coordinates":[135.7029058,34.9753348]},"properties":{"z":22.8}},{"type":"Feature","geometry":{"type":"Point","coordinates":[135.7029041,34.9752899]},"properties":{"z":22.8}},{"type":"Feature","geometry":{"type":"Point","coordinates":[135.7029025,34.9752449]},"properties":{"z":22.8}},{"type":"Feature","geometry":{"type":"Point","coordinates":[135.702902,34.9752]},"properties":{"z":22.8}},{"type":"Feature","geometry":{"type":"Point","coordinates":[135.7029015,34.975155]},"properties":{"z":22.8}},{"type":"Feature","geometry":{"type":"Point","coordinates":[135.7029008,34.9751101]},"properties":{"z":22.8}},{"type":"Feature","geometry":{"type":"Point","coordinates":[135.7029,34.9750651]},"properties":{"z":22.7}},{"type":"Feature","geometry":{"type":"Point","coordinates":[135.7028994,34.9750202]},"properties":{"z":22.7}},{"type":"Feature","geometry":{"type":"Point","coordinates":[135.7028988,34.9749752]},"properties":{"z":22.7}},{"type":"Feature","geometry":{"type":"Point","coordinates":[135.7028983,34.9749303]},"properties":{"z":22.7}},{"type":"Feature","geometry":{"type":"Point","coordinates":[135.7028978,34.9748853]},"properties":{"z":22.7}},{"type":"Feature","geometry":{"type":"Point","coordinates":[135.7028974,34.9748404]},"properties":{"z":22.7}},{"type":"Feature","geometry":{"type":"Point","coordinates":[135.702897,34.9747954]},"properties":{"z":22.7}},{"type":"Feature","geometry":{"type":"Point","coordinates":[135.702897,34.9747505]},"properties":{"z":22.7}},{"type":"Feature","geometry":{"type":"Point","coordinates":[135.7028975,34.9747055]},"properties":{"z":22.6}},{"type":"Feature","geometry":{"type":"Point","coordinates":[135.7028977,34.9746606]},"properties":{"z":22.6}},{"type":"Feature","geometry":{"type":"Point","coordinates":[135.702897,34.9746156]},"properties":{"z":22.6}},{"type":"Feature","geometry":{"type":"Point","coordinates":[135.7028964,34.9745707]},"properties":{"z":22.6}},{"type":"Feature","geometry":{"type":"Point","coordinates":[135.7028976,34.9745258]},"properties":{"z":22.6}},{"type":"Feature","geometry":{"type":"Point","coordinates":[135.7028988,34.9744808]},"properties":{"z":22.6}},{"type":"Feature","geometry":{"type":"Point","coordinates":[135.7028992,34.9744359]},"properties":{"z":22.6}},{"type":"Feature","geometry":{"type":"Point","coordinates":[135.7028995,34.9743909]},"properties":{"z":22.6}},{"type":"Feature","geometry":{"type":"Point","coordinates":[135.7028998,34.974346]},"properties":{"z":22.6}},{"type":"Feature","geometry":{"type":"Point","coordinates":[135.7029002,34.974301]},"properties":{"z":22.5}},{"type":"Feature","geometry":{"type":"Point","coordinates":[135.702899,34.9742561]},"properties":{"z":22.5}},{"type":"Feature","geometry":{"type":"Point","coordinates":[135.7028975,34.9742111]},"properties":{"z":22.5}},{"type":"Feature","geometry":{"type":"Point","coordinates":[135.7028978,34.9741662]},"properties":{"z":22.5}},{"type":"Feature","geometry":{"type":"Point","coordinates":[135.7028983,34.9741212]},"properties":{"z":22.5}},{"type":"Feature","geometry":{"type":"Point","coordinates":[135.7028982,34.9740763]},"properties":{"z":22.5}},{"type":"Feature","geometry":{"type":"Point","coordinates":[135.7028976,34.9740314]},"properties":{"z":22.5}},{"type":"Feature","geometry":{"type":"Point","coordinates":[135.7028951,34.9739864]},"properties":{"z":22.5}},{"type":"Feature","geometry":{"type":"Point","coordinates":[135.7028943,34.9739415]},"properties":{"z":22.5}},{"type":"Feature","geometry":{"type":"Point","coordinates":[135.7028955,34.9738966]},"properties":{"z":22.5}},{"type":"Feature","geometry":{"type":"Point","coordinates":[135.7028958,34.9738516]},"properties":{"z":22.5}},{"type":"Feature","geometry":{"type":"Point","coordinates":[135.7028958,34.9738067]},"properties":{"z":22.5}},{"type":"Feature","geometry":{"type":"Point","coordinates":[135.7028955,34.9737617]},"properties":{"z":22.5}},{"type":"Feature","geometry":{"type":"Point","coordinates":[135.702897,34.9737168]},"properties":{"z":22.4}},{"type":"Feature","geometry":{"type":"Point","coordinates":[135.7029002,34.9736719]},"properties":{"z":22.4}},{"type":"Feature","geometry":{"type":"Point","coordinates":[135.7029,34.973627]},"properties":{"z":22.4}},{"type":"Feature","geometry":{"type":"Point","coordinates":[135.7029001,34.9735821]},"properties":{"z":22.4}},{"type":"Feature","geometry":{"type":"Point","coordinates":[135.7029011,34.9735371]},"properties":{"z":22.4}},{"type":"Feature","geometry":{"type":"Point","coordinates":[135.7029091,34.9734927]},"properties":{"z":22.4}},{"type":"Feature","geometry":{"type":"Point","coordinates":[135.7029143,34.973448]},"properties":{"z":22.4}},{"type":"Feature","geometry":{"type":"Point","coordinates":[135.7029166,34.9734031]},"properties":{"z":22.4}},{"type":"Feature","geometry":{"type":"Point","coordinates":[135.7029279,34.9733591]},"properties":{"z":22.4}},{"type":"Feature","geometry":{"type":"Point","coordinates":[135.7029602,34.9733265]},"properties":{"z":22.3}},{"type":"Feature","geometry":{"type":"Point","coordinates":[135.7030043,34.9733002]},"properties":{"z":22.3}},{"type":"Feature","geometry":{"type":"Point","coordinates":[135.7030536,34.9732804]},"properties":{"z":22.3}},{"type":"Feature","geometry":{"type":"Point","coordinates":[135.7030655,34.9732379]},"properties":{"z":22.3}},{"type":"Feature","geometry":{"type":"Point","coordinates":[135.7030677,34.9731931]},"properties":{"z":22.3}},{"type":"Feature","geometry":{"type":"Point","coordinates":[135.7030641,34.9731483]},"properties":{"z":22.3}},{"type":"Feature","geometry":{"type":"Point","coordinates":[135.7030545,34.9731041]},"properties":{"z":22.3}},{"type":"Feature","geometry":{"type":"Point","coordinates":[135.7030513,34.9730598]},"properties":{"z":22.3}},{"type":"Feature","geometry":{"type":"Point","coordinates":[135.7030576,34.9730152]},"properties":{"z":22.3}},{"type":"Feature","geometry":{"type":"Point","coordinates":[135.7030615,34.9729703]},"properties":{"z":22.2}},{"type":"Feature","geometry":{"type":"Point","coordinates":[135.7030655,34.9729255]},"properties":{"z":22.2}},{"type":"Feature","geometry":{"type":"Point","coordinates":[135.7030691,34.9728807]},"properties":{"z":22.2}},{"type":"Feature","geometry":{"type":"Point","coordinates":[135.7030719,34.9728358]},"properties":{"z":22.2}},{"type":"Feature","geometry":{"type":"Point","coordinates":[135.7030729,34.9727908]},"properties":{"z":22.2}},{"type":"Feature","geometry":{"type":"Point","coordinates":[135.7030729,34.9727459]},"properties":{"z":22.2}},{"type":"Feature","geometry":{"type":"Point","coordinates":[135.7030726,34.9727009]},"properties":{"z":22.2}},{"type":"Feature","geometry":{"type":"Point","coordinates":[135.7030722,34.972656]},"properties":{"z":22.2}},{"type":"Feature","geometry":{"type":"Point","coordinates":[135.7030717,34.972611]},"properties":{"z":22.2}},{"type":"Feature","geometry":{"type":"Point","coordinates":[135.7030698,34.9725661]},"properties":{"z":22.2}},{"type":"Feature","geometry":{"type":"Point","coordinates":[135.7030665,34.9725212]},"properties":{"z":22.1}},{"type":"Feature","geometry":{"type":"Point","coordinates":[135.7030611,34.9724765]},"properties":{"z":22.1}},{"type":"Feature","geometry":{"type":"Point","coordinates":[135.7030541,34.9724319]},"properties":{"z":22.1}},{"type":"Feature","geometry":{"type":"Point","coordinates":[135.7030508,34.9723871]},"properties":{"z":22.1}},{"type":"Feature","geometry":{"type":"Point","coordinates":[135.7030496,34.9723422]},"properties":{"z":22.1}},{"type":"Feature","geometry":{"type":"Point","coordinates":[135.7030479,34.9722973]},"properties":{"z":22.1}},{"type":"Feature","geometry":{"type":"Point","coordinates":[135.7030459,34.9722523]},"properties":{"z":22.1}},{"type":"Feature","geometry":{"type":"Point","coordinates":[135.7030444,34.9722074]},"properties":{"z":22.1}},{"type":"Feature","geometry":{"type":"Point","coordinates":[135.7030434,34.9721625]},"properties":{"z":22.1}},{"type":"Feature","geometry":{"type":"Point","coordinates":[135.703043,34.9721175]},"properties":{"z":22.0}},{"type":"Feature","geometry":{"type":"Point","coordinates":[135.7030436,34.9720726]},"properties":{"z":22.0}},{"type":"Feature","geometry":{"type":"Point","coordinates":[135.7030449,34.9720276]},"properties":{"z":22.0}},{"type":"Feature","geometry":{"type":"Point","coordinates":[135.7030478,34.9719827]},"properties":{"z":22.0}},{"type":"Feature","geometry":{"type":"Point","coordinates":[135.7030502,34.9719378]},"properties":{"z":22.0}},{"type":"Feature","geometry":{"type":"Point","coordinates":[135.7030502,34.9718929]},"properties":{"z":22.0}},{"type":"Feature","geometry":{"type":"Point","coordinates":[135.7030501,34.9718479]},"properties":{"z":22.0}},{"type":"Feature","geometry":{"type":"Point","coordinates":[135.7030478,34.971803]},"properties":{"z":22.0}},{"type":"Feature","geometry":{"type":"Point","coordinates":[135.7030454,34.9717581]},"properties":{"z":21.9}},{"type":"Feature","geometry":{"type":"Point","coordinates":[135.7030431,34.9717132]},"properties":{"z":21.9}},{"type":"Feature","geometry":{"type":"Point","coordinates":[135.7030408,34.9716683]},"properties":{"z":21.9}},{"type":"Feature","geometry":{"type":"Point","coordinates":[135.7030376,34.9716234]},"properties":{"z":21.9}},{"type":"Feature","geometry":{"type":"Point","coordinates":[135.7030334,34.9715786]},"properties":{"z":21.9}},{"type":"Feature","geometry":{"type":"Point","coordinates":[135.7030297,34.9715338]},"properties":{"z":21.9}},{"type":"Feature","geometry":{"type":"Point","coordinates":[135.7030273,34.9714889]},"properties":{"z":21.9}},{"type":"Feature","geometry":{"type":"Point","coordinates":[135.7030249,34.9714439]},"properties":{"z":21.9}},{"type":"Feature","geometry":{"type":"Point","coordinates":[135.703024,34.971399]},"properties":{"z":21.9}},{"type":"Feature","geometry":{"type":"Point","coordinates":[135.703023,34.9713541]},"properties":{"z":21.9}},{"type":"Feature","geometry":{"type":"Point","coordinates":[135.7030219,34.9713091]},"properties":{"z":21.9}},{"type":"Feature","geometry":{"type":"Point","coordinates":[135.7030206,34.9712642]},"properties":{"z":21.8}},{"type":"Feature","geometry":{"type":"Point","coordinates":[135.7030186,34.9712193]},"properties":{"z":21.8}},{"type":"Feature","geometry":{"type":"Point","coordinates":[135.7030162,34.9711743]},"properties":{"z":21.8}},{"type":"Feature","geometry":{"type":"Point","coordinates":[135.7030147,34.9711294]},"properties":{"z":21.8}},{"type":"Feature","geometry":{"type":"Point","coordinates":[135.7030146,34.9710845]},"properties":{"z":21.8}},{"type":"Feature","geometry":{"type":"Point","coordinates":[135.7030131,34.9710396]},"properties":{"z":21.8}},{"type":"Feature","geometry":{"type":"Point","coordinates":[135.7030095,34.9709947]},"properties":{"z":21.8}},{"type":"Feature","geometry":{"type":"Point","coordinates":[135.7030057,34.9709498]},"properties":{"z":21.8}},{"type":"Feature","geometry":{"type":"Point","coordinates":[135.7030018,34.970905]},"properties":{"z":21.8}},{"type":"Feature","geometry":{"type":"Point","coordinates":[135.702999,34.9708601]},"properties":{"z":21.8}},{"type":"Feature","geometry":{"type":"Point","coordinates":[135.7029979,34.9708152]},"properties":{"z":21.8}},{"type":"Feature","geometry":{"type":"Point","coordinates":[135.7029965,34.9707703]},"properties":{"z":21.7}},{"type":"Feature","geometry":{"type":"Point","coordinates":[135.7029943,34.9707253]},"properties":{"z":21.7}},{"type":"Feature","geometry":{"type":"Point","coordinates":[135.702992,34.9706804]},"properties":{"z":21.7}},{"type":"Feature","geometry":{"type":"Point","coordinates":[135.7029896,34.9706355]},"properties":{"z":21.7}},{"type":"Feature","geometry":{"type":"Point","coordinates":[135.7029872,34.9705906]},"properties":{"z":21.7}},{"type":"Feature","geometry":{"type":"Point","coordinates":[135.7029878,34.9705457]},"properties":{"z":21.7}},{"type":"Feature","geometry":{"type":"Point","coordinates":[135.7029887,34.9705007]},"properties":{"z":21.7}},{"type":"Feature","geometry":{"type":"Point","coordinates":[135.7029868,34.9704558]},"properties":{"z":21.7}},{"type":"Feature","geometry":{"type":"Point","coordinates":[135.7029837,34.9704109]},"properties":{"z":21.6}},{"type":"Feature","geometry":{"type":"Point","coordinates":[135.7029813,34.970366]},"properties":{"z":21.6}},{"type":"Feature","geometry":{"type":"Point","coordinates":[135.7029793,34.9703211]},"properties":{"z":21.6}},{"type":"Feature","geometry":{"type":"Point","coordinates":[135.7029769,34.9702762]},"properties":{"z":21.6}},{"type":"Feature","geometry":{"type":"Point","coordinates":[135.702974,34.9702313]},"properties":{"z":21.6}},{"type":"Feature","geometry":{"type":"Point","coordinates":[135.7029715,34.9701864]},"properties":{"z":21.6}},{"type":"Feature","geometry":{"type":"Point","coordinates":[135.7029695,34.9701415]},"properties":{"z":21.6}},{"type":"Feature","geometry":{"type":"Point","coordinates":[135.7029672,34.9700966]},"properties":{"z":21.6}},{"type":"Feature","geometry":{"type":"Point","coordinates":[135.7029647,34.9700517]},"properties":{"z":21.6}},{"type":"Feature","geometry":{"type":"Point","coordinates":[135.7029652,34.9700068]},"properties":{"z":21.6}},{"type":"Feature","geometry":{"type":"Point","coordinates":[135.7029665,34.9699618]},"properties":{"z":21.6}},{"type":"Feature","geometry":{"type":"Point","coordinates":[135.7029677,34.9699169]},"properties":{"z":21.6}},{"type":"Feature","geometry":{"type":"Point","coordinates":[135.7029689,34.9698719]},"properties":{"z":21.6}},{"type":"Feature","geometry":{"type":"Point","coordinates":[135.7029696,34.969827]},"properties":{"z":21.6}},{"type":"Feature","geometry":{"type":"Point","coordinates":[135.7029703,34.969782]},"properties":{"z":21.6}},{"type":"Feature","geometry":{"type":"Point","coordinates":[135.7029708,34.9697371]},"properties":{"z":21.6}},{"type":"Feature","geometry":{"type":"Point","coordinates":[135.7029706,34.9696921]},"properties":{"z":21.6}},{"type":"Feature","geometry":{"type":"Point","coordinates":[135.7029689,34.9696472]},"properties":{"z":21.5}},{"type":"Feature","geometry":{"type":"Point","coordinates":[135.7029681,34.9696023]},"properties":{"z":21.5}},{"type":"Feature","geometry":{"type":"Point","coordinates":[135.7029686,34.9695573]},"properties":{"z":21.5}},{"type":"Feature","geometry":{"type":"Point","coordinates":[135.7029689,34.9695124]},"properties":{"z":21.5}},{"type":"Feature","geometry":{"type":"Point","coordinates":[135.7029691,34.9694674]},"properties":{"z":21.5}},{"type":"Feature","geometry":{"type":"Point","coordinates":[135.70297,34.9694225]},"properties":{"z":21.5}},{"type":"Feature","geometry":{"type":"Point","coordinates":[135.7029715,34.9693775]},"properties":{"z":21.5}},{"type":"Feature","geometry":{"type":"Point","coordinates":[135.7029708,34.9693326]},"properties":{"z":21.5}},{"type":"Feature","geometry":{"type":"Point","coordinates":[135.7029683,34.9692877]},"properties":{"z":21.4}},{"type":"Feature","geometry":{"type":"Point","coordinates":[135.7029685,34.9692428]},"properties":{"z":21.4}},{"type":"Feature","geometry":{"type":"Point","coordinates":[135.7029708,34.9691979]},"properties":{"z":21.4}},{"type":"Feature","geometry":{"type":"Point","coordinates":[135.7029763,34.9691532]},"properties":{"z":21.4}},{"type":"Feature","geometry":{"type":"Point","coordinates":[135.702985,34.9691089]},"properties":{"z":21.4}},{"type":"Feature","geometry":{"type":"Point","coordinates":[135.7029937,34.9690645]},"properties":{"z":21.4}},{"type":"Feature","geometry":{"type":"Point","coordinates":[135.7030024,34.9690201]},"properties":{"z":21.4}},{"type":"Feature","geometry":{"type":"Point","coordinates":[135.7030119,34.9689758]},"properties":{"z":21.4}},{"type":"Feature","geometry":{"type":"Point","coordinates":[135.7030222,34.9689317]},"properties":{"z":21.4}},{"type":"Feature","geometry":{"type":"Point","coordinates":[135.7030316,34.9688874]},"properties":{"z":21.3}},{"type":"Feature","geometry":{"type":"Point","coordinates":[135.7030401,34.968843]},"properties":{"z":21.3}},{"type":"Feature","geometry":{"type":"Point","coordinates":[135.7030454,34.9687983]},"properties":{"z":21.3}},{"type":"Feature","geometry":{"type":"Point","coordinates":[135.7030487,34.9687534]},"properties":{"z":21.3}},{"type":"Feature","geometry":{"type":"Point","coordinates":[135.7030572,34.9687091]},"properties":{"z":21.3}},{"type":"Feature","geometry":{"type":"Point","coordinates":[135.7030661,34.9686647]},"properties":{"z":21.3}},{"type":"Feature","geometry":{"type":"Point","coordinates":[135.7030701,34.9686199]},"properties":{"z":21.3}},{"type":"Feature","geometry":{"type":"Point","coordinates":[135.7030742,34.9685751]},"properties":{"z":21.3}},{"type":"Feature","geometry":{"type":"Point","coordinates":[135.7030785,34.9685302]},"properties":{"z":21.3}},{"type":"Feature","geometry":{"type":"Point","coordinates":[135.7030792,34.9684853]},"properties":{"z":21.3}},{"type":"Feature","geometry":{"type":"Point","coordinates":[135.7030785,34.9684404]},"properties":{"z":21.3}},{"type":"Feature","geometry":{"type":"Point","coordinates":[135.7030817,34.9683955]},"properties":{"z":21.2}},{"type":"Feature","geometry":{"type":"Point","coordinates":[135.7030858,34.9683507]},"properties":{"z":21.2}},{"type":"Feature","geometry":{"type":"Point","coordinates":[135.7030921,34.9683061]},"properties":{"z":21.2}},{"type":"Feature","geometry":{"type":"Point","coordinates":[135.703099,34.9682615]},"properties":{"z":21.2}},{"type":"Feature","geometry":{"type":"Point","coordinates":[135.7031063,34.9682169]},"properties":{"z":21.2}},{"type":"Feature","geometry":{"type":"Point","coordinates":[135.703113,34.9681723]},"properties":{"z":21.2}},{"type":"Feature","geometry":{"type":"Point","coordinates":[135.7031193,34.9681276]},"properties":{"z":21.2}},{"type":"Feature","geometry":{"type":"Point","coordinates":[135.7031219,34.9680828]},"properties":{"z":21.1}},{"type":"Feature","geometry":{"type":"Point","coordinates":[135.7031236,34.9680378]},"properties":{"z":21.1}},{"type":"Feature","geometry":{"type":"Point","coordinates":[135.7031275,34.967993]},"properties":{"z":21.1}},{"type":"Feature","geometry":{"type":"Point","coordinates":[135.7031318,34.9679482]},"properties":{"z":21.1}},{"type":"Feature","geometry":{"type":"Point","coordinates":[135.7031389,34.9679036]},"properties":{"z":21.1}},{"type":"Feature","geometry":{"type":"Point","coordinates":[135.7031456,34.967859]},"properties":{"z":21.1}},{"type":"Feature","geometry":{"type":"Point","coordinates":[135.7031471,34.9678141]},"properties":{"z":21.1}},{"type":"Feature","geometry":{"type":"Point","coordinates":[135.7031488,34.9677692]},"properties":{"z":21.1}},{"type":"Feature","geometry":{"type":"Point","coordinates":[135.7031522,34.9677243]},"properties":{"z":21.1}},{"type":"Feature","geometry":{"type":"Point","coordinates":[135.7031555,34.9676794]},"properties":{"z":21.1}},{"type":"Feature","geometry":{"type":"Point","coordinates":[135.7031581,34.9676345]},"properties":{"z":21.1}},{"type":"Feature","geometry":{"type":"Point","coordinates":[135.7031612,34.9675896]},"properties":{"z":21.0}},{"type":"Feature","geometry":{"type":"Point","coordinates":[135.7031659,34.9675449]},"properties":{"z":21.0}},{"type":"Feature","geometry":{"type":"Point","coordinates":[135.7031702,34.9675001]},"properties":{"z":21.0}},{"type":"Feature","geometry":{"type":"Point","coordinates":[135.7031731,34.9674552]},"properties":{"z":21.0}},{"type":"Feature","geometry":{"type":"Point","coordinates":[135.7031761,34.9674103]},"properties":{"z":21.0}},{"type":"Feature","geometry":{"type":"Point","coordinates":[135.703179,34.9673654]},"properties":{"z":21.0}},{"type":"Feature","geometry":{"type":"Point","coordinates":[135.70318,34.9673205]},"properties":{"z":21.0}},{"type":"Feature","geometry":{"type":"Point","coordinates":[135.7031794,34.9672755]},"properties":{"z":21.0}},{"type":"Feature","geometry":{"type":"Point","coordinates":[135.7031804,34.9672306]},"properties":{"z":21.0}},{"type":"Feature","geometry":{"type":"Point","coordinates":[135.7031806,34.9671856]},"properties":{"z":20.9}},{"type":"Feature","geometry":{"type":"Point","coordinates":[135.7031787,34.9671407]},"properties":{"z":20.9}},{"type":"Feature","geometry":{"type":"Point","coordinates":[135.7031783,34.9670959]},"properties":{"z":20.9}},{"type":"Feature","geometry":{"type":"Point","coordinates":[135.7031835,34.9670511]},"properties":{"z":20.9}},{"type":"Feature","geometry":{"type":"Point","coordinates":[135.7031974,34.9670077]},"properties":{"z":20.9}},{"type":"Feature","geometry":{"type":"Point","coordinates":[135.7032074,34.9669638]},"properties":{"z":20.9}},{"type":"Feature","geometry":{"type":"Point","coordinates":[135.7032065,34.9669189]},"properties":{"z":20.9}},{"type":"Feature","geometry":{"type":"Point","coordinates":[135.7032062,34.9668739]},"properties":{"z":20.9}},{"type":"Feature","geometry":{"type":"Point","coordinates":[135.7032061,34.966829]},"properties":{"z":20.9}},{"type":"Feature","geometry":{"type":"Point","coordinates":[135.7032073,34.966784]},"properties":{"z":20.8}},{"type":"Feature","geometry":{"type":"Point","coordinates":[135.7032087,34.9667391]},"properties":{"z":20.8}},{"type":"Feature","geometry":{"type":"Point","coordinates":[135.7031993,34.9666948]},"properties":{"z":20.8}},{"type":"Feature","geometry":{"type":"Point","coordinates":[135.7031902,34.9666505]},"properties":{"z":20.8}},{"type":"Feature","geometry":{"type":"Point","coordinates":[135.7031837,34.9666059]},"properties":{"z":20.8}},{"type":"Feature","geometry":{"type":"Point","coordinates":[135.7031803,34.9665611]},"properties":{"z":20.8}},{"type":"Feature","geometry":{"type":"Point","coordinates":[135.7031814,34.9665162]},"properties":{"z":20.8}},{"type":"Feature","geometry":{"type":"Point","coordinates":[135.7031823,34.9664712]},"properties":{"z":20.8}},{"type":"Feature","geometry":{"type":"Point","coordinates":[135.7031832,34.9664263]},"properties":{"z":20.8}},{"type":"Feature","geometry":{"type":"Point","coordinates":[135.7031821,34.9663814]},"properties":{"z":20.8}},{"type":"Feature","geometry":{"type":"Point","coordinates":[135.7031807,34.9663364]},"properties":{"z":20.8}},{"type":"Feature","geometry":{"type":"Point","coordinates":[135.7031845,34.9662916]},"properties":{"z":20.7}},{"type":"Feature","geometry":{"type":"Point","coordinates":[135.7031888,34.9662468]},"properties":{"z":20.7}},{"type":"Feature","geometry":{"type":"Point","coordinates":[135.7031943,34.966202]},"properties":{"z":20.7}},{"type":"Feature","geometry":{"type":"Point","coordinates":[135.7031994,34.9661573]},"properties":{"z":20.7}},{"type":"Feature","geometry":{"type":"Point","coordinates":[135.7032017,34.9661124]},"properties":{"z":20.7}},{"type":"Feature","geometry":{"type":"Point","coordinates":[135.703204,34.9660675]},"properties":{"z":20.7}},{"type":"Feature","geometry":{"type":"Point","coordinates":[135.7032063,34.9660226]},"properties":{"z":20.7}},{"type":"Feature","geometry":{"type":"Point","coordinates":[135.7032103,34.9659778]},"properties":{"z":20.7}},{"type":"Feature","geometry":{"type":"Point","coordinates":[135.7032178,34.9659332]},"properties":{"z":20.7}},{"type":"Feature","geometry":{"type":"Point","coordinates":[135.7032242,34.9658886]},"properties":{"z":20.7}},{"type":"Feature","geometry":{"type":"Point","coordinates":[135.7032296,34.9658439]},"properties":{"z":20.6}},{"type":"Feature","geometry":{"type":"Point","coordinates":[135.7032333,34.965799]},"properties":{"z":20.6}},{"type":"Feature","geometry":{"type":"Point","coordinates":[135.703236,34.9657541]},"properties":{"z":20.6}},{"type":"Feature","geometry":{"type":"Point","coordinates":[135.7032374,34.9657092]},"properties":{"z":20.6}},{"type":"Feature","geometry":{"type":"Point","coordinates":[135.7032358,34.9656643]},"properties":{"z":20.6}},{"type":"Feature","geometry":{"type":"Point","coordinates":[135.7032323,34.9656195]},"properties":{"z":20.6}},{"type":"Feature","geometry":{"type":"Point","coordinates":[135.7032238,34.9655751]},"properties":{"z":20.6}},{"type":"Feature","geometry":{"type":"Point","coordinates":[135.7032158,34.9655306]},"properties":{"z":20.6}},{"type":"Feature","geometry":{"type":"Point","coordinates":[135.7032085,34.965486]},"properties":{"z":20.6}},{"type":"Feature","geometry":{"type":"Point","coordinates":[135.7032089,34.9654411]},"properties":{"z":20.5}},{"type":"Feature","geometry":{"type":"Point","coordinates":[135.7032077,34.9653962]},"properties":{"z":20.5}},{"type":"Feature","geometry":{"type":"Point","coordinates":[135.7032044,34.9653513]},"properties":{"z":20.5}},{"type":"Feature","geometry":{"type":"Point","coordinates":[135.7032119,34.9653069]},"properties":{"z":20.5}},{"type":"Feature","geometry":{"type":"Point","coordinates":[135.7032192,34.9652624]},"properties":{"z":20.5}},{"type":"Feature","geometry":{"type":"Point","coordinates":[135.7032214,34.9652175]},"properties":{"z":20.5}},{"type":"Feature","geometry":{"type":"Point","coordinates":[135.7032225,34.9651726]},"properties":{"z":20.5}},{"type":"Feature","geometry":{"type":"Point","coordinates":[135.7032231,34.9651276]},"properties":{"z":20.5}},{"type":"Feature","geometry":{"type":"Point","coordinates":[135.7032227,34.9650827]},"properties":{"z":20.4}},{"type":"Feature","geometry":{"type":"Point","coordinates":[135.7032243,34.9650377]},"properties":{"z":20.4}},{"type":"Feature","geometry":{"type":"Point","coordinates":[135.7032269,34.9649928]},"properties":{"z":20.4}},{"type":"Feature","geometry":{"type":"Point","coordinates":[135.7032275,34.9649479]},"properties":{"z":20.4}},{"type":"Feature","geometry":{"type":"Point","coordinates":[135.7032272,34.9649029]},"properties":{"z":20.4}},{"type":"Feature","geometry":{"type":"Point","coordinates":[135.7032232,34.9648582]},"properties":{"z":20.4}},{"type":"Feature","geometry":{"type":"Point","coordinates":[135.7032146,34.9648138]},"properties":{"z":20.4}},{"type":"Feature","geometry":{"type":"Point","coordinates":[135.7032064,34.9647694]},"properties":{"z":20.4}},{"type":"Feature","geometry":{"type":"Point","coordinates":[135.7032046,34.9647247]},"properties":{"z":20.3}},{"type":"Feature","geometry":{"type":"Point","coordinates":[135.7032072,34.9646798]},"properties":{"z":20.3}},{"type":"Feature","geometry":{"type":"Point","coordinates":[135.7032106,34.9646349]},"properties":{"z":20.3}},{"type":"Feature","geometry":{"type":"Point","coordinates":[135.7032097,34.9645921]},"properties":{"z":20.3}},{"type":"Feature","geometry":{"type":"Point","coordinates":[135.7032202,34.9645481]},"properties":{"z":20.3}},{"type":"Feature","geometry":{"type":"Point","coordinates":[135.7032228,34.9645033]},"properties":{"z":20.3}},{"type":"Feature","geometry":{"type":"Point","coordinates":[135.7032174,34.9644585]},"properties":{"z":20.3}},{"type":"Feature","geometry":{"type":"Point","coordinates":[135.7032156,34.9644136]},"properties":{"z":20.3}},{"type":"Feature","geometry":{"type":"Point","coordinates":[135.7032355,34.9643744]},"properties":{"z":20.3}},{"type":"Feature","geometry":{"type":"Point","coordinates":[135.7032677,34.9643383]},"properties":{"z":20.3}},{"type":"Feature","geometry":{"type":"Point","coordinates":[135.703277,34.964294]},"properties":{"z":20.2}},{"type":"Feature","geometry":{"type":"Point","coordinates":[135.7032786,34.9642492]},"properties":{"z":20.2}},{"type":"Feature","geometry":{"type":"Point","coordinates":[135.7032785,34.9642043]},"properties":{"z":20.2}},{"type":"Feature","geometry":{"type":"Point","coordinates":[135.7032811,34.9641594]},"properties":{"z":20.2}},{"type":"Feature","geometry":{"type":"Point","coordinates":[135.7032819,34.9641144]},"properties":{"z":20.2}},{"type":"Feature","geometry":{"type":"Point","coordinates":[135.7032807,34.9640695]},"properties":{"z":20.2}},{"type":"Feature","geometry":{"type":"Point","coordinates":[135.7032825,34.9640246]},"properties":{"z":20.2}},{"type":"Feature","geometry":{"type":"Point","coordinates":[135.7032837,34.9639797]},"properties":{"z":20.2}},{"type":"Feature","geometry":{"type":"Point","coordinates":[135.7032809,34.9639348]},"properties":{"z":20.1}},{"type":"Feature","geometry":{"type":"Point","coordinates":[135.7032775,34.9638899]},"properties":{"z":20.1}},{"type":"Feature","geometry":{"type":"Point","coordinates":[135.7032736,34.9638451]},"properties":{"z":20.1}},{"type":"Feature","geometry":{"type":"Point","coordinates":[135.7032661,34.9638006]},"properties":{"z":20.1}},{"type":"Feature","geometry":{"type":"Point","coordinates":[135.7032579,34.9637561]},"properties":{"z":20.1}},{"type":"Feature","geometry":{"type":"Point","coordinates":[135.7032496,34.9637117]},"properties":{"z":20.1}},{"type":"Feature","geometry":{"type":"Point","coordinates":[135.7032442,34.9636671]},"properties":{"z":20.1}},{"type":"Feature","geometry":{"type":"Point","coordinates":[135.7032438,34.9636221]},"properties":{"z":20.1}},{"type":"Feature","geometry":{"type":"Point","coordinates":[135.7032427,34.9635772]},"properties":{"z":20.1}},{"type":"Feature","geometry":{"type":"Point","coordinates":[135.7032339,34.9635335]},"properties":{"z":20.1}},{"type":"Feature","geometry":{"type":"Point","coordinates":[135.7032206,34.9634903]},"properties":{"z":20.1}},{"type":"Feature","geometry":{"type":"Point","coordinates":[135.7032214,34.9634455]},"properties":{"z":20.1}},{"type":"Feature","geometry":{"type":"Point","coordinates":[135.7032328,34.9634017]},"properties":{"z":20.1}},{"type":"Feature","geometry":{"type":"Point","coordinates":[135.7032446,34.9633579]},"properties":{"z":20.1}},{"type":"Feature","geometry":{"type":"Point","coordinates":[135.7032516,34.9633133]},"properties":{"z":20.1}},{"type":"Feature","geometry":{"type":"Point","coordinates":[135.7032603,34.9632689]},"properties":{"z":20.1}},{"type":"Feature","geometry":{"type":"Point","coordinates":[135.7032699,34.9632246]},"properties":{"z":20.1}},{"type":"Feature","geometry":{"type":"Point","coordinates":[135.7032807,34.9631806]},"properties":{"z":20.1}},{"type":"Feature","geometry":{"type":"Point","coordinates":[135.7032902,34.9631363]},"properties":{"z":20.1}},{"type":"Feature","geometry":{"type":"Point","coordinates":[135.7032988,34.9630919]},"properties":{"z":20.1}},{"type":"Feature","geometry":{"type":"Point","coordinates":[135.7032978,34.963047]},"properties":{"z":20.1}},{"type":"Feature","geometry":{"type":"Point","coordinates":[135.7032981,34.963002]},"properties":{"z":20.1}},{"type":"Feature","geometry":{"type":"Point","coordinates":[135.7032998,34.9629571]},"properties":{"z":20.1}},{"type":"Feature","geometry":{"type":"Point","coordinates":[135.7033009,34.9629122]},"properties":{"z":20.1}},{"type":"Feature","geometry":{"type":"Point","coordinates":[135.7033018,34.9628672]},"properties":{"z":20.1}},{"type":"Feature","geometry":{"type":"Point","coordinates":[135.7032975,34.9628224]},"properties":{"z":20.0}},{"type":"Feature","geometry":{"type":"Point","coordinates":[135.7032926,34.9627776]},"properties":{"z":20.0}},{"type":"Feature","geometry":{"type":"Point","coordinates":[135.7032867,34.962733]},"properties":{"z":20.0}},{"type":"Feature","geometry":{"type":"Point","coordinates":[135.7032815,34.9626882]},"properties":{"z":20.0}},{"type":"Feature","geometry":{"type":"Point","coordinates":[135.7032775,34.9626434]},"properties":{"z":20.0}},{"type":"Feature","geometry":{"type":"Point","coordinates":[135.7032732,34.9625986]},"properties":{"z":20.0}},{"type":"Feature","geometry":{"type":"Point","coordinates":[135.7032706,34.9625538]},"properties":{"z":19.9}},{"type":"Feature","geometry":{"type":"Point","coordinates":[135.7032752,34.962509]},"properties":{"z":19.9}},{"type":"Feature","geometry":{"type":"Point","coordinates":[135.7032721,34.9624644]},"properties":{"z":19.9}},{"type":"Feature","geometry":{"type":"Point","coordinates":[135.703264,34.9624199]},"properties":{"z":19.9}},{"type":"Feature","geometry":{"type":"Point","coordinates":[135.703259,34.9623752]},"properties":{"z":19.9}},{"type":"Feature","geometry":{"type":"Point","coordinates":[135.7032554,34.9623304]},"properties":{"z":19.9}},{"type":"Feature","geometry":{"type":"Point","coordinates":[135.7032553,34.9622854]},"properties":{"z":19.9}},{"type":"Feature","geometry":{"type":"Point","coordinates":[135.703254,34.9622405]},"properties":{"z":19.9}},{"type":"Feature","geometry":{"type":"Point","coordinates":[135.7032514,34.9621956]},"properties":{"z":19.8}},{"type":"Feature","geometry":{"type":"Point","coordinates":[135.7032502,34.9621507]},"properties":{"z":19.8}},{"type":"Feature","geometry":{"type":"Point","coordinates":[135.7032496,34.9621057]},"properties":{"z":19.8}},{"type":"Feature","geometry":{"type":"Point","coordinates":[135.7032635,34.9620623]},"properties":{"z":19.8}},{"type":"Feature","geometry":{"type":"Point","coordinates":[135.7032783,34.962019]},"properties":{"z":19.8}},{"type":"Feature","geometry":{"type":"Point","coordinates":[135.7032765,34.9619743]},"properties":{"z":19.8}},{"type":"Feature","geometry":{"type":"Point","coordinates":[135.703275,34.9619295]},"properties":{"z":19.8}},{"type":"Feature","geometry":{"type":"Point","coordinates":[135.7032836,34.9618851]},"properties":{"z":19.8}},{"type":"Feature","geometry":{"type":"Point","coordinates":[135.7032834,34.9618404]},"properties":{"z":19.7}},{"type":"Feature","geometry":{"type":"Point","coordinates":[135.7032786,34.9617956]},"properties":{"z":19.7}},{"type":"Feature","geometry":{"type":"Point","coordinates":[135.7032771,34.9617509]},"properties":{"z":19.7}},{"type":"Feature","geometry":{"type":"Point","coordinates":[135.703284,34.9617064]},"properties":{"z":19.7}},{"type":"Feature","geometry":{"type":"Point","coordinates":[135.7032936,34.9616621]},"properties":{"z":19.7}},{"type":"Feature","geometry":{"type":"Point","coordinates":[135.7033215,34.9616352]},"properties":{"z":19.7}},{"type":"Feature","geometry":{"type":"Point","coordinates":[135.7033623,34.9616071]},"properties":{"z":19.7}},{"type":"Feature","geometry":{"type":"Point","coordinates":[135.7034152,34.9615957]},"properties":{"z":19.7}},{"type":"Feature","geometry":{"type":"Point","coordinates":[135.7034629,34.961575]},"properties":{"z":19.6}},{"type":"Feature","geometry":{"type":"Point","coordinates":[135.7034878,34.961538]},"properties":{"z":19.6}},{"type":"Feature","geometry":{"type":"Point","coordinates":[135.7034971,34.9614938]},"properties":{"z":19.6}},{"type":"Feature","geometry":{"type":"Point","coordinates":[135.7035012,34.961449]},"properties":{"z":19.6}},{"type":"Feature","geometry":{"type":"Point","coordinates":[135.703499,34.9614041]},"properties":{"z":19.6}},{"type":"Feature","geometry":{"type":"Point","coordinates":[135.7034985,34.9613592]},"properties":{"z":19.6}},{"type":"Feature","geometry":{"type":"Point","coordinates":[135.7035086,34.961315]},"properties":{"z":19.6}},{"type":"Feature","geometry":{"type":"Point","coordinates":[135.7035138,34.9612703]},"properties":{"z":19.5}},{"type":"Feature","geometry":{"type":"Point","coordinates":[135.7035092,34.9612255]},"properties":{"z":19.5}},{"type":"Feature","geometry":{"type":"Point","coordinates":[135.7035149,34.9611808]},"properties":{"z":19.5}},{"type":"Feature","geometry":{"type":"Point","coordinates":[135.7035182,34.961136]},"properties":{"z":19.5}},{"type":"Feature","geometry":{"type":"Point","coordinates":[135.7035267,34.9610927]},"properties":{"z":19.5}},{"type":"Feature","geometry":{"type":"Point","coordinates":[135.7035162,34.9610524]},"properties":{"z":19.5}},{"type":"Feature","geometry":{"type":"Point","coordinates":[135.7035161,34.9610075]},"properties":{"z":19.4}},{"type":"Feature","geometry":{"type":"Point","coordinates":[135.7035065,34.9609641]},"properties":{"z":19.4}},{"type":"Feature","geometry":{"type":"Point","coordinates":[135.703484,34.9609235]},"properties":{"z":19.4}},{"type":"Feature","geometry":{"type":"Point","coordinates":[135.7034762,34.9608791]},"properties":{"z":19.4}},{"type":"Feature","geometry":{"type":"Point","coordinates":[135.7034779,34.9608341]},"properties":{"z":19.4}},{"type":"Feature","geometry":{"type":"Point","coordinates":[135.7034788,34.9607892]},"properties":{"z":19.4}},{"type":"Feature","geometry":{"type":"Point","coordinates":[135.7034815,34.9607443]},"properties":{"z":19.4}},{"type":"Feature","geometry":{"type":"Point","coordinates":[135.7034859,34.9606995]},"properties":{"z":19.4}},{"type":"Feature","geometry":{"type":"Point","coordinates":[135.7034938,34.9606551]},"properties":{"z":19.3}},{"type":"Feature","geometry":{"type":"Point","coordinates":[135.7035018,34.9606106]},"properties":{"z":19.3}},{"type":"Feature","geometry":{"type":"Point","coordinates":[135.7035092,34.960566]},"properties":{"z":19.3}},{"type":"Feature","geometry":{"type":"Point","coordinates":[135.7035181,34.9605217]},"properties":{"z":19.3}},{"type":"Feature","geometry":{"type":"Point","coordinates":[135.7035296,34.9604778]},"properties":{"z":19.3}},{"type":"Feature","geometry":{"type":"Point","coordinates":[135.7035409,34.9604338]},"properties":{"z":19.2}},{"type":"Feature","geometry":{"type":"Point","coordinates":[135.7035522,34.9603898]},"properties":{"z":19.2}},{"type":"Feature","geometry":{"type":"Point","coordinates":[135.7035619,34.9603456]},"properties":{"z":19.2}},{"type":"Feature","geometry":{"type":"Point","coordinates":[135.7035698,34.9603011]},"properties":{"z":19.2}},{"type":"Feature","geometry":{"type":"Point","coordinates":[135.7035775,34.9602566]},"properties":{"z":19.2}},{"type":"Feature","geometry":{"type":"Point","coordinates":[135.7035848,34.960212]},"properties":{"z":19.2}},{"type":"Feature","geometry":{"type":"Point","coordinates":[135.7035912,34.9601674]},"properties":{"z":19.2}},{"type":"Feature","geometry":{"type":"Point","coordinates":[135.7035966,34.9601226]},"properties":{"z":19.2}},{"type":"Feature","geometry":{"type":"Point","coordinates":[135.7036002,34.9600778]},"properties":{"z":19.1}},{"type":"Feature","geometry":{"type":"Point","coordinates":[135.7036013,34.9600329]},"properties":{"z":19.1}},{"type":"Feature","geometry":{"type":"Point","coordinates":[135.7036054,34.9599881]},"properties":{"z":19.1}},{"type":"Feature","geometry":{"type":"Point","coordinates":[135.703613,34.9599436]},"properties":{"z":19.1}},{"type":"Feature","geometry":{"type":"Point","coordinates":[135.7036208,34.9598991]},"properties":{"z":19.1}},{"type":"Feature","geometry":{"type":"Point","coordinates":[135.7036286,34.9598546]},"properties":{"z":19.0}},{"type":"Feature","geometry":{"type":"Point","coordinates":[135.7036338,34.9598099]},"properties":{"z":19.0}},{"type":"Feature","geometry":{"type":"Point","coordinates":[135.7036374,34.9597652]},"properties":{"z":19.0}},{"type":"Feature","geometry":{"type":"Point","coordinates":[135.7036162,34.9597237]},"properties":{"z":19.0}},{"type":"Feature","geometry":{"type":"Point","coordinates":[135.7035857,34.9596892]},"properties":{"z":19.0}},{"type":"Feature","geometry":{"type":"Point","coordinates":[135.7035372,34.9596683]},"properties":{"z":19.0}},{"type":"Feature","geometry":{"type":"Point","coordinates":[135.7034845,34.959674]},"properties":{"z":19.0}},{"type":"Feature","geometry":{"type":"Point","coordinates":[135.7034317,34.9596859]},"properties":{"z":19.0}},{"type":"Feature","geometry":{"type":"Point","coordinates":[135.7033771,34.9596885]},"properties":{"z":19.0}},{"type":"Feature","geometry":{"type":"Point","coordinates":[135.7033223,34.9596904]},"properties":{"z":19.0}},{"type":"Feature","geometry":{"type":"Point","coordinates":[135.7032675,34.9596928]},"properties":{"z":19.0}},{"type":"Feature","geometry":{"type":"Point","coordinates":[135.7032127,34.9596936]},"properties":{"z":19.0}},{"type":"Feature","geometry":{"type":"Point","coordinates":[135.7031579,34.9596936]},"properties":{"z":19.1}},{"type":"Feature","geometry":{"type":"Point","coordinates":[135.7031032,34.9596903]},"properties":{"z":19.1}},{"type":"Feature","geometry":{"type":"Point","coordinates":[135.7030484,34.9596876]},"properties":{"z":19.1}},{"type":"Feature","geometry":{"type":"Point","coordinates":[135.7029936,34.9596865]},"properties":{"z":19.1}},{"type":"Feature","geometry":{"type":"Point","coordinates":[135.7029388,34.9596847]},"properties":{"z":19.1}},{"type":"Feature","geometry":{"type":"Point","coordinates":[135.7028841,34.9596818]},"properties":{"z":19.1}},{"type":"Feature","geometry":{"type":"Point","coordinates":[135.7028293,34.9596789]},"properties":{"z":19.1}},{"type":"Feature","geometry":{"type":"Point","coordinates":[135.7027746,34.9596761]},"properties":{"z":19.1}},{"type":"Feature","geometry":{"type":"Point","coordinates":[135.7027198,34.959674]},"properties":{"z":19.1}},{"type":"Feature","geometry":{"type":"Point","coordinates":[135.702665,34.9596723]},"properties":{"z":19.1}},{"type":"Feature","geometry":{"type":"Point","coordinates":[135.7026102,34.9596722]},"properties":{"z":19.1}},{"type":"Feature","geometry":{"type":"Point","coordinates":[135.7025553,34.9596724]},"properties":{"z":19.1}},{"type":"Feature","geometry":{"type":"Point","coordinates":[135.7025005,34.9596736]},"properties":{"z":19.1}},{"type":"Feature","geometry":{"type":"Point","coordinates":[135.7024456,34.9596749]},"properties":{"z":19.1}},{"type":"Feature","geometry":{"type":"Point","coordinates":[135.7023908,34.9596755]},"properties":{"z":19.1}},{"type":"Feature","geometry":{"type":"Point","coordinates":[135.702336,34.9596761]},"properties":{"z":19.1}},{"type":"Feature","geometry":{"type":"Point","coordinates":[135.7022813,34.9596797]},"properties":{"z":19.1}},{"type":"Feature","geometry":{"type":"Point","coordinates":[135.7022266,34.9596832]},"properties":{"z":19.1}},{"type":"Feature","geometry":{"type":"Point","coordinates":[135.7021719,34.9596864]},"properties":{"z":19.1}},{"type":"Feature","geometry":{"type":"Point","coordinates":[135.7021172,34.9596895]},"properties":{"z":19.1}},{"type":"Feature","geometry":{"type":"Point","coordinates":[135.7020624,34.959691]},"properties":{"z":19.1}},{"type":"Feature","geometry":{"type":"Point","coordinates":[135.7020075,34.9596923]},"properties":{"z":19.2}},{"type":"Feature","geometry":{"type":"Point","coordinates":[135.7019528,34.9596903]},"properties":{"z":19.2}},{"type":"Feature","geometry":{"type":"Point","coordinates":[135.701898,34.9596882]},"properties":{"z":19.2}},{"type":"Feature","geometry":{"type":"Point","coordinates":[135.7018433,34.9596844]},"properties":{"z":19.2}},{"type":"Feature","geometry":{"type":"Point","coordinates":[135.7017886,34.9596808]},"properties":{"z":19.1}},{"type":"Feature","geometry":{"type":"Point","coordinates":[135.7017339,34.9596776]},"properties":{"z":19.1}},{"type":"Feature","geometry":{"type":"Point","coordinates":[135.7016792,34.9596747]},"properties":{"z":19.1}},{"type":"Feature","geometry":{"type":"Point","coordinates":[135.7016244,34.9596727]},"properties":{"z":19.1}},{"type":"Feature","geometry":{"type":"Point","coordinates":[135.7015696,34.9596705]},"properties":{"z":19.2}},{"type":"Feature","geometry":{"type":"Point","coordinates":[135.7015149,34.9596677]},"properties":{"z":19.2}},{"type":"Feature","geometry":{"type":"Point","coordinates":[135.7014601,34.9596649]},"properties":{"z":19.2}},{"type":"Feature","geometry":{"type":"Point","coordinates":[135.7014054,34.9596623]},"properties":{"z":19.2}},{"type":"Feature","geometry":{"type":"Point","coordinates":[135.7013506,34.9596601]},"properties":{"z":19.2}},{"type":"Feature","geometry":{"type":"Point","coordinates":[135.7012958,34.9596585]},"properties":{"z":19.2}},{"type":"Feature","geometry":{"type":"Point","coordinates":[135.701241,34.9596567]},"properties":{"z":19.2}},{"type":"Feature","geometry":{"type":"Point","coordinates":[135.7011862,34.9596549]},"properties":{"z":19.2}},{"type":"Feature","geometry":{"type":"Point","coordinates":[135.7011313,34.9596549]},"properties":{"z":19.2}},{"type":"Feature","geometry":{"type":"Point","coordinates":[135.7010765,34.959655]},"properties":{"z":19.2}},{"type":"Feature","geometry":{"type":"Point","coordinates":[135.7010237,34.9596431]},"properties":{"z":19.2}},{"type":"Feature","geometry":{"type":"Point","coordinates":[135.700984,34.9596171]},"properties":{"z":19.2}},{"type":"Feature","geometry":{"type":"Point","coordinates":[135.7009567,34.9595781]},"properties":{"z":19.2}},{"type":"Feature","geometry":{"type":"Point","coordinates":[135.7009599,34.9595334]},"properties":{"z":19.2}},{"type":"Feature","geometry":{"type":"Point","coordinates":[135.7009629,34.9594885]},"properties":{"z":19.2}},{"type":"Feature","geometry":{"type":"Point","coordinates":[135.7009639,34.9594435]},"properties":{"z":19.2}},{"type":"Feature","geometry":{"type":"Point","coordinates":[135.7009636,34.9593986]},"properties":{"z":19.2}},{"type":"Feature","geometry":{"type":"Point","coordinates":[135.7009615,34.9593537]},"properties":{"z":19.2}},{"type":"Feature","geometry":{"type":"Point","coordinates":[135.7009583,34.9593088]},"properties":{"z":19.3}},{"type":"Feature","geometry":{"type":"Point","coordinates":[135.7009541,34.959264]},"properties":{"z":19.3}},{"type":"Feature","geometry":{"type":"Point","coordinates":[135.70095,34.9592192]},"properties":{"z":19.4}},{"type":"Feature","geometry":{"type":"Point","coordinates":[135.7009458,34.9591744]},"properties":{"z":19.5}},{"type":"Feature","geometry":{"type":"Point","coordinates":[135.7009433,34.9591295]},"properties":{"z":19.5}},{"type":"Feature","geometry":{"type":"Point","coordinates":[135.7009423,34.9590845]},"properties":{"z":19.6}},{"type":"Feature","geometry":{"type":"Point","coordinates":[135.7009397,34.9590396]},"properties":{"z":19.6}},{"type":"Feature","geometry":{"type":"Point","coordinates":[135.7009357,34.9589948]},"properties":{"z":19.6}},{"type":"Feature","geometry":{"type":"Point","coordinates":[135.7009267,34.9589507]},"properties":{"z":19.7}},{"type":"Feature","geometry":{"type":"Point","coordinates":[135.7009113,34.9589076]},"properties":{"z":19.8}},{"type":"Feature","geometry":{"type":"Point","coordinates":[135.7008861,34.958869]},"properties":{"z":19.7}},{"type":"Feature","geometry":{"type":"Point","coordinates":[135.7008485,34.9588363]},"properties":{"z":19.5}},{"type":"Feature","geometry":{"type":"Point","coordinates":[135.7008086,34.9588056]},"properties":{"z":19.5}},{"type":"Feature","geometry":{"type":"Point","coordinates":[135.7007654,34.958778]},"properties":{"z":19.2}},{"type":"Feature","geometry":{"type":"Point","coordinates":[135.7007231,34.9587494]},"properties":{"z":19.1}},{"type":"Feature","geometry":{"type":"Point","coordinates":[135.7006827,34.958719]},"properties":{"z":19.1}},{"type":"Feature","geometry":{"type":"Point","coordinates":[135.7006427,34.9586883]},"properties":{"z":19.1}},{"type":"Feature","geometry":{"type":"Point","coordinates":[135.700604,34.9586564]},"properties":{"z":19.2}},{"type":"Feature","geometry":{"type":"Point","coordinates":[135.700566,34.9586241]},"properties":{"z":19.2}},{"type":"Feature","geometry":{"type":"Point","coordinates":[135.7005339,34.9585876]},"properties":{"z":19.2}},{"type":"Feature","geometry":{"type":"Point","coordinates":[135.7005019,34.9585511]},"properties":{"z":19.2}},{"type":"Feature","geometry":{"type":"Point","coordinates":[135.7004712,34.9585138]},"properties":{"z":19.2}},{"type":"Feature","geometry":{"type":"Point","coordinates":[135.7004409,34.9584764]},"properties":{"z":19.3}},{"type":"Feature","geometry":{"type":"Point","coordinates":[135.7004126,34.9584379]},"properties":{"z":19.3}},{"type":"Feature","geometry":{"type":"Point","coordinates":[135.7003843,34.9583994]},"properties":{"z":19.3}},{"type":"Feature","geometry":{"type":"Point","coordinates":[135.7003562,34.9583608]},"properties":{"z":19.4}},{"type":"Feature","geometry":{"type":"Point","coordinates":[135.7003275,34.9583225]},"properties":{"z":19.4}},{"type":"Feature","geometry":{"type":"Point","coordinates":[135.7002974,34.9582849]},"properties":{"z":19.4}},{"type":"Feature","geometry":{"type":"Point","coordinates":[135.7002709,34.9582456]},"properties":{"z":19.5}},{"type":"Feature","geometry":{"type":"Point","coordinates":[135.7002465,34.9582054]},"properties":{"z":19.5}},{"type":"Feature","geometry":{"type":"Point","coordinates":[135.7002309,34.9581623]},"properties":{"z":19.5}},{"type":"Feature","geometry":{"type":"Point","coordinates":[135.7002158,34.9581191]},"properties":{"z":19.5}},{"type":"Feature","geometry":{"type":"Point","coordinates":[135.7002012,34.9580757]},"properties":{"z":19.6}},{"type":"Feature","geometry":{"type":"Point","coordinates":[135.7001807,34.9580342]},"properties":{"z":19.6}},{"type":"Feature","geometry":{"type":"Point","coordinates":[135.7001573,34.9579936]},"properties":{"z":19.6}},{"type":"Feature","geometry":{"type":"Point","coordinates":[135.7001376,34.9579516]},"properties":{"z":19.6}},{"type":"Feature","geometry":{"type":"Point","coordinates":[135.7001191,34.9579093]},"properties":{"z":19.7}},{"type":"Feature","geometry":{"type":"Point","coordinates":[135.7001058,34.9578657]},"properties":{"z":19.7}},{"type":"Feature","geometry":{"type":"Point","coordinates":[135.700097,34.9578215]},"properties":{"z":19.7}},{"type":"Feature","geometry":{"type":"Point","coordinates":[135.7000919,34.9577767]},"properties":{"z":19.8}},{"type":"Feature","geometry":{"type":"Point","coordinates":[135.700092,34.9577318]},"properties":{"z":19.8}},{"type":"Feature","geometry":{"type":"Point","coordinates":[135.7000935,34.9576869]},"properties":{"z":19.8}},{"type":"Feature","geometry":{"type":"Point","coordinates":[135.7000974,34.957642]},"properties":{"z":19.9}},{"type":"Feature","geometry":{"type":"Point","coordinates":[135.7001029,34.9575974]},"properties":{"z":19.9}},{"type":"Feature","geometry":{"type":"Point","coordinates":[135.7001119,34.957553]},"properties":{"z":19.9}},{"type":"Feature","geometry":{"type":"Point","coordinates":[135.7001191,34.9575085]},"properties":{"z":19.9}},{"type":"Feature","geometry":{"type":"Point","coordinates":[135.7001255,34.9574638]},"properties":{"z":20.3}},{"type":"Feature","geometry":{"type":"Point","coordinates":[135.7001322,34.9574192]},"properties":{"z":20.9}},{"type":"Feature","geometry":{"type":"Point","coordinates":[135.700139,34.9573746]},"properties":{"z":20.9}},{"type":"Feature","geometry":{"type":"Point","coordinates":[135.7001448,34.9573299]},"properties":{"z":21.4}},{"type":"Feature","geometry":{"type":"Point","coordinates":[135.7001505,34.9572852]},"properties":{"z":21.9}},{"type":"Feature","geometry":{"type":"Point","coordinates":[135.700158,34.9572407]},"properties":{"z":21.9}},{"type":"Feature","geometry":{"type":"Point","coordinates":[135.7001652,34.9571961]},"properties":{"z":22.3}},{"type":"Feature","geometry":{"type":"Point","coordinates":[135.7001707,34.9571514]},"properties":{"z":22.3}},{"type":"Feature","geometry":{"type":"Point","coordinates":[135.7001763,34.9571067]},"properties":{"z":23.1}},{"type":"Feature","geometry":{"type":"Point","coordinates":[135.7001833,34.9570621]},"properties":{"z":24.0}},{"type":"Feature","geometry":{"type":"Point","coordinates":[135.7001903,34.9570175]},"properties":{"z":24.0}},{"type":"Feature","geometry":{"type":"Point","coordinates":[135.7001979,34.956973]},"properties":{"z":24.6}},{"type":"Feature","geometry":{"type":"Point","coordinates":[135.7002057,34.9569285]},"properties":{"z":25.1}},{"type":"Feature","geometry":{"type":"Point","coordinates":[135.7002142,34.9568841]},"properties":{"z":25.1}},{"type":"Feature","geometry":{"type":"Point","coordinates":[135.700222,34.9568396]},"properties":{"z":25.5}},{"type":"Feature","geometry":{"type":"Point","coordinates":[135.7002294,34.956795]},"properties":{"z":25.9}},{"type":"Feature","geometry":{"type":"Point","coordinates":[135.7002386,34.9567507]},"properties":{"z":25.9}},{"type":"Feature","geometry":{"type":"Point","coordinates":[135.7002481,34.9567065]},"properties":{"z":26.2}},{"type":"Feature","geometry":{"type":"Point","coordinates":[135.7002579,34.9566622]},"properties":{"z":26.2}},{"type":"Feature","geometry":{"type":"Point","coordinates":[135.7002684,34.9566181]},"properties":{"z":26.5}},{"type":"Feature","geometry":{"type":"Point","coordinates":[135.7002795,34.9565741]},"properties":{"z":26.9}},{"type":"Feature","geometry":{"type":"Point","coordinates":[135.7002873,34.9565296]},"properties":{"z":26.9}},{"type":"Feature","geometry":{"type":"Point","coordinates":[135.7002922,34.9564849]},"properties":{"z":27.3}},{"type":"Feature","geometry":{"type":"Point","coordinates":[135.7002952,34.95644]},"properties":{"z":27.6}},{"type":"Feature","geometry":{"type":"Point","coordinates":[135.700298,34.9563951]},"properties":{"z":27.6}},{"type":"Feature","geometry":{"type":"Point","coordinates":[135.700301,34.9563502]},"properties":{"z":27.9}},{"type":"Feature","geometry":{"type":"Point","coordinates":[135.7003054,34.9563054]},"properties":{"z":28.1}},{"type":"Feature","geometry":{"type":"Point","coordinates":[135.7003095,34.9562606]},"properties":{"z":28.1}},{"type":"Feature","geometry":{"type":"Point","coordinates":[135.7003106,34.9562156]},"properties":{"z":28.1}},{"type":"Feature","geometry":{"type":"Point","coordinates":[135.7003117,34.9561707]},"properties":{"z":28.1}},{"type":"Feature","geometry":{"type":"Point","coordinates":[135.7003152,34.9561259]},"properties":{"z":27.9}},{"type":"Feature","geometry":{"type":"Point","coordinates":[135.7003191,34.956081]},"properties":{"z":27.6}},{"type":"Feature","geometry":{"type":"Point","coordinates":[135.7003225,34.9560361]},"properties":{"z":27.6}},{"type":"Feature","geometry":{"type":"Point","coordinates":[135.7003257,34.9559913]},"properties":{"z":27.2}},{"type":"Feature","geometry":{"type":"Point","coordinates":[135.7003288,34.9559464]},"properties":{"z":26.9}},{"type":"Feature","geometry":{"type":"Point","coordinates":[135.700332,34.9559015]},"properties":{"z":26.9}},{"type":"Feature","geometry":{"type":"Point","coordinates":[135.7003353,34.9558566]},"properties":{"z":26.6}},{"type":"Feature","geometry":{"type":"Point","coordinates":[135.7003383,34.9558118]},"properties":{"z":26.3}},{"type":"Feature","geometry":{"type":"Point","coordinates":[135.7003411,34.9557669]},"properties":{"z":26.3}},{"type":"Feature","geometry":{"type":"Point","coordinates":[135.7003438,34.955722]},"properties":{"z":25.9}},{"type":"Feature","geometry":{"type":"Point","coordinates":[135.7003459,34.9556771]},"properties":{"z":25.9}},{"type":"Feature","geometry":{"type":"Point","coordinates":[135.700348,34.9556321]},"properties":{"z":25.6}},{"type":"Feature","geometry":{"type":"Point","coordinates":[135.7003505,34.9555872]},"properties":{"z":25.2}},{"type":"Feature","geometry":{"type":"Point","coordinates":[135.7003531,34.9555423]},"properties":{"z":25.2}},{"type":"Feature","geometry":{"type":"Point","coordinates":[135.7003558,34.9554974]},"properties":{"z":24.9}},{"type":"Feature","geometry":{"type":"Point","coordinates":[135.7003582,34.9554525]},"properties":{"z":24.8}},{"type":"Feature","geometry":{"type":"Point","coordinates":[135.7003606,34.9554076]},"properties":{"z":24.8}},{"type":"Feature","geometry":{"type":"Point","coordinates":[135.7003631,34.9553627]},"properties":{"z":24.8}},{"type":"Feature","geometry":{"type":"Point","coordinates":[135.7003656,34.9553178]},"properties":{"z":24.8}},{"type":"Feature","geometry":{"type":"Point","coordinates":[135.7003682,34.9552729]},"properties":{"z":24.8}},{"type":"Feature","geometry":{"type":"Point","coordinates":[135.7003712,34.955228]},"properties":{"z":24.7}},{"type":"Feature","geometry":{"type":"Point","coordinates":[135.7003742,34.9551831]},"properties":{"z":24.7}},{"type":"Feature","geometry":{"type":"Point","coordinates":[135.7003783,34.9551383]},"properties":{"z":24.7}},{"type":"Feature","geometry":{"type":"Point","coordinates":[135.7003824,34.9550935]},"properties":{"z":24.6}},{"type":"Feature","geometry":{"type":"Point","coordinates":[135.7003872,34.9550487]},"properties":{"z":24.6}},{"type":"Feature","geometry":{"type":"Point","coordinates":[135.7003924,34.955004]},"properties":{"z":24.6}},{"type":"Feature","geometry":{"type":"Point","coordinates":[135.7003977,34.9549592]},"properties":{"z":24.5}},{"type":"Feature","geometry":{"type":"Point","coordinates":[135.7004018,34.9549144]},"properties":{"z":24.5}},{"type":"Feature","geometry":{"type":"Point","coordinates":[135.7004059,34.9548696]},"properties":{"z":24.4}},{"type":"Feature","geometry":{"type":"Point","coordinates":[135.7004108,34.9548248]},"properties":{"z":24.4}},{"type":"Feature","geometry":{"type":"Point","coordinates":[135.7004165,34.9547801]},"properties":{"z":24.4}},{"type":"Feature","geometry":{"type":"Point","coordinates":[135.7004223,34.9547354]},"properties":{"z":24.3}},{"type":"Feature","geometry":{"type":"Point","coordinates":[135.70043,34.9546909]},"properties":{"z":24.3}},{"type":"Feature","geometry":{"type":"Point","coordinates":[135.7004384,34.9546465]},"properties":{"z":24.3}},{"type":"Feature","geometry":{"type":"Point","coordinates":[135.7004475,34.9546021]},"properties":{"z":24.3}},{"type":"Feature","geometry":{"type":"Point","coordinates":[135.7004596,34.9545583]},"properties":{"z":24.3}},{"type":"Feature","geometry":{"type":"Point","coordinates":[135.7004717,34.9545145]},"properties":{"z":24.1}},{"type":"Feature","geometry":{"type":"Point","coordinates":[135.7004829,34.9544705]},"properties":{"z":24.1}},{"type":"Feature","geometry":{"type":"Point","coordinates":[135.7004936,34.9544264]},"properties":{"z":24.1}},{"type":"Feature","geometry":{"type":"Point","coordinates":[135.7005033,34.9543822]},"properties":{"z":24.1}},{"type":"Feature","geometry":{"type":"Point","coordinates":[135.7005066,34.9543373]},"properties":{"z":24.0}},{"type":"Feature","geometry":{"type":"Point","coordinates":[135.7005099,34.9542924]},"properties":{"z":24.0}},{"type":"Feature","geometry":{"type":"Point","coordinates":[135.7005103,34.9542475]},"properties":{"z":24.0}},{"type":"Feature","geometry":{"type":"Point","coordinates":[135.7005096,34.9542026]},"properties":{"z":24.0}},{"type":"Feature","geometry":{"type":"Point","coordinates":[135.7005095,34.9541576]},"properties":{"z":23.9}},{"type":"Feature","geometry":{"type":"Point","coordinates":[135.7005111,34.9541127]},"properties":{"z":23.8}},{"type":"Feature","geometry":{"type":"Point","coordinates":[135.7005126,34.9540678]},"properties":{"z":23.8}},{"type":"Feature","geometry":{"type":"Point","coordinates":[135.7005111,34.9540228]},"properties":{"z":23.8}},{"type":"Feature","geometry":{"type":"Point","coordinates":[135.700509,34.9539779]},"properties":{"z":23.7}},{"type":"Feature","geometry":{"type":"Point","coordinates":[135.7005069,34.953933]},"properties":{"z":23.7}},{"type":"Feature","geometry":{"type":"Point","coordinates":[135.7005048,34.9538881]},"properties":{"z":23.6}},{"type":"Feature","geometry":{"type":"Point","coordinates":[135.7005034,34.9538432]},"properties":{"z":23.6}},{"type":"Feature","geometry":{"type":"Point","coordinates":[135.7005079,34.9537984]},"properties":{"z":23.6}},{"type":"Feature","geometry":{"type":"Point","coordinates":[135.7005124,34.9537536]},"properties":{"z":23.5}},{"type":"Feature","geometry":{"type":"Point","coordinates":[135.7005162,34.9537087]},"properties":{"z":23.5}},{"type":"Feature","geometry":{"type":"Point","coordinates":[135.7005198,34.9536639]},"properties":{"z":23.4}},{"type":"Feature","geometry":{"type":"Point","coordinates":[135.7005242,34.9536191]},"properties":{"z":23.4}},{"type":"Feature","geometry":{"type":"Point","coordinates":[135.7005293,34.9535743]},"properties":{"z":23.4}},{"type":"Feature","geometry":{"type":"Point","coordinates":[135.7005305,34.9535296]},"properties":{"z":23.5}},{"type":"Feature","geometry":{"type":"Point","coordinates":[135.7005236,34.953485]},"properties":{"z":23.5}},{"type":"Feature","geometry":{"type":"Point","coordinates":[135.7005161,34.9534405]},"properties":{"z":23.5}},{"type":"Feature","geometry":{"type":"Point","coordinates":[135.7004976,34.9533982]},"properties":{"z":23.6}},{"type":"Feature","geometry":{"type":"Point","coordinates":[135.7004791,34.9533559]},"properties":{"z":23.6}},{"type":"Feature","geometry":{"type":"Point","coordinates":[135.7004671,34.9533122]},"properties":{"z":23.6}},{"type":"Feature","geometry":{"type":"Point","coordinates":[135.7004588,34.9532678]},"properties":{"z":23.7}},{"type":"Feature","geometry":{"type":"Point","coordinates":[135.7004522,34.9532232]},"properties":{"z":23.7}},{"type":"Feature","geometry":{"type":"Point","coordinates":[135.700449,34.9531783]},"properties":{"z":23.8}},{"type":"Feature","geometry":{"type":"Point","coordinates":[135.7004451,34.9531335]},"properties":{"z":23.8}},{"type":"Feature","geometry":{"type":"Point","coordinates":[135.7004365,34.9530891]},"properties":{"z":23.8}},{"type":"Feature","geometry":{"type":"Point","coordinates":[135.7004279,34.9530447]},"properties":{"z":23.9}},{"type":"Feature","geometry":{"type":"Point","coordinates":[135.7004247,34.9529999]},"properties":{"z":24.0}},{"type":"Feature","geometry":{"type":"Point","coordinates":[135.7004217,34.952955]},"properties":{"z":24.0}},{"type":"Feature","geometry":{"type":"Point","coordinates":[135.7004195,34.9529101]},"properties":{"z":24.0}},{"type":"Feature","geometry":{"type":"Point","coordinates":[135.7004174,34.9528651]},"properties":{"z":24.0}},{"type":"Feature","geometry":{"type":"Point","coordinates":[135.7004117,34.9528205]},"properties":{"z":24.0}},{"type":"Feature","geometry":{"type":"Point","coordinates":[135.700404,34.952776]},"properties":{"z":24.0}},{"type":"Feature","geometry":{"type":"Point","coordinates":[135.7003974,34.9527314]},"properties":{"z":24.0}},{"type":"Feature","geometry":{"type":"Point","coordinates":[135.7003912,34.9526867]},"properties":{"z":24.1}},{"type":"Feature","geometry":{"type":"Point","coordinates":[135.7003819,34.9526424]},"properties":{"z":24.2}},{"type":"Feature","geometry":{"type":"Point","coordinates":[135.7003717,34.9525983]},"properties":{"z":24.3}},{"type":"Feature","geometry":{"type":"Point","coordinates":[135.7003598,34.9525544]},"properties":{"z":24.3}},{"type":"Feature","geometry":{"type":"Point","coordinates":[135.7003478,34.9525105]},"properties":{"z":24.3}},{"type":"Feature","geometry":{"type":"Point","coordinates":[135.7003464,34.9524656]},"properties":{"z":24.5}},{"type":"Feature","geometry":{"type":"Point","coordinates":[135.700346,34.9524206]},"properties":{"z":24.6}},{"type":"Feature","geometry":{"type":"Point","coordinates":[135.700348,34.9523757]},"properties":{"z":24.6}},{"type":"Feature","geometry":{"type":"Point","coordinates":[135.7003517,34.9523309]},"properties":{"z":24.7}},{"type":"Feature","geometry":{"type":"Point","coordinates":[135.7003538,34.952286]},"properties":{"z":24.9}},{"type":"Feature","geometry":{"type":"Point","coordinates":[135.7003524,34.9522411]},"properties":{"z":24.9}},{"type":"Feature","geometry":{"type":"Point","coordinates":[135.7003517,34.9521961]},"properties":{"z":25.2}},{"type":"Feature","geometry":{"type":"Point","coordinates":[135.7003485,34.9521513]},"properties":{"z":25.6}},{"type":"Feature","geometry":{"type":"Point","coordinates":[135.7003459,34.9521064]},"properties":{"z":25.6}},{"type":"Feature","geometry":{"type":"Point","coordinates":[135.7003443,34.9520614]},"properties":{"z":26.0}},{"type":"Feature","geometry":{"type":"Point","coordinates":[135.7003436,34.9520165]},"properties":{"z":26.0}},{"type":"Feature","geometry":{"type":"Point","coordinates":[135.7003428,34.9519716]},"properties":{"z":26.5}},{"type":"Feature","geometry":{"type":"Point","coordinates":[135.7003458,34.9519267]},"properties":{"z":26.9}},{"type":"Feature","geometry":{"type":"Point","coordinates":[135.7003527,34.9518821]},"properties":{"z":26.9}},{"type":"Feature","geometry":{"type":"Point","coordinates":[135.7003574,34.9518374]},"properties":{"z":27.3}},{"type":"Feature","geometry":{"type":"Point","coordinates":[135.7003582,34.9517925]},"properties":{"z":27.6}},{"type":"Feature","geometry":{"type":"Point","coordinates":[135.7003575,34.9517476]},"properties":{"z":27.6}},{"type":"Feature","geometry":{"type":"Point","coordinates":[135.7003611,34.9517027]},"properties":{"z":27.8}},{"type":"Feature","geometry":{"type":"Point","coordinates":[135.7003679,34.9516581]},"properties":{"z":27.9}},{"type":"Feature","geometry":{"type":"Point","coordinates":[135.7003547,34.9516193]},"properties":{"z":27.9}},{"type":"Feature","geometry":{"type":"Point","coordinates":[135.7003005,34.9516149]},"properties":{"z":27.9}},{"type":"Feature","geometry":{"type":"Point","coordinates":[135.7002461,34.9516203]},"properties":{"z":28.1}},{"type":"Feature","geometry":{"type":"Point","coordinates":[135.7001915,34.9516236]},"properties":{"z":28.4}},{"type":"Feature","geometry":{"type":"Point","coordinates":[135.7001367,34.9516241]},"properties":{"z":28.4}},{"type":"Feature","geometry":{"type":"Point","coordinates":[135.7000819,34.951623]},"properties":{"z":28.6}},{"type":"Feature","geometry":{"type":"Point","coordinates":[135.7000271,34.9516211]},"properties":{"z":28.7}},{"type":"Feature","geometry":{"type":"Point","coordinates":[135.6999723,34.9516191]},"properties":{"z":28.7}},{"type":"Feature","geometry":{"type":"Point","coordinates":[135.6999174,34.9516192]},"properties":{"z":28.8}},{"type":"Feature","geometry":{"type":"Point","coordinates":[135.6998626,34.95162]},"properties":{"z":28.8}},{"type":"Feature","geometry":{"type":"Point","coordinates":[135.6998078,34.9516217]},"properties":{"z":28.8}},{"type":"Feature","geometry":{"type":"Point","coordinates":[135.6997532,34.9516252]},"properties":{"z":28.9}},{"type":"Feature","geometry":{"type":"Point","coordinates":[135.6996986,34.9516297]},"properties":{"z":28.9}},{"type":"Feature","geometry":{"type":"Point","coordinates":[135.6996438,34.9516317]},"properties":{"z":28.9}},{"type":"Feature","geometry":{"type":"Point","coordinates":[135.699589,34.9516333]},"properties":{"z":28.9}},{"type":"Feature","geometry":{"type":"Point","coordinates":[135.6995342,34.9516353]},"properties":{"z":28.9}},{"type":"Feature","geometry":{"type":"Point","coordinates":[135.6994794,34.9516371]},"properties":{"z":29.0}},{"type":"Feature","geometry":{"type":"Point","coordinates":[135.6994246,34.9516383]},"properties":{"z":29.0}},{"type":"Feature","geometry":{"type":"Point","coordinates":[135.6993698,34.9516399]},"properties":{"z":29.0}},{"type":"Feature","geometry":{"type":"Point","coordinates":[135.699315,34.9516422]},"properties":{"z":29.2}},{"type":"Feature","geometry":{"type":"Point","coordinates":[135.6992603,34.9516445]},"properties":{"z":29.6}},{"type":"Feature","geometry":{"type":"Point","coordinates":[135.6992055,34.9516468]},"properties":{"z":29.6}},{"type":"Feature","geometry":{"type":"Point","coordinates":[135.6991507,34.9516488]},"properties":{"z":30.1}},{"type":"Feature","geometry":{"type":"Point","coordinates":[135.6990959,34.9516504]},"properties":{"z":30.1}},{"type":"Feature","geometry":{"type":"Point","coordinates":[135.699041,34.9516508]},"properties":{"z":30.7}},{"type":"Feature","geometry":{"type":"Point","coordinates":[135.6989863,34.9516489]},"properties":{"z":31.3}},{"type":"Feature","geometry":{"type":"Point","coordinates":[135.6989316,34.9516472]},"properties":{"z":31.3}},{"type":"Feature","geometry":{"type":"Point","coordinates":[135.6988768,34.9516498]},"properties":{"z":31.9}},{"type":"Feature","geometry":{"type":"Point","coordinates":[135.6988236,34.9516602]},"properties":{"z":32.5}},{"type":"Feature","geometry":{"type":"Point","coordinates":[135.6987703,34.9516706]},"properties":{"z":32.4}},{"type":"Feature","geometry":{"type":"Point","coordinates":[135.6987164,34.9516775]},"properties":{"z":33.0}},{"type":"Feature","geometry":{"type":"Point","coordinates":[135.6986619,34.9516727]},"properties":{"z":33.0}},{"type":"Feature","geometry":{"type":"Point","coordinates":[135.6986073,34.951668]},"properties":{"z":33.6}},{"type":"Feature","geometry":{"type":"Point","coordinates":[135.6985528,34.9516628]},"properties":{"z":34.2}},{"type":"Feature","geometry":{"type":"Point","coordinates":[135.6984981,34.9516612]},"properties":{"z":34.2}},{"type":"Feature","geometry":{"type":"Point","coordinates":[135.6984433,34.9516612]},"properties":{"z":34.7}},{"type":"Feature","geometry":{"type":"Point","coordinates":[135.6983884,34.9516604]},"properties":{"z":35.3}},{"type":"Feature","geometry":{"type":"Point","coordinates":[135.6983337,34.9516574]},"properties":{"z":35.3}},{"type":"Feature","geometry":{"type":"Point","coordinates":[135.6982799,34.9516492]},"properties":{"z":35.8}},{"type":"Feature","geometry":{"type":"Point","coordinates":[135.6982252,34.951646]},"properties":{"z":36.4}},{"type":"Feature","geometry":{"type":"Point","coordinates":[135.6981704,34.9516465]},"properties":{"z":36.4}},{"type":"Feature","geometry":{"type":"Point","coordinates":[135.6981155,34.9516472]},"properties":{"z":37.0}},{"type":"Feature","geometry":{"type":"Point","coordinates":[135.6980607,34.9516466]},"properties":{"z":37.3}},{"type":"Feature","geometry":{"type":"Point","coordinates":[135.698006,34.9516493]},"properties":{"z":37.3}},{"type":"Feature","geometry":{"type":"Point","coordinates":[135.6979512,34.9516508]},"properties":{"z":37.5}},{"type":"Feature","geometry":{"type":"Point","coordinates":[135.6978965,34.9516486]},"properties":{"z":37.5}},{"type":"Feature","geometry":{"type":"Point","coordinates":[135.6978419,34.9516444]},"properties":{"z":37.6}},{"type":"Feature","geometry":{"type":"Point","coordinates":[135.6977872,34.951641]},"properties":{"z":37.8}},{"type":"Feature","geometry":{"type":"Point","coordinates":[135.6977324,34.9516392]},"properties":{"z":37.8}},{"type":"Feature","geometry":{"type":"Point","coordinates":[135.6976776,34.951638]},"properties":{"z":37.9}},{"type":"Feature","geometry":{"type":"Point","coordinates":[135.6976228,34.9516383]},"properties":{"z":38.1}},{"type":"Feature","geometry":{"type":"Point","coordinates":[135.697568,34.9516396]},"properties":{"z":38.1}},{"type":"Feature","geometry":{"type":"Point","coordinates":[135.6975132,34.9516391]},"properties":{"z":38.3}},{"type":"Feature","geometry":{"type":"Point","coordinates":[135.6974584,34.9516368]},"properties":{"z":39.3}},{"type":"Feature","geometry":{"type":"Point","coordinates":[135.6974036,34.951635]},"properties":{"z":39.3}},{"type":"Feature","geometry":{"type":"Point","coordinates":[135.6973489,34.9516327]},"properties":{"z":40.3}},{"type":"Feature","geometry":{"type":"Point","coordinates":[135.6972945,34.9516287]},"properties":{"z":40.3}},{"type":"Feature","geometry":{"type":"Point","coordinates":[135.6972398,34.9516315]},"properties":{"z":41.3}},{"type":"Feature","geometry":{"type":"Point","coordinates":[135.6971853,34.9516356]},"properties":{"z":42.4}},{"type":"Feature","geometry":{"type":"Point","coordinates":[135.6971305,34.9516351]},"properties":{"z":42.4}},{"type":"Feature","geometry":{"type":"Point","coordinates":[135.697076,34.9516308]},"properties":{"z":43.4}},{"type":"Feature","geometry":{"type":"Point","coordinates":[135.6970214,34.9516262]},"properties":{"z":44.4}},{"type":"Feature","geometry":{"type":"Point","coordinates":[135.6969668,34.9516224]},"properties":{"z":44.4}},{"type":"Feature","geometry":{"type":"Point","coordinates":[135.6969121,34.9516191]},"properties":{"z":45.4}},{"type":"Feature","geometry":{"type":"Point","coordinates":[135.6968573,34.9516186]},"properties":{"z":46.4}},{"type":"Feature","geometry":{"type":"Point","coordinates":[135.6968024,34.9516172]},"properties":{"z":46.4}},{"type":"Feature","geometry":{"type":"Point","coordinates":[135.6967477,34.9516175]},"properties":{"z":47.2}},{"type":"Feature","geometry":{"type":"Point","coordinates":[135.6966931,34.951622]},"properties":{"z":47.2}},{"type":"Feature","geometry":{"type":"Point","coordinates":[135.6966383,34.9516237]},"properties":{"z":47.5}},{"type":"Feature","geometry":{"type":"Point","coordinates":[135.6965843,34.951626]},"properties":{"z":47.6}},{"type":"Feature","geometry":{"type":"Point","coordinates":[135.6965315,34.9516376]},"properties":{"z":47.6}},{"type":"Feature","geometry":{"type":"Point","coordinates":[135.6964774,34.9516452]},"properties":{"z":47.7}},{"type":"Feature","geometry":{"type":"Point","coordinates":[135.696423,34.951651]},"properties":{"z":47.8}},{"type":"Feature","geometry":{"type":"Point","coordinates":[135.6963687,34.9516571]},"properties":{"z":47.8}},{"type":"Feature","geometry":{"type":"Point","coordinates":[135.6963153,34.9516671]},"properties":{"z":47.6}},{"type":"Feature","geometry":{"type":"Point","coordinates":[135.6962622,34.9516784]},"properties":{"z":47.6}},{"type":"Feature","geometry":{"type":"Point","coordinates":[135.6962094,34.9516905]},"properties":{"z":48.4}},{"type":"Feature","geometry":{"type":"Point","coordinates":[135.6961562,34.9517016]},"properties":{"z":49.2}},{"type":"Feature","geometry":{"type":"Point","coordinates":[135.6961024,34.9517101]},"properties":{"z":49.2}},{"type":"Feature","geometry":{"type":"Point","coordinates":[135.6960483,34.9517175]},"properties":{"z":49.9}},{"type":"Feature","geometry":{"type":"Point","coordinates":[135.6959937,34.9517216]},"properties":{"z":50.6}},{"type":"Feature","geometry":{"type":"Point","coordinates":[135.6959396,34.9517285]},"properties":{"z":50.6}},{"type":"Feature","geometry":{"type":"Point","coordinates":[135.6958858,34.9517373]},"properties":{"z":51.2}},{"type":"Feature","geometry":{"type":"Point","coordinates":[135.6958316,34.9517438]},"properties":{"z":51.2}},{"type":"Feature","geometry":{"type":"Point","coordinates":[135.695777,34.9517484]},"properties":{"z":51.9}},{"type":"Feature","geometry":{"type":"Point","coordinates":[135.695723,34.9517561]},"properties":{"z":52.7}},{"type":"Feature","geometry":{"type":"Point","coordinates":[135.6956687,34.9517624]},"properties":{"z":52.7}},{"type":"Feature","geometry":{"type":"Point","coordinates":[135.6956153,34.9517727]},"properties":{"z":53.4}},{"type":"Feature","geometry":{"type":"Point","coordinates":[135.6955623,34.9517839]},"properties":{"z":54.2}},{"type":"Feature","geometry":{"type":"Point","coordinates":[135.6955091,34.9517948]},"properties":{"z":54.2}},{"type":"Feature","geometry":{"type":"Point","coordinates":[135.6954552,34.9518032]},"properties":{"z":54.5}},{"type":"Feature","geometry":{"type":"Point","coordinates":[135.6954013,34.9518113]},"properties":{"z":54.5}},{"type":"Feature","geometry":{"type":"Point","coordinates":[135.6953475,34.95182]},"properties":{"z":54.6}},{"type":"Feature","geometry":{"type":"Point","coordinates":[135.695294,34.95183]},"properties":{"z":54.6}},{"type":"Feature","geometry":{"type":"Point","coordinates":[135.6952426,34.9518453]},"properties":{"z":54.6}},{"type":"Feature","geometry":{"type":"Point","coordinates":[135.6951889,34.9518539]},"properties":{"z":54.6}},{"type":"Feature","geometry":{"type":"Point","coordinates":[135.6951356,34.9518638]},"properties":{"z":54.6}},{"type":"Feature","geometry":{"type":"Point","coordinates":[135.6950845,34.9518789]},"properties":{"z":54.7}},{"type":"Feature","geometry":{"type":"Point","coordinates":[135.6950341,34.9518963]},"properties":{"z":54.7}},{"type":"Feature","geometry":{"type":"Point","coordinates":[135.6949796,34.9519005]},"properties":{"z":54.7}},{"type":"Feature","geometry":{"type":"Point","coordinates":[135.6949247,34.951902]},"properties":{"z":54.8}},{"type":"Feature","geometry":{"type":"Point","coordinates":[135.69487,34.9519001]},"properties":{"z":54.8}},{"type":"Feature","geometry":{"type":"Point","coordinates":[135.6948153,34.9518982]},"properties":{"z":54.8}},{"type":"Feature","geometry":{"type":"Point","coordinates":[135.6947605,34.9518979]},"properties":{"z":54.8}},{"type":"Feature","geometry":{"type":"Point","coordinates":[135.6947059,34.9518939]},"properties":{"z":54.8}},{"type":"Feature","geometry":{"type":"Point","coordinates":[135.6946513,34.9518954]},"properties":{"z":54.8}},{"type":"Feature","geometry":{"type":"Point","coordinates":[135.6945965,34.9518963]},"properties":{"z":54.9}},{"type":"Feature","geometry":{"type":"Point","coordinates":[135.6945427,34.9518878]},"properties":{"z":54.9}},{"type":"Feature","geometry":{"type":"Point","coordinates":[135.6944905,34.9518741]},"properties":{"z":54.8}},{"type":"Feature","geometry":{"type":"Point","coordinates":[135.6944414,34.9518543]},"properties":{"z":54.8}},{"type":"Feature","geometry":{"type":"Point","coordinates":[135.6943891,34.9518438]},"properties":{"z":54.8}},{"type":"Feature","geometry":{"type":"Point","coordinates":[135.6943344,34.9518411]},"properties":{"z":54.8}},{"type":"Feature","geometry":{"type":"Point","coordinates":[135.6942834,34.9518269]},"properties":{"z":54.8}},{"type":"Feature","geometry":{"type":"Point","coordinates":[135.6942346,34.9518063]},"properties":{"z":54.8}},{"type":"Feature","geometry":{"type":"Point","coordinates":[135.6941859,34.9517857]},"properties":{"z":54.7}},{"type":"Feature","geometry":{"type":"Point","coordinates":[135.694138,34.9517638]},"properties":{"z":54.7}},{"type":"Feature","geometry":{"type":"Point","coordinates":[135.6940909,34.9517408]},"properties":{"z":54.7}},{"type":"Feature","geometry":{"type":"Point","coordinates":[135.6940445,34.9517169]},"properties":{"z":54.7}},{"type":"Feature","geometry":{"type":"Point","coordinates":[135.6939996,34.951691]},"properties":{"z":54.7}},{"type":"Feature","geometry":{"type":"Point","coordinates":[135.6939564,34.9516633]},"properties":{"z":54.6}},{"type":"Feature","geometry":{"type":"Point","coordinates":[135.693914,34.9516348]},"properties":{"z":54.6}},{"type":"Feature","geometry":{"type":"Point","coordinates":[135.6938717,34.9516062]},"properties":{"z":54.6}},{"type":"Feature","geometry":{"type":"Point","coordinates":[135.6938298,34.9515772]},"properties":{"z":54.6}},{"type":"Feature","geometry":{"type":"Point","coordinates":[135.6937882,34.9515481]},"properties":{"z":54.6}},{"type":"Feature","geometry":{"type":"Point","coordinates":[135.6937442,34.9515212]},"properties":{"z":54.7}},{"type":"Feature","geometry":{"type":"Point","coordinates":[135.6937031,34.9514914]},"properties":{"z":54.7}},{"type":"Feature","geometry":{"type":"Point","coordinates":[135.6936608,34.9514628]},"properties":{"z":54.8}},{"type":"Feature","geometry":{"type":"Point","coordinates":[135.6936145,34.951439]},"properties":{"z":54.9}},{"type":"Feature","geometry":{"type":"Point","coordinates":[135.6935654,34.9514191]},"properties":{"z":55.1}},{"type":"Feature","geometry":{"type":"Point","coordinates":[135.6935149,34.9514016]},"properties":{"z":55.1}},{"type":"Feature","geometry":{"type":"Point","coordinates":[135.6934635,34.9513862]},"properties":{"z":55.3}},{"type":"Feature","geometry":{"type":"Point","coordinates":[135.69341,34.9513763]},"properties":{"z":55.7}},{"type":"Feature","geometry":{"type":"Point","coordinates":[135.6933578,34.9513627]},"properties":{"z":55.7}},{"type":"Feature","geometry":{"type":"Point","coordinates":[135.6933042,34.9513529]},"properties":{"z":55.9}},{"type":"Feature","geometry":{"type":"Point","coordinates":[135.6932496,34.9513491]},"properties":{"z":56.2}},{"type":"Feature","geometry":{"type":"Point","coordinates":[135.6931954,34.9513425]},"properties":{"z":56.2}},{"type":"Feature","geometry":{"type":"Point","coordinates":[135.6931419,34.9513327]},"properties":{"z":56.5}},{"type":"Feature","geometry":{"type":"Point","coordinates":[135.6930886,34.9513224]},"properties":{"z":56.5}},{"type":"Feature","geometry":{"type":"Point","coordinates":[135.6930346,34.9513148]},"properties":{"z":56.8}},{"type":"Feature","geometry":{"type":"Point","coordinates":[135.6929807,34.9513065]},"properties":{"z":57.2}},{"type":"Feature","geometry":{"type":"Point","coordinates":[135.6929272,34.9512965]},"properties":{"z":57.2}},{"type":"Feature","geometry":{"type":"Point","coordinates":[135.6928741,34.9512855]},"properties":{"z":57.5}},{"type":"Feature","geometry":{"type":"Point","coordinates":[135.6928209,34.9512743]},"properties":{"z":57.8}},{"type":"Feature","geometry":{"type":"Point","coordinates":[135.6927675,34.951264]},"properties":{"z":57.8}},{"type":"Feature","geometry":{"type":"Point","coordinates":[135.6927139,34.9512546]},"properties":{"z":58.0}},{"type":"Feature","geometry":{"type":"Point","coordinates":[135.6926611,34.9512428]},"properties":{"z":58.0}},{"type":"Feature","geometry":{"type":"Point","coordinates":[135.6926086,34.9512297]},"properties":{"z":57.7}},{"type":"Feature","geometry":{"type":"Point","coordinates":[135.6925556,34.9512182]},"properties":{"z":57.7}},{"type":"Feature","geometry":{"type":"Point","coordinates":[135.6925018,34.9512097]},"properties":{"z":57.7}},{"type":"Feature","geometry":{"type":"Point","coordinates":[135.6924474,34.9512043]},"properties":{"z":57.6}},{"type":"Feature","geometry":{"type":"Point","coordinates":[135.6923928,34.9512032]},"properties":{"z":57.4}},{"type":"Feature","geometry":{"type":"Point","coordinates":[135.6923384,34.9512092]},"properties":{"z":57.4}},{"type":"Feature","geometry":{"type":"Point","coordinates":[135.692284,34.9512148]},"properties":{"z":57.3}},{"type":"Feature","geometry":{"type":"Point","coordinates":[135.6922294,34.9512189]},"properties":{"z":57.3}},{"type":"Feature","geometry":{"type":"Point","coordinates":[135.6921748,34.9512228]},"properties":{"z":57.1}},{"type":"Feature","geometry":{"type":"Point","coordinates":[135.6921213,34.9512324]},"properties":{"z":56.8}},{"type":"Feature","geometry":{"type":"Point","coordinates":[135.6920679,34.9512428]},"properties":{"z":57.2}},{"type":"Feature","geometry":{"type":"Point","coordinates":[135.6920148,34.951254]},"properties":{"z":57.0}},{"type":"Feature","geometry":{"type":"Point","coordinates":[135.6919618,34.9512657]},"properties":{"z":56.7}},{"type":"Feature","geometry":{"type":"Point","coordinates":[135.6919089,34.9512776]},"properties":{"z":56.7}},{"type":"Feature","geometry":{"type":"Point","coordinates":[135.6918556,34.9512882]},"properties":{"z":55.9}},{"type":"Feature","geometry":{"type":"Point","coordinates":[135.6918021,34.951298]},"properties":{"z":55.9}},{"type":"Feature","geometry":{"type":"Point","coordinates":[135.6917485,34.9513074]},"properties":{"z":55.1}},{"type":"Feature","geometry":{"type":"Point","coordinates":[135.6916948,34.9513166]},"properties":{"z":54.7}},{"type":"Feature","geometry":{"type":"Point","coordinates":[135.6916432,34.9513314]},"properties":{"z":54.7}},{"type":"Feature","geometry":{"type":"Point","coordinates":[135.6915925,34.9513484]},"properties":{"z":54.4}},{"type":"Feature","geometry":{"type":"Point","coordinates":[135.6915417,34.9513655]},"properties":{"z":54.4}},{"type":"Feature","geometry":{"type":"Point","coordinates":[135.6914911,34.9513828]},"properties":{"z":54.6}},{"type":"Feature","geometry":{"type":"Point","coordinates":[135.6914405,34.9514001]},"properties":{"z":54.5}},{"type":"Feature","geometry":{"type":"Point","coordinates":[135.6913888,34.9514151]},"properties":{"z":54.5}},{"type":"Feature","geometry":{"type":"Point","coordinates":[135.6913371,34.9514301]},"properties":{"z":54.3}},{"type":"Feature","geometry":{"type":"Point","coordinates":[135.6912842,34.9514418]},"properties":{"z":54.3}},{"type":"Feature","geometry":{"type":"Point","coordinates":[135.691231,34.9514529]},"properties":{"z":54.2}},{"type":"Feature","geometry":{"type":"Point","coordinates":[135.6911786,34.9514661]},"properties":{"z":54.3}},{"type":"Feature","geometry":{"type":"Point","coordinates":[135.6911262,34.9514795]},"properties":{"z":54.3}},{"type":"Feature","geometry":{"type":"Point","coordinates":[135.6910744,34.9514941]},"properties":{"z":54.1}},{"type":"Feature","geometry":{"type":"Point","coordinates":[135.6910227,34.9515092]},"properties":{"z":53.8}},{"type":"Feature","geometry":{"type":"Point","coordinates":[135.6909709,34.951524]},"properties":{"z":54.1}},{"type":"Feature","geometry":{"type":"Point","coordinates":[135.690919,34.9515385]},"properties":{"z":53.8}},{"type":"Feature","geometry":{"type":"Point","coordinates":[135.6908673,34.9515533]},"properties":{"z":53.8}},{"type":"Feature","geometry":{"type":"Point","coordinates":[135.6908161,34.9515695]},"properties":{"z":53.4}},{"type":"Feature","geometry":{"type":"Point","coordinates":[135.6907649,34.9515856]},"properties":{"z":53.1}},{"type":"Feature","geometry":{"type":"Point","coordinates":[135.6907104,34.9515908]},"properties":{"z":53.1}},{"type":"Feature","geometry":{"type":"Point","coordinates":[135.690656,34.9515963]},"properties":{"z":53.3}},{"type":"Feature","geometry":{"type":"Point","coordinates":[135.6906018,34.951603]},"properties":{"z":53.3}},{"type":"Feature","geometry":{"type":"Point","coordinates":[135.6905475,34.9516096]},"properties":{"z":53.0}},{"type":"Feature","geometry":{"type":"Point","coordinates":[135.6904955,34.9516232]},"properties":{"z":52.7}},{"type":"Feature","geometry":{"type":"Point","coordinates":[135.6904444,34.9516394]},"properties":{"z":52.7}},{"type":"Feature","geometry":{"type":"Point","coordinates":[135.6903926,34.9516532]},"properties":{"z":52.5}},{"type":"Feature","geometry":{"type":"Point","coordinates":[135.6903378,34.9516544]},"properties":{"z":52.5}},{"type":"Feature","geometry":{"type":"Point","coordinates":[135.690283,34.9516555]},"properties":{"z":52.2}},{"type":"Feature","geometry":{"type":"Point","coordinates":[135.6902282,34.9516535]},"properties":{"z":52.0}},{"type":"Feature","geometry":{"type":"Point","coordinates":[135.6901735,34.9516505]},"properties":{"z":52.0}},{"type":"Feature","geometry":{"type":"Point","coordinates":[135.6901188,34.9516479]},"properties":{"z":51.8}},{"type":"Feature","geometry":{"type":"Point","coordinates":[135.690064,34.9516463]},"properties":{"z":51.6}},{"type":"Feature","geometry":{"type":"Point","coordinates":[135.6900092,34.9516447]},"properties":{"z":51.6}},{"type":"Feature","geometry":{"type":"Point","coordinates":[135.6899544,34.9516459]},"properties":{"z":51.2}},{"type":"Feature","geometry":{"type":"Point","coordinates":[135.6898997,34.9516492]},"properties":{"z":50.7}},{"type":"Feature","geometry":{"type":"Point","coordinates":[135.689845,34.9516525]},"properties":{"z":50.7}},{"type":"Feature","geometry":{"type":"Point","coordinates":[135.6897902,34.9516515]},"properties":{"z":50.3}},{"type":"Feature","geometry":{"type":"Point","coordinates":[135.6897354,34.9516506]},"properties":{"z":49.2}},{"type":"Feature","geometry":{"type":"Point","coordinates":[135.6896809,34.9516463]},"properties":{"z":49.2}},{"type":"Feature","geometry":{"type":"Point","coordinates":[135.6896269,34.9516387]},"properties":{"z":47.1}},{"type":"Feature","geometry":{"type":"Point","coordinates":[135.6895728,34.951631]},"properties":{"z":47.1}},{"type":"Feature","geometry":{"type":"Point","coordinates":[135.6895193,34.9516211]},"properties":{"z":45.6}},{"type":"Feature","geometry":{"type":"Point","coordinates":[135.6894659,34.951611]},"properties":{"z":45.0}},{"type":"Feature","geometry":{"type":"Point","coordinates":[135.6894132,34.9515989]},"properties":{"z":45.0}},{"type":"Feature","geometry":{"type":"Point","coordinates":[135.6893624,34.951582]},"properties":{"z":43.8}},{"type":"Feature","geometry":{"type":"Point","coordinates":[135.6893156,34.9515782]},"properties":{"z":43.8}},{"type":"Feature","geometry":{"type":"Point","coordinates":[135.6892679,34.9516003]},"properties":{"z":44.5}},{"type":"Feature","geometry":{"type":"Point","coordinates":[135.6892183,34.9516192]},"properties":{"z":44.2}},{"type":"Feature","geometry":{"type":"Point","coordinates":[135.6891672,34.9516356]},"properties":{"z":44.2}},{"type":"Feature","geometry":{"type":"Point","coordinates":[135.6891129,34.9516414]},"properties":{"z":43.9}},{"type":"Feature","geometry":{"type":"Point","coordinates":[135.6890585,34.9516469]},"properties":{"z":43.9}},{"type":"Feature","geometry":{"type":"Point","coordinates":[135.6890041,34.9516527]},"properties":{"z":43.6}},{"type":"Feature","geometry":{"type":"Point","coordinates":[135.6889499,34.9516594]},"properties":{"z":43.2}},{"type":"Feature","geometry":{"type":"Point","coordinates":[135.6888965,34.9516698]},"properties":{"z":43.9}},{"type":"Feature","geometry":{"type":"Point","coordinates":[135.6888433,34.9516807]},"properties":{"z":43.3}},{"type":"Feature","geometry":{"type":"Point","coordinates":[135.6887914,34.9516951]},"properties":{"z":43.3}},{"type":"Feature","geometry":{"type":"Point","coordinates":[135.6887394,34.9517095]},"properties":{"z":43.0}},{"type":"Feature","geometry":{"type":"Point","coordinates":[135.6886873,34.9517234]},"properties":{"z":42.7}},{"type":"Feature","geometry":{"type":"Point","coordinates":[135.6886349,34.9517368]},"properties":{"z":43.3}},{"type":"Feature","geometry":{"type":"Point","coordinates":[135.6885826,34.9517503]},"properties":{"z":43.1}},{"type":"Feature","geometry":{"type":"Point","coordinates":[135.6885307,34.9517647]},"properties":{"z":42.9}},{"type":"Feature","geometry":{"type":"Point","coordinates":[135.6884789,34.9517794]},"properties":{"z":42.9}},{"type":"Feature","geometry":{"type":"Point","coordinates":[135.688427,34.9517941]},"properties":{"z":42.8}},{"type":"Feature","geometry":{"type":"Point","coordinates":[135.6883749,34.9518081]},"properties":{"z":43.4}},{"type":"Feature","geometry":{"type":"Point","coordinates":[135.6883228,34.951822]},"properties":{"z":43.2}},{"type":"Feature","geometry":{"type":"Point","coordinates":[135.6882709,34.9518366]},"properties":{"z":43.1}},{"type":"Feature","geometry":{"type":"Point","coordinates":[135.6882197,34.9518526]},"properties":{"z":43.1}},{"type":"Feature","geometry":{"type":"Point","coordinates":[135.6881684,34.9518687]},"properties":{"z":42.9}},{"type":"Feature","geometry":{"type":"Point","coordinates":[135.6881168,34.9518839]},"properties":{"z":43.6}},{"type":"Feature","geometry":{"type":"Point","coordinates":[135.6880651,34.9518987]},"properties":{"z":43.3}},{"type":"Feature","geometry":{"type":"Point","coordinates":[135.6880133,34.9519136]},"properties":{"z":43.2}},{"type":"Feature","geometry":{"type":"Point","coordinates":[135.6879618,34.9519291]},"properties":{"z":43.2}},{"type":"Feature","geometry":{"type":"Point","coordinates":[135.6879103,34.9519445]},"properties":{"z":42.9}},{"type":"Feature","geometry":{"type":"Point","coordinates":[135.6878585,34.9519592]},"properties":{"z":43.5}},{"type":"Feature","geometry":{"type":"Point","coordinates":[135.6878065,34.9519737]},"properties":{"z":43.2}},{"type":"Feature","geometry":{"type":"Point","coordinates":[135.6877549,34.9519888]},"properties":{"z":43.0}},{"type":"Feature","geometry":{"type":"Point","coordinates":[135.6877036,34.9520047]},"properties":{"z":43.0}},{"type":"Feature","geometry":{"type":"Point","coordinates":[135.6876524,34.9520207]},"properties":{"z":43.2}},{"type":"Feature","geometry":{"type":"Point","coordinates":[135.6876012,34.952037]},"properties":{"z":43.2}},{"type":"Feature","geometry":{"type":"Point","coordinates":[135.6875498,34.9520527]},"properties":{"z":43.0}},{"type":"Feature","geometry":{"type":"Point","coordinates":[135.687498,34.9520672]},"properties":{"z":42.9}},{"type":"Feature","geometry":{"type":"Point","coordinates":[135.6874461,34.9520819]},"properties":{"z":42.9}},{"type":"Feature","geometry":{"type":"Point","coordinates":[135.6873945,34.9520971]},"properties":{"z":43.3}},{"type":"Feature","geometry":{"type":"Point","coordinates":[135.6873429,34.9521123]},"properties":{"z":43.3}},{"type":"Feature","geometry":{"type":"Point","coordinates":[135.6872919,34.9521288]},"properties":{"z":43.2}},{"type":"Feature","geometry":{"type":"Point","coordinates":[135.6872409,34.9521454]},"properties":{"z":43.1}},{"type":"Feature","geometry":{"type":"Point","coordinates":[135.6871893,34.9521606]},"properties":{"z":43.5}},{"type":"Feature","geometry":{"type":"Point","coordinates":[135.6871376,34.9521757]},"properties":{"z":43.4}},{"type":"Feature","geometry":{"type":"Point","coordinates":[135.6870862,34.9521913]},"properties":{"z":43.4}},{"type":"Feature","geometry":{"type":"Point","coordinates":[135.6870349,34.9522072]},"properties":{"z":43.3}},{"type":"Feature","geometry":{"type":"Point","coordinates":[135.6869835,34.9522228]},"properties":{"z":43.3}},{"type":"Feature","geometry":{"type":"Point","coordinates":[135.6869319,34.9522381]},"properties":{"z":43.7}},{"type":"Feature","geometry":{"type":"Point","coordinates":[135.6868807,34.9522542]},"properties":{"z":43.6}},{"type":"Feature","geometry":{"type":"Point","coordinates":[135.6868299,34.9522712]},"properties":{"z":43.6}},{"type":"Feature","geometry":{"type":"Point","coordinates":[135.6867799,34.9522894]},"properties":{"z":43.6}},{"type":"Feature","geometry":{"type":"Point","coordinates":[135.6867312,34.9523102]},"properties":{"z":43.8}},{"type":"Feature","geometry":{"type":"Point","coordinates":[135.6866826,34.952331]},"properties":{"z":43.8}},{"type":"Feature","geometry":{"type":"Point","coordinates":[135.6866342,34.9523521]},"properties":{"z":43.7}},{"type":"Feature","geometry":{"type":"Point","coordinates":[135.6865856,34.952373]},"properties":{"z":43.9}},{"type":"Feature","geometry":{"type":"Point","coordinates":[135.6865365,34.9523929]},"properties":{"z":43.7}},{"type":"Feature","geometry":{"type":"Point","coordinates":[135.6864874,34.952413]},"properties":{"z":43.7}},{"type":"Feature","geometry":{"type":"Point","coordinates":[135.6864385,34.9524333]},"properties":{"z":43.6}},{"type":"Feature","geometry":{"type":"Point","coordinates":[135.6863901,34.9524545]},"properties":{"z":43.8}},{"type":"Feature","geometry":{"type":"Point","coordinates":[135.6863422,34.9524763]},"properties":{"z":43.7}},{"type":"Feature","geometry":{"type":"Point","coordinates":[135.6862943,34.9524983]},"properties":{"z":43.7}},{"type":"Feature","geometry":{"type":"Point","coordinates":[135.6862454,34.9525186]},"properties":{"z":43.9}},{"type":"Feature","geometry":{"type":"Point","coordinates":[135.6861943,34.952511]},"properties":{"z":43.9}},{"type":"Feature","geometry":{"type":"Point","coordinates":[135.6861612,34.9524754]},"properties":{"z":43.6}},{"type":"Feature","geometry":{"type":"Point","coordinates":[135.6861311,34.9524379]},"properties":{"z":43.4}},{"type":"Feature","geometry":{"type":"Point","coordinates":[135.6861002,34.9524008]},"properties":{"z":43.4}},{"type":"Feature","geometry":{"type":"Point","coordinates":[135.6860705,34.952363]},"properties":{"z":43.3}},{"type":"Feature","geometry":{"type":"Point","coordinates":[135.6860423,34.9523244]},"properties":{"z":43.3}},{"type":"Feature","geometry":{"type":"Point","coordinates":[135.6860249,34.9522822]},"properties":{"z":43.3}},{"type":"Feature","geometry":{"type":"Point","coordinates":[135.686001,34.9522419]},"properties":{"z":43.3}},{"type":"Feature","geometry":{"type":"Point","coordinates":[135.685974,34.952203]},"properties":{"z":43.3}},{"type":"Feature","geometry":{"type":"Point","coordinates":[135.6859565,34.9521607]},"properties":{"z":43.3}},{"type":"Feature","geometry":{"type":"Point","coordinates":[135.685952,34.9521159]},"properties":{"z":43.3}},{"type":"Feature","geometry":{"type":"Point","coordinates":[135.6859445,34.9520714]},"properties":{"z":43.3}},{"type":"Feature","geometry":{"type":"Point","coordinates":[135.6859371,34.9520268]},"properties":{"z":43.3}},{"type":"Feature","geometry":{"type":"Point","coordinates":[135.6859311,34.9519821]},"properties":{"z":43.3}},{"type":"Feature","geometry":{"type":"Point","coordinates":[135.6859255,34.9519374]},"properties":{"z":43.2}},{"type":"Feature","geometry":{"type":"Point","coordinates":[135.6859201,34.9518927]},"properties":{"z":43.2}},{"type":"Feature","geometry":{"type":"Point","coordinates":[135.6859165,34.9518478]},"properties":{"z":43.2}},{"type":"Feature","geometry":{"type":"Point","coordinates":[135.685912,34.951803]},"properties":{"z":43.2}},{"type":"Feature","geometry":{"type":"Point","coordinates":[135.6859067,34.9517583]},"properties":{"z":43.2}},{"type":"Feature","geometry":{"type":"Point","coordinates":[135.6859012,34.9517136]},"properties":{"z":43.2}},{"type":"Feature","geometry":{"type":"Point","coordinates":[135.6858968,34.9516688]},"properties":{"z":43.2}},{"type":"Feature","geometry":{"type":"Point","coordinates":[135.6858935,34.9516239]},"properties":{"z":43.1}},{"type":"Feature","geometry":{"type":"Point","coordinates":[135.6858891,34.9515791]},"properties":{"z":43.1}},{"type":"Feature","geometry":{"type":"Point","coordinates":[135.6858841,34.9515343]},"properties":{"z":43.1}},{"type":"Feature","geometry":{"type":"Point","coordinates":[135.6858787,34.9514896]},"properties":{"z":43.1}},{"type":"Feature","geometry":{"type":"Point","coordinates":[135.6858745,34.9514448]},"properties":{"z":43.1}},{"type":"Feature","geometry":{"type":"Point","coordinates":[135.685868,34.9514002]},"properties":{"z":43.1}},{"type":"Feature","geometry":{"type":"Point","coordinates":[135.6858647,34.9513553]},"properties":{"z":43.1}},{"type":"Feature","geometry":{"type":"Point","coordinates":[135.6858789,34.9513135]},"properties":{"z":43.0}},{"type":"Feature","geometry":{"type":"Point","coordinates":[135.6858973,34.9512721]},"properties":{"z":43.0}},{"type":"Feature","geometry":{"type":"Point","coordinates":[135.6858932,34.9512278]},"properties":{"z":43.0}},{"type":"Feature","geometry":{"type":"Point","coordinates":[135.6858693,34.9511879]},"properties":{"z":43.0}},{"type":"Feature","geometry":{"type":"Point","coordinates":[135.6858433,34.9511483]},"properties":{"z":43.0}},{"type":"Feature","geometry":{"type":"Point","coordinates":[135.6858385,34.9511053]},"properties":{"z":43.0}},{"type":"Feature","geometry":{"type":"Point","coordinates":[135.6858722,34.9510734]},"properties":{"z":43.0}},{"type":"Feature","geometry":{"type":"Point","coordinates":[135.6859037,34.9510367]},"properties":{"z":42.9}},{"type":"Feature","geometry":{"type":"Point","coordinates":[135.685937,34.951001]},"properties":{"z":42.8}},{"type":"Feature","geometry":{"type":"Point","coordinates":[135.6859458,34.9509719]},"properties":{"z":42.8}},{"type":"Feature","geometry":{"type":"Point","coordinates":[135.6859016,34.9509985]},"properties":{"z":42.8}},{"type":"Feature","geometry":{"type":"Point","coordinates":[135.6858587,34.951026]},"properties":{"z":43.0}},{"type":"Feature","geometry":{"type":"Point","coordinates":[135.6858271,34.9510609]},"properties":{"z":43.0}},{"type":"Feature","geometry":{"type":"Point","coordinates":[135.6858249,34.951102]},"properties":{"z":43.0}},{"type":"Feature","geometry":{"type":"Point","coordinates":[135.6858619,34.9511338]},"properties":{"z":43.0}},{"type":"Feature","geometry":{"type":"Point","coordinates":[135.685909,34.9511566]},"properties":{"z":42.9}},{"type":"Feature","geometry":{"type":"Point","coordinates":[135.6859617,34.9511684]},"properties":{"z":42.8}},{"type":"Feature","geometry":{"type":"Point","coordinates":[135.686016,34.9511689]},"properties":{"z":42.8}},{"type":"Feature","geometry":{"type":"Point","coordinates":[135.6860702,34.9511621]},"properties":{"z":42.7}},{"type":"Feature","geometry":{"type":"Point","coordinates":[135.6861246,34.9511562]},"properties":{"z":42.7}},{"type":"Feature","geometry":{"type":"Point","coordinates":[135.6861787,34.9511492]},"properties":{"z":42.6}},{"type":"Feature","geometry":{"type":"Point","coordinates":[135.6862333,34.951145]},"properties":{"z":42.5}},{"type":"Feature","geometry":{"type":"Point","coordinates":[135.6862867,34.9511485]},"properties":{"z":42.5}},{"type":"Feature","geometry":{"type":"Point","coordinates":[135.6863392,34.9511611]},"properties":{"z":42.4}},{"type":"Feature","geometry":{"type":"Point","coordinates":[135.6863931,34.951167]},"properties":{"z":42.3}},{"type":"Feature","geometry":{"type":"Point","coordinates":[135.6864479,34.9511642]},"properties":{"z":42.3}},{"type":"Feature","geometry":{"type":"Point","coordinates":[135.6865021,34.9511576]},"properties":{"z":42.2}},{"type":"Feature","geometry":{"type":"Point","coordinates":[135.6865561,34.95115]},"properties":{"z":42.2}},{"type":"Feature","geometry":{"type":"Point","coordinates":[135.68661,34.9511415]},"properties":{"z":42.1}},{"type":"Feature","geometry":{"type":"Point","coordinates":[135.6866644,34.951136]},"properties":{"z":42.0}},{"type":"Feature","geometry":{"type":"Point","coordinates":[135.686719,34.9511325]},"properties":{"z":42.0}},{"type":"Feature","geometry":{"type":"Point","coordinates":[135.6867739,34.9511325]},"properties":{"z":41.8}},{"type":"Feature","geometry":{"type":"Point","coordinates":[135.6868284,34.9511365]},"properties":{"z":41.8}},{"type":"Feature","geometry":{"type":"Point","coordinates":[135.6868826,34.951143]},"properties":{"z":41.8}},{"type":"Feature","geometry":{"type":"Point","coordinates":[135.6869361,34.9511531]},"properties":{"z":41.7}},{"type":"Feature","geometry":{"type":"Point","coordinates":[135.6869889,34.951165]},"properties":{"z":41.5}},{"type":"Feature","geometry":{"type":"Point","coordinates":[135.6870414,34.951178]},"properties":{"z":41.6}},{"type":"Feature","geometry":{"type":"Point","coordinates":[135.6870935,34.9511921]},"properties":{"z":41.5}},{"type":"Feature","geometry":{"type":"Point","coordinates":[135.6871457,34.951206]},"properties":{"z":41.5}},{"type":"Feature","geometry":{"type":"Point","coordinates":[135.6871979,34.9512196]},"properties":{"z":41.4}},{"type":"Feature","geometry":{"type":"Point","coordinates":[135.6872503,34.9512328]},"properties":{"z":41.3}},{"type":"Feature","geometry":{"type":"Point","coordinates":[135.687303,34.9512455]},"properties":{"z":41.4}},{"type":"Feature","geometry":{"type":"Point","coordinates":[135.6873555,34.9512584]},"properties":{"z":41.3}},{"type":"Feature","geometry":{"type":"Point","coordinates":[135.6874077,34.951272]},"properties":{"z":41.3}},{"type":"Feature","geometry":{"type":"Point","coordinates":[135.6874589,34.9512882]},"properties":{"z":41.3}},{"type":"Feature","geometry":{"type":"Point","coordinates":[135.68751,34.9513045]},"properties":{"z":41.3}},{"type":"Feature","geometry":{"type":"Point","coordinates":[135.6875615,34.9513201]},"properties":{"z":41.3}},{"type":"Feature","geometry":{"type":"Point","coordinates":[135.687612,34.9513375]},"properties":{"z":41.2}},{"type":"Feature","geometry":{"type":"Point","coordinates":[135.6876632,34.9513534]},"properties":{"z":41.2}},{"type":"Feature","geometry":{"type":"Point","coordinates":[135.6877154,34.9513672]},"properties":{"z":41.2}},{"type":"Feature","geometry":{"type":"Point","coordinates":[135.6877686,34.9513781]},"properties":{"z":41.1}},{"type":"Feature","geometry":{"type":"Point","coordinates":[135.6878206,34.9513922]},"properties":{"z":41.2}},{"type":"Feature","geometry":{"type":"Point","coordinates":[135.6878719,34.9514081]},"properties":{"z":41.1}},{"type":"Feature","geometry":{"type":"Point","coordinates":[135.6879255,34.9514152]},"properties":{"z":41.1}},{"type":"Feature","geometry":{"type":"Point","coordinates":[135.6879799,34.9514203]},"properties":{"z":41.1}},{"type":"Feature","geometry":{"type":"Point","coordinates":[135.6880296,34.9514363]},"properties":{"z":41.0}},{"type":"Feature","geometry":{"type":"Point","coordinates":[135.6880739,34.9514629]},"properties":{"z":41.1}},{"type":"Feature","geometry":{"type":"Point","coordinates":[135.6881193,34.9514876]},"properties":{"z":41.1}},{"type":"Feature","geometry":{"type":"Point","coordinates":[135.6881698,34.951505]},"properties":{"z":41.1}},{"type":"Feature","geometry":{"type":"Point","coordinates":[135.6882228,34.9515164]},"properties":{"z":41.0}},{"type":"Feature","geometry":{"type":"Point","coordinates":[135.6882773,34.9515211]},"properties":{"z":41.0}},{"type":"Feature","geometry":{"type":"Point","coordinates":[135.6883316,34.9515274]},"properties":{"z":41.1}},{"type":"Feature","geometry":{"type":"Point","coordinates":[135.6883856,34.951535]},"properties":{"z":41.2}},{"type":"Feature","geometry":{"type":"Point","coordinates":[135.68844,34.9515408]},"properties":{"z":41.2}},{"type":"Feature","geometry":{"type":"Point","coordinates":[135.6884942,34.9515469]},"properties":{"z":41.2}},{"type":"Feature","geometry":{"type":"Point","coordinates":[135.6885475,34.9515573]},"properties":{"z":41.3}},{"type":"Feature","geometry":{"type":"Point","coordinates":[135.6886014,34.9515652]},"properties":{"z":41.3}},{"type":"Feature","geometry":{"type":"Point","coordinates":[135.6886551,34.9515739]},"properties":{"z":41.4}},{"type":"Feature","geometry":{"type":"Point","coordinates":[135.688708,34.9515857]},"properties":{"z":41.7}},{"type":"Feature","geometry":{"type":"Point","coordinates":[135.6887612,34.9515965]},"properties":{"z":42.4}},{"type":"Feature","geometry":{"type":"Point","coordinates":[135.6888148,34.9516061]},"properties":{"z":42.8}},{"type":"Feature","geometry":{"type":"Point","coordinates":[135.6888688,34.9516135]},"properties":{"z":42.8}},{"type":"Feature","geometry":{"type":"Point","coordinates":[135.6889231,34.9516202]},"properties":{"z":43.2}},{"type":"Feature","geometry":{"type":"Point","coordinates":[135.6889766,34.9516298]},"properties":{"z":43.6}},{"type":"Feature","geometry":{"type":"Point","coordinates":[135.6890295,34.9516413]},"properties":{"z":43.6}},{"type":"Feature","geometry":{"type":"Point","coordinates":[135.6890836,34.951649]},"properties":{"z":43.9}},{"type":"Feature","geometry":{"type":"Point","coordinates":[135.6891381,34.9516541]},"properties":{"z":44.2}},{"type":"Feature","geometry":{"type":"Point","coordinates":[135.6891906,34.9516415]},"properties":{"z":44.2}},{"type":"Feature","geometry":{"type":"Point","coordinates":[135.6892442,34.9516322]},"properties":{"z":44.5}},{"type":"Feature","geometry":{"type":"Point","coordinates":[135.689298,34.9516382]},"properties":{"z":44.5}},{"type":"Feature","geometry":{"type":"Point","coordinates":[135.689349,34.9516544]},"properties":{"z":44.7}},{"type":"Feature","geometry":{"type":"Point","coordinates":[135.6893999,34.9516711]},"properties":{"z":45.9}},{"type":"Feature","geometry":{"type":"Point","coordinates":[135.6894524,34.9516841]},"properties":{"z":45.9}},{"type":"Feature","geometry":{"type":"Point","coordinates":[135.6895055,34.9516953]},"properties":{"z":46.3}},{"type":"Feature","geometry":{"type":"Point","coordinates":[135.6895587,34.9517061]},"properties":{"z":46.3}},{"type":"Feature","geometry":{"type":"Point","coordinates":[135.6896116,34.9517177]},"properties":{"z":47.3}},{"type":"Feature","geometry":{"type":"Point","coordinates":[135.6896654,34.9517262]},"properties":{"z":49.3}},{"type":"Feature","geometry":{"type":"Point","coordinates":[135.6897188,34.9517359]},"properties":{"z":49.4}},{"type":"Feature","geometry":{"type":"Point","coordinates":[135.6897725,34.9517424]},"properties":{"z":50.3}},{"type":"Feature","geometry":{"type":"Point","coordinates":[135.6898271,34.951746]},"properties":{"z":50.8}},{"type":"Feature","geometry":{"type":"Point","coordinates":[135.6898819,34.9517481]},"properties":{"z":50.8}},{"type":"Feature","geometry":{"type":"Point","coordinates":[135.6899367,34.95175]},"properties":{"z":51.4}},{"type":"Feature","geometry":{"type":"Point","coordinates":[135.6899914,34.951753]},"properties":{"z":51.4}},{"type":"Feature","geometry":{"type":"Point","coordinates":[135.690046,34.9517574]},"properties":{"z":51.9}},{"type":"Feature","geometry":{"type":"Point","coordinates":[135.6901008,34.9517583]},"properties":{"z":52.4}},{"type":"Feature","geometry":{"type":"Point","coordinates":[135.6901554,34.9517623]},"properties":{"z":52.4}},{"type":"Feature","geometry":{"type":"Point","coordinates":[135.6902101,34.9517646]},"properties":{"z":52.7}},{"type":"Feature","geometry":{"type":"Point","coordinates":[135.6902633,34.9517734]},"properties":{"z":53.0}},{"type":"Feature","geometry":{"type":"Point","coordinates":[135.69026,34.9518165]},"properties":{"z":53.3}},{"type":"Feature","geometry":{"type":"Point","coordinates":[135.6902317,34.9518549]},"properties":{"z":53.0}},{"type":"Feature","geometry":{"type":"Point","coordinates":[135.6902013,34.9518924]},"properties":{"z":53.3}},{"type":"Feature","geometry":{"type":"Point","coordinates":[135.6901707,34.9519296]},"properties":{"z":53.3}},{"type":"Feature","geometry":{"type":"Point","coordinates":[135.6901424,34.9519682]},"properties":{"z":53.1}},{"type":"Feature","geometry":{"type":"Point","coordinates":[135.6901144,34.9520068]},"properties":{"z":53.1}},{"type":"Feature","geometry":{"type":"Point","coordinates":[135.6900866,34.9520455]},"properties":{"z":53.3}},{"type":"Feature","geometry":{"type":"Point","coordinates":[135.6900602,34.9520849]},"properties":{"z":52.8}},{"type":"Feature","geometry":{"type":"Point","coordinates":[135.6900345,34.9521247]},"properties":{"z":53.1}},{"type":"Feature","geometry":{"type":"Point","coordinates":[135.6900086,34.9521643]},"properties":{"z":53.4}},{"type":"Feature","geometry":{"type":"Point","coordinates":[135.6899831,34.952204]},"properties":{"z":53.0}},{"type":"Feature","geometry":{"type":"Point","coordinates":[135.6899589,34.9522444]},"properties":{"z":53.4}},{"type":"Feature","geometry":{"type":"Point","coordinates":[135.6899369,34.9522856]},"properties":{"z":53.4}},{"type":"Feature","geometry":{"type":"Point","coordinates":[135.6899206,34.9523285]},"properties":{"z":53.7}},{"type":"Feature","geometry":{"type":"Point","coordinates":[135.6899006,34.9523703]},"properties":{"z":53.5}},{"type":"Feature","geometry":{"type":"Point","coordinates":[135.6898797,34.9524119]},"properties":{"z":53.5}},{"type":"Feature","geometry":{"type":"Point","coordinates":[135.6898581,34.9524532]},"properties":{"z":53.8}},{"type":"Feature","geometry":{"type":"Point","coordinates":[135.6898357,34.9524942]},"properties":{"z":53.8}},{"type":"Feature","geometry":{"type":"Point","coordinates":[135.6898132,34.9525352]},"properties":{"z":53.8}},{"type":"Feature","geometry":{"type":"Point","coordinates":[135.689784,34.9525732]},"properties":{"z":53.8}},{"type":"Feature","geometry":{"type":"Point","coordinates":[135.6897571,34.9526124]},"properties":{"z":54.1}},{"type":"Feature","geometry":{"type":"Point","coordinates":[135.6897332,34.9526529]},"properties":{"z":54.1}},{"type":"Feature","geometry":{"type":"Point","coordinates":[135.6897052,34.9526914]},"properties":{"z":54.1}},{"type":"Feature","geometry":{"type":"Point","coordinates":[135.6896807,34.9527315]},"properties":{"z":54.4}},{"type":"Feature","geometry":{"type":"Point","coordinates":[135.6896573,34.9527721]},"properties":{"z":54.4}},{"type":"Feature","geometry":{"type":"Point","coordinates":[135.6896311,34.9528115]},"properties":{"z":54.4}},{"type":"Feature","geometry":{"type":"Point","coordinates":[135.6896044,34.9528508]},"properties":{"z":54.4}},{"type":"Feature","geometry":{"type":"Point","coordinates":[135.6895688,34.952885]},"properties":{"z":54.9}},{"type":"Feature","geometry":{"type":"Point","coordinates":[135.6895375,34.9529219]},"properties":{"z":54.5}},{"type":"Feature","geometry":{"type":"Point","coordinates":[135.6895082,34.9529598]},"properties":{"z":54.9}},{"type":"Feature","geometry":{"type":"Point","coordinates":[135.689475,34.9529955]},"properties":{"z":54.5}},{"type":"Feature","geometry":{"type":"Point","coordinates":[135.6894395,34.9530298]},"properties":{"z":54.8}},{"type":"Feature","geometry":{"type":"Point","coordinates":[135.6894037,34.9530638]},"properties":{"z":54.8}},{"type":"Feature","geometry":{"type":"Point","coordinates":[135.689368,34.9530979]},"properties":{"z":54.7}},{"type":"Feature","geometry":{"type":"Point","coordinates":[135.6893297,34.9531301]},"properties":{"z":54.7}},{"type":"Feature","geometry":{"type":"Point","coordinates":[135.6892912,34.9531621]},"properties":{"z":54.6}},{"type":"Feature","geometry":{"type":"Point","coordinates":[135.6892531,34.9531944]},"properties":{"z":54.6}},{"type":"Feature","geometry":{"type":"Point","coordinates":[135.6892161,34.9532276]},"properties":{"z":54.4}},{"type":"Feature","geometry":{"type":"Point","coordinates":[135.6891801,34.9532615]},"properties":{"z":54.4}},{"type":"Feature","geometry":{"type":"Point","coordinates":[135.6891404,34.9532923]},"properties":{"z":54.7}},{"type":"Feature","geometry":{"type":"Point","coordinates":[135.6890981,34.9533209]},"properties":{"z":54.3}},{"type":"Feature","geometry":{"type":"Point","coordinates":[135.6890553,34.953349]},"properties":{"z":54.3}},{"type":"Feature","geometry":{"type":"Point","coordinates":[135.6890161,34.9533805]},"properties":{"z":54.0}},{"type":"Feature","geometry":{"type":"Point","coordinates":[135.688979,34.9534136]},"properties":{"z":54.0}},{"type":"Feature","geometry":{"type":"Point","coordinates":[135.6889442,34.9534482]},"properties":{"z":53.9}},{"type":"Feature","geometry":{"type":"Point","coordinates":[135.6889107,34.9534838]},"properties":{"z":53.9}},{"type":"Feature","geometry":{"type":"Point","coordinates":[135.6888767,34.9535191]},"properties":{"z":53.7}},{"type":"Feature","geometry":{"type":"Point","coordinates":[135.6888439,34.9535551]},"properties":{"z":53.7}},{"type":"Feature","geometry":{"type":"Point","coordinates":[135.6888094,34.9535901]},"properties":{"z":54.1}},{"type":"Feature","geometry":{"type":"Point","coordinates":[135.6887754,34.9536254]},"properties":{"z":53.6}},{"type":"Feature","geometry":{"type":"Point","coordinates":[135.6887421,34.953661]},"properties":{"z":53.9}},{"type":"Feature","geometry":{"type":"Point","coordinates":[135.6887094,34.9536971]},"properties":{"z":53.9}},{"type":"Feature","geometry":{"type":"Point","coordinates":[135.6886775,34.9537337]},"properties":{"z":53.7}},{"type":"Feature","geometry":{"type":"Point","coordinates":[135.6886476,34.9537713]},"properties":{"z":53.7}},{"type":"Feature","geometry":{"type":"Point","coordinates":[135.6886143,34.9538067]},"properties":{"z":53.5}},{"type":"Feature","geometry":{"type":"Point","coordinates":[135.6885743,34.9538374]},"properties":{"z":53.5}},{"type":"Feature","geometry":{"type":"Point","coordinates":[135.6885399,34.9538724]},"properties":{"z":53.9}},{"type":"Feature","geometry":{"type":"Point","coordinates":[135.6885074,34.9539086]},"properties":{"z":53.4}},{"type":"Feature","geometry":{"type":"Point","coordinates":[135.6884763,34.9539456]},"properties":{"z":53.8}},{"type":"Feature","geometry":{"type":"Point","coordinates":[135.688446,34.953983]},"properties":{"z":53.3}},{"type":"Feature","geometry":{"type":"Point","coordinates":[135.6884171,34.9540212]},"properties":{"z":53.6}},{"type":"Feature","geometry":{"type":"Point","coordinates":[135.6883884,34.9540596]},"properties":{"z":53.9}},{"type":"Feature","geometry":{"type":"Point","coordinates":[135.6883584,34.9540972]},"properties":{"z":53.4}},{"type":"Feature","geometry":{"type":"Point","coordinates":[135.6883294,34.9541353]},"properties":{"z":53.7}},{"type":"Feature","geometry":{"type":"Point","coordinates":[135.6883,34.9541732]},"properties":{"z":53.7}},{"type":"Feature","geometry":{"type":"Point","coordinates":[135.6882688,34.9542102]},"properties":{"z":53.5}},{"type":"Feature","geometry":{"type":"Point","coordinates":[135.6882311,34.9542427]},"properties":{"z":53.5}},{"type":"Feature","geometry":{"type":"Point","coordinates":[135.6881938,34.9542755]},"properties":{"z":53.7}},{"type":"Feature","geometry":{"type":"Point","coordinates":[135.6881601,34.954311]},"properties":{"z":53.3}},{"type":"Feature","geometry":{"type":"Point","coordinates":[135.6881356,34.9543509]},"properties":{"z":53.5}},{"type":"Feature","geometry":{"type":"Point","coordinates":[135.6881153,34.9543926]},"properties":{"z":53.5}},{"type":"Feature","geometry":{"type":"Point","coordinates":[135.6880986,34.9544354]},"properties":{"z":53.9}},{"type":"Feature","geometry":{"type":"Point","coordinates":[135.6880806,34.9544778]},"properties":{"z":53.9}},{"type":"Feature","geometry":{"type":"Point","coordinates":[135.6880606,34.9545197]},"properties":{"z":54.6}},{"type":"Feature","geometry":{"type":"Point","coordinates":[135.6880452,34.9545628]},"properties":{"z":55.0}},{"type":"Feature","geometry":{"type":"Point","coordinates":[135.688032,34.9546064]},"properties":{"z":55.0}},{"type":"Feature","geometry":{"type":"Point","coordinates":[135.6880215,34.9546505]},"properties":{"z":55.6}},{"type":"Feature","geometry":{"type":"Point","coordinates":[135.6880023,34.9546926]},"properties":{"z":56.3}},{"type":"Feature","geometry":{"type":"Point","coordinates":[135.6879822,34.9547344]},"properties":{"z":56.3}},{"type":"Feature","geometry":{"type":"Point","coordinates":[135.6879622,34.9547763]},"properties":{"z":56.7}},{"type":"Feature","geometry":{"type":"Point","coordinates":[135.6879419,34.954818]},"properties":{"z":56.7}},{"type":"Feature","geometry":{"type":"Point","coordinates":[135.6879215,34.9548598]},"properties":{"z":56.6}},{"type":"Feature","geometry":{"type":"Point","coordinates":[135.687901,34.9549015]},"properties":{"z":56.7}},{"type":"Feature","geometry":{"type":"Point","coordinates":[135.6878803,34.9549431]},"properties":{"z":56.7}},{"type":"Feature","geometry":{"type":"Point","coordinates":[135.6878587,34.9549844]},"properties":{"z":56.9}},{"type":"Feature","geometry":{"type":"Point","coordinates":[135.687836,34.9550253]},"properties":{"z":56.5}},{"type":"Feature","geometry":{"type":"Point","coordinates":[135.6878157,34.955067]},"properties":{"z":56.7}},{"type":"Feature","geometry":{"type":"Point","coordinates":[135.6877943,34.9551084]},"properties":{"z":56.7}},{"type":"Feature","geometry":{"type":"Point","coordinates":[135.687772,34.9551495]},"properties":{"z":56.8}},{"type":"Feature","geometry":{"type":"Point","coordinates":[135.6877513,34.9551911]},"properties":{"z":56.7}},{"type":"Feature","geometry":{"type":"Point","coordinates":[135.6877315,34.955233]},"properties":{"z":56.7}},{"type":"Feature","geometry":{"type":"Point","coordinates":[135.6877127,34.9552753]},"properties":{"z":56.8}},{"type":"Feature","geometry":{"type":"Point","coordinates":[135.6876943,34.9553176]},"properties":{"z":56.8}},{"type":"Feature","geometry":{"type":"Point","coordinates":[135.6876737,34.9553592]},"properties":{"z":56.7}},{"type":"Feature","geometry":{"type":"Point","coordinates":[135.6876504,34.9553999]},"properties":{"z":56.9}},{"type":"Feature","geometry":{"type":"Point","coordinates":[135.6876281,34.955441]},"properties":{"z":56.9}},{"type":"Feature","geometry":{"type":"Point","coordinates":[135.6876048,34.9554817]},"properties":{"z":57.1}},{"type":"Feature","geometry":{"type":"Point","coordinates":[135.68758,34.9555218]},"properties":{"z":56.7}},{"type":"Feature","geometry":{"type":"Point","coordinates":[135.6875629,34.9555644]},"properties":{"z":56.9}},{"type":"Feature","geometry":{"type":"Point","coordinates":[135.6875455,34.955607]},"properties":{"z":57.1}},{"type":"Feature","geometry":{"type":"Point","coordinates":[135.6875259,34.955649]},"properties":{"z":57.1}},{"type":"Feature","geometry":{"type":"Point","coordinates":[135.6875058,34.9556908]},"properties":{"z":57.4}},{"type":"Feature","geometry":{"type":"Point","coordinates":[135.6874857,34.9557326]},"properties":{"z":57.1}},{"type":"Feature","geometry":{"type":"Point","coordinates":[135.6874669,34.9557749]},"properties":{"z":57.4}},{"type":"Feature","geometry":{"type":"Point","coordinates":[135.6874461,34.9558164]},"properties":{"z":57.7}},{"type":"Feature","geometry":{"type":"Point","coordinates":[135.6874245,34.9558577]},"properties":{"z":57.7}},{"type":"Feature","geometry":{"type":"Point","coordinates":[135.687404,34.9558994]},"properties":{"z":57.7}},{"type":"Feature","geometry":{"type":"Point","coordinates":[135.6873815,34.9559404]},"properties":{"z":57.7}},{"type":"Feature","geometry":{"type":"Point","coordinates":[135.6873569,34.9559805]},"properties":{"z":57.8}},{"type":"Feature","geometry":{"type":"Point","coordinates":[135.6873264,34.9560179]},"properties":{"z":57.6}},{"type":"Feature","geometry":{"type":"Point","coordinates":[135.6873043,34.9560588]},"properties":{"z":57.7}},{"type":"Feature","geometry":{"type":"Point","coordinates":[135.6872842,34.9561006]},"properties":{"z":57.8}},{"type":"Feature","geometry":{"type":"Point","coordinates":[135.6872636,34.9561423]},"properties":{"z":57.8}},{"type":"Feature","geometry":{"type":"Point","coordinates":[135.6872443,34.9561844]},"properties":{"z":57.6}},{"type":"Feature","geometry":{"type":"Point","coordinates":[135.6872249,34.9562264]},"properties":{"z":57.6}},{"type":"Feature","geometry":{"type":"Point","coordinates":[135.6872022,34.9562673]},"properties":{"z":57.6}},{"type":"Feature","geometry":{"type":"Point","coordinates":[135.6871809,34.9563088]},"properties":{"z":57.7}},{"type":"Feature","geometry":{"type":"Point","coordinates":[135.6871605,34.9563505]},"properties":{"z":57.7}},{"type":"Feature","geometry":{"type":"Point","coordinates":[135.6871366,34.9563909]},"properties":{"z":57.6}},{"type":"Feature","geometry":{"type":"Point","coordinates":[135.6871136,34.9564317]},"properties":{"z":57.6}},{"type":"Feature","geometry":{"type":"Point","coordinates":[135.6870922,34.9564731]},"properties":{"z":57.7}},{"type":"Feature","geometry":{"type":"Point","coordinates":[135.6870716,34.9565148]},"properties":{"z":57.4}},{"type":"Feature","geometry":{"type":"Point","coordinates":[135.6870506,34.9565563]},"properties":{"z":57.5}},{"type":"Feature","geometry":{"type":"Point","coordinates":[135.6870277,34.9565971]},"properties":{"z":57.6}},{"type":"Feature","geometry":{"type":"Point","coordinates":[135.6870067,34.9566386]},"properties":{"z":57.6}},{"type":"Feature","geometry":{"type":"Point","coordinates":[135.6869877,34.9566807]},"properties":{"z":57.4}},{"type":"Feature","geometry":{"type":"Point","coordinates":[135.6869749,34.9567244]},"properties":{"z":57.4}},{"type":"Feature","geometry":{"type":"Point","coordinates":[135.6869548,34.9567661]},"properties":{"z":57.5}},{"type":"Feature","geometry":{"type":"Point","coordinates":[135.6869334,34.9568074]},"properties":{"z":57.7}},{"type":"Feature","geometry":{"type":"Point","coordinates":[135.6869154,34.9568499]},"properties":{"z":57.7}},{"type":"Feature","geometry":{"type":"Point","coordinates":[135.6868945,34.9568914]},"properties":{"z":57.6}},{"type":"Feature","geometry":{"type":"Point","coordinates":[135.6868732,34.9569328]},"properties":{"z":57.6}},{"type":"Feature","geometry":{"type":"Point","coordinates":[135.6868518,34.9569742]},"properties":{"z":57.8}},{"type":"Feature","geometry":{"type":"Point","coordinates":[135.6868294,34.9570153]},"properties":{"z":57.9}},{"type":"Feature","geometry":{"type":"Point","coordinates":[135.6868095,34.9570571]},"properties":{"z":57.7}},{"type":"Feature","geometry":{"type":"Point","coordinates":[135.6867944,34.9571003]},"properties":{"z":57.9}},{"type":"Feature","geometry":{"type":"Point","coordinates":[135.686771,34.9571407]},"properties":{"z":57.9}},{"type":"Feature","geometry":{"type":"Point","coordinates":[135.6867449,34.9571802]},"properties":{"z":58.1}},{"type":"Feature","geometry":{"type":"Point","coordinates":[135.6867193,34.95722]},"properties":{"z":57.9}},{"type":"Feature","geometry":{"type":"Point","coordinates":[135.6866969,34.957261]},"properties":{"z":58.2}},{"type":"Feature","geometry":{"type":"Point","coordinates":[135.6866765,34.9573027]},"properties":{"z":58.5}},{"type":"Feature","geometry":{"type":"Point","coordinates":[135.6866578,34.957345]},"properties":{"z":58.5}},{"type":"Feature","geometry":{"type":"Point","coordinates":[135.6866372,34.9573866]},"properties":{"z":58.6}},{"type":"Feature","geometry":{"type":"Point","coordinates":[135.6866163,34.9574282]},"properties":{"z":58.6}},{"type":"Feature","geometry":{"type":"Point","coordinates":[135.6865953,34.9574697]},"properties":{"z":58.9}},{"type":"Feature","geometry":{"type":"Point","coordinates":[135.6865697,34.9575094]},"properties":{"z":59.1}},{"type":"Feature","geometry":{"type":"Point","coordinates":[135.6865434,34.9575489]},"properties":{"z":58.9}},{"type":"Feature","geometry":{"type":"Point","coordinates":[135.6865177,34.9575886]},"properties":{"z":59.1}},{"type":"Feature","geometry":{"type":"Point","coordinates":[135.6864972,34.9576302]},"properties":{"z":59.1}},{"type":"Feature","geometry":{"type":"Point","coordinates":[135.6864755,34.9576712]},"properties":{"z":59.3}},{"type":"Feature","geometry":{"type":"Point","coordinates":[135.6864461,34.9577092]},"properties":{"z":59.1}},{"type":"Feature","geometry":{"type":"Point","coordinates":[135.6864213,34.9577492]},"properties":{"z":59.2}},{"type":"Feature","geometry":{"type":"Point","coordinates":[135.6863978,34.9577899]},"properties":{"z":59.3}},{"type":"Feature","geometry":{"type":"Point","coordinates":[135.6863754,34.9578309]},"properties":{"z":59.1}},{"type":"Feature","geometry":{"type":"Point","coordinates":[135.6863531,34.957872]},"properties":{"z":59.2}},{"type":"Feature","geometry":{"type":"Point","coordinates":[135.6863303,34.9579128]},"properties":{"z":59.2}},{"type":"Feature","geometry":{"type":"Point","coordinates":[135.6863013,34.957951]},"properties":{"z":59.0}},{"type":"Feature","geometry":{"type":"Point","coordinates":[135.6862732,34.9579895]},"properties":{"z":59.0}},{"type":"Feature","geometry":{"type":"Point","coordinates":[135.6862453,34.9580283]},"properties":{"z":59.1}},{"type":"Feature","geometry":{"type":"Point","coordinates":[135.686216,34.9580663]},"properties":{"z":59.0}},{"type":"Feature","geometry":{"type":"Point","coordinates":[135.6861869,34.9581043]},"properties":{"z":59.0}},{"type":"Feature","geometry":{"type":"Point","coordinates":[135.686158,34.9581426]},"properties":{"z":59.2}},{"type":"Feature","geometry":{"type":"Point","coordinates":[135.6861297,34.9581811]},"properties":{"z":58.9}},{"type":"Feature","geometry":{"type":"Point","coordinates":[135.6861046,34.9582209]},"properties":{"z":59.1}},{"type":"Feature","geometry":{"type":"Point","coordinates":[135.6860821,34.958262]},"properties":{"z":59.1}},{"type":"Feature","geometry":{"type":"Point","coordinates":[135.6860587,34.9583026]},"properties":{"z":59.3}},{"type":"Feature","geometry":{"type":"Point","coordinates":[135.6860337,34.9583426]},"properties":{"z":59.0}},{"type":"Feature","geometry":{"type":"Point","coordinates":[135.6860064,34.9583815]},"properties":{"z":59.1}},{"type":"Feature","geometry":{"type":"Point","coordinates":[135.68598,34.958421]},"properties":{"z":59.2}},{"type":"Feature","geometry":{"type":"Point","coordinates":[135.6859537,34.9584604]},"properties":{"z":59.0}},{"type":"Feature","geometry":{"type":"Point","coordinates":[135.6859266,34.9584995]},"properties":{"z":59.1}},{"type":"Feature","geometry":{"type":"Point","coordinates":[135.6858999,34.9585388]},"properties":{"z":59.1}},{"type":"Feature","geometry":{"type":"Point","coordinates":[135.6858735,34.9585782]},"properties":{"z":59.3}},{"type":"Feature","geometry":{"type":"Point","coordinates":[135.6858469,34.9586175]},"properties":{"z":59.0}},{"type":"Feature","geometry":{"type":"Point","coordinates":[135.6858205,34.9586568]},"properties":{"z":59.1}},{"type":"Feature","geometry":{"type":"Point","coordinates":[135.6857942,34.9586963]},"properties":{"z":59.1}},{"type":"Feature","geometry":{"type":"Point","coordinates":[135.6857669,34.9587353]},"properties":{"z":59.1}},{"type":"Feature","geometry":{"type":"Point","coordinates":[135.6857393,34.9587741]},"properties":{"z":59.2}},{"type":"Feature","geometry":{"type":"Point","coordinates":[135.6857115,34.9588129]},"properties":{"z":59.2}},{"type":"Feature","geometry":{"type":"Point","coordinates":[135.685684,34.9588518]},"properties":{"z":59.0}},{"type":"Feature","geometry":{"type":"Point","coordinates":[135.6856555,34.9588902]},"properties":{"z":59.0}},{"type":"Feature","geometry":{"type":"Point","coordinates":[135.685625,34.9589275]},"properties":{"z":59.0}},{"type":"Feature","geometry":{"type":"Point","coordinates":[135.685598,34.9589666]},"properties":{"z":58.8}},{"type":"Feature","geometry":{"type":"Point","coordinates":[135.6855717,34.959006]},"properties":{"z":59.0}},{"type":"Feature","geometry":{"type":"Point","coordinates":[135.6855435,34.9590446]},"properties":{"z":59.0}},{"type":"Feature","geometry":{"type":"Point","coordinates":[135.6855125,34.9590816]},"properties":{"z":59.3}},{"type":"Feature","geometry":{"type":"Point","coordinates":[135.6854796,34.9591176]},"properties":{"z":59.3}},{"type":"Feature","geometry":{"type":"Point","coordinates":[135.6854451,34.9591526]},"properties":{"z":59.6}},{"type":"Feature","geometry":{"type":"Point","coordinates":[135.6854117,34.9591882]},"properties":{"z":59.6}},{"type":"Feature","geometry":{"type":"Point","coordinates":[135.6853792,34.9592244]},"properties":{"z":60.2}},{"type":"Feature","geometry":{"type":"Point","coordinates":[135.6853516,34.9592632]},"properties":{"z":61.4}},{"type":"Feature","geometry":{"type":"Point","coordinates":[135.6853243,34.9593022]},"properties":{"z":61.4}},{"type":"Feature","geometry":{"type":"Point","coordinates":[135.6852974,34.9593414]},"properties":{"z":62.7}},{"type":"Feature","geometry":{"type":"Point","coordinates":[135.6852691,34.9593799]},"properties":{"z":61.7}},{"type":"Feature","geometry":{"type":"Point","coordinates":[135.6852398,34.9594179]},"properties":{"z":62.3}},{"type":"Feature","geometry":{"type":"Point","coordinates":[135.6852088,34.959455]},"properties":{"z":62.3}},{"type":"Feature","geometry":{"type":"Point","coordinates":[135.6851779,34.9594921]},"properties":{"z":61.8}},{"type":"Feature","geometry":{"type":"Point","coordinates":[135.685147,34.9595293]},"properties":{"z":61.8}},{"type":"Feature","geometry":{"type":"Point","coordinates":[135.6851148,34.9595656]},"properties":{"z":62.3}},{"type":"Feature","geometry":{"type":"Point","coordinates":[135.6850816,34.9596014]},"properties":{"z":61.8}},{"type":"Feature","geometry":{"type":"Point","coordinates":[135.6850469,34.9596362]},"properties":{"z":62.2}},{"type":"Feature","geometry":{"type":"Point","coordinates":[135.685014,34.9596722]},"properties":{"z":61.9}},{"type":"Feature","geometry":{"type":"Point","coordinates":[135.684981,34.9597081]},"properties":{"z":62.3}},{"type":"Feature","geometry":{"type":"Point","coordinates":[135.6849465,34.9597429]},"properties":{"z":62.3}},{"type":"Feature","geometry":{"type":"Point","coordinates":[135.6849016,34.9597687]},"properties":{"z":62.2}},{"type":"Feature","geometry":{"type":"Point","coordinates":[135.6848541,34.959791]},"properties":{"z":62.2}},{"type":"Feature","geometry":{"type":"Point","coordinates":[135.6848057,34.9598118]},"properties":{"z":61.9}},{"type":"Feature","geometry":{"type":"Point","coordinates":[135.6847715,34.9598469]},"properties":{"z":62.2}},{"type":"Feature","geometry":{"type":"Point","coordinates":[135.6847471,34.9598862]},"properties":{"z":61.8}},{"type":"Feature","geometry":{"type":"Point","coordinates":[135.684732,34.9599294]},"properties":{"z":62.3}},{"type":"Feature","geometry":{"type":"Point","coordinates":[135.6847052,34.9599686]},"properties":{"z":62.7}},{"type":"Feature","geometry":{"type":"Point","coordinates":[135.6846709,34.9600029]},"properties":{"z":62.3}},{"type":"Feature","geometry":{"type":"Point","coordinates":[135.6846306,34.9600332]},"properties":{"z":62.3}},{"type":"Feature","geometry":{"type":"Point","coordinates":[135.6845944,34.960067]},"properties":{"z":62.7}},{"type":"Feature","geometry":{"type":"Point","coordinates":[135.6845567,34.9600996]},"properties":{"z":62.3}},{"type":"Feature","geometry":{"type":"Point","coordinates":[135.6845179,34.9601314]},"properties":{"z":62.7}},{"type":"Feature","geometry":{"type":"Point","coordinates":[135.6844789,34.9601629]},"properties":{"z":62.4}},{"type":"Feature","geometry":{"type":"Point","coordinates":[135.6844455,34.9601986]},"properties":{"z":62.8}},{"type":"Feature","geometry":{"type":"Point","coordinates":[135.684409,34.960232]},"properties":{"z":62.3}},{"type":"Feature","geometry":{"type":"Point","coordinates":[135.6843701,34.9602637]},"properties":{"z":62.7}},{"type":"Feature","geometry":{"type":"Point","coordinates":[135.6843292,34.9602937]},"properties":{"z":62.7}},{"type":"Feature","geometry":{"type":"Point","coordinates":[135.684292,34.9603266]},"properties":{"z":62.6}},{"type":"Feature","geometry":{"type":"Point","coordinates":[135.6842555,34.9603601]},"properties":{"z":62.6}},{"type":"Feature","geometry":{"type":"Point","coordinates":[135.6842176,34.9603926]},"properties":{"z":62.7}},{"type":"Feature","geometry":{"type":"Point","coordinates":[135.6841761,34.960422]},"properties":{"z":62.7}},{"type":"Feature","geometry":{"type":"Point","coordinates":[135.6841337,34.9604505]},"properties":{"z":62.3}},{"type":"Feature","geometry":{"type":"Point","coordinates":[135.6840909,34.9604785]},"properties":{"z":62.8}},{"type":"Feature","geometry":{"type":"Point","coordinates":[135.6840532,34.9605112]},"properties":{"z":62.3}},{"type":"Feature","geometry":{"type":"Point","coordinates":[135.6840154,34.9605438]},"properties":{"z":62.8}},{"type":"Feature","geometry":{"type":"Point","coordinates":[135.6839776,34.9605764]},"properties":{"z":62.3}},{"type":"Feature","geometry":{"type":"Point","coordinates":[135.6839404,34.9606094]},"properties":{"z":62.9}},{"type":"Feature","geometry":{"type":"Point","coordinates":[135.6839005,34.9606402]},"properties":{"z":62.9}},{"type":"Feature","geometry":{"type":"Point","coordinates":[135.6838591,34.9606696]},"properties":{"z":63.1}},{"type":"Feature","geometry":{"type":"Point","coordinates":[135.6838179,34.9606993]},"properties":{"z":63.1}},{"type":"Feature","geometry":{"type":"Point","coordinates":[135.6837757,34.960728]},"properties":{"z":62.7}},{"type":"Feature","geometry":{"type":"Point","coordinates":[135.6837335,34.9607567]},"properties":{"z":63.4}},{"type":"Feature","geometry":{"type":"Point","coordinates":[135.6836916,34.9607857]},"properties":{"z":63.0}},{"type":"Feature","geometry":{"type":"Point","coordinates":[135.6836502,34.9608152]},"properties":{"z":63.8}},{"type":"Feature","geometry":{"type":"Point","coordinates":[135.6836128,34.9608479]},"properties":{"z":63.4}},{"type":"Feature","geometry":{"type":"Point","coordinates":[135.6835761,34.9608813]},"properties":{"z":64.1}},{"type":"Feature","geometry":{"type":"Point","coordinates":[135.6835377,34.9609133]},"properties":{"z":63.7}},{"type":"Feature","geometry":{"type":"Point","coordinates":[135.6835045,34.9609492]},"properties":{"z":63.7}},{"type":"Feature","geometry":{"type":"Point","coordinates":[135.6834683,34.9609828]},"properties":{"z":63.8}},{"type":"Feature","geometry":{"type":"Point","coordinates":[135.6834309,34.9610156]},"properties":{"z":63.8}},{"type":"Feature","geometry":{"type":"Point","coordinates":[135.6833959,34.9610502]},"properties":{"z":64.3}},{"type":"Feature","geometry":{"type":"Point","coordinates":[135.6833594,34.9610838]},"properties":{"z":63.7}},{"type":"Feature","geometry":{"type":"Point","coordinates":[135.6833245,34.9611184]},"properties":{"z":64.3}},{"type":"Feature","geometry":{"type":"Point","coordinates":[135.6832937,34.9611556]},"properties":{"z":63.7}},{"type":"Feature","geometry":{"type":"Point","coordinates":[135.683264,34.9611933]},"properties":{"z":64.3}},{"type":"Feature","geometry":{"type":"Point","coordinates":[135.6832355,34.9612317]},"properties":{"z":65.0}},{"type":"Feature","geometry":{"type":"Point","coordinates":[135.6832085,34.9612709]},"properties":{"z":64.3}},{"type":"Feature","geometry":{"type":"Point","coordinates":[135.6831851,34.9613115]},"properties":{"z":65.0}},{"type":"Feature","geometry":{"type":"Point","coordinates":[135.6831588,34.9613506]},"properties":{"z":65.0}},{"type":"Feature","geometry":{"type":"Point","coordinates":[135.6831238,34.9613852]},"properties":{"z":65.0}},{"type":"Feature","geometry":{"type":"Point","coordinates":[135.683099,34.9614252]},"properties":{"z":65.0}},{"type":"Feature","geometry":{"type":"Point","coordinates":[135.6830749,34.9614656]},"properties":{"z":65.6}},{"type":"Feature","geometry":{"type":"Point","coordinates":[135.683051,34.9615061]},"properties":{"z":65.6}},{"type":"Feature","geometry":{"type":"Point","coordinates":[135.6830266,34.9615463]},"properties":{"z":65.2}},{"type":"Feature","geometry":{"type":"Point","coordinates":[135.6830021,34.9615865]},"properties":{"z":65.3}},{"type":"Feature","geometry":{"type":"Point","coordinates":[135.6829774,34.9616267]},"properties":{"z":65.3}},{"type":"Feature","geometry":{"type":"Point","coordinates":[135.6829508,34.961666]},"properties":{"z":64.9}},{"type":"Feature","geometry":{"type":"Point","coordinates":[135.682923,34.9617047]},"properties":{"z":64.9}},{"type":"Feature","geometry":{"type":"Point","coordinates":[135.6828925,34.9617421]},"properties":{"z":65.1}},{"type":"Feature","geometry":{"type":"Point","coordinates":[135.6828636,34.9617802]},"properties":{"z":64.6}},{"type":"Feature","geometry":{"type":"Point","coordinates":[135.6828357,34.961819]},"properties":{"z":64.9}},{"type":"Feature","geometry":{"type":"Point","coordinates":[135.6828061,34.9618568]},"properties":{"z":64.9}},{"type":"Feature","geometry":{"type":"Point","coordinates":[135.6827776,34.9618952]},"properties":{"z":64.7}},{"type":"Feature","geometry":{"type":"Point","coordinates":[135.6827503,34.9619342]},"properties":{"z":64.7}},{"type":"Feature","geometry":{"type":"Point","coordinates":[135.682717,34.9619699]},"properties":{"z":65.0}},{"type":"Feature","geometry":{"type":"Point","coordinates":[135.6826861,34.9620069]},"properties":{"z":64.8}},{"type":"Feature","geometry":{"type":"Point","coordinates":[135.682658,34.9620455]},"properties":{"z":64.8}},{"type":"Feature","geometry":{"type":"Point","coordinates":[135.6826327,34.9620854]},"properties":{"z":65.1}},{"type":"Feature","geometry":{"type":"Point","coordinates":[135.6826076,34.9621253]},"properties":{"z":64.7}},{"type":"Feature","geometry":{"type":"Point","coordinates":[135.6825816,34.9621649]},"properties":{"z":65.0}},{"type":"Feature","geometry":{"type":"Point","coordinates":[135.6825577,34.9622054]},"properties":{"z":65.0}},{"type":"Feature","geometry":{"type":"Point","coordinates":[135.6825345,34.9622461]},"properties":{"z":65.3}},{"type":"Feature","geometry":{"type":"Point","coordinates":[135.6825106,34.9622865]},"properties":{"z":65.1}},{"type":"Feature","geometry":{"type":"Point","coordinates":[135.6824808,34.9623241]},"properties":{"z":65.1}},{"type":"Feature","geometry":{"type":"Point","coordinates":[135.6824531,34.9623627]},"properties":{"z":65.3}},{"type":"Feature","geometry":{"type":"Point","coordinates":[135.6824278,34.9624025]},"properties":{"z":65.0}},{"type":"Feature","geometry":{"type":"Point","coordinates":[135.6823986,34.9624405]},"properties":{"z":65.2}},{"type":"Feature","geometry":{"type":"Point","coordinates":[135.6823749,34.962481]},"properties":{"z":65.2}},{"type":"Feature","geometry":{"type":"Point","coordinates":[135.6823506,34.9625213]},"properties":{"z":65.0}},{"type":"Feature","geometry":{"type":"Point","coordinates":[135.6823246,34.9625609]},"properties":{"z":65.0}},{"type":"Feature","geometry":{"type":"Point","coordinates":[135.6822992,34.9626007]},"properties":{"z":65.3}},{"type":"Feature","geometry":{"type":"Point","coordinates":[135.6822724,34.9626399]},"properties":{"z":65.4}},{"type":"Feature","geometry":{"type":"Point","coordinates":[135.6822443,34.9626785]},"properties":{"z":65.0}},{"type":"Feature","geometry":{"type":"Point","coordinates":[135.6822149,34.9627164]},"properties":{"z":65.1}},{"type":"Feature","geometry":{"type":"Point","coordinates":[135.6821824,34.9627527]},"properties":{"z":65.1}},{"type":"Feature","geometry":{"type":"Point","coordinates":[135.6821507,34.9627893]},"properties":{"z":65.0}},{"type":"Feature","geometry":{"type":"Point","coordinates":[135.6821201,34.9628266]},"properties":{"z":65.0}},{"type":"Feature","geometry":{"type":"Point","coordinates":[135.6820925,34.9628655]},"properties":{"z":65.1}},{"type":"Feature","geometry":{"type":"Point","coordinates":[135.6820648,34.9629043]},"properties":{"z":65.1}},{"type":"Feature","geometry":{"type":"Point","coordinates":[135.6820373,34.9629432]},"properties":{"z":65.3}},{"type":"Feature","geometry":{"type":"Point","coordinates":[135.6820135,34.9629837]},"properties":{"z":65.3}},{"type":"Feature","geometry":{"type":"Point","coordinates":[135.6819909,34.9630246]},"properties":{"z":65.3}},{"type":"Feature","geometry":{"type":"Point","coordinates":[135.6819685,34.9630656]},"properties":{"z":65.6}},{"type":"Feature","geometry":{"type":"Point","coordinates":[135.6819443,34.963106]},"properties":{"z":65.6}},{"type":"Feature","geometry":{"type":"Point","coordinates":[135.6819214,34.9631468]},"properties":{"z":65.6}},{"type":"Feature","geometry":{"type":"Point","coordinates":[135.6818989,34.9631878]},"properties":{"z":65.6}},{"type":"Feature","geometry":{"type":"Point","coordinates":[135.6818756,34.9632285]},"properties":{"z":65.9}},{"type":"Feature","geometry":{"type":"Point","coordinates":[135.6818484,34.9632674]},"properties":{"z":65.9}},{"type":"Feature","geometry":{"type":"Point","coordinates":[135.681819,34.9633054]},"properties":{"z":65.9}},{"type":"Feature","geometry":{"type":"Point","coordinates":[135.6817911,34.9633441]},"properties":{"z":66.1}},{"type":"Feature","geometry":{"type":"Point","coordinates":[135.6817631,34.9633827]},"properties":{"z":66.1}},{"type":"Feature","geometry":{"type":"Point","coordinates":[135.6817348,34.9634212]},"properties":{"z":66.1}},{"type":"Feature","geometry":{"type":"Point","coordinates":[135.6817082,34.9634605]},"properties":{"z":66.1}},{"type":"Feature","geometry":{"type":"Point","coordinates":[135.681682,34.9635]},"properties":{"z":66.3}},{"type":"Feature","geometry":{"type":"Point","coordinates":[135.6816556,34.9635394]},"properties":{"z":66.1}},{"type":"Feature","geometry":{"type":"Point","coordinates":[135.6816298,34.9635791]},"properties":{"z":66.4}},{"type":"Feature","geometry":{"type":"Point","coordinates":[135.6816042,34.9636189]},"properties":{"z":66.4}},{"type":"Feature","geometry":{"type":"Point","coordinates":[135.6815785,34.9636586]},"properties":{"z":66.3}},{"type":"Feature","geometry":{"type":"Point","coordinates":[135.6815541,34.9636988]},"properties":{"z":66.6}},{"type":"Feature","geometry":{"type":"Point","coordinates":[135.6815305,34.9637394]},"properties":{"z":66.6}},{"type":"Feature","geometry":{"type":"Point","coordinates":[135.6815079,34.9637804]},"properties":{"z":66.8}},{"type":"Feature","geometry":{"type":"Point","coordinates":[135.6814835,34.9638206]},"properties":{"z":66.5}},{"type":"Feature","geometry":{"type":"Point","coordinates":[135.6814587,34.9638607]},"properties":{"z":66.8}},{"type":"Feature","geometry":{"type":"Point","coordinates":[135.6814348,34.9639012]},"properties":{"z":66.8}},{"type":"Feature","geometry":{"type":"Point","coordinates":[135.6814114,34.9639418]},"properties":{"z":67.1}},{"type":"Feature","geometry":{"type":"Point","coordinates":[135.681388,34.9639825]},"properties":{"z":67.1}},{"type":"Feature","geometry":{"type":"Point","coordinates":[135.6813634,34.9640226]},"properties":{"z":67.1}},{"type":"Feature","geometry":{"type":"Point","coordinates":[135.6813356,34.9640614]},"properties":{"z":67.3}},{"type":"Feature","geometry":{"type":"Point","coordinates":[135.6813145,34.9641028]},"properties":{"z":67.0}},{"type":"Feature","geometry":{"type":"Point","coordinates":[135.6813145,34.9641463]},"properties":{"z":67.2}},{"type":"Feature","geometry":{"type":"Point","coordinates":[135.6813089,34.9641903]},"properties":{"z":67.4}},{"type":"Feature","geometry":{"type":"Point","coordinates":[135.6812924,34.9642331]},"properties":{"z":67.4}},{"type":"Feature","geometry":{"type":"Point","coordinates":[135.6812762,34.9642759]},"properties":{"z":67.7}},{"type":"Feature","geometry":{"type":"Point","coordinates":[135.681258,34.9643182]},"properties":{"z":67.7}},{"type":"Feature","geometry":{"type":"Point","coordinates":[135.6812451,34.9643618]},"properties":{"z":67.8}},{"type":"Feature","geometry":{"type":"Point","coordinates":[135.6812307,34.9644052]},"properties":{"z":67.7}},{"type":"Feature","geometry":{"type":"Point","coordinates":[135.6812303,34.9644495]},"properties":{"z":67.7}},{"type":"Feature","geometry":{"type":"Point","coordinates":[135.6812494,34.9644907]},"properties":{"z":68.3}},{"type":"Feature","geometry":{"type":"Point","coordinates":[135.6812804,34.9645276]},"properties":{"z":68.3}},{"type":"Feature","geometry":{"type":"Point","coordinates":[135.6813286,34.9645476]},"properties":{"z":68.8}},{"type":"Feature","geometry":{"type":"Point","coordinates":[135.6813825,34.9645561]},"properties":{"z":68.8}},{"type":"Feature","geometry":{"type":"Point","coordinates":[135.6814371,34.9645568]},"properties":{"z":69.2}},{"type":"Feature","geometry":{"type":"Point","coordinates":[135.6814918,34.9645602]},"properties":{"z":69.2}},{"type":"Feature","geometry":{"type":"Point","coordinates":[135.6815465,34.9645638]},"properties":{"z":69.5}},{"type":"Feature","geometry":{"type":"Point","coordinates":[135.6816003,34.9645719]},"properties":{"z":69.9}},{"type":"Feature","geometry":{"type":"Point","coordinates":[135.6816549,34.9645738]},"properties":{"z":69.9}},{"type":"Feature","geometry":{"type":"Point","coordinates":[135.6817092,34.9645784]},"properties":{"z":70.3}},{"type":"Feature","geometry":{"type":"Point","coordinates":[135.6817639,34.9645763]},"properties":{"z":70.7}},{"type":"Feature","geometry":{"type":"Point","coordinates":[135.6818187,34.9645776]},"properties":{"z":70.7}},{"type":"Feature","geometry":{"type":"Point","coordinates":[135.681873,34.9645835]},"properties":{"z":70.9}},{"type":"Feature","geometry":{"type":"Point","coordinates":[135.6819278,34.9645856]},"properties":{"z":71.2}},{"type":"Feature","geometry":{"type":"Point","coordinates":[135.6819826,34.9645876]},"properties":{"z":71.2}},{"type":"Feature","geometry":{"type":"Point","coordinates":[135.6820374,34.9645882]},"properties":{"z":71.5}},{"type":"Feature","geometry":{"type":"Point","coordinates":[135.6820922,34.9645868]},"properties":{"z":71.5}},{"type":"Feature","geometry":{"type":"Point","coordinates":[135.6821464,34.9645815]},"properties":{"z":72.0}},{"type":"Feature","geometry":{"type":"Point","coordinates":[135.6821979,34.9645663]},"properties":{"z":72.3}},{"type":"Feature","geometry":{"type":"Point","coordinates":[135.6822494,34.9645508]},"properties":{"z":72.3}},{"type":"Feature","geometry":{"type":"Point","coordinates":[135.6823019,34.9645378]},"properties":{"z":72.3}},{"type":"Feature","geometry":{"type":"Point","coordinates":[135.6823536,34.964523]},"properties":{"z":71.9}},{"type":"Feature","geometry":{"type":"Point","coordinates":[135.6824014,34.9645015]},"properties":{"z":71.8}},{"type":"Feature","geometry":{"type":"Point","coordinates":[135.6824451,34.9644744]},"properties":{"z":71.6}},{"type":"Feature","geometry":{"type":"Point","coordinates":[135.6824872,34.9644457]},"properties":{"z":71.3}},{"type":"Feature","geometry":{"type":"Point","coordinates":[135.6825288,34.9644163]},"properties":{"z":71.1}},{"type":"Feature","geometry":{"type":"Point","coordinates":[135.682575,34.9643921]},"properties":{"z":70.7}},{"type":"Feature","geometry":{"type":"Point","coordinates":[135.6826225,34.9643698]},"properties":{"z":70.4}},{"type":"Feature","geometry":{"type":"Point","coordinates":[135.6826713,34.9643493]},"properties":{"z":70.4}},{"type":"Feature","geometry":{"type":"Point","coordinates":[135.6827197,34.9643281]},"properties":{"z":70.1}},{"type":"Feature","geometry":{"type":"Point","coordinates":[135.6827681,34.9643069]},"properties":{"z":69.5}},{"type":"Feature","geometry":{"type":"Point","coordinates":[135.6828168,34.9642863]},"properties":{"z":68.5}},{"type":"Feature","geometry":{"type":"Point","coordinates":[135.6828667,34.9642678]},"properties":{"z":68.5}},{"type":"Feature","geometry":{"type":"Point","coordinates":[135.6829184,34.9642528]},"properties":{"z":68.6}},{"type":"Feature","geometry":{"type":"Point","coordinates":[135.6829691,34.9642357]},"properties":{"z":69.0}},{"type":"Feature","geometry":{"type":"Point","coordinates":[135.683019,34.9642171]},"properties":{"z":69.0}},{"type":"Feature","geometry":{"type":"Point","coordinates":[135.6830651,34.964193]},"properties":{"z":69.0}},{"type":"Feature","geometry":{"type":"Point","coordinates":[135.6831099,34.9641671]},"properties":{"z":68.4}},{"type":"Feature","geometry":{"type":"Point","coordinates":[135.683157,34.964144]},"properties":{"z":68.3}},{"type":"Feature","geometry":{"type":"Point","coordinates":[135.6832025,34.964119]},"properties":{"z":68.3}},{"type":"Feature","geometry":{"type":"Point","coordinates":[135.6832475,34.9640934]},"properties":{"z":68.8}},{"type":"Feature","geometry":{"type":"Point","coordinates":[135.6832968,34.9640749]},"properties":{"z":68.8}},{"type":"Feature","geometry":{"type":"Point","coordinates":[135.6833504,34.9640656]},"properties":{"z":68.9}},{"type":"Feature","geometry":{"type":"Point","coordinates":[135.6834048,34.9640605]},"properties":{"z":69.0}},{"type":"Feature","geometry":{"type":"Point","coordinates":[135.6834594,34.964056]},"properties":{"z":69.0}},{"type":"Feature","geometry":{"type":"Point","coordinates":[135.6835137,34.9640499]},"properties":{"z":69.0}},{"type":"Feature","geometry":{"type":"Point","coordinates":[135.6835678,34.9640425]},"properties":{"z":69.8}},{"type":"Feature","geometry":{"type":"Point","coordinates":[135.6836209,34.9640315]},"properties":{"z":69.8}},{"type":"Feature","geometry":{"type":"Point","coordinates":[135.6836736,34.9640191]},"properties":{"z":70.1}},{"type":"Feature","geometry":{"type":"Point","coordinates":[135.683725,34.9640036]},"properties":{"z":70.1}},{"type":"Feature","geometry":{"type":"Point","coordinates":[135.6837765,34.9639883]},"properties":{"z":70.5}},{"type":"Feature","geometry":{"type":"Point","coordinates":[135.6838248,34.9639672]},"properties":{"z":72.2}},{"type":"Feature","geometry":{"type":"Point","coordinates":[135.6838729,34.9639458]},"properties":{"z":72.2}},{"type":"Feature","geometry":{"type":"Point","coordinates":[135.6839207,34.9639237]},"properties":{"z":72.5}},{"type":"Feature","geometry":{"type":"Point","coordinates":[135.6839681,34.9639014]},"properties":{"z":74.0}},{"type":"Feature","geometry":{"type":"Point","coordinates":[135.6840116,34.9638741]},"properties":{"z":74.3}},{"type":"Feature","geometry":{"type":"Point","coordinates":[135.6840547,34.9638464]},"properties":{"z":74.3}},{"type":"Feature","geometry":{"type":"Point","coordinates":[135.6840809,34.963808]},"properties":{"z":76.2}},{"type":"Feature","geometry":{"type":"Point","coordinates":[135.6841267,34.963787]},"properties":{"z":76.2}},{"type":"Feature","geometry":{"type":"Point","coordinates":[135.6841691,34.9637611]},"properties":{"z":77.9}},{"type":"Feature","geometry":{"type":"Point","coordinates":[135.684202,34.9637283]},"properties":{"z":77.9}},{"type":"Feature","geometry":{"type":"Point","coordinates":[135.6842523,34.963712]},"properties":{"z":77.7}},{"type":"Feature","geometry":{"type":"Point","coordinates":[135.6842926,34.9636817]},"properties":{"z":79.2}},{"type":"Feature","geometry":{"type":"Point","coordinates":[135.6843286,34.9636477]},"properties":{"z":78.7}},{"type":"Feature","geometry":{"type":"Point","coordinates":[135.6843651,34.9636142]},"properties":{"z":80.1}},{"type":"Feature","geometry":{"type":"Point","coordinates":[135.6844048,34.9635833]},"properties":{"z":80.1}},{"type":"Feature","geometry":{"type":"Point","coordinates":[135.6844433,34.9635514]},"properties":{"z":81.2}},{"type":"Feature","geometry":{"type":"Point","coordinates":[135.6844682,34.9635114]},"properties":{"z":81.2}},{"type":"Feature","geometry":{"type":"Point","coordinates":[135.68451,34.9634858]},"properties":{"z":80.8}},{"type":"Feature","geometry":{"type":"Point","coordinates":[135.6845453,34.9634523]},"properties":{"z":82.8}},{"type":"Feature","geometry":{"type":"Point","coordinates":[135.6845797,34.9634173]},"properties":{"z":82.8}},{"type":"Feature","geometry":{"type":"Point","coordinates":[135.6846046,34.9633776]},"properties":{"z":84.7}},{"type":"Feature","geometry":{"type":"Point","coordinates":[135.6846299,34.9633377]},"properties":{"z":86.2}},{"type":"Feature","geometry":{"type":"Point","coordinates":[135.6846718,34.9633107]},"properties":{"z":86.9}},{"type":"Feature","geometry":{"type":"Point","coordinates":[135.6847015,34.9632731]},"properties":{"z":86.9}},{"type":"Feature","geometry":{"type":"Point","coordinates":[135.6847242,34.9632325]},"properties":{"z":88.2}},{"type":"Feature","geometry":{"type":"Point","coordinates":[135.6847559,34.9631958]},"properties":{"z":89.1}},{"type":"Feature","geometry":{"type":"Point","coordinates":[135.6847852,34.9631578]},"properties":{"z":90.3}},{"type":"Feature","geometry":{"type":"Point","coordinates":[135.6848172,34.9631214]},"properties":{"z":91.1}},{"type":"Feature","geometry":{"type":"Point","coordinates":[135.6848475,34.9630842]},"properties":{"z":92.1}},{"type":"Feature","geometry":{"type":"Point","coordinates":[135.6848868,34.9630529]},"properties":{"z":92.4}},{"type":"Feature","geometry":{"type":"Point","coordinates":[135.6849288,34.963024]},"properties":{"z":92.4}},{"type":"Feature","geometry":{"type":"Point","coordinates":[135.6849708,34.9629953]},"properties":{"z":92.8}},{"type":"Feature","geometry":{"type":"Point","coordinates":[135.6850089,34.9629629]},"properties":{"z":92.6}},{"type":"Feature","geometry":{"type":"Point","coordinates":[135.6850433,34.962928]},"properties":{"z":93.3}},{"type":"Feature","geometry":{"type":"Point","coordinates":[135.6850743,34.9628913]},"properties":{"z":93.5}},{"type":"Feature","geometry":{"type":"Point","coordinates":[135.6850983,34.9628508]},"properties":{"z":93.5}},{"type":"Feature","geometry":{"type":"Point","coordinates":[135.6851182,34.9628092]},"properties":{"z":93.6}},{"type":"Feature","geometry":{"type":"Point","coordinates":[135.6851277,34.9627649]},"properties":{"z":93.9}},{"type":"Feature","geometry":{"type":"Point","coordinates":[135.685132,34.9627203]},"properties":{"z":93.9}},{"type":"Feature","geometry":{"type":"Point","coordinates":[135.6851265,34.9626761]},"properties":{"z":94.3}},{"type":"Feature","geometry":{"type":"Point","coordinates":[135.6851239,34.9626314]},"properties":{"z":94.8}},{"type":"Feature","geometry":{"type":"Point","coordinates":[135.6851244,34.9625864]},"properties":{"z":94.8}},{"type":"Feature","geometry":{"type":"Point","coordinates":[135.6851343,34.9625422]},"properties":{"z":95.2}},{"type":"Feature","geometry":{"type":"Point","coordinates":[135.6851452,34.9624982]},"properties":{"z":95.2}},{"type":"Feature","geometry":{"type":"Point","coordinates":[135.685157,34.9624543]},"properties":{"z":95.3}},{"type":"Feature","geometry":{"type":"Point","coordinates":[135.6851693,34.9624105]},"properties":{"z":95.1}},{"type":"Feature","geometry":{"type":"Point","coordinates":[135.6851783,34.9623662]},"properties":{"z":95.1}},{"type":"Feature","geometry":{"type":"Point","coordinates":[135.6851863,34.9623217]},"properties":{"z":94.5}},{"type":"Feature","geometry":{"type":"Point","coordinates":[135.6851982,34.9622778]},"properties":{"z":94.2}},{"type":"Feature","geometry":{"type":"Point","coordinates":[135.6852017,34.962233]},"properties":{"z":94.2}},{"type":"Feature","geometry":{"type":"Point","coordinates":[135.6852119,34.9621889]},"properties":{"z":93.7}},{"type":"Feature","geometry":{"type":"Point","coordinates":[135.6852216,34.9621447]},"properties":{"z":93.6}},{"type":"Feature","geometry":{"type":"Point","coordinates":[135.6852305,34.9621003]},"properties":{"z":93.6}},{"type":"Feature","geometry":{"type":"Point","coordinates":[135.6852405,34.9620562]},"properties":{"z":93.5}},{"type":"Feature","geometry":{"type":"Point","coordinates":[135.6852566,34.9620132]},"properties":{"z":93.5}},{"type":"Feature","geometry":{"type":"Point","coordinates":[135.6852681,34.9619692]},"properties":{"z":93.5}},{"type":"Feature","geometry":{"type":"Point","coordinates":[135.6852805,34.9619255]},"properties":{"z":93.3}},{"type":"Feature","geometry":{"type":"Point","coordinates":[135.6852942,34.961882]},"properties":{"z":93.3}},{"type":"Feature","geometry":{"type":"Point","coordinates":[135.6853109,34.9618391]},"properties":{"z":93.7}},{"type":"Feature","geometry":{"type":"Point","coordinates":[135.6853305,34.9617972]},"properties":{"z":93.7}},{"type":"Feature","geometry":{"type":"Point","coordinates":[135.6853529,34.9617562]},"properties":{"z":94.2}},{"type":"Feature","geometry":{"type":"Point","coordinates":[135.6853791,34.9617167]},"properties":{"z":94.1}},{"type":"Feature","geometry":{"type":"Point","coordinates":[135.6854067,34.9616779]},"properties":{"z":94.1}},{"type":"Feature","geometry":{"type":"Point","coordinates":[135.6854355,34.9616396]},"properties":{"z":94.8}},{"type":"Feature","geometry":{"type":"Point","coordinates":[135.6854587,34.9615989]},"properties":{"z":94.2}},{"type":"Feature","geometry":{"type":"Point","coordinates":[135.6854856,34.9615599]},"properties":{"z":95.3}},{"type":"Feature","geometry":{"type":"Point","coordinates":[135.6855126,34.9615208]},"properties":{"z":95.3}},{"type":"Feature","geometry":{"type":"Point","coordinates":[135.6855405,34.9614821]},"properties":{"z":95.4}},{"type":"Feature","geometry":{"type":"Point","coordinates":[135.6855686,34.9614435]},"properties":{"z":95.4}},{"type":"Feature","geometry":{"type":"Point","coordinates":[135.6855953,34.9614042]},"properties":{"z":95.8}},{"type":"Feature","geometry":{"type":"Point","coordinates":[135.6856199,34.9613641]},"properties":{"z":94.8}},{"type":"Feature","geometry":{"type":"Point","coordinates":[135.6856424,34.9613231]},"properties":{"z":94.8}},{"type":"Feature","geometry":{"type":"Point","coordinates":[135.6856682,34.9612834]},"properties":{"z":94.4}},{"type":"Feature","geometry":{"type":"Point","coordinates":[135.6856984,34.9612459]},"properties":{"z":94.4}},{"type":"Feature","geometry":{"type":"Point","coordinates":[135.6857241,34.9612064]},"properties":{"z":93.1}},{"type":"Feature","geometry":{"type":"Point","coordinates":[135.6857503,34.961167]},"properties":{"z":93.1}},{"type":"Feature","geometry":{"type":"Point","coordinates":[135.6857808,34.9611297]},"properties":{"z":92.8}},{"type":"Feature","geometry":{"type":"Point","coordinates":[135.6858076,34.9610905]},"properties":{"z":92.4}},{"type":"Feature","geometry":{"type":"Point","coordinates":[135.68584,34.9610543]},"properties":{"z":92.1}},{"type":"Feature","geometry":{"type":"Point","coordinates":[135.6858738,34.9610189]},"properties":{"z":91.9}},{"type":"Feature","geometry":{"type":"Point","coordinates":[135.685907,34.9609831]},"properties":{"z":91.9}},{"type":"Feature","geometry":{"type":"Point","coordinates":[135.6859412,34.960948]},"properties":{"z":91.7}},{"type":"Feature","geometry":{"type":"Point","coordinates":[135.6859766,34.9609136]},"properties":{"z":91.6}},{"type":"Feature","geometry":{"type":"Point","coordinates":[135.6860141,34.9608809]},"properties":{"z":91.6}},{"type":"Feature","geometry":{"type":"Point","coordinates":[135.6860544,34.9608505]},"properties":{"z":91.6}},{"type":"Feature","geometry":{"type":"Point","coordinates":[135.6860958,34.960821]},"properties":{"z":91.6}},{"type":"Feature","geometry":{"type":"Point","coordinates":[135.6861388,34.9607932]},"properties":{"z":91.4}},{"type":"Feature","geometry":{"type":"Point","coordinates":[135.6861823,34.9607658]},"properties":{"z":91.4}},{"type":"Feature","geometry":{"type":"Point","coordinates":[135.6862226,34.9607354]},"properties":{"z":91.1}},{"type":"Feature","geometry":{"type":"Point","coordinates":[135.6862588,34.9607017]},"properties":{"z":91.1}},{"type":"Feature","geometry":{"type":"Point","coordinates":[135.6862931,34.9606667]},"properties":{"z":91.1}},{"type":"Feature","geometry":{"type":"Point","coordinates":[135.6863281,34.960632]},"properties":{"z":90.9}},{"type":"Feature","geometry":{"type":"Point","coordinates":[135.6863595,34.9605953]},"properties":{"z":90.7}},{"type":"Feature","geometry":{"type":"Point","coordinates":[135.6863886,34.9605572]},"properties":{"z":90.6}},{"type":"Feature","geometry":{"type":"Point","coordinates":[135.6864187,34.9605196]},"properties":{"z":90.4}},{"type":"Feature","geometry":{"type":"Point","coordinates":[135.6864492,34.9604822]},"properties":{"z":90.4}},{"type":"Feature","geometry":{"type":"Point","coordinates":[135.6864827,34.9604467]},"properties":{"z":90.3}},{"type":"Feature","geometry":{"type":"Point","coordinates":[135.686517,34.9604116]},"properties":{"z":90.3}},{"type":"Feature","geometry":{"type":"Point","coordinates":[135.6865494,34.9603753]},"properties":{"z":89.9}},{"type":"Feature","geometry":{"type":"Point","coordinates":[135.6865814,34.9603388]},"properties":{"z":90.1}},{"type":"Feature","geometry":{"type":"Point","coordinates":[135.6866146,34.9603031]},"properties":{"z":89.9}},{"type":"Feature","geometry":{"type":"Point","coordinates":[135.6866485,34.9602678]},"properties":{"z":89.9}},{"type":"Feature","geometry":{"type":"Point","coordinates":[135.686683,34.9602328]},"properties":{"z":89.3}},{"type":"Feature","geometry":{"type":"Point","coordinates":[135.6867181,34.9601982]},"properties":{"z":89.3}},{"type":"Feature","geometry":{"type":"Point","coordinates":[135.6867534,34.9601638]},"properties":{"z":89.0}},{"type":"Feature","geometry":{"type":"Point","coordinates":[135.68679,34.9601304]},"properties":{"z":89.0}},{"type":"Feature","geometry":{"type":"Point","coordinates":[135.6868267,34.9600969]},"properties":{"z":88.6}},{"type":"Feature","geometry":{"type":"Point","coordinates":[135.6868654,34.9600652]},"properties":{"z":88.6}},{"type":"Feature","geometry":{"type":"Point","coordinates":[135.6869049,34.9600339]},"properties":{"z":87.8}},{"type":"Feature","geometry":{"type":"Point","coordinates":[135.6869445,34.9600028]},"properties":{"z":87.8}},{"type":"Feature","geometry":{"type":"Point","coordinates":[135.6869844,34.959972]},"properties":{"z":87.8}},{"type":"Feature","geometry":{"type":"Point","coordinates":[135.6870244,34.9599413]},"properties":{"z":87.2}},{"type":"Feature","geometry":{"type":"Point","coordinates":[135.6870654,34.9599114]},"properties":{"z":87.2}},{"type":"Feature","geometry":{"type":"Point","coordinates":[135.6871069,34.9598821]},"properties":{"z":86.6}},{"type":"Feature","geometry":{"type":"Point","coordinates":[135.6871541,34.9598592]},"properties":{"z":86.6}},{"type":"Feature","geometry":{"type":"Point","coordinates":[135.6872013,34.9598363]},"properties":{"z":86.1}},{"type":"Feature","geometry":{"type":"Point","coordinates":[135.6872472,34.9598116]},"properties":{"z":85.8}},{"type":"Feature","geometry":{"type":"Point","coordinates":[135.687293,34.959787]},"properties":{"z":85.8}},{"type":"Feature","geometry":{"type":"Point","coordinates":[135.6873356,34.9597586]},"properties":{"z":85.5}},{"type":"Feature","geometry":{"type":"Point","coordinates":[135.6873776,34.9597298]},"properties":{"z":85.9}},{"type":"Feature","geometry":{"type":"Point","coordinates":[135.6874173,34.9596988]},"properties":{"z":85.9}},{"type":"Feature","geometry":{"type":"Point","coordinates":[135.6874564,34.9596672]},"properties":{"z":86.0}},{"type":"Feature","geometry":{"type":"Point","coordinates":[135.6874966,34.9596367]},"properties":{"z":86.0}},{"type":"Feature","geometry":{"type":"Point","coordinates":[135.6875374,34.9596066]},"properties":{"z":86.0}},{"type":"Feature","geometry":{"type":"Point","coordinates":[135.6875704,34.9595711]},"properties":{"z":86.0}},{"type":"Feature","geometry":{"type":"Point","coordinates":[135.6876003,34.9595335]},"properties":{"z":85.9}},{"type":"Feature","geometry":{"type":"Point","coordinates":[135.6876311,34.9594963]},"properties":{"z":85.9}},{"type":"Feature","geometry":{"type":"Point","coordinates":[135.6876621,34.9594592]},"properties":{"z":85.6}},{"type":"Feature","geometry":{"type":"Point","coordinates":[135.6876894,34.9594202]},"properties":{"z":85.7}},{"type":"Feature","geometry":{"type":"Point","coordinates":[135.6877164,34.9593811]},"properties":{"z":85.6}},{"type":"Feature","geometry":{"type":"Point","coordinates":[135.6877455,34.959343]},"properties":{"z":85.6}},{"type":"Feature","geometry":{"type":"Point","coordinates":[135.6877747,34.9593049]},"properties":{"z":85.5}},{"type":"Feature","geometry":{"type":"Point","coordinates":[135.6878049,34.9592674]},"properties":{"z":85.5}},{"type":"Feature","geometry":{"type":"Point","coordinates":[135.6878352,34.9592299]},"properties":{"z":85.3}},{"type":"Feature","geometry":{"type":"Point","coordinates":[135.6878643,34.9591918]},"properties":{"z":85.5}},{"type":"Feature","geometry":{"type":"Point","coordinates":[135.6878929,34.9591535]},"properties":{"z":85.3}},{"type":"Feature","geometry":{"type":"Point","coordinates":[135.6879203,34.9591145]},"properties":{"z":85.2}},{"type":"Feature","geometry":{"type":"Point","coordinates":[135.6879475,34.9590755]},"properties":{"z":85.4}},{"type":"Feature","geometry":{"type":"Point","coordinates":[135.6879746,34.9590364]},"properties":{"z":85.3}},{"type":"Feature","geometry":{"type":"Point","coordinates":[135.6879978,34.9589958]},"properties":{"z":85.3}},{"type":"Feature","geometry":{"type":"Point","coordinates":[135.6880184,34.9589541]},"properties":{"z":85.3}},{"type":"Feature","geometry":{"type":"Point","coordinates":[135.6880292,34.9589101]},"properties":{"z":85.4}},{"type":"Feature","geometry":{"type":"Point","coordinates":[135.6880391,34.9588659]},"properties":{"z":85.2}},{"type":"Feature","geometry":{"type":"Point","coordinates":[135.6880459,34.9588213]},"properties":{"z":85.1}},{"type":"Feature","geometry":{"type":"Point","coordinates":[135.6880544,34.9587769]},"properties":{"z":85.1}},{"type":"Feature","geometry":{"type":"Point","coordinates":[135.6880602,34.9587323]},"properties":{"z":85.1}},{"type":"Feature","geometry":{"type":"Point","coordinates":[135.6880595,34.9586874]},"properties":{"z":85.1}},{"type":"Feature","geometry":{"type":"Point","coordinates":[135.6880566,34.9586425]},"properties":{"z":85.1}},{"type":"Feature","geometry":{"type":"Point","coordinates":[135.6880559,34.9585976]},"properties":{"z":84.8}},{"type":"Feature","geometry":{"type":"Point","coordinates":[135.6880563,34.9585527]},"properties":{"z":84.2}},{"type":"Feature","geometry":{"type":"Point","coordinates":[135.6880523,34.9585078]},"properties":{"z":84.2}},{"type":"Feature","geometry":{"type":"Point","coordinates":[135.6880419,34.9584637]},"properties":{"z":83.7}},{"type":"Feature","geometry":{"type":"Point","coordinates":[135.688022,34.9584222]},"properties":{"z":83.7}},{"type":"Feature","geometry":{"type":"Point","coordinates":[135.6880034,34.95838]},"properties":{"z":82.7}},{"type":"Feature","geometry":{"type":"Point","coordinates":[135.6879816,34.9583388]},"properties":{"z":82.4}},{"type":"Feature","geometry":{"type":"Point","coordinates":[135.6879564,34.9582989]},"properties":{"z":82.4}},{"type":"Feature","geometry":{"type":"Point","coordinates":[135.6879289,34.95826]},"properties":{"z":81.5}},{"type":"Feature","geometry":{"type":"Point","coordinates":[135.6878985,34.9582226]},"properties":{"z":81.5}},{"type":"Feature","geometry":{"type":"Point","coordinates":[135.6878675,34.9581856]},"properties":{"z":81.3}},{"type":"Feature","geometry":{"type":"Point","coordinates":[135.6878378,34.958148]},"properties":{"z":80.6}},{"type":"Feature","geometry":{"type":"Point","coordinates":[135.6878173,34.9581063]},"properties":{"z":80.6}},{"type":"Feature","geometry":{"type":"Point","coordinates":[135.6877907,34.958067]},"properties":{"z":80.6}},{"type":"Feature","geometry":{"type":"Point","coordinates":[135.6877638,34.9580279]},"properties":{"z":80.6}},{"type":"Feature","geometry":{"type":"Point","coordinates":[135.6877497,34.9579855]},"properties":{"z":80.3}},{"type":"Feature","geometry":{"type":"Point","coordinates":[135.6877517,34.9579406]},"properties":{"z":80.3}},{"type":"Feature","geometry":{"type":"Point","coordinates":[135.6877332,34.9578998]},"properties":{"z":80.4}},{"type":"Feature","geometry":{"type":"Point","coordinates":[135.6877303,34.9578549]},"properties":{"z":80.4}},{"type":"Feature","geometry":{"type":"Point","coordinates":[135.6877272,34.9578101]},"properties":{"z":80.5}},{"type":"Feature","geometry":{"type":"Point","coordinates":[135.6877268,34.9577652]},"properties":{"z":80.6}},{"type":"Feature","geometry":{"type":"Point","coordinates":[135.6877398,34.9577222]},"properties":{"z":80.6}},{"type":"Feature","geometry":{"type":"Point","coordinates":[135.687762,34.9576811]},"properties":{"z":81.0}},{"type":"Feature","geometry":{"type":"Point","coordinates":[135.6877839,34.9576399]},"properties":{"z":81.0}},{"type":"Feature","geometry":{"type":"Point","coordinates":[135.6878047,34.9575983]},"properties":{"z":81.0}},{"type":"Feature","geometry":{"type":"Point","coordinates":[135.6878272,34.9575574]},"properties":{"z":81.0}},{"type":"Feature","geometry":{"type":"Point","coordinates":[135.6878534,34.9575179]},"properties":{"z":81.4}},{"type":"Feature","geometry":{"type":"Point","coordinates":[135.6878781,34.9574778]},"properties":{"z":81.3}},{"type":"Feature","geometry":{"type":"Point","coordinates":[135.6878997,34.9574365]},"properties":{"z":81.3}},{"type":"Feature","geometry":{"type":"Point","coordinates":[135.6879193,34.9573945]},"properties":{"z":81.2}},{"type":"Feature","geometry":{"type":"Point","coordinates":[135.6879404,34.957353]},"properties":{"z":81.4}},{"type":"Feature","geometry":{"type":"Point","coordinates":[135.6879616,34.9573116]},"properties":{"z":81.4}},{"type":"Feature","geometry":{"type":"Point","coordinates":[135.6879823,34.9572699]},"properties":{"z":81.2}},{"type":"Feature","geometry":{"type":"Point","coordinates":[135.6880073,34.95723]},"properties":{"z":81.2}},{"type":"Feature","geometry":{"type":"Point","coordinates":[135.6880352,34.9571914]},"properties":{"z":81.4}},{"type":"Feature","geometry":{"type":"Point","coordinates":[135.6880688,34.9571558]},"properties":{"z":81.4}},{"type":"Feature","geometry":{"type":"Point","coordinates":[135.6881001,34.957119]},"properties":{"z":81.2}},{"type":"Feature","geometry":{"type":"Point","coordinates":[135.68813,34.9570813]},"properties":{"z":81.5}},{"type":"Feature","geometry":{"type":"Point","coordinates":[135.6881659,34.9570473]},"properties":{"z":81.3}},{"type":"Feature","geometry":{"type":"Point","coordinates":[135.6882067,34.957018]},"properties":{"z":81.7}},{"type":"Feature","geometry":{"type":"Point","coordinates":[135.6882561,34.9570002]},"properties":{"z":81.5}},{"type":"Feature","geometry":{"type":"Point","coordinates":[135.6883097,34.956991]},"properties":{"z":81.9}},{"type":"Feature","geometry":{"type":"Point","coordinates":[135.6883627,34.9569795]},"properties":{"z":82.3}},{"type":"Feature","geometry":{"type":"Point","coordinates":[135.6884143,34.9569644]},"properties":{"z":82.3}},{"type":"Feature","geometry":{"type":"Point","coordinates":[135.6884536,34.9569345]},"properties":{"z":82.6}},{"type":"Feature","geometry":{"type":"Point","coordinates":[135.6884747,34.9568941]},"properties":{"z":82.6}},{"type":"Feature","geometry":{"type":"Point","coordinates":[135.6884931,34.9568518]},"properties":{"z":82.5}},{"type":"Feature","geometry":{"type":"Point","coordinates":[135.6885127,34.9568098]},"properties":{"z":82.5}},{"type":"Feature","geometry":{"type":"Point","coordinates":[135.6885321,34.9567677]},"properties":{"z":82.3}},{"type":"Feature","geometry":{"type":"Point","coordinates":[135.6885503,34.9567253]},"properties":{"z":82.2}},{"type":"Feature","geometry":{"type":"Point","coordinates":[135.6885655,34.9566822]},"properties":{"z":82.2}},{"type":"Feature","geometry":{"type":"Point","coordinates":[135.6885818,34.9566393]},"properties":{"z":82.0}},{"type":"Feature","geometry":{"type":"Point","coordinates":[135.6886029,34.9565979]},"properties":{"z":82.0}},{"type":"Feature","geometry":{"type":"Point","coordinates":[135.6886291,34.9565584]},"properties":{"z":81.6}},{"type":"Feature","geometry":{"type":"Point","coordinates":[135.688655,34.9565189]},"properties":{"z":81.6}},{"type":"Feature","geometry":{"type":"Point","coordinates":[135.6886785,34.9564782]},"properties":{"z":81.2}},{"type":"Feature","geometry":{"type":"Point","coordinates":[135.6887043,34.9564386]},"properties":{"z":80.9}},{"type":"Feature","geometry":{"type":"Point","coordinates":[135.6887293,34.9563986]},"properties":{"z":80.7}},{"type":"Feature","geometry":{"type":"Point","coordinates":[135.6887576,34.9563601]},"properties":{"z":80.4}},{"type":"Feature","geometry":{"type":"Point","coordinates":[135.688785,34.9563212]},"properties":{"z":80.4}},{"type":"Feature","geometry":{"type":"Point","coordinates":[135.688808,34.9562804]},"properties":{"z":79.9}},{"type":"Feature","geometry":{"type":"Point","coordinates":[135.6888309,34.9562396]},"properties":{"z":79.9}},{"type":"Feature","geometry":{"type":"Point","coordinates":[135.6888527,34.9561983]},"properties":{"z":79.8}},{"type":"Feature","geometry":{"type":"Point","coordinates":[135.6888738,34.9561568]},"properties":{"z":79.8}},{"type":"Feature","geometry":{"type":"Point","coordinates":[135.6888927,34.9561146]},"properties":{"z":78.9}},{"type":"Feature","geometry":{"type":"Point","coordinates":[135.6889125,34.9560727]},"properties":{"z":78.7}},{"type":"Feature","geometry":{"type":"Point","coordinates":[135.6889331,34.956031]},"properties":{"z":78.7}},{"type":"Feature","geometry":{"type":"Point","coordinates":[135.6889547,34.9559897]},"properties":{"z":78.7}},{"type":"Feature","geometry":{"type":"Point","coordinates":[135.6889666,34.9559459]},"properties":{"z":77.4}},{"type":"Feature","geometry":{"type":"Point","coordinates":[135.6889768,34.955942]},"properties":{"z":77.4}},{"type":"Feature","geometry":{"type":"Point","coordinates":[135.6889734,34.9559736]},"properties":{"z":77.8}},{"type":"Feature","geometry":{"type":"Point","coordinates":[135.688956,34.9560162]},"properties":{"z":78.7}},{"type":"Feature","geometry":{"type":"Point","coordinates":[135.6889334,34.9560571]},"properties":{"z":78.7}},{"type":"Feature","geometry":{"type":"Point","coordinates":[135.6889112,34.9560981]},"properties":{"z":78.9}},{"type":"Feature","geometry":{"type":"Point","coordinates":[135.6888928,34.9561405]},"properties":{"z":78.9}},{"type":"Feature","geometry":{"type":"Point","coordinates":[135.6888723,34.9561821]},"properties":{"z":79.8}},{"type":"Feature","geometry":{"type":"Point","coordinates":[135.6888482,34.9562225]},"properties":{"z":79.8}},{"type":"Feature","geometry":{"type":"Point","coordinates":[135.6888202,34.9562611]},"properties":{"z":79.9}},{"type":"Feature","geometry":{"type":"Point","coordinates":[135.688791,34.9562988]},"properties":{"z":80.2}},{"type":"Feature","geometry":{"type":"Point","coordinates":[135.6887711,34.9563406]},"properties":{"z":80.4}},{"type":"Feature","geometry":{"type":"Point","coordinates":[135.6887521,34.9563828]},"properties":{"z":80.7}},{"type":"Feature","geometry":{"type":"Point","coordinates":[135.6887304,34.9564239]},"properties":{"z":80.7}},{"type":"Feature","geometry":{"type":"Point","coordinates":[135.6887116,34.9564657]},"properties":{"z":81.1}},{"type":"Feature","geometry":{"type":"Point","coordinates":[135.6886859,34.9565054]},"properties":{"z":81.2}},{"type":"Feature","geometry":{"type":"Point","coordinates":[135.6886667,34.9565474]},"properties":{"z":81.6}},{"type":"Feature","geometry":{"type":"Point","coordinates":[135.6886547,34.9565912]},"properties":{"z":81.9}},{"type":"Feature","geometry":{"type":"Point","coordinates":[135.6886335,34.9566325]},"properties":{"z":81.9}},{"type":"Feature","geometry":{"type":"Point","coordinates":[135.688614,34.9566745]},"properties":{"z":82.2}},{"type":"Feature","geometry":{"type":"Point","coordinates":[135.6885926,34.9567157]},"properties":{"z":82.2}},{"type":"Feature","geometry":{"type":"Point","coordinates":[135.6885762,34.9567581]},"properties":{"z":82.4}},{"type":"Feature","geometry":{"type":"Point","coordinates":[135.6885586,34.9568007]},"properties":{"z":82.5}},{"type":"Feature","geometry":{"type":"Point","coordinates":[135.6885294,34.9568381]},"properties":{"z":82.5}},{"type":"Feature","geometry":{"type":"Point","coordinates":[135.6884841,34.9568633]},"properties":{"z":82.5}},{"type":"Feature","geometry":{"type":"Point","coordinates":[135.6884323,34.9568773]},"properties":{"z":82.2}},{"type":"Feature","geometry":{"type":"Point","coordinates":[135.6883791,34.9568879]},"properties":{"z":82.2}},{"type":"Feature","geometry":{"type":"Point","coordinates":[135.6883279,34.9569034]},"properties":{"z":81.8}},{"type":"Feature","geometry":{"type":"Point","coordinates":[135.6882837,34.9569295]},"properties":{"z":81.8}},{"type":"Feature","geometry":{"type":"Point","coordinates":[135.6882371,34.9569529]},"properties":{"z":81.5}},{"type":"Feature","geometry":{"type":"Point","coordinates":[135.6881979,34.956984]},"properties":{"z":81.5}},{"type":"Feature","geometry":{"type":"Point","coordinates":[135.6881552,34.9570118]},"properties":{"z":81.3}},{"type":"Feature","geometry":{"type":"Point","coordinates":[135.6881189,34.9570454]},"properties":{"z":81.3}},{"type":"Feature","geometry":{"type":"Point","coordinates":[135.6880864,34.9570816]},"properties":{"z":81.2}},{"type":"Feature","geometry":{"type":"Point","coordinates":[135.6880559,34.9571189]},"properties":{"z":81.2}},{"type":"Feature","geometry":{"type":"Point","coordinates":[135.6880195,34.9571525]},"properties":{"z":81.4}},{"type":"Feature","geometry":{"type":"Point","coordinates":[135.6879879,34.9571891]},"properties":{"z":80.9}},{"type":"Feature","geometry":{"type":"Point","coordinates":[135.6879608,34.9572281]},"properties":{"z":81.2}},{"type":"Feature","geometry":{"type":"Point","coordinates":[135.6879361,34.9572682]},"properties":{"z":81.2}},{"type":"Feature","geometry":{"type":"Point","coordinates":[135.6879118,34.9573084]},"properties":{"z":81.0}},{"type":"Feature","geometry":{"type":"Point","coordinates":[135.6878885,34.9573491]},"properties":{"z":81.0}},{"type":"Feature","geometry":{"type":"Point","coordinates":[135.6878655,34.9573898]},"properties":{"z":81.2}},{"type":"Feature","geometry":{"type":"Point","coordinates":[135.6878437,34.957431]},"properties":{"z":80.8}},{"type":"Feature","geometry":{"type":"Point","coordinates":[135.6878256,34.9574734]},"properties":{"z":80.9}},{"type":"Feature","geometry":{"type":"Point","coordinates":[135.6878041,34.9575147]},"properties":{"z":81.0}},{"type":"Feature","geometry":{"type":"Point","coordinates":[135.6877796,34.9575549]},"properties":{"z":81.0}},{"type":"Feature","geometry":{"type":"Point","coordinates":[135.687753,34.9575942]},"properties":{"z":80.6}},{"type":"Feature","geometry":{"type":"Point","coordinates":[135.6877339,34.9576362]},"properties":{"z":80.6}},{"type":"Feature","geometry":{"type":"Point","coordinates":[135.6877233,34.9576802]},"properties":{"z":80.6}},{"type":"Feature","geometry":{"type":"Point","coordinates":[135.6877196,34.957725]},"properties":{"z":80.6}},{"type":"Feature","geometry":{"type":"Point","coordinates":[135.6877214,34.9577699]},"properties":{"z":80.6}},{"type":"Feature","geometry":{"type":"Point","coordinates":[135.6877318,34.9578139]},"properties":{"z":80.5}},{"type":"Feature","geometry":{"type":"Point","coordinates":[135.6877455,34.9578574]},"properties":{"z":80.4}},{"type":"Feature","geometry":{"type":"Point","coordinates":[135.6877681,34.9578982]},"properties":{"z":80.9}},{"type":"Feature","geometry":{"type":"Point","coordinates":[135.6877919,34.9579387]},"properties":{"z":80.7}},{"type":"Feature","geometry":{"type":"Point","coordinates":[135.6878179,34.9579782]},"properties":{"z":80.7}},{"type":"Feature","geometry":{"type":"Point","coordinates":[135.6878468,34.9580164]},"properties":{"z":80.6}},{"type":"Feature","geometry":{"type":"Point","coordinates":[135.6878751,34.9580549]},"properties":{"z":81.1}},{"type":"Feature","geometry":{"type":"Point","coordinates":[135.6878983,34.9580956]},"properties":{"z":81.1}},{"type":"Feature","geometry":{"type":"Point","coordinates":[135.687919,34.9581373]},"properties":{"z":81.3}},{"type":"Feature","geometry":{"type":"Point","coordinates":[135.6879427,34.9581777]},"properties":{"z":81.9}},{"type":"Feature","geometry":{"type":"Point","coordinates":[135.6879665,34.9582181]},"properties":{"z":82.2}},{"type":"Feature","geometry":{"type":"Point","coordinates":[135.6879866,34.9582599]},"properties":{"z":82.2}},{"type":"Feature","geometry":{"type":"Point","coordinates":[135.6880051,34.9583023]},"properties":{"z":82.4}},{"type":"Feature","geometry":{"type":"Point","coordinates":[135.6880221,34.958345]},"properties":{"z":83.1}},{"type":"Feature","geometry":{"type":"Point","coordinates":[135.6880394,34.9583876]},"properties":{"z":83.4}},{"type":"Feature","geometry":{"type":"Point","coordinates":[135.68805,34.9584316]},"properties":{"z":83.7}},{"type":"Feature","geometry":{"type":"Point","coordinates":[135.6880572,34.9584762]},"properties":{"z":83.7}},{"type":"Feature","geometry":{"type":"Point","coordinates":[135.6880634,34.9585208]},"properties":{"z":84.2}},{"type":"Feature","geometry":{"type":"Point","coordinates":[135.6880692,34.9585655]},"properties":{"z":84.8}},{"type":"Feature","geometry":{"type":"Point","coordinates":[135.6880723,34.9586104]},"properties":{"z":84.8}},{"type":"Feature","geometry":{"type":"Point","coordinates":[135.6880709,34.9586553]},"properties":{"z":85.1}},{"type":"Feature","geometry":{"type":"Point","coordinates":[135.6880703,34.9587002]},"properties":{"z":85.1}},{"type":"Feature","geometry":{"type":"Point","coordinates":[135.6880713,34.9587452]},"properties":{"z":85.1}},{"type":"Feature","geometry":{"type":"Point","coordinates":[135.6880653,34.9587895]},"properties":{"z":85.1}},{"type":"Feature","geometry":{"type":"Point","coordinates":[135.688058,34.9588333]},"properties":{"z":85.1}},{"type":"Feature","geometry":{"type":"Point","coordinates":[135.6880716,34.9588718]},"properties":{"z":85.2}},{"type":"Feature","geometry":{"type":"Point","coordinates":[135.6881258,34.9588656]},"properties":{"z":85.2}},{"type":"Feature","geometry":{"type":"Point","coordinates":[135.6881798,34.9588593]},"properties":{"z":85.2}},{"type":"Feature","geometry":{"type":"Point","coordinates":[135.688233,34.958852]},"properties":{"z":85.1}},{"type":"Feature","geometry":{"type":"Point","coordinates":[135.6882857,34.958843]},"properties":{"z":84.9}},{"type":"Feature","geometry":{"type":"Point","coordinates":[135.6882571,34.9588455]},"properties":{"z":85.1}},{"type":"Feature","geometry":{"type":"Point","coordinates":[135.6882105,34.9588686]},"properties":{"z":85.1}},{"type":"Feature","geometry":{"type":"Point","coordinates":[135.6881598,34.9588857]},"properties":{"z":85.2}},{"type":"Feature","geometry":{"type":"Point","coordinates":[135.6881126,34.9589083]},"properties":{"z":85.2}},{"type":"Feature","geometry":{"type":"Point","coordinates":[135.6880739,34.95894]},"properties":{"z":85.4}},{"type":"Feature","geometry":{"type":"Point","coordinates":[135.68805,34.9589801]},"properties":{"z":85.4}},{"type":"Feature","geometry":{"type":"Point","coordinates":[135.6880255,34.9590202]},"properties":{"z":85.5}},{"type":"Feature","geometry":{"type":"Point","coordinates":[135.6879919,34.9590556]},"properties":{"z":85.4}},{"type":"Feature","geometry":{"type":"Point","coordinates":[135.6879538,34.9590879]},"properties":{"z":85.4}},{"type":"Feature","geometry":{"type":"Point","coordinates":[135.6879196,34.959123]},"properties":{"z":85.3}},{"type":"Feature","geometry":{"type":"Point","coordinates":[135.6878887,34.9591602]},"properties":{"z":85.3}},{"type":"Feature","geometry":{"type":"Point","coordinates":[135.6878563,34.9591964]},"properties":{"z":85.5}},{"type":"Feature","geometry":{"type":"Point","coordinates":[135.6878265,34.959234]},"properties":{"z":85.3}},{"type":"Feature","geometry":{"type":"Point","coordinates":[135.6878024,34.9592744]},"properties":{"z":85.5}},{"type":"Feature","geometry":{"type":"Point","coordinates":[135.6877752,34.9593134]},"properties":{"z":85.5}},{"type":"Feature","geometry":{"type":"Point","coordinates":[135.6877516,34.9593538]},"properties":{"z":85.6}},{"type":"Feature","geometry":{"type":"Point","coordinates":[135.6877213,34.9593913]},"properties":{"z":85.6}},{"type":"Feature","geometry":{"type":"Point","coordinates":[135.6876878,34.9594269]},"properties":{"z":85.7}},{"type":"Feature","geometry":{"type":"Point","coordinates":[135.6876576,34.9594644]},"properties":{"z":85.6}},{"type":"Feature","geometry":{"type":"Point","coordinates":[135.6876259,34.9595011]},"properties":{"z":85.9}},{"type":"Feature","geometry":{"type":"Point","coordinates":[135.6875892,34.9595342]},"properties":{"z":85.9}},{"type":"Feature","geometry":{"type":"Point","coordinates":[135.6875477,34.9595634]},"properties":{"z":86.0}},{"type":"Feature","geometry":{"type":"Point","coordinates":[135.6875046,34.9595911]},"properties":{"z":86.0}},{"type":"Feature","geometry":{"type":"Point","coordinates":[135.6874643,34.9596217]},"properties":{"z":86.0}},{"type":"Feature","geometry":{"type":"Point","coordinates":[135.6874188,34.9596467]},"properties":{"z":86.0}},{"type":"Feature","geometry":{"type":"Point","coordinates":[135.6873734,34.9596719]},"properties":{"z":86.2}},{"type":"Feature","geometry":{"type":"Point","coordinates":[135.6873281,34.9596972]},"properties":{"z":86.1}},{"type":"Feature","geometry":{"type":"Point","coordinates":[135.6872821,34.9597218]},"properties":{"z":86.1}},{"type":"Feature","geometry":{"type":"Point","coordinates":[135.6872382,34.9597487]},"properties":{"z":86.4}},{"type":"Feature","geometry":{"type":"Point","coordinates":[135.6871938,34.9597751]},"properties":{"z":86.2}},{"type":"Feature","geometry":{"type":"Point","coordinates":[135.6871493,34.9598014]},"properties":{"z":86.7}},{"type":"Feature","geometry":{"type":"Point","coordinates":[135.687105,34.9598279]},"properties":{"z":86.6}},{"type":"Feature","geometry":{"type":"Point","coordinates":[135.6870641,34.9598578]},"properties":{"z":87.1}},{"type":"Feature","geometry":{"type":"Point","coordinates":[135.6870253,34.9598895]},"properties":{"z":87.1}},{"type":"Feature","geometry":{"type":"Point","coordinates":[135.6869889,34.9599231]},"properties":{"z":87.2}},{"type":"Feature","geometry":{"type":"Point","coordinates":[135.6869533,34.9599573]},"properties":{"z":87.8}},{"type":"Feature","geometry":{"type":"Point","coordinates":[135.6869176,34.9599914]},"properties":{"z":87.8}},{"type":"Feature","geometry":{"type":"Point","coordinates":[135.6868816,34.9600254]},"properties":{"z":88.4}},{"type":"Feature","geometry":{"type":"Point","coordinates":[135.6868472,34.9600603]},"properties":{"z":88.6}},{"type":"Feature","geometry":{"type":"Point","coordinates":[135.6868126,34.9600952]},"properties":{"z":88.6}},{"type":"Feature","geometry":{"type":"Point","coordinates":[135.6867774,34.9601297]},"properties":{"z":89.0}},{"type":"Feature","geometry":{"type":"Point","coordinates":[135.6867456,34.9601663]},"properties":{"z":89.0}},{"type":"Feature","geometry":{"type":"Point","coordinates":[135.6867156,34.9602039]},"properties":{"z":89.3}},{"type":"Feature","geometry":{"type":"Point","coordinates":[135.6866888,34.9602431]},"properties":{"z":89.3}},{"type":"Feature","geometry":{"type":"Point","coordinates":[135.6866591,34.9602809]},"properties":{"z":89.9}},{"type":"Feature","geometry":{"type":"Point","coordinates":[135.6866277,34.9603177]},"properties":{"z":90.1}},{"type":"Feature","geometry":{"type":"Point","coordinates":[135.686595,34.9603538]},"properties":{"z":90.1}},{"type":"Feature","geometry":{"type":"Point","coordinates":[135.6865649,34.9603914]},"properties":{"z":90.3}},{"type":"Feature","geometry":{"type":"Point","coordinates":[135.6865342,34.9604286]},"properties":{"z":90.3}},{"type":"Feature","geometry":{"type":"Point","coordinates":[135.6865005,34.960464]},"properties":{"z":90.5}},{"type":"Feature","geometry":{"type":"Point","coordinates":[135.686463,34.9604967]},"properties":{"z":90.4}},{"type":"Feature","geometry":{"type":"Point","coordinates":[135.6864226,34.9605271]},"properties":{"z":90.4}},{"type":"Feature","geometry":{"type":"Point","coordinates":[135.6863822,34.9605575]},"properties":{"z":90.7}},{"type":"Feature","geometry":{"type":"Point","coordinates":[135.6863447,34.9605902]},"properties":{"z":90.7}},{"type":"Feature","geometry":{"type":"Point","coordinates":[135.6863055,34.9606217]},"properties":{"z":90.9}},{"type":"Feature","geometry":{"type":"Point","coordinates":[135.6862669,34.9606535]},"properties":{"z":91.1}},{"type":"Feature","geometry":{"type":"Point","coordinates":[135.6862274,34.9606845]},"properties":{"z":91.1}},{"type":"Feature","geometry":{"type":"Point","coordinates":[135.6861867,34.9607143]},"properties":{"z":91.3}},{"type":"Feature","geometry":{"type":"Point","coordinates":[135.6861531,34.9607494]},"properties":{"z":91.4}},{"type":"Feature","geometry":{"type":"Point","coordinates":[135.6861084,34.9607755]},"properties":{"z":91.3}},{"type":"Feature","geometry":{"type":"Point","coordinates":[135.6860645,34.9608024]},"properties":{"z":91.3}},{"type":"Feature","geometry":{"type":"Point","coordinates":[135.6860232,34.9608318]},"properties":{"z":91.5}},{"type":"Feature","geometry":{"type":"Point","coordinates":[135.6859836,34.960863]},"properties":{"z":91.5}},{"type":"Feature","geometry":{"type":"Point","coordinates":[135.6859441,34.9608941]},"properties":{"z":91.7}},{"type":"Feature","geometry":{"type":"Point","coordinates":[135.6859066,34.9609269]},"properties":{"z":91.7}},{"type":"Feature","geometry":{"type":"Point","coordinates":[135.6858702,34.9609605]},"properties":{"z":91.9}},{"type":"Feature","geometry":{"type":"Point","coordinates":[135.685837,34.9609963]},"properties":{"z":91.9}},{"type":"Feature","geometry":{"type":"Point","coordinates":[135.6858075,34.9610341]},"properties":{"z":92.1}},{"type":"Feature","geometry":{"type":"Point","coordinates":[135.6857798,34.9610729]},"properties":{"z":92.3}},{"type":"Feature","geometry":{"type":"Point","coordinates":[135.68575,34.9611106]},"properties":{"z":92.8}},{"type":"Feature","geometry":{"type":"Point","coordinates":[135.6857225,34.9611495]},"properties":{"z":92.8}},{"type":"Feature","geometry":{"type":"Point","coordinates":[135.6856975,34.9611895]},"properties":{"z":93.6}},{"type":"Feature","geometry":{"type":"Point","coordinates":[135.6856694,34.9612281]},"properties":{"z":93.6}},{"type":"Feature","geometry":{"type":"Point","coordinates":[135.6856404,34.9612662]},"properties":{"z":94.4}},{"type":"Feature","geometry":{"type":"Point","coordinates":[135.6856106,34.961304]},"properties":{"z":95.5}},{"type":"Feature","geometry":{"type":"Point","coordinates":[135.6855872,34.9613445]},"properties":{"z":95.5}},{"type":"Feature","geometry":{"type":"Point","coordinates":[135.6855625,34.9613845]},"properties":{"z":95.8}},{"type":"Feature","geometry":{"type":"Point","coordinates":[135.6855342,34.961423]},"properties":{"z":95.8}},{"type":"Feature","geometry":{"type":"Point","coordinates":[135.6855018,34.9614593]},"properties":{"z":96.0}},{"type":"Feature","geometry":{"type":"Point","coordinates":[135.6854687,34.9614951]},"properties":{"z":96.0}},{"type":"Feature","geometry":{"type":"Point","coordinates":[135.6854355,34.9615309]},"properties":{"z":95.7}},{"type":"Feature","geometry":{"type":"Point","coordinates":[135.6854109,34.961571]},"properties":{"z":95.7}},{"type":"Feature","geometry":{"type":"Point","coordinates":[135.6853864,34.9616112]},"properties":{"z":94.8}},{"type":"Feature","geometry":{"type":"Point","coordinates":[135.6853621,34.9616516]},"properties":{"z":94.8}},{"type":"Feature","geometry":{"type":"Point","coordinates":[135.6853388,34.9616922]},"properties":{"z":94.8}},{"type":"Feature","geometry":{"type":"Point","coordinates":[135.6853199,34.9617344]},"properties":{"z":94.2}},{"type":"Feature","geometry":{"type":"Point","coordinates":[135.6853083,34.9617783]},"properties":{"z":94.2}},{"type":"Feature","geometry":{"type":"Point","coordinates":[135.6852939,34.9618216]},"properties":{"z":93.7}},{"type":"Feature","geometry":{"type":"Point","coordinates":[135.6852758,34.961864]},"properties":{"z":93.7}},{"type":"Feature","geometry":{"type":"Point","coordinates":[135.6852588,34.9619066]},"properties":{"z":93.5}},{"type":"Feature","geometry":{"type":"Point","coordinates":[135.6852456,34.9619503]},"properties":{"z":93.5}},{"type":"Feature","geometry":{"type":"Point","coordinates":[135.6852345,34.9619943]},"properties":{"z":93.5}},{"type":"Feature","geometry":{"type":"Point","coordinates":[135.6852274,34.9620388]},"properties":{"z":93.5}},{"type":"Feature","geometry":{"type":"Point","coordinates":[135.6852196,34.9620833]},"properties":{"z":93.6}},{"type":"Feature","geometry":{"type":"Point","coordinates":[135.685208,34.9621272]},"properties":{"z":93.6}},{"type":"Feature","geometry":{"type":"Point","coordinates":[135.6851966,34.9621712]},"properties":{"z":93.7}},{"type":"Feature","geometry":{"type":"Point","coordinates":[135.6851838,34.9622149]},"properties":{"z":93.4}},{"type":"Feature","geometry":{"type":"Point","coordinates":[135.6851727,34.9622588]},"properties":{"z":93.9}},{"type":"Feature","geometry":{"type":"Point","coordinates":[135.685165,34.9623033]},"properties":{"z":94.5}},{"type":"Feature","geometry":{"type":"Point","coordinates":[135.6851586,34.962348]},"properties":{"z":94.5}},{"type":"Feature","geometry":{"type":"Point","coordinates":[135.6851553,34.9623928]},"properties":{"z":95.1}},{"type":"Feature","geometry":{"type":"Point","coordinates":[135.685155,34.9624377]},"properties":{"z":95.3}},{"type":"Feature","geometry":{"type":"Point","coordinates":[135.6851565,34.9624827]},"properties":{"z":95.3}},{"type":"Feature","geometry":{"type":"Point","coordinates":[135.6851585,34.9625276]},"properties":{"z":95.2}},{"type":"Feature","geometry":{"type":"Point","coordinates":[135.6851566,34.9625725]},"properties":{"z":94.8}},{"type":"Feature","geometry":{"type":"Point","coordinates":[135.6851524,34.9626173]},"properties":{"z":94.8}},{"type":"Feature","geometry":{"type":"Point","coordinates":[135.6851443,34.9626617]},"properties":{"z":94.3}},{"type":"Feature","geometry":{"type":"Point","coordinates":[135.6851264,34.962704]},"properties":{"z":94.3}},{"type":"Feature","geometry":{"type":"Point","coordinates":[135.6850993,34.9627431]},"properties":{"z":94.0}},{"type":"Feature","geometry":{"type":"Point","coordinates":[135.6850681,34.9627798]},"properties":{"z":93.8}},{"type":"Feature","geometry":{"type":"Point","coordinates":[135.6850328,34.9628142]},"properties":{"z":93.8}},{"type":"Feature","geometry":{"type":"Point","coordinates":[135.6849993,34.9628499]},"properties":{"z":92.8}},{"type":"Feature","geometry":{"type":"Point","coordinates":[135.6849661,34.9628856]},"properties":{"z":92.8}},{"type":"Feature","geometry":{"type":"Point","coordinates":[135.684933,34.9629215]},"properties":{"z":92.6}},{"type":"Feature","geometry":{"type":"Point","coordinates":[135.6849003,34.9629576]},"properties":{"z":92.2}},{"type":"Feature","geometry":{"type":"Point","coordinates":[135.6848717,34.9629959]},"properties":{"z":92.4}},{"type":"Feature","geometry":{"type":"Point","coordinates":[135.684843,34.9630342]},"properties":{"z":91.4}},{"type":"Feature","geometry":{"type":"Point","coordinates":[135.6848143,34.9630725]},"properties":{"z":91.1}},{"type":"Feature","geometry":{"type":"Point","coordinates":[135.6847849,34.9631104]},"properties":{"z":91.1}},{"type":"Feature","geometry":{"type":"Point","coordinates":[135.684755,34.9631482]},"properties":{"z":89.1}},{"type":"Feature","geometry":{"type":"Point","coordinates":[135.6847269,34.9631867]},"properties":{"z":89.1}},{"type":"Feature","geometry":{"type":"Point","coordinates":[135.6846965,34.963224]},"properties":{"z":88.2}},{"type":"Feature","geometry":{"type":"Point","coordinates":[135.6846605,34.9632579]},"properties":{"z":86.3}},{"type":"Feature","geometry":{"type":"Point","coordinates":[135.6846218,34.9632897]},"properties":{"z":86.2}},{"type":"Feature","geometry":{"type":"Point","coordinates":[135.6845867,34.9633243]},"properties":{"z":86.2}},{"type":"Feature","geometry":{"type":"Point","coordinates":[135.6845517,34.9633588]},"properties":{"z":84.6}},{"type":"Feature","geometry":{"type":"Point","coordinates":[135.6845128,34.9633905]},"properties":{"z":84.6}},{"type":"Feature","geometry":{"type":"Point","coordinates":[135.6844716,34.96342]},"properties":{"z":83.0}},{"type":"Feature","geometry":{"type":"Point","coordinates":[135.6844274,34.9634467]},"properties":{"z":83.0}},{"type":"Feature","geometry":{"type":"Point","coordinates":[135.6843809,34.9634704]},"properties":{"z":82.9}},{"type":"Feature","geometry":{"type":"Point","coordinates":[135.6843326,34.9634917]},"properties":{"z":81.6}},{"type":"Feature","geometry":{"type":"Point","coordinates":[135.6842914,34.9635189]},"properties":{"z":82.0}},{"type":"Feature","geometry":{"type":"Point","coordinates":[135.6842555,34.9635512]},"properties":{"z":82.0}},{"type":"Feature","geometry":{"type":"Point","coordinates":[135.6842069,34.9635721]},"properties":{"z":80.6}},{"type":"Feature","geometry":{"type":"Point","coordinates":[135.6841582,34.9635927]},"properties":{"z":80.6}},{"type":"Feature","geometry":{"type":"Point","coordinates":[135.6841093,34.9636132]},"properties":{"z":80.2}},{"type":"Feature","geometry":{"type":"Point","coordinates":[135.6840601,34.9636331]},"properties":{"z":78.6}},{"type":"Feature","geometry":{"type":"Point","coordinates":[135.684014,34.9636573]},"properties":{"z":78.6}},{"type":"Feature","geometry":{"type":"Point","coordinates":[135.6839688,34.9636827]},"properties":{"z":78.1}},{"type":"Feature","geometry":{"type":"Point","coordinates":[135.6839232,34.9637077]},"properties":{"z":76.9}},{"type":"Feature","geometry":{"type":"Point","coordinates":[135.6838774,34.9637325]},"properties":{"z":76.4}},{"type":"Feature","geometry":{"type":"Point","coordinates":[135.6838308,34.9637561]},"properties":{"z":76.4}},{"type":"Feature","geometry":{"type":"Point","coordinates":[135.683784,34.9637796]},"properties":{"z":74.6}},{"type":"Feature","geometry":{"type":"Point","coordinates":[135.6837328,34.9637958]},"properties":{"z":74.6}},{"type":"Feature","geometry":{"type":"Point","coordinates":[135.6836817,34.9638119]},"properties":{"z":74.2}},{"type":"Feature","geometry":{"type":"Point","coordinates":[135.6836286,34.9638231]},"properties":{"z":73.8}},{"type":"Feature","geometry":{"type":"Point","coordinates":[135.6835753,34.9638339]},"properties":{"z":72.3}},{"type":"Feature","geometry":{"type":"Point","coordinates":[135.6835272,34.9638542]},"properties":{"z":72.2}},{"type":"Feature","geometry":{"type":"Point","coordinates":[135.6834817,34.9638793]},"properties":{"z":72.2}},{"type":"Feature","geometry":{"type":"Point","coordinates":[135.6834362,34.9639044]},"properties":{"z":70.7}},{"type":"Feature","geometry":{"type":"Point","coordinates":[135.6833865,34.9639234]},"properties":{"z":70.7}},{"type":"Feature","geometry":{"type":"Point","coordinates":[135.6833367,34.9639423]},"properties":{"z":70.7}},{"type":"Feature","geometry":{"type":"Point","coordinates":[135.6832876,34.9639622]},"properties":{"z":70.7}},{"type":"Feature","geometry":{"type":"Point","coordinates":[135.6832409,34.9639858]},"properties":{"z":69.7}},{"type":"Feature","geometry":{"type":"Point","coordinates":[135.6831942,34.9640093]},"properties":{"z":69.3}},{"type":"Feature","geometry":{"type":"Point","coordinates":[135.6831474,34.9640328]},"properties":{"z":69.3}},{"type":"Feature","geometry":{"type":"Point","coordinates":[135.6830997,34.9640549]},"properties":{"z":68.4}},{"type":"Feature","geometry":{"type":"Point","coordinates":[135.6830519,34.9640769]},"properties":{"z":68.4}},{"type":"Feature","geometry":{"type":"Point","coordinates":[135.6830041,34.964099]},"properties":{"z":68.2}},{"type":"Feature","geometry":{"type":"Point","coordinates":[135.6829567,34.9641217]},"properties":{"z":68.5}},{"type":"Feature","geometry":{"type":"Point","coordinates":[135.6829097,34.9641448]},"properties":{"z":68.4}},{"type":"Feature","geometry":{"type":"Point","coordinates":[135.6828627,34.9641679]},"properties":{"z":67.9}},{"type":"Feature","geometry":{"type":"Point","coordinates":[135.6828162,34.9641919]},"properties":{"z":68.1}},{"type":"Feature","geometry":{"type":"Point","coordinates":[135.6827704,34.9642166]},"properties":{"z":69.1}},{"type":"Feature","geometry":{"type":"Point","coordinates":[135.6827245,34.9642412]},"properties":{"z":69.1}},{"type":"Feature","geometry":{"type":"Point","coordinates":[135.6826787,34.9642659]},"properties":{"z":70.1}},{"type":"Feature","geometry":{"type":"Point","coordinates":[135.6826329,34.9642907]},"properties":{"z":70.1}},{"type":"Feature","geometry":{"type":"Point","coordinates":[135.6825898,34.9643183]},"properties":{"z":70.4}},{"type":"Feature","geometry":{"type":"Point","coordinates":[135.6825486,34.964348]},"properties":{"z":70.7}},{"type":"Feature","geometry":{"type":"Point","coordinates":[135.6825075,34.9643778]},"properties":{"z":70.9}},{"type":"Feature","geometry":{"type":"Point","coordinates":[135.6824665,34.9644076]},"properties":{"z":71.3}},{"type":"Feature","geometry":{"type":"Point","coordinates":[135.6824242,34.9644362]},"properties":{"z":71.3}},{"type":"Feature","geometry":{"type":"Point","coordinates":[135.6823811,34.964464]},"properties":{"z":71.3}},{"type":"Feature","geometry":{"type":"Point","coordinates":[135.6823356,34.9644891]},"properties":{"z":71.9}},{"type":"Feature","geometry":{"type":"Point","coordinates":[135.6822887,34.9645124]},"properties":{"z":71.9}},{"type":"Feature","geometry":{"type":"Point","coordinates":[135.6822422,34.9645362]},"properties":{"z":71.7}},{"type":"Feature","geometry":{"type":"Point","coordinates":[135.6821917,34.9645519]},"properties":{"z":72.3}},{"type":"Feature","geometry":{"type":"Point","coordinates":[135.6821371,34.9645545]},"properties":{"z":72.0}},{"type":"Feature","geometry":{"type":"Point","coordinates":[135.6820829,34.9645613]},"properties":{"z":71.5}},{"type":"Feature","geometry":{"type":"Point","coordinates":[135.6820288,34.9645686]},"properties":{"z":71.5}},{"type":"Feature","geometry":{"type":"Point","coordinates":[135.6819753,34.9645783]},"properties":{"z":71.2}},{"type":"Feature","geometry":{"type":"Point","coordinates":[135.6819211,34.9645853]},"properties":{"z":70.9}},{"type":"Feature","geometry":{"type":"Point","coordinates":[135.6818668,34.9645915]},"properties":{"z":70.9}},{"type":"Feature","geometry":{"type":"Point","coordinates":[135.681812,34.9645928]},"properties":{"z":70.7}},{"type":"Feature","geometry":{"type":"Point","coordinates":[135.6817576,34.9645977]},"properties":{"z":70.7}},{"type":"Feature","geometry":{"type":"Point","coordinates":[135.6817034,34.9646032]},"properties":{"z":70.3}},{"type":"Feature","geometry":{"type":"Point","coordinates":[135.6816486,34.9646027]},"properties":{"z":69.9}},{"type":"Feature","geometry":{"type":"Point","coordinates":[135.6815942,34.9646081]},"properties":{"z":70.0}},{"type":"Feature","geometry":{"type":"Point","coordinates":[135.6815394,34.9646078]},"properties":{"z":69.6}},{"type":"Feature","geometry":{"type":"Point","coordinates":[135.6814861,34.9646179]},"properties":{"z":69.3}},{"type":"Feature","geometry":{"type":"Point","coordinates":[135.6814383,34.9646111]},"properties":{"z":69.3}},{"type":"Feature","geometry":{"type":"Point","coordinates":[135.6814089,34.9645737]},"properties":{"z":68.8}},{"type":"Feature","geometry":{"type":"Point","coordinates":[135.681359,34.9645584]},"properties":{"z":68.8}},{"type":"Feature","geometry":{"type":"Point","coordinates":[135.6813121,34.9645351]},"properties":{"z":68.3}},{"type":"Feature","geometry":{"type":"Point","coordinates":[135.6812626,34.9645272]},"properties":{"z":68.3}},{"type":"Feature","geometry":{"type":"Point","coordinates":[135.6812107,34.9645412]},"properties":{"z":68.1}},{"type":"Feature","geometry":{"type":"Point","coordinates":[135.6811612,34.9645606]},"properties":{"z":68.1}},{"type":"Feature","geometry":{"type":"Point","coordinates":[135.6811147,34.9645843]},"properties":{"z":67.7}},{"type":"Feature","geometry":{"type":"Point","coordinates":[135.6810698,34.9646101]},"properties":{"z":67.8}},{"type":"Feature","geometry":{"type":"Point","coordinates":[135.6810221,34.9646304]},"properties":{"z":67.4}},{"type":"Feature","geometry":{"type":"Point","coordinates":[135.6809679,34.9646362]},"properties":{"z":67.0}},{"type":"Feature","geometry":{"type":"Point","coordinates":[135.6809131,34.9646374]},"properties":{"z":67.0}},{"type":"Feature","geometry":{"type":"Point","coordinates":[135.6808584,34.9646349]},"properties":{"z":66.7}},{"type":"Feature","geometry":{"type":"Point","coordinates":[135.6808039,34.9646387]},"properties":{"z":66.3}},{"type":"Feature","geometry":{"type":"Point","coordinates":[135.680749,34.9646383]},"properties":{"z":66.3}},{"type":"Feature","geometry":{"type":"Point","coordinates":[135.6806942,34.9646383]},"properties":{"z":66.1}},{"type":"Feature","geometry":{"type":"Point","coordinates":[135.6806394,34.96464]},"properties":{"z":66.1}},{"type":"Feature","geometry":{"type":"Point","coordinates":[135.6805846,34.9646416]},"properties":{"z":65.9}},{"type":"Feature","geometry":{"type":"Point","coordinates":[135.6805297,34.9646431]},"properties":{"z":65.9}},{"type":"Feature","geometry":{"type":"Point","coordinates":[135.6804749,34.9646447]},"properties":{"z":65.9}},{"type":"Feature","geometry":{"type":"Point","coordinates":[135.6804201,34.9646454]},"properties":{"z":65.9}},{"type":"Feature","geometry":{"type":"Point","coordinates":[135.6803653,34.9646429]},"properties":{"z":65.8}},{"type":"Feature","geometry":{"type":"Point","coordinates":[135.6803107,34.9646393]},"properties":{"z":65.8}},{"type":"Feature","geometry":{"type":"Point","coordinates":[135.680256,34.9646353]},"properties":{"z":65.7}},{"type":"Feature","geometry":{"type":"Point","coordinates":[135.6802015,34.9646301]},"properties":{"z":65.6}},{"type":"Feature","geometry":{"type":"Point","coordinates":[135.6801468,34.9646276]},"properties":{"z":65.6}},{"type":"Feature","geometry":{"type":"Point","coordinates":[135.6800921,34.9646288]},"properties":{"z":65.5}},{"type":"Feature","geometry":{"type":"Point","coordinates":[135.6800376,34.9646336]},"properties":{"z":65.5}},{"type":"Feature","geometry":{"type":"Point","coordinates":[135.6799834,34.9646406]},"properties":{"z":65.4}},{"type":"Feature","geometry":{"type":"Point","coordinates":[135.6799294,34.9646486]},"properties":{"z":65.3}},{"type":"Feature","geometry":{"type":"Point","coordinates":[135.6798755,34.9646568]},"properties":{"z":65.3}},{"type":"Feature","geometry":{"type":"Point","coordinates":[135.6798212,34.964663]},"properties":{"z":65.3}},{"type":"Feature","geometry":{"type":"Point","coordinates":[135.6797673,34.9646714]},"properties":{"z":65.4}},{"type":"Feature","geometry":{"type":"Point","coordinates":[135.6797131,34.964678]},"properties":{"z":65.5}},{"type":"Feature","geometry":{"type":"Point","coordinates":[135.6796585,34.9646823]},"properties":{"z":65.6}},{"type":"Feature","geometry":{"type":"Point","coordinates":[135.6796037,34.9646839]},"properties":{"z":65.6}},{"type":"Feature","geometry":{"type":"Point","coordinates":[135.6795489,34.9646853]},"properties":{"z":65.6}},{"type":"Feature","geometry":{"type":"Point","coordinates":[135.6794945,34.9646906]},"properties":{"z":65.7}},{"type":"Feature","geometry":{"type":"Point","coordinates":[135.6794401,34.9646967]},"properties":{"z":65.7}},{"type":"Feature","geometry":{"type":"Point","coordinates":[135.6793858,34.9647029]},"properties":{"z":65.8}},{"type":"Feature","geometry":{"type":"Point","coordinates":[135.6793317,34.9647103]},"properties":{"z":65.9}},{"type":"Feature","geometry":{"type":"Point","coordinates":[135.6792775,34.964717]},"properties":{"z":65.9}},{"type":"Feature","geometry":{"type":"Point","coordinates":[135.6792228,34.9647197]},"properties":{"z":65.9}},{"type":"Feature","geometry":{"type":"Point","coordinates":[135.6791681,34.9647231]},"properties":{"z":66.0}},{"type":"Feature","geometry":{"type":"Point","coordinates":[135.6791135,34.9647274]},"properties":{"z":66.0}},{"type":"Feature","geometry":{"type":"Point","coordinates":[135.67906,34.964736]},"properties":{"z":66.1}},{"type":"Feature","geometry":{"type":"Point","coordinates":[135.6790076,34.9647495]},"properties":{"z":66.2}},{"type":"Feature","geometry":{"type":"Point","coordinates":[135.6789556,34.9647637]},"properties":{"z":66.3}},{"type":"Feature","geometry":{"type":"Point","coordinates":[135.6789028,34.964776]},"properties":{"z":66.3}},{"type":"Feature","geometry":{"type":"Point","coordinates":[135.6788492,34.9647837]},"properties":{"z":66.3}},{"type":"Feature","geometry":{"type":"Point","coordinates":[135.6787943,34.9647832]},"properties":{"z":66.3}},{"type":"Feature","geometry":{"type":"Point","coordinates":[135.6787402,34.9647893]},"properties":{"z":66.2}},{"type":"Feature","geometry":{"type":"Point","coordinates":[135.678686,34.9647956]},"properties":{"z":66.2}},{"type":"Feature","geometry":{"type":"Point","coordinates":[135.6786312,34.9647986]},"properties":{"z":65.9}},{"type":"Feature","geometry":{"type":"Point","coordinates":[135.6785765,34.9647989]},"properties":{"z":65.8}},{"type":"Feature","geometry":{"type":"Point","coordinates":[135.6785216,34.9647974]},"properties":{"z":65.8}},{"type":"Feature","geometry":{"type":"Point","coordinates":[135.6784668,34.9647956]},"properties":{"z":65.6}},{"type":"Feature","geometry":{"type":"Point","coordinates":[135.6784121,34.9647931]},"properties":{"z":65.6}},{"type":"Feature","geometry":{"type":"Point","coordinates":[135.6783573,34.9647907]},"properties":{"z":65.5}},{"type":"Feature","geometry":{"type":"Point","coordinates":[135.6783025,34.9647889]},"properties":{"z":65.5}},{"type":"Feature","geometry":{"type":"Point","coordinates":[135.678248,34.9647914]},"properties":{"z":65.5}},{"type":"Feature","geometry":{"type":"Point","coordinates":[135.6781937,34.964798]},"properties":{"z":65.4}},{"type":"Feature","geometry":{"type":"Point","coordinates":[135.6781396,34.9648055]},"properties":{"z":65.4}},{"type":"Feature","geometry":{"type":"Point","coordinates":[135.6780855,34.9648131]},"properties":{"z":65.4}},{"type":"Feature","geometry":{"type":"Point","coordinates":[135.6780314,34.9648201]},"properties":{"z":65.5}},{"type":"Feature","geometry":{"type":"Point","coordinates":[135.6779768,34.9648248]},"properties":{"z":65.5}},{"type":"Feature","geometry":{"type":"Point","coordinates":[135.6779221,34.964828]},"properties":{"z":65.4}},{"type":"Feature","geometry":{"type":"Point","coordinates":[135.6778674,34.9648304]},"properties":{"z":65.2}},{"type":"Feature","geometry":{"type":"Point","coordinates":[135.6778135,34.9648368]},"properties":{"z":65.2}},{"type":"Feature","geometry":{"type":"Point","coordinates":[135.6777629,34.9648202]},"properties":{"z":65.0}},{"type":"Feature","geometry":{"type":"Point","coordinates":[135.677721,34.9647913]},"properties":{"z":64.6}},{"type":"Feature","geometry":{"type":"Point","coordinates":[135.6776684,34.9647785]},"properties":{"z":64.2}},{"type":"Feature","geometry":{"type":"Point","coordinates":[135.677614,34.9647748]},"properties":{"z":63.7}},{"type":"Feature","geometry":{"type":"Point","coordinates":[135.6775596,34.9647703]},"properties":{"z":63.7}},{"type":"Feature","geometry":{"type":"Point","coordinates":[135.6775054,34.9647632]},"properties":{"z":63.1}},{"type":"Feature","geometry":{"type":"Point","coordinates":[135.6774525,34.9647512]},"properties":{"z":62.5}},{"type":"Feature","geometry":{"type":"Point","coordinates":[135.6774002,34.9647379]},"properties":{"z":62.1}},{"type":"Feature","geometry":{"type":"Point","coordinates":[135.6773493,34.9647213]},"properties":{"z":61.5}},{"type":"Feature","geometry":{"type":"Point","coordinates":[135.6772958,34.9647134]},"properties":{"z":61.5}},{"type":"Feature","geometry":{"type":"Point","coordinates":[135.677248,34.9647252]},"properties":{"z":61.0}},{"type":"Feature","geometry":{"type":"Point","coordinates":[135.6772203,34.9647637]},"properties":{"z":61.3}},{"type":"Feature","geometry":{"type":"Point","coordinates":[135.6771938,34.9648031]},"properties":{"z":60.8}},{"type":"Feature","geometry":{"type":"Point","coordinates":[135.6771527,34.9648328]},"properties":{"z":61.2}},{"type":"Feature","geometry":{"type":"Point","coordinates":[135.6771093,34.9648602]},"properties":{"z":60.7}},{"type":"Feature","geometry":{"type":"Point","coordinates":[135.6770647,34.9648865]},"properties":{"z":60.7}},{"type":"Feature","geometry":{"type":"Point","coordinates":[135.6770171,34.9649085]},"properties":{"z":60.8}},{"type":"Feature","geometry":{"type":"Point","coordinates":[135.6769662,34.9649241]},"properties":{"z":60.8}},{"type":"Feature","geometry":{"type":"Point","coordinates":[135.6769119,34.9649301]},"properties":{"z":60.5}},{"type":"Feature","geometry":{"type":"Point","coordinates":[135.6768582,34.9649394]},"properties":{"z":60.5}},{"type":"Feature","geometry":{"type":"Point","coordinates":[135.6768048,34.9649495]},"properties":{"z":60.5}},{"type":"Feature","geometry":{"type":"Point","coordinates":[135.6767514,34.96496]},"properties":{"z":61.3}},{"type":"Feature","geometry":{"type":"Point","coordinates":[135.6766981,34.9649704]},"properties":{"z":61.3}},{"type":"Feature","geometry":{"type":"Point","coordinates":[135.6766437,34.9649764]},"properties":{"z":61.3}},{"type":"Feature","geometry":{"type":"Point","coordinates":[135.6765893,34.9649822]},"properties":{"z":61.2}},{"type":"Feature","geometry":{"type":"Point","coordinates":[135.6765346,34.9649854]},"properties":{"z":61.2}},{"type":"Feature","geometry":{"type":"Point","coordinates":[135.6764799,34.9649884]},"properties":{"z":60.8}},{"type":"Feature","geometry":{"type":"Point","coordinates":[135.6764253,34.9649923]},"properties":{"z":60.4}},{"type":"Feature","geometry":{"type":"Point","coordinates":[135.6763709,34.9649977]},"properties":{"z":60.4}},{"type":"Feature","geometry":{"type":"Point","coordinates":[135.6763167,34.9650048]},"properties":{"z":60.2}},{"type":"Feature","geometry":{"type":"Point","coordinates":[135.6762622,34.9650097]},"properties":{"z":60.2}},{"type":"Feature","geometry":{"type":"Point","coordinates":[135.6762077,34.9650145]},"properties":{"z":60.0}},{"type":"Feature","geometry":{"type":"Point","coordinates":[135.6761536,34.9650221]},"properties":{"z":59.9}},{"type":"Feature","geometry":{"type":"Point","coordinates":[135.676099,34.9650262]},"properties":{"z":59.9}},{"type":"Feature","geometry":{"type":"Point","coordinates":[135.6760444,34.9650304]},"properties":{"z":60.1}},{"type":"Feature","geometry":{"type":"Point","coordinates":[135.6759899,34.9650316]},"properties":{"z":60.1}},{"type":"Feature","geometry":{"type":"Point","coordinates":[135.6759352,34.9650279]},"properties":{"z":60.7}},{"type":"Feature","geometry":{"type":"Point","coordinates":[135.6758805,34.965025]},"properties":{"z":61.6}},{"type":"Feature","geometry":{"type":"Point","coordinates":[135.6758259,34.9650274]},"properties":{"z":62.6}},{"type":"Feature","geometry":{"type":"Point","coordinates":[135.6757718,34.9650322]},"properties":{"z":62.3}},{"type":"Feature","geometry":{"type":"Point","coordinates":[135.6757175,34.9650324]},"properties":{"z":63.2}},{"type":"Feature","geometry":{"type":"Point","coordinates":[135.6756639,34.9650421]},"properties":{"z":63.2}},{"type":"Feature","geometry":{"type":"Point","coordinates":[135.6756118,34.9650556]},"properties":{"z":64.0}},{"type":"Feature","geometry":{"type":"Point","coordinates":[135.6755603,34.9650706]},"properties":{"z":64.4}},{"type":"Feature","geometry":{"type":"Point","coordinates":[135.6755069,34.9650752]},"properties":{"z":64.4}},{"type":"Feature","geometry":{"type":"Point","coordinates":[135.6754569,34.965059]},"properties":{"z":64.5}},{"type":"Feature","geometry":{"type":"Point","coordinates":[135.67542,34.9650289]},"properties":{"z":64.9}},{"type":"Feature","geometry":{"type":"Point","coordinates":[135.6753722,34.9650174]},"properties":{"z":65.0}},{"type":"Feature","geometry":{"type":"Point","coordinates":[135.6753454,34.9649833]},"properties":{"z":65.0}},{"type":"Feature","geometry":{"type":"Point","coordinates":[135.6753625,34.9649419]},"properties":{"z":65.3}},{"type":"Feature","geometry":{"type":"Point","coordinates":[135.6753534,34.9648978]},"properties":{"z":65.3}},{"type":"Feature","geometry":{"type":"Point","coordinates":[135.6753466,34.9648619]},"properties":{"z":65.2}},{"type":"Feature","geometry":{"type":"Point","coordinates":[135.6752973,34.9648657]},"properties":{"z":65.4}},{"type":"Feature","geometry":{"type":"Point","coordinates":[135.6752505,34.9648854]},"properties":{"z":65.4}},{"type":"Feature","geometry":{"type":"Point","coordinates":[135.6752033,34.9649067]},"properties":{"z":65.4}},{"type":"Feature","geometry":{"type":"Point","coordinates":[135.6751823,34.9649409]},"properties":{"z":65.4}},{"type":"Feature","geometry":{"type":"Point","coordinates":[135.6752076,34.9649807]},"properties":{"z":65.1}},{"type":"Feature","geometry":{"type":"Point","coordinates":[135.6752114,34.9650198]},"properties":{"z":65.1}},{"type":"Feature","geometry":{"type":"Point","coordinates":[135.6751884,34.9650332]},"properties":{"z":64.7}},{"type":"Feature","geometry":{"type":"Point","coordinates":[135.6751861,34.96502]},"properties":{"z":65.1}},{"type":"Feature","geometry":{"type":"Point","coordinates":[135.6751362,34.9650014]},"properties":{"z":65.1}},{"type":"Feature","geometry":{"type":"Point","coordinates":[135.6750863,34.9649827]},"properties":{"z":65.1}},{"type":"Feature","geometry":{"type":"Point","coordinates":[135.6750364,34.9649641]},"properties":{"z":65.2}},{"type":"Feature","geometry":{"type":"Point","coordinates":[135.6749864,34.9649455]},"properties":{"z":65.6}},{"type":"Feature","geometry":{"type":"Point","coordinates":[135.6749716,34.9649213]},"properties":{"z":65.7}},{"type":"Feature","geometry":{"type":"Point","coordinates":[135.6749891,34.9649163]},"properties":{"z":65.6}},{"type":"Feature","geometry":{"type":"Point","coordinates":[135.6749693,34.9648744]},"properties":{"z":66.1}},{"type":"Feature","geometry":{"type":"Point","coordinates":[135.6749987,34.9648522]},"properties":{"z":66.0}},{"type":"Feature","geometry":{"type":"Point","coordinates":[135.6750207,34.9648823]},"properties":{"z":66.0}},{"type":"Feature","geometry":{"type":"Point","coordinates":[135.6750544,34.9649178]},"properties":{"z":65.6}},{"type":"Feature","geometry":{"type":"Point","coordinates":[135.6750848,34.964955]},"properties":{"z":65.5}},{"type":"Feature","geometry":{"type":"Point","coordinates":[135.6751121,34.9649941]},"properties":{"z":65.1}},{"type":"Feature","geometry":{"type":"Point","coordinates":[135.6751221,34.965016]},"properties":{"z":65.1}},{"type":"Feature","geometry":{"type":"Point","coordinates":[135.6751735,34.9650315]},"properties":{"z":64.7}},{"type":"Feature","geometry":{"type":"Point","coordinates":[135.675227,34.9650416]},"properties":{"z":64.7}},{"type":"Feature","geometry":{"type":"Point","coordinates":[135.6752813,34.9650473]},"properties":{"z":64.7}},{"type":"Feature","geometry":{"type":"Point","coordinates":[135.6753359,34.9650514]},"properties":{"z":64.5}},{"type":"Feature","geometry":{"type":"Point","coordinates":[135.6753906,34.9650481]},"properties":{"z":64.5}},{"type":"Feature","geometry":{"type":"Point","coordinates":[135.6754453,34.9650445]},"properties":{"z":64.5}},{"type":"Feature","geometry":{"type":"Point","coordinates":[135.6755,34.9650413]},"properties":{"z":64.4}},{"type":"Feature","geometry":{"type":"Point","coordinates":[135.6755539,34.9650331]},"properties":{"z":64.4}},{"type":"Feature","geometry":{"type":"Point","coordinates":[135.6756081,34.9650302]},"properties":{"z":64.0}},{"type":"Feature","geometry":{"type":"Point","coordinates":[135.6756628,34.9650336]},"properties":{"z":63.2}},{"type":"Feature","geometry":{"type":"Point","coordinates":[135.6757174,34.9650377]},"properties":{"z":63.2}},{"type":"Feature","geometry":{"type":"Point","coordinates":[135.6757721,34.9650349]},"properties":{"z":62.3}},{"type":"Feature","geometry":{"type":"Point","coordinates":[135.6758269,34.9650318]},"properties":{"z":62.3}},{"type":"Feature","geometry":{"type":"Point","coordinates":[135.6758816,34.9650291]},"properties":{"z":61.6}},{"type":"Feature","geometry":{"type":"Point","coordinates":[135.6759363,34.9650314]},"properties":{"z":60.1}},{"type":"Feature","geometry":{"type":"Point","coordinates":[135.6759911,34.9650309]},"properties":{"z":60.1}},{"type":"Feature","geometry":{"type":"Point","coordinates":[135.6760458,34.9650277]},"properties":{"z":60.0}},{"type":"Feature","geometry":{"type":"Point","coordinates":[135.6761003,34.9650223]},"properties":{"z":59.9}},{"type":"Feature","geometry":{"type":"Point","coordinates":[135.6761547,34.9650166]},"properties":{"z":59.9}},{"type":"Feature","geometry":{"type":"Point","coordinates":[135.6762093,34.9650129]},"properties":{"z":60.0}},{"type":"Feature","geometry":{"type":"Point","coordinates":[135.6762639,34.9650089]},"properties":{"z":60.2}},{"type":"Feature","geometry":{"type":"Point","coordinates":[135.676318,34.9650015]},"properties":{"z":60.2}},{"type":"Feature","geometry":{"type":"Point","coordinates":[135.6763721,34.9649942]},"properties":{"z":60.4}},{"type":"Feature","geometry":{"type":"Point","coordinates":[135.6764265,34.9649885]},"properties":{"z":60.4}},{"type":"Feature","geometry":{"type":"Point","coordinates":[135.6764811,34.9649845]},"properties":{"z":60.8}},{"type":"Feature","geometry":{"type":"Point","coordinates":[135.6765355,34.9649786]},"properties":{"z":61.2}},{"type":"Feature","geometry":{"type":"Point","coordinates":[135.67659,34.9649738]},"properties":{"z":61.2}},{"type":"Feature","geometry":{"type":"Point","coordinates":[135.6766447,34.9649709]},"properties":{"z":61.3}},{"type":"Feature","geometry":{"type":"Point","coordinates":[135.6766993,34.9649666]},"properties":{"z":61.3}},{"type":"Feature","geometry":{"type":"Point","coordinates":[135.676754,34.9649631]},"properties":{"z":61.3}},{"type":"Feature","geometry":{"type":"Point","coordinates":[135.6768087,34.9649605]},"properties":{"z":61.1}},{"type":"Feature","geometry":{"type":"Point","coordinates":[135.6768631,34.9649549]},"properties":{"z":60.5}},{"type":"Feature","geometry":{"type":"Point","coordinates":[135.6769156,34.9649421]},"properties":{"z":60.5}},{"type":"Feature","geometry":{"type":"Point","coordinates":[135.6769494,34.9649246]},"properties":{"z":60.8}},{"type":"Feature","geometry":{"type":"Point","coordinates":[135.6769031,34.9649315]},"properties":{"z":60.5}},{"type":"Feature","geometry":{"type":"Point","coordinates":[135.6768489,34.9649353]},"properties":{"z":60.5}},{"type":"Feature","geometry":{"type":"Point","coordinates":[135.676836,34.9649741]},"properties":{"z":61.1}},{"type":"Feature","geometry":{"type":"Point","coordinates":[135.6768428,34.9650187]},"properties":{"z":61.1}},{"type":"Feature","geometry":{"type":"Point","coordinates":[135.6768505,34.9650632]},"properties":{"z":61.7}},{"type":"Feature","geometry":{"type":"Point","coordinates":[135.6768553,34.965108]},"properties":{"z":62.4}},{"type":"Feature","geometry":{"type":"Point","coordinates":[135.6768583,34.9651529]},"properties":{"z":62.4}},{"type":"Feature","geometry":{"type":"Point","coordinates":[135.6768613,34.9651977]},"properties":{"z":62.8}},{"type":"Feature","geometry":{"type":"Point","coordinates":[135.6768605,34.9652427]},"properties":{"z":63.8}},{"type":"Feature","geometry":{"type":"Point","coordinates":[135.6768521,34.9652871]},"properties":{"z":63.8}},{"type":"Feature","geometry":{"type":"Point","coordinates":[135.6768418,34.9653311]},"properties":{"z":63.9}},{"type":"Feature","geometry":{"type":"Point","coordinates":[135.6768221,34.965373]},"properties":{"z":63.9}},{"type":"Feature","geometry":{"type":"Point","coordinates":[135.6768032,34.9654153]},"properties":{"z":63.9}},{"type":"Feature","geometry":{"type":"Point","coordinates":[135.6767819,34.9654567]},"properties":{"z":63.9}},{"type":"Feature","geometry":{"type":"Point","coordinates":[135.6767604,34.965498]},"properties":{"z":64.3}},{"type":"Feature","geometry":{"type":"Point","coordinates":[135.6767393,34.9655395]},"properties":{"z":64.3}},{"type":"Feature","geometry":{"type":"Point","coordinates":[135.6767186,34.9655811]},"properties":{"z":64.3}},{"type":"Feature","geometry":{"type":"Point","coordinates":[135.6766958,34.965622]},"properties":{"z":64.3}},{"type":"Feature","geometry":{"type":"Point","coordinates":[135.6766788,34.9656647]},"properties":{"z":64.6}},{"type":"Feature","geometry":{"type":"Point","coordinates":[135.6766603,34.965707]},"properties":{"z":64.6}},{"type":"Feature","geometry":{"type":"Point","coordinates":[135.6766474,34.9657506]},"properties":{"z":64.6}},{"type":"Feature","geometry":{"type":"Point","coordinates":[135.6766335,34.965794]},"properties":{"z":64.6}},{"type":"Feature","geometry":{"type":"Point","coordinates":[135.6766166,34.9658367]},"properties":{"z":64.6}},{"type":"Feature","geometry":{"type":"Point","coordinates":[135.6766045,34.9658805]},"properties":{"z":64.7}},{"type":"Feature","geometry":{"type":"Point","coordinates":[135.6765838,34.965922]},"properties":{"z":64.9}},{"type":"Feature","geometry":{"type":"Point","coordinates":[135.6765627,34.9659634]},"properties":{"z":65.0}},{"type":"Feature","geometry":{"type":"Point","coordinates":[135.6765439,34.9660057]},"properties":{"z":65.0}},{"type":"Feature","geometry":{"type":"Point","coordinates":[135.6765261,34.9660482]},"properties":{"z":65.3}},{"type":"Feature","geometry":{"type":"Point","coordinates":[135.6765079,34.9660906]},"properties":{"z":65.6}},{"type":"Feature","geometry":{"type":"Point","coordinates":[135.6764874,34.9661322]},"properties":{"z":65.6}},{"type":"Feature","geometry":{"type":"Point","coordinates":[135.6764633,34.9661726]},"properties":{"z":65.8}},{"type":"Feature","geometry":{"type":"Point","coordinates":[135.6764492,34.966216]},"properties":{"z":65.8}},{"type":"Feature","geometry":{"type":"Point","coordinates":[135.6764321,34.9662586]},"properties":{"z":66.0}},{"type":"Feature","geometry":{"type":"Point","coordinates":[135.6764116,34.9663004]},"properties":{"z":66.3}},{"type":"Feature","geometry":{"type":"Point","coordinates":[135.6763873,34.9663406]},"properties":{"z":66.3}},{"type":"Feature","geometry":{"type":"Point","coordinates":[135.6763657,34.9663818]},"properties":{"z":66.5}},{"type":"Feature","geometry":{"type":"Point","coordinates":[135.6763497,34.9664248]},"properties":{"z":66.5}},{"type":"Feature","geometry":{"type":"Point","coordinates":[135.6763327,34.9664675]},"properties":{"z":66.8}},{"type":"Feature","geometry":{"type":"Point","coordinates":[135.676314,34.9665097]},"properties":{"z":67.0}},{"type":"Feature","geometry":{"type":"Point","coordinates":[135.676293,34.9665513]},"properties":{"z":67.0}},{"type":"Feature","geometry":{"type":"Point","coordinates":[135.6762722,34.9665928]},"properties":{"z":67.1}},{"type":"Feature","geometry":{"type":"Point","coordinates":[135.676255,34.9666355]},"properties":{"z":67.1}},{"type":"Feature","geometry":{"type":"Point","coordinates":[135.6762305,34.9666754]},"properties":{"z":67.2}},{"type":"Feature","geometry":{"type":"Point","coordinates":[135.6762012,34.9667134]},"properties":{"z":67.2}},{"type":"Feature","geometry":{"type":"Point","coordinates":[135.6761778,34.966754]},"properties":{"z":67.3}},{"type":"Feature","geometry":{"type":"Point","coordinates":[135.6761559,34.9667952]},"properties":{"z":67.1}},{"type":"Feature","geometry":{"type":"Point","coordinates":[135.676136,34.9668371]},"properties":{"z":67.1}},{"type":"Feature","geometry":{"type":"Point","coordinates":[135.6761118,34.9668774]},"properties":{"z":67.2}},{"type":"Feature","geometry":{"type":"Point","coordinates":[135.6760889,34.9669183]},"properties":{"z":67.2}},{"type":"Feature","geometry":{"type":"Point","coordinates":[135.6760678,34.9669598]},"properties":{"z":67.0}},{"type":"Feature","geometry":{"type":"Point","coordinates":[135.6760476,34.9670015]},"properties":{"z":67.1}},{"type":"Feature","geometry":{"type":"Point","coordinates":[135.6760279,34.9670435]},"properties":{"z":67.1}},{"type":"Feature","geometry":{"type":"Point","coordinates":[135.6760091,34.9670857]},"properties":{"z":67.2}},{"type":"Feature","geometry":{"type":"Point","coordinates":[135.6759945,34.967129]},"properties":{"z":67.0}},{"type":"Feature","geometry":{"type":"Point","coordinates":[135.6759819,34.9671727]},"properties":{"z":67.1}},{"type":"Feature","geometry":{"type":"Point","coordinates":[135.6759719,34.9672169]},"properties":{"z":67.2}},{"type":"Feature","geometry":{"type":"Point","coordinates":[135.6759574,34.9672601]},"properties":{"z":67.2}},{"type":"Feature","geometry":{"type":"Point","coordinates":[135.6759387,34.9673024]},"properties":{"z":67.3}},{"type":"Feature","geometry":{"type":"Point","coordinates":[135.6759219,34.9673452]},"properties":{"z":67.3}},{"type":"Feature","geometry":{"type":"Point","coordinates":[135.6759058,34.9673881]},"properties":{"z":67.2}},{"type":"Feature","geometry":{"type":"Point","coordinates":[135.675892,34.9674316]},"properties":{"z":67.2}},{"type":"Feature","geometry":{"type":"Point","coordinates":[135.6758738,34.967474]},"properties":{"z":67.2}},{"type":"Feature","geometry":{"type":"Point","coordinates":[135.6758538,34.9675158]},"properties":{"z":67.3}},{"type":"Feature","geometry":{"type":"Point","coordinates":[135.6758318,34.967557]},"properties":{"z":67.3}},{"type":"Feature","geometry":{"type":"Point","coordinates":[135.6758137,34.9675994]},"properties":{"z":67.2}},{"type":"Feature","geometry":{"type":"Point","coordinates":[135.6757966,34.9676421]},"properties":{"z":67.3}},{"type":"Feature","geometry":{"type":"Point","coordinates":[135.6757799,34.9676849]},"properties":{"z":67.3}},{"type":"Feature","geometry":{"type":"Point","coordinates":[135.6757672,34.9677287]},"properties":{"z":67.3}},{"type":"Feature","geometry":{"type":"Point","coordinates":[135.6757568,34.9677727]},"properties":{"z":67.4}},{"type":"Feature","geometry":{"type":"Point","coordinates":[135.6757511,34.9678174]},"properties":{"z":67.4}},{"type":"Feature","geometry":{"type":"Point","coordinates":[135.6757458,34.9678622]},"properties":{"z":67.5}},{"type":"Feature","geometry":{"type":"Point","coordinates":[135.6757408,34.9679069]},"properties":{"z":67.3}},{"type":"Feature","geometry":{"type":"Point","coordinates":[135.6757325,34.9679513]},"properties":{"z":67.4}},{"type":"Feature","geometry":{"type":"Point","coordinates":[135.6757235,34.9679957]},"properties":{"z":67.4}},{"type":"Feature","geometry":{"type":"Point","coordinates":[135.6757152,34.9680401]},"properties":{"z":67.4}},{"type":"Feature","geometry":{"type":"Point","coordinates":[135.6757334,34.9680822]},"properties":{"z":67.5}},{"type":"Feature","geometry":{"type":"Point","coordinates":[135.6757638,34.9681182]},"properties":{"z":67.7}},{"type":"Feature","geometry":{"type":"Point","coordinates":[135.6758067,34.9681459]},"properties":{"z":67.8}},{"type":"Feature","geometry":{"type":"Point","coordinates":[135.6758536,34.9681693]},"properties":{"z":68.0}},{"type":"Feature","geometry":{"type":"Point","coordinates":[135.6758529,34.9682111]},"properties":{"z":68.0}},{"type":"Feature","geometry":{"type":"Point","coordinates":[135.6758353,34.9682536]},"properties":{"z":68.0}},{"type":"Feature","geometry":{"type":"Point","coordinates":[135.6758184,34.9682964]},"properties":{"z":67.9}},{"type":"Feature","geometry":{"type":"Point","coordinates":[135.6758021,34.9683392]},"properties":{"z":68.0}},{"type":"Feature","geometry":{"type":"Point","coordinates":[135.6757908,34.9683832]},"properties":{"z":68.0}},{"type":"Feature","geometry":{"type":"Point","coordinates":[135.675782,34.9684276]},"properties":{"z":68.1}},{"type":"Feature","geometry":{"type":"Point","coordinates":[135.6757704,34.9684715]},"properties":{"z":68.1}},{"type":"Feature","geometry":{"type":"Point","coordinates":[135.675758,34.9685153]},"properties":{"z":68.1}},{"type":"Feature","geometry":{"type":"Point","coordinates":[135.6757473,34.9685593]},"properties":{"z":68.3}},{"type":"Feature","geometry":{"type":"Point","coordinates":[135.6757415,34.968604]},"properties":{"z":68.1}},{"type":"Feature","geometry":{"type":"Point","coordinates":[135.675737,34.9686488]},"properties":{"z":68.2}},{"type":"Feature","geometry":{"type":"Point","coordinates":[135.6757323,34.9686936]},"properties":{"z":68.4}},{"type":"Feature","geometry":{"type":"Point","coordinates":[135.6757289,34.9687384]},"properties":{"z":68.4}},{"type":"Feature","geometry":{"type":"Point","coordinates":[135.675727,34.9687833]},"properties":{"z":68.5}},{"type":"Feature","geometry":{"type":"Point","coordinates":[135.6757207,34.968828]},"properties":{"z":68.6}},{"type":"Feature","geometry":{"type":"Point","coordinates":[135.6757185,34.9688729]},"properties":{"z":68.6}},{"type":"Feature","geometry":{"type":"Point","coordinates":[135.6757163,34.9689178]},"properties":{"z":68.7}},{"type":"Feature","geometry":{"type":"Point","coordinates":[135.6757133,34.9689627]},"properties":{"z":68.7}},{"type":"Feature","geometry":{"type":"Point","coordinates":[135.6757109,34.9690076]},"properties":{"z":68.7}},{"type":"Feature","geometry":{"type":"Point","coordinates":[135.6757098,34.9690525]},"properties":{"z":68.6}},{"type":"Feature","geometry":{"type":"Point","coordinates":[135.6757086,34.9690974]},"properties":{"z":68.6}},{"type":"Feature","geometry":{"type":"Point","coordinates":[135.6757084,34.9691424]},"properties":{"z":68.6}},{"type":"Feature","geometry":{"type":"Point","coordinates":[135.6757116,34.9691872]},"properties":{"z":68.7}},{"type":"Feature","geometry":{"type":"Point","coordinates":[135.6757077,34.9692321]},"properties":{"z":68.7}},{"type":"Feature","geometry":{"type":"Point","coordinates":[135.6757106,34.9692769]},"properties":{"z":68.9}},{"type":"Feature","geometry":{"type":"Point","coordinates":[135.6757136,34.9693217]},"properties":{"z":69.2}},{"type":"Feature","geometry":{"type":"Point","coordinates":[135.6757151,34.9693666]},"properties":{"z":69.2}},{"type":"Feature","geometry":{"type":"Point","coordinates":[135.6757129,34.9694112]},"properties":{"z":69.4}},{"type":"Feature","geometry":{"type":"Point","coordinates":[135.6757065,34.9694557]},"properties":{"z":69.4}},{"type":"Feature","geometry":{"type":"Point","coordinates":[135.6757047,34.9695007]},"properties":{"z":69.6}},{"type":"Feature","geometry":{"type":"Point","coordinates":[135.6757052,34.9695456]},"properties":{"z":69.7}},{"type":"Feature","geometry":{"type":"Point","coordinates":[135.6757064,34.9695905]},"properties":{"z":69.7}},{"type":"Feature","geometry":{"type":"Point","coordinates":[135.6757109,34.9696353]},"properties":{"z":69.8}},{"type":"Feature","geometry":{"type":"Point","coordinates":[135.6757066,34.96968]},"properties":{"z":69.8}},{"type":"Feature","geometry":{"type":"Point","coordinates":[135.675719,34.9697237]},"properties":{"z":69.8}},{"type":"Feature","geometry":{"type":"Point","coordinates":[135.6757308,34.9697676]},"properties":{"z":69.9}},{"type":"Feature","geometry":{"type":"Point","coordinates":[135.6757446,34.9698111]},"properties":{"z":69.9}},{"type":"Feature","geometry":{"type":"Point","coordinates":[135.675754,34.9698554]},"properties":{"z":70.3}},{"type":"Feature","geometry":{"type":"Point","coordinates":[135.6757606,34.9699]},"properties":{"z":70.6}},{"type":"Feature","geometry":{"type":"Point","coordinates":[135.6757663,34.9699447]},"properties":{"z":70.6}},{"type":"Feature","geometry":{"type":"Point","coordinates":[135.6757731,34.9699892]},"properties":{"z":71.0}},{"type":"Feature","geometry":{"type":"Point","coordinates":[135.6757674,34.970034]},"properties":{"z":71.6}},{"type":"Feature","geometry":{"type":"Point","coordinates":[135.6757668,34.9700788]},"properties":{"z":71.6}},{"type":"Feature","geometry":{"type":"Point","coordinates":[135.6757713,34.9701236]},"properties":{"z":72.1}},{"type":"Feature","geometry":{"type":"Point","coordinates":[135.6757749,34.9701684]},"properties":{"z":72.4}},{"type":"Feature","geometry":{"type":"Point","coordinates":[135.675776,34.9702133]},"properties":{"z":72.4}},{"type":"Feature","geometry":{"type":"Point","coordinates":[135.6757793,34.9702577]},"properties":{"z":72.5}},{"type":"Feature","geometry":{"type":"Point","coordinates":[135.6757913,34.9703015]},"properties":{"z":72.5}},{"type":"Feature","geometry":{"type":"Point","coordinates":[135.6758241,34.9703375]},"properties":{"z":72.3}},{"type":"Feature","geometry":{"type":"Point","coordinates":[135.6758436,34.9703775]},"properties":{"z":72.7}},{"type":"Feature","geometry":{"type":"Point","coordinates":[135.6758315,34.9704199]},"properties":{"z":72.7}},{"type":"Feature","geometry":{"type":"Point","coordinates":[135.6757986,34.9704541]},"properties":{"z":72.0}},{"type":"Feature","geometry":{"type":"Point","coordinates":[135.6757484,34.9704708]},"properties":{"z":72.0}},{"type":"Feature","geometry":{"type":"Point","coordinates":[135.6756944,34.9704787]},"properties":{"z":71.6}},{"type":"Feature","geometry":{"type":"Point","coordinates":[135.6756402,34.9704858]},"properties":{"z":71.2}},{"type":"Feature","geometry":{"type":"Point","coordinates":[135.6755861,34.9704929]},"properties":{"z":71.2}},{"type":"Feature","geometry":{"type":"Point","coordinates":[135.6755319,34.9705001]},"properties":{"z":70.9}},{"type":"Feature","geometry":{"type":"Point","coordinates":[135.675478,34.9705082]},"properties":{"z":70.6}},{"type":"Feature","geometry":{"type":"Point","coordinates":[135.675427,34.9705232]},"properties":{"z":70.8}},{"type":"Feature","geometry":{"type":"Point","coordinates":[135.6753786,34.9705441]},"properties":{"z":70.6}},{"type":"Feature","geometry":{"type":"Point","coordinates":[135.6753254,34.9705552]},"properties":{"z":70.6}},{"type":"Feature","geometry":{"type":"Point","coordinates":[135.6752717,34.9705641]},"properties":{"z":70.6}},{"type":"Feature","geometry":{"type":"Point","coordinates":[135.6752175,34.9705711]},"properties":{"z":70.6}},{"type":"Feature","geometry":{"type":"Point","coordinates":[135.6751629,34.9705749]},"properties":{"z":70.6}},{"type":"Feature","geometry":{"type":"Point","coordinates":[135.6751088,34.970582]},"properties":{"z":70.8}},{"type":"Feature","geometry":{"type":"Point","coordinates":[135.675055,34.970591]},"properties":{"z":71.6}},{"type":"Feature","geometry":{"type":"Point","coordinates":[135.675002,34.9706023]},"properties":{"z":71.6}},{"type":"Feature","geometry":{"type":"Point","coordinates":[135.674948,34.97061]},"properties":{"z":71.9}},{"type":"Feature","geometry":{"type":"Point","coordinates":[135.6748937,34.9706161]},"properties":{"z":71.9}},{"type":"Feature","geometry":{"type":"Point","coordinates":[135.6748404,34.9706266]},"properties":{"z":72.2}},{"type":"Feature","geometry":{"type":"Point","coordinates":[135.6747873,34.9706379]},"properties":{"z":72.1}},{"type":"Feature","geometry":{"type":"Point","coordinates":[135.6747341,34.9706489]},"properties":{"z":72.1}},{"type":"Feature","geometry":{"type":"Point","coordinates":[135.6746804,34.970658]},"properties":{"z":73.1}},{"type":"Feature","geometry":{"type":"Point","coordinates":[135.6746268,34.9706677]},"properties":{"z":73.1}},{"type":"Feature","geometry":{"type":"Point","coordinates":[135.674573,34.970676]},"properties":{"z":73.1}},{"type":"Feature","geometry":{"type":"Point","coordinates":[135.6745184,34.9706806]},"properties":{"z":72.9}},{"type":"Feature","geometry":{"type":"Point","coordinates":[135.674465,34.9706907]},"properties":{"z":72.9}},{"type":"Feature","geometry":{"type":"Point","coordinates":[135.6744135,34.9707059]},"properties":{"z":72.6}},{"type":"Feature","geometry":{"type":"Point","coordinates":[135.6743617,34.9707206]},"properties":{"z":72.3}},{"type":"Feature","geometry":{"type":"Point","coordinates":[135.6743091,34.9707332]},"properties":{"z":73.5}},{"type":"Feature","geometry":{"type":"Point","coordinates":[135.6742556,34.9707432]},"properties":{"z":73.2}},{"type":"Feature","geometry":{"type":"Point","coordinates":[135.6742027,34.9707553]},"properties":{"z":73.2}},{"type":"Feature","geometry":{"type":"Point","coordinates":[135.6741502,34.970768]},"properties":{"z":72.9}},{"type":"Feature","geometry":{"type":"Point","coordinates":[135.6740978,34.9707814]},"properties":{"z":72.3}},{"type":"Feature","geometry":{"type":"Point","coordinates":[135.6740454,34.9707946]},"properties":{"z":72.3}},{"type":"Feature","geometry":{"type":"Point","coordinates":[135.6739932,34.9708086]},"properties":{"z":73.3}},{"type":"Feature","geometry":{"type":"Point","coordinates":[135.6739416,34.9708238]},"properties":{"z":72.7}},{"type":"Feature","geometry":{"type":"Point","coordinates":[135.6738901,34.9708393]},"properties":{"z":72.7}},{"type":"Feature","geometry":{"type":"Point","coordinates":[135.6738384,34.9708543]},"properties":{"z":71.9}},{"type":"Feature","geometry":{"type":"Point","coordinates":[135.6737864,34.9708685]},"properties":{"z":72.9}},{"type":"Feature","geometry":{"type":"Point","coordinates":[135.6737373,34.9708887]},"properties":{"z":72.6}},{"type":"Feature","geometry":{"type":"Point","coordinates":[135.673688,34.9709083]},"properties":{"z":72.6}},{"type":"Feature","geometry":{"type":"Point","coordinates":[135.6736384,34.9709276]},"properties":{"z":71.8}},{"type":"Feature","geometry":{"type":"Point","coordinates":[135.6735887,34.9709465]},"properties":{"z":72.2}},{"type":"Feature","geometry":{"type":"Point","coordinates":[135.6735387,34.9709651]},"properties":{"z":72.2}},{"type":"Feature","geometry":{"type":"Point","coordinates":[135.6734886,34.9709834]},"properties":{"z":71.9}},{"type":"Feature","geometry":{"type":"Point","coordinates":[135.6734376,34.9709999]},"properties":{"z":71.9}},{"type":"Feature","geometry":{"type":"Point","coordinates":[135.6733867,34.9710166]},"properties":{"z":72.9}},{"type":"Feature","geometry":{"type":"Point","coordinates":[135.6733376,34.9710367]},"properties":{"z":72.5}},{"type":"Feature","geometry":{"type":"Point","coordinates":[135.6732888,34.9710572]},"properties":{"z":72.5}},{"type":"Feature","geometry":{"type":"Point","coordinates":[135.6732407,34.9710787]},"properties":{"z":71.8}},{"type":"Feature","geometry":{"type":"Point","coordinates":[135.6731924,34.9711002]},"properties":{"z":71.8}},{"type":"Feature","geometry":{"type":"Point","coordinates":[135.673144,34.9711213]},"properties":{"z":71.1}},{"type":"Feature","geometry":{"type":"Point","coordinates":[135.6730948,34.9711411]},"properties":{"z":71.1}},{"type":"Feature","geometry":{"type":"Point","coordinates":[135.673047,34.9711631]},"properties":{"z":70.3}},{"type":"Feature","geometry":{"type":"Point","coordinates":[135.6730007,34.9711872]},"properties":{"z":70.3}},{"type":"Feature","geometry":{"type":"Point","coordinates":[135.672956,34.9712133]},"properties":{"z":69.6}},{"type":"Feature","geometry":{"type":"Point","coordinates":[135.6729087,34.9712359]},"properties":{"z":69.3}},{"type":"Feature","geometry":{"type":"Point","coordinates":[135.6728616,34.9712591]},"properties":{"z":69.3}},{"type":"Feature","geometry":{"type":"Point","coordinates":[135.6728154,34.9712832]},"properties":{"z":69.7}},{"type":"Feature","geometry":{"type":"Point","coordinates":[135.6727713,34.9713099]},"properties":{"z":69.8}},{"type":"Feature","geometry":{"type":"Point","coordinates":[135.6727253,34.9713344]},"properties":{"z":70.7}},{"type":"Feature","geometry":{"type":"Point","coordinates":[135.6726779,34.9713569]},"properties":{"z":70.7}},{"type":"Feature","geometry":{"type":"Point","coordinates":[135.6726283,34.9713761]},"properties":{"z":71.5}},{"type":"Feature","geometry":{"type":"Point","coordinates":[135.6725813,34.9713993]},"properties":{"z":71.5}},{"type":"Feature","geometry":{"type":"Point","coordinates":[135.6725337,34.9714215]},"properties":{"z":71.9}},{"type":"Feature","geometry":{"type":"Point","coordinates":[135.6724855,34.971443]},"properties":{"z":71.6}},{"type":"Feature","geometry":{"type":"Point","coordinates":[135.6724383,34.9714658]},"properties":{"z":72.1}},{"type":"Feature","geometry":{"type":"Point","coordinates":[135.6723935,34.9714917]},"properties":{"z":72.5}},{"type":"Feature","geometry":{"type":"Point","coordinates":[135.6723482,34.9715171]},"properties":{"z":72.3}},{"type":"Feature","geometry":{"type":"Point","coordinates":[135.6723038,34.9715434]},"properties":{"z":72.8}},{"type":"Feature","geometry":{"type":"Point","coordinates":[135.6722596,34.9715701]},"properties":{"z":72.8}},{"type":"Feature","geometry":{"type":"Point","coordinates":[135.6722145,34.9715957]},"properties":{"z":73.1}},{"type":"Feature","geometry":{"type":"Point","coordinates":[135.6721723,34.9716244]},"properties":{"z":73.1}},{"type":"Feature","geometry":{"type":"Point","coordinates":[135.6721318,34.9716546]},"properties":{"z":73.2}},{"type":"Feature","geometry":{"type":"Point","coordinates":[135.6720928,34.9716862]},"properties":{"z":73.2}},{"type":"Feature","geometry":{"type":"Point","coordinates":[135.6720537,34.9717178]},"properties":{"z":73.3}},{"type":"Feature","geometry":{"type":"Point","coordinates":[135.6720134,34.9717483]},"properties":{"z":73.3}},{"type":"Feature","geometry":{"type":"Point","coordinates":[135.671972,34.9717777]},"properties":{"z":73.3}},{"type":"Feature","geometry":{"type":"Point","coordinates":[135.6719299,34.9718066]},"properties":{"z":73.3}},{"type":"Feature","geometry":{"type":"Point","coordinates":[135.6718866,34.9718342]},"properties":{"z":73.3}},{"type":"Feature","geometry":{"type":"Point","coordinates":[135.6718429,34.9718613]},"properties":{"z":73.4}},{"type":"Feature","geometry":{"type":"Point","coordinates":[135.6717994,34.9718887]},"properties":{"z":73.4}},{"type":"Feature","geometry":{"type":"Point","coordinates":[135.6717576,34.9719178]},"properties":{"z":73.8}},{"type":"Feature","geometry":{"type":"Point","coordinates":[135.6717158,34.9719469]},"properties":{"z":73.5}},{"type":"Feature","geometry":{"type":"Point","coordinates":[135.6716729,34.9719748]},"properties":{"z":73.8}},{"type":"Feature","geometry":{"type":"Point","coordinates":[135.6716321,34.9720049]},"properties":{"z":73.6}},{"type":"Feature","geometry":{"type":"Point","coordinates":[135.6715906,34.9720343]},"properties":{"z":73.8}},{"type":"Feature","geometry":{"type":"Point","coordinates":[135.6715482,34.9720628]},"properties":{"z":73.8}},{"type":"Feature","geometry":{"type":"Point","coordinates":[135.6715028,34.9720881]},"properties":{"z":73.8}},{"type":"Feature","geometry":{"type":"Point","coordinates":[135.6714585,34.9721145]},"properties":{"z":73.8}},{"type":"Feature","geometry":{"type":"Point","coordinates":[135.6714153,34.9721422]},"properties":{"z":74.0}},{"type":"Feature","geometry":{"type":"Point","coordinates":[135.6713714,34.9721692]},"properties":{"z":74.0}},{"type":"Feature","geometry":{"type":"Point","coordinates":[135.6713276,34.9721963]},"properties":{"z":74.4}},{"type":"Feature","geometry":{"type":"Point","coordinates":[135.6712838,34.9722233]},"properties":{"z":74.1}},{"type":"Feature","geometry":{"type":"Point","coordinates":[135.6712372,34.9722469]},"properties":{"z":74.5}},{"type":"Feature","geometry":{"type":"Point","coordinates":[135.6711888,34.9722678]},"properties":{"z":75.0}},{"type":"Feature","geometry":{"type":"Point","coordinates":[135.6711378,34.9722845]},"properties":{"z":74.7}},{"type":"Feature","geometry":{"type":"Point","coordinates":[135.6710871,34.9723015]},"properties":{"z":75.2}},{"type":"Feature","geometry":{"type":"Point","coordinates":[135.6710397,34.9723234]},"properties":{"z":75.2}},{"type":"Feature","geometry":{"type":"Point","coordinates":[135.6709977,34.9723519]},"properties":{"z":75.5}},{"type":"Feature","geometry":{"type":"Point","coordinates":[135.6709665,34.9723889]},"properties":{"z":75.5}},{"type":"Feature","geometry":{"type":"Point","coordinates":[135.6709319,34.9724238]},"properties":{"z":75.8}},{"type":"Feature","geometry":{"type":"Point","coordinates":[135.6708904,34.9724527]},"properties":{"z":75.8}},{"type":"Feature","geometry":{"type":"Point","coordinates":[135.6708465,34.9724797]},"properties":{"z":76.3}},{"type":"Feature","geometry":{"type":"Point","coordinates":[135.6708035,34.9725076]},"properties":{"z":76.1}},{"type":"Feature","geometry":{"type":"Point","coordinates":[135.6707591,34.972534]},"properties":{"z":76.6}},{"type":"Feature","geometry":{"type":"Point","coordinates":[135.6707143,34.9725599]},"properties":{"z":76.5}},{"type":"Feature","geometry":{"type":"Point","coordinates":[135.6706698,34.9725861]},"properties":{"z":77.0}},{"type":"Feature","geometry":{"type":"Point","coordinates":[135.6706278,34.972615]},"properties":{"z":77.0}},{"type":"Feature","geometry":{"type":"Point","coordinates":[135.670586,34.9726442]},"properties":{"z":77.2}},{"type":"Feature","geometry":{"type":"Point","coordinates":[135.6705427,34.9726717]},"properties":{"z":77.2}},{"type":"Feature","geometry":{"type":"Point","coordinates":[135.6704971,34.9726966]},"properties":{"z":77.3}},{"type":"Feature","geometry":{"type":"Point","coordinates":[135.6704514,34.9727212]},"properties":{"z":77.3}},{"type":"Feature","geometry":{"type":"Point","coordinates":[135.6704091,34.9727498]},"properties":{"z":77.7}},{"type":"Feature","geometry":{"type":"Point","coordinates":[135.6703657,34.9727773]},"properties":{"z":77.4}},{"type":"Feature","geometry":{"type":"Point","coordinates":[135.6703223,34.9728048]},"properties":{"z":77.8}},{"type":"Feature","geometry":{"type":"Point","coordinates":[135.6702775,34.9728307]},"properties":{"z":77.8}},{"type":"Feature","geometry":{"type":"Point","coordinates":[135.6702322,34.9728561]},"properties":{"z":77.8}},{"type":"Feature","geometry":{"type":"Point","coordinates":[135.6701875,34.9728821]},"properties":{"z":77.8}},{"type":"Feature","geometry":{"type":"Point","coordinates":[135.6701434,34.9729089]},"properties":{"z":77.8}},{"type":"Feature","geometry":{"type":"Point","coordinates":[135.6700986,34.9729348]},"properties":{"z":77.8}},{"type":"Feature","geometry":{"type":"Point","coordinates":[135.6700518,34.9729582]},"properties":{"z":78.1}},{"type":"Feature","geometry":{"type":"Point","coordinates":[135.6700057,34.9729825]},"properties":{"z":77.8}},{"type":"Feature","geometry":{"type":"Point","coordinates":[135.6699553,34.9730002]},"properties":{"z":78.0}},{"type":"Feature","geometry":{"type":"Point","coordinates":[135.669904,34.9730163]},"properties":{"z":78.1}},{"type":"Feature","geometry":{"type":"Point","coordinates":[135.6698588,34.9730414]},"properties":{"z":78.1}},{"type":"Feature","geometry":{"type":"Point","coordinates":[135.6698105,34.9730624]},"properties":{"z":77.9}},{"type":"Feature","geometry":{"type":"Point","coordinates":[135.6697636,34.9730852]},"properties":{"z":77.9}},{"type":"Feature","geometry":{"type":"Point","coordinates":[135.6697195,34.9731119]},"properties":{"z":78.2}},{"type":"Feature","geometry":{"type":"Point","coordinates":[135.6696753,34.9731385]},"properties":{"z":78.1}},{"type":"Feature","geometry":{"type":"Point","coordinates":[135.6696338,34.973168]},"properties":{"z":78.5}},{"type":"Feature","geometry":{"type":"Point","coordinates":[135.6695958,34.9732004]},"properties":{"z":78.3}},{"type":"Feature","geometry":{"type":"Point","coordinates":[135.6695563,34.9732315]},"properties":{"z":78.7}},{"type":"Feature","geometry":{"type":"Point","coordinates":[135.669515,34.9732611]},"properties":{"z":78.4}},{"type":"Feature","geometry":{"type":"Point","coordinates":[135.6694744,34.9732912]},"properties":{"z":78.7}},{"type":"Feature","geometry":{"type":"Point","coordinates":[135.6694362,34.9733229]},"properties":{"z":78.7}},{"type":"Feature","geometry":{"type":"Point","coordinates":[135.6693848,34.9733379]},"properties":{"z":78.6}},{"type":"Feature","geometry":{"type":"Point","coordinates":[135.66933,34.973337]},"properties":{"z":78.6}},{"type":"Feature","geometry":{"type":"Point","coordinates":[135.6692752,34.9733371]},"properties":{"z":78.8}},{"type":"Feature","geometry":{"type":"Point","coordinates":[135.6692277,34.9733577]},"properties":{"z":78.8}},{"type":"Feature","geometry":{"type":"Point","coordinates":[135.6691836,34.9733845]},"properties":{"z":78.8}},{"type":"Feature","geometry":{"type":"Point","coordinates":[135.6691429,34.9734146]},"properties":{"z":78.4}},{"type":"Feature","geometry":{"type":"Point","coordinates":[135.669103,34.9734455]},"properties":{"z":78.6}},{"type":"Feature","geometry":{"type":"Point","coordinates":[135.6690761,34.973484]},"properties":{"z":78.3}},{"type":"Feature","geometry":{"type":"Point","coordinates":[135.6690613,34.9735272]},"properties":{"z":78.3}},{"type":"Feature","geometry":{"type":"Point","coordinates":[135.6690397,34.9735684]},"properties":{"z":78.9}},{"type":"Feature","geometry":{"type":"Point","coordinates":[135.6690145,34.9736084]},"properties":{"z":78.9}},{"type":"Feature","geometry":{"type":"Point","coordinates":[135.6689735,34.9736383]},"properties":{"z":79.2}},{"type":"Feature","geometry":{"type":"Point","coordinates":[135.6689276,34.9736628]},"properties":{"z":79.6}},{"type":"Feature","geometry":{"type":"Point","coordinates":[135.6688855,34.9736915]},"properties":{"z":80.0}},{"type":"Feature","geometry":{"type":"Point","coordinates":[135.6688422,34.9737191]},"properties":{"z":80.7}},{"type":"Feature","geometry":{"type":"Point","coordinates":[135.6687986,34.9737464]},"properties":{"z":80.7}},{"type":"Feature","geometry":{"type":"Point","coordinates":[135.6687554,34.9737741]},"properties":{"z":82.2}},{"type":"Feature","geometry":{"type":"Point","coordinates":[135.668712,34.9738016]},"properties":{"z":82.2}},{"type":"Feature","geometry":{"type":"Point","coordinates":[135.6686673,34.9738276]},"properties":{"z":83.6}},{"type":"Feature","geometry":{"type":"Point","coordinates":[135.6686219,34.9738529]},"properties":{"z":83.6}},{"type":"Feature","geometry":{"type":"Point","coordinates":[135.6685776,34.9738793]},"properties":{"z":84.4}},{"type":"Feature","geometry":{"type":"Point","coordinates":[135.6685305,34.9739024]},"properties":{"z":84.6}},{"type":"Feature","geometry":{"type":"Point","coordinates":[135.6684864,34.9739291]},"properties":{"z":84.6}},{"type":"Feature","geometry":{"type":"Point","coordinates":[135.6684435,34.9739571]},"properties":{"z":85.2}},{"type":"Feature","geometry":{"type":"Point","coordinates":[135.6683984,34.9739827]},"properties":{"z":84.1}},{"type":"Feature","geometry":{"type":"Point","coordinates":[135.6683522,34.9740069]},"properties":{"z":84.7}},{"type":"Feature","geometry":{"type":"Point","coordinates":[135.6683066,34.9740319]},"properties":{"z":84.7}},{"type":"Feature","geometry":{"type":"Point","coordinates":[135.6682609,34.9740567]},"properties":{"z":84.1}},{"type":"Feature","geometry":{"type":"Point","coordinates":[135.6682144,34.9740805]},"properties":{"z":84.1}},{"type":"Feature","geometry":{"type":"Point","coordinates":[135.6681681,34.9741047]},"properties":{"z":83.8}},{"type":"Feature","geometry":{"type":"Point","coordinates":[135.6681239,34.9741312]},"properties":{"z":83.8}},{"type":"Feature","geometry":{"type":"Point","coordinates":[135.6680815,34.9741598]},"properties":{"z":84.4}},{"type":"Feature","geometry":{"type":"Point","coordinates":[135.6680346,34.974183]},"properties":{"z":83.5}},{"type":"Feature","geometry":{"type":"Point","coordinates":[135.667986,34.9742039]},"properties":{"z":84.2}},{"type":"Feature","geometry":{"type":"Point","coordinates":[135.66794,34.9742281]},"properties":{"z":84.2}},{"type":"Feature","geometry":{"type":"Point","coordinates":[135.6678961,34.9742551]},"properties":{"z":83.9}},{"type":"Feature","geometry":{"type":"Point","coordinates":[135.6678518,34.9742814]},"properties":{"z":83.9}},{"type":"Feature","geometry":{"type":"Point","coordinates":[135.6678049,34.9743046]},"properties":{"z":84.6}},{"type":"Feature","geometry":{"type":"Point","coordinates":[135.6677624,34.974333]},"properties":{"z":84.4}},{"type":"Feature","geometry":{"type":"Point","coordinates":[135.66772,34.9743616]},"properties":{"z":84.4}},{"type":"Feature","geometry":{"type":"Point","coordinates":[135.6676754,34.9743876]},"properties":{"z":84.3}},{"type":"Feature","geometry":{"type":"Point","coordinates":[135.6676304,34.9744133]},"properties":{"z":84.3}},{"type":"Feature","geometry":{"type":"Point","coordinates":[135.6675861,34.9744398]},"properties":{"z":85.2}},{"type":"Feature","geometry":{"type":"Point","coordinates":[135.6675403,34.9744646]},"properties":{"z":84.1}},{"type":"Feature","geometry":{"type":"Point","coordinates":[135.667492,34.9744859]},"properties":{"z":84.9}},{"type":"Feature","geometry":{"type":"Point","coordinates":[135.6674416,34.9745035]},"properties":{"z":84.9}},{"type":"Feature","geometry":{"type":"Point","coordinates":[135.6673908,34.9745206]},"properties":{"z":85.6}},{"type":"Feature","geometry":{"type":"Point","coordinates":[135.6673408,34.974539]},"properties":{"z":84.4}},{"type":"Feature","geometry":{"type":"Point","coordinates":[135.6672921,34.9745595]},"properties":{"z":85.2}},{"type":"Feature","geometry":{"type":"Point","coordinates":[135.6672393,34.9745717]},"properties":{"z":85.9}},{"type":"Feature","geometry":{"type":"Point","coordinates":[135.6671895,34.9745903]},"properties":{"z":85.9}},{"type":"Feature","geometry":{"type":"Point","coordinates":[135.6671428,34.9746136]},"properties":{"z":85.9}},{"type":"Feature","geometry":{"type":"Point","coordinates":[135.667097,34.9746384]},"properties":{"z":85.9}},{"type":"Feature","geometry":{"type":"Point","coordinates":[135.6670503,34.974662]},"properties":{"z":87.0}},{"type":"Feature","geometry":{"type":"Point","coordinates":[135.6670061,34.9746886]},"properties":{"z":86.8}},{"type":"Feature","geometry":{"type":"Point","coordinates":[135.6669619,34.9747152]},"properties":{"z":88.3}},{"type":"Feature","geometry":{"type":"Point","coordinates":[135.6669156,34.9747391]},"properties":{"z":87.6}},{"type":"Feature","geometry":{"type":"Point","coordinates":[135.6668676,34.9747609]},"properties":{"z":88.9}},{"type":"Feature","geometry":{"type":"Point","coordinates":[135.6668201,34.9747834]},"properties":{"z":88.9}},{"type":"Feature","geometry":{"type":"Point","coordinates":[135.6667714,34.974804]},"properties":{"z":90.1}},{"type":"Feature","geometry":{"type":"Point","coordinates":[135.666724,34.9748266]},"properties":{"z":89.9}},{"type":"Feature","geometry":{"type":"Point","coordinates":[135.6666762,34.9748487]},"properties":{"z":89.9}},{"type":"Feature","geometry":{"type":"Point","coordinates":[135.6666276,34.9748695]},"properties":{"z":90.8}},{"type":"Feature","geometry":{"type":"Point","coordinates":[135.6665789,34.9748901]},"properties":{"z":89.7}},{"type":"Feature","geometry":{"type":"Point","coordinates":[135.6665314,34.9749126]},"properties":{"z":90.6}},{"type":"Feature","geometry":{"type":"Point","coordinates":[135.6664837,34.9749349]},"properties":{"z":90.6}},{"type":"Feature","geometry":{"type":"Point","coordinates":[135.6664352,34.9749557]},"properties":{"z":90.2}},{"type":"Feature","geometry":{"type":"Point","coordinates":[135.6663854,34.9749746]},"properties":{"z":90.7}},{"type":"Feature","geometry":{"type":"Point","coordinates":[135.6663362,34.9749946]},"properties":{"z":90.7}},{"type":"Feature","geometry":{"type":"Point","coordinates":[135.6662877,34.9750155]},"properties":{"z":91.1}},{"type":"Feature","geometry":{"type":"Point","coordinates":[135.6662391,34.9750364]},"properties":{"z":89.9}},{"type":"Feature","geometry":{"type":"Point","coordinates":[135.6661904,34.975057]},"properties":{"z":90.1}},{"type":"Feature","geometry":{"type":"Point","coordinates":[135.6661415,34.9750775]},"properties":{"z":90.1}},{"type":"Feature","geometry":{"type":"Point","coordinates":[135.6660923,34.9750973]},"properties":{"z":87.9}},{"type":"Feature","geometry":{"type":"Point","coordinates":[135.6660418,34.9751148]},"properties":{"z":88.2}},{"type":"Feature","geometry":{"type":"Point","coordinates":[135.6659896,34.9751286]},"properties":{"z":88.2}},{"type":"Feature","geometry":{"type":"Point","coordinates":[135.665939,34.9751455]},"properties":{"z":88.9}},{"type":"Feature","geometry":{"type":"Point","coordinates":[135.6658917,34.9751683]},"properties":{"z":89.0}},{"type":"Feature","geometry":{"type":"Point","coordinates":[135.6658423,34.9751877]},"properties":{"z":90.2}},{"type":"Feature","geometry":{"type":"Point","coordinates":[135.6657924,34.9752064]},"properties":{"z":90.2}},{"type":"Feature","geometry":{"type":"Point","coordinates":[135.6657435,34.9752267]},"properties":{"z":90.8}},{"type":"Feature","geometry":{"type":"Point","coordinates":[135.6656946,34.9752472]},"properties":{"z":90.6}},{"type":"Feature","geometry":{"type":"Point","coordinates":[135.6656443,34.975265]},"properties":{"z":90.6}},{"type":"Feature","geometry":{"type":"Point","coordinates":[135.6655962,34.9752862]},"properties":{"z":91.0}},{"type":"Feature","geometry":{"type":"Point","coordinates":[135.6655494,34.9753097]},"properties":{"z":90.0}},{"type":"Feature","geometry":{"type":"Point","coordinates":[135.6655013,34.9753313]},"properties":{"z":90.4}},{"type":"Feature","geometry":{"type":"Point","coordinates":[135.66545,34.9753472]},"properties":{"z":90.4}},{"type":"Feature","geometry":{"type":"Point","coordinates":[135.6653989,34.9753634]},"properties":{"z":90.7}},{"type":"Feature","geometry":{"type":"Point","coordinates":[135.6653496,34.9753831]},"properties":{"z":90.0}},{"type":"Feature","geometry":{"type":"Point","coordinates":[135.6652977,34.9753973]},"properties":{"z":90.0}},{"type":"Feature","geometry":{"type":"Point","coordinates":[135.6652491,34.9754174]},"properties":{"z":90.3}},{"type":"Feature","geometry":{"type":"Point","coordinates":[135.6652044,34.9754433]},"properties":{"z":90.4}},{"type":"Feature","geometry":{"type":"Point","coordinates":[135.6651593,34.9754684]},"properties":{"z":91.1}},{"type":"Feature","geometry":{"type":"Point","coordinates":[135.6651098,34.9754877]},"properties":{"z":91.1}},{"type":"Feature","geometry":{"type":"Point","coordinates":[135.6650607,34.9755079]},"properties":{"z":91.8}},{"type":"Feature","geometry":{"type":"Point","coordinates":[135.665009,34.9755229]},"properties":{"z":93.0}},{"type":"Feature","geometry":{"type":"Point","coordinates":[135.6649568,34.9755366]},"properties":{"z":93.0}},{"type":"Feature","geometry":{"type":"Point","coordinates":[135.6649061,34.9755538]},"properties":{"z":93.6}},{"type":"Feature","geometry":{"type":"Point","coordinates":[135.6648549,34.9755698]},"properties":{"z":93.6}},{"type":"Feature","geometry":{"type":"Point","coordinates":[135.6648027,34.9755836]},"properties":{"z":94.4}},{"type":"Feature","geometry":{"type":"Point","coordinates":[135.6647497,34.9755948]},"properties":{"z":94.4}},{"type":"Feature","geometry":{"type":"Point","coordinates":[135.6646959,34.9756034]},"properties":{"z":94.4}},{"type":"Feature","geometry":{"type":"Point","coordinates":[135.6646436,34.9756169]},"properties":{"z":94.3}},{"type":"Feature","geometry":{"type":"Point","coordinates":[135.6645912,34.9756304]},"properties":{"z":94.3}},{"type":"Feature","geometry":{"type":"Point","coordinates":[135.6645381,34.9756416]},"properties":{"z":94.6}},{"type":"Feature","geometry":{"type":"Point","coordinates":[135.6644847,34.9756518]},"properties":{"z":94.7}},{"type":"Feature","geometry":{"type":"Point","coordinates":[135.6644314,34.9756624]},"properties":{"z":94.7}},{"type":"Feature","geometry":{"type":"Point","coordinates":[135.664378,34.9756728]},"properties":{"z":95.1}},{"type":"Feature","geometry":{"type":"Point","coordinates":[135.6643247,34.9756827]},"properties":{"z":95.3}},{"type":"Feature","geometry":{"type":"Point","coordinates":[135.6642704,34.9756886]},"properties":{"z":95.3}},{"type":"Feature","geometry":{"type":"Point","coordinates":[135.6642168,34.9756981]},"properties":{"z":95.4}},{"type":"Feature","geometry":{"type":"Point","coordinates":[135.664163,34.975707]},"properties":{"z":95.4}},{"type":"Feature","geometry":{"type":"Point","coordinates":[135.664109,34.9757149]},"properties":{"z":95.6}},{"type":"Feature","geometry":{"type":"Point","coordinates":[135.6640555,34.9757247]},"properties":{"z":95.2}},{"type":"Feature","geometry":{"type":"Point","coordinates":[135.6640017,34.9757335]},"properties":{"z":95.2}},{"type":"Feature","geometry":{"type":"Point","coordinates":[135.6639481,34.9757431]},"properties":{"z":95.0}},{"type":"Feature","geometry":{"type":"Point","coordinates":[135.6638946,34.9757532]},"properties":{"z":94.9}},{"type":"Feature","geometry":{"type":"Point","coordinates":[135.6638409,34.9757624]},"properties":{"z":94.9}},{"type":"Feature","geometry":{"type":"Point","coordinates":[135.6637869,34.9757703]},"properties":{"z":94.7}},{"type":"Feature","geometry":{"type":"Point","coordinates":[135.6637326,34.9757761]},"properties":{"z":94.7}},{"type":"Feature","geometry":{"type":"Point","coordinates":[135.6636782,34.9757821]},"properties":{"z":94.6}},{"type":"Feature","geometry":{"type":"Point","coordinates":[135.6636238,34.9757857]},"properties":{"z":94.7}},{"type":"Feature","geometry":{"type":"Point","coordinates":[135.6635694,34.9757876]},"properties":{"z":94.7}},{"type":"Feature","geometry":{"type":"Point","coordinates":[135.6635162,34.9757986]},"properties":{"z":95.0}},{"type":"Feature","geometry":{"type":"Point","coordinates":[135.6634642,34.9758128]},"properties":{"z":95.6}},{"type":"Feature","geometry":{"type":"Point","coordinates":[135.6634113,34.9758247]},"properties":{"z":95.6}},{"type":"Feature","geometry":{"type":"Point","coordinates":[135.6633593,34.975839]},"properties":{"z":96.3}},{"type":"Feature","geometry":{"type":"Point","coordinates":[135.6633058,34.9758473]},"properties":{"z":96.3}},{"type":"Feature","geometry":{"type":"Point","coordinates":[135.663252,34.9758548]},"properties":{"z":97.0}},{"type":"Feature","geometry":{"type":"Point","coordinates":[135.6631994,34.9758675]},"properties":{"z":96.9}},{"type":"Feature","geometry":{"type":"Point","coordinates":[135.663148,34.9758832]},"properties":{"z":96.9}},{"type":"Feature","geometry":{"type":"Point","coordinates":[135.6630962,34.9758981]},"properties":{"z":97.3}},{"type":"Feature","geometry":{"type":"Point","coordinates":[135.6630431,34.9759092]},"properties":{"z":97.3}},{"type":"Feature","geometry":{"type":"Point","coordinates":[135.6629899,34.9759202]},"properties":{"z":97.7}},{"type":"Feature","geometry":{"type":"Point","coordinates":[135.6629368,34.9759315]},"properties":{"z":97.6}},{"type":"Feature","geometry":{"type":"Point","coordinates":[135.6628835,34.9759421]},"properties":{"z":97.6}},{"type":"Feature","geometry":{"type":"Point","coordinates":[135.66283,34.9759521]},"properties":{"z":98.0}},{"type":"Feature","geometry":{"type":"Point","coordinates":[135.6627767,34.9759627]},"properties":{"z":98.1}},{"type":"Feature","geometry":{"type":"Point","coordinates":[135.6627239,34.9759749]},"properties":{"z":98.1}},{"type":"Feature","geometry":{"type":"Point","coordinates":[135.6626716,34.9759884]},"properties":{"z":97.9}},{"type":"Feature","geometry":{"type":"Point","coordinates":[135.6626185,34.9759996]},"properties":{"z":97.9}},{"type":"Feature","geometry":{"type":"Point","coordinates":[135.6625656,34.9760116]},"properties":{"z":96.7}},{"type":"Feature","geometry":{"type":"Point","coordinates":[135.6625123,34.9760214]},"properties":{"z":96.3}},{"type":"Feature","geometry":{"type":"Point","coordinates":[135.6624578,34.9760266]},"properties":{"z":96.3}},{"type":"Feature","geometry":{"type":"Point","coordinates":[135.6624031,34.9760305]},"properties":{"z":96.0}},{"type":"Feature","geometry":{"type":"Point","coordinates":[135.6623486,34.9760355]},"properties":{"z":95.9}},{"type":"Feature","geometry":{"type":"Point","coordinates":[135.6622948,34.9760443]},"properties":{"z":95.9}},{"type":"Feature","geometry":{"type":"Point","coordinates":[135.6622411,34.9760533]},"properties":{"z":96.2}},{"type":"Feature","geometry":{"type":"Point","coordinates":[135.6621872,34.9760619]},"properties":{"z":96.2}},{"type":"Feature","geometry":{"type":"Point","coordinates":[135.6621333,34.9760698]},"properties":{"z":96.8}},{"type":"Feature","geometry":{"type":"Point","coordinates":[135.6620791,34.9760773]},"properties":{"z":95.8}},{"type":"Feature","geometry":{"type":"Point","coordinates":[135.6620255,34.9760861]},"properties":{"z":95.8}},{"type":"Feature","geometry":{"type":"Point","coordinates":[135.6619739,34.9761014]},"properties":{"z":96.0}},{"type":"Feature","geometry":{"type":"Point","coordinates":[135.6619227,34.9761175]},"properties":{"z":96.1}},{"type":"Feature","geometry":{"type":"Point","coordinates":[135.6618705,34.9761314]},"properties":{"z":96.1}},{"type":"Feature","geometry":{"type":"Point","coordinates":[135.6618188,34.9761463]},"properties":{"z":95.1}},{"type":"Feature","geometry":{"type":"Point","coordinates":[135.6617659,34.976158]},"properties":{"z":95.1}},{"type":"Feature","geometry":{"type":"Point","coordinates":[135.6617125,34.9761681]},"properties":{"z":95.5}},{"type":"Feature","geometry":{"type":"Point","coordinates":[135.6616592,34.9761788]},"properties":{"z":96.5}},{"type":"Feature","geometry":{"type":"Point","coordinates":[135.6616054,34.9761876]},"properties":{"z":96.5}},{"type":"Feature","geometry":{"type":"Point","coordinates":[135.6615512,34.9761943]},"properties":{"z":97.3}},{"type":"Feature","geometry":{"type":"Point","coordinates":[135.6614967,34.9761999]},"properties":{"z":98.2}},{"type":"Feature","geometry":{"type":"Point","coordinates":[135.6614421,34.9761966]},"properties":{"z":98.2}},{"type":"Feature","geometry":{"type":"Point","coordinates":[135.6614007,34.976168]},"properties":{"z":99.1}},{"type":"Feature","geometry":{"type":"Point","coordinates":[135.6613702,34.9761321]},"properties":{"z":100.3}},{"type":"Feature","geometry":{"type":"Point","coordinates":[135.6613785,34.9760906]},"properties":{"z":100.3}},{"type":"Feature","geometry":{"type":"Point","coordinates":[135.6613959,34.9760482]},"properties":{"z":101.2}},{"type":"Feature","geometry":{"type":"Point","coordinates":[135.6614063,34.9760042]},"properties":{"z":101.2}},{"type":"Feature","geometry":{"type":"Point","coordinates":[135.6614057,34.9759592]},"properties":{"z":101.6}},{"type":"Feature","geometry":{"type":"Point","coordinates":[135.661404,34.9759143]},"properties":{"z":102.0}},{"type":"Feature","geometry":{"type":"Point","coordinates":[135.6614023,34.9758694]},"properties":{"z":102.0}},{"type":"Feature","geometry":{"type":"Point","coordinates":[135.6613953,34.9758249]},"properties":{"z":102.4}},{"type":"Feature","geometry":{"type":"Point","coordinates":[135.6613847,34.9757808]},"properties":{"z":102.8}},{"type":"Feature","geometry":{"type":"Point","coordinates":[135.6613685,34.9757379]},"properties":{"z":102.8}},{"type":"Feature","geometry":{"type":"Point","coordinates":[135.6613551,34.9756944]},"properties":{"z":103.2}},{"type":"Feature","geometry":{"type":"Point","coordinates":[135.6613534,34.9756496]},"properties":{"z":103.7}},{"type":"Feature","geometry":{"type":"Point","coordinates":[135.6613566,34.9756047]},"properties":{"z":103.7}},{"type":"Feature","geometry":{"type":"Point","coordinates":[135.6613567,34.9755599]},"properties":{"z":104.3}},{"type":"Feature","geometry":{"type":"Point","coordinates":[135.6613519,34.9755151]},"properties":{"z":104.3}},{"type":"Feature","geometry":{"type":"Point","coordinates":[135.6613539,34.9754703]},"properties":{"z":105.0}},{"type":"Feature","geometry":{"type":"Point","coordinates":[135.661355,34.9754254]},"properties":{"z":105.7}},{"type":"Feature","geometry":{"type":"Point","coordinates":[135.6613524,34.9753805]},"properties":{"z":105.7}},{"type":"Feature","geometry":{"type":"Point","coordinates":[135.6613495,34.9753356]},"properties":{"z":106.4}},{"type":"Feature","geometry":{"type":"Point","coordinates":[135.6613439,34.9752909]},"properties":{"z":107.0}},{"type":"Feature","geometry":{"type":"Point","coordinates":[135.6613386,34.9752461]},"properties":{"z":107.0}},{"type":"Feature","geometry":{"type":"Point","coordinates":[135.6613343,34.9752013]},"properties":{"z":107.3}},{"type":"Feature","geometry":{"type":"Point","coordinates":[135.6613224,34.9751576]},"properties":{"z":107.8}},{"type":"Feature","geometry":{"type":"Point","coordinates":[135.6613097,34.9751145]},"properties":{"z":108.3}},{"type":"Feature","geometry":{"type":"Point","coordinates":[135.6613092,34.9750696]},"properties":{"z":108.6}},{"type":"Feature","geometry":{"type":"Point","coordinates":[135.6613062,34.9750247]},"properties":{"z":108.6}},{"type":"Feature","geometry":{"type":"Point","coordinates":[135.6612971,34.9749804]},"properties":{"z":108.6}},{"type":"Feature","geometry":{"type":"Point","coordinates":[135.66129,34.9749359]},"properties":{"z":108.6}},{"type":"Feature","geometry":{"type":"Point","coordinates":[135.6612867,34.9748913]},"properties":{"z":108.6}},{"type":"Feature","geometry":{"type":"Point","coordinates":[135.661277,34.9748471]},"properties":{"z":108.6}},{"type":"Feature","geometry":{"type":"Point","coordinates":[135.6612679,34.9748028]},"properties":{"z":108.9}},{"type":"Feature","geometry":{"type":"Point","coordinates":[135.6612625,34.9747581]},"properties":{"z":108.9}},{"type":"Feature","geometry":{"type":"Point","coordinates":[135.6612508,34.9747141]},"properties":{"z":109.2}},{"type":"Feature","geometry":{"type":"Point","coordinates":[135.6612354,34.974671]},"properties":{"z":109.7}},{"type":"Feature","geometry":{"type":"Point","coordinates":[135.6612214,34.9746276]},"properties":{"z":110.1}},{"type":"Feature","geometry":{"type":"Point","coordinates":[135.6612121,34.9745834]},"properties":{"z":110.6}},{"type":"Feature","geometry":{"type":"Point","coordinates":[135.6612034,34.9745392]},"properties":{"z":110.6}},{"type":"Feature","geometry":{"type":"Point","coordinates":[135.6611851,34.9744972]},"properties":{"z":111.2}},{"type":"Feature","geometry":{"type":"Point","coordinates":[135.6611775,34.9744527]},"properties":{"z":111.5}},{"type":"Feature","geometry":{"type":"Point","coordinates":[135.6611555,34.9744121]},"properties":{"z":111.5}},{"type":"Feature","geometry":{"type":"Point","coordinates":[135.6611293,34.9743729]},"properties":{"z":112.7}},{"type":"Feature","geometry":{"type":"Point","coordinates":[135.661126,34.9743295]},"properties":{"z":112.7}},{"type":"Feature","geometry":{"type":"Point","coordinates":[135.6611422,34.9742866]},"properties":{"z":113.1}},{"type":"Feature","geometry":{"type":"Point","coordinates":[135.6611342,34.9742449]},"properties":{"z":113.1}},{"type":"Feature","geometry":{"type":"Point","coordinates":[135.6611249,34.9742009]},"properties":{"z":113.1}},{"type":"Feature","geometry":{"type":"Point","coordinates":[135.6611359,34.9741573]},"properties":{"z":113.0}},{"type":"Feature","geometry":{"type":"Point","coordinates":[135.6611522,34.9741145]},"properties":{"z":113.0}},{"type":"Feature","geometry":{"type":"Point","coordinates":[135.6611217,34.974083]},"properties":{"z":112.6}},{"type":"Feature","geometry":{"type":"Point","coordinates":[135.661071,34.974068]},"properties":{"z":112.6}},{"type":"Feature","geometry":{"type":"Point","coordinates":[135.6610633,34.9740295]},"properties":{"z":113.2}},{"type":"Feature","geometry":{"type":"Point","coordinates":[135.6610582,34.9739867]},"properties":{"z":113.2}},{"type":"Feature","geometry":{"type":"Point","coordinates":[135.6610378,34.9739452]},"properties":{"z":113.3}},{"type":"Feature","geometry":{"type":"Point","coordinates":[135.6610174,34.9739037]},"properties":{"z":113.3}},{"type":"Feature","geometry":{"type":"Point","coordinates":[135.6610087,34.9738599]},"properties":{"z":113.6}},{"type":"Feature","geometry":{"type":"Point","coordinates":[135.6610005,34.9738159]},"properties":{"z":114.1}},{"type":"Feature","geometry":{"type":"Point","coordinates":[135.6609803,34.9737741]},"properties":{"z":114.6}},{"type":"Feature","geometry":{"type":"Point","coordinates":[135.6609663,34.9737307]},"properties":{"z":115.1}},{"type":"Feature","geometry":{"type":"Point","coordinates":[135.6609717,34.9736868]},"properties":{"z":115.1}},{"type":"Feature","geometry":{"type":"Point","coordinates":[135.6609665,34.9736421]},"properties":{"z":115.4}},{"type":"Feature","geometry":{"type":"Point","coordinates":[135.6609498,34.9735993]},"properties":{"z":115.8}},{"type":"Feature","geometry":{"type":"Point","coordinates":[135.6609293,34.9735577]},"properties":{"z":115.8}},{"type":"Feature","geometry":{"type":"Point","coordinates":[135.6609298,34.9735131]},"properties":{"z":116.1}},{"type":"Feature","geometry":{"type":"Point","coordinates":[135.6609213,34.9734687]},"properties":{"z":116.5}},{"type":"Feature","geometry":{"type":"Point","coordinates":[135.6609182,34.9734243]},"properties":{"z":116.5}},{"type":"Feature","geometry":{"type":"Point","coordinates":[135.6609209,34.9733796]},"properties":{"z":116.9}},{"type":"Feature","geometry":{"type":"Point","coordinates":[135.6609071,34.9733365]},"properties":{"z":116.9}},{"type":"Feature","geometry":{"type":"Point","coordinates":[135.6608896,34.9732945]},"properties":{"z":117.6}},{"type":"Feature","geometry":{"type":"Point","coordinates":[135.6608854,34.9732498]},"properties":{"z":117.9}},{"type":"Feature","geometry":{"type":"Point","coordinates":[135.6608823,34.9732051]},"properties":{"z":117.9}},{"type":"Feature","geometry":{"type":"Point","coordinates":[135.6608704,34.9731613]},"properties":{"z":118.0}},{"type":"Feature","geometry":{"type":"Point","coordinates":[135.6608466,34.9731213]},"properties":{"z":118.0}},{"type":"Feature","geometry":{"type":"Point","coordinates":[135.6608206,34.9730818]},"properties":{"z":117.3}},{"type":"Feature","geometry":{"type":"Point","coordinates":[135.6608048,34.9730388]},"properties":{"z":117.2}},{"type":"Feature","geometry":{"type":"Point","coordinates":[135.6607829,34.9729976]},"properties":{"z":117.2}},{"type":"Feature","geometry":{"type":"Point","coordinates":[135.660761,34.9729566]},"properties":{"z":116.6}},{"type":"Feature","geometry":{"type":"Point","coordinates":[135.6607465,34.9729132]},"properties":{"z":116.6}},{"type":"Feature","geometry":{"type":"Point","coordinates":[135.6607307,34.9728704]},"properties":{"z":116.0}},{"type":"Feature","geometry":{"type":"Point","coordinates":[135.6607109,34.9728285]},"properties":{"z":115.9}},{"type":"Feature","geometry":{"type":"Point","coordinates":[135.6606964,34.9727867]},"properties":{"z":115.9}},{"type":"Feature","geometry":{"type":"Point","coordinates":[135.660695,34.9727418]},"properties":{"z":115.3}},{"type":"Feature","geometry":{"type":"Point","coordinates":[135.6606926,34.9726969]},"properties":{"z":115.3}},{"type":"Feature","geometry":{"type":"Point","coordinates":[135.6606844,34.9726525]},"properties":{"z":115.1}},{"type":"Feature","geometry":{"type":"Point","coordinates":[135.6606805,34.9726077]},"properties":{"z":115.0}},{"type":"Feature","geometry":{"type":"Point","coordinates":[135.6606702,34.9725636]},"properties":{"z":115.0}},{"type":"Feature","geometry":{"type":"Point","coordinates":[135.6606589,34.9725197]},"properties":{"z":115.5}},{"type":"Feature","geometry":{"type":"Point","coordinates":[135.6606403,34.9724776]},"properties":{"z":116.1}},{"type":"Feature","geometry":{"type":"Point","coordinates":[135.6606245,34.9724349]},"properties":{"z":116.8}},{"type":"Feature","geometry":{"type":"Point","coordinates":[135.6606193,34.9723902]},"properties":{"z":117.3}},{"type":"Feature","geometry":{"type":"Point","coordinates":[135.6606108,34.9723458]},"properties":{"z":117.3}},{"type":"Feature","geometry":{"type":"Point","coordinates":[135.6605997,34.9723018]},"properties":{"z":117.9}},{"type":"Feature","geometry":{"type":"Point","coordinates":[135.6605837,34.9722589]},"properties":{"z":118.2}},{"type":"Feature","geometry":{"type":"Point","coordinates":[135.6605633,34.9722172]},"properties":{"z":118.2}},{"type":"Feature","geometry":{"type":"Point","coordinates":[135.6605433,34.9721754]},"properties":{"z":118.9}},{"type":"Feature","geometry":{"type":"Point","coordinates":[135.6605281,34.9721322]},"properties":{"z":118.8}},{"type":"Feature","geometry":{"type":"Point","coordinates":[135.6605178,34.9720881]},"properties":{"z":118.8}},{"type":"Feature","geometry":{"type":"Point","coordinates":[135.6605076,34.972044]},"properties":{"z":118.6}},{"type":"Feature","geometry":{"type":"Point","coordinates":[135.6604951,34.9720002]},"properties":{"z":118.6}},{"type":"Feature","geometry":{"type":"Point","coordinates":[135.6604842,34.9719563]},"properties":{"z":118.4}},{"type":"Feature","geometry":{"type":"Point","coordinates":[135.6604694,34.971913]},"properties":{"z":117.9}},{"type":"Feature","geometry":{"type":"Point","coordinates":[135.6604524,34.9718702]},"properties":{"z":118.6}},{"type":"Feature","geometry":{"type":"Point","coordinates":[135.6604369,34.9718271]},"properties":{"z":118.1}},{"type":"Feature","geometry":{"type":"Point","coordinates":[135.6604198,34.9717845]},"properties":{"z":118.1}},{"type":"Feature","geometry":{"type":"Point","coordinates":[135.6604074,34.9717408]},"properties":{"z":117.5}},{"type":"Feature","geometry":{"type":"Point","coordinates":[135.6604093,34.9716961]},"properties":{"z":116.7}},{"type":"Feature","geometry":{"type":"Point","coordinates":[135.6604247,34.9716539]},"properties":{"z":116.7}},{"type":"Feature","geometry":{"type":"Point","coordinates":[135.6604353,34.9716098]},"properties":{"z":115.7}},{"type":"Feature","geometry":{"type":"Point","coordinates":[135.6604444,34.9715655]},"properties":{"z":114.8}},{"type":"Feature","geometry":{"type":"Point","coordinates":[135.6604597,34.9715224]},"properties":{"z":114.8}},{"type":"Feature","geometry":{"type":"Point","coordinates":[135.6604744,34.9714791]},"properties":{"z":113.7}},{"type":"Feature","geometry":{"type":"Point","coordinates":[135.6604939,34.9714371]},"properties":{"z":113.7}},{"type":"Feature","geometry":{"type":"Point","coordinates":[135.6605099,34.9713941]},"properties":{"z":114.0}},{"type":"Feature","geometry":{"type":"Point","coordinates":[135.6605256,34.9713511]},"properties":{"z":114.8}},{"type":"Feature","geometry":{"type":"Point","coordinates":[135.6605355,34.9713069]},"properties":{"z":114.8}},{"type":"Feature","geometry":{"type":"Point","coordinates":[135.6605432,34.9712624]},"properties":{"z":115.6}},{"type":"Feature","geometry":{"type":"Point","coordinates":[135.6605454,34.9712176]},"properties":{"z":116.5}},{"type":"Feature","geometry":{"type":"Point","coordinates":[135.6605512,34.971173]},"properties":{"z":116.5}},{"type":"Feature","geometry":{"type":"Point","coordinates":[135.6605615,34.9711288]},"properties":{"z":116.7}},{"type":"Feature","geometry":{"type":"Point","coordinates":[135.6605741,34.9710851]},"properties":{"z":116.7}},{"type":"Feature","geometry":{"type":"Point","coordinates":[135.6605798,34.9710404]},"properties":{"z":117.5}},{"type":"Feature","geometry":{"type":"Point","coordinates":[135.6605819,34.9709956]},"properties":{"z":117.9}},{"type":"Feature","geometry":{"type":"Point","coordinates":[135.6605944,34.9709518]},"properties":{"z":117.9}},{"type":"Feature","geometry":{"type":"Point","coordinates":[135.6606023,34.9709074]},"properties":{"z":118.2}},{"type":"Feature","geometry":{"type":"Point","coordinates":[135.6606132,34.9708634]},"properties":{"z":118.3}},{"type":"Feature","geometry":{"type":"Point","coordinates":[135.6606276,34.97082]},"properties":{"z":118.3}},{"type":"Feature","geometry":{"type":"Point","coordinates":[135.6606312,34.9707755]},"properties":{"z":118.5}},{"type":"Feature","geometry":{"type":"Point","coordinates":[135.6606384,34.970731]},"properties":{"z":118.5}},{"type":"Feature","geometry":{"type":"Point","coordinates":[135.6606546,34.9706882]},"properties":{"z":118.1}},{"type":"Feature","geometry":{"type":"Point","coordinates":[135.6606683,34.9706447]},"properties":{"z":118.0}},{"type":"Feature","geometry":{"type":"Point","coordinates":[135.6606727,34.9705999]},"properties":{"z":118.0}},{"type":"Feature","geometry":{"type":"Point","coordinates":[135.6606764,34.9705551]},"properties":{"z":118.0}},{"type":"Feature","geometry":{"type":"Point","coordinates":[135.6606794,34.9705102]},"properties":{"z":118.0}},{"type":"Feature","geometry":{"type":"Point","coordinates":[135.6606863,34.9704656]},"properties":{"z":118.0}},{"type":"Feature","geometry":{"type":"Point","coordinates":[135.6606957,34.9704215]},"properties":{"z":117.9}},{"type":"Feature","geometry":{"type":"Point","coordinates":[135.6606931,34.9703767]},"properties":{"z":117.9}},{"type":"Feature","geometry":{"type":"Point","coordinates":[135.6606937,34.9703318]},"properties":{"z":117.9}},{"type":"Feature","geometry":{"type":"Point","coordinates":[135.6606915,34.9702869]},"properties":{"z":117.8}},{"type":"Feature","geometry":{"type":"Point","coordinates":[135.6606896,34.970242]},"properties":{"z":117.8}},{"type":"Feature","geometry":{"type":"Point","coordinates":[135.6606909,34.9701971]},"properties":{"z":117.8}},{"type":"Feature","geometry":{"type":"Point","coordinates":[135.6606979,34.9701526]},"properties":{"z":117.7}},{"type":"Feature","geometry":{"type":"Point","coordinates":[135.6606935,34.9701078]},"properties":{"z":117.7}},{"type":"Feature","geometry":{"type":"Point","coordinates":[135.6606959,34.970063]},"properties":{"z":117.6}},{"type":"Feature","geometry":{"type":"Point","coordinates":[135.6607011,34.9700183]},"properties":{"z":117.5}},{"type":"Feature","geometry":{"type":"Point","coordinates":[135.6607063,34.9699735]},"properties":{"z":117.5}},{"type":"Feature","geometry":{"type":"Point","coordinates":[135.6607062,34.9699286]},"properties":{"z":117.4}},{"type":"Feature","geometry":{"type":"Point","coordinates":[135.6607039,34.9698837]},"properties":{"z":117.4}},{"type":"Feature","geometry":{"type":"Point","coordinates":[135.6606998,34.9698389]},"properties":{"z":117.2}},{"type":"Feature","geometry":{"type":"Point","coordinates":[135.6606992,34.9697941]},"properties":{"z":117.0}},{"type":"Feature","geometry":{"type":"Point","coordinates":[135.6607039,34.9697493]},"properties":{"z":117.0}},{"type":"Feature","geometry":{"type":"Point","coordinates":[135.6607052,34.9697044]},"properties":{"z":116.7}},{"type":"Feature","geometry":{"type":"Point","coordinates":[135.6607104,34.9696597]},"properties":{"z":116.5}},{"type":"Feature","geometry":{"type":"Point","coordinates":[135.6607163,34.969615]},"properties":{"z":116.5}},{"type":"Feature","geometry":{"type":"Point","coordinates":[135.6607184,34.9695701]},"properties":{"z":116.3}},{"type":"Feature","geometry":{"type":"Point","coordinates":[135.6607181,34.9695252]},"properties":{"z":115.9}},{"type":"Feature","geometry":{"type":"Point","coordinates":[135.6607151,34.9694803]},"properties":{"z":115.9}},{"type":"Feature","geometry":{"type":"Point","coordinates":[135.6607112,34.9694355]},"properties":{"z":115.4}},{"type":"Feature","geometry":{"type":"Point","coordinates":[135.6607069,34.9693907]},"properties":{"z":115.4}},{"type":"Feature","geometry":{"type":"Point","coordinates":[135.6607035,34.9693458]},"properties":{"z":114.9}},{"type":"Feature","geometry":{"type":"Point","coordinates":[135.6607006,34.9693009]},"properties":{"z":114.4}},{"type":"Feature","geometry":{"type":"Point","coordinates":[135.6606975,34.969256]},"properties":{"z":114.4}},{"type":"Feature","geometry":{"type":"Point","coordinates":[135.6606941,34.9692112]},"properties":{"z":114.0}},{"type":"Feature","geometry":{"type":"Point","coordinates":[135.6606908,34.9691663]},"properties":{"z":113.5}},{"type":"Feature","geometry":{"type":"Point","coordinates":[135.6606872,34.9691214]},"properties":{"z":113.5}},{"type":"Feature","geometry":{"type":"Point","coordinates":[135.6606835,34.9690766]},"properties":{"z":113.0}},{"type":"Feature","geometry":{"type":"Point","coordinates":[135.6606818,34.9690317]},"properties":{"z":112.5}},{"type":"Feature","geometry":{"type":"Point","coordinates":[135.6606827,34.9689868]},"properties":{"z":112.5}},{"type":"Feature","geometry":{"type":"Point","coordinates":[135.6606843,34.9689418]},"properties":{"z":112.1}},{"type":"Feature","geometry":{"type":"Point","coordinates":[135.6606885,34.968897]},"properties":{"z":111.5}},{"type":"Feature","geometry":{"type":"Point","coordinates":[135.6606928,34.9688522]},"properties":{"z":111.5}},{"type":"Feature","geometry":{"type":"Point","coordinates":[135.6607062,34.9688088]},"properties":{"z":111.5}},{"type":"Feature","geometry":{"type":"Point","coordinates":[135.6607226,34.9687659]},"properties":{"z":111.5}},{"type":"Feature","geometry":{"type":"Point","coordinates":[135.6607438,34.9687248]},"properties":{"z":110.9}},{"type":"Feature","geometry":{"type":"Point","coordinates":[135.6607723,34.9686864]},"properties":{"z":111.5}},{"type":"Feature","geometry":{"type":"Point","coordinates":[135.6608027,34.9686492]},"properties":{"z":111.5}},{"type":"Feature","geometry":{"type":"Point","coordinates":[135.6608426,34.9686184]},"properties":{"z":110.6}},{"type":"Feature","geometry":{"type":"Point","coordinates":[135.6608817,34.9685869]},"properties":{"z":111.2}},{"type":"Feature","geometry":{"type":"Point","coordinates":[135.6609177,34.968553]},"properties":{"z":110.7}},{"type":"Feature","geometry":{"type":"Point","coordinates":[135.6609535,34.9685189]},"properties":{"z":111.4}},{"type":"Feature","geometry":{"type":"Point","coordinates":[135.6609891,34.9684848]},"properties":{"z":111.2}},{"type":"Feature","geometry":{"type":"Point","coordinates":[135.6610231,34.9684495]},"properties":{"z":112.2}},{"type":"Feature","geometry":{"type":"Point","coordinates":[135.6610555,34.9684133]},"properties":{"z":112.2}},{"type":"Feature","geometry":{"type":"Point","coordinates":[135.6610855,34.9683756]},"properties":{"z":112.4}},{"type":"Feature","geometry":{"type":"Point","coordinates":[135.6611141,34.9683373]},"properties":{"z":112.4}},{"type":"Feature","geometry":{"type":"Point","coordinates":[135.6611431,34.9682991]},"properties":{"z":112.5}},{"type":"Feature","geometry":{"type":"Point","coordinates":[135.661173,34.9682614]},"properties":{"z":112.0}},{"type":"Feature","geometry":{"type":"Point","coordinates":[135.6612019,34.9682232]},"properties":{"z":112.0}},{"type":"Feature","geometry":{"type":"Point","coordinates":[135.6612297,34.9681845]},"properties":{"z":112.3}},{"type":"Feature","geometry":{"type":"Point","coordinates":[135.6612545,34.9681446]},"properties":{"z":111.7}},{"type":"Feature","geometry":{"type":"Point","coordinates":[135.6612661,34.9681027]},"properties":{"z":112.1}},{"type":"Feature","geometry":{"type":"Point","coordinates":[135.6612326,34.9680671]},"properties":{"z":112.8}},{"type":"Feature","geometry":{"type":"Point","coordinates":[135.6611903,34.9680471]},"properties":{"z":113.1}},{"type":"Feature","geometry":{"type":"Point","coordinates":[135.6611441,34.9680231]},"properties":{"z":113.7}},{"type":"Feature","geometry":{"type":"Point","coordinates":[135.6610953,34.9680026]},"properties":{"z":113.7}},{"type":"Feature","geometry":{"type":"Point","coordinates":[135.6610438,34.9679878]},"properties":{"z":114.2}},{"type":"Feature","geometry":{"type":"Point","coordinates":[135.6609922,34.9679727]},"properties":{"z":114.3}},{"type":"Feature","geometry":{"type":"Point","coordinates":[135.6609398,34.9679596]},"properties":{"z":114.7}},{"type":"Feature","geometry":{"type":"Point","coordinates":[135.6608886,34.9679435]},"properties":{"z":115.2}},{"type":"Feature","geometry":{"type":"Point","coordinates":[135.660837,34.9679283]},"properties":{"z":115.2}},{"type":"Feature","geometry":{"type":"Point","coordinates":[135.6607853,34.9679137]},"properties":{"z":115.5}},{"type":"Feature","geometry":{"type":"Point","coordinates":[135.6607341,34.9678978]},"properties":{"z":115.6}},{"type":"Feature","geometry":{"type":"Point","coordinates":[135.6606843,34.9678798]},"properties":{"z":116.0}},{"type":"Feature","geometry":{"type":"Point","coordinates":[135.6606392,34.9678543]},"properties":{"z":116.0}},{"type":"Feature","geometry":{"type":"Point","coordinates":[135.6605896,34.9678352]},"properties":{"z":116.5}},{"type":"Feature","geometry":{"type":"Point","coordinates":[135.6605419,34.9678132]},"properties":{"z":117.2}},{"type":"Feature","geometry":{"type":"Point","coordinates":[135.6604925,34.9677946]},"properties":{"z":117.2}},{"type":"Feature","geometry":{"type":"Point","coordinates":[135.6604407,34.9677799]},"properties":{"z":117.9}},{"type":"Feature","geometry":{"type":"Point","coordinates":[135.660388,34.9677684]},"properties":{"z":117.9}},{"type":"Feature","geometry":{"type":"Point","coordinates":[135.6603346,34.9677599]},"properties":{"z":118.5}},{"type":"Feature","geometry":{"type":"Point","coordinates":[135.6602826,34.9677509]},"properties":{"z":119.0}},{"type":"Feature","geometry":{"type":"Point","coordinates":[135.6603181,34.9677557]},"properties":{"z":118.5}},{"type":"Feature","geometry":{"type":"Point","coordinates":[135.66037,34.9677522]},"properties":{"z":118.5}},{"type":"Feature","geometry":{"type":"Point","coordinates":[135.6603981,34.9677311]},"properties":{"z":117.9}},{"type":"Feature","geometry":{"type":"Point","coordinates":[135.6604432,34.9677547]},"properties":{"z":117.9}},{"type":"Feature","geometry":{"type":"Point","coordinates":[135.6604943,34.9677707]},"properties":{"z":117.2}},{"type":"Feature","geometry":{"type":"Point","coordinates":[135.6605429,34.9677914]},"properties":{"z":117.2}},{"type":"Feature","geometry":{"type":"Point","coordinates":[135.6605906,34.9678137]},"properties":{"z":116.5}},{"type":"Feature","geometry":{"type":"Point","coordinates":[135.6606378,34.9678366]},"properties":{"z":116.5}},{"type":"Feature","geometry":{"type":"Point","coordinates":[135.6606862,34.9678578]},"properties":{"z":116.0}},{"type":"Feature","geometry":{"type":"Point","coordinates":[135.6607367,34.9678749]},"properties":{"z":115.6}},{"type":"Feature","geometry":{"type":"Point","coordinates":[135.6607887,34.9678893]},"properties":{"z":115.6}},{"type":"Feature","geometry":{"type":"Point","coordinates":[135.6608405,34.9679039]},"properties":{"z":115.2}},{"type":"Feature","geometry":{"type":"Point","coordinates":[135.6608907,34.9679221]},"properties":{"z":115.2}},{"type":"Feature","geometry":{"type":"Point","coordinates":[135.6609395,34.9679425]},"properties":{"z":114.7}},{"type":"Feature","geometry":{"type":"Point","coordinates":[135.6609892,34.9679613]},"properties":{"z":114.3}},{"type":"Feature","geometry":{"type":"Point","coordinates":[135.6610409,34.9679763]},"properties":{"z":114.3}},{"type":"Feature","geometry":{"type":"Point","coordinates":[135.6610933,34.9679896]},"properties":{"z":113.7}},{"type":"Feature","geometry":{"type":"Point","coordinates":[135.661145,34.9680045]},"properties":{"z":113.7}},{"type":"Feature","geometry":{"type":"Point","coordinates":[135.6611945,34.9680239]},"properties":{"z":113.1}},{"type":"Feature","geometry":{"type":"Point","coordinates":[135.661227,34.9680567]},"properties":{"z":112.8}},{"type":"Feature","geometry":{"type":"Point","coordinates":[135.6612798,34.9680538]},"properties":{"z":112.5}},{"type":"Feature","geometry":{"type":"Point","coordinates":[135.6613291,34.9680352]},"properties":{"z":111.9}},{"type":"Feature","geometry":{"type":"Point","coordinates":[135.6613621,34.9679994]},"properties":{"z":111.9}},{"type":"Feature","geometry":{"type":"Point","coordinates":[135.6613896,34.9679605]},"properties":{"z":112.3}},{"type":"Feature","geometry":{"type":"Point","coordinates":[135.6614169,34.9679216]},"properties":{"z":111.7}},{"type":"Feature","geometry":{"type":"Point","coordinates":[135.6614449,34.9678829]},"properties":{"z":112.0}},{"type":"Feature","geometry":{"type":"Point","coordinates":[135.6614728,34.9678442]},"properties":{"z":112.0}},{"type":"Feature","geometry":{"type":"Point","coordinates":[135.6614998,34.9678051]},"properties":{"z":111.7}},{"type":"Feature","geometry":{"type":"Point","coordinates":[135.6615301,34.9677677]},"properties":{"z":111.8}},{"type":"Feature","geometry":{"type":"Point","coordinates":[135.6615598,34.9677299]},"properties":{"z":111.8}},{"type":"Feature","geometry":{"type":"Point","coordinates":[135.6615876,34.9676911]},"properties":{"z":111.1}},{"type":"Feature","geometry":{"type":"Point","coordinates":[135.6616153,34.9676523]},"properties":{"z":111.1}},{"type":"Feature","geometry":{"type":"Point","coordinates":[135.661643,34.9676135]},"properties":{"z":111.0}},{"type":"Feature","geometry":{"type":"Point","coordinates":[135.6616713,34.967575]},"properties":{"z":110.3}},{"type":"Feature","geometry":{"type":"Point","coordinates":[135.6617007,34.9675371]},"properties":{"z":110.0}},{"type":"Feature","geometry":{"type":"Point","coordinates":[135.6617319,34.9675001]},"properties":{"z":110.0}},{"type":"Feature","geometry":{"type":"Point","coordinates":[135.6617631,34.9674631]},"properties":{"z":109.3}},{"type":"Feature","geometry":{"type":"Point","coordinates":[135.6617946,34.9674263]},"properties":{"z":109.3}},{"type":"Feature","geometry":{"type":"Point","coordinates":[135.6618282,34.9673908]},"properties":{"z":109.1}},{"type":"Feature","geometry":{"type":"Point","coordinates":[135.6618624,34.9673557]},"properties":{"z":108.6}},{"type":"Feature","geometry":{"type":"Point","coordinates":[135.6618973,34.967321]},"properties":{"z":108.9}},{"type":"Feature","geometry":{"type":"Point","coordinates":[135.6619315,34.9672859]},"properties":{"z":108.5}},{"type":"Feature","geometry":{"type":"Point","coordinates":[135.6619675,34.967252]},"properties":{"z":108.8}},{"type":"Feature","geometry":{"type":"Point","coordinates":[135.6620077,34.9672215]},"properties":{"z":108.8}},{"type":"Feature","geometry":{"type":"Point","coordinates":[135.6620459,34.9671893]},"properties":{"z":108.5}},{"type":"Feature","geometry":{"type":"Point","coordinates":[135.6620812,34.9671549]},"properties":{"z":108.5}},{"type":"Feature","geometry":{"type":"Point","coordinates":[135.6621163,34.9671204]},"properties":{"z":108.3}},{"type":"Feature","geometry":{"type":"Point","coordinates":[135.6621513,34.9670858]},"properties":{"z":108.3}},{"type":"Feature","geometry":{"type":"Point","coordinates":[135.6621875,34.967052]},"properties":{"z":108.0}},{"type":"Feature","geometry":{"type":"Point","coordinates":[135.662224,34.9670184]},"properties":{"z":108.0}},{"type":"Feature","geometry":{"type":"Point","coordinates":[135.6622574,34.9669828]},"properties":{"z":108.2}},{"type":"Feature","geometry":{"type":"Point","coordinates":[135.6622903,34.9669469]},"properties":{"z":107.7}},{"type":"Feature","geometry":{"type":"Point","coordinates":[135.6623151,34.9669068]},"properties":{"z":108.0}},{"type":"Feature","geometry":{"type":"Point","coordinates":[135.6623398,34.9668666]},"properties":{"z":108.0}},{"type":"Feature","geometry":{"type":"Point","coordinates":[135.6623689,34.9668286]},"properties":{"z":107.8}},{"type":"Feature","geometry":{"type":"Point","coordinates":[135.6623985,34.9667907]},"properties":{"z":107.8}},{"type":"Feature","geometry":{"type":"Point","coordinates":[135.6624271,34.9667523]},"properties":{"z":108.0}},{"type":"Feature","geometry":{"type":"Point","coordinates":[135.6624554,34.9667138]},"properties":{"z":107.7}},{"type":"Feature","geometry":{"type":"Point","coordinates":[135.6624851,34.966676]},"properties":{"z":107.7}},{"type":"Feature","geometry":{"type":"Point","coordinates":[135.6625153,34.9666385]},"properties":{"z":107.6}},{"type":"Feature","geometry":{"type":"Point","coordinates":[135.6625499,34.9666037]},"properties":{"z":107.4}},{"type":"Feature","geometry":{"type":"Point","coordinates":[135.6625849,34.966569]},"properties":{"z":107.1}},{"type":"Feature","geometry":{"type":"Point","coordinates":[135.66262,34.9665345]},"properties":{"z":107.0}},{"type":"Feature","geometry":{"type":"Point","coordinates":[135.6626569,34.9665013]},"properties":{"z":106.7}},{"type":"Feature","geometry":{"type":"Point","coordinates":[135.6626948,34.9664688]},"properties":{"z":106.7}},{"type":"Feature","geometry":{"type":"Point","coordinates":[135.6627252,34.9664316]},"properties":{"z":106.2}},{"type":"Feature","geometry":{"type":"Point","coordinates":[135.6627521,34.9663925]},"properties":{"z":106.2}},{"type":"Feature","geometry":{"type":"Point","coordinates":[135.6627749,34.9663516]},"properties":{"z":106.0}},{"type":"Feature","geometry":{"type":"Point","coordinates":[135.6628122,34.9663207]},"properties":{"z":105.8}},{"type":"Feature","geometry":{"type":"Point","coordinates":[135.6628471,34.9662887]},"properties":{"z":105.5}},{"type":"Feature","geometry":{"type":"Point","coordinates":[135.662798,34.9662767]},"properties":{"z":105.5}},{"type":"Feature","geometry":{"type":"Point","coordinates":[135.662755,34.9662489]},"properties":{"z":105.7}},{"type":"Feature","geometry":{"type":"Point","coordinates":[135.6628012,34.9662668]},"properties":{"z":105.5}},{"type":"Feature","geometry":{"type":"Point","coordinates":[135.6628545,34.966264]},"properties":{"z":105.5}},{"type":"Feature","geometry":{"type":"Point","coordinates":[135.6628919,34.9662316]},"properties":{"z":105.3}},{"type":"Feature","geometry":{"type":"Point","coordinates":[135.6629263,34.9661974]},"properties":{"z":105.0}},{"type":"Feature","geometry":{"type":"Point","coordinates":[135.6629509,34.96616]},"properties":{"z":105.0}},{"type":"Feature","geometry":{"type":"Point","coordinates":[135.6629515,34.9661153]},"properties":{"z":104.7}},{"type":"Feature","geometry":{"type":"Point","coordinates":[135.662957,34.9660707]},"properties":{"z":104.2}},{"type":"Feature","geometry":{"type":"Point","coordinates":[135.6629979,34.9660481]},"properties":{"z":104.2}},{"type":"Feature","geometry":{"type":"Point","coordinates":[135.6630526,34.9660519]},"properties":{"z":103.9}},{"type":"Feature","geometry":{"type":"Point","coordinates":[135.6631051,34.9660405]},"properties":{"z":103.9}},{"type":"Feature","geometry":{"type":"Point","coordinates":[135.6631596,34.966043]},"properties":{"z":103.6}},{"type":"Feature","geometry":{"type":"Point","coordinates":[135.663214,34.9660484]},"properties":{"z":103.3}},{"type":"Feature","geometry":{"type":"Point","coordinates":[135.6632689,34.9660471]},"properties":{"z":103.3}},{"type":"Feature","geometry":{"type":"Point","coordinates":[135.6633237,34.9660464]},"properties":{"z":102.9}},{"type":"Feature","geometry":{"type":"Point","coordinates":[135.6633782,34.9660508]},"properties":{"z":102.9}},{"type":"Feature","geometry":{"type":"Point","coordinates":[135.6634328,34.9660557]},"properties":{"z":102.5}},{"type":"Feature","geometry":{"type":"Point","coordinates":[135.6634874,34.9660598]},"properties":{"z":102.1}},{"type":"Feature","geometry":{"type":"Point","coordinates":[135.6635421,34.9660626]},"properties":{"z":102.1}},{"type":"Feature","geometry":{"type":"Point","coordinates":[135.6635969,34.9660641]},"properties":{"z":101.6}},{"type":"Feature","geometry":{"type":"Point","coordinates":[135.6636518,34.9660634]},"properties":{"z":101.2}},{"type":"Feature","geometry":{"type":"Point","coordinates":[135.6637066,34.9660624]},"properties":{"z":101.2}},{"type":"Feature","geometry":{"type":"Point","coordinates":[135.6637614,34.9660629]},"properties":{"z":100.9}},{"type":"Feature","geometry":{"type":"Point","coordinates":[135.6638159,34.966068]},"properties":{"z":100.5}},{"type":"Feature","geometry":{"type":"Point","coordinates":[135.6638706,34.9660698]},"properties":{"z":100.5}},{"type":"Feature","geometry":{"type":"Point","coordinates":[135.6639253,34.9660724]},"properties":{"z":100.1}},{"type":"Feature","geometry":{"type":"Point","coordinates":[135.6639798,34.9660775]},"properties":{"z":100.1}},{"type":"Feature","geometry":{"type":"Point","coordinates":[135.6640342,34.9660832]},"properties":{"z":99.8}},{"type":"Feature","geometry":{"type":"Point","coordinates":[135.664089,34.966085]},"properties":{"z":99.8}},{"type":"Feature","geometry":{"type":"Point","coordinates":[135.6641438,34.966086]},"properties":{"z":99.8}},{"type":"Feature","geometry":{"type":"Point","coordinates":[135.6641986,34.9660847]},"properties":{"z":99.6}},{"type":"Feature","geometry":{"type":"Point","coordinates":[135.6642532,34.9660868]},"properties":{"z":99.4}},{"type":"Feature","geometry":{"type":"Point","coordinates":[135.6643077,34.9660917]},"properties":{"z":99.4}},{"type":"Feature","geometry":{"type":"Point","coordinates":[135.6643625,34.9660939]},"properties":{"z":99.3}},{"type":"Feature","geometry":{"type":"Point","coordinates":[135.6644173,34.9660943]},"properties":{"z":99.3}},{"type":"Feature","geometry":{"type":"Point","coordinates":[135.6644722,34.9660947]},"properties":{"z":99.3}},{"type":"Feature","geometry":{"type":"Point","coordinates":[135.664527,34.9660953]},"properties":{"z":99.2}},{"type":"Feature","geometry":{"type":"Point","coordinates":[135.6645818,34.9660961]},"properties":{"z":99.2}},{"type":"Feature","geometry":{"type":"Point","coordinates":[135.6646366,34.9660993]},"properties":{"z":99.1}},{"type":"Feature","geometry":{"type":"Point","coordinates":[135.6646913,34.9660963]},"properties":{"z":98.9}},{"type":"Feature","geometry":{"type":"Point","coordinates":[135.664746,34.9660971]},"properties":{"z":98.9}},{"type":"Feature","geometry":{"type":"Point","coordinates":[135.6648008,34.9660971]},"properties":{"z":97.4}},{"type":"Feature","geometry":{"type":"Point","coordinates":[135.6648556,34.9660943]},"properties":{"z":96.8}},{"type":"Feature","geometry":{"type":"Point","coordinates":[135.6649103,34.9660919]},"properties":{"z":96.8}},{"type":"Feature","geometry":{"type":"Point","coordinates":[135.6649651,34.9660923]},"properties":{"z":96.7}},{"type":"Feature","geometry":{"type":"Point","coordinates":[135.6650197,34.9660961]},"properties":{"z":96.3}},{"type":"Feature","geometry":{"type":"Point","coordinates":[135.6650738,34.9661035]},"properties":{"z":96.3}},{"type":"Feature","geometry":{"type":"Point","coordinates":[135.6651286,34.9661038]},"properties":{"z":95.9}},{"type":"Feature","geometry":{"type":"Point","coordinates":[135.6651834,34.9661035]},"properties":{"z":95.9}},{"type":"Feature","geometry":{"type":"Point","coordinates":[135.6652382,34.966104]},"properties":{"z":95.5}},{"type":"Feature","geometry":{"type":"Point","coordinates":[135.6652931,34.9661054]},"properties":{"z":95.0}},{"type":"Feature","geometry":{"type":"Point","coordinates":[135.6653478,34.9661048]},"properties":{"z":95.0}},{"type":"Feature","geometry":{"type":"Point","coordinates":[135.6654026,34.9661018]},"properties":{"z":94.4}},{"type":"Feature","geometry":{"type":"Point","coordinates":[135.6654574,34.9661018]},"properties":{"z":93.9}},{"type":"Feature","geometry":{"type":"Point","coordinates":[135.6655122,34.9661037]},"properties":{"z":93.9}},{"type":"Feature","geometry":{"type":"Point","coordinates":[135.665567,34.9661057]},"properties":{"z":93.5}},{"type":"Feature","geometry":{"type":"Point","coordinates":[135.6656218,34.9661052]},"properties":{"z":93.1}},{"type":"Feature","geometry":{"type":"Point","coordinates":[135.6656763,34.9661007]},"properties":{"z":93.1}},{"type":"Feature","geometry":{"type":"Point","coordinates":[135.6657309,34.9660958]},"properties":{"z":92.6}},{"type":"Feature","geometry":{"type":"Point","coordinates":[135.6657857,34.9660949]},"properties":{"z":92.6}},{"type":"Feature","geometry":{"type":"Point","coordinates":[135.6658405,34.9660965]},"properties":{"z":92.2}},{"type":"Feature","geometry":{"type":"Point","coordinates":[135.6658952,34.9660993]},"properties":{"z":91.8}},{"type":"Feature","geometry":{"type":"Point","coordinates":[135.66595,34.9661017]},"properties":{"z":91.8}},{"type":"Feature","geometry":{"type":"Point","coordinates":[135.6660048,34.9661027]},"properties":{"z":91.3}},{"type":"Feature","geometry":{"type":"Point","coordinates":[135.6660597,34.9661013]},"properties":{"z":90.9}},{"type":"Feature","geometry":{"type":"Point","coordinates":[135.6661145,34.9661017]},"properties":{"z":90.9}},{"type":"Feature","geometry":{"type":"Point","coordinates":[135.6661693,34.9661024]},"properties":{"z":90.5}},{"type":"Feature","geometry":{"type":"Point","coordinates":[135.6662242,34.9661021]},"properties":{"z":90.0}},{"type":"Feature","geometry":{"type":"Point","coordinates":[135.666279,34.9661022]},"properties":{"z":90.0}},{"type":"Feature","geometry":{"type":"Point","coordinates":[135.6663339,34.9661017]},"properties":{"z":89.8}},{"type":"Feature","geometry":{"type":"Point","coordinates":[135.6663887,34.9661007]},"properties":{"z":89.8}},{"type":"Feature","geometry":{"type":"Point","coordinates":[135.6664436,34.9661012]},"properties":{"z":89.6}},{"type":"Feature","geometry":{"type":"Point","coordinates":[135.6664984,34.9661022]},"properties":{"z":89.5}},{"type":"Feature","geometry":{"type":"Point","coordinates":[135.6665532,34.9661039]},"properties":{"z":89.5}},{"type":"Feature","geometry":{"type":"Point","coordinates":[135.666608,34.9661054]},"properties":{"z":89.2}},{"type":"Feature","geometry":{"type":"Point","coordinates":[135.6666628,34.9661081]},"properties":{"z":88.9}},{"type":"Feature","geometry":{"type":"Point","coordinates":[135.6667174,34.9661122]},"properties":{"z":88.9}},{"type":"Feature","geometry":{"type":"Point","coordinates":[135.6667713,34.9661205]},"properties":{"z":88.6}},{"type":"Feature","geometry":{"type":"Point","coordinates":[135.6668181,34.966136]},"properties":{"z":88.6}},{"type":"Feature","geometry":{"type":"Point","coordinates":[135.6668209,34.9661808]},"properties":{"z":88.5}},{"type":"Feature","geometry":{"type":"Point","coordinates":[135.6668243,34.9662257]},"properties":{"z":88.7}},{"type":"Feature","geometry":{"type":"Point","coordinates":[135.6668389,34.9662689]},"properties":{"z":88.7}},{"type":"Feature","geometry":{"type":"Point","coordinates":[135.6668643,34.9663084]},"properties":{"z":88.9}},{"type":"Feature","geometry":{"type":"Point","coordinates":[135.6668933,34.9663466]},"properties":{"z":88.9}},{"type":"Feature","geometry":{"type":"Point","coordinates":[135.6669254,34.966383]},"properties":{"z":88.6}},{"type":"Feature","geometry":{"type":"Point","coordinates":[135.6669526,34.9664196]},"properties":{"z":88.6}},{"type":"Feature","geometry":{"type":"Point","coordinates":[135.6670029,34.9664352]},"properties":{"z":88.0}},{"type":"Feature","geometry":{"type":"Point","coordinates":[135.6670551,34.966449]},"properties":{"z":88.0}},{"type":"Feature","geometry":{"type":"Point","coordinates":[135.6671058,34.9664659]},"properties":{"z":87.6}},{"type":"Feature","geometry":{"type":"Point","coordinates":[135.6671407,34.9664864]},"properties":{"z":87.6}},{"type":"Feature","geometry":{"type":"Point","coordinates":[135.6671477,34.966443]},"properties":{"z":87.6}},{"type":"Feature","geometry":{"type":"Point","coordinates":[135.6671566,34.9663998]},"properties":{"z":87.6}},{"type":"Feature","geometry":{"type":"Point","coordinates":[135.6671869,34.9663625]},"properties":{"z":87.0}},{"type":"Feature","geometry":{"type":"Point","coordinates":[135.667238,34.9663475]},"properties":{"z":87.0}},{"type":"Feature","geometry":{"type":"Point","coordinates":[135.6672927,34.9663473]},"properties":{"z":86.5}},{"type":"Feature","geometry":{"type":"Point","coordinates":[135.6673394,34.9663245]},"properties":{"z":86.2}},{"type":"Feature","geometry":{"type":"Point","coordinates":[135.6673925,34.9663139]},"properties":{"z":86.2}},{"type":"Feature","geometry":{"type":"Point","coordinates":[135.6674469,34.9663187]},"properties":{"z":85.8}},{"type":"Feature","geometry":{"type":"Point","coordinates":[135.6675015,34.9663196]},"properties":{"z":85.8}},{"type":"Feature","geometry":{"type":"Point","coordinates":[135.6675557,34.9663128]},"properties":{"z":85.5}},{"type":"Feature","geometry":{"type":"Point","coordinates":[135.6676102,34.9663081]},"properties":{"z":85.2}},{"type":"Feature","geometry":{"type":"Point","coordinates":[135.6676643,34.9663127]},"properties":{"z":85.2}},{"type":"Feature","geometry":{"type":"Point","coordinates":[135.6677188,34.9663175]},"properties":{"z":84.9}},{"type":"Feature","geometry":{"type":"Point","coordinates":[135.6677735,34.9663203]},"properties":{"z":84.7}},{"type":"Feature","geometry":{"type":"Point","coordinates":[135.6678283,34.9663203]},"properties":{"z":84.7}},{"type":"Feature","geometry":{"type":"Point","coordinates":[135.6678831,34.9663196]},"properties":{"z":84.6}},{"type":"Feature","geometry":{"type":"Point","coordinates":[135.6679376,34.9663152]},"properties":{"z":84.5}},{"type":"Feature","geometry":{"type":"Point","coordinates":[135.6679921,34.9663119]},"properties":{"z":84.5}},{"type":"Feature","geometry":{"type":"Point","coordinates":[135.6680469,34.9663116]},"properties":{"z":84.4}},{"type":"Feature","geometry":{"type":"Point","coordinates":[135.6681018,34.9663105]},"properties":{"z":84.4}},{"type":"Feature","geometry":{"type":"Point","coordinates":[135.6681566,34.9663096]},"properties":{"z":84.3}},{"type":"Feature","geometry":{"type":"Point","coordinates":[135.6682114,34.9663113]},"properties":{"z":84.2}},{"type":"Feature","geometry":{"type":"Point","coordinates":[135.6682662,34.966314]},"properties":{"z":84.2}},{"type":"Feature","geometry":{"type":"Point","coordinates":[135.6683209,34.9663117]},"properties":{"z":84.1}},{"type":"Feature","geometry":{"type":"Point","coordinates":[135.6683756,34.9663126]},"properties":{"z":84.0}},{"type":"Feature","geometry":{"type":"Point","coordinates":[135.6684304,34.9663146]},"properties":{"z":84.0}},{"type":"Feature","geometry":{"type":"Point","coordinates":[135.6684853,34.9663141]},"properties":{"z":83.9}},{"type":"Feature","geometry":{"type":"Point","coordinates":[135.6685399,34.966318]},"properties":{"z":83.8}},{"type":"Feature","geometry":{"type":"Point","coordinates":[135.6685945,34.966321]},"properties":{"z":83.8}},{"type":"Feature","geometry":{"type":"Point","coordinates":[135.6686494,34.9663217]},"properties":{"z":83.8}},{"type":"Feature","geometry":{"type":"Point","coordinates":[135.6687042,34.9663197]},"properties":{"z":83.8}},{"type":"Feature","geometry":{"type":"Point","coordinates":[135.668759,34.9663196]},"properties":{"z":83.7}},{"type":"Feature","geometry":{"type":"Point","coordinates":[135.6688138,34.9663207]},"properties":{"z":83.6}},{"type":"Feature","geometry":{"type":"Point","coordinates":[135.6688687,34.9663221]},"properties":{"z":83.6}},{"type":"Feature","geometry":{"type":"Point","coordinates":[135.6689234,34.9663204]},"properties":{"z":83.4}},{"type":"Feature","geometry":{"type":"Point","coordinates":[135.6689781,34.9663211]},"properties":{"z":83.2}},{"type":"Feature","geometry":{"type":"Point","coordinates":[135.6690327,34.9663246]},"properties":{"z":83.2}},{"type":"Feature","geometry":{"type":"Point","coordinates":[135.6690874,34.9663212]},"properties":{"z":82.8}},{"type":"Feature","geometry":{"type":"Point","coordinates":[135.669142,34.9663166]},"properties":{"z":82.4}},{"type":"Feature","geometry":{"type":"Point","coordinates":[135.6691965,34.9663132]},"properties":{"z":82.4}},{"type":"Feature","geometry":{"type":"Point","coordinates":[135.6692511,34.9663172]},"properties":{"z":81.8}},{"type":"Feature","geometry":{"type":"Point","coordinates":[135.6693056,34.9663129]},"properties":{"z":81.8}},{"type":"Feature","geometry":{"type":"Point","coordinates":[135.6693597,34.9663133]},"properties":{"z":81.1}},{"type":"Feature","geometry":{"type":"Point","coordinates":[135.6694132,34.9663232]},"properties":{"z":80.6}},{"type":"Feature","geometry":{"type":"Point","coordinates":[135.6694674,34.9663291]},"properties":{"z":80.6}},{"type":"Feature","geometry":{"type":"Point","coordinates":[135.6695221,34.9663326]},"properties":{"z":80.2}},{"type":"Feature","geometry":{"type":"Point","coordinates":[135.6695769,34.9663341]},"properties":{"z":79.8}},{"type":"Feature","geometry":{"type":"Point","coordinates":[135.6696317,34.9663345]},"properties":{"z":79.8}},{"type":"Feature","geometry":{"type":"Point","coordinates":[135.6696866,34.9663359]},"properties":{"z":79.7}},{"type":"Feature","geometry":{"type":"Point","coordinates":[135.6697414,34.9663376]},"properties":{"z":79.5}},{"type":"Feature","geometry":{"type":"Point","coordinates":[135.6697962,34.9663396]},"properties":{"z":79.5}},{"type":"Feature","geometry":{"type":"Point","coordinates":[135.669851,34.9663413]},"properties":{"z":79.4}},{"type":"Feature","geometry":{"type":"Point","coordinates":[135.6699058,34.9663426]},"properties":{"z":79.4}},{"type":"Feature","geometry":{"type":"Point","coordinates":[135.6699597,34.9663506]},"properties":{"z":79.1}},{"type":"Feature","geometry":{"type":"Point","coordinates":[135.6700102,34.9663655]},"properties":{"z":78.9}},{"type":"Feature","geometry":{"type":"Point","coordinates":[135.6700545,34.9663921]},"properties":{"z":79.2}},{"type":"Feature","geometry":{"type":"Point","coordinates":[135.6701021,34.9664142]},"properties":{"z":78.8}},{"type":"Feature","geometry":{"type":"Point","coordinates":[135.6701511,34.9664343]},"properties":{"z":78.8}},{"type":"Feature","geometry":{"type":"Point","coordinates":[135.6702048,34.9664259]},"properties":{"z":78.2}},{"type":"Feature","geometry":{"type":"Point","coordinates":[135.6702572,34.966414]},"properties":{"z":77.7}},{"type":"Feature","geometry":{"type":"Point","coordinates":[135.6703047,34.9663915]},"properties":{"z":77.7}},{"type":"Feature","geometry":{"type":"Point","coordinates":[135.6703567,34.9663798]},"properties":{"z":77.3}},{"type":"Feature","geometry":{"type":"Point","coordinates":[135.6704111,34.9663748]},"properties":{"z":77.3}},{"type":"Feature","geometry":{"type":"Point","coordinates":[135.670466,34.9663752]},"properties":{"z":76.9}},{"type":"Feature","geometry":{"type":"Point","coordinates":[135.6705208,34.966376]},"properties":{"z":76.7}},{"type":"Feature","geometry":{"type":"Point","coordinates":[135.6705757,34.966377]},"properties":{"z":76.7}},{"type":"Feature","geometry":{"type":"Point","coordinates":[135.6706305,34.9663755]},"properties":{"z":76.6}},{"type":"Feature","geometry":{"type":"Point","coordinates":[135.670685,34.9663719]},"properties":{"z":76.7}},{"type":"Feature","geometry":{"type":"Point","coordinates":[135.670739,34.9663641]},"properties":{"z":76.5}},{"type":"Feature","geometry":{"type":"Point","coordinates":[135.6707925,34.9663541]},"properties":{"z":76.1}},{"type":"Feature","geometry":{"type":"Point","coordinates":[135.6708452,34.9663419]},"properties":{"z":76.1}},{"type":"Feature","geometry":{"type":"Point","coordinates":[135.670898,34.9663297]},"properties":{"z":75.8}},{"type":"Feature","geometry":{"type":"Point","coordinates":[135.6709509,34.9663176]},"properties":{"z":75.4}},{"type":"Feature","geometry":{"type":"Point","coordinates":[135.6710034,34.9663047]},"properties":{"z":75.4}},{"type":"Feature","geometry":{"type":"Point","coordinates":[135.6710554,34.9662904]},"properties":{"z":74.9}},{"type":"Feature","geometry":{"type":"Point","coordinates":[135.6711076,34.9662766]},"properties":{"z":74.9}},{"type":"Feature","geometry":{"type":"Point","coordinates":[135.6711599,34.9662631]},"properties":{"z":74.6}},{"type":"Feature","geometry":{"type":"Point","coordinates":[135.6712135,34.9662534]},"properties":{"z":74.4}},{"type":"Feature","geometry":{"type":"Point","coordinates":[135.6712673,34.9662449]},"properties":{"z":74.4}},{"type":"Feature","geometry":{"type":"Point","coordinates":[135.6713216,34.9662387]},"properties":{"z":74.3}},{"type":"Feature","geometry":{"type":"Point","coordinates":[135.6713752,34.9662293]},"properties":{"z":74.3}},{"type":"Feature","geometry":{"type":"Point","coordinates":[135.671428,34.9662173]},"properties":{"z":74.4}},{"type":"Feature","geometry":{"type":"Point","coordinates":[135.6714819,34.966209]},"properties":{"z":74.4}},{"type":"Feature","geometry":{"type":"Point","coordinates":[135.6715355,34.9661994]},"properties":{"z":74.4}},{"type":"Feature","geometry":{"type":"Point","coordinates":[135.6715883,34.9661874]},"properties":{"z":74.1}},{"type":"Feature","geometry":{"type":"Point","coordinates":[135.6716407,34.9661741]},"properties":{"z":73.6}},{"type":"Feature","geometry":{"type":"Point","coordinates":[135.671693,34.9661605]},"properties":{"z":73.6}},{"type":"Feature","geometry":{"type":"Point","coordinates":[135.6717458,34.9661482]},"properties":{"z":73.0}},{"type":"Feature","geometry":{"type":"Point","coordinates":[135.6717981,34.9661348]},"properties":{"z":72.4}},{"type":"Feature","geometry":{"type":"Point","coordinates":[135.67185,34.9661202]},"properties":{"z":72.4}},{"type":"Feature","geometry":{"type":"Point","coordinates":[135.6719024,34.966107]},"properties":{"z":71.7}},{"type":"Feature","geometry":{"type":"Point","coordinates":[135.6719545,34.966093]},"properties":{"z":71.7}},{"type":"Feature","geometry":{"type":"Point","coordinates":[135.6720063,34.9660782]},"properties":{"z":71.2}},{"type":"Feature","geometry":{"type":"Point","coordinates":[135.6720574,34.9660619]},"properties":{"z":70.6}},{"type":"Feature","geometry":{"type":"Point","coordinates":[135.6721088,34.9660462]},"properties":{"z":70.6}},{"type":"Feature","geometry":{"type":"Point","coordinates":[135.6721604,34.9660309]},"properties":{"z":70.2}},{"type":"Feature","geometry":{"type":"Point","coordinates":[135.6722121,34.9660158]},"properties":{"z":70.2}},{"type":"Feature","geometry":{"type":"Point","coordinates":[135.6722642,34.9660018]},"properties":{"z":69.9}},{"type":"Feature","geometry":{"type":"Point","coordinates":[135.6723165,34.9659883]},"properties":{"z":69.9}},{"type":"Feature","geometry":{"type":"Point","coordinates":[135.6723691,34.9659755]},"properties":{"z":69.9}},{"type":"Feature","geometry":{"type":"Point","coordinates":[135.6724209,34.9659607]},"properties":{"z":70.0}},{"type":"Feature","geometry":{"type":"Point","coordinates":[135.6724721,34.9659447]},"properties":{"z":70.0}},{"type":"Feature","geometry":{"type":"Point","coordinates":[135.6725228,34.9659276]},"properties":{"z":69.8}},{"type":"Feature","geometry":{"type":"Point","coordinates":[135.6725743,34.9659121]},"properties":{"z":69.8}},{"type":"Feature","geometry":{"type":"Point","coordinates":[135.6726266,34.9658986]},"properties":{"z":69.8}},{"type":"Feature","geometry":{"type":"Point","coordinates":[135.672678,34.9658828]},"properties":{"z":69.9}},{"type":"Feature","geometry":{"type":"Point","coordinates":[135.6727298,34.9658683]},"properties":{"z":69.6}},{"type":"Feature","geometry":{"type":"Point","coordinates":[135.6727827,34.9658564]},"properties":{"z":69.7}},{"type":"Feature","geometry":{"type":"Point","coordinates":[135.6728347,34.9658422]},"properties":{"z":69.8}},{"type":"Feature","geometry":{"type":"Point","coordinates":[135.6728862,34.9658266]},"properties":{"z":69.8}},{"type":"Feature","geometry":{"type":"Point","coordinates":[135.672937,34.9658097]},"properties":{"z":70.0}},{"type":"Feature","geometry":{"type":"Point","coordinates":[135.6729879,34.965793]},"properties":{"z":69.3}},{"type":"Feature","geometry":{"type":"Point","coordinates":[135.6730389,34.9657765]},"properties":{"z":69.4}},{"type":"Feature","geometry":{"type":"Point","coordinates":[135.6730912,34.9657628]},"properties":{"z":69.6}},{"type":"Feature","geometry":{"type":"Point","coordinates":[135.6731435,34.9657494]},"properties":{"z":69.6}},{"type":"Feature","geometry":{"type":"Point","coordinates":[135.673196,34.9657363]},"properties":{"z":69.7}},{"type":"Feature","geometry":{"type":"Point","coordinates":[135.6732472,34.9657202]},"properties":{"z":69.2}},{"type":"Feature","geometry":{"type":"Point","coordinates":[135.6732978,34.9657029]},"properties":{"z":69.4}},{"type":"Feature","geometry":{"type":"Point","coordinates":[135.6733479,34.9656847]},"properties":{"z":69.6}},{"type":"Feature","geometry":{"type":"Point","coordinates":[135.6733982,34.9656667]},"properties":{"z":69.6}},{"type":"Feature","geometry":{"type":"Point","coordinates":[135.6734487,34.9656491]},"properties":{"z":68.9}},{"type":"Feature","geometry":{"type":"Point","coordinates":[135.6734987,34.9656307]},"properties":{"z":68.9}},{"type":"Feature","geometry":{"type":"Point","coordinates":[135.6735494,34.9656137]},"properties":{"z":69.3}},{"type":"Feature","geometry":{"type":"Point","coordinates":[135.6736017,34.9656001]},"properties":{"z":69.7}},{"type":"Feature","geometry":{"type":"Point","coordinates":[135.673653,34.9655842]},"properties":{"z":68.4}},{"type":"Feature","geometry":{"type":"Point","coordinates":[135.6737046,34.9655691]},"properties":{"z":68.9}},{"type":"Feature","geometry":{"type":"Point","coordinates":[135.6737575,34.9655571]},"properties":{"z":68.9}},{"type":"Feature","geometry":{"type":"Point","coordinates":[135.6738093,34.9655425]},"properties":{"z":69.2}},{"type":"Feature","geometry":{"type":"Point","coordinates":[135.6738605,34.9655264]},"properties":{"z":69.6}},{"type":"Feature","geometry":{"type":"Point","coordinates":[135.6739107,34.9655084]},"properties":{"z":68.8}},{"type":"Feature","geometry":{"type":"Point","coordinates":[135.6739611,34.9654905]},"properties":{"z":69.3}},{"type":"Feature","geometry":{"type":"Point","coordinates":[135.6740131,34.9654765]},"properties":{"z":69.3}},{"type":"Feature","geometry":{"type":"Point","coordinates":[135.674066,34.9654702]},"properties":{"z":69.6}},{"type":"Feature","geometry":{"type":"Point","coordinates":[135.6741189,34.9654819]},"properties":{"z":69.7}},{"type":"Feature","geometry":{"type":"Point","coordinates":[135.6741699,34.9654983]},"properties":{"z":69.7}},{"type":"Feature","geometry":{"type":"Point","coordinates":[135.6742208,34.9655118]},"properties":{"z":69.6}},{"type":"Feature","geometry":{"type":"Point","coordinates":[135.6742756,34.9655116]},"properties":{"z":69.6}},{"type":"Feature","geometry":{"type":"Point","coordinates":[135.6743297,34.9655054]},"properties":{"z":69.2}},{"type":"Feature","geometry":{"type":"Point","coordinates":[135.6743826,34.9654936]},"properties":{"z":68.4}},{"type":"Feature","geometry":{"type":"Point","coordinates":[135.6744357,34.9654824]},"properties":{"z":68.4}},{"type":"Feature","geometry":{"type":"Point","coordinates":[135.674477,34.9654538]},"properties":{"z":67.6}},{"type":"Feature","geometry":{"type":"Point","coordinates":[135.674509,34.9654174]},"properties":{"z":67.2}},{"type":"Feature","geometry":{"type":"Point","coordinates":[135.6745503,34.9653893]},"properties":{"z":66.7}},{"type":"Feature","geometry":{"type":"Point","coordinates":[135.6746006,34.9653714]},"properties":{"z":66.1}},{"type":"Feature","geometry":{"type":"Point","coordinates":[135.6746523,34.9653563]},"properties":{"z":65.6}},{"type":"Feature","geometry":{"type":"Point","coordinates":[135.6747051,34.9653442]},"properties":{"z":65.6}},{"type":"Feature","geometry":{"type":"Point","coordinates":[135.6747592,34.965337]},"properties":{"z":65.1}},{"type":"Feature","geometry":{"type":"Point","coordinates":[135.6748134,34.9653301]},"properties":{"z":64.6}},{"type":"Feature","geometry":{"type":"Point","coordinates":[135.6748676,34.9653231]},"properties":{"z":64.6}},{"type":"Feature","geometry":{"type":"Point","coordinates":[135.6749219,34.965317]},"properties":{"z":64.3}},{"type":"Feature","geometry":{"type":"Point","coordinates":[135.6749764,34.9653118]},"properties":{"z":63.9}},{"type":"Feature","geometry":{"type":"Point","coordinates":[135.6750309,34.9653069]},"properties":{"z":64.0}},{"type":"Feature","geometry":{"type":"Point","coordinates":[135.6750853,34.9653009]},"properties":{"z":63.6}},{"type":"Feature","geometry":{"type":"Point","coordinates":[135.6751399,34.9652991]},"properties":{"z":63.6}},{"type":"Feature","geometry":{"type":"Point","coordinates":[135.6751947,34.9653011]},"properties":{"z":63.4}},{"type":"Feature","geometry":{"type":"Point","coordinates":[135.6752495,34.9652994]},"properties":{"z":63.1}},{"type":"Feature","geometry":{"type":"Point","coordinates":[135.6753043,34.9652971]},"properties":{"z":63.1}},{"type":"Feature","geometry":{"type":"Point","coordinates":[135.675359,34.9652941]},"properties":{"z":63.2}},{"type":"Feature","geometry":{"type":"Point","coordinates":[135.6754135,34.9652893]},"properties":{"z":63.2}},{"type":"Feature","geometry":{"type":"Point","coordinates":[135.6754678,34.965283]},"properties":{"z":63.2}},{"type":"Feature","geometry":{"type":"Point","coordinates":[135.6755216,34.9652747]},"properties":{"z":63.1}},{"type":"Feature","geometry":{"type":"Point","coordinates":[135.6755745,34.9652626]},"properties":{"z":62.7}},{"type":"Feature","geometry":{"type":"Point","coordinates":[135.6756282,34.9652537]},"properties":{"z":62.7}},{"type":"Feature","geometry":{"type":"Point","coordinates":[135.6756813,34.9652427]},"properties":{"z":62.0}},{"type":"Feature","geometry":{"type":"Point","coordinates":[135.675734,34.9652308]},"properties":{"z":62.5}},{"type":"Feature","geometry":{"type":"Point","coordinates":[135.6757886,34.9652264]},"properties":{"z":61.8}},{"type":"Feature","geometry":{"type":"Point","coordinates":[135.6758433,34.9652229]},"properties":{"z":61.1}},{"type":"Feature","geometry":{"type":"Point","coordinates":[135.6758976,34.9652167]},"properties":{"z":61.1}},{"type":"Feature","geometry":{"type":"Point","coordinates":[135.6759516,34.9652092]},"properties":{"z":60.7}},{"type":"Feature","geometry":{"type":"Point","coordinates":[135.6760062,34.9652049]},"properties":{"z":61.0}},{"type":"Feature","geometry":{"type":"Point","coordinates":[135.6760609,34.9652014]},"properties":{"z":61.0}},{"type":"Feature","geometry":{"type":"Point","coordinates":[135.6761155,34.965197]},"properties":{"z":61.6}},{"type":"Feature","geometry":{"type":"Point","coordinates":[135.6761699,34.9651915]},"properties":{"z":61.6}},{"type":"Feature","geometry":{"type":"Point","coordinates":[135.6762242,34.9651851]},"properties":{"z":62.1}},{"type":"Feature","geometry":{"type":"Point","coordinates":[135.6762785,34.9651789]},"properties":{"z":62.6}},{"type":"Feature","geometry":{"type":"Point","coordinates":[135.6763328,34.9651725]},"properties":{"z":62.6}},{"type":"Feature","geometry":{"type":"Point","coordinates":[135.676387,34.9651657]},"properties":{"z":62.1}},{"type":"Feature","geometry":{"type":"Point","coordinates":[135.676441,34.9651576]},"properties":{"z":62.5}},{"type":"Feature","geometry":{"type":"Point","coordinates":[135.676495,34.96515]},"properties":{"z":62.5}},{"type":"Feature","geometry":{"type":"Point","coordinates":[135.6765496,34.9651453]},"properties":{"z":62.8}},{"type":"Feature","geometry":{"type":"Point","coordinates":[135.6766043,34.9651438]},"properties":{"z":62.9}},{"type":"Feature","geometry":{"type":"Point","coordinates":[135.6766583,34.9651479]},"properties":{"z":62.9}},{"type":"Feature","geometry":{"type":"Point","coordinates":[135.6767103,34.9651622]},"properties":{"z":62.7}},{"type":"Feature","geometry":{"type":"Point","coordinates":[135.6767577,34.9651846]},"properties":{"z":63.4}},{"type":"Feature","geometry":{"type":"Point","coordinates":[135.6768043,34.9652084]},"properties":{"z":63.1}},{"type":"Feature","geometry":{"type":"Point","coordinates":[135.6768534,34.9652284]},"properties":{"z":63.1}},{"type":"Feature","geometry":{"type":"Point","coordinates":[135.6769067,34.9652384]},"properties":{"z":62.8}},{"type":"Feature","geometry":{"type":"Point","coordinates":[135.6769579,34.9652544]},"properties":{"z":63.1}},{"type":"Feature","geometry":{"type":"Point","coordinates":[135.6770081,34.9652724]},"properties":{"z":63.1}},{"type":"Feature","geometry":{"type":"Point","coordinates":[135.677058,34.9652911]},"properties":{"z":63.1}},{"type":"Feature","geometry":{"type":"Point","coordinates":[135.6770988,34.965314]},"properties":{"z":63.4}},{"type":"Feature","geometry":{"type":"Point","coordinates":[135.6770799,34.9653562]},"properties":{"z":63.4}},{"type":"Feature","geometry":{"type":"Point","coordinates":[135.6770644,34.9653993]},"properties":{"z":63.7}},{"type":"Feature","geometry":{"type":"Point","coordinates":[135.677043,34.9654406]},"properties":{"z":63.7}},{"type":"Feature","geometry":{"type":"Point","coordinates":[135.677021,34.9654818]},"properties":{"z":63.7}},{"type":"Feature","geometry":{"type":"Point","coordinates":[135.6770027,34.9655242]},"properties":{"z":64.0}},{"type":"Feature","geometry":{"type":"Point","coordinates":[135.6769839,34.9655664]},"properties":{"z":64.0}},{"type":"Feature","geometry":{"type":"Point","coordinates":[135.6769648,34.9656085]},"properties":{"z":64.2}},{"type":"Feature","geometry":{"type":"Point","coordinates":[135.6769492,34.9656516]},"properties":{"z":64.2}},{"type":"Feature","geometry":{"type":"Point","coordinates":[135.6769334,34.9656947]},"properties":{"z":64.3}},{"type":"Feature","geometry":{"type":"Point","coordinates":[135.6769157,34.9657372]},"properties":{"z":64.5}},{"type":"Feature","geometry":{"type":"Point","coordinates":[135.6768969,34.9657794]},"properties":{"z":64.5}},{"type":"Feature","geometry":{"type":"Point","coordinates":[135.6768774,34.9658214]},"properties":{"z":64.6}},{"type":"Feature","geometry":{"type":"Point","coordinates":[135.6768552,34.9658626]},"properties":{"z":64.5}},{"type":"Feature","geometry":{"type":"Point","coordinates":[135.6768329,34.9659036]},"properties":{"z":64.7}},{"type":"Feature","geometry":{"type":"Point","coordinates":[135.6768101,34.9659445]},"properties":{"z":64.9}},{"type":"Feature","geometry":{"type":"Point","coordinates":[135.6767855,34.9659846]},"properties":{"z":64.9}},{"type":"Feature","geometry":{"type":"Point","coordinates":[135.6767592,34.9660241]},"properties":{"z":65.1}},{"type":"Feature","geometry":{"type":"Point","coordinates":[135.6767367,34.9660651]},"properties":{"z":65.1}},{"type":"Feature","geometry":{"type":"Point","coordinates":[135.6767165,34.9661068]},"properties":{"z":65.3}},{"type":"Feature","geometry":{"type":"Point","coordinates":[135.676702,34.9661501]},"properties":{"z":65.3}},{"type":"Feature","geometry":{"type":"Point","coordinates":[135.6766869,34.9661933]},"properties":{"z":65.5}},{"type":"Feature","geometry":{"type":"Point","coordinates":[135.6766704,34.9662361]},"properties":{"z":65.7}},{"type":"Feature","geometry":{"type":"Point","coordinates":[135.6766449,34.9662759]},"properties":{"z":65.7}},{"type":"Feature","geometry":{"type":"Point","coordinates":[135.6766236,34.9663172]},"properties":{"z":65.9}},{"type":"Feature","geometry":{"type":"Point","coordinates":[135.676606,34.9663598]},"properties":{"z":65.9}},{"type":"Feature","geometry":{"type":"Point","coordinates":[135.676585,34.9664013]},"properties":{"z":66.2}},{"type":"Feature","geometry":{"type":"Point","coordinates":[135.6765639,34.9664428]},"properties":{"z":66.4}},{"type":"Feature","geometry":{"type":"Point","coordinates":[135.676543,34.9664843]},"properties":{"z":66.4}},{"type":"Feature","geometry":{"type":"Point","coordinates":[135.6765216,34.9665257]},"properties":{"z":66.6}},{"type":"Feature","geometry":{"type":"Point","coordinates":[135.6764999,34.966567]},"properties":{"z":66.7}},{"type":"Feature","geometry":{"type":"Point","coordinates":[135.676476,34.9666075]},"properties":{"z":66.9}},{"type":"Feature","geometry":{"type":"Point","coordinates":[135.6764529,34.9666482]},"properties":{"z":67.0}},{"type":"Feature","geometry":{"type":"Point","coordinates":[135.6764328,34.96669]},"properties":{"z":67.0}},{"type":"Feature","geometry":{"type":"Point","coordinates":[135.676414,34.9667323]},"properties":{"z":67.3}},{"type":"Feature","geometry":{"type":"Point","coordinates":[135.6763963,34.9667748]},"properties":{"z":67.3}},{"type":"Feature","geometry":{"type":"Point","coordinates":[135.67638,34.9668177]},"properties":{"z":67.5}},{"type":"Feature","geometry":{"type":"Point","coordinates":[135.6763613,34.9668599]},"properties":{"z":67.6}},{"type":"Feature","geometry":{"type":"Point","coordinates":[135.6763391,34.966901]},"properties":{"z":67.6}},{"type":"Feature","geometry":{"type":"Point","coordinates":[135.6763197,34.9669431]},"properties":{"z":67.6}},{"type":"Feature","geometry":{"type":"Point","coordinates":[135.6762997,34.9669849]},"properties":{"z":67.6}},{"type":"Feature","geometry":{"type":"Point","coordinates":[135.6762756,34.9670252]},"properties":{"z":67.7}},{"type":"Feature","geometry":{"type":"Point","coordinates":[135.6762541,34.9670666]},"properties":{"z":67.5}},{"type":"Feature","geometry":{"type":"Point","coordinates":[135.6762348,34.9671086]},"properties":{"z":67.5}},{"type":"Feature","geometry":{"type":"Point","coordinates":[135.6762169,34.9671511]},"properties":{"z":67.6}},{"type":"Feature","geometry":{"type":"Point","coordinates":[135.676199,34.9671936]},"properties":{"z":67.6}},{"type":"Feature","geometry":{"type":"Point","coordinates":[135.676181,34.9672361]},"properties":{"z":67.7}},{"type":"Feature","geometry":{"type":"Point","coordinates":[135.6761683,34.9672798]},"properties":{"z":67.6}},{"type":"Feature","geometry":{"type":"Point","coordinates":[135.6761577,34.9673238]},"properties":{"z":67.6}},{"type":"Feature","geometry":{"type":"Point","coordinates":[135.6761499,34.9673683]},"properties":{"z":67.7}},{"type":"Feature","geometry":{"type":"Point","coordinates":[135.6761356,34.9674117]},"properties":{"z":67.7}},{"type":"Feature","geometry":{"type":"Point","coordinates":[135.6761187,34.9674544]},"properties":{"z":67.8}},{"type":"Feature","geometry":{"type":"Point","coordinates":[135.6760976,34.9674959]},"properties":{"z":67.9}},{"type":"Feature","geometry":{"type":"Point","coordinates":[135.6760726,34.9675358]},"properties":{"z":67.7}},{"type":"Feature","geometry":{"type":"Point","coordinates":[135.6760451,34.9675747]},"properties":{"z":67.8}},{"type":"Feature","geometry":{"type":"Point","coordinates":[135.6760174,34.9676135]},"properties":{"z":67.8}},{"type":"Feature","geometry":{"type":"Point","coordinates":[135.6759901,34.9676525]},"properties":{"z":67.6}},{"type":"Feature","geometry":{"type":"Point","coordinates":[135.6759725,34.967695]},"properties":{"z":67.6}},{"type":"Feature","geometry":{"type":"Point","coordinates":[135.675955,34.9677376]},"properties":{"z":67.7}},{"type":"Feature","geometry":{"type":"Point","coordinates":[135.6759377,34.9677803]},"properties":{"z":67.8}},{"type":"Feature","geometry":{"type":"Point","coordinates":[135.6759215,34.9678232]},"properties":{"z":67.8}},{"type":"Feature","geometry":{"type":"Point","coordinates":[135.675906,34.9678663]},"properties":{"z":67.7}},{"type":"Feature","geometry":{"type":"Point","coordinates":[135.6758919,34.9679098]},"properties":{"z":67.7}},{"type":"Feature","geometry":{"type":"Point","coordinates":[135.6758778,34.9679532]},"properties":{"z":67.8}},{"type":"Feature","geometry":{"type":"Point","coordinates":[135.6758635,34.9679966]},"properties":{"z":67.8}},{"type":"Feature","geometry":{"type":"Point","coordinates":[135.6758493,34.96804]},"properties":{"z":67.8}},{"type":"Feature","geometry":{"type":"Point","coordinates":[135.6758357,34.9680836]},"properties":{"z":67.9}},{"type":"Feature","geometry":{"type":"Point","coordinates":[135.6758234,34.9681274]},"properties":{"z":67.8}},{"type":"Feature","geometry":{"type":"Point","coordinates":[135.675809,34.9681708]},"properties":{"z":67.8}},{"type":"Feature","geometry":{"type":"Point","coordinates":[135.6757952,34.9682142]},"properties":{"z":67.9}},{"type":"Feature","geometry":{"type":"Point","coordinates":[135.6757843,34.9682583]},"properties":{"z":67.9}},{"type":"Feature","geometry":{"type":"Point","coordinates":[135.675776,34.9683027]},"properties":{"z":67.9}},{"type":"Feature","geometry":{"type":"Point","coordinates":[135.6757635,34.9683455]},"properties":{"z":68.0}},{"type":"Feature","geometry":{"type":"Point","coordinates":[135.6757428,34.9683866]},"properties":{"z":67.8}},{"type":"Feature","geometry":{"type":"Point","coordinates":[135.675737,34.9684305]},"properties":{"z":67.9}},{"type":"Feature","geometry":{"type":"Point","coordinates":[135.6757377,34.9684754]},"properties":{"z":67.9}},{"type":"Feature","geometry":{"type":"Point","coordinates":[135.6757325,34.9685201]},"properties":{"z":67.9}},{"type":"Feature","geometry":{"type":"Point","coordinates":[135.6757255,34.9685647]},"properties":{"z":68.1}},{"type":"Feature","geometry":{"type":"Point","coordinates":[135.675714,34.9686086]},"properties":{"z":68.1}},{"type":"Feature","geometry":{"type":"Point","coordinates":[135.6757056,34.9686529]},"properties":{"z":68.2}},{"type":"Feature","geometry":{"type":"Point","coordinates":[135.6757048,34.9686978]},"properties":{"z":68.4}},{"type":"Feature","geometry":{"type":"Point","coordinates":[135.6757013,34.9687426]},"properties":{"z":68.4}},{"type":"Feature","geometry":{"type":"Point","coordinates":[135.6756981,34.9687875]},"properties":{"z":68.5}},{"type":"Feature","geometry":{"type":"Point","coordinates":[135.6756977,34.9688324]},"properties":{"z":68.6}},{"type":"Feature","geometry":{"type":"Point","coordinates":[135.6756927,34.9688771]},"properties":{"z":68.6}},{"type":"Feature","geometry":{"type":"Point","coordinates":[135.6756897,34.9689219]},"properties":{"z":68.7}},{"type":"Feature","geometry":{"type":"Point","coordinates":[135.6756883,34.9689668]},"properties":{"z":68.7}},{"type":"Feature","geometry":{"type":"Point","coordinates":[135.6756874,34.9690118]},"properties":{"z":68.7}},{"type":"Feature","geometry":{"type":"Point","coordinates":[135.6756885,34.9690567]},"properties":{"z":68.6}},{"type":"Feature","geometry":{"type":"Point","coordinates":[135.6756849,34.9691016]},"properties":{"z":68.6}},{"type":"Feature","geometry":{"type":"Point","coordinates":[135.6756817,34.9691465]},"properties":{"z":68.6}},{"type":"Feature","geometry":{"type":"Point","coordinates":[135.6756839,34.9691914]},"properties":{"z":68.7}},{"type":"Feature","geometry":{"type":"Point","coordinates":[135.6756879,34.9692362]},"properties":{"z":68.7}},{"type":"Feature","geometry":{"type":"Point","coordinates":[135.6756926,34.969281]},"properties":{"z":68.9}},{"type":"Feature","geometry":{"type":"Point","coordinates":[135.6756953,34.9693259]},"properties":{"z":69.2}},{"type":"Feature","geometry":{"type":"Point","coordinates":[135.6756972,34.9693708]},"properties":{"z":69.2}},{"type":"Feature","geometry":{"type":"Point","coordinates":[135.6757001,34.9694157]},"properties":{"z":69.4}},{"type":"Feature","geometry":{"type":"Point","coordinates":[135.6757027,34.9694606]},"properties":{"z":69.4}},{"type":"Feature","geometry":{"type":"Point","coordinates":[135.6757045,34.9695054]},"properties":{"z":69.6}},{"type":"Feature","geometry":{"type":"Point","coordinates":[135.6757116,34.96955]},"properties":{"z":69.7}},{"type":"Feature","geometry":{"type":"Point","coordinates":[135.6757171,34.9695945]},"properties":{"z":69.7}},{"type":"Feature","geometry":{"type":"Point","coordinates":[135.6757163,34.9696394]},"properties":{"z":69.8}},{"type":"Feature","geometry":{"type":"Point","coordinates":[135.6757207,34.9696842]},"properties":{"z":69.8}},{"type":"Feature","geometry":{"type":"Point","coordinates":[135.6757236,34.969729]},"properties":{"z":69.8}},{"type":"Feature","geometry":{"type":"Point","coordinates":[135.6757248,34.9697739]},"properties":{"z":69.9}},{"type":"Feature","geometry":{"type":"Point","coordinates":[135.6757322,34.9698184]},"properties":{"z":69.9}},{"type":"Feature","geometry":{"type":"Point","coordinates":[135.6757379,34.969863]},"properties":{"z":69.9}},{"type":"Feature","geometry":{"type":"Point","coordinates":[135.6757429,34.9699078]},"properties":{"z":70.3}},{"type":"Feature","geometry":{"type":"Point","coordinates":[135.6757524,34.9699521]},"properties":{"z":70.6}},{"type":"Feature","geometry":{"type":"Point","coordinates":[135.6757547,34.9699969]},"properties":{"z":71.0}},{"type":"Feature","geometry":{"type":"Point","coordinates":[135.6757608,34.9700416]},"properties":{"z":71.6}},{"type":"Feature","geometry":{"type":"Point","coordinates":[135.6757628,34.9700865]},"properties":{"z":71.6}},{"type":"Feature","geometry":{"type":"Point","coordinates":[135.6757646,34.9701313]},"properties":{"z":72.1}},{"type":"Feature","geometry":{"type":"Point","coordinates":[135.67577,34.9701761]},"properties":{"z":72.4}},{"type":"Feature","geometry":{"type":"Point","coordinates":[135.6757735,34.9702209]},"properties":{"z":72.4}},{"type":"Feature","geometry":{"type":"Point","coordinates":[135.6757763,34.9702656]},"properties":{"z":72.5}},{"type":"Feature","geometry":{"type":"Point","coordinates":[135.6757795,34.9703104]},"properties":{"z":72.3}},{"type":"Feature","geometry":{"type":"Point","coordinates":[135.6758003,34.9703513]},"properties":{"z":72.3}},{"type":"Feature","geometry":{"type":"Point","coordinates":[135.6758242,34.9703917]},"properties":{"z":72.2}},{"type":"Feature","geometry":{"type":"Point","coordinates":[135.6758289,34.9704339]},"properties":{"z":72.2}},{"type":"Feature","geometry":{"type":"Point","coordinates":[135.6758065,34.9704749]},"properties":{"z":72.0}},{"type":"Feature","geometry":{"type":"Point","coordinates":[135.6758082,34.9705186]},"properties":{"z":72.0}},{"type":"Feature","geometry":{"type":"Point","coordinates":[135.675818,34.9705627]},"properties":{"z":72.0}},{"type":"Feature","geometry":{"type":"Point","coordinates":[135.6758317,34.9706062]},"properties":{"z":72.3}},{"type":"Feature","geometry":{"type":"Point","coordinates":[135.6758473,34.9706493]},"properties":{"z":72.3}},{"type":"Feature","geometry":{"type":"Point","coordinates":[135.6758799,34.970685]},"properties":{"z":72.4}},{"type":"Feature","geometry":{"type":"Point","coordinates":[135.6759191,34.9707164]},"properties":{"z":72.7}},{"type":"Feature","geometry":{"type":"Point","coordinates":[135.6759674,34.9707354]},"properties":{"z":72.8}},{"type":"Feature","geometry":{"type":"Point","coordinates":[135.6760214,34.9707372]},"properties":{"z":73.1}},{"type":"Feature","geometry":{"type":"Point","coordinates":[135.676076,34.9707337]},"properties":{"z":73.1}},{"type":"Feature","geometry":{"type":"Point","coordinates":[135.6761307,34.9707301]},"properties":{"z":73.4}},{"type":"Feature","geometry":{"type":"Point","coordinates":[135.6761851,34.9707245]},"properties":{"z":73.8}},{"type":"Feature","geometry":{"type":"Point","coordinates":[135.6762394,34.9707178]},"properties":{"z":73.8}},{"type":"Feature","geometry":{"type":"Point","coordinates":[135.6762937,34.9707114]},"properties":{"z":74.2}},{"type":"Feature","geometry":{"type":"Point","coordinates":[135.676348,34.9707051]},"properties":{"z":74.7}},{"type":"Feature","geometry":{"type":"Point","coordinates":[135.6764022,34.9706983]},"properties":{"z":74.7}},{"type":"Feature","geometry":{"type":"Point","coordinates":[135.6764568,34.9706936]},"properties":{"z":75.2}},{"type":"Feature","geometry":{"type":"Point","coordinates":[135.6765111,34.9706877]},"properties":{"z":75.2}},{"type":"Feature","geometry":{"type":"Point","coordinates":[135.6765648,34.9706789]},"properties":{"z":75.6}},{"type":"Feature","geometry":{"type":"Point","coordinates":[135.6766181,34.9706683]},"properties":{"z":76.1}},{"type":"Feature","geometry":{"type":"Point","coordinates":[135.6766719,34.9706594]},"properties":{"z":76.1}},{"type":"Feature","geometry":{"type":"Point","coordinates":[135.6767256,34.9706505]},"properties":{"z":76.7}},{"type":"Feature","geometry":{"type":"Point","coordinates":[135.676779,34.9706402]},"properties":{"z":77.2}},{"type":"Feature","geometry":{"type":"Point","coordinates":[135.6768328,34.9706313]},"properties":{"z":77.2}},{"type":"Feature","geometry":{"type":"Point","coordinates":[135.6768875,34.9706277]},"properties":{"z":77.7}},{"type":"Feature","geometry":{"type":"Point","coordinates":[135.6769422,34.9706248]},"properties":{"z":77.7}},{"type":"Feature","geometry":{"type":"Point","coordinates":[135.676997,34.9706257]},"properties":{"z":78.1}},{"type":"Feature","geometry":{"type":"Point","coordinates":[135.6770515,34.9706209]},"properties":{"z":78.6}},{"type":"Feature","geometry":{"type":"Point","coordinates":[135.6771056,34.9706135]},"properties":{"z":78.6}},{"type":"Feature","geometry":{"type":"Point","coordinates":[135.6771594,34.9706051]},"properties":{"z":79.1}},{"type":"Feature","geometry":{"type":"Point","coordinates":[135.6772136,34.9705981]},"properties":{"z":79.5}},{"type":"Feature","geometry":{"type":"Point","coordinates":[135.6772682,34.9705988]},"properties":{"z":79.5}},{"type":"Feature","geometry":{"type":"Point","coordinates":[135.6773224,34.9705917]},"properties":{"z":79.9}},{"type":"Feature","geometry":{"type":"Point","coordinates":[135.6773763,34.9705834]},"properties":{"z":79.7}},{"type":"Feature","geometry":{"type":"Point","coordinates":[135.6774307,34.9705777]},"properties":{"z":79.7}},{"type":"Feature","geometry":{"type":"Point","coordinates":[135.6774854,34.9705767]},"properties":{"z":79.9}},{"type":"Feature","geometry":{"type":"Point","coordinates":[135.67754,34.9705759]},"properties":{"z":79.9}},{"type":"Feature","geometry":{"type":"Point","coordinates":[135.6775947,34.9705732]},"properties":{"z":80.0}},{"type":"Feature","geometry":{"type":"Point","coordinates":[135.6776496,34.9705724]},"properties":{"z":80.0}},{"type":"Feature","geometry":{"type":"Point","coordinates":[135.6777043,34.97057]},"properties":{"z":80.0}},{"type":"Feature","geometry":{"type":"Point","coordinates":[135.677759,34.9705668]},"properties":{"z":80.1}},{"type":"Feature","geometry":{"type":"Point","coordinates":[135.6778139,34.9705658]},"properties":{"z":80.2}},{"type":"Feature","geometry":{"type":"Point","coordinates":[135.6778687,34.9705649]},"properties":{"z":80.2}},{"type":"Feature","geometry":{"type":"Point","coordinates":[135.6779223,34.9705558]},"properties":{"z":80.1}},{"type":"Feature","geometry":{"type":"Point","coordinates":[135.6779762,34.9705498]},"properties":{"z":80.1}},{"type":"Feature","geometry":{"type":"Point","coordinates":[135.6780308,34.9705475]},"properties":{"z":79.9}},{"type":"Feature","geometry":{"type":"Point","coordinates":[135.6780849,34.9705397]},"properties":{"z":79.5}},{"type":"Feature","geometry":{"type":"Point","coordinates":[135.6781385,34.9705302]},"properties":{"z":79.5}},{"type":"Feature","geometry":{"type":"Point","coordinates":[135.6781921,34.9705207]},"properties":{"z":79.1}},{"type":"Feature","geometry":{"type":"Point","coordinates":[135.6782461,34.9705128]},"properties":{"z":78.6}},{"type":"Feature","geometry":{"type":"Point","coordinates":[135.6783005,34.9705073]},"properties":{"z":78.6}},{"type":"Feature","geometry":{"type":"Point","coordinates":[135.6783551,34.9705088]},"properties":{"z":79.2}},{"type":"Feature","geometry":{"type":"Point","coordinates":[135.6784098,34.97051]},"properties":{"z":79.9}},{"type":"Feature","geometry":{"type":"Point","coordinates":[135.6784645,34.9705076]},"properties":{"z":79.9}},{"type":"Feature","geometry":{"type":"Point","coordinates":[135.678519,34.9705027]},"properties":{"z":80.6}},{"type":"Feature","geometry":{"type":"Point","coordinates":[135.6785736,34.9704983]},"properties":{"z":80.6}},{"type":"Feature","geometry":{"type":"Point","coordinates":[135.6786284,34.9704953]},"properties":{"z":81.3}},{"type":"Feature","geometry":{"type":"Point","coordinates":[135.678683,34.9704915]},"properties":{"z":82.0}},{"type":"Feature","geometry":{"type":"Point","coordinates":[135.6787377,34.970488]},"properties":{"z":82.0}},{"type":"Feature","geometry":{"type":"Point","coordinates":[135.6787925,34.9704856]},"properties":{"z":82.6}},{"type":"Feature","geometry":{"type":"Point","coordinates":[135.6788472,34.9704822]},"properties":{"z":83.2}},{"type":"Feature","geometry":{"type":"Point","coordinates":[135.6789018,34.9704827]},"properties":{"z":83.2}},{"type":"Feature","geometry":{"type":"Point","coordinates":[135.6789566,34.9704852]},"properties":{"z":83.6}},{"type":"Feature","geometry":{"type":"Point","coordinates":[135.6790112,34.9704823]},"properties":{"z":83.8}},{"type":"Feature","geometry":{"type":"Point","coordinates":[135.6790658,34.9704789]},"properties":{"z":83.8}},{"type":"Feature","geometry":{"type":"Point","coordinates":[135.6791206,34.9704777]},"properties":{"z":83.9}},{"type":"Feature","geometry":{"type":"Point","coordinates":[135.6791755,34.970478]},"properties":{"z":83.9}},{"type":"Feature","geometry":{"type":"Point","coordinates":[135.6792304,34.9704788]},"properties":{"z":84.0}},{"type":"Feature","geometry":{"type":"Point","coordinates":[135.6792852,34.9704799]},"properties":{"z":84.0}},{"type":"Feature","geometry":{"type":"Point","coordinates":[135.67934,34.9704823]},"properties":{"z":84.0}},{"type":"Feature","geometry":{"type":"Point","coordinates":[135.6793948,34.9704844]},"properties":{"z":83.9}},{"type":"Feature","geometry":{"type":"Point","coordinates":[135.6794495,34.9704871]},"properties":{"z":83.6}},{"type":"Feature","geometry":{"type":"Point","coordinates":[135.679504,34.9704921]},"properties":{"z":83.6}},{"type":"Feature","geometry":{"type":"Point","coordinates":[135.6795585,34.9704972]},"properties":{"z":83.0}},{"type":"Feature","geometry":{"type":"Point","coordinates":[135.6796127,34.9705036]},"properties":{"z":82.4}},{"type":"Feature","geometry":{"type":"Point","coordinates":[135.6796664,34.9705122]},"properties":{"z":82.4}},{"type":"Feature","geometry":{"type":"Point","coordinates":[135.6797211,34.9705159]},"properties":{"z":82.1}},{"type":"Feature","geometry":{"type":"Point","coordinates":[135.6797753,34.9705219]},"properties":{"z":82.1}},{"type":"Feature","geometry":{"type":"Point","coordinates":[135.6798263,34.9705385]},"properties":{"z":81.5}},{"type":"Feature","geometry":{"type":"Point","coordinates":[135.6798801,34.9705471]},"properties":{"z":81.0}},{"type":"Feature","geometry":{"type":"Point","coordinates":[135.6799333,34.9705579]},"properties":{"z":81.0}},{"type":"Feature","geometry":{"type":"Point","coordinates":[135.679986,34.9705704]},"properties":{"z":80.6}},{"type":"Feature","geometry":{"type":"Point","coordinates":[135.6800383,34.9705838]},"properties":{"z":80.2}},{"type":"Feature","geometry":{"type":"Point","coordinates":[135.6800909,34.9705966]},"properties":{"z":80.7}},{"type":"Feature","geometry":{"type":"Point","coordinates":[135.6801438,34.9706085]},"properties":{"z":80.2}},{"type":"Feature","geometry":{"type":"Point","coordinates":[135.6801968,34.9706202]},"properties":{"z":80.2}},{"type":"Feature","geometry":{"type":"Point","coordinates":[135.6802496,34.9706324]},"properties":{"z":79.8}},{"type":"Feature","geometry":{"type":"Point","coordinates":[135.6802984,34.9706529]},"properties":{"z":79.5}},{"type":"Feature","geometry":{"type":"Point","coordinates":[135.6803492,34.9706695]},"properties":{"z":80.3}},{"type":"Feature","geometry":{"type":"Point","coordinates":[135.680401,34.9706843]},"properties":{"z":79.7}},{"type":"Feature","geometry":{"type":"Point","coordinates":[135.6804516,34.9707016]},"properties":{"z":79.7}},{"type":"Feature","geometry":{"type":"Point","coordinates":[135.6805018,34.9707196]},"properties":{"z":79.0}},{"type":"Feature","geometry":{"type":"Point","coordinates":[135.6805526,34.9707365]},"properties":{"z":79.3}},{"type":"Feature","geometry":{"type":"Point","coordinates":[135.6806044,34.9707514]},"properties":{"z":79.3}},{"type":"Feature","geometry":{"type":"Point","coordinates":[135.6806557,34.9707673]},"properties":{"z":78.5}},{"type":"Feature","geometry":{"type":"Point","coordinates":[135.6807067,34.9707838]},"properties":{"z":78.5}},{"type":"Feature","geometry":{"type":"Point","coordinates":[135.6807572,34.9708013]},"properties":{"z":78.7}},{"type":"Feature","geometry":{"type":"Point","coordinates":[135.6808064,34.9708212]},"properties":{"z":78.7}},{"type":"Feature","geometry":{"type":"Point","coordinates":[135.6808551,34.9708418]},"properties":{"z":77.8}},{"type":"Feature","geometry":{"type":"Point","coordinates":[135.6809036,34.9708629]},"properties":{"z":76.7}},{"type":"Feature","geometry":{"type":"Point","coordinates":[135.6809518,34.9708844]},"properties":{"z":76.8}},{"type":"Feature","geometry":{"type":"Point","coordinates":[135.6809993,34.9709068]},"properties":{"z":75.7}},{"type":"Feature","geometry":{"type":"Point","coordinates":[135.6810456,34.970931]},"properties":{"z":75.7}},{"type":"Feature","geometry":{"type":"Point","coordinates":[135.6810922,34.9709546]},"properties":{"z":74.9}},{"type":"Feature","geometry":{"type":"Point","coordinates":[135.6811387,34.9709785]},"properties":{"z":74.9}},{"type":"Feature","geometry":{"type":"Point","coordinates":[135.6811841,34.9710037]},"properties":{"z":74.0}},{"type":"Feature","geometry":{"type":"Point","coordinates":[135.681231,34.971027]},"properties":{"z":74.4}},{"type":"Feature","geometry":{"type":"Point","coordinates":[135.6812778,34.9710504]},"properties":{"z":73.7}},{"type":"Feature","geometry":{"type":"Point","coordinates":[135.6813236,34.9710751]},"properties":{"z":73.7}},{"type":"Feature","geometry":{"type":"Point","coordinates":[135.6813706,34.9710984]},"properties":{"z":73.8}},{"type":"Feature","geometry":{"type":"Point","coordinates":[135.6814178,34.9711212]},"properties":{"z":73.1}},{"type":"Feature","geometry":{"type":"Point","coordinates":[135.6814649,34.9711442]},"properties":{"z":73.1}},{"type":"Feature","geometry":{"type":"Point","coordinates":[135.6815086,34.9711713]},"properties":{"z":73.0}},{"type":"Feature","geometry":{"type":"Point","coordinates":[135.6815509,34.9711998]},"properties":{"z":73.0}},{"type":"Feature","geometry":{"type":"Point","coordinates":[135.6815975,34.9712235]},"properties":{"z":72.1}},{"type":"Feature","geometry":{"type":"Point","coordinates":[135.6816441,34.9712473]},"properties":{"z":72.1}},{"type":"Feature","geometry":{"type":"Point","coordinates":[135.6816905,34.9712713]},"properties":{"z":71.3}},{"type":"Feature","geometry":{"type":"Point","coordinates":[135.6817372,34.9712948]},"properties":{"z":71.1}},{"type":"Feature","geometry":{"type":"Point","coordinates":[135.6817839,34.9713184]},"properties":{"z":70.2}},{"type":"Feature","geometry":{"type":"Point","coordinates":[135.6818299,34.9713428]},"properties":{"z":70.2}},{"type":"Feature","geometry":{"type":"Point","coordinates":[135.6818732,34.9713702]},"properties":{"z":69.7}},{"type":"Feature","geometry":{"type":"Point","coordinates":[135.6819139,34.9714004]},"properties":{"z":69.7}},{"type":"Feature","geometry":{"type":"Point","coordinates":[135.6819575,34.9714277]},"properties":{"z":69.3}},{"type":"Feature","geometry":{"type":"Point","coordinates":[135.6820006,34.9714554]},"properties":{"z":69.7}},{"type":"Feature","geometry":{"type":"Point","coordinates":[135.6820434,34.9714836]},"properties":{"z":69.3}},{"type":"Feature","geometry":{"type":"Point","coordinates":[135.6820864,34.9715115]},"properties":{"z":69.7}},{"type":"Feature","geometry":{"type":"Point","coordinates":[135.6821298,34.971539]},"properties":{"z":69.2}},{"type":"Feature","geometry":{"type":"Point","coordinates":[135.6821738,34.9715658]},"properties":{"z":69.2}},{"type":"Feature","geometry":{"type":"Point","coordinates":[135.6822177,34.9715928]},"properties":{"z":68.9}},{"type":"Feature","geometry":{"type":"Point","coordinates":[135.682261,34.9716203]},"properties":{"z":68.9}},{"type":"Feature","geometry":{"type":"Point","coordinates":[135.6823027,34.9716495]},"properties":{"z":68.5}},{"type":"Feature","geometry":{"type":"Point","coordinates":[135.6823494,34.9716728]},"properties":{"z":68.5}},{"type":"Feature","geometry":{"type":"Point","coordinates":[135.682397,34.971695]},"properties":{"z":68.0}},{"type":"Feature","geometry":{"type":"Point","coordinates":[135.6824404,34.9717225]},"properties":{"z":67.5}},{"type":"Feature","geometry":{"type":"Point","coordinates":[135.6824895,34.9717417]},"properties":{"z":67.5}},{"type":"Feature","geometry":{"type":"Point","coordinates":[135.6825402,34.9717589]},"properties":{"z":66.9}},{"type":"Feature","geometry":{"type":"Point","coordinates":[135.6825892,34.971779]},"properties":{"z":66.9}},{"type":"Feature","geometry":{"type":"Point","coordinates":[135.6826386,34.9717986]},"properties":{"z":66.2}},{"type":"Feature","geometry":{"type":"Point","coordinates":[135.6826876,34.9718187]},"properties":{"z":66.2}},{"type":"Feature","geometry":{"type":"Point","coordinates":[135.6827353,34.9718409]},"properties":{"z":65.6}},{"type":"Feature","geometry":{"type":"Point","coordinates":[135.6827826,34.9718637]},"properties":{"z":65.2}},{"type":"Feature","geometry":{"type":"Point","coordinates":[135.6828296,34.9718869]},"properties":{"z":64.7}},{"type":"Feature","geometry":{"type":"Point","coordinates":[135.6828765,34.9719102]},"properties":{"z":64.3}},{"type":"Feature","geometry":{"type":"Point","coordinates":[135.6829242,34.9719325]},"properties":{"z":64.2}},{"type":"Feature","geometry":{"type":"Point","coordinates":[135.6829696,34.9719575]},"properties":{"z":63.9}},{"type":"Feature","geometry":{"type":"Point","coordinates":[135.6830108,34.9719868]},"properties":{"z":63.9}},{"type":"Feature","geometry":{"type":"Point","coordinates":[135.6830447,34.9720221]},"properties":{"z":63.5}},{"type":"Feature","geometry":{"type":"Point","coordinates":[135.6830879,34.9720498]},"properties":{"z":63.5}},{"type":"Feature","geometry":{"type":"Point","coordinates":[135.6831357,34.9720713]},"properties":{"z":63.5}},{"type":"Feature","geometry":{"type":"Point","coordinates":[135.6831812,34.9720957]},"properties":{"z":63.5}},{"type":"Feature","geometry":{"type":"Point","coordinates":[135.6832259,34.9721214]},"properties":{"z":63.3}},{"type":"Feature","geometry":{"type":"Point","coordinates":[135.6832774,34.9721369]},"properties":{"z":63.9}},{"type":"Feature","geometry":{"type":"Point","coordinates":[135.6833271,34.972155]},"properties":{"z":63.7}},{"type":"Feature","geometry":{"type":"Point","coordinates":[135.6833672,34.9721857]},"properties":{"z":63.7}},{"type":"Feature","geometry":{"type":"Point","coordinates":[135.6834159,34.9722059]},"properties":{"z":65.0}},{"type":"Feature","geometry":{"type":"Point","coordinates":[135.6834656,34.972225]},"properties":{"z":65.0}},{"type":"Feature","geometry":{"type":"Point","coordinates":[135.683514,34.972246]},"properties":{"z":64.7}},{"type":"Feature","geometry":{"type":"Point","coordinates":[135.683561,34.972269]},"properties":{"z":64.3}},{"type":"Feature","geometry":{"type":"Point","coordinates":[135.6836112,34.9722872]},"properties":{"z":65.7}},{"type":"Feature","geometry":{"type":"Point","coordinates":[135.6836591,34.9723089]},"properties":{"z":65.4}},{"type":"Feature","geometry":{"type":"Point","coordinates":[135.6837071,34.9723307]},"properties":{"z":65.4}},{"type":"Feature","geometry":{"type":"Point","coordinates":[135.683755,34.9723525]},"properties":{"z":66.6}},{"type":"Feature","geometry":{"type":"Point","coordinates":[135.6838012,34.9723769]},"properties":{"z":66.6}},{"type":"Feature","geometry":{"type":"Point","coordinates":[135.6838474,34.9724011]},"properties":{"z":66.4}},{"type":"Feature","geometry":{"type":"Point","coordinates":[135.6838936,34.9724252]},"properties":{"z":67.7}},{"type":"Feature","geometry":{"type":"Point","coordinates":[135.6839396,34.9724498]},"properties":{"z":67.4}},{"type":"Feature","geometry":{"type":"Point","coordinates":[135.6839869,34.9724724]},"properties":{"z":67.1}},{"type":"Feature","geometry":{"type":"Point","coordinates":[135.6840357,34.972493]},"properties":{"z":68.1}},{"type":"Feature","geometry":{"type":"Point","coordinates":[135.6840803,34.9725188]},"properties":{"z":67.6}},{"type":"Feature","geometry":{"type":"Point","coordinates":[135.6841231,34.9725469]},"properties":{"z":67.6}},{"type":"Feature","geometry":{"type":"Point","coordinates":[135.6841682,34.9725725]},"properties":{"z":67.8}},{"type":"Feature","geometry":{"type":"Point","coordinates":[135.6842137,34.9725976]},"properties":{"z":67.8}},{"type":"Feature","geometry":{"type":"Point","coordinates":[135.6842593,34.9726226]},"properties":{"z":67.5}},{"type":"Feature","geometry":{"type":"Point","coordinates":[135.6843051,34.9726473]},"properties":{"z":67.7}},{"type":"Feature","geometry":{"type":"Point","coordinates":[135.684354,34.9726676]},"properties":{"z":67.1}},{"type":"Feature","geometry":{"type":"Point","coordinates":[135.6844041,34.9726858]},"properties":{"z":67.1}},{"type":"Feature","geometry":{"type":"Point","coordinates":[135.6844556,34.9727013]},"properties":{"z":65.8}},{"type":"Feature","geometry":{"type":"Point","coordinates":[135.6844999,34.9727277]},"properties":{"z":64.8}},{"type":"Feature","geometry":{"type":"Point","coordinates":[135.6845418,34.9727565]},"properties":{"z":64.8}},{"type":"Feature","geometry":{"type":"Point","coordinates":[135.6845806,34.9727883]},"properties":{"z":64.4}},{"type":"Feature","geometry":{"type":"Point","coordinates":[135.6846207,34.9728189]},"properties":{"z":63.4}},{"type":"Feature","geometry":{"type":"Point","coordinates":[135.6846626,34.9728478]},"properties":{"z":63.0}},{"type":"Feature","geometry":{"type":"Point","coordinates":[135.6847112,34.9728687]},"properties":{"z":62.0}},{"type":"Feature","geometry":{"type":"Point","coordinates":[135.684758,34.9728921]},"properties":{"z":61.0}},{"type":"Feature","geometry":{"type":"Point","coordinates":[135.684804,34.9729166]},"properties":{"z":60.5}},{"type":"Feature","geometry":{"type":"Point","coordinates":[135.6848501,34.9729408]},"properties":{"z":59.8}},{"type":"Feature","geometry":{"type":"Point","coordinates":[135.6848989,34.9729614]},"properties":{"z":59.8}},{"type":"Feature","geometry":{"type":"Point","coordinates":[135.6849466,34.9729835]},"properties":{"z":59.5}},{"type":"Feature","geometry":{"type":"Point","coordinates":[135.6849942,34.9730059]},"properties":{"z":59.5}},{"type":"Feature","geometry":{"type":"Point","coordinates":[135.6850426,34.9730271]},"properties":{"z":59.2}},{"type":"Feature","geometry":{"type":"Point","coordinates":[135.6850925,34.9730458]},"properties":{"z":59.2}},{"type":"Feature","geometry":{"type":"Point","coordinates":[135.6851422,34.9730646]},"properties":{"z":58.7}},{"type":"Feature","geometry":{"type":"Point","coordinates":[135.6851899,34.9730868]},"properties":{"z":58.5}},{"type":"Feature","geometry":{"type":"Point","coordinates":[135.685236,34.9731111]},"properties":{"z":58.5}},{"type":"Feature","geometry":{"type":"Point","coordinates":[135.6852827,34.9731347]},"properties":{"z":58.0}},{"type":"Feature","geometry":{"type":"Point","coordinates":[135.6853289,34.973159]},"properties":{"z":58.0}},{"type":"Feature","geometry":{"type":"Point","coordinates":[135.6853692,34.9731889]},"properties":{"z":57.5}},{"type":"Feature","geometry":{"type":"Point","coordinates":[135.6854077,34.9732206]},"properties":{"z":57.5}},{"type":"Feature","geometry":{"type":"Point","coordinates":[135.685455,34.9732434]},"properties":{"z":57.7}},{"type":"Feature","geometry":{"type":"Point","coordinates":[135.6855009,34.9732678]},"properties":{"z":57.2}},{"type":"Feature","geometry":{"type":"Point","coordinates":[135.6855458,34.9732936]},"properties":{"z":57.6}},{"type":"Feature","geometry":{"type":"Point","coordinates":[135.6855919,34.9733181]},"properties":{"z":57.6}},{"type":"Feature","geometry":{"type":"Point","coordinates":[135.6856356,34.9733447]},"properties":{"z":57.5}},{"type":"Feature","geometry":{"type":"Point","coordinates":[135.6856736,34.9733772]},"properties":{"z":57.5}},{"type":"Feature","geometry":{"type":"Point","coordinates":[135.6857161,34.9734054]},"properties":{"z":57.2}},{"type":"Feature","geometry":{"type":"Point","coordinates":[135.6857603,34.9734321]},"properties":{"z":57.2}},{"type":"Feature","geometry":{"type":"Point","coordinates":[135.6858049,34.9734583]},"properties":{"z":57.6}},{"type":"Feature","geometry":{"type":"Point","coordinates":[135.6858501,34.9734837]},"properties":{"z":56.6}},{"type":"Feature","geometry":{"type":"Point","coordinates":[135.6858948,34.9735097]},"properties":{"z":56.8}},{"type":"Feature","geometry":{"type":"Point","coordinates":[135.6859388,34.9735366]},"properties":{"z":56.8}},{"type":"Feature","geometry":{"type":"Point","coordinates":[135.6859821,34.9735642]},"properties":{"z":55.7}},{"type":"Feature","geometry":{"type":"Point","coordinates":[135.6860144,34.9736001]},"properties":{"z":55.7}},{"type":"Feature","geometry":{"type":"Point","coordinates":[135.6860572,34.9736265]},"properties":{"z":54.7}},{"type":"Feature","geometry":{"type":"Point","coordinates":[135.6861048,34.9736488]},"properties":{"z":54.7}},{"type":"Feature","geometry":{"type":"Point","coordinates":[135.6861521,34.9736716]},"properties":{"z":55.2}},{"type":"Feature","geometry":{"type":"Point","coordinates":[135.6861947,34.9736993]},"properties":{"z":54.1}},{"type":"Feature","geometry":{"type":"Point","coordinates":[135.6862338,34.9737309]},"properties":{"z":54.6}},{"type":"Feature","geometry":{"type":"Point","coordinates":[135.6862754,34.9737602]},"properties":{"z":53.6}},{"type":"Feature","geometry":{"type":"Point","coordinates":[135.6863181,34.9737884]},"properties":{"z":54.1}},{"type":"Feature","geometry":{"type":"Point","coordinates":[135.6863615,34.9738159]},"properties":{"z":54.1}},{"type":"Feature","geometry":{"type":"Point","coordinates":[135.6863989,34.9738487]},"properties":{"z":53.0}},{"type":"Feature","geometry":{"type":"Point","coordinates":[135.686442,34.973876]},"properties":{"z":53.0}},{"type":"Feature","geometry":{"type":"Point","coordinates":[135.6864873,34.9739013]},"properties":{"z":51.3}},{"type":"Feature","geometry":{"type":"Point","coordinates":[135.6865297,34.9739298]},"properties":{"z":51.3}},{"type":"Feature","geometry":{"type":"Point","coordinates":[135.6865666,34.9739629]},"properties":{"z":50.4}},{"type":"Feature","geometry":{"type":"Point","coordinates":[135.6866033,34.9739963]},"properties":{"z":50.4}},{"type":"Feature","geometry":{"type":"Point","coordinates":[135.6866425,34.9740277]},"properties":{"z":50.4}},{"type":"Feature","geometry":{"type":"Point","coordinates":[135.6866812,34.9740597]},"properties":{"z":50.0}},{"type":"Feature","geometry":{"type":"Point","coordinates":[135.686719,34.9740922]},"properties":{"z":50.0}},{"type":"Feature","geometry":{"type":"Point","coordinates":[135.6867561,34.9741253]},"properties":{"z":49.5}},{"type":"Feature","geometry":{"type":"Point","coordinates":[135.6867924,34.974159]},"properties":{"z":49.5}},{"type":"Feature","geometry":{"type":"Point","coordinates":[135.6868288,34.9741926]},"properties":{"z":49.2}},{"type":"Feature","geometry":{"type":"Point","coordinates":[135.6868654,34.9742261]},"properties":{"z":49.2}},{"type":"Feature","geometry":{"type":"Point","coordinates":[135.6868996,34.9742611]},"properties":{"z":49.2}},{"type":"Feature","geometry":{"type":"Point","coordinates":[135.6869307,34.9742981]},"properties":{"z":48.9}},{"type":"Feature","geometry":{"type":"Point","coordinates":[135.6869682,34.9743308]},"properties":{"z":49.0}},{"type":"Feature","geometry":{"type":"Point","coordinates":[135.6870055,34.9743637]},"properties":{"z":48.7}},{"type":"Feature","geometry":{"type":"Point","coordinates":[135.6870399,34.9743988]},"properties":{"z":48.8}},{"type":"Feature","geometry":{"type":"Point","coordinates":[135.6870711,34.9744357]},"properties":{"z":48.8}},{"type":"Feature","geometry":{"type":"Point","coordinates":[135.6871011,34.9744733]},"properties":{"z":48.3}},{"type":"Feature","geometry":{"type":"Point","coordinates":[135.6871325,34.9745102]},"properties":{"z":48.3}},{"type":"Feature","geometry":{"type":"Point","coordinates":[135.6871641,34.9745469]},"properties":{"z":48.1}},{"type":"Feature","geometry":{"type":"Point","coordinates":[135.6871962,34.9745834]},"properties":{"z":48.1}},{"type":"Feature","geometry":{"type":"Point","coordinates":[135.6872262,34.974621]},"properties":{"z":48.3}},{"type":"Feature","geometry":{"type":"Point","coordinates":[135.6872553,34.9746591]},"properties":{"z":48.0}},{"type":"Feature","geometry":{"type":"Point","coordinates":[135.6872852,34.9746968]},"properties":{"z":48.1}},{"type":"Feature","geometry":{"type":"Point","coordinates":[135.6873066,34.9747378]},"properties":{"z":48.3}},{"type":"Feature","geometry":{"type":"Point","coordinates":[135.6873151,34.9747816]},"properties":{"z":48.3}},{"type":"Feature","geometry":{"type":"Point","coordinates":[135.6873161,34.9748264]},"properties":{"z":48.5}},{"type":"Feature","geometry":{"type":"Point","coordinates":[135.6873313,34.974869]},"properties":{"z":48.5}},{"type":"Feature","geometry":{"type":"Point","coordinates":[135.6873651,34.9749042]},"properties":{"z":48.4}},{"type":"Feature","geometry":{"type":"Point","coordinates":[135.6873966,34.9749408]},"properties":{"z":48.4}},{"type":"Feature","geometry":{"type":"Point","coordinates":[135.6874303,34.9749758]},"properties":{"z":48.2}},{"type":"Feature","geometry":{"type":"Point","coordinates":[135.6874721,34.9750047]},"properties":{"z":48.2}},{"type":"Feature","geometry":{"type":"Point","coordinates":[135.6875202,34.9750261]},"properties":{"z":48.1}},{"type":"Feature","geometry":{"type":"Point","coordinates":[135.687556,34.9750601]},"properties":{"z":48.1}},{"type":"Feature","geometry":{"type":"Point","coordinates":[135.6875812,34.9751]},"properties":{"z":47.9}},{"type":"Feature","geometry":{"type":"Point","coordinates":[135.6876061,34.9751401]},"properties":{"z":47.8}},{"type":"Feature","geometry":{"type":"Point","coordinates":[135.6876301,34.9751805]},"properties":{"z":47.7}},{"type":"Feature","geometry":{"type":"Point","coordinates":[135.6876535,34.9752212]},"properties":{"z":47.7}},{"type":"Feature","geometry":{"type":"Point","coordinates":[135.6876804,34.9752603]},"properties":{"z":47.4}},{"type":"Feature","geometry":{"type":"Point","coordinates":[135.6877082,34.9752991]},"properties":{"z":47.2}},{"type":"Feature","geometry":{"type":"Point","coordinates":[135.6877365,34.9753376]},"properties":{"z":47.2}},{"type":"Feature","geometry":{"type":"Point","coordinates":[135.6877635,34.9753767]},"properties":{"z":46.9}},{"type":"Feature","geometry":{"type":"Point","coordinates":[135.6877913,34.9754155]},"properties":{"z":46.9}},{"type":"Feature","geometry":{"type":"Point","coordinates":[135.68782,34.9754538]},"properties":{"z":46.6}},{"type":"Feature","geometry":{"type":"Point","coordinates":[135.6878493,34.9754918]},"properties":{"z":46.5}},{"type":"Feature","geometry":{"type":"Point","coordinates":[135.687878,34.9755301]},"properties":{"z":46.2}},{"type":"Feature","geometry":{"type":"Point","coordinates":[135.6879047,34.9755694]},"properties":{"z":46.2}},{"type":"Feature","geometry":{"type":"Point","coordinates":[135.6879269,34.9756103]},"properties":{"z":45.9}},{"type":"Feature","geometry":{"type":"Point","coordinates":[135.6879463,34.9756524]},"properties":{"z":45.6}},{"type":"Feature","geometry":{"type":"Point","coordinates":[135.6879654,34.9756945]},"properties":{"z":45.6}},{"type":"Feature","geometry":{"type":"Point","coordinates":[135.6879874,34.9757356]},"properties":{"z":45.4}},{"type":"Feature","geometry":{"type":"Point","coordinates":[135.6880139,34.9757749]},"properties":{"z":45.4}},{"type":"Feature","geometry":{"type":"Point","coordinates":[135.6880426,34.9758132]},"properties":{"z":45.0}},{"type":"Feature","geometry":{"type":"Point","coordinates":[135.6880717,34.9758513]},"properties":{"z":45.0}},{"type":"Feature","geometry":{"type":"Point","coordinates":[135.6880991,34.9758903]},"properties":{"z":44.8}},{"type":"Feature","geometry":{"type":"Point","coordinates":[135.6881291,34.9759278]},"properties":{"z":44.7}},{"type":"Feature","geometry":{"type":"Point","coordinates":[135.6881618,34.9759639]},"properties":{"z":44.4}},{"type":"Feature","geometry":{"type":"Point","coordinates":[135.6881931,34.9760009]},"properties":{"z":44.4}},{"type":"Feature","geometry":{"type":"Point","coordinates":[135.688224,34.976038]},"properties":{"z":44.1}},{"type":"Feature","geometry":{"type":"Point","coordinates":[135.6882508,34.9760772]},"properties":{"z":43.9}},{"type":"Feature","geometry":{"type":"Point","coordinates":[135.688277,34.9761166]},"properties":{"z":43.8}},{"type":"Feature","geometry":{"type":"Point","coordinates":[135.6883051,34.9761553]},"properties":{"z":43.5}},{"type":"Feature","geometry":{"type":"Point","coordinates":[135.6883322,34.9761943]},"properties":{"z":43.5}},{"type":"Feature","geometry":{"type":"Point","coordinates":[135.6883523,34.9762361]},"properties":{"z":43.2}},{"type":"Feature","geometry":{"type":"Point","coordinates":[135.6883692,34.9762787]},"properties":{"z":43.1}},{"type":"Feature","geometry":{"type":"Point","coordinates":[135.6883804,34.9763227]},"properties":{"z":42.9}},{"type":"Feature","geometry":{"type":"Point","coordinates":[135.6884001,34.9763643]},"properties":{"z":42.6}},{"type":"Feature","geometry":{"type":"Point","coordinates":[135.6884243,34.9764047]},"properties":{"z":42.6}},{"type":"Feature","geometry":{"type":"Point","coordinates":[135.6884457,34.976446]},"properties":{"z":42.6}},{"type":"Feature","geometry":{"type":"Point","coordinates":[135.6884662,34.9764877]},"properties":{"z":42.4}},{"type":"Feature","geometry":{"type":"Point","coordinates":[135.6884818,34.9765308]},"properties":{"z":42.3}},{"type":"Feature","geometry":{"type":"Point","coordinates":[135.6884968,34.976574]},"properties":{"z":42.3}},{"type":"Feature","geometry":{"type":"Point","coordinates":[135.6885168,34.9766159]},"properties":{"z":42.3}},{"type":"Feature","geometry":{"type":"Point","coordinates":[135.688537,34.9766577]},"properties":{"z":42.1}},{"type":"Feature","geometry":{"type":"Point","coordinates":[135.6885577,34.9766993]},"properties":{"z":42.1}},{"type":"Feature","geometry":{"type":"Point","coordinates":[135.6885772,34.9767413]},"properties":{"z":42.1}},{"type":"Feature","geometry":{"type":"Point","coordinates":[135.6885935,34.9767842]},"properties":{"z":42.2}},{"type":"Feature","geometry":{"type":"Point","coordinates":[135.6886105,34.9768269]},"properties":{"z":42.2}},{"type":"Feature","geometry":{"type":"Point","coordinates":[135.6886287,34.9768693]},"properties":{"z":42.1}},{"type":"Feature","geometry":{"type":"Point","coordinates":[135.688644,34.9769124]},"properties":{"z":42.1}},{"type":"Feature","geometry":{"type":"Point","coordinates":[135.6886553,34.9769564]},"properties":{"z":42.3}},{"type":"Feature","geometry":{"type":"Point","coordinates":[135.6886663,34.9770004]},"properties":{"z":42.6}},{"type":"Feature","geometry":{"type":"Point","coordinates":[135.6886769,34.9770445]},"properties":{"z":42.6}},{"type":"Feature","geometry":{"type":"Point","coordinates":[135.6886793,34.9770894]},"properties":{"z":42.8}},{"type":"Feature","geometry":{"type":"Point","coordinates":[135.6886903,34.9771329]},"properties":{"z":43.1}},{"type":"Feature","geometry":{"type":"Point","coordinates":[135.6887094,34.977175]},"properties":{"z":42.7}},{"type":"Feature","geometry":{"type":"Point","coordinates":[135.6887273,34.9772175]},"properties":{"z":42.7}},{"type":"Feature","geometry":{"type":"Point","coordinates":[135.6887447,34.9772602]},"properties":{"z":42.7}},{"type":"Feature","geometry":{"type":"Point","coordinates":[135.6887563,34.9773041]},"properties":{"z":42.6}},{"type":"Feature","geometry":{"type":"Point","coordinates":[135.6887653,34.9773483]},"properties":{"z":42.4}},{"type":"Feature","geometry":{"type":"Point","coordinates":[135.6887665,34.9773932]},"properties":{"z":42.4}},{"type":"Feature","geometry":{"type":"Point","coordinates":[135.68877,34.977438]},"properties":{"z":42.3}},{"type":"Feature","geometry":{"type":"Point","coordinates":[135.6887764,34.9774827]},"properties":{"z":42.3}},{"type":"Feature","geometry":{"type":"Point","coordinates":[135.6887862,34.9775269]},"properties":{"z":42.3}},{"type":"Feature","geometry":{"type":"Point","coordinates":[135.6887965,34.977571]},"properties":{"z":41.9}},{"type":"Feature","geometry":{"type":"Point","coordinates":[135.6888058,34.9776153]},"properties":{"z":41.9}},{"type":"Feature","geometry":{"type":"Point","coordinates":[135.6888134,34.9776598]},"properties":{"z":42.0}},{"type":"Feature","geometry":{"type":"Point","coordinates":[135.6888209,34.9777044]},"properties":{"z":42.1}},{"type":"Feature","geometry":{"type":"Point","coordinates":[135.6888297,34.9777487]},"properties":{"z":42.1}},{"type":"Feature","geometry":{"type":"Point","coordinates":[135.6888376,34.9777932]},"properties":{"z":41.9}},{"type":"Feature","geometry":{"type":"Point","coordinates":[135.6888459,34.9778376]},"properties":{"z":41.6}},{"type":"Feature","geometry":{"type":"Point","coordinates":[135.6888589,34.9778813]},"properties":{"z":41.6}},{"type":"Feature","geometry":{"type":"Point","coordinates":[135.688878,34.9779234]},"properties":{"z":40.9}},{"type":"Feature","geometry":{"type":"Point","coordinates":[135.6888993,34.9779648]},"properties":{"z":40.9}},{"type":"Feature","geometry":{"type":"Point","coordinates":[135.6889188,34.9780066]},"properties":{"z":40.6}},{"type":"Feature","geometry":{"type":"Point","coordinates":[135.6889311,34.9780504]},"properties":{"z":40.2}},{"type":"Feature","geometry":{"type":"Point","coordinates":[135.6889503,34.9780925]},"properties":{"z":40.2}},{"type":"Feature","geometry":{"type":"Point","coordinates":[135.6889677,34.9781351]},"properties":{"z":39.6}},{"type":"Feature","geometry":{"type":"Point","coordinates":[135.6889826,34.9781784]},"properties":{"z":39.6}},{"type":"Feature","geometry":{"type":"Point","coordinates":[135.6889939,34.9782223]},"properties":{"z":39.4}},{"type":"Feature","geometry":{"type":"Point","coordinates":[135.6890086,34.9782656]},"properties":{"z":39.2}},{"type":"Feature","geometry":{"type":"Point","coordinates":[135.6890252,34.9783084]},"properties":{"z":39.2}},{"type":"Feature","geometry":{"type":"Point","coordinates":[135.6890419,34.9783513]},"properties":{"z":39.2}},{"type":"Feature","geometry":{"type":"Point","coordinates":[135.6890615,34.9783931]},"properties":{"z":38.8}},{"type":"Feature","geometry":{"type":"Point","coordinates":[135.6890848,34.9784338]},"properties":{"z":38.8}},{"type":"Feature","geometry":{"type":"Point","coordinates":[135.6891124,34.9784726]},"properties":{"z":38.9}},{"type":"Feature","geometry":{"type":"Point","coordinates":[135.68914,34.9785115]},"properties":{"z":38.6}},{"type":"Feature","geometry":{"type":"Point","coordinates":[135.6891654,34.9785513]},"properties":{"z":38.7}},{"type":"Feature","geometry":{"type":"Point","coordinates":[135.6891914,34.9785909]},"properties":{"z":38.7}},{"type":"Feature","geometry":{"type":"Point","coordinates":[135.6892182,34.9786301]},"properties":{"z":38.9}},{"type":"Feature","geometry":{"type":"Point","coordinates":[135.6892459,34.9786689]},"properties":{"z":38.6}},{"type":"Feature","geometry":{"type":"Point","coordinates":[135.6892745,34.9787073]},"properties":{"z":38.8}},{"type":"Feature","geometry":{"type":"Point","coordinates":[135.6893048,34.9787448]},"properties":{"z":38.9}},{"type":"Feature","geometry":{"type":"Point","coordinates":[135.6893373,34.9787808]},"properties":{"z":38.5}},{"type":"Feature","geometry":{"type":"Point","coordinates":[135.6893735,34.9788146]},"properties":{"z":38.5}},{"type":"Feature","geometry":{"type":"Point","coordinates":[135.6894068,34.9788503]},"properties":{"z":38.1}},{"type":"Feature","geometry":{"type":"Point","coordinates":[135.6894366,34.9788878]},"properties":{"z":38.1}},{"type":"Feature","geometry":{"type":"Point","coordinates":[135.6894592,34.9789288]},"properties":{"z":38.1}},{"type":"Feature","geometry":{"type":"Point","coordinates":[135.6894888,34.9789663]},"properties":{"z":37.6}},{"type":"Feature","geometry":{"type":"Point","coordinates":[135.6895222,34.979002]},"properties":{"z":37.6}},{"type":"Feature","geometry":{"type":"Point","coordinates":[135.6895623,34.9790326]},"properties":{"z":37.5}},{"type":"Feature","geometry":{"type":"Point","coordinates":[135.6896028,34.9790629]},"properties":{"z":37.1}},{"type":"Feature","geometry":{"type":"Point","coordinates":[135.6896383,34.9790972]},"properties":{"z":36.9}},{"type":"Feature","geometry":{"type":"Point","coordinates":[135.6896735,34.9791316]},"properties":{"z":36.5}},{"type":"Feature","geometry":{"type":"Point","coordinates":[135.6897024,34.9791698]},"properties":{"z":36.2}},{"type":"Feature","geometry":{"type":"Point","coordinates":[135.6897334,34.9792068]},"properties":{"z":36.2}},{"type":"Feature","geometry":{"type":"Point","coordinates":[135.6897683,34.9792415]},"properties":{"z":35.5}},{"type":"Feature","geometry":{"type":"Point","coordinates":[135.6898051,34.9792748]},"properties":{"z":35.5}},{"type":"Feature","geometry":{"type":"Point","coordinates":[135.6898425,34.9793077]},"properties":{"z":34.9}},{"type":"Feature","geometry":{"type":"Point","coordinates":[135.689881,34.9793397]},"properties":{"z":34.9}},{"type":"Feature","geometry":{"type":"Point","coordinates":[135.6899194,34.9793718]},"properties":{"z":34.6}},{"type":"Feature","geometry":{"type":"Point","coordinates":[135.6899576,34.9794041]},"properties":{"z":34.3}},{"type":"Feature","geometry":{"type":"Point","coordinates":[135.6899941,34.9794376]},"properties":{"z":34.0}},{"type":"Feature","geometry":{"type":"Point","coordinates":[135.6900289,34.9794724]},"properties":{"z":33.7}},{"type":"Feature","geometry":{"type":"Point","coordinates":[135.6900639,34.979507]},"properties":{"z":33.7}},{"type":"Feature","geometry":{"type":"Point","coordinates":[135.690099,34.9795415]},"properties":{"z":33.2}},{"type":"Feature","geometry":{"type":"Point","coordinates":[135.6901339,34.9795762]},"properties":{"z":33.2}},{"type":"Feature","geometry":{"type":"Point","coordinates":[135.6901693,34.9796105]},"properties":{"z":32.9}},{"type":"Feature","geometry":{"type":"Point","coordinates":[135.6902062,34.9796438]},"properties":{"z":32.9}},{"type":"Feature","geometry":{"type":"Point","coordinates":[135.6902435,34.9796768]},"properties":{"z":32.6}},{"type":"Feature","geometry":{"type":"Point","coordinates":[135.6902814,34.9797093]},"properties":{"z":32.9}},{"type":"Feature","geometry":{"type":"Point","coordinates":[135.6903178,34.9797428]},"properties":{"z":32.6}},{"type":"Feature","geometry":{"type":"Point","coordinates":[135.6903534,34.9797766]},"properties":{"z":32.7}},{"type":"Feature","geometry":{"type":"Point","coordinates":[135.6903892,34.9798106]},"properties":{"z":32.6}},{"type":"Feature","geometry":{"type":"Point","coordinates":[135.6903895,34.979852]},"properties":{"z":32.6}},{"type":"Feature","geometry":{"type":"Point","coordinates":[135.6903473,34.9798791]},"properties":{"z":32.4}},{"type":"Feature","geometry":{"type":"Point","coordinates":[135.6902993,34.9799007]},"properties":{"z":32.0}},{"type":"Feature","geometry":{"type":"Point","coordinates":[135.6902499,34.9799203]},"properties":{"z":31.8}},{"type":"Feature","geometry":{"type":"Point","coordinates":[135.6902014,34.9799411]},"properties":{"z":31.5}},{"type":"Feature","geometry":{"type":"Point","coordinates":[135.6901549,34.9799647]},"properties":{"z":31.5}},{"type":"Feature","geometry":{"type":"Point","coordinates":[135.6901042,34.9799817]},"properties":{"z":31.5}},{"type":"Feature","geometry":{"type":"Point","coordinates":[135.6900527,34.9799966]},"properties":{"z":31.8}},{"type":"Feature","geometry":{"type":"Point","coordinates":[135.690007,34.9800209]},"properties":{"z":31.5}},{"type":"Feature","geometry":{"type":"Point","coordinates":[135.6899675,34.9800521]},"properties":{"z":31.9}},{"type":"Feature","geometry":{"type":"Point","coordinates":[135.6899764,34.9800476]},"properties":{"z":31.9}},{"type":"Feature","geometry":{"type":"Point","coordinates":[135.6900219,34.9800229]},"properties":{"z":31.5}},{"type":"Feature","geometry":{"type":"Point","coordinates":[135.6900742,34.9800101]},"properties":{"z":31.8}},{"type":"Feature","geometry":{"type":"Point","coordinates":[135.6901275,34.9799994]},"properties":{"z":31.5}},{"type":"Feature","geometry":{"type":"Point","coordinates":[135.6901796,34.9799853]},"properties":{"z":31.5}},{"type":"Feature","geometry":{"type":"Point","coordinates":[135.6902307,34.979969]},"properties":{"z":31.5}},{"type":"Feature","geometry":{"type":"Point","coordinates":[135.6902798,34.9799492]},"properties":{"z":31.8}},{"type":"Feature","geometry":{"type":"Point","coordinates":[135.690329,34.9799294]},"properties":{"z":32.0}},{"type":"Feature","geometry":{"type":"Point","coordinates":[135.6903809,34.9799156]},"properties":{"z":32.4}},{"type":"Feature","geometry":{"type":"Point","coordinates":[135.6904318,34.9799222]},"properties":{"z":32.0}},{"type":"Feature","geometry":{"type":"Point","coordinates":[135.6904759,34.9799487]},"properties":{"z":31.9}},{"type":"Feature","geometry":{"type":"Point","coordinates":[135.690515,34.9799802]},"properties":{"z":31.5}},{"type":"Feature","geometry":{"type":"Point","coordinates":[135.6905484,34.9800159]},"properties":{"z":31.4}},{"type":"Feature","geometry":{"type":"Point","coordinates":[135.6905843,34.9800499]},"properties":{"z":31.4}},{"type":"Feature","geometry":{"type":"Point","coordinates":[135.6906206,34.9800836]},"properties":{"z":30.9}},{"type":"Feature","geometry":{"type":"Point","coordinates":[135.6906569,34.9801173]},"properties":{"z":30.9}},{"type":"Feature","geometry":{"type":"Point","coordinates":[135.6906916,34.9801521]},"properties":{"z":30.4}},{"type":"Feature","geometry":{"type":"Point","coordinates":[135.6907266,34.9801867]},"properties":{"z":30.4}},{"type":"Feature","geometry":{"type":"Point","coordinates":[135.6907637,34.9802198]},"properties":{"z":30.4}},{"type":"Feature","geometry":{"type":"Point","coordinates":[135.6908001,34.9802534]},"properties":{"z":29.8}},{"type":"Feature","geometry":{"type":"Point","coordinates":[135.6908356,34.9802878]},"properties":{"z":29.8}},{"type":"Feature","geometry":{"type":"Point","coordinates":[135.6908723,34.9803211]},"properties":{"z":29.6}},{"type":"Feature","geometry":{"type":"Point","coordinates":[135.69091,34.9803538]},"properties":{"z":29.6}},{"type":"Feature","geometry":{"type":"Point","coordinates":[135.690947,34.980387]},"properties":{"z":29.5}},{"type":"Feature","geometry":{"type":"Point","coordinates":[135.6909837,34.9804203]},"properties":{"z":29.5}},{"type":"Feature","geometry":{"type":"Point","coordinates":[135.691021,34.9804533]},"properties":{"z":29.5}},{"type":"Feature","geometry":{"type":"Point","coordinates":[135.6910583,34.9804863]},"properties":{"z":29.5}},{"type":"Feature","geometry":{"type":"Point","coordinates":[135.6910946,34.98052]},"properties":{"z":29.6}},{"type":"Feature","geometry":{"type":"Point","coordinates":[135.6911311,34.9805536]},"properties":{"z":29.5}},{"type":"Feature","geometry":{"type":"Point","coordinates":[135.6911702,34.9805851]},"properties":{"z":29.6}},{"type":"Feature","geometry":{"type":"Point","coordinates":[135.69121,34.9806159]},"properties":{"z":29.6}},{"type":"Feature","geometry":{"type":"Point","coordinates":[135.6912527,34.9806442]},"properties":{"z":29.7}},{"type":"Feature","geometry":{"type":"Point","coordinates":[135.6912903,34.9806765]},"properties":{"z":29.6}},{"type":"Feature","geometry":{"type":"Point","coordinates":[135.6913233,34.9807124]},"properties":{"z":29.6}},{"type":"Feature","geometry":{"type":"Point","coordinates":[135.6913573,34.9807477]},"properties":{"z":29.6}},{"type":"Feature","geometry":{"type":"Point","coordinates":[135.6913916,34.9807828]},"properties":{"z":29.6}},{"type":"Feature","geometry":{"type":"Point","coordinates":[135.6914242,34.9808189]},"properties":{"z":29.5}},{"type":"Feature","geometry":{"type":"Point","coordinates":[135.6914564,34.9808553]},"properties":{"z":29.4}},{"type":"Feature","geometry":{"type":"Point","coordinates":[135.6914805,34.9808957]},"properties":{"z":29.4}},{"type":"Feature","geometry":{"type":"Point","coordinates":[135.6915073,34.9809346]},"properties":{"z":29.3}},{"type":"Feature","geometry":{"type":"Point","coordinates":[135.6915431,34.9809687]},"properties":{"z":29.3}},{"type":"Feature","geometry":{"type":"Point","coordinates":[135.691578,34.9810033]},"properties":{"z":29.4}},{"type":"Feature","geometry":{"type":"Point","coordinates":[135.6916119,34.9810387]},"properties":{"z":29.4}},{"type":"Feature","geometry":{"type":"Point","coordinates":[135.6916501,34.9810708]},"properties":{"z":29.5}},{"type":"Feature","geometry":{"type":"Point","coordinates":[135.6916885,34.9811029]},"properties":{"z":29.5}},{"type":"Feature","geometry":{"type":"Point","coordinates":[135.6917258,34.9811359]},"properties":{"z":29.6}},{"type":"Feature","geometry":{"type":"Point","coordinates":[135.6917616,34.9811699]},"properties":{"z":29.6}},{"type":"Feature","geometry":{"type":"Point","coordinates":[135.6917968,34.9812044]},"properties":{"z":29.5}},{"type":"Feature","geometry":{"type":"Point","coordinates":[135.6918313,34.9812394]},"properties":{"z":29.4}},{"type":"Feature","geometry":{"type":"Point","coordinates":[135.6918625,34.9812764]},"properties":{"z":29.3}},{"type":"Feature","geometry":{"type":"Point","coordinates":[135.6918946,34.9813128]},"properties":{"z":29.3}},{"type":"Feature","geometry":{"type":"Point","coordinates":[135.6919286,34.9813481]},"properties":{"z":29.2}},{"type":"Feature","geometry":{"type":"Point","coordinates":[135.6919611,34.9813843]},"properties":{"z":29.2}},{"type":"Feature","geometry":{"type":"Point","coordinates":[135.6919961,34.9814188]},"properties":{"z":29.2}},{"type":"Feature","geometry":{"type":"Point","coordinates":[135.6920337,34.9814515]},"properties":{"z":29.2}},{"type":"Feature","geometry":{"type":"Point","coordinates":[135.6920732,34.9814827]},"properties":{"z":29.2}},{"type":"Feature","geometry":{"type":"Point","coordinates":[135.6921079,34.9815174]},"properties":{"z":29.2}},{"type":"Feature","geometry":{"type":"Point","coordinates":[135.6921415,34.9815529]},"properties":{"z":29.1}},{"type":"Feature","geometry":{"type":"Point","coordinates":[135.6921754,34.9815883]},"properties":{"z":29.1}},{"type":"Feature","geometry":{"type":"Point","coordinates":[135.6922094,34.9816235]},"properties":{"z":29.1}},{"type":"Feature","geometry":{"type":"Point","coordinates":[135.6922479,34.9816555]},"properties":{"z":29.1}},{"type":"Feature","geometry":{"type":"Point","coordinates":[135.6922849,34.9816885]},"properties":{"z":29.1}},{"type":"Feature","geometry":{"type":"Point","coordinates":[135.6923187,34.9817239]},"properties":{"z":29.0}},{"type":"Feature","geometry":{"type":"Point","coordinates":[135.6923519,34.9817597]},"properties":{"z":29.0}},{"type":"Feature","geometry":{"type":"Point","coordinates":[135.6923879,34.9817936]},"properties":{"z":29.0}},{"type":"Feature","geometry":{"type":"Point","coordinates":[135.6924246,34.9818269]},"properties":{"z":29.0}},{"type":"Feature","geometry":{"type":"Point","coordinates":[135.6924593,34.9818618]},"properties":{"z":29.0}},{"type":"Feature","geometry":{"type":"Point","coordinates":[135.6924949,34.9818959]},"properties":{"z":28.9}},{"type":"Feature","geometry":{"type":"Point","coordinates":[135.6925312,34.9819296]},"properties":{"z":28.9}},{"type":"Feature","geometry":{"type":"Point","coordinates":[135.6925683,34.9819628]},"properties":{"z":28.9}},{"type":"Feature","geometry":{"type":"Point","coordinates":[135.6926051,34.9819962]},"properties":{"z":28.9}},{"type":"Feature","geometry":{"type":"Point","coordinates":[135.6926415,34.9820297]},"properties":{"z":28.9}},{"type":"Feature","geometry":{"type":"Point","coordinates":[135.6926762,34.9820646]},"properties":{"z":28.8}},{"type":"Feature","geometry":{"type":"Point","coordinates":[135.6927111,34.9820993]},"properties":{"z":28.8}},{"type":"Feature","geometry":{"type":"Point","coordinates":[135.6927465,34.9821336]},"properties":{"z":28.8}},{"type":"Feature","geometry":{"type":"Point","coordinates":[135.6927866,34.9821643]},"properties":{"z":28.8}},{"type":"Feature","geometry":{"type":"Point","coordinates":[135.6928227,34.9821979]},"properties":{"z":28.8}},{"type":"Feature","geometry":{"type":"Point","coordinates":[135.692856,34.9822336]},"properties":{"z":28.7}},{"type":"Feature","geometry":{"type":"Point","coordinates":[135.6928898,34.9822691]},"properties":{"z":28.7}},{"type":"Feature","geometry":{"type":"Point","coordinates":[135.6929227,34.982305]},"properties":{"z":28.7}},{"type":"Feature","geometry":{"type":"Point","coordinates":[135.692956,34.9823407]},"properties":{"z":28.6}},{"type":"Feature","geometry":{"type":"Point","coordinates":[135.6929908,34.9823754]},"properties":{"z":28.6}},{"type":"Feature","geometry":{"type":"Point","coordinates":[135.6930291,34.9824076]},"properties":{"z":28.6}},{"type":"Feature","geometry":{"type":"Point","coordinates":[135.6930564,34.9824464]},"properties":{"z":28.6}},{"type":"Feature","geometry":{"type":"Point","coordinates":[135.6930851,34.9824844]},"properties":{"z":28.5}},{"type":"Feature","geometry":{"type":"Point","coordinates":[135.6931161,34.9825211]},"properties":{"z":28.5}},{"type":"Feature","geometry":{"type":"Point","coordinates":[135.6931357,34.9825627]},"properties":{"z":28.5}},{"type":"Feature","geometry":{"type":"Point","coordinates":[135.6931349,34.9826076]},"properties":{"z":28.5}},{"type":"Feature","geometry":{"type":"Point","coordinates":[135.6931304,34.9826524]},"properties":{"z":28.5}},{"type":"Feature","geometry":{"type":"Point","coordinates":[135.693121,34.9826967]},"properties":{"z":28.5}},{"type":"Feature","geometry":{"type":"Point","coordinates":[135.6931092,34.9827406]},"properties":{"z":28.5}},{"type":"Feature","geometry":{"type":"Point","coordinates":[135.693097,34.9827844]},"properties":{"z":28.5}},{"type":"Feature","geometry":{"type":"Point","coordinates":[135.6930892,34.9828289]},"properties":{"z":28.5}},{"type":"Feature","geometry":{"type":"Point","coordinates":[135.6930814,34.9828734]},"properties":{"z":28.5}},{"type":"Feature","geometry":{"type":"Point","coordinates":[135.6930726,34.9829177]},"properties":{"z":28.5}},{"type":"Feature","geometry":{"type":"Point","coordinates":[135.6930616,34.9829617]},"properties":{"z":28.5}},{"type":"Feature","geometry":{"type":"Point","coordinates":[135.6930499,34.9830057]},"properties":{"z":28.5}},{"type":"Feature","geometry":{"type":"Point","coordinates":[135.6930437,34.9830502]},"properties":{"z":28.5}},{"type":"Feature","geometry":{"type":"Point","coordinates":[135.693041,34.9830951]},"properties":{"z":28.5}},{"type":"Feature","geometry":{"type":"Point","coordinates":[135.6930399,34.98314]},"properties":{"z":28.5}},{"type":"Feature","geometry":{"type":"Point","coordinates":[135.6930352,34.9831848]},"properties":{"z":28.5}},{"type":"Feature","geometry":{"type":"Point","coordinates":[135.6930284,34.9832294]},"properties":{"z":28.5}},{"type":"Feature","geometry":{"type":"Point","coordinates":[135.693019,34.9832737]},"properties":{"z":28.5}},{"type":"Feature","geometry":{"type":"Point","coordinates":[135.6930136,34.9833183]},"properties":{"z":28.5}},{"type":"Feature","geometry":{"type":"Point","coordinates":[135.6930111,34.9833632]},"properties":{"z":28.5}},{"type":"Feature","geometry":{"type":"Point","coordinates":[135.6930077,34.9834081]},"properties":{"z":28.5}},{"type":"Feature","geometry":{"type":"Point","coordinates":[135.6930025,34.9834528]},"properties":{"z":28.5}},{"type":"Feature","geometry":{"type":"Point","coordinates":[135.6929953,34.9834974]},"properties":{"z":28.5}},{"type":"Feature","geometry":{"type":"Point","coordinates":[135.6929874,34.9835418]},"properties":{"z":28.5}},{"type":"Feature","geometry":{"type":"Point","coordinates":[135.6929814,34.9835865]},"properties":{"z":28.5}},{"type":"Feature","geometry":{"type":"Point","coordinates":[135.6929777,34.9836313]},"properties":{"z":28.5}},{"type":"Feature","geometry":{"type":"Point","coordinates":[135.6929777,34.9836763]},"properties":{"z":28.5}},{"type":"Feature","geometry":{"type":"Point","coordinates":[135.6929765,34.9837212]},"properties":{"z":28.5}},{"type":"Feature","geometry":{"type":"Point","coordinates":[135.6929716,34.983766]},"properties":{"z":28.5}},{"type":"Feature","geometry":{"type":"Point","coordinates":[135.6929712,34.9838108]},"properties":{"z":28.4}},{"type":"Feature","geometry":{"type":"Point","coordinates":[135.6929727,34.9838555]},"properties":{"z":28.4}},{"type":"Feature","geometry":{"type":"Point","coordinates":[135.6929641,34.9838999]},"properties":{"z":28.4}},{"type":"Feature","geometry":{"type":"Point","coordinates":[135.6929603,34.9839446]},"properties":{"z":28.4}},{"type":"Feature","geometry":{"type":"Point","coordinates":[135.6929614,34.9839895]},"properties":{"z":28.4}},{"type":"Feature","geometry":{"type":"Point","coordinates":[135.692959,34.9840344]},"properties":{"z":28.3}},{"type":"Feature","geometry":{"type":"Point","coordinates":[135.6929577,34.9840794]},"properties":{"z":28.3}},{"type":"Feature","geometry":{"type":"Point","coordinates":[135.6929554,34.9841242]},"properties":{"z":28.3}},{"type":"Feature","geometry":{"type":"Point","coordinates":[135.6929454,34.9841684]},"properties":{"z":28.3}},{"type":"Feature","geometry":{"type":"Point","coordinates":[135.692941,34.9842131]},"properties":{"z":28.3}},{"type":"Feature","geometry":{"type":"Point","coordinates":[135.6929373,34.9842579]},"properties":{"z":28.3}},{"type":"Feature","geometry":{"type":"Point","coordinates":[135.6929315,34.9843026]},"properties":{"z":28.4}},{"type":"Feature","geometry":{"type":"Point","coordinates":[135.6929254,34.9843473]},"properties":{"z":28.4}},{"type":"Feature","geometry":{"type":"Point","coordinates":[135.6929208,34.984392]},"properties":{"z":28.4}},{"type":"Feature","geometry":{"type":"Point","coordinates":[135.6929215,34.984437]},"properties":{"z":28.4}},{"type":"Feature","geometry":{"type":"Point","coordinates":[135.6929186,34.9844817]},"properties":{"z":28.4}},{"type":"Feature","geometry":{"type":"Point","coordinates":[135.6929103,34.9845262]},"properties":{"z":28.4}},{"type":"Feature","geometry":{"type":"Point","coordinates":[135.692906,34.9845709]},"properties":{"z":28.4}},{"type":"Feature","geometry":{"type":"Point","coordinates":[135.6929044,34.9846158]},"properties":{"z":28.4}},{"type":"Feature","geometry":{"type":"Point","coordinates":[135.6929038,34.9846608]},"properties":{"z":28.4}},{"type":"Feature","geometry":{"type":"Point","coordinates":[135.6929037,34.9847057]},"properties":{"z":28.4}},{"type":"Feature","geometry":{"type":"Point","coordinates":[135.6929047,34.9847507]},"properties":{"z":28.4}},{"type":"Feature","geometry":{"type":"Point","coordinates":[135.6929058,34.9847956]},"properties":{"z":28.3}},{"type":"Feature","geometry":{"type":"Point","coordinates":[135.6929058,34.9848406]},"properties":{"z":28.3}},{"type":"Feature","geometry":{"type":"Point","coordinates":[135.6929059,34.9848855]},"properties":{"z":28.3}},{"type":"Feature","geometry":{"type":"Point","coordinates":[135.6929106,34.9849303]},"properties":{"z":28.3}},{"type":"Feature","geometry":{"type":"Point","coordinates":[135.6929148,34.9849751]},"properties":{"z":28.2}},{"type":"Feature","geometry":{"type":"Point","coordinates":[135.6929151,34.9850201]},"properties":{"z":28.2}},{"type":"Feature","geometry":{"type":"Point","coordinates":[135.6929118,34.9850647]},"properties":{"z":28.2}},{"type":"Feature","geometry":{"type":"Point","coordinates":[135.6928987,34.9851083]},"properties":{"z":28.2}},{"type":"Feature","geometry":{"type":"Point","coordinates":[135.6928869,34.9851522]},"properties":{"z":28.2}},{"type":"Feature","geometry":{"type":"Point","coordinates":[135.6928652,34.9851925]},"properties":{"z":28.2}},{"type":"Feature","geometry":{"type":"Point","coordinates":[135.6928412,34.9852316]},"properties":{"z":28.2}},{"type":"Feature","geometry":{"type":"Point","coordinates":[135.6928368,34.9852763]},"properties":{"z":28.2}},{"type":"Feature","geometry":{"type":"Point","coordinates":[135.6928485,34.9853203]},"properties":{"z":28.2}},{"type":"Feature","geometry":{"type":"Point","coordinates":[135.6928654,34.985363]},"properties":{"z":28.2}},{"type":"Feature","geometry":{"type":"Point","coordinates":[135.6928924,34.9854015]},"properties":{"z":28.2}},{"type":"Feature","geometry":{"type":"Point","coordinates":[135.6929196,34.9854398]},"properties":{"z":28.2}},{"type":"Feature","geometry":{"type":"Point","coordinates":[135.6929338,34.9854832]},"properties":{"z":28.2}},{"type":"Feature","geometry":{"type":"Point","coordinates":[135.6929428,34.9855275]},"properties":{"z":28.2}},{"type":"Feature","geometry":{"type":"Point","coordinates":[135.6929471,34.9855723]},"properties":{"z":28.3}},{"type":"Feature","geometry":{"type":"Point","coordinates":[135.6929475,34.9856172]},"properties":{"z":28.3}},{"type":"Feature","geometry":{"type":"Point","coordinates":[135.6929464,34.9856621]},"properties":{"z":28.4}},{"type":"Feature","geometry":{"type":"Point","coordinates":[135.6929464,34.9857071]},"properties":{"z":28.4}},{"type":"Feature","geometry":{"type":"Point","coordinates":[135.6929474,34.985752]},"properties":{"z":28.4}},{"type":"Feature","geometry":{"type":"Point","coordinates":[135.6929469,34.9857969]},"properties":{"z":28.5}},{"type":"Feature","geometry":{"type":"Point","coordinates":[135.6929418,34.9858417]},"properties":{"z":28.5}},{"type":"Feature","geometry":{"type":"Point","coordinates":[135.6929405,34.9858866]},"properties":{"z":28.5}},{"type":"Feature","geometry":{"type":"Point","coordinates":[135.6929404,34.9859315]},"properties":{"z":28.6}},{"type":"Feature","geometry":{"type":"Point","coordinates":[135.6929406,34.9859764]},"properties":{"z":28.6}},{"type":"Feature","geometry":{"type":"Point","coordinates":[135.6929277,34.9860201]},"properties":{"z":28.7}},{"type":"Feature","geometry":{"type":"Point","coordinates":[135.6929224,34.9860645]},"properties":{"z":28.7}},{"type":"Feature","geometry":{"type":"Point","coordinates":[135.692923,34.9861095]},"properties":{"z":28.7}},{"type":"Feature","geometry":{"type":"Point","coordinates":[135.6929223,34.9861544]},"properties":{"z":28.7}},{"type":"Feature","geometry":{"type":"Point","coordinates":[135.692917,34.986199]},"properties":{"z":28.8}},{"type":"Feature","geometry":{"type":"Point","coordinates":[135.6929079,34.9862433]},"properties":{"z":28.8}},{"type":"Feature","geometry":{"type":"Point","coordinates":[135.6929063,34.9862883]},"properties":{"z":28.9}},{"type":"Feature","geometry":{"type":"Point","coordinates":[135.6929058,34.9863332]},"properties":{"z":28.9}},{"type":"Feature","geometry":{"type":"Point","coordinates":[135.6929068,34.9863781]},"properties":{"z":29.0}},{"type":"Feature","geometry":{"type":"Point","coordinates":[135.6929083,34.9864231]},"properties":{"z":29.0}},{"type":"Feature","geometry":{"type":"Point","coordinates":[135.6929091,34.986468]},"properties":{"z":29.0}},{"type":"Feature","geometry":{"type":"Point","coordinates":[135.692905,34.9865128]},"properties":{"z":29.0}},{"type":"Feature","geometry":{"type":"Point","coordinates":[135.6929054,34.9865576]},"properties":{"z":29.0}},{"type":"Feature","geometry":{"type":"Point","coordinates":[135.6929113,34.9866023]},"properties":{"z":28.9}},{"type":"Feature","geometry":{"type":"Point","coordinates":[135.6929148,34.9866471]},"properties":{"z":28.9}},{"type":"Feature","geometry":{"type":"Point","coordinates":[135.6929161,34.986692]},"properties":{"z":28.9}},{"type":"Feature","geometry":{"type":"Point","coordinates":[135.6929143,34.986737]},"properties":{"z":28.9}},{"type":"Feature","geometry":{"type":"Point","coordinates":[135.6929056,34.9867813]},"properties":{"z":29.0}},{"type":"Feature","geometry":{"type":"Point","coordinates":[135.6929033,34.9868259]},"properties":{"z":29.0}},{"type":"Feature","geometry":{"type":"Point","coordinates":[135.6929079,34.9868707]},"properties":{"z":29.1}},{"type":"Feature","geometry":{"type":"Point","coordinates":[135.6929132,34.9869154]},"properties":{"z":29.2}},{"type":"Feature","geometry":{"type":"Point","coordinates":[135.6929157,34.9869603]},"properties":{"z":29.2}},{"type":"Feature","geometry":{"type":"Point","coordinates":[135.692915,34.9870053]},"properties":{"z":29.3}},{"type":"Feature","geometry":{"type":"Point","coordinates":[135.6929133,34.9870502]},"properties":{"z":29.4}},{"type":"Feature","geometry":{"type":"Point","coordinates":[135.6929113,34.9870951]},"properties":{"z":29.4}},{"type":"Feature","geometry":{"type":"Point","coordinates":[135.6929126,34.98714]},"properties":{"z":29.5}},{"type":"Feature","geometry":{"type":"Point","coordinates":[135.6929154,34.9871849]},"properties":{"z":29.6}},{"type":"Feature","geometry":{"type":"Point","coordinates":[135.6929158,34.9872298]},"properties":{"z":29.6}},{"type":"Feature","geometry":{"type":"Point","coordinates":[135.6929192,34.9872747]},"properties":{"z":29.6}},{"type":"Feature","geometry":{"type":"Point","coordinates":[135.6929246,34.9873194]},"properties":{"z":29.6}},{"type":"Feature","geometry":{"type":"Point","coordinates":[135.6929157,34.9873634]},"properties":{"z":29.1}},{"type":"Feature","geometry":{"type":"Point","coordinates":[135.6929066,34.9874076]},"properties":{"z":29.1}},{"type":"Feature","geometry":{"type":"Point","coordinates":[135.6929051,34.9874525]},"properties":{"z":29.1}},{"type":"Feature","geometry":{"type":"Point","coordinates":[135.6929023,34.9874974]},"properties":{"z":28.8}},{"type":"Feature","geometry":{"type":"Point","coordinates":[135.6929068,34.9875422]},"properties":{"z":28.9}},{"type":"Feature","geometry":{"type":"Point","coordinates":[135.6929126,34.9875869]},"properties":{"z":28.3}},{"type":"Feature","geometry":{"type":"Point","coordinates":[135.6929159,34.9876316]},"properties":{"z":28.4}},{"type":"Feature","geometry":{"type":"Point","coordinates":[135.6929143,34.9876766]},"properties":{"z":28.5}},{"type":"Feature","geometry":{"type":"Point","coordinates":[135.6929134,34.9877215]},"properties":{"z":28.5}},{"type":"Feature","geometry":{"type":"Point","coordinates":[135.6929185,34.9877663]},"properties":{"z":28.6}},{"type":"Feature","geometry":{"type":"Point","coordinates":[135.6929206,34.9878111]},"properties":{"z":28.6}},{"type":"Feature","geometry":{"type":"Point","coordinates":[135.6929201,34.9878561]},"properties":{"z":28.7}},{"type":"Feature","geometry":{"type":"Point","coordinates":[135.6929177,34.987901]},"properties":{"z":28.8}},{"type":"Feature","geometry":{"type":"Point","coordinates":[135.6929149,34.9879459]},"properties":{"z":28.8}},{"type":"Feature","geometry":{"type":"Point","coordinates":[135.6929118,34.9879907]},"properties":{"z":29.0}},{"type":"Feature","geometry":{"type":"Point","coordinates":[135.692915,34.9880356]},"properties":{"z":29.1}},{"type":"Feature","geometry":{"type":"Point","coordinates":[135.6929212,34.9880803]},"properties":{"z":29.1}},{"type":"Feature","geometry":{"type":"Point","coordinates":[135.6929261,34.988125]},"properties":{"z":29.2}},{"type":"Feature","geometry":{"type":"Point","coordinates":[135.6929291,34.9881699]},"properties":{"z":29.4}},{"type":"Feature","geometry":{"type":"Point","coordinates":[135.6929314,34.9882148]},"properties":{"z":29.4}},{"type":"Feature","geometry":{"type":"Point","coordinates":[135.6929333,34.9882597]},"properties":{"z":29.5}},{"type":"Feature","geometry":{"type":"Point","coordinates":[135.6929338,34.9883047]},"properties":{"z":29.5}},{"type":"Feature","geometry":{"type":"Point","coordinates":[135.6929324,34.9883496]},"properties":{"z":29.7}},{"type":"Feature","geometry":{"type":"Point","coordinates":[135.6929311,34.9883945]},"properties":{"z":29.8}},{"type":"Feature","geometry":{"type":"Point","coordinates":[135.6929345,34.9884394]},"properties":{"z":29.8}},{"type":"Feature","geometry":{"type":"Point","coordinates":[135.692934,34.9884843]},"properties":{"z":30.0}},{"type":"Feature","geometry":{"type":"Point","coordinates":[135.6929326,34.9885292]},"properties":{"z":30.0}},{"type":"Feature","geometry":{"type":"Point","coordinates":[135.692933,34.9885742]},"properties":{"z":30.0}},{"type":"Feature","geometry":{"type":"Point","coordinates":[135.6929332,34.9886191]},"properties":{"z":30.0}},{"type":"Feature","geometry":{"type":"Point","coordinates":[135.6929328,34.9886641]},"properties":{"z":30.0}},{"type":"Feature","geometry":{"type":"Point","coordinates":[135.6929324,34.988709]},"properties":{"z":30.0}},{"type":"Feature","geometry":{"type":"Point","coordinates":[135.6929294,34.9887539]},"properties":{"z":30.0}},{"type":"Feature","geometry":{"type":"Point","coordinates":[135.6929201,34.988798]},"properties":{"z":30.0}},{"type":"Feature","geometry":{"type":"Point","coordinates":[135.6929082,34.9888416]},"properties":{"z":30.0}},{"type":"Feature","geometry":{"type":"Point","coordinates":[135.6929093,34.9888865]},"properties":{"z":30.0}},{"type":"Feature","geometry":{"type":"Point","coordinates":[135.6929122,34.9889314]},"properties":{"z":30.0}},{"type":"Feature","geometry":{"type":"Point","coordinates":[135.6929158,34.9889763]},"properties":{"z":30.0}},{"type":"Feature","geometry":{"type":"Point","coordinates":[135.6929195,34.9890211]},"properties":{"z":30.0}},{"type":"Feature","geometry":{"type":"Point","coordinates":[135.692923,34.989066]},"properties":{"z":30.0}},{"type":"Feature","geometry":{"type":"Point","coordinates":[135.6929234,34.9891109]},"properties":{"z":30.0}},{"type":"Feature","geometry":{"type":"Point","coordinates":[135.6929216,34.9891558]},"properties":{"z":30.0}},{"type":"Feature","geometry":{"type":"Point","coordinates":[135.6929193,34.9892007]},"properties":{"z":30.0}},{"type":"Feature","geometry":{"type":"Point","coordinates":[135.6929187,34.9892457]},"properties":{"z":30.0}},{"type":"Feature","geometry":{"type":"Point","coordinates":[135.6929186,34.9892906]},"properties":{"z":30.0}},{"type":"Feature","geometry":{"type":"Point","coordinates":[135.692918,34.9893356]},"properties":{"z":30.0}},{"type":"Feature","geometry":{"type":"Point","coordinates":[135.6929168,34.9893805]},"properties":{"z":30.0}},{"type":"Feature","geometry":{"type":"Point","coordinates":[135.692916,34.9894254]},"properties":{"z":30.0}},{"type":"Feature","geometry":{"type":"Point","coordinates":[135.6929175,34.9894704]},"properties":{"z":30.0}},{"type":"Feature","geometry":{"type":"Point","coordinates":[135.6929158,34.9895153]},"properties":{"z":30.0}},{"type":"Feature","geometry":{"type":"Point","coordinates":[135.6929129,34.9895602]},"properties":{"z":30.0}},{"type":"Feature","geometry":{"type":"Point","coordinates":[135.6929099,34.989605]},"properties":{"z":30.0}},{"type":"Feature","geometry":{"type":"Point","coordinates":[135.6929125,34.9896499]},"properties":{"z":30.0}},{"type":"Feature","geometry":{"type":"Point","coordinates":[135.6929149,34.9896948]},"properties":{"z":30.0}},{"type":"Feature","geometry":{"type":"Point","coordinates":[135.6929152,34.9897397]},"properties":{"z":30.0}},{"type":"Feature","geometry":{"type":"Point","coordinates":[135.6929058,34.9897839]},"properties":{"z":30.0}},{"type":"Feature","geometry":{"type":"Point","coordinates":[135.6929055,34.9898287]},"properties":{"z":30.0}},{"type":"Feature","geometry":{"type":"Point","coordinates":[135.6929102,34.9898734]},"properties":{"z":30.0}},{"type":"Feature","geometry":{"type":"Point","coordinates":[135.6929197,34.9899177]},"properties":{"z":30.0}},{"type":"Feature","geometry":{"type":"Point","coordinates":[135.692922,34.9899625]},"properties":{"z":30.0}},{"type":"Feature","geometry":{"type":"Point","coordinates":[135.6929223,34.9900074]},"properties":{"z":30.0}},{"type":"Feature","geometry":{"type":"Point","coordinates":[135.692921,34.9900524]},"properties":{"z":30.0}},{"type":"Feature","geometry":{"type":"Point","coordinates":[135.6929204,34.9900973]},"properties":{"z":30.0}},{"type":"Feature","geometry":{"type":"Point","coordinates":[135.69292,34.9901423]},"properties":{"z":30.0}},{"type":"Feature","geometry":{"type":"Point","coordinates":[135.6929129,34.9901868]},"properties":{"z":30.0}},{"type":"Feature","geometry":{"type":"Point","coordinates":[135.6929098,34.9902316]},"properties":{"z":30.1}},{"type":"Feature","geometry":{"type":"Point","coordinates":[135.6929188,34.9902738]},"properties":{"z":30.1}},{"type":"Feature","geometry":{"type":"Point","coordinates":[135.6929549,34.9903077]},"properties":{"z":30.1}},{"type":"Feature","geometry":{"type":"Point","coordinates":[135.6929911,34.9903415]},"properties":{"z":30.1}},{"type":"Feature","geometry":{"type":"Point","coordinates":[135.6930244,34.9903772]},"properties":{"z":30.1}},{"type":"Feature","geometry":{"type":"Point","coordinates":[135.6930524,34.9904157]},"properties":{"z":30.1}},{"type":"Feature","geometry":{"type":"Point","coordinates":[135.6930662,34.9904589]},"properties":{"z":30.1}},{"type":"Feature","geometry":{"type":"Point","coordinates":[135.6930848,34.9905003]},"properties":{"z":30.1}},{"type":"Feature","geometry":{"type":"Point","coordinates":[135.693122,34.9905304]},"properties":{"z":30.1}},{"type":"Feature","geometry":{"type":"Point","coordinates":[135.6931734,34.9905452]},"properties":{"z":30.1}},{"type":"Feature","geometry":{"type":"Point","coordinates":[135.693227,34.990555]},"properties":{"z":30.1}},{"type":"Feature","geometry":{"type":"Point","coordinates":[135.6932812,34.9905616]},"properties":{"z":30.1}},{"type":"Feature","geometry":{"type":"Point","coordinates":[135.6933327,34.9905766]},"properties":{"z":30.1}},{"type":"Feature","geometry":{"type":"Point","coordinates":[135.6933527,34.9906145]},"properties":{"z":30.1}},{"type":"Feature","geometry":{"type":"Point","coordinates":[135.6933341,34.990656]},"properties":{"z":30.1}},{"type":"Feature","geometry":{"type":"Point","coordinates":[135.6933175,34.9906986]},"properties":{"z":30.1}},{"type":"Feature","geometry":{"type":"Point","coordinates":[135.6933121,34.9907433]},"properties":{"z":30.1}},{"type":"Feature","geometry":{"type":"Point","coordinates":[135.6933113,34.9907882]},"properties":{"z":30.1}},{"type":"Feature","geometry":{"type":"Point","coordinates":[135.6933063,34.9908329]},"properties":{"z":30.1}},{"type":"Feature","geometry":{"type":"Point","coordinates":[135.693306,34.9908777]},"properties":{"z":30.1}},{"type":"Feature","geometry":{"type":"Point","coordinates":[135.6933105,34.9909225]},"properties":{"z":30.1}},{"type":"Feature","geometry":{"type":"Point","coordinates":[135.693312,34.9909671]},"properties":{"z":30.1}},{"type":"Feature","geometry":{"type":"Point","coordinates":[135.6933015,34.9910111]},"properties":{"z":30.1}},{"type":"Feature","geometry":{"type":"Point","coordinates":[135.6932829,34.9910534]},"properties":{"z":30.1}},{"type":"Feature","geometry":{"type":"Point","coordinates":[135.6932691,34.9910843]},"properties":{"z":30.1}}]}