{"type":"FeatureCollection","features":[{"type":"Feature","geometry":{"type":"Point","coordinates":[135.8810321,34.9994575]},"properties":{"z":97.3}},{"type":"Feature","geometry":{"type":"Point","coordinates":[135.881064,34.9994941]},"properties":{"z":96.9}},{"type":"Feature","geometry":{"type":"Point","coordinates":[135.8810981,34.9995288]},"properties":{"z":96.9}},{"type":"Feature","geometry":{"type":"Point","coordinates":[135.8811441,34.9995533]},"properties":{"z":96.6}},{"type":"Feature","geometry":{"type":"Point","coordinates":[135.8811902,34.9995777]},"properties":{"z":96.5}},{"type":"Feature","geometry":{"type":"Point","coordinates":[135.881232,34.9996068]},"properties":{"z":96.3}},{"type":"Feature","geometry":{"type":"Point","coordinates":[135.8812737,34.999636]},"properties":{"z":96.1}},{"type":"Feature","geometry":{"type":"Point","coordinates":[135.8813034,34.9996738]},"properties":{"z":96.1}},{"type":"Feature","geometry":{"type":"Point","coordinates":[135.881322,34.9997122]},"properties":{"z":95.8}},{"type":"Feature","geometry":{"type":"Point","coordinates":[135.8812982,34.9997527]},"properties":{"z":96.0}},{"type":"Feature","geometry":{"type":"Point","coordinates":[135.8812743,34.9997932]},"properties":{"z":96.0}},{"type":"Feature","geometry":{"type":"Point","coordinates":[135.8812505,34.9998337]},"properties":{"z":96.0}},{"type":"Feature","geometry":{"type":"Point","coordinates":[135.881235,34.9998766]},"properties":{"z":96.0}},{"type":"Feature","geometry":{"type":"Point","coordinates":[135.8812223,34.9999203]},"properties":{"z":96.1}},{"type":"Feature","geometry":{"type":"Point","coordinates":[135.8812097,34.9999641]},"properties":{"z":96.1}},{"type":"Feature","geometry":{"type":"Point","coordinates":[135.881197,35.0000078]},"properties":{"z":95.8}},{"type":"Feature","geometry":{"type":"Point","coordinates":[135.8811876,35.000052]},"properties":{"z":95.6}},{"type":"Feature","geometry":{"type":"Point","coordinates":[135.8811808,35.0000966]},"properties":{"z":95.6}},{"type":"Feature","geometry":{"type":"Point","coordinates":[135.8811739,35.0001412]},"properties":{"z":95.2}},{"type":"Feature","geometry":{"type":"Point","coordinates":[135.8811671,35.0001858]},"properties":{"z":95.2}},{"type":"Feature","geometry":{"type":"Point","coordinates":[135.8811603,35.0002304]},"properties":{"z":94.9}},{"type":"Feature","geometry":{"type":"Point","coordinates":[135.881151,35.0002747]},"properties":{"z":94.6}},{"type":"Feature","geometry":{"type":"Point","coordinates":[135.8811371,35.0003181]},"properties":{"z":94.7}},{"type":"Feature","geometry":{"type":"Point","coordinates":[135.8811232,35.0003616]},"properties":{"z":94.3}},{"type":"Feature","geometry":{"type":"Point","coordinates":[135.8811093,35.0004051]},"properties":{"z":94.1}},{"type":"Feature","geometry":{"type":"Point","coordinates":[135.8810955,35.0004486]},"properties":{"z":94.1}},{"type":"Feature","geometry":{"type":"Point","coordinates":[135.8810854,35.0004927]},"properties":{"z":93.8}},{"type":"Feature","geometry":{"type":"Point","coordinates":[135.8810772,35.0005372]},"properties":{"z":93.8}},{"type":"Feature","geometry":{"type":"Point","coordinates":[135.8810689,35.0005816]},"properties":{"z":93.7}},{"type":"Feature","geometry":{"type":"Point","coordinates":[135.8810606,35.0006261]},"properties":{"z":93.5}},{"type":"Feature","geometry":{"type":"Point","coordinates":[135.8810524,35.0006705]},"properties":{"z":93.5}},{"type":"Feature","geometry":{"type":"Point","coordinates":[135.881043,35.0007148]},"properties":{"z":93.8}},{"type":"Feature","geometry":{"type":"Point","coordinates":[135.8810331,35.000759]},"properties":{"z":93.7}},{"type":"Feature","geometry":{"type":"Point","coordinates":[135.8810232,35.0008032]},"properties":{"z":93.7}},{"type":"Feature","geometry":{"type":"Point","coordinates":[135.8810132,35.0008474]},"properties":{"z":93.5}},{"type":"Feature","geometry":{"type":"Point","coordinates":[135.8810033,35.0008916]},"properties":{"z":93.5}},{"type":"Feature","geometry":{"type":"Point","coordinates":[135.8809938,35.0009359]},"properties":{"z":93.2}},{"type":"Feature","geometry":{"type":"Point","coordinates":[135.8809851,35.0009803]},"properties":{"z":92.9}},{"type":"Feature","geometry":{"type":"Point","coordinates":[135.8809763,35.0010247]},"properties":{"z":92.9}},{"type":"Feature","geometry":{"type":"Point","coordinates":[135.8809676,35.001069]},"properties":{"z":92.5}},{"type":"Feature","geometry":{"type":"Point","coordinates":[135.8809589,35.0011134]},"properties":{"z":92.6}},{"type":"Feature","geometry":{"type":"Point","coordinates":[135.8809502,35.0011578]},"properties":{"z":92.6}},{"type":"Feature","geometry":{"type":"Point","coordinates":[135.8809414,35.0012022]},"properties":{"z":92.3}},{"type":"Feature","geometry":{"type":"Point","coordinates":[135.8809378,35.0012469]},"properties":{"z":92.1}},{"type":"Feature","geometry":{"type":"Point","coordinates":[135.8809378,35.0012918]},"properties":{"z":92.1}},{"type":"Feature","geometry":{"type":"Point","coordinates":[135.8809378,35.0013368]},"properties":{"z":92.2}},{"type":"Feature","geometry":{"type":"Point","coordinates":[135.8809373,35.0013817]},"properties":{"z":92.2}},{"type":"Feature","geometry":{"type":"Point","coordinates":[135.8809342,35.0014266]},"properties":{"z":92.2}},{"type":"Feature","geometry":{"type":"Point","coordinates":[135.880931,35.0014715]},"properties":{"z":92.1}},{"type":"Feature","geometry":{"type":"Point","coordinates":[135.8809278,35.0015164]},"properties":{"z":92.1}},{"type":"Feature","geometry":{"type":"Point","coordinates":[135.8809246,35.0015612]},"properties":{"z":91.5}},{"type":"Feature","geometry":{"type":"Point","coordinates":[135.8809214,35.0016061]},"properties":{"z":90.9}},{"type":"Feature","geometry":{"type":"Point","coordinates":[135.8809182,35.001651]},"properties":{"z":90.9}},{"type":"Feature","geometry":{"type":"Point","coordinates":[135.880915,35.0016959]},"properties":{"z":90.3}},{"type":"Feature","geometry":{"type":"Point","coordinates":[135.8809118,35.0017407]},"properties":{"z":90.0}},{"type":"Feature","geometry":{"type":"Point","coordinates":[135.8809087,35.0017856]},"properties":{"z":90.0}},{"type":"Feature","geometry":{"type":"Point","coordinates":[135.8809042,35.0018304]},"properties":{"z":89.9}},{"type":"Feature","geometry":{"type":"Point","coordinates":[135.8808995,35.0018752]},"properties":{"z":89.9}},{"type":"Feature","geometry":{"type":"Point","coordinates":[135.8808949,35.00192]},"properties":{"z":89.9}},{"type":"Feature","geometry":{"type":"Point","coordinates":[135.8808902,35.0019648]},"properties":{"z":89.8}},{"type":"Feature","geometry":{"type":"Point","coordinates":[135.8808856,35.0020096]},"properties":{"z":89.8}},{"type":"Feature","geometry":{"type":"Point","coordinates":[135.8808809,35.0020544]},"properties":{"z":89.7}},{"type":"Feature","geometry":{"type":"Point","coordinates":[135.8808763,35.0020992]},"properties":{"z":89.7}},{"type":"Feature","geometry":{"type":"Point","coordinates":[135.8808717,35.002144]},"properties":{"z":89.7}},{"type":"Feature","geometry":{"type":"Point","coordinates":[135.880867,35.0021887]},"properties":{"z":89.6}},{"type":"Feature","geometry":{"type":"Point","coordinates":[135.8808624,35.0022335]},"properties":{"z":89.5}},{"type":"Feature","geometry":{"type":"Point","coordinates":[135.8808577,35.0022783]},"properties":{"z":89.5}},{"type":"Feature","geometry":{"type":"Point","coordinates":[135.8808535,35.0023231]},"properties":{"z":89.4}},{"type":"Feature","geometry":{"type":"Point","coordinates":[135.8808496,35.002368]},"properties":{"z":89.4}},{"type":"Feature","geometry":{"type":"Point","coordinates":[135.8808458,35.0024128]},"properties":{"z":89.3}},{"type":"Feature","geometry":{"type":"Point","coordinates":[135.880842,35.0024577]},"properties":{"z":89.1}},{"type":"Feature","geometry":{"type":"Point","coordinates":[135.8808382,35.0025025]},"properties":{"z":89.1}},{"type":"Feature","geometry":{"type":"Point","coordinates":[135.8808343,35.0025474]},"properties":{"z":89.1}},{"type":"Feature","geometry":{"type":"Point","coordinates":[135.8808305,35.0025922]},"properties":{"z":89.0}},{"type":"Feature","geometry":{"type":"Point","coordinates":[135.8808267,35.002637]},"properties":{"z":89.0}},{"type":"Feature","geometry":{"type":"Point","coordinates":[135.8808229,35.0026819]},"properties":{"z":88.9}},{"type":"Feature","geometry":{"type":"Point","coordinates":[135.8808195,35.0027267]},"properties":{"z":88.8}},{"type":"Feature","geometry":{"type":"Point","coordinates":[135.8808177,35.0027717]},"properties":{"z":88.8}},{"type":"Feature","geometry":{"type":"Point","coordinates":[135.8808159,35.0028166]},"properties":{"z":88.8}},{"type":"Feature","geometry":{"type":"Point","coordinates":[135.8808142,35.0028615]},"properties":{"z":88.8}},{"type":"Feature","geometry":{"type":"Point","coordinates":[135.8808124,35.0029065]},"properties":{"z":88.7}},{"type":"Feature","geometry":{"type":"Point","coordinates":[135.8808106,35.0029514]},"properties":{"z":88.7}},{"type":"Feature","geometry":{"type":"Point","coordinates":[135.8808088,35.0029963]},"properties":{"z":88.7}},{"type":"Feature","geometry":{"type":"Point","coordinates":[135.8808205,35.0030389]},"properties":{"z":88.6}},{"type":"Feature","geometry":{"type":"Point","coordinates":[135.8808443,35.0030795]},"properties":{"z":88.6}},{"type":"Feature","geometry":{"type":"Point","coordinates":[135.880868,35.00312]},"properties":{"z":88.6}},{"type":"Feature","geometry":{"type":"Point","coordinates":[135.8808917,35.0031605]},"properties":{"z":88.5}},{"type":"Feature","geometry":{"type":"Point","coordinates":[135.8809154,35.0032011]},"properties":{"z":88.5}},{"type":"Feature","geometry":{"type":"Point","coordinates":[135.8809391,35.0032416]},"properties":{"z":88.5}},{"type":"Feature","geometry":{"type":"Point","coordinates":[135.8809594,35.0032833]},"properties":{"z":88.5}},{"type":"Feature","geometry":{"type":"Point","coordinates":[135.8809789,35.0033254]},"properties":{"z":88.5}},{"type":"Feature","geometry":{"type":"Point","coordinates":[135.8809984,35.0033674]},"properties":{"z":88.4}},{"type":"Feature","geometry":{"type":"Point","coordinates":[135.8810179,35.0034094]},"properties":{"z":88.4}},{"type":"Feature","geometry":{"type":"Point","coordinates":[135.8810374,35.0034514]},"properties":{"z":88.3}},{"type":"Feature","geometry":{"type":"Point","coordinates":[135.8810569,35.0034935]},"properties":{"z":88.3}},{"type":"Feature","geometry":{"type":"Point","coordinates":[135.8810752,35.0035358]},"properties":{"z":88.3}},{"type":"Feature","geometry":{"type":"Point","coordinates":[135.8810935,35.0035782]},"properties":{"z":88.2}},{"type":"Feature","geometry":{"type":"Point","coordinates":[135.8811118,35.0036206]},"properties":{"z":88.2}},{"type":"Feature","geometry":{"type":"Point","coordinates":[135.8811301,35.003663]},"properties":{"z":88.2}},{"type":"Feature","geometry":{"type":"Point","coordinates":[135.8811484,35.0037053]},"properties":{"z":88.3}},{"type":"Feature","geometry":{"type":"Point","coordinates":[135.8811643,35.0037483]},"properties":{"z":88.2}},{"type":"Feature","geometry":{"type":"Point","coordinates":[135.8811785,35.0037917]},"properties":{"z":88.1}},{"type":"Feature","geometry":{"type":"Point","coordinates":[135.8811928,35.0038352]},"properties":{"z":88.1}},{"type":"Feature","geometry":{"type":"Point","coordinates":[135.881207,35.0038786]},"properties":{"z":88.1}},{"type":"Feature","geometry":{"type":"Point","coordinates":[135.881221,35.003922]},"properties":{"z":88.0}},{"type":"Feature","geometry":{"type":"Point","coordinates":[135.8812261,35.0039668]},"properties":{"z":88.0}},{"type":"Feature","geometry":{"type":"Point","coordinates":[135.8812313,35.0040115]},"properties":{"z":87.9}},{"type":"Feature","geometry":{"type":"Point","coordinates":[135.8812364,35.0040563]},"properties":{"z":87.9}},{"type":"Feature","geometry":{"type":"Point","coordinates":[135.8812416,35.004101]},"properties":{"z":87.9}},{"type":"Feature","geometry":{"type":"Point","coordinates":[135.8812467,35.0041458]},"properties":{"z":87.8}},{"type":"Feature","geometry":{"type":"Point","coordinates":[135.8812541,35.0041903]},"properties":{"z":87.8}},{"type":"Feature","geometry":{"type":"Point","coordinates":[135.8812663,35.0042341]},"properties":{"z":87.7}},{"type":"Feature","geometry":{"type":"Point","coordinates":[135.8812786,35.0042779]},"properties":{"z":87.7}},{"type":"Feature","geometry":{"type":"Point","coordinates":[135.8812908,35.0043217]},"properties":{"z":87.7}},{"type":"Feature","geometry":{"type":"Point","coordinates":[135.8813004,35.0043659]},"properties":{"z":87.6}},{"type":"Feature","geometry":{"type":"Point","coordinates":[135.8813069,35.0044106]},"properties":{"z":87.6}},{"type":"Feature","geometry":{"type":"Point","coordinates":[135.8813134,35.0044552]},"properties":{"z":87.6}},{"type":"Feature","geometry":{"type":"Point","coordinates":[135.8813198,35.0044998]},"properties":{"z":87.5}},{"type":"Feature","geometry":{"type":"Point","coordinates":[135.8813263,35.0045445]},"properties":{"z":87.5}},{"type":"Feature","geometry":{"type":"Point","coordinates":[135.8813336,35.004589]},"properties":{"z":87.4}},{"type":"Feature","geometry":{"type":"Point","coordinates":[135.8813411,35.0046336]},"properties":{"z":87.4}},{"type":"Feature","geometry":{"type":"Point","coordinates":[135.8813485,35.0046781]},"properties":{"z":87.4}},{"type":"Feature","geometry":{"type":"Point","coordinates":[135.8813559,35.0047226]},"properties":{"z":87.3}},{"type":"Feature","geometry":{"type":"Point","coordinates":[135.8813633,35.0047672]},"properties":{"z":87.3}},{"type":"Feature","geometry":{"type":"Point","coordinates":[135.8813707,35.0048117]},"properties":{"z":87.3}},{"type":"Feature","geometry":{"type":"Point","coordinates":[135.8813781,35.0048563]},"properties":{"z":87.3}},{"type":"Feature","geometry":{"type":"Point","coordinates":[135.8813881,35.0049004]},"properties":{"z":87.3}},{"type":"Feature","geometry":{"type":"Point","coordinates":[135.8813988,35.0049445]},"properties":{"z":87.4}},{"type":"Feature","geometry":{"type":"Point","coordinates":[135.8814096,35.0049886]},"properties":{"z":87.4}},{"type":"Feature","geometry":{"type":"Point","coordinates":[135.8814204,35.0050327]},"properties":{"z":87.4}},{"type":"Feature","geometry":{"type":"Point","coordinates":[135.8813722,35.0050448]},"properties":{"z":87.4}},{"type":"Feature","geometry":{"type":"Point","coordinates":[135.8813185,35.0050539]},"properties":{"z":87.4}},{"type":"Feature","geometry":{"type":"Point","coordinates":[135.8812647,35.005063]},"properties":{"z":87.4}},{"type":"Feature","geometry":{"type":"Point","coordinates":[135.8812104,35.005069]},"properties":{"z":87.3}},{"type":"Feature","geometry":{"type":"Point","coordinates":[135.8811558,35.0050739]},"properties":{"z":87.3}},{"type":"Feature","geometry":{"type":"Point","coordinates":[135.8811013,35.0050788]},"properties":{"z":87.3}},{"type":"Feature","geometry":{"type":"Point","coordinates":[135.8810467,35.0050836]},"properties":{"z":87.3}},{"type":"Feature","geometry":{"type":"Point","coordinates":[135.8809922,35.0050885]},"properties":{"z":87.3}},{"type":"Feature","geometry":{"type":"Point","coordinates":[135.8809376,35.0050934]},"properties":{"z":87.2}},{"type":"Feature","geometry":{"type":"Point","coordinates":[135.8808831,35.0050983]},"properties":{"z":87.2}},{"type":"Feature","geometry":{"type":"Point","coordinates":[135.880829,35.0051058]},"properties":{"z":87.1}},{"type":"Feature","geometry":{"type":"Point","coordinates":[135.880775,35.0051139]},"properties":{"z":87.2}},{"type":"Feature","geometry":{"type":"Point","coordinates":[135.880721,35.0051221]},"properties":{"z":87.2}},{"type":"Feature","geometry":{"type":"Point","coordinates":[135.880667,35.0051302]},"properties":{"z":87.1}},{"type":"Feature","geometry":{"type":"Point","coordinates":[135.8806131,35.0051383]},"properties":{"z":87.1}},{"type":"Feature","geometry":{"type":"Point","coordinates":[135.8805593,35.0051472]},"properties":{"z":87.1}},{"type":"Feature","geometry":{"type":"Point","coordinates":[135.8805057,35.0051568]},"properties":{"z":87.0}},{"type":"Feature","geometry":{"type":"Point","coordinates":[135.8804521,35.0051665]},"properties":{"z":87.0}},{"type":"Feature","geometry":{"type":"Point","coordinates":[135.8803985,35.0051762]},"properties":{"z":87.0}},{"type":"Feature","geometry":{"type":"Point","coordinates":[135.8803449,35.0051858]},"properties":{"z":87.0}},{"type":"Feature","geometry":{"type":"Point","coordinates":[135.8802913,35.0051955]},"properties":{"z":87.0}},{"type":"Feature","geometry":{"type":"Point","coordinates":[135.880238,35.0052063]},"properties":{"z":86.9}},{"type":"Feature","geometry":{"type":"Point","coordinates":[135.8802183,35.0052386]},"properties":{"z":86.9}},{"type":"Feature","geometry":{"type":"Point","coordinates":[135.8801706,35.0052491]},"properties":{"z":86.9}},{"type":"Feature","geometry":{"type":"Point","coordinates":[135.8801162,35.005255]},"properties":{"z":86.9}},{"type":"Feature","geometry":{"type":"Point","coordinates":[135.8800623,35.0052634]},"properties":{"z":86.9}},{"type":"Feature","geometry":{"type":"Point","coordinates":[135.8800084,35.0052718]},"properties":{"z":86.8}},{"type":"Feature","geometry":{"type":"Point","coordinates":[135.8800082,35.0053106]},"properties":{"z":86.8}},{"type":"Feature","geometry":{"type":"Point","coordinates":[135.8800177,35.0053549]},"properties":{"z":86.9}},{"type":"Feature","geometry":{"type":"Point","coordinates":[135.8800271,35.0053992]},"properties":{"z":86.9}},{"type":"Feature","geometry":{"type":"Point","coordinates":[135.8800365,35.0054435]},"properties":{"z":86.9}},{"type":"Feature","geometry":{"type":"Point","coordinates":[135.8800445,35.005488]},"properties":{"z":87.0}},{"type":"Feature","geometry":{"type":"Point","coordinates":[135.8800508,35.0055326]},"properties":{"z":87.0}},{"type":"Feature","geometry":{"type":"Point","coordinates":[135.8800572,35.0055773]},"properties":{"z":87.1}},{"type":"Feature","geometry":{"type":"Point","coordinates":[135.8800635,35.0056219]},"properties":{"z":87.1}},{"type":"Feature","geometry":{"type":"Point","coordinates":[135.8800698,35.0056666]},"properties":{"z":87.1}},{"type":"Feature","geometry":{"type":"Point","coordinates":[135.8800787,35.0057109]},"properties":{"z":87.1}},{"type":"Feature","geometry":{"type":"Point","coordinates":[135.880088,35.0057552]},"properties":{"z":87.2}},{"type":"Feature","geometry":{"type":"Point","coordinates":[135.8800973,35.0057995]},"properties":{"z":87.2}},{"type":"Feature","geometry":{"type":"Point","coordinates":[135.8801066,35.0058438]},"properties":{"z":87.2}},{"type":"Feature","geometry":{"type":"Point","coordinates":[135.880116,35.0058881]},"properties":{"z":87.3}},{"type":"Feature","geometry":{"type":"Point","coordinates":[135.8801253,35.0059324]},"properties":{"z":87.3}},{"type":"Feature","geometry":{"type":"Point","coordinates":[135.8801347,35.0059767]},"properties":{"z":87.3}},{"type":"Feature","geometry":{"type":"Point","coordinates":[135.8801441,35.006021]},"properties":{"z":87.3}},{"type":"Feature","geometry":{"type":"Point","coordinates":[135.8801535,35.0060653]},"properties":{"z":87.3}},{"type":"Feature","geometry":{"type":"Point","coordinates":[135.8801629,35.0061096]},"properties":{"z":87.4}},{"type":"Feature","geometry":{"type":"Point","coordinates":[135.8801723,35.0061538]},"properties":{"z":87.4}},{"type":"Feature","geometry":{"type":"Point","coordinates":[135.8801814,35.0061982]},"properties":{"z":87.4}},{"type":"Feature","geometry":{"type":"Point","coordinates":[135.8801901,35.0062426]},"properties":{"z":87.4}},{"type":"Feature","geometry":{"type":"Point","coordinates":[135.8801988,35.0062869]},"properties":{"z":87.5}},{"type":"Feature","geometry":{"type":"Point","coordinates":[135.8802077,35.0063313]},"properties":{"z":87.5}},{"type":"Feature","geometry":{"type":"Point","coordinates":[135.8802178,35.0063755]},"properties":{"z":87.5}},{"type":"Feature","geometry":{"type":"Point","coordinates":[135.8802279,35.0064197]},"properties":{"z":87.5}},{"type":"Feature","geometry":{"type":"Point","coordinates":[135.8802381,35.0064638]},"properties":{"z":87.6}},{"type":"Feature","geometry":{"type":"Point","coordinates":[135.8802467,35.0065082]},"properties":{"z":87.6}},{"type":"Feature","geometry":{"type":"Point","coordinates":[135.8802545,35.0065527]},"properties":{"z":87.6}},{"type":"Feature","geometry":{"type":"Point","coordinates":[135.8802616,35.0065973]},"properties":{"z":87.7}},{"type":"Feature","geometry":{"type":"Point","coordinates":[135.8802673,35.006642]},"properties":{"z":87.7}},{"type":"Feature","geometry":{"type":"Point","coordinates":[135.8802571,35.0066793]},"properties":{"z":87.7}},{"type":"Feature","geometry":{"type":"Point","coordinates":[135.8802073,35.0066982]},"properties":{"z":87.7}},{"type":"Feature","geometry":{"type":"Point","coordinates":[135.8801534,35.0067048]},"properties":{"z":87.7}},{"type":"Feature","geometry":{"type":"Point","coordinates":[135.8800988,35.0067089]},"properties":{"z":87.6}},{"type":"Feature","geometry":{"type":"Point","coordinates":[135.8800449,35.0067171]},"properties":{"z":87.6}},{"type":"Feature","geometry":{"type":"Point","coordinates":[135.8799915,35.0067273]},"properties":{"z":87.6}},{"type":"Feature","geometry":{"type":"Point","coordinates":[135.8799373,35.0067329]},"properties":{"z":87.6}},{"type":"Feature","geometry":{"type":"Point","coordinates":[135.8798825,35.0067353]},"properties":{"z":87.6}},{"type":"Feature","geometry":{"type":"Point","coordinates":[135.8798277,35.0067383]},"properties":{"z":87.5}},{"type":"Feature","geometry":{"type":"Point","coordinates":[135.8797732,35.0067434]},"properties":{"z":87.5}},{"type":"Feature","geometry":{"type":"Point","coordinates":[135.8797187,35.0067486]},"properties":{"z":87.5}},{"type":"Feature","geometry":{"type":"Point","coordinates":[135.8796644,35.0067553]},"properties":{"z":87.5}},{"type":"Feature","geometry":{"type":"Point","coordinates":[135.8796103,35.0067625]},"properties":{"z":87.5}},{"type":"Feature","geometry":{"type":"Point","coordinates":[135.8795563,35.0067708]},"properties":{"z":87.4}},{"type":"Feature","geometry":{"type":"Point","coordinates":[135.8795027,35.0067802]},"properties":{"z":87.3}},{"type":"Feature","geometry":{"type":"Point","coordinates":[135.8794487,35.0067884]},"properties":{"z":87.3}},{"type":"Feature","geometry":{"type":"Point","coordinates":[135.8793945,35.0067952]},"properties":{"z":87.3}},{"type":"Feature","geometry":{"type":"Point","coordinates":[135.8793402,35.0068017]},"properties":{"z":87.4}},{"type":"Feature","geometry":{"type":"Point","coordinates":[135.8792856,35.0068061]},"properties":{"z":87.3}},{"type":"Feature","geometry":{"type":"Point","coordinates":[135.8792309,35.0068105]},"properties":{"z":87.2}},{"type":"Feature","geometry":{"type":"Point","coordinates":[135.8791809,35.0067942]},"properties":{"z":87.2}},{"type":"Feature","geometry":{"type":"Point","coordinates":[135.8791316,35.0067745]},"properties":{"z":87.2}},{"type":"Feature","geometry":{"type":"Point","coordinates":[135.8790932,35.0067821]},"properties":{"z":87.2}},{"type":"Feature","geometry":{"type":"Point","coordinates":[135.8790677,35.0068219]},"properties":{"z":87.2}},{"type":"Feature","geometry":{"type":"Point","coordinates":[135.8790366,35.0068576]},"properties":{"z":87.2}},{"type":"Feature","geometry":{"type":"Point","coordinates":[135.8789908,35.0068824]},"properties":{"z":87.2}},{"type":"Feature","geometry":{"type":"Point","coordinates":[135.878945,35.0069072]},"properties":{"z":87.2}},{"type":"Feature","geometry":{"type":"Point","coordinates":[135.8788914,35.0069157]},"properties":{"z":87.1}},{"type":"Feature","geometry":{"type":"Point","coordinates":[135.8788373,35.0069233]},"properties":{"z":87.1}},{"type":"Feature","geometry":{"type":"Point","coordinates":[135.8787827,35.0069276]},"properties":{"z":87.1}},{"type":"Feature","geometry":{"type":"Point","coordinates":[135.878728,35.006931]},"properties":{"z":87.1}},{"type":"Feature","geometry":{"type":"Point","coordinates":[135.878674,35.0069385]},"properties":{"z":87.1}},{"type":"Feature","geometry":{"type":"Point","coordinates":[135.8786201,35.0069473]},"properties":{"z":87.0}},{"type":"Feature","geometry":{"type":"Point","coordinates":[135.8785663,35.0069558]},"properties":{"z":87.0}},{"type":"Feature","geometry":{"type":"Point","coordinates":[135.8785117,35.0069607]},"properties":{"z":87.0}},{"type":"Feature","geometry":{"type":"Point","coordinates":[135.8784572,35.0069656]},"properties":{"z":87.0}},{"type":"Feature","geometry":{"type":"Point","coordinates":[135.8784032,35.0069737]},"properties":{"z":87.0}},{"type":"Feature","geometry":{"type":"Point","coordinates":[135.8783496,35.0069831]},"properties":{"z":86.9}},{"type":"Feature","geometry":{"type":"Point","coordinates":[135.8782959,35.0069925]},"properties":{"z":86.9}},{"type":"Feature","geometry":{"type":"Point","coordinates":[135.878243,35.0070045]},"properties":{"z":86.9}},{"type":"Feature","geometry":{"type":"Point","coordinates":[135.8781904,35.0070171]},"properties":{"z":86.9}},{"type":"Feature","geometry":{"type":"Point","coordinates":[135.8781385,35.0070316]},"properties":{"z":86.9}},{"type":"Feature","geometry":{"type":"Point","coordinates":[135.8780872,35.0070476]},"properties":{"z":86.8}},{"type":"Feature","geometry":{"type":"Point","coordinates":[135.8780374,35.0070654]},"properties":{"z":86.8}},{"type":"Feature","geometry":{"type":"Point","coordinates":[135.8780005,35.0070987]},"properties":{"z":86.8}},{"type":"Feature","geometry":{"type":"Point","coordinates":[135.8779637,35.007132]},"properties":{"z":86.8}},{"type":"Feature","geometry":{"type":"Point","coordinates":[135.8779537,35.0071729]},"properties":{"z":86.8}},{"type":"Feature","geometry":{"type":"Point","coordinates":[135.8779575,35.0072178]},"properties":{"z":86.8}},{"type":"Feature","geometry":{"type":"Point","coordinates":[135.8779578,35.0072618]},"properties":{"z":86.9}},{"type":"Feature","geometry":{"type":"Point","coordinates":[135.8779256,35.0072982]},"properties":{"z":86.9}},{"type":"Feature","geometry":{"type":"Point","coordinates":[135.8778934,35.0073346]},"properties":{"z":86.9}},{"type":"Feature","geometry":{"type":"Point","coordinates":[135.8778485,35.007359]},"properties":{"z":86.8}},{"type":"Feature","geometry":{"type":"Point","coordinates":[135.8778,35.00738]},"properties":{"z":86.9}},{"type":"Feature","geometry":{"type":"Point","coordinates":[135.8777497,35.0073977]},"properties":{"z":86.8}},{"type":"Feature","geometry":{"type":"Point","coordinates":[135.8776985,35.007414]},"properties":{"z":86.8}},{"type":"Feature","geometry":{"type":"Point","coordinates":[135.8776467,35.0074289]},"properties":{"z":86.8}},{"type":"Feature","geometry":{"type":"Point","coordinates":[135.8775946,35.007443]},"properties":{"z":86.8}},{"type":"Feature","geometry":{"type":"Point","coordinates":[135.8775434,35.0074591]},"properties":{"z":86.8}},{"type":"Feature","geometry":{"type":"Point","coordinates":[135.8774932,35.0074772]},"properties":{"z":86.8}},{"type":"Feature","geometry":{"type":"Point","coordinates":[135.877443,35.0074953]},"properties":{"z":86.7}},{"type":"Feature","geometry":{"type":"Point","coordinates":[135.8773994,35.0075226]},"properties":{"z":86.7}},{"type":"Feature","geometry":{"type":"Point","coordinates":[135.8773557,35.0075498]},"properties":{"z":86.7}},{"type":"Feature","geometry":{"type":"Point","coordinates":[135.87731,35.0075745]},"properties":{"z":86.7}},{"type":"Feature","geometry":{"type":"Point","coordinates":[135.8772616,35.0075957]},"properties":{"z":86.7}},{"type":"Feature","geometry":{"type":"Point","coordinates":[135.8772133,35.0076169]},"properties":{"z":86.7}},{"type":"Feature","geometry":{"type":"Point","coordinates":[135.8771621,35.0076331]},"properties":{"z":86.7}},{"type":"Feature","geometry":{"type":"Point","coordinates":[135.8771108,35.0076492]},"properties":{"z":86.7}},{"type":"Feature","geometry":{"type":"Point","coordinates":[135.8770608,35.0076673]},"properties":{"z":86.7}},{"type":"Feature","geometry":{"type":"Point","coordinates":[135.8770127,35.0076891]},"properties":{"z":86.6}},{"type":"Feature","geometry":{"type":"Point","coordinates":[135.8769647,35.0077108]},"properties":{"z":86.6}},{"type":"Feature","geometry":{"type":"Point","coordinates":[135.8769152,35.0077301]},"properties":{"z":86.7}},{"type":"Feature","geometry":{"type":"Point","coordinates":[135.876865,35.0077484]},"properties":{"z":86.7}},{"type":"Feature","geometry":{"type":"Point","coordinates":[135.8768152,35.0077671]},"properties":{"z":86.7}},{"type":"Feature","geometry":{"type":"Point","coordinates":[135.8767701,35.0077928]},"properties":{"z":86.7}},{"type":"Feature","geometry":{"type":"Point","coordinates":[135.876725,35.0078184]},"properties":{"z":86.7}},{"type":"Feature","geometry":{"type":"Point","coordinates":[135.8766772,35.0078402]},"properties":{"z":86.7}},{"type":"Feature","geometry":{"type":"Point","coordinates":[135.8766276,35.0078594]},"properties":{"z":86.8}},{"type":"Feature","geometry":{"type":"Point","coordinates":[135.8765779,35.0078785]},"properties":{"z":86.8}},{"type":"Feature","geometry":{"type":"Point","coordinates":[135.8765277,35.0078966]},"properties":{"z":86.8}},{"type":"Feature","geometry":{"type":"Point","coordinates":[135.8764771,35.007914]},"properties":{"z":86.8}},{"type":"Feature","geometry":{"type":"Point","coordinates":[135.8764241,35.0079255]},"properties":{"z":86.6}},{"type":"Feature","geometry":{"type":"Point","coordinates":[135.8763711,35.007937]},"properties":{"z":86.9}},{"type":"Feature","geometry":{"type":"Point","coordinates":[135.8763183,35.0079495]},"properties":{"z":86.9}},{"type":"Feature","geometry":{"type":"Point","coordinates":[135.8762656,35.007962]},"properties":{"z":86.9}},{"type":"Feature","geometry":{"type":"Point","coordinates":[135.8762121,35.0079713]},"properties":{"z":86.9}},{"type":"Feature","geometry":{"type":"Point","coordinates":[135.8761575,35.0079761]},"properties":{"z":86.9}},{"type":"Feature","geometry":{"type":"Point","coordinates":[135.876103,35.0079802]},"properties":{"z":86.9}},{"type":"Feature","geometry":{"type":"Point","coordinates":[135.8760483,35.0079768]},"properties":{"z":86.9}},{"type":"Feature","geometry":{"type":"Point","coordinates":[135.8759935,35.0079733]},"properties":{"z":86.9}},{"type":"Feature","geometry":{"type":"Point","coordinates":[135.8759398,35.0079647]},"properties":{"z":87.0}},{"type":"Feature","geometry":{"type":"Point","coordinates":[135.8758864,35.0079543]},"properties":{"z":87.0}},{"type":"Feature","geometry":{"type":"Point","coordinates":[135.8758324,35.0079465]},"properties":{"z":87.0}},{"type":"Feature","geometry":{"type":"Point","coordinates":[135.875778,35.0079411]},"properties":{"z":87.0}},{"type":"Feature","geometry":{"type":"Point","coordinates":[135.8757237,35.0079348]},"properties":{"z":86.9}},{"type":"Feature","geometry":{"type":"Point","coordinates":[135.8756717,35.0079204]},"properties":{"z":87.1}},{"type":"Feature","geometry":{"type":"Point","coordinates":[135.8756197,35.007906]},"properties":{"z":87.2}},{"type":"Feature","geometry":{"type":"Point","coordinates":[135.8755665,35.0078953]},"properties":{"z":87.2}},{"type":"Feature","geometry":{"type":"Point","coordinates":[135.875513,35.0078854]},"properties":{"z":87.2}},{"type":"Feature","geometry":{"type":"Point","coordinates":[135.8754594,35.0078755]},"properties":{"z":87.2}},{"type":"Feature","geometry":{"type":"Point","coordinates":[135.8754094,35.0078577]},"properties":{"z":87.2}},{"type":"Feature","geometry":{"type":"Point","coordinates":[135.8753608,35.0078369]},"properties":{"z":87.3}},{"type":"Feature","geometry":{"type":"Point","coordinates":[135.8753116,35.007817]},"properties":{"z":87.3}},{"type":"Feature","geometry":{"type":"Point","coordinates":[135.8752611,35.0077993]},"properties":{"z":87.3}},{"type":"Feature","geometry":{"type":"Point","coordinates":[135.8752107,35.0077817]},"properties":{"z":87.4}},{"type":"Feature","geometry":{"type":"Point","coordinates":[135.8751623,35.0077607]},"properties":{"z":87.4}},{"type":"Feature","geometry":{"type":"Point","coordinates":[135.8751156,35.0077371]},"properties":{"z":87.4}},{"type":"Feature","geometry":{"type":"Point","coordinates":[135.8750689,35.0077135]},"properties":{"z":87.4}},{"type":"Feature","geometry":{"type":"Point","coordinates":[135.8750211,35.0076913]},"properties":{"z":87.4}},{"type":"Feature","geometry":{"type":"Point","coordinates":[135.8749733,35.0076693]},"properties":{"z":87.4}},{"type":"Feature","geometry":{"type":"Point","coordinates":[135.8749311,35.0076408]},"properties":{"z":87.5}},{"type":"Feature","geometry":{"type":"Point","coordinates":[135.8748905,35.0076106]},"properties":{"z":87.5}},{"type":"Feature","geometry":{"type":"Point","coordinates":[135.8748441,35.0075871]},"properties":{"z":87.6}},{"type":"Feature","geometry":{"type":"Point","coordinates":[135.8747957,35.0075658]},"properties":{"z":87.7}},{"type":"Feature","geometry":{"type":"Point","coordinates":[135.8747475,35.0075443]},"properties":{"z":87.7}},{"type":"Feature","geometry":{"type":"Point","coordinates":[135.8746996,35.0075224]},"properties":{"z":87.7}},{"type":"Feature","geometry":{"type":"Point","coordinates":[135.8746517,35.0075004]},"properties":{"z":87.8}},{"type":"Feature","geometry":{"type":"Point","coordinates":[135.8745978,35.007493]},"properties":{"z":87.8}},{"type":"Feature","geometry":{"type":"Point","coordinates":[135.8745435,35.0074868]},"properties":{"z":87.8}},{"type":"Feature","geometry":{"type":"Point","coordinates":[135.8744893,35.0074817]},"properties":{"z":87.8}},{"type":"Feature","geometry":{"type":"Point","coordinates":[135.8744366,35.0074943]},"properties":{"z":87.8}},{"type":"Feature","geometry":{"type":"Point","coordinates":[135.8743839,35.007507]},"properties":{"z":86.7}},{"type":"Feature","geometry":{"type":"Point","coordinates":[135.8743387,35.0075317]},"properties":{"z":87.4}},{"type":"Feature","geometry":{"type":"Point","coordinates":[135.8742948,35.0075588]},"properties":{"z":87.4}},{"type":"Feature","geometry":{"type":"Point","coordinates":[135.874247,35.0075807]},"properties":{"z":87.8}},{"type":"Feature","geometry":{"type":"Point","coordinates":[135.8741984,35.0076014]},"properties":{"z":87.8}},{"type":"Feature","geometry":{"type":"Point","coordinates":[135.8741511,35.0076238]},"properties":{"z":87.8}},{"type":"Feature","geometry":{"type":"Point","coordinates":[135.8741116,35.007655]},"properties":{"z":87.8}},{"type":"Feature","geometry":{"type":"Point","coordinates":[135.8740721,35.0076862]},"properties":{"z":87.8}},{"type":"Feature","geometry":{"type":"Point","coordinates":[135.87403,35.0077149]},"properties":{"z":87.8}},{"type":"Feature","geometry":{"type":"Point","coordinates":[135.8739855,35.0077411]},"properties":{"z":87.9}},{"type":"Feature","geometry":{"type":"Point","coordinates":[135.8739402,35.0077665]},"properties":{"z":87.9}},{"type":"Feature","geometry":{"type":"Point","coordinates":[135.873894,35.0077907]},"properties":{"z":87.9}},{"type":"Feature","geometry":{"type":"Point","coordinates":[135.8738478,35.007815]},"properties":{"z":87.9}},{"type":"Feature","geometry":{"type":"Point","coordinates":[135.8738034,35.0078414]},"properties":{"z":87.9}},{"type":"Feature","geometry":{"type":"Point","coordinates":[135.8737605,35.0078694]},"properties":{"z":87.9}},{"type":"Feature","geometry":{"type":"Point","coordinates":[135.8737176,35.0078974]},"properties":{"z":87.9}},{"type":"Feature","geometry":{"type":"Point","coordinates":[135.8736706,35.0079205]},"properties":{"z":88.0}},{"type":"Feature","geometry":{"type":"Point","coordinates":[135.8736229,35.0079428]},"properties":{"z":88.0}},{"type":"Feature","geometry":{"type":"Point","coordinates":[135.873574,35.0079628]},"properties":{"z":88.0}},{"type":"Feature","geometry":{"type":"Point","coordinates":[135.8735222,35.0079778]},"properties":{"z":88.0}},{"type":"Feature","geometry":{"type":"Point","coordinates":[135.8734718,35.007995]},"properties":{"z":88.0}},{"type":"Feature","geometry":{"type":"Point","coordinates":[135.8734256,35.0080192]},"properties":{"z":88.0}},{"type":"Feature","geometry":{"type":"Point","coordinates":[135.8733794,35.0080434]},"properties":{"z":88.1}},{"type":"Feature","geometry":{"type":"Point","coordinates":[135.873333,35.0080674]},"properties":{"z":88.1}},{"type":"Feature","geometry":{"type":"Point","coordinates":[135.8732869,35.0080918]},"properties":{"z":88.1}},{"type":"Feature","geometry":{"type":"Point","coordinates":[135.8732456,35.0081214]},"properties":{"z":88.1}},{"type":"Feature","geometry":{"type":"Point","coordinates":[135.8732042,35.0081509]},"properties":{"z":88.1}},{"type":"Feature","geometry":{"type":"Point","coordinates":[135.8731583,35.0081753]},"properties":{"z":88.1}},{"type":"Feature","geometry":{"type":"Point","coordinates":[135.8731112,35.0081985]},"properties":{"z":88.2}},{"type":"Feature","geometry":{"type":"Point","coordinates":[135.873068,35.0082257]},"properties":{"z":88.2}},{"type":"Feature","geometry":{"type":"Point","coordinates":[135.8730278,35.0082564]},"properties":{"z":88.2}},{"type":"Feature","geometry":{"type":"Point","coordinates":[135.8729876,35.008287]},"properties":{"z":88.2}},{"type":"Feature","geometry":{"type":"Point","coordinates":[135.872941,35.0083105]},"properties":{"z":88.3}},{"type":"Feature","geometry":{"type":"Point","coordinates":[135.8728938,35.0083335]},"properties":{"z":88.3}},{"type":"Feature","geometry":{"type":"Point","coordinates":[135.8728466,35.0083565]},"properties":{"z":88.3}},{"type":"Feature","geometry":{"type":"Point","coordinates":[135.8727994,35.0083794]},"properties":{"z":88.4}},{"type":"Feature","geometry":{"type":"Point","coordinates":[135.8727516,35.0084014]},"properties":{"z":88.4}},{"type":"Feature","geometry":{"type":"Point","coordinates":[135.8727035,35.0084232]},"properties":{"z":88.4}},{"type":"Feature","geometry":{"type":"Point","coordinates":[135.8726555,35.0084449]},"properties":{"z":88.4}},{"type":"Feature","geometry":{"type":"Point","coordinates":[135.8726097,35.0084696]},"properties":{"z":88.4}},{"type":"Feature","geometry":{"type":"Point","coordinates":[135.872564,35.0084945]},"properties":{"z":88.4}},{"type":"Feature","geometry":{"type":"Point","coordinates":[135.8725192,35.0085205]},"properties":{"z":88.5}},{"type":"Feature","geometry":{"type":"Point","coordinates":[135.8724749,35.008547]},"properties":{"z":88.5}},{"type":"Feature","geometry":{"type":"Point","coordinates":[135.8724268,35.0085684]},"properties":{"z":88.5}},{"type":"Feature","geometry":{"type":"Point","coordinates":[135.8723773,35.0085878]},"properties":{"z":88.5}},{"type":"Feature","geometry":{"type":"Point","coordinates":[135.8723283,35.008608]},"properties":{"z":88.5}},{"type":"Feature","geometry":{"type":"Point","coordinates":[135.8722819,35.0086319]},"properties":{"z":88.5}},{"type":"Feature","geometry":{"type":"Point","coordinates":[135.8722355,35.0086559]},"properties":{"z":88.5}},{"type":"Feature","geometry":{"type":"Point","coordinates":[135.8721908,35.008682]},"properties":{"z":88.6}},{"type":"Feature","geometry":{"type":"Point","coordinates":[135.8721468,35.0087088]},"properties":{"z":88.6}},{"type":"Feature","geometry":{"type":"Point","coordinates":[135.8721004,35.0087327]},"properties":{"z":88.6}},{"type":"Feature","geometry":{"type":"Point","coordinates":[135.8720531,35.0087555]},"properties":{"z":88.6}},{"type":"Feature","geometry":{"type":"Point","coordinates":[135.8720061,35.0087788]},"properties":{"z":88.7}},{"type":"Feature","geometry":{"type":"Point","coordinates":[135.8719606,35.0088039]},"properties":{"z":88.7}},{"type":"Feature","geometry":{"type":"Point","coordinates":[135.871915,35.0088289]},"properties":{"z":88.7}},{"type":"Feature","geometry":{"type":"Point","coordinates":[135.8718662,35.0088493]},"properties":{"z":88.7}},{"type":"Feature","geometry":{"type":"Point","coordinates":[135.8718168,35.0088689]},"properties":{"z":88.7}},{"type":"Feature","geometry":{"type":"Point","coordinates":[135.8717706,35.008893]},"properties":{"z":88.8}},{"type":"Feature","geometry":{"type":"Point","coordinates":[135.8717259,35.008919]},"properties":{"z":88.8}},{"type":"Feature","geometry":{"type":"Point","coordinates":[135.8716813,35.0089453]},"properties":{"z":88.8}},{"type":"Feature","geometry":{"type":"Point","coordinates":[135.8716376,35.0089724]},"properties":{"z":88.8}},{"type":"Feature","geometry":{"type":"Point","coordinates":[135.8715938,35.0089996]},"properties":{"z":88.8}},{"type":"Feature","geometry":{"type":"Point","coordinates":[135.8715521,35.0090287]},"properties":{"z":88.8}},{"type":"Feature","geometry":{"type":"Point","coordinates":[135.8715107,35.0090582]},"properties":{"z":88.9}},{"type":"Feature","geometry":{"type":"Point","coordinates":[135.8714627,35.0090793]},"properties":{"z":88.9}},{"type":"Feature","geometry":{"type":"Point","coordinates":[135.8714126,35.0090977]},"properties":{"z":88.9}},{"type":"Feature","geometry":{"type":"Point","coordinates":[135.8713638,35.0091179]},"properties":{"z":88.9}},{"type":"Feature","geometry":{"type":"Point","coordinates":[135.8713194,35.0091444]},"properties":{"z":89.0}},{"type":"Feature","geometry":{"type":"Point","coordinates":[135.8712751,35.0091709]},"properties":{"z":89.0}},{"type":"Feature","geometry":{"type":"Point","coordinates":[135.8712279,35.0091935]},"properties":{"z":89.0}},{"type":"Feature","geometry":{"type":"Point","coordinates":[135.8711783,35.0092127]},"properties":{"z":89.0}},{"type":"Feature","geometry":{"type":"Point","coordinates":[135.8711288,35.009232]},"properties":{"z":89.0}},{"type":"Feature","geometry":{"type":"Point","coordinates":[135.8710808,35.0092538]},"properties":{"z":89.1}},{"type":"Feature","geometry":{"type":"Point","coordinates":[135.8710339,35.0092771]},"properties":{"z":89.0}},{"type":"Feature","geometry":{"type":"Point","coordinates":[135.8709871,35.0093005]},"properties":{"z":89.1}},{"type":"Feature","geometry":{"type":"Point","coordinates":[135.8709449,35.0093293]},"properties":{"z":89.1}},{"type":"Feature","geometry":{"type":"Point","coordinates":[135.8709027,35.009358]},"properties":{"z":89.1}},{"type":"Feature","geometry":{"type":"Point","coordinates":[135.8708587,35.0093848]},"properties":{"z":89.1}},{"type":"Feature","geometry":{"type":"Point","coordinates":[135.8708138,35.0094107]},"properties":{"z":89.1}},{"type":"Feature","geometry":{"type":"Point","coordinates":[135.8707686,35.0094361]},"properties":{"z":89.1}},{"type":"Feature","geometry":{"type":"Point","coordinates":[135.8707231,35.0094613]},"properties":{"z":89.2}},{"type":"Feature","geometry":{"type":"Point","coordinates":[135.8706767,35.0094852]},"properties":{"z":89.2}},{"type":"Feature","geometry":{"type":"Point","coordinates":[135.8706274,35.0095049]},"properties":{"z":89.2}},{"type":"Feature","geometry":{"type":"Point","coordinates":[135.8705782,35.0095249]},"properties":{"z":89.3}},{"type":"Feature","geometry":{"type":"Point","coordinates":[135.8705317,35.0095487]},"properties":{"z":89.3}},{"type":"Feature","geometry":{"type":"Point","coordinates":[135.8704851,35.0095725]},"properties":{"z":89.3}},{"type":"Feature","geometry":{"type":"Point","coordinates":[135.8704402,35.0095983]},"properties":{"z":89.3}},{"type":"Feature","geometry":{"type":"Point","coordinates":[135.8703955,35.0096244]},"properties":{"z":89.3}},{"type":"Feature","geometry":{"type":"Point","coordinates":[135.8703505,35.0096501]},"properties":{"z":89.3}},{"type":"Feature","geometry":{"type":"Point","coordinates":[135.8703039,35.0096738]},"properties":{"z":89.4}},{"type":"Feature","geometry":{"type":"Point","coordinates":[135.8702573,35.0096976]},"properties":{"z":89.4}},{"type":"Feature","geometry":{"type":"Point","coordinates":[135.8702154,35.0097254]},"properties":{"z":89.4}},{"type":"Feature","geometry":{"type":"Point","coordinates":[135.8701845,35.0097625]},"properties":{"z":89.4}},{"type":"Feature","geometry":{"type":"Point","coordinates":[135.8701536,35.0097997]},"properties":{"z":89.4}},{"type":"Feature","geometry":{"type":"Point","coordinates":[135.8701078,35.0098227]},"properties":{"z":89.4}},{"type":"Feature","geometry":{"type":"Point","coordinates":[135.8700584,35.0098422]},"properties":{"z":89.4}},{"type":"Feature","geometry":{"type":"Point","coordinates":[135.8700083,35.0098604]},"properties":{"z":89.4}},{"type":"Feature","geometry":{"type":"Point","coordinates":[135.8699555,35.0098724]},"properties":{"z":89.4}},{"type":"Feature","geometry":{"type":"Point","coordinates":[135.8699026,35.0098844]},"properties":{"z":89.4}},{"type":"Feature","geometry":{"type":"Point","coordinates":[135.8698568,35.0099091]},"properties":{"z":89.4}},{"type":"Feature","geometry":{"type":"Point","coordinates":[135.869811,35.009934]},"properties":{"z":89.4}},{"type":"Feature","geometry":{"type":"Point","coordinates":[135.8697718,35.0099646]},"properties":{"z":89.4}},{"type":"Feature","geometry":{"type":"Point","coordinates":[135.8697378,35.0099999]},"properties":{"z":89.4}},{"type":"Feature","geometry":{"type":"Point","coordinates":[135.8697048,35.0100358]},"properties":{"z":89.4}},{"type":"Feature","geometry":{"type":"Point","coordinates":[135.8696758,35.0100739]},"properties":{"z":89.4}},{"type":"Feature","geometry":{"type":"Point","coordinates":[135.8696468,35.0101121]},"properties":{"z":89.4}},{"type":"Feature","geometry":{"type":"Point","coordinates":[135.8696132,35.0101475]},"properties":{"z":89.4}},{"type":"Feature","geometry":{"type":"Point","coordinates":[135.8695768,35.0101811]},"properties":{"z":89.4}},{"type":"Feature","geometry":{"type":"Point","coordinates":[135.8695424,35.0102157]},"properties":{"z":89.4}},{"type":"Feature","geometry":{"type":"Point","coordinates":[135.8695242,35.0102581]},"properties":{"z":89.4}},{"type":"Feature","geometry":{"type":"Point","coordinates":[135.869506,35.0103005]},"properties":{"z":89.4}},{"type":"Feature","geometry":{"type":"Point","coordinates":[135.8694863,35.0103424]},"properties":{"z":89.3}},{"type":"Feature","geometry":{"type":"Point","coordinates":[135.8694661,35.0103842]},"properties":{"z":89.3}},{"type":"Feature","geometry":{"type":"Point","coordinates":[135.8694404,35.0104237]},"properties":{"z":89.3}},{"type":"Feature","geometry":{"type":"Point","coordinates":[135.8694111,35.0104617]},"properties":{"z":89.3}},{"type":"Feature","geometry":{"type":"Point","coordinates":[135.8693819,35.0104998]},"properties":{"z":89.3}},{"type":"Feature","geometry":{"type":"Point","coordinates":[135.8693532,35.0105381]},"properties":{"z":89.3}},{"type":"Feature","geometry":{"type":"Point","coordinates":[135.8693241,35.0105762]},"properties":{"z":89.3}},{"type":"Feature","geometry":{"type":"Point","coordinates":[135.8692821,35.0106051]},"properties":{"z":89.3}},{"type":"Feature","geometry":{"type":"Point","coordinates":[135.8692401,35.010634]},"properties":{"z":89.3}},{"type":"Feature","geometry":{"type":"Point","coordinates":[135.8691962,35.0106608]},"properties":{"z":89.3}},{"type":"Feature","geometry":{"type":"Point","coordinates":[135.8691501,35.0106852]},"properties":{"z":89.3}},{"type":"Feature","geometry":{"type":"Point","coordinates":[135.869103,35.0107081]},"properties":{"z":89.3}},{"type":"Feature","geometry":{"type":"Point","coordinates":[135.8690527,35.0107261]},"properties":{"z":89.3}},{"type":"Feature","geometry":{"type":"Point","coordinates":[135.8690024,35.0107441]},"properties":{"z":89.3}},{"type":"Feature","geometry":{"type":"Point","coordinates":[135.8689582,35.0107704]},"properties":{"z":89.3}},{"type":"Feature","geometry":{"type":"Point","coordinates":[135.8689151,35.0107982]},"properties":{"z":89.3}},{"type":"Feature","geometry":{"type":"Point","coordinates":[135.8688711,35.0108251]},"properties":{"z":89.3}},{"type":"Feature","geometry":{"type":"Point","coordinates":[135.8688262,35.0108509]},"properties":{"z":89.3}},{"type":"Feature","geometry":{"type":"Point","coordinates":[135.8687811,35.0108765]},"properties":{"z":89.3}},{"type":"Feature","geometry":{"type":"Point","coordinates":[135.8687347,35.0109005]},"properties":{"z":89.3}},{"type":"Feature","geometry":{"type":"Point","coordinates":[135.8686883,35.0109245]},"properties":{"z":89.3}},{"type":"Feature","geometry":{"type":"Point","coordinates":[135.8686461,35.0109531]},"properties":{"z":89.3}},{"type":"Feature","geometry":{"type":"Point","coordinates":[135.8686052,35.0109831]},"properties":{"z":89.3}},{"type":"Feature","geometry":{"type":"Point","coordinates":[135.8685633,35.011012]},"properties":{"z":89.3}},{"type":"Feature","geometry":{"type":"Point","coordinates":[135.8685165,35.0110354]},"properties":{"z":89.3}},{"type":"Feature","geometry":{"type":"Point","coordinates":[135.8684697,35.0110589]},"properties":{"z":89.3}},{"type":"Feature","geometry":{"type":"Point","coordinates":[135.8684253,35.0110853]},"properties":{"z":89.3}},{"type":"Feature","geometry":{"type":"Point","coordinates":[135.8683821,35.011113]},"properties":{"z":89.3}},{"type":"Feature","geometry":{"type":"Point","coordinates":[135.8683388,35.0111406]},"properties":{"z":89.3}},{"type":"Feature","geometry":{"type":"Point","coordinates":[135.8682952,35.0111679]},"properties":{"z":89.3}},{"type":"Feature","geometry":{"type":"Point","coordinates":[135.8682516,35.0111952]},"properties":{"z":89.3}},{"type":"Feature","geometry":{"type":"Point","coordinates":[135.8682055,35.0112194]},"properties":{"z":89.3}},{"type":"Feature","geometry":{"type":"Point","coordinates":[135.8681579,35.0112418]},"properties":{"z":89.3}},{"type":"Feature","geometry":{"type":"Point","coordinates":[135.8681108,35.0112648]},"properties":{"z":89.3}},{"type":"Feature","geometry":{"type":"Point","coordinates":[135.8680658,35.0112906]},"properties":{"z":89.3}},{"type":"Feature","geometry":{"type":"Point","coordinates":[135.8680209,35.0113164]},"properties":{"z":89.3}},{"type":"Feature","geometry":{"type":"Point","coordinates":[135.8679772,35.0113436]},"properties":{"z":89.3}},{"type":"Feature","geometry":{"type":"Point","coordinates":[135.8679345,35.0113718]},"properties":{"z":89.2}},{"type":"Feature","geometry":{"type":"Point","coordinates":[135.8678916,35.0113998]},"properties":{"z":89.3}},{"type":"Feature","geometry":{"type":"Point","coordinates":[135.8678474,35.0114265]},"properties":{"z":89.3}},{"type":"Feature","geometry":{"type":"Point","coordinates":[135.8678033,35.0114532]},"properties":{"z":89.3}},{"type":"Feature","geometry":{"type":"Point","coordinates":[135.8677577,35.0114783]},"properties":{"z":89.3}},{"type":"Feature","geometry":{"type":"Point","coordinates":[135.8677117,35.0115027]},"properties":{"z":89.3}},{"type":"Feature","geometry":{"type":"Point","coordinates":[135.8676658,35.0115274]},"properties":{"z":89.3}},{"type":"Feature","geometry":{"type":"Point","coordinates":[135.8676211,35.0115534]},"properties":{"z":89.3}},{"type":"Feature","geometry":{"type":"Point","coordinates":[135.8675763,35.0115794]},"properties":{"z":89.3}},{"type":"Feature","geometry":{"type":"Point","coordinates":[135.8675305,35.0116042]},"properties":{"z":89.3}},{"type":"Feature","geometry":{"type":"Point","coordinates":[135.8674842,35.0116283]},"properties":{"z":89.3}},{"type":"Feature","geometry":{"type":"Point","coordinates":[135.8674378,35.0116523]},"properties":{"z":89.3}},{"type":"Feature","geometry":{"type":"Point","coordinates":[135.8673952,35.0116807]},"properties":{"z":89.3}},{"type":"Feature","geometry":{"type":"Point","coordinates":[135.8673527,35.0117091]},"properties":{"z":89.3}},{"type":"Feature","geometry":{"type":"Point","coordinates":[135.8673087,35.0117359]},"properties":{"z":89.3}},{"type":"Feature","geometry":{"type":"Point","coordinates":[135.8672633,35.0117612]},"properties":{"z":89.3}},{"type":"Feature","geometry":{"type":"Point","coordinates":[135.867218,35.0117865]},"properties":{"z":89.3}},{"type":"Feature","geometry":{"type":"Point","coordinates":[135.8671715,35.0118104]},"properties":{"z":89.2}},{"type":"Feature","geometry":{"type":"Point","coordinates":[135.8671247,35.0118339]},"properties":{"z":89.2}},{"type":"Feature","geometry":{"type":"Point","coordinates":[135.8670779,35.0118574]},"properties":{"z":89.2}},{"type":"Feature","geometry":{"type":"Point","coordinates":[135.8670314,35.0118813]},"properties":{"z":89.2}},{"type":"Feature","geometry":{"type":"Point","coordinates":[135.866985,35.0119052]},"properties":{"z":89.2}},{"type":"Feature","geometry":{"type":"Point","coordinates":[135.8669372,35.0119273]},"properties":{"z":89.2}},{"type":"Feature","geometry":{"type":"Point","coordinates":[135.8668886,35.0119481]},"properties":{"z":89.2}},{"type":"Feature","geometry":{"type":"Point","coordinates":[135.866841,35.01197]},"properties":{"z":89.2}},{"type":"Feature","geometry":{"type":"Point","coordinates":[135.8668046,35.0120037]},"properties":{"z":89.2}},{"type":"Feature","geometry":{"type":"Point","coordinates":[135.8667683,35.0120374]},"properties":{"z":89.2}},{"type":"Feature","geometry":{"type":"Point","coordinates":[135.8667346,35.0120727]},"properties":{"z":89.2}},{"type":"Feature","geometry":{"type":"Point","coordinates":[135.8667059,35.012111]},"properties":{"z":89.2}},{"type":"Feature","geometry":{"type":"Point","coordinates":[135.8666771,35.0121493]},"properties":{"z":89.1}},{"type":"Feature","geometry":{"type":"Point","coordinates":[135.8666486,35.0121877]},"properties":{"z":89.1}},{"type":"Feature","geometry":{"type":"Point","coordinates":[135.8666235,35.0122277]},"properties":{"z":89.1}},{"type":"Feature","geometry":{"type":"Point","coordinates":[135.8665984,35.0122676]},"properties":{"z":89.1}},{"type":"Feature","geometry":{"type":"Point","coordinates":[135.8665761,35.0123087]},"properties":{"z":89.1}},{"type":"Feature","geometry":{"type":"Point","coordinates":[135.8665541,35.0123499]},"properties":{"z":89.1}},{"type":"Feature","geometry":{"type":"Point","coordinates":[135.8665316,35.0123909]},"properties":{"z":89.1}},{"type":"Feature","geometry":{"type":"Point","coordinates":[135.8665081,35.0124315]},"properties":{"z":89.0}},{"type":"Feature","geometry":{"type":"Point","coordinates":[135.8664843,35.012472]},"properties":{"z":89.0}},{"type":"Feature","geometry":{"type":"Point","coordinates":[135.8664532,35.012509]},"properties":{"z":89.1}},{"type":"Feature","geometry":{"type":"Point","coordinates":[135.8664222,35.0125461]},"properties":{"z":89.1}},{"type":"Feature","geometry":{"type":"Point","coordinates":[135.8663929,35.0125841]},"properties":{"z":89.0}},{"type":"Feature","geometry":{"type":"Point","coordinates":[135.8663642,35.0126225]},"properties":{"z":89.0}},{"type":"Feature","geometry":{"type":"Point","coordinates":[135.8663288,35.0126562]},"properties":{"z":89.0}},{"type":"Feature","geometry":{"type":"Point","coordinates":[135.8662883,35.0126866]},"properties":{"z":89.0}},{"type":"Feature","geometry":{"type":"Point","coordinates":[135.8662415,35.0127044]},"properties":{"z":89.0}},{"type":"Feature","geometry":{"type":"Point","coordinates":[135.8661867,35.0127066]},"properties":{"z":89.0}},{"type":"Feature","geometry":{"type":"Point","coordinates":[135.8661319,35.0127087]},"properties":{"z":89.0}},{"type":"Feature","geometry":{"type":"Point","coordinates":[135.8660958,35.0127415]},"properties":{"z":89.0}},{"type":"Feature","geometry":{"type":"Point","coordinates":[135.8660607,35.0127761]},"properties":{"z":89.0}},{"type":"Feature","geometry":{"type":"Point","coordinates":[135.8660944,35.0127566]},"properties":{"z":89.0}},{"type":"Feature","geometry":{"type":"Point","coordinates":[135.866138,35.0127293]},"properties":{"z":89.0}},{"type":"Feature","geometry":{"type":"Point","coordinates":[135.8661613,35.0126895]},"properties":{"z":89.0}},{"type":"Feature","geometry":{"type":"Point","coordinates":[135.866181,35.0126476]},"properties":{"z":89.0}},{"type":"Feature","geometry":{"type":"Point","coordinates":[135.8661582,35.0126156]},"properties":{"z":89.0}},{"type":"Feature","geometry":{"type":"Point","coordinates":[135.8661144,35.0125884]},"properties":{"z":89.0}},{"type":"Feature","geometry":{"type":"Point","coordinates":[135.8660768,35.0125683]},"properties":{"z":89.0}},{"type":"Feature","geometry":{"type":"Point","coordinates":[135.8660941,35.012611]},"properties":{"z":89.0}},{"type":"Feature","geometry":{"type":"Point","coordinates":[135.8661113,35.0126537]},"properties":{"z":89.0}},{"type":"Feature","geometry":{"type":"Point","coordinates":[135.8661286,35.0126963]},"properties":{"z":89.0}},{"type":"Feature","geometry":{"type":"Point","coordinates":[135.866104,35.0127037]},"properties":{"z":89.0}},{"type":"Feature","geometry":{"type":"Point","coordinates":[135.8661035,35.0127486]},"properties":{"z":89.0}},{"type":"Feature","geometry":{"type":"Point","coordinates":[135.8661031,35.0127936]},"properties":{"z":89.0}},{"type":"Feature","geometry":{"type":"Point","coordinates":[135.8660929,35.012787]},"properties":{"z":89.0}},{"type":"Feature","geometry":{"type":"Point","coordinates":[135.8660759,35.0127443]},"properties":{"z":89.0}},{"type":"Feature","geometry":{"type":"Point","coordinates":[135.8660689,35.0127466]},"properties":{"z":89.0}},{"type":"Feature","geometry":{"type":"Point","coordinates":[135.8660712,35.0127915]},"properties":{"z":89.0}},{"type":"Feature","geometry":{"type":"Point","coordinates":[135.8660735,35.0128364]},"properties":{"z":89.0}},{"type":"Feature","geometry":{"type":"Point","coordinates":[135.8660758,35.0128814]},"properties":{"z":89.0}},{"type":"Feature","geometry":{"type":"Point","coordinates":[135.8660781,35.0129263]},"properties":{"z":88.9}},{"type":"Feature","geometry":{"type":"Point","coordinates":[135.8661257,35.0129324]},"properties":{"z":88.9}},{"type":"Feature","geometry":{"type":"Point","coordinates":[135.8661806,35.0129323]},"properties":{"z":88.9}},{"type":"Feature","geometry":{"type":"Point","coordinates":[135.8662354,35.0129323]},"properties":{"z":88.9}},{"type":"Feature","geometry":{"type":"Point","coordinates":[135.8662903,35.0129322]},"properties":{"z":88.9}},{"type":"Feature","geometry":{"type":"Point","coordinates":[135.8663452,35.0129321]},"properties":{"z":88.9}},{"type":"Feature","geometry":{"type":"Point","coordinates":[135.8664001,35.012932]},"properties":{"z":87.8}},{"type":"Feature","geometry":{"type":"Point","coordinates":[135.866455,35.0129316]},"properties":{"z":87.8}},{"type":"Feature","geometry":{"type":"Point","coordinates":[135.8665093,35.0129253]},"properties":{"z":84.6}},{"type":"Feature","geometry":{"type":"Point","coordinates":[135.8665636,35.012919]},"properties":{"z":84.6}},{"type":"Feature","geometry":{"type":"Point","coordinates":[135.866618,35.0129127]},"properties":{"z":87.1}},{"type":"Feature","geometry":{"type":"Point","coordinates":[135.8666723,35.0129061]},"properties":{"z":87.1}},{"type":"Feature","geometry":{"type":"Point","coordinates":[135.8667261,35.0128973]},"properties":{"z":87.1}},{"type":"Feature","geometry":{"type":"Point","coordinates":[135.8667799,35.0128884]},"properties":{"z":87.1}},{"type":"Feature","geometry":{"type":"Point","coordinates":[135.8668337,35.0128795]},"properties":{"z":86.8}},{"type":"Feature","geometry":{"type":"Point","coordinates":[135.8668831,35.0128711]},"properties":{"z":86.8}},{"type":"Feature","geometry":{"type":"Point","coordinates":[135.8668282,35.0128728]},"properties":{"z":86.8}},{"type":"Feature","geometry":{"type":"Point","coordinates":[135.8667734,35.0128745]},"properties":{"z":87.1}},{"type":"Feature","geometry":{"type":"Point","coordinates":[135.8667185,35.0128762]},"properties":{"z":87.1}},{"type":"Feature","geometry":{"type":"Point","coordinates":[135.8666637,35.0128779]},"properties":{"z":87.1}},{"type":"Feature","geometry":{"type":"Point","coordinates":[135.8666089,35.0128797]},"properties":{"z":87.1}},{"type":"Feature","geometry":{"type":"Point","coordinates":[135.866554,35.0128814]},"properties":{"z":87.1}},{"type":"Feature","geometry":{"type":"Point","coordinates":[135.8664992,35.0128831]},"properties":{"z":87.1}},{"type":"Feature","geometry":{"type":"Point","coordinates":[135.8664443,35.0128848]},"properties":{"z":88.4}},{"type":"Feature","geometry":{"type":"Point","coordinates":[135.8663895,35.0128871]},"properties":{"z":88.4}},{"type":"Feature","geometry":{"type":"Point","coordinates":[135.8663347,35.0128894]},"properties":{"z":88.9}},{"type":"Feature","geometry":{"type":"Point","coordinates":[135.8663097,35.0129067]},"properties":{"z":88.9}},{"type":"Feature","geometry":{"type":"Point","coordinates":[135.866332,35.0129478]},"properties":{"z":88.9}},{"type":"Feature","geometry":{"type":"Point","coordinates":[135.8663551,35.0129879]},"properties":{"z":88.9}},{"type":"Feature","geometry":{"type":"Point","coordinates":[135.8664099,35.0129863]},"properties":{"z":87.8}},{"type":"Feature","geometry":{"type":"Point","coordinates":[135.8664646,35.0129847]},"properties":{"z":84.6}},{"type":"Feature","geometry":{"type":"Point","coordinates":[135.866411,35.012975]},"properties":{"z":87.8}},{"type":"Feature","geometry":{"type":"Point","coordinates":[135.8663574,35.0129653]},"properties":{"z":88.9}},{"type":"Feature","geometry":{"type":"Point","coordinates":[135.8663038,35.0129557]},"properties":{"z":88.9}},{"type":"Feature","geometry":{"type":"Point","coordinates":[135.8662596,35.0129367]},"properties":{"z":88.9}},{"type":"Feature","geometry":{"type":"Point","coordinates":[135.8662379,35.0128954]},"properties":{"z":88.9}},{"type":"Feature","geometry":{"type":"Point","coordinates":[135.8662162,35.0128542]},"properties":{"z":88.9}},{"type":"Feature","geometry":{"type":"Point","coordinates":[135.8661945,35.0128129]},"properties":{"z":89.0}},{"type":"Feature","geometry":{"type":"Point","coordinates":[135.8661728,35.0127716]},"properties":{"z":89.0}},{"type":"Feature","geometry":{"type":"Point","coordinates":[135.8661511,35.0127303]},"properties":{"z":89.0}},{"type":"Feature","geometry":{"type":"Point","coordinates":[135.8661294,35.012689]},"properties":{"z":89.0}},{"type":"Feature","geometry":{"type":"Point","coordinates":[135.8661077,35.0126477]},"properties":{"z":89.0}},{"type":"Feature","geometry":{"type":"Point","coordinates":[135.8661184,35.0126414]},"properties":{"z":89.0}},{"type":"Feature","geometry":{"type":"Point","coordinates":[135.8661612,35.0126695]},"properties":{"z":89.0}},{"type":"Feature","geometry":{"type":"Point","coordinates":[135.866204,35.0126977]},"properties":{"z":89.0}},{"type":"Feature","geometry":{"type":"Point","coordinates":[135.8662468,35.0127259]},"properties":{"z":89.0}},{"type":"Feature","geometry":{"type":"Point","coordinates":[135.8662896,35.012754]},"properties":{"z":89.0}},{"type":"Feature","geometry":{"type":"Point","coordinates":[135.8663311,35.0127802]},"properties":{"z":88.9}},{"type":"Feature","geometry":{"type":"Point","coordinates":[135.8663268,35.0127354]},"properties":{"z":89.0}},{"type":"Feature","geometry":{"type":"Point","coordinates":[135.8663225,35.0126906]},"properties":{"z":89.0}},{"type":"Feature","geometry":{"type":"Point","coordinates":[135.8662691,35.0126973]},"properties":{"z":89.0}},{"type":"Feature","geometry":{"type":"Point","coordinates":[135.866215,35.0127049]},"properties":{"z":89.0}},{"type":"Feature","geometry":{"type":"Point","coordinates":[135.8661609,35.0127124]},"properties":{"z":89.0}},{"type":"Feature","geometry":{"type":"Point","coordinates":[135.8661104,35.0127226]},"properties":{"z":89.0}},{"type":"Feature","geometry":{"type":"Point","coordinates":[135.8661075,35.0127675]},"properties":{"z":89.0}},{"type":"Feature","geometry":{"type":"Point","coordinates":[135.8661043,35.0128071]},"properties":{"z":89.0}},{"type":"Feature","geometry":{"type":"Point","coordinates":[135.8660955,35.0127627]},"properties":{"z":89.0}},{"type":"Feature","geometry":{"type":"Point","coordinates":[135.8660867,35.0127183]},"properties":{"z":89.0}},{"type":"Feature","geometry":{"type":"Point","coordinates":[135.8660938,35.0126738]},"properties":{"z":89.0}},{"type":"Feature","geometry":{"type":"Point","coordinates":[135.8661009,35.0126292]},"properties":{"z":89.0}},{"type":"Feature","geometry":{"type":"Point","coordinates":[135.8661129,35.0125901]},"properties":{"z":89.0}},{"type":"Feature","geometry":{"type":"Point","coordinates":[135.8661671,35.0125975]},"properties":{"z":89.0}},{"type":"Feature","geometry":{"type":"Point","coordinates":[135.8662212,35.0126049]},"properties":{"z":89.0}},{"type":"Feature","geometry":{"type":"Point","coordinates":[135.8662019,35.0126341]},"properties":{"z":89.0}},{"type":"Feature","geometry":{"type":"Point","coordinates":[135.8661661,35.0126682]},"properties":{"z":89.0}},{"type":"Feature","geometry":{"type":"Point","coordinates":[135.8661303,35.0127023]},"properties":{"z":89.0}},{"type":"Feature","geometry":{"type":"Point","coordinates":[135.8660946,35.0127364]},"properties":{"z":89.0}},{"type":"Feature","geometry":{"type":"Point","coordinates":[135.8660588,35.0127705]},"properties":{"z":89.0}},{"type":"Feature","geometry":{"type":"Point","coordinates":[135.866005,35.0127717]},"properties":{"z":89.0}},{"type":"Feature","geometry":{"type":"Point","coordinates":[135.8659501,35.0127712]},"properties":{"z":89.0}},{"type":"Feature","geometry":{"type":"Point","coordinates":[135.8658958,35.0127759]},"properties":{"z":89.0}},{"type":"Feature","geometry":{"type":"Point","coordinates":[135.865842,35.0127846]},"properties":{"z":89.0}},{"type":"Feature","geometry":{"type":"Point","coordinates":[135.8658423,35.0127721]},"properties":{"z":89.0}},{"type":"Feature","geometry":{"type":"Point","coordinates":[135.8658844,35.0127433]},"properties":{"z":89.0}},{"type":"Feature","geometry":{"type":"Point","coordinates":[135.8659265,35.0127145]},"properties":{"z":89.0}},{"type":"Feature","geometry":{"type":"Point","coordinates":[135.8659686,35.0126857]},"properties":{"z":89.0}},{"type":"Feature","geometry":{"type":"Point","coordinates":[135.8660108,35.0126569]},"properties":{"z":89.0}},{"type":"Feature","geometry":{"type":"Point","coordinates":[135.8660608,35.012645]},"properties":{"z":89.0}},{"type":"Feature","geometry":{"type":"Point","coordinates":[135.8661156,35.0126436]},"properties":{"z":89.0}},{"type":"Feature","geometry":{"type":"Point","coordinates":[135.8661568,35.0126544]},"properties":{"z":89.0}},{"type":"Feature","geometry":{"type":"Point","coordinates":[135.86616,35.0126992]},"properties":{"z":89.0}},{"type":"Feature","geometry":{"type":"Point","coordinates":[135.8661631,35.0127441]},"properties":{"z":89.0}},{"type":"Feature","geometry":{"type":"Point","coordinates":[135.8661662,35.012789]},"properties":{"z":89.0}},{"type":"Feature","geometry":{"type":"Point","coordinates":[135.8661323,35.0127941]},"properties":{"z":89.0}},{"type":"Feature","geometry":{"type":"Point","coordinates":[135.8660814,35.0127774]},"properties":{"z":89.0}},{"type":"Feature","geometry":{"type":"Point","coordinates":[135.8660759,35.0127811]},"properties":{"z":89.0}},{"type":"Feature","geometry":{"type":"Point","coordinates":[135.8661207,35.0128071]},"properties":{"z":89.0}},{"type":"Feature","geometry":{"type":"Point","coordinates":[135.8661666,35.0128176]},"properties":{"z":89.0}},{"type":"Feature","geometry":{"type":"Point","coordinates":[135.8662151,35.0127964]},"properties":{"z":88.9}},{"type":"Feature","geometry":{"type":"Point","coordinates":[135.8662541,35.012773]},"properties":{"z":89.0}},{"type":"Feature","geometry":{"type":"Point","coordinates":[135.866228,35.0127334]},"properties":{"z":89.0}},{"type":"Feature","geometry":{"type":"Point","coordinates":[135.8662019,35.0126939]},"properties":{"z":89.0}},{"type":"Feature","geometry":{"type":"Point","coordinates":[135.8662311,35.012729]},"properties":{"z":89.0}},{"type":"Feature","geometry":{"type":"Point","coordinates":[135.8662618,35.0127663]},"properties":{"z":89.0}},{"type":"Feature","geometry":{"type":"Point","coordinates":[135.8662654,35.0128098]},"properties":{"z":88.9}},{"type":"Feature","geometry":{"type":"Point","coordinates":[135.8662629,35.0128547]},"properties":{"z":88.9}},{"type":"Feature","geometry":{"type":"Point","coordinates":[135.8662546,35.0128987]},"properties":{"z":88.9}},{"type":"Feature","geometry":{"type":"Point","coordinates":[135.8662366,35.0129411]},"properties":{"z":88.9}},{"type":"Feature","geometry":{"type":"Point","coordinates":[135.8662186,35.0129836]},"properties":{"z":88.9}},{"type":"Feature","geometry":{"type":"Point","coordinates":[135.8662052,35.0130272]},"properties":{"z":88.9}},{"type":"Feature","geometry":{"type":"Point","coordinates":[135.8661924,35.0130709]},"properties":{"z":88.9}},{"type":"Feature","geometry":{"type":"Point","coordinates":[135.8661721,35.0131124]},"properties":{"z":88.9}},{"type":"Feature","geometry":{"type":"Point","coordinates":[135.8661489,35.0131532]},"properties":{"z":88.8}},{"type":"Feature","geometry":{"type":"Point","coordinates":[135.8661125,35.0131846]},"properties":{"z":88.8}},{"type":"Feature","geometry":{"type":"Point","coordinates":[135.8660668,35.0132095]},"properties":{"z":88.8}},{"type":"Feature","geometry":{"type":"Point","coordinates":[135.866021,35.0132342]},"properties":{"z":88.8}},{"type":"Feature","geometry":{"type":"Point","coordinates":[135.8659719,35.0132543]},"properties":{"z":88.8}},{"type":"Feature","geometry":{"type":"Point","coordinates":[135.8659228,35.0132744]},"properties":{"z":88.8}},{"type":"Feature","geometry":{"type":"Point","coordinates":[135.8658816,35.0133041]},"properties":{"z":88.8}},{"type":"Feature","geometry":{"type":"Point","coordinates":[135.8658404,35.0133338]},"properties":{"z":88.8}},{"type":"Feature","geometry":{"type":"Point","coordinates":[135.8657977,35.013362]},"properties":{"z":88.8}},{"type":"Feature","geometry":{"type":"Point","coordinates":[135.8657545,35.0133898]},"properties":{"z":88.8}},{"type":"Feature","geometry":{"type":"Point","coordinates":[135.8657098,35.0134157]},"properties":{"z":88.8}},{"type":"Feature","geometry":{"type":"Point","coordinates":[135.8656629,35.013439]},"properties":{"z":88.8}},{"type":"Feature","geometry":{"type":"Point","coordinates":[135.8656153,35.0134613]},"properties":{"z":88.8}},{"type":"Feature","geometry":{"type":"Point","coordinates":[135.8655648,35.013479]},"properties":{"z":88.8}},{"type":"Feature","geometry":{"type":"Point","coordinates":[135.8655144,35.0134967]},"properties":{"z":88.8}},{"type":"Feature","geometry":{"type":"Point","coordinates":[135.8654639,35.0135144]},"properties":{"z":88.8}},{"type":"Feature","geometry":{"type":"Point","coordinates":[135.8654135,35.0135322]},"properties":{"z":88.8}},{"type":"Feature","geometry":{"type":"Point","coordinates":[135.8653615,35.0135447]},"properties":{"z":88.8}},{"type":"Feature","geometry":{"type":"Point","coordinates":[135.8653068,35.0135488]},"properties":{"z":88.7}},{"type":"Feature","geometry":{"type":"Point","coordinates":[135.8652522,35.0135529]},"properties":{"z":88.7}},{"type":"Feature","geometry":{"type":"Point","coordinates":[135.8651973,35.0135522]},"properties":{"z":88.7}},{"type":"Feature","geometry":{"type":"Point","coordinates":[135.8651424,35.0135515]},"properties":{"z":88.7}},{"type":"Feature","geometry":{"type":"Point","coordinates":[135.8651152,35.0135191]},"properties":{"z":88.8}},{"type":"Feature","geometry":{"type":"Point","coordinates":[135.8650966,35.0134768]},"properties":{"z":88.8}},{"type":"Feature","geometry":{"type":"Point","coordinates":[135.8650776,35.0134346]},"properties":{"z":88.8}},{"type":"Feature","geometry":{"type":"Point","coordinates":[135.865058,35.0133926]},"properties":{"z":88.8}},{"type":"Feature","geometry":{"type":"Point","coordinates":[135.8650393,35.0133504]},"properties":{"z":88.8}},{"type":"Feature","geometry":{"type":"Point","coordinates":[135.8650231,35.0133075]},"properties":{"z":88.9}},{"type":"Feature","geometry":{"type":"Point","coordinates":[135.8650068,35.0132645]},"properties":{"z":88.9}},{"type":"Feature","geometry":{"type":"Point","coordinates":[135.8649815,35.0132248]},"properties":{"z":88.9}},{"type":"Feature","geometry":{"type":"Point","coordinates":[135.8649547,35.0131856]},"properties":{"z":88.9}},{"type":"Feature","geometry":{"type":"Point","coordinates":[135.8649254,35.0131476]},"properties":{"z":88.9}},{"type":"Feature","geometry":{"type":"Point","coordinates":[135.8648947,35.0131103]},"properties":{"z":88.9}},{"type":"Feature","geometry":{"type":"Point","coordinates":[135.864866,35.0130721]},"properties":{"z":88.9}},{"type":"Feature","geometry":{"type":"Point","coordinates":[135.8648395,35.0130327]},"properties":{"z":88.9}},{"type":"Feature","geometry":{"type":"Point","coordinates":[135.864811,35.0129946]},"properties":{"z":88.9}},{"type":"Feature","geometry":{"type":"Point","coordinates":[135.8647696,35.0129651]},"properties":{"z":89.0}},{"type":"Feature","geometry":{"type":"Point","coordinates":[135.8647282,35.0129357]},"properties":{"z":89.0}},{"type":"Feature","geometry":{"type":"Point","coordinates":[135.8646935,35.0129009]},"properties":{"z":89.0}},{"type":"Feature","geometry":{"type":"Point","coordinates":[135.864659,35.0128659]},"properties":{"z":89.0}},{"type":"Feature","geometry":{"type":"Point","coordinates":[135.8646117,35.0128603]},"properties":{"z":89.0}},{"type":"Feature","geometry":{"type":"Point","coordinates":[135.864558,35.0128696]},"properties":{"z":89.0}},{"type":"Feature","geometry":{"type":"Point","coordinates":[135.86451,35.0128893]},"properties":{"z":89.0}},{"type":"Feature","geometry":{"type":"Point","coordinates":[135.8644656,35.0129158]},"properties":{"z":89.0}},{"type":"Feature","geometry":{"type":"Point","coordinates":[135.8644235,35.0129294]},"properties":{"z":89.0}},{"type":"Feature","geometry":{"type":"Point","coordinates":[135.86439,35.0128938]},"properties":{"z":89.0}},{"type":"Feature","geometry":{"type":"Point","coordinates":[135.8643564,35.0128583]},"properties":{"z":89.0}},{"type":"Feature","geometry":{"type":"Point","coordinates":[135.8643298,35.0128203]},"properties":{"z":89.0}},{"type":"Feature","geometry":{"type":"Point","coordinates":[135.8643221,35.0127758]},"properties":{"z":89.0}},{"type":"Feature","geometry":{"type":"Point","coordinates":[135.8643081,35.0127339]},"properties":{"z":89.1}},{"type":"Feature","geometry":{"type":"Point","coordinates":[135.8642691,35.0127023]},"properties":{"z":89.1}},{"type":"Feature","geometry":{"type":"Point","coordinates":[135.8642301,35.0126707]},"properties":{"z":89.1}},{"type":"Feature","geometry":{"type":"Point","coordinates":[135.8641941,35.0126368]},"properties":{"z":89.1}},{"type":"Feature","geometry":{"type":"Point","coordinates":[135.8641585,35.0126025]},"properties":{"z":89.1}},{"type":"Feature","geometry":{"type":"Point","coordinates":[135.864116,35.0125746]},"properties":{"z":89.1}},{"type":"Feature","geometry":{"type":"Point","coordinates":[135.8640707,35.0125492]},"properties":{"z":89.2}},{"type":"Feature","geometry":{"type":"Point","coordinates":[135.8640313,35.0125184]},"properties":{"z":89.2}},{"type":"Feature","geometry":{"type":"Point","coordinates":[135.8639957,35.0124843]},"properties":{"z":89.2}},{"type":"Feature","geometry":{"type":"Point","coordinates":[135.86396,35.0124501]},"properties":{"z":89.2}},{"type":"Feature","geometry":{"type":"Point","coordinates":[135.8639461,35.012407]},"properties":{"z":89.2}},{"type":"Feature","geometry":{"type":"Point","coordinates":[135.8639338,35.0123632]},"properties":{"z":89.2}},{"type":"Feature","geometry":{"type":"Point","coordinates":[135.8639067,35.0123249]},"properties":{"z":89.2}},{"type":"Feature","geometry":{"type":"Point","coordinates":[135.863874,35.0122888]},"properties":{"z":89.2}},{"type":"Feature","geometry":{"type":"Point","coordinates":[135.8638372,35.0122575]},"properties":{"z":89.2}},{"type":"Feature","geometry":{"type":"Point","coordinates":[135.8637848,35.0122442]},"properties":{"z":89.2}},{"type":"Feature","geometry":{"type":"Point","coordinates":[135.8637332,35.0122301]},"properties":{"z":89.2}},{"type":"Feature","geometry":{"type":"Point","coordinates":[135.8637093,35.0121896]},"properties":{"z":89.3}},{"type":"Feature","geometry":{"type":"Point","coordinates":[135.8636855,35.0121492]},"properties":{"z":89.3}},{"type":"Feature","geometry":{"type":"Point","coordinates":[135.863664,35.0121078]},"properties":{"z":89.3}},{"type":"Feature","geometry":{"type":"Point","coordinates":[135.8636427,35.0120663]},"properties":{"z":89.3}},{"type":"Feature","geometry":{"type":"Point","coordinates":[135.8636101,35.0120311]},"properties":{"z":89.3}},{"type":"Feature","geometry":{"type":"Point","coordinates":[135.8635716,35.0119991]},"properties":{"z":89.4}},{"type":"Feature","geometry":{"type":"Point","coordinates":[135.8635331,35.011967]},"properties":{"z":89.4}},{"type":"Feature","geometry":{"type":"Point","coordinates":[135.8634934,35.011936]},"properties":{"z":89.4}},{"type":"Feature","geometry":{"type":"Point","coordinates":[135.8634529,35.0119057]},"properties":{"z":89.4}},{"type":"Feature","geometry":{"type":"Point","coordinates":[135.8634217,35.0118702]},"properties":{"z":89.4}},{"type":"Feature","geometry":{"type":"Point","coordinates":[135.8634028,35.011828]},"properties":{"z":89.4}},{"type":"Feature","geometry":{"type":"Point","coordinates":[135.8633839,35.0117858]},"properties":{"z":89.5}},{"type":"Feature","geometry":{"type":"Point","coordinates":[135.8633597,35.0117456]},"properties":{"z":89.5}},{"type":"Feature","geometry":{"type":"Point","coordinates":[135.8633326,35.0117066]},"properties":{"z":89.5}},{"type":"Feature","geometry":{"type":"Point","coordinates":[135.8633043,35.011668]},"properties":{"z":89.5}},{"type":"Feature","geometry":{"type":"Point","coordinates":[135.8632746,35.0116302]},"properties":{"z":89.5}},{"type":"Feature","geometry":{"type":"Point","coordinates":[135.863245,35.0115924]},"properties":{"z":89.5}},{"type":"Feature","geometry":{"type":"Point","coordinates":[135.8632172,35.0115537]},"properties":{"z":89.5}},{"type":"Feature","geometry":{"type":"Point","coordinates":[135.8631897,35.0115147]},"properties":{"z":89.6}},{"type":"Feature","geometry":{"type":"Point","coordinates":[135.8631619,35.011476]},"properties":{"z":89.6}},{"type":"Feature","geometry":{"type":"Point","coordinates":[135.8631337,35.0114374]},"properties":{"z":89.6}},{"type":"Feature","geometry":{"type":"Point","coordinates":[135.8631199,35.0113982]},"properties":{"z":89.6}},{"type":"Feature","geometry":{"type":"Point","coordinates":[135.863143,35.0113575]},"properties":{"z":89.6}},{"type":"Feature","geometry":{"type":"Point","coordinates":[135.8631661,35.0113167]},"properties":{"z":89.6}},{"type":"Feature","geometry":{"type":"Point","coordinates":[135.8631748,35.0112724]},"properties":{"z":89.6}},{"type":"Feature","geometry":{"type":"Point","coordinates":[135.8631823,35.0112279]},"properties":{"z":89.7}},{"type":"Feature","geometry":{"type":"Point","coordinates":[135.8631747,35.0111858]},"properties":{"z":89.7}},{"type":"Feature","geometry":{"type":"Point","coordinates":[135.8631473,35.0111469]},"properties":{"z":89.7}},{"type":"Feature","geometry":{"type":"Point","coordinates":[135.8631167,35.0111102]},"properties":{"z":89.7}},{"type":"Feature","geometry":{"type":"Point","coordinates":[135.8630738,35.0110821]},"properties":{"z":89.7}},{"type":"Feature","geometry":{"type":"Point","coordinates":[135.863031,35.011054]},"properties":{"z":89.7}},{"type":"Feature","geometry":{"type":"Point","coordinates":[135.8629918,35.0110225]},"properties":{"z":89.8}},{"type":"Feature","geometry":{"type":"Point","coordinates":[135.862953,35.0109908]},"properties":{"z":89.8}},{"type":"Feature","geometry":{"type":"Point","coordinates":[135.8629291,35.0110088]},"properties":{"z":89.8}},{"type":"Feature","geometry":{"type":"Point","coordinates":[135.8629128,35.0110517]},"properties":{"z":89.8}},{"type":"Feature","geometry":{"type":"Point","coordinates":[135.8629187,35.0110942]},"properties":{"z":89.8}},{"type":"Feature","geometry":{"type":"Point","coordinates":[135.8629376,35.0111364]},"properties":{"z":89.8}},{"type":"Feature","geometry":{"type":"Point","coordinates":[135.8629518,35.0111253]},"properties":{"z":89.8}},{"type":"Feature","geometry":{"type":"Point","coordinates":[135.862963,35.0110813]},"properties":{"z":89.8}},{"type":"Feature","geometry":{"type":"Point","coordinates":[135.8629828,35.0110783]},"properties":{"z":89.8}},{"type":"Feature","geometry":{"type":"Point","coordinates":[135.8630113,35.0111167]},"properties":{"z":89.8}},{"type":"Feature","geometry":{"type":"Point","coordinates":[135.8630239,35.0111546]},"properties":{"z":89.8}},{"type":"Feature","geometry":{"type":"Point","coordinates":[135.862992,35.0111912]},"properties":{"z":89.8}},{"type":"Feature","geometry":{"type":"Point","coordinates":[135.86296,35.0112278]},"properties":{"z":89.8}},{"type":"Feature","geometry":{"type":"Point","coordinates":[135.8629281,35.0112643]},"properties":{"z":89.8}},{"type":"Feature","geometry":{"type":"Point","coordinates":[135.8628962,35.0113009]},"properties":{"z":89.7}},{"type":"Feature","geometry":{"type":"Point","coordinates":[135.8628642,35.0113374]},"properties":{"z":89.7}},{"type":"Feature","geometry":{"type":"Point","coordinates":[135.8628323,35.011374]},"properties":{"z":89.7}},{"type":"Feature","geometry":{"type":"Point","coordinates":[135.8628105,35.0113332]},"properties":{"z":89.8}},{"type":"Feature","geometry":{"type":"Point","coordinates":[135.8627888,35.0112919]},"properties":{"z":89.8}},{"type":"Feature","geometry":{"type":"Point","coordinates":[135.8627671,35.0112506]},"properties":{"z":89.8}},{"type":"Feature","geometry":{"type":"Point","coordinates":[135.8627589,35.0112107]},"properties":{"z":89.9}},{"type":"Feature","geometry":{"type":"Point","coordinates":[135.8627928,35.0111754]},"properties":{"z":89.8}},{"type":"Feature","geometry":{"type":"Point","coordinates":[135.8628267,35.01114]},"properties":{"z":89.9}},{"type":"Feature","geometry":{"type":"Point","coordinates":[135.8628433,35.0111698]},"properties":{"z":89.8}},{"type":"Feature","geometry":{"type":"Point","coordinates":[135.8628563,35.0112135]},"properties":{"z":89.8}},{"type":"Feature","geometry":{"type":"Point","coordinates":[135.8628693,35.0112572]},"properties":{"z":89.8}},{"type":"Feature","geometry":{"type":"Point","coordinates":[135.8628823,35.0113009]},"properties":{"z":89.7}},{"type":"Feature","geometry":{"type":"Point","coordinates":[135.8628953,35.0113445]},"properties":{"z":89.7}},{"type":"Feature","geometry":{"type":"Point","coordinates":[135.8629083,35.0113882]},"properties":{"z":89.7}},{"type":"Feature","geometry":{"type":"Point","coordinates":[135.8629024,35.0113696]},"properties":{"z":89.7}},{"type":"Feature","geometry":{"type":"Point","coordinates":[135.8628889,35.011326]},"properties":{"z":89.7}},{"type":"Feature","geometry":{"type":"Point","coordinates":[135.8628755,35.0112824]},"properties":{"z":89.8}},{"type":"Feature","geometry":{"type":"Point","coordinates":[135.862862,35.0112388]},"properties":{"z":89.8}},{"type":"Feature","geometry":{"type":"Point","coordinates":[135.8628486,35.0111953]},"properties":{"z":89.8}},{"type":"Feature","geometry":{"type":"Point","coordinates":[135.8628351,35.0111517]},"properties":{"z":89.9}},{"type":"Feature","geometry":{"type":"Point","coordinates":[135.8628331,35.0111595]},"properties":{"z":89.8}},{"type":"Feature","geometry":{"type":"Point","coordinates":[135.8628393,35.0112042]},"properties":{"z":89.8}},{"type":"Feature","geometry":{"type":"Point","coordinates":[135.8628456,35.0112489]},"properties":{"z":89.8}},{"type":"Feature","geometry":{"type":"Point","coordinates":[135.862845,35.0112917]},"properties":{"z":89.8}},{"type":"Feature","geometry":{"type":"Point","coordinates":[135.8628074,35.0113244]},"properties":{"z":89.8}},{"type":"Feature","geometry":{"type":"Point","coordinates":[135.8627829,35.0113272]},"properties":{"z":89.8}},{"type":"Feature","geometry":{"type":"Point","coordinates":[135.8627792,35.0112823]},"properties":{"z":89.8}},{"type":"Feature","geometry":{"type":"Point","coordinates":[135.8627737,35.0112378]},"properties":{"z":89.8}},{"type":"Feature","geometry":{"type":"Point","coordinates":[135.8627521,35.0111965]},"properties":{"z":89.9}},{"type":"Feature","geometry":{"type":"Point","coordinates":[135.8627309,35.0111597]},"properties":{"z":89.9}},{"type":"Feature","geometry":{"type":"Point","coordinates":[135.8627409,35.0111992]},"properties":{"z":89.9}},{"type":"Feature","geometry":{"type":"Point","coordinates":[135.8627736,35.0112353]},"properties":{"z":89.8}},{"type":"Feature","geometry":{"type":"Point","coordinates":[135.8628063,35.0112714]},"properties":{"z":89.8}},{"type":"Feature","geometry":{"type":"Point","coordinates":[135.862839,35.0113075]},"properties":{"z":89.8}},{"type":"Feature","geometry":{"type":"Point","coordinates":[135.8628717,35.0113436]},"properties":{"z":89.7}},{"type":"Feature","geometry":{"type":"Point","coordinates":[135.8629044,35.0113797]},"properties":{"z":89.7}},{"type":"Feature","geometry":{"type":"Point","coordinates":[135.8629371,35.0114158]},"properties":{"z":89.7}},{"type":"Feature","geometry":{"type":"Point","coordinates":[135.8629854,35.0114166]},"properties":{"z":89.7}},{"type":"Feature","geometry":{"type":"Point","coordinates":[135.8629664,35.0113962]},"properties":{"z":89.7}},{"type":"Feature","geometry":{"type":"Point","coordinates":[135.8629494,35.0113549]},"properties":{"z":89.7}},{"type":"Feature","geometry":{"type":"Point","coordinates":[135.8629326,35.0113131]},"properties":{"z":89.7}},{"type":"Feature","geometry":{"type":"Point","coordinates":[135.8628901,35.0112847]},"properties":{"z":89.8}},{"type":"Feature","geometry":{"type":"Point","coordinates":[135.8628492,35.0112614]},"properties":{"z":89.8}},{"type":"Feature","geometry":{"type":"Point","coordinates":[135.8628274,35.0113026]},"properties":{"z":89.8}},{"type":"Feature","geometry":{"type":"Point","coordinates":[135.8628056,35.0113439]},"properties":{"z":89.8}},{"type":"Feature","geometry":{"type":"Point","coordinates":[135.8627839,35.0113852]},"properties":{"z":89.7}},{"type":"Feature","geometry":{"type":"Point","coordinates":[135.8627621,35.0114264]},"properties":{"z":89.7}},{"type":"Feature","geometry":{"type":"Point","coordinates":[135.8627403,35.0114677]},"properties":{"z":89.7}},{"type":"Feature","geometry":{"type":"Point","coordinates":[135.8627185,35.0115089]},"properties":{"z":89.7}},{"type":"Feature","geometry":{"type":"Point","coordinates":[135.8626967,35.0115502]},"properties":{"z":89.7}},{"type":"Feature","geometry":{"type":"Point","coordinates":[135.8626948,35.0115383]},"properties":{"z":89.7}},{"type":"Feature","geometry":{"type":"Point","coordinates":[135.8627048,35.0114941]},"properties":{"z":89.7}},{"type":"Feature","geometry":{"type":"Point","coordinates":[135.8627149,35.0114499]},"properties":{"z":89.7}},{"type":"Feature","geometry":{"type":"Point","coordinates":[135.8627249,35.0114057]},"properties":{"z":89.7}},{"type":"Feature","geometry":{"type":"Point","coordinates":[135.8627349,35.0113615]},"properties":{"z":89.8}},{"type":"Feature","geometry":{"type":"Point","coordinates":[135.862745,35.0113174]},"properties":{"z":89.8}},{"type":"Feature","geometry":{"type":"Point","coordinates":[135.862755,35.0112732]},"properties":{"z":89.8}},{"type":"Feature","geometry":{"type":"Point","coordinates":[135.862772,35.011248]},"properties":{"z":89.8}},{"type":"Feature","geometry":{"type":"Point","coordinates":[135.8628097,35.0112806]},"properties":{"z":89.8}},{"type":"Feature","geometry":{"type":"Point","coordinates":[135.8628475,35.0113132]},"properties":{"z":89.8}},{"type":"Feature","geometry":{"type":"Point","coordinates":[135.8628853,35.0113458]},"properties":{"z":89.7}},{"type":"Feature","geometry":{"type":"Point","coordinates":[135.8629231,35.0113784]},"properties":{"z":89.7}},{"type":"Feature","geometry":{"type":"Point","coordinates":[135.8629313,35.0114095]},"properties":{"z":89.7}},{"type":"Feature","geometry":{"type":"Point","coordinates":[135.8628891,35.0114383]},"properties":{"z":89.7}},{"type":"Feature","geometry":{"type":"Point","coordinates":[135.8628468,35.011467]},"properties":{"z":89.7}},{"type":"Feature","geometry":{"type":"Point","coordinates":[135.8628046,35.0114957]},"properties":{"z":89.7}},{"type":"Feature","geometry":{"type":"Point","coordinates":[135.8627624,35.0115244]},"properties":{"z":89.7}},{"type":"Feature","geometry":{"type":"Point","coordinates":[135.8627202,35.0115531]},"properties":{"z":89.7}},{"type":"Feature","geometry":{"type":"Point","coordinates":[135.8626966,35.0115555]},"properties":{"z":89.7}},{"type":"Feature","geometry":{"type":"Point","coordinates":[135.8627059,35.0115112]},"properties":{"z":89.7}},{"type":"Feature","geometry":{"type":"Point","coordinates":[135.8627153,35.0114669]},"properties":{"z":89.7}},{"type":"Feature","geometry":{"type":"Point","coordinates":[135.8627247,35.0114226]},"properties":{"z":89.7}},{"type":"Feature","geometry":{"type":"Point","coordinates":[135.862734,35.0113783]},"properties":{"z":89.7}},{"type":"Feature","geometry":{"type":"Point","coordinates":[135.8627434,35.011334]},"properties":{"z":89.8}},{"type":"Feature","geometry":{"type":"Point","coordinates":[135.8627527,35.0112898]},"properties":{"z":89.8}},{"type":"Feature","geometry":{"type":"Point","coordinates":[135.8627648,35.0112732]},"properties":{"z":89.8}},{"type":"Feature","geometry":{"type":"Point","coordinates":[135.8627825,35.0113157]},"properties":{"z":89.8}},{"type":"Feature","geometry":{"type":"Point","coordinates":[135.8628002,35.0113583]},"properties":{"z":89.8}},{"type":"Feature","geometry":{"type":"Point","coordinates":[135.8628165,35.0113756]},"properties":{"z":89.7}},{"type":"Feature","geometry":{"type":"Point","coordinates":[135.862829,35.0113319]},"properties":{"z":89.8}},{"type":"Feature","geometry":{"type":"Point","coordinates":[135.8628415,35.0112881]},"properties":{"z":89.8}},{"type":"Feature","geometry":{"type":"Point","coordinates":[135.8628582,35.0112607]},"properties":{"z":89.8}},{"type":"Feature","geometry":{"type":"Point","coordinates":[135.8628909,35.0112968]},"properties":{"z":89.8}},{"type":"Feature","geometry":{"type":"Point","coordinates":[135.8629235,35.0113329]},"properties":{"z":89.7}},{"type":"Feature","geometry":{"type":"Point","coordinates":[135.862953,35.0113701]},"properties":{"z":89.7}},{"type":"Feature","geometry":{"type":"Point","coordinates":[135.8629388,35.0113777]},"properties":{"z":89.7}},{"type":"Feature","geometry":{"type":"Point","coordinates":[135.862902,35.0113443]},"properties":{"z":89.7}},{"type":"Feature","geometry":{"type":"Point","coordinates":[135.8628653,35.0113109]},"properties":{"z":89.7}},{"type":"Feature","geometry":{"type":"Point","coordinates":[135.8628769,35.0112845]},"properties":{"z":89.8}},{"type":"Feature","geometry":{"type":"Point","coordinates":[135.8628373,35.0112686]},"properties":{"z":89.8}},{"type":"Feature","geometry":{"type":"Point","coordinates":[135.862813,35.0112283]},"properties":{"z":89.8}},{"type":"Feature","geometry":{"type":"Point","coordinates":[135.8628017,35.011186]},"properties":{"z":89.8}},{"type":"Feature","geometry":{"type":"Point","coordinates":[135.8628071,35.0111413]},"properties":{"z":89.9}},{"type":"Feature","geometry":{"type":"Point","coordinates":[135.8628023,35.0111296]},"properties":{"z":89.9}},{"type":"Feature","geometry":{"type":"Point","coordinates":[135.8627916,35.0111643]},"properties":{"z":89.8}},{"type":"Feature","geometry":{"type":"Point","coordinates":[135.862846,35.0111586]},"properties":{"z":89.8}},{"type":"Feature","geometry":{"type":"Point","coordinates":[135.8629005,35.0111529]},"properties":{"z":89.8}},{"type":"Feature","geometry":{"type":"Point","coordinates":[135.8629549,35.0111471]},"properties":{"z":89.8}},{"type":"Feature","geometry":{"type":"Point","coordinates":[135.8630094,35.0111414]},"properties":{"z":89.8}},{"type":"Feature","geometry":{"type":"Point","coordinates":[135.8630638,35.0111357]},"properties":{"z":89.7}},{"type":"Feature","geometry":{"type":"Point","coordinates":[135.8631182,35.01113]},"properties":{"z":89.7}},{"type":"Feature","geometry":{"type":"Point","coordinates":[135.8631727,35.0111243]},"properties":{"z":89.7}},{"type":"Feature","geometry":{"type":"Point","coordinates":[135.8632206,35.0111197]},"properties":{"z":89.7}},{"type":"Feature","geometry":{"type":"Point","coordinates":[135.8631684,35.0111336]},"properties":{"z":89.7}},{"type":"Feature","geometry":{"type":"Point","coordinates":[135.8631162,35.0111475]},"properties":{"z":89.7}},{"type":"Feature","geometry":{"type":"Point","coordinates":[135.8631634,35.0111649]},"properties":{"z":89.7}},{"type":"Feature","geometry":{"type":"Point","coordinates":[135.863214,35.0111823]},"properties":{"z":89.7}},{"type":"Feature","geometry":{"type":"Point","coordinates":[135.8632645,35.0111998]},"properties":{"z":89.7}},{"type":"Feature","geometry":{"type":"Point","coordinates":[135.8632912,35.011212]},"properties":{"z":89.7}},{"type":"Feature","geometry":{"type":"Point","coordinates":[135.8632368,35.0112063]},"properties":{"z":89.7}},{"type":"Feature","geometry":{"type":"Point","coordinates":[135.8631824,35.0112005]},"properties":{"z":89.7}},{"type":"Feature","geometry":{"type":"Point","coordinates":[135.8631296,35.0111899]},"properties":{"z":89.7}},{"type":"Feature","geometry":{"type":"Point","coordinates":[135.8630775,35.0111777]},"properties":{"z":89.7}},{"type":"Feature","geometry":{"type":"Point","coordinates":[135.8630231,35.011172]},"properties":{"z":89.8}},{"type":"Feature","geometry":{"type":"Point","coordinates":[135.8629776,35.0111578]},"properties":{"z":89.8}},{"type":"Feature","geometry":{"type":"Point","coordinates":[135.8629639,35.0111143]},"properties":{"z":89.8}},{"type":"Feature","geometry":{"type":"Point","coordinates":[135.8629571,35.0110776]},"properties":{"z":89.8}},{"type":"Feature","geometry":{"type":"Point","coordinates":[135.8630074,35.0110957]},"properties":{"z":89.8}},{"type":"Feature","geometry":{"type":"Point","coordinates":[135.8630576,35.0111138]},"properties":{"z":89.7}},{"type":"Feature","geometry":{"type":"Point","coordinates":[135.8630701,35.0111559]},"properties":{"z":89.7}},{"type":"Feature","geometry":{"type":"Point","coordinates":[135.8630791,35.0112003]},"properties":{"z":89.7}},{"type":"Feature","geometry":{"type":"Point","coordinates":[135.8630805,35.0111846]},"properties":{"z":89.7}},{"type":"Feature","geometry":{"type":"Point","coordinates":[135.8630782,35.0111397]},"properties":{"z":89.7}},{"type":"Feature","geometry":{"type":"Point","coordinates":[135.8630892,35.0111512]},"properties":{"z":89.7}},{"type":"Feature","geometry":{"type":"Point","coordinates":[135.8631074,35.0111936]},"properties":{"z":89.7}},{"type":"Feature","geometry":{"type":"Point","coordinates":[135.8631434,35.0112067]},"properties":{"z":89.7}},{"type":"Feature","geometry":{"type":"Point","coordinates":[135.8631956,35.011193]},"properties":{"z":89.7}},{"type":"Feature","geometry":{"type":"Point","coordinates":[135.8632465,35.0111766]},"properties":{"z":89.7}},{"type":"Feature","geometry":{"type":"Point","coordinates":[135.8632939,35.011154]},"properties":{"z":89.7}},{"type":"Feature","geometry":{"type":"Point","coordinates":[135.8633405,35.0111359]},"properties":{"z":89.7}},{"type":"Feature","geometry":{"type":"Point","coordinates":[135.8633774,35.0111691]},"properties":{"z":89.7}},{"type":"Feature","geometry":{"type":"Point","coordinates":[135.8634144,35.0112023]},"properties":{"z":89.7}},{"type":"Feature","geometry":{"type":"Point","coordinates":[135.8634662,35.0112157]},"properties":{"z":89.6}},{"type":"Feature","geometry":{"type":"Point","coordinates":[135.8635192,35.0112276]},"properties":{"z":89.6}},{"type":"Feature","geometry":{"type":"Point","coordinates":[135.8635698,35.0112447]},"properties":{"z":89.6}},{"type":"Feature","geometry":{"type":"Point","coordinates":[135.8636203,35.0112623]},"properties":{"z":89.6}},{"type":"Feature","geometry":{"type":"Point","coordinates":[135.8636708,35.0112799]},"properties":{"z":89.6}},{"type":"Feature","geometry":{"type":"Point","coordinates":[135.8637183,35.0112908]},"properties":{"z":89.6}},{"type":"Feature","geometry":{"type":"Point","coordinates":[135.8637435,35.0112509]},"properties":{"z":89.6}},{"type":"Feature","geometry":{"type":"Point","coordinates":[135.8637657,35.0112114]},"properties":{"z":89.6}},{"type":"Feature","geometry":{"type":"Point","coordinates":[135.8637236,35.0111826]},"properties":{"z":89.6}},{"type":"Feature","geometry":{"type":"Point","coordinates":[135.8636814,35.0111538]},"properties":{"z":89.6}},{"type":"Feature","geometry":{"type":"Point","coordinates":[135.8636399,35.0111244]},"properties":{"z":89.6}},{"type":"Feature","geometry":{"type":"Point","coordinates":[135.8636016,35.0110922]},"properties":{"z":89.6}},{"type":"Feature","geometry":{"type":"Point","coordinates":[135.8635656,35.0110615]},"properties":{"z":89.7}},{"type":"Feature","geometry":{"type":"Point","coordinates":[135.8636145,35.0110818]},"properties":{"z":89.7}},{"type":"Feature","geometry":{"type":"Point","coordinates":[135.8636635,35.0111022]},"properties":{"z":89.6}},{"type":"Feature","geometry":{"type":"Point","coordinates":[135.8636967,35.0111192]},"properties":{"z":89.6}},{"type":"Feature","geometry":{"type":"Point","coordinates":[135.8636419,35.0111172]},"properties":{"z":89.6}},{"type":"Feature","geometry":{"type":"Point","coordinates":[135.8635871,35.0111153]},"properties":{"z":89.6}},{"type":"Feature","geometry":{"type":"Point","coordinates":[135.8635322,35.0111133]},"properties":{"z":89.6}},{"type":"Feature","geometry":{"type":"Point","coordinates":[135.8635862,35.0111142]},"properties":{"z":89.6}},{"type":"Feature","geometry":{"type":"Point","coordinates":[135.8636411,35.0111151]},"properties":{"z":89.6}},{"type":"Feature","geometry":{"type":"Point","coordinates":[135.863696,35.0111159]},"properties":{"z":89.6}},{"type":"Feature","geometry":{"type":"Point","coordinates":[135.8636984,35.0111169]},"properties":{"z":89.6}},{"type":"Feature","geometry":{"type":"Point","coordinates":[135.8636435,35.0111178]},"properties":{"z":89.6}},{"type":"Feature","geometry":{"type":"Point","coordinates":[135.8635886,35.0111187]},"properties":{"z":89.6}},{"type":"Feature","geometry":{"type":"Point","coordinates":[135.8635945,35.0111587]},"properties":{"z":89.6}},{"type":"Feature","geometry":{"type":"Point","coordinates":[135.8636064,35.0112026]},"properties":{"z":89.6}},{"type":"Feature","geometry":{"type":"Point","coordinates":[135.8636241,35.0112451]},"properties":{"z":89.6}},{"type":"Feature","geometry":{"type":"Point","coordinates":[135.863643,35.0112872]},"properties":{"z":89.6}},{"type":"Feature","geometry":{"type":"Point","coordinates":[135.8636646,35.0113279]},"properties":{"z":89.6}},{"type":"Feature","geometry":{"type":"Point","coordinates":[135.863706,35.0113575]},"properties":{"z":89.6}},{"type":"Feature","geometry":{"type":"Point","coordinates":[135.8637473,35.0113868]},"properties":{"z":89.5}},{"type":"Feature","geometry":{"type":"Point","coordinates":[135.8637722,35.0113467]},"properties":{"z":89.6}},{"type":"Feature","geometry":{"type":"Point","coordinates":[135.8637971,35.0113066]},"properties":{"z":89.6}},{"type":"Feature","geometry":{"type":"Point","coordinates":[135.8638257,35.0112683]},"properties":{"z":89.6}},{"type":"Feature","geometry":{"type":"Point","coordinates":[135.863856,35.0112309]},"properties":{"z":89.6}},{"type":"Feature","geometry":{"type":"Point","coordinates":[135.8638879,35.0111946]},"properties":{"z":89.6}},{"type":"Feature","geometry":{"type":"Point","coordinates":[135.8639336,35.0111699]},"properties":{"z":89.6}},{"type":"Feature","geometry":{"type":"Point","coordinates":[135.8639794,35.0111451]},"properties":{"z":89.6}},{"type":"Feature","geometry":{"type":"Point","coordinates":[135.8640252,35.0111203]},"properties":{"z":89.6}},{"type":"Feature","geometry":{"type":"Point","coordinates":[135.864071,35.0110955]},"properties":{"z":89.6}},{"type":"Feature","geometry":{"type":"Point","coordinates":[135.8640487,35.0111359]},"properties":{"z":89.6}},{"type":"Feature","geometry":{"type":"Point","coordinates":[135.864026,35.0111768]},"properties":{"z":89.6}},{"type":"Feature","geometry":{"type":"Point","coordinates":[135.8640032,35.0112178]},"properties":{"z":89.6}},{"type":"Feature","geometry":{"type":"Point","coordinates":[135.8639805,35.0112587]},"properties":{"z":89.6}},{"type":"Feature","geometry":{"type":"Point","coordinates":[135.864003,35.011256]},"properties":{"z":89.6}},{"type":"Feature","geometry":{"type":"Point","coordinates":[135.8640487,35.0112311]},"properties":{"z":89.6}},{"type":"Feature","geometry":{"type":"Point","coordinates":[135.8640946,35.0112067]},"properties":{"z":89.6}},{"type":"Feature","geometry":{"type":"Point","coordinates":[135.8641488,35.0111994]},"properties":{"z":89.6}},{"type":"Feature","geometry":{"type":"Point","coordinates":[135.864203,35.0111921]},"properties":{"z":89.6}},{"type":"Feature","geometry":{"type":"Point","coordinates":[135.8642479,35.0111705]},"properties":{"z":89.6}},{"type":"Feature","geometry":{"type":"Point","coordinates":[135.8642861,35.0111382]},"properties":{"z":89.6}},{"type":"Feature","geometry":{"type":"Point","coordinates":[135.8643243,35.0111059]},"properties":{"z":89.6}},{"type":"Feature","geometry":{"type":"Point","coordinates":[135.8643624,35.0110736]},"properties":{"z":89.6}},{"type":"Feature","geometry":{"type":"Point","coordinates":[135.8644006,35.0110413]},"properties":{"z":89.6}},{"type":"Feature","geometry":{"type":"Point","coordinates":[135.8644388,35.011009]},"properties":{"z":89.7}},{"type":"Feature","geometry":{"type":"Point","coordinates":[135.8644101,35.0110306]},"properties":{"z":89.6}},{"type":"Feature","geometry":{"type":"Point","coordinates":[135.8643701,35.0110614]},"properties":{"z":89.6}},{"type":"Feature","geometry":{"type":"Point","coordinates":[135.8643298,35.011092]},"properties":{"z":89.6}},{"type":"Feature","geometry":{"type":"Point","coordinates":[135.8642894,35.0111224]},"properties":{"z":89.6}},{"type":"Feature","geometry":{"type":"Point","coordinates":[135.8642485,35.0111524]},"properties":{"z":89.6}},{"type":"Feature","geometry":{"type":"Point","coordinates":[135.8642072,35.011182]},"properties":{"z":89.6}},{"type":"Feature","geometry":{"type":"Point","coordinates":[135.8642014,35.0112168]},"properties":{"z":89.6}},{"type":"Feature","geometry":{"type":"Point","coordinates":[135.8642276,35.0112563]},"properties":{"z":89.6}},{"type":"Feature","geometry":{"type":"Point","coordinates":[135.8642406,35.0112553]},"properties":{"z":89.6}},{"type":"Feature","geometry":{"type":"Point","coordinates":[135.8642392,35.0112103]},"properties":{"z":89.6}},{"type":"Feature","geometry":{"type":"Point","coordinates":[135.8642144,35.0111803]},"properties":{"z":89.6}},{"type":"Feature","geometry":{"type":"Point","coordinates":[135.8641615,35.0111682]},"properties":{"z":89.6}},{"type":"Feature","geometry":{"type":"Point","coordinates":[135.8641454,35.0111569]},"properties":{"z":89.6}},{"type":"Feature","geometry":{"type":"Point","coordinates":[135.864199,35.0111473]},"properties":{"z":89.6}},{"type":"Feature","geometry":{"type":"Point","coordinates":[135.8642529,35.0111429]},"properties":{"z":89.6}},{"type":"Feature","geometry":{"type":"Point","coordinates":[135.8643073,35.0111488]},"properties":{"z":89.6}},{"type":"Feature","geometry":{"type":"Point","coordinates":[135.8643617,35.0111547]},"properties":{"z":89.6}},{"type":"Feature","geometry":{"type":"Point","coordinates":[135.8643699,35.0111507]},"properties":{"z":89.6}},{"type":"Feature","geometry":{"type":"Point","coordinates":[135.8643227,35.0111735]},"properties":{"z":89.6}},{"type":"Feature","geometry":{"type":"Point","coordinates":[135.8642754,35.0111963]},"properties":{"z":89.6}},{"type":"Feature","geometry":{"type":"Point","coordinates":[135.8642281,35.0112192]},"properties":{"z":89.6}},{"type":"Feature","geometry":{"type":"Point","coordinates":[135.8641808,35.011242]},"properties":{"z":89.6}},{"type":"Feature","geometry":{"type":"Point","coordinates":[135.8641336,35.0112648]},"properties":{"z":89.6}},{"type":"Feature","geometry":{"type":"Point","coordinates":[135.8640863,35.0112877]},"properties":{"z":89.6}},{"type":"Feature","geometry":{"type":"Point","coordinates":[135.864039,35.0113105]},"properties":{"z":89.6}},{"type":"Feature","geometry":{"type":"Point","coordinates":[135.8639917,35.0113333]},"properties":{"z":89.6}},{"type":"Feature","geometry":{"type":"Point","coordinates":[135.8639444,35.0113562]},"properties":{"z":89.6}},{"type":"Feature","geometry":{"type":"Point","coordinates":[135.8638972,35.011379]},"properties":{"z":89.5}},{"type":"Feature","geometry":{"type":"Point","coordinates":[135.8638499,35.0114018]},"properties":{"z":89.5}},{"type":"Feature","geometry":{"type":"Point","coordinates":[135.8638026,35.0114246]},"properties":{"z":89.5}},{"type":"Feature","geometry":{"type":"Point","coordinates":[135.8637506,35.011437]},"properties":{"z":89.5}},{"type":"Feature","geometry":{"type":"Point","coordinates":[135.8636982,35.0114498]},"properties":{"z":89.5}},{"type":"Feature","geometry":{"type":"Point","coordinates":[135.8636468,35.0114657]},"properties":{"z":89.5}},{"type":"Feature","geometry":{"type":"Point","coordinates":[135.8636503,35.011456]},"properties":{"z":89.5}},{"type":"Feature","geometry":{"type":"Point","coordinates":[135.8636932,35.011428]},"properties":{"z":89.5}},{"type":"Feature","geometry":{"type":"Point","coordinates":[135.8637361,35.0114]},"properties":{"z":89.5}},{"type":"Feature","geometry":{"type":"Point","coordinates":[135.8637791,35.011372]},"properties":{"z":89.5}},{"type":"Feature","geometry":{"type":"Point","coordinates":[135.863822,35.011344]},"properties":{"z":89.6}},{"type":"Feature","geometry":{"type":"Point","coordinates":[135.8638649,35.011316]},"properties":{"z":89.6}},{"type":"Feature","geometry":{"type":"Point","coordinates":[135.8639079,35.011288]},"properties":{"z":89.6}},{"type":"Feature","geometry":{"type":"Point","coordinates":[135.8639508,35.01126]},"properties":{"z":89.6}},{"type":"Feature","geometry":{"type":"Point","coordinates":[135.8639937,35.011232]},"properties":{"z":89.6}},{"type":"Feature","geometry":{"type":"Point","coordinates":[135.8640367,35.011204]},"properties":{"z":89.6}},{"type":"Feature","geometry":{"type":"Point","coordinates":[135.8639917,35.0112025]},"properties":{"z":89.6}},{"type":"Feature","geometry":{"type":"Point","coordinates":[135.8639368,35.011204]},"properties":{"z":89.6}},{"type":"Feature","geometry":{"type":"Point","coordinates":[135.8638822,35.0112041]},"properties":{"z":89.6}},{"type":"Feature","geometry":{"type":"Point","coordinates":[135.8638294,35.0111916]},"properties":{"z":89.6}},{"type":"Feature","geometry":{"type":"Point","coordinates":[135.8637767,35.0111792]},"properties":{"z":89.6}},{"type":"Feature","geometry":{"type":"Point","coordinates":[135.863724,35.0111668]},"properties":{"z":89.6}},{"type":"Feature","geometry":{"type":"Point","coordinates":[135.8636712,35.0111543]},"properties":{"z":89.6}},{"type":"Feature","geometry":{"type":"Point","coordinates":[135.8636188,35.011141]},"properties":{"z":89.6}},{"type":"Feature","geometry":{"type":"Point","coordinates":[135.8635664,35.0111277]},"properties":{"z":89.6}},{"type":"Feature","geometry":{"type":"Point","coordinates":[135.8635139,35.0111144]},"properties":{"z":89.6}},{"type":"Feature","geometry":{"type":"Point","coordinates":[135.8634699,35.0110879]},"properties":{"z":89.7}},{"type":"Feature","geometry":{"type":"Point","coordinates":[135.8634263,35.0110605]},"properties":{"z":89.7}},{"type":"Feature","geometry":{"type":"Point","coordinates":[135.8633758,35.0110455]},"properties":{"z":89.7}},{"type":"Feature","geometry":{"type":"Point","coordinates":[135.8633221,35.011036]},"properties":{"z":89.7}},{"type":"Feature","geometry":{"type":"Point","coordinates":[135.8632685,35.0110265]},"properties":{"z":89.7}},{"type":"Feature","geometry":{"type":"Point","coordinates":[135.8632281,35.0110035]},"properties":{"z":89.8}},{"type":"Feature","geometry":{"type":"Point","coordinates":[135.8632048,35.0109628]},"properties":{"z":89.8}},{"type":"Feature","geometry":{"type":"Point","coordinates":[135.8631815,35.0109221]},"properties":{"z":89.8}},{"type":"Feature","geometry":{"type":"Point","coordinates":[135.8631447,35.010889]},"properties":{"z":89.8}},{"type":"Feature","geometry":{"type":"Point","coordinates":[135.8631067,35.0108565]},"properties":{"z":89.8}},{"type":"Feature","geometry":{"type":"Point","coordinates":[135.8630687,35.0108241]},"properties":{"z":89.8}},{"type":"Feature","geometry":{"type":"Point","coordinates":[135.8630603,35.0108169]},"properties":{"z":89.8}}]}