{"type":"FeatureCollection","features":[{"type":"Feature","geometry":{"type":"Point","coordinates":[135.6212867,34.7060028]},"properties":{"z":1.9}},{"type":"Feature","geometry":{"type":"Point","coordinates":[135.6213412,34.7060068]},"properties":{"z":1.9}},{"type":"Feature","geometry":{"type":"Point","coordinates":[135.6213948,34.706015]},"properties":{"z":1.9}},{"type":"Feature","geometry":{"type":"Point","coordinates":[135.6214472,34.7060277]},"properties":{"z":1.9}},{"type":"Feature","geometry":{"type":"Point","coordinates":[135.6215015,34.7060283]},"properties":{"z":1.9}},{"type":"Feature","geometry":{"type":"Point","coordinates":[135.6215546,34.7060367]},"properties":{"z":1.9}},{"type":"Feature","geometry":{"type":"Point","coordinates":[135.6216071,34.7060494]},"properties":{"z":1.9}},{"type":"Feature","geometry":{"type":"Point","coordinates":[135.6216568,34.7060675]},"properties":{"z":1.9}},{"type":"Feature","geometry":{"type":"Point","coordinates":[135.6217078,34.706083]},"properties":{"z":1.9}},{"type":"Feature","geometry":{"type":"Point","coordinates":[135.6217601,34.706096]},"properties":{"z":1.9}},{"type":"Feature","geometry":{"type":"Point","coordinates":[135.6218128,34.706108]},"properties":{"z":1.9}},{"type":"Feature","geometry":{"type":"Point","coordinates":[135.6218665,34.7061125]},"properties":{"z":2.0}},{"type":"Feature","geometry":{"type":"Point","coordinates":[135.621921,34.7061088]},"properties":{"z":2.0}},{"type":"Feature","geometry":{"type":"Point","coordinates":[135.6219754,34.7061128]},"properties":{"z":2.0}},{"type":"Feature","geometry":{"type":"Point","coordinates":[135.6220297,34.7061183]},"properties":{"z":2.0}},{"type":"Feature","geometry":{"type":"Point","coordinates":[135.6220837,34.7061249]},"properties":{"z":2.0}},{"type":"Feature","geometry":{"type":"Point","coordinates":[135.6221375,34.7061331]},"properties":{"z":2.0}},{"type":"Feature","geometry":{"type":"Point","coordinates":[135.6221915,34.7061402]},"properties":{"z":2.0}},{"type":"Feature","geometry":{"type":"Point","coordinates":[135.6222409,34.7061222]},"properties":{"z":2.0}},{"type":"Feature","geometry":{"type":"Point","coordinates":[135.6222901,34.7061035]},"properties":{"z":2.1}},{"type":"Feature","geometry":{"type":"Point","coordinates":[135.6223442,34.7061086]},"properties":{"z":2.1}},{"type":"Feature","geometry":{"type":"Point","coordinates":[135.6223985,34.7061032]},"properties":{"z":2.1}},{"type":"Feature","geometry":{"type":"Point","coordinates":[135.6224524,34.7061105]},"properties":{"z":2.1}},{"type":"Feature","geometry":{"type":"Point","coordinates":[135.6225061,34.7061021]},"properties":{"z":2.1}},{"type":"Feature","geometry":{"type":"Point","coordinates":[135.6225586,34.7060918]},"properties":{"z":2.1}},{"type":"Feature","geometry":{"type":"Point","coordinates":[135.6226128,34.7060972]},"properties":{"z":2.1}},{"type":"Feature","geometry":{"type":"Point","coordinates":[135.6226662,34.7061047]},"properties":{"z":2.1}},{"type":"Feature","geometry":{"type":"Point","coordinates":[135.6227203,34.706102]},"properties":{"z":2.2}},{"type":"Feature","geometry":{"type":"Point","coordinates":[135.6227745,34.7061082]},"properties":{"z":2.2}},{"type":"Feature","geometry":{"type":"Point","coordinates":[135.622829,34.70611]},"properties":{"z":2.2}},{"type":"Feature","geometry":{"type":"Point","coordinates":[135.6228835,34.7061116]},"properties":{"z":2.2}},{"type":"Feature","geometry":{"type":"Point","coordinates":[135.6229374,34.7061177]},"properties":{"z":2.2}},{"type":"Feature","geometry":{"type":"Point","coordinates":[135.6229839,34.7061404]},"properties":{"z":2.2}},{"type":"Feature","geometry":{"type":"Point","coordinates":[135.6229983,34.7061837]},"properties":{"z":2.2}},{"type":"Feature","geometry":{"type":"Point","coordinates":[135.6230065,34.7062279]},"properties":{"z":2.2}},{"type":"Feature","geometry":{"type":"Point","coordinates":[135.6230067,34.7062729]},"properties":{"z":2.2}},{"type":"Feature","geometry":{"type":"Point","coordinates":[135.6230059,34.7063178]},"properties":{"z":2.2}},{"type":"Feature","geometry":{"type":"Point","coordinates":[135.6230114,34.7063625]},"properties":{"z":2.2}},{"type":"Feature","geometry":{"type":"Point","coordinates":[135.6230178,34.7064072]},"properties":{"z":2.2}},{"type":"Feature","geometry":{"type":"Point","coordinates":[135.6230245,34.7064518]},"properties":{"z":2.2}},{"type":"Feature","geometry":{"type":"Point","coordinates":[135.6230344,34.706496]},"properties":{"z":2.2}},{"type":"Feature","geometry":{"type":"Point","coordinates":[135.6230613,34.7065288]},"properties":{"z":2.2}},{"type":"Feature","geometry":{"type":"Point","coordinates":[135.623086,34.7064946]},"properties":{"z":2.2}},{"type":"Feature","geometry":{"type":"Point","coordinates":[135.6231037,34.706452]},"properties":{"z":2.2}},{"type":"Feature","geometry":{"type":"Point","coordinates":[135.6231153,34.7064083]},"properties":{"z":2.2}},{"type":"Feature","geometry":{"type":"Point","coordinates":[135.6231292,34.7063651]},"properties":{"z":2.2}},{"type":"Feature","geometry":{"type":"Point","coordinates":[135.6231555,34.7063284]},"properties":{"z":2.3}},{"type":"Feature","geometry":{"type":"Point","coordinates":[135.6232033,34.7063066]},"properties":{"z":2.3}},{"type":"Feature","geometry":{"type":"Point","coordinates":[135.6232559,34.7062966]},"properties":{"z":2.3}},{"type":"Feature","geometry":{"type":"Point","coordinates":[135.6233102,34.7062917]},"properties":{"z":2.3}},{"type":"Feature","geometry":{"type":"Point","coordinates":[135.6233649,34.7062907]},"properties":{"z":2.3}},{"type":"Feature","geometry":{"type":"Point","coordinates":[135.6234195,34.7062892]},"properties":{"z":2.3}},{"type":"Feature","geometry":{"type":"Point","coordinates":[135.6234741,34.7062872]},"properties":{"z":2.3}},{"type":"Feature","geometry":{"type":"Point","coordinates":[135.6235277,34.7062787]},"properties":{"z":2.3}},{"type":"Feature","geometry":{"type":"Point","coordinates":[135.623581,34.7062695]},"properties":{"z":2.3}},{"type":"Feature","geometry":{"type":"Point","coordinates":[135.6236355,34.7062732]},"properties":{"z":2.3}},{"type":"Feature","geometry":{"type":"Point","coordinates":[135.6236899,34.706277]},"properties":{"z":2.4}},{"type":"Feature","geometry":{"type":"Point","coordinates":[135.6237444,34.7062811]},"properties":{"z":2.4}},{"type":"Feature","geometry":{"type":"Point","coordinates":[135.6237988,34.7062854]},"properties":{"z":2.4}},{"type":"Feature","geometry":{"type":"Point","coordinates":[135.6238532,34.70629]},"properties":{"z":2.4}},{"type":"Feature","geometry":{"type":"Point","coordinates":[135.6239074,34.706296]},"properties":{"z":2.4}},{"type":"Feature","geometry":{"type":"Point","coordinates":[135.6239617,34.7063013]},"properties":{"z":2.4}},{"type":"Feature","geometry":{"type":"Point","coordinates":[135.6240161,34.7063062]},"properties":{"z":2.4}},{"type":"Feature","geometry":{"type":"Point","coordinates":[135.6240705,34.7063102]},"properties":{"z":2.4}},{"type":"Feature","geometry":{"type":"Point","coordinates":[135.6241248,34.7063153]},"properties":{"z":2.4}},{"type":"Feature","geometry":{"type":"Point","coordinates":[135.6241791,34.7063211]},"properties":{"z":2.4}},{"type":"Feature","geometry":{"type":"Point","coordinates":[135.6242332,34.7063276]},"properties":{"z":2.4}},{"type":"Feature","geometry":{"type":"Point","coordinates":[135.6242858,34.7063392]},"properties":{"z":2.5}},{"type":"Feature","geometry":{"type":"Point","coordinates":[135.6243378,34.7063531]},"properties":{"z":2.5}},{"type":"Feature","geometry":{"type":"Point","coordinates":[135.6243903,34.7063657]},"properties":{"z":2.5}},{"type":"Feature","geometry":{"type":"Point","coordinates":[135.624443,34.7063777]},"properties":{"z":2.5}},{"type":"Feature","geometry":{"type":"Point","coordinates":[135.6244962,34.7063881]},"properties":{"z":2.5}},{"type":"Feature","geometry":{"type":"Point","coordinates":[135.6245482,34.7064018]},"properties":{"z":2.5}},{"type":"Feature","geometry":{"type":"Point","coordinates":[135.6245994,34.7064176]},"properties":{"z":2.5}},{"type":"Feature","geometry":{"type":"Point","coordinates":[135.6246518,34.7064302]},"properties":{"z":2.5}},{"type":"Feature","geometry":{"type":"Point","coordinates":[135.6247045,34.7064424]},"properties":{"z":2.5}},{"type":"Feature","geometry":{"type":"Point","coordinates":[135.6247573,34.7064538]},"properties":{"z":2.5}},{"type":"Feature","geometry":{"type":"Point","coordinates":[135.6248095,34.7064671]},"properties":{"z":2.6}},{"type":"Feature","geometry":{"type":"Point","coordinates":[135.6248611,34.7064821]},"properties":{"z":2.6}},{"type":"Feature","geometry":{"type":"Point","coordinates":[135.6249115,34.7064994]},"properties":{"z":2.6}},{"type":"Feature","geometry":{"type":"Point","coordinates":[135.6249617,34.7065172]},"properties":{"z":2.6}},{"type":"Feature","geometry":{"type":"Point","coordinates":[135.625012,34.7065349]},"properties":{"z":2.6}},{"type":"Feature","geometry":{"type":"Point","coordinates":[135.6250631,34.7065507]},"properties":{"z":2.6}},{"type":"Feature","geometry":{"type":"Point","coordinates":[135.6251155,34.7065636]},"properties":{"z":2.6}},{"type":"Feature","geometry":{"type":"Point","coordinates":[135.625166,34.7065807]},"properties":{"z":2.6}},{"type":"Feature","geometry":{"type":"Point","coordinates":[135.625216,34.7065989]},"properties":{"z":2.6}},{"type":"Feature","geometry":{"type":"Point","coordinates":[135.6252654,34.7066181]},"properties":{"z":2.6}},{"type":"Feature","geometry":{"type":"Point","coordinates":[135.6253148,34.7066374]},"properties":{"z":2.6}},{"type":"Feature","geometry":{"type":"Point","coordinates":[135.6253644,34.7066563]},"properties":{"z":2.7}},{"type":"Feature","geometry":{"type":"Point","coordinates":[135.625414,34.7066753]},"properties":{"z":2.7}},{"type":"Feature","geometry":{"type":"Point","coordinates":[135.6254636,34.7066942]},"properties":{"z":2.7}},{"type":"Feature","geometry":{"type":"Point","coordinates":[135.6255132,34.7067131]},"properties":{"z":2.7}},{"type":"Feature","geometry":{"type":"Point","coordinates":[135.6255612,34.7067346]},"properties":{"z":2.7}},{"type":"Feature","geometry":{"type":"Point","coordinates":[135.6256092,34.7067562]},"properties":{"z":2.7}},{"type":"Feature","geometry":{"type":"Point","coordinates":[135.6256568,34.7067783]},"properties":{"z":2.7}},{"type":"Feature","geometry":{"type":"Point","coordinates":[135.6257027,34.7068025]},"properties":{"z":2.7}},{"type":"Feature","geometry":{"type":"Point","coordinates":[135.6257455,34.7068304]},"properties":{"z":2.7}},{"type":"Feature","geometry":{"type":"Point","coordinates":[135.6257957,34.7068483]},"properties":{"z":2.7}},{"type":"Feature","geometry":{"type":"Point","coordinates":[135.625849,34.7068568]},"properties":{"z":2.7}},{"type":"Feature","geometry":{"type":"Point","coordinates":[135.6259029,34.7068638]},"properties":{"z":2.8}},{"type":"Feature","geometry":{"type":"Point","coordinates":[135.6259552,34.7068769]},"properties":{"z":2.8}},{"type":"Feature","geometry":{"type":"Point","coordinates":[135.6260067,34.7068916]},"properties":{"z":2.8}},{"type":"Feature","geometry":{"type":"Point","coordinates":[135.6260555,34.706912]},"properties":{"z":2.8}},{"type":"Feature","geometry":{"type":"Point","coordinates":[135.626099,34.7069381]},"properties":{"z":2.8}},{"type":"Feature","geometry":{"type":"Point","coordinates":[135.6261358,34.7069713]},"properties":{"z":2.8}},{"type":"Feature","geometry":{"type":"Point","coordinates":[135.6261711,34.7070044]},"properties":{"z":2.8}},{"type":"Feature","geometry":{"type":"Point","coordinates":[135.6262177,34.7070271]},"properties":{"z":2.8}},{"type":"Feature","geometry":{"type":"Point","coordinates":[135.6262603,34.7070554]},"properties":{"z":2.8}},{"type":"Feature","geometry":{"type":"Point","coordinates":[135.6263118,34.7070702]},"properties":{"z":2.8}},{"type":"Feature","geometry":{"type":"Point","coordinates":[135.6263651,34.70708]},"properties":{"z":2.8}},{"type":"Feature","geometry":{"type":"Point","coordinates":[135.6264188,34.7070887]},"properties":{"z":2.8}},{"type":"Feature","geometry":{"type":"Point","coordinates":[135.626471,34.7071019]},"properties":{"z":2.8}},{"type":"Feature","geometry":{"type":"Point","coordinates":[135.6265226,34.7071167]},"properties":{"z":2.8}},{"type":"Feature","geometry":{"type":"Point","coordinates":[135.6265735,34.707133]},"properties":{"z":2.9}},{"type":"Feature","geometry":{"type":"Point","coordinates":[135.6266248,34.7071487]},"properties":{"z":2.9}},{"type":"Feature","geometry":{"type":"Point","coordinates":[135.6266764,34.7071635]},"properties":{"z":2.9}},{"type":"Feature","geometry":{"type":"Point","coordinates":[135.626728,34.7071784]},"properties":{"z":2.9}},{"type":"Feature","geometry":{"type":"Point","coordinates":[135.6267797,34.7071932]},"properties":{"z":2.9}},{"type":"Feature","geometry":{"type":"Point","coordinates":[135.626832,34.7072062]},"properties":{"z":2.9}},{"type":"Feature","geometry":{"type":"Point","coordinates":[135.6268844,34.7072191]},"properties":{"z":2.9}},{"type":"Feature","geometry":{"type":"Point","coordinates":[135.6269368,34.7072319]},"properties":{"z":2.9}},{"type":"Feature","geometry":{"type":"Point","coordinates":[135.6269891,34.7072451]},"properties":{"z":2.9}},{"type":"Feature","geometry":{"type":"Point","coordinates":[135.6270417,34.7072573]},"properties":{"z":2.9}},{"type":"Feature","geometry":{"type":"Point","coordinates":[135.627094,34.7072703]},"properties":{"z":3.0}},{"type":"Feature","geometry":{"type":"Point","coordinates":[135.6271463,34.7072835]},"properties":{"z":3.0}},{"type":"Feature","geometry":{"type":"Point","coordinates":[135.6271988,34.7072959]},"properties":{"z":3.0}},{"type":"Feature","geometry":{"type":"Point","coordinates":[135.6272488,34.7073142]},"properties":{"z":3.0}},{"type":"Feature","geometry":{"type":"Point","coordinates":[135.6272988,34.7073322]},"properties":{"z":3.0}},{"type":"Feature","geometry":{"type":"Point","coordinates":[135.6273453,34.707355]},"properties":{"z":3.0}},{"type":"Feature","geometry":{"type":"Point","coordinates":[135.627387,34.707384]},"properties":{"z":3.0}},{"type":"Feature","geometry":{"type":"Point","coordinates":[135.6274311,34.7074106]},"properties":{"z":3.0}},{"type":"Feature","geometry":{"type":"Point","coordinates":[135.6274815,34.7074274]},"properties":{"z":3.0}},{"type":"Feature","geometry":{"type":"Point","coordinates":[135.6275344,34.7074374]},"properties":{"z":3.0}},{"type":"Feature","geometry":{"type":"Point","coordinates":[135.6275888,34.7074417]},"properties":{"z":3.0}},{"type":"Feature","geometry":{"type":"Point","coordinates":[135.6276432,34.7074462]},"properties":{"z":3.0}},{"type":"Feature","geometry":{"type":"Point","coordinates":[135.6276976,34.7074511]},"properties":{"z":3.1}},{"type":"Feature","geometry":{"type":"Point","coordinates":[135.6277512,34.7074488]},"properties":{"z":3.1}},{"type":"Feature","geometry":{"type":"Point","coordinates":[135.6277985,34.7074693]},"properties":{"z":3.1}},{"type":"Feature","geometry":{"type":"Point","coordinates":[135.6278389,34.7074996]},"properties":{"z":3.1}},{"type":"Feature","geometry":{"type":"Point","coordinates":[135.6278803,34.7075289]},"properties":{"z":3.1}},{"type":"Feature","geometry":{"type":"Point","coordinates":[135.6279216,34.7075583]},"properties":{"z":3.1}},{"type":"Feature","geometry":{"type":"Point","coordinates":[135.6279625,34.7075882]},"properties":{"z":3.1}},{"type":"Feature","geometry":{"type":"Point","coordinates":[135.6280054,34.707616]},"properties":{"z":3.1}},{"type":"Feature","geometry":{"type":"Point","coordinates":[135.6280549,34.7076305]},"properties":{"z":3.1}},{"type":"Feature","geometry":{"type":"Point","coordinates":[135.6281091,34.7076284]},"properties":{"z":3.1}},{"type":"Feature","geometry":{"type":"Point","coordinates":[135.6281631,34.7076212]},"properties":{"z":3.1}},{"type":"Feature","geometry":{"type":"Point","coordinates":[135.6282141,34.7076051]},"properties":{"z":3.2}},{"type":"Feature","geometry":{"type":"Point","coordinates":[135.6282648,34.7075884]},"properties":{"z":3.2}},{"type":"Feature","geometry":{"type":"Point","coordinates":[135.6283173,34.7075759]},"properties":{"z":3.2}},{"type":"Feature","geometry":{"type":"Point","coordinates":[135.6283701,34.7075642]},"properties":{"z":3.2}},{"type":"Feature","geometry":{"type":"Point","coordinates":[135.6284229,34.7075525]},"properties":{"z":3.2}},{"type":"Feature","geometry":{"type":"Point","coordinates":[135.6284756,34.7075406]},"properties":{"z":3.2}},{"type":"Feature","geometry":{"type":"Point","coordinates":[135.6285283,34.7075286]},"properties":{"z":3.2}},{"type":"Feature","geometry":{"type":"Point","coordinates":[135.6285803,34.7075151]},"properties":{"z":3.2}},{"type":"Feature","geometry":{"type":"Point","coordinates":[135.6286308,34.7074977]},"properties":{"z":3.2}},{"type":"Feature","geometry":{"type":"Point","coordinates":[135.6286812,34.7074803]},"properties":{"z":3.2}},{"type":"Feature","geometry":{"type":"Point","coordinates":[135.6287313,34.7074623]},"properties":{"z":3.3}},{"type":"Feature","geometry":{"type":"Point","coordinates":[135.6287811,34.7074438]},"properties":{"z":3.3}},{"type":"Feature","geometry":{"type":"Point","coordinates":[135.628831,34.7074254]},"properties":{"z":3.3}},{"type":"Feature","geometry":{"type":"Point","coordinates":[135.6288801,34.7074056]},"properties":{"z":3.3}},{"type":"Feature","geometry":{"type":"Point","coordinates":[135.6289292,34.7073857]},"properties":{"z":3.3}},{"type":"Feature","geometry":{"type":"Point","coordinates":[135.6289774,34.7073646]},"properties":{"z":3.3}},{"type":"Feature","geometry":{"type":"Point","coordinates":[135.6290249,34.7073423]},"properties":{"z":3.3}},{"type":"Feature","geometry":{"type":"Point","coordinates":[135.6290723,34.70732]},"properties":{"z":3.3}},{"type":"Feature","geometry":{"type":"Point","coordinates":[135.6291213,34.7072999]},"properties":{"z":3.3}},{"type":"Feature","geometry":{"type":"Point","coordinates":[135.6291702,34.7072799]},"properties":{"z":3.3}},{"type":"Feature","geometry":{"type":"Point","coordinates":[135.6292179,34.7072579]},"properties":{"z":3.3}},{"type":"Feature","geometry":{"type":"Point","coordinates":[135.629265,34.7072351]},"properties":{"z":3.3}},{"type":"Feature","geometry":{"type":"Point","coordinates":[135.6293105,34.7072103]},"properties":{"z":3.3}},{"type":"Feature","geometry":{"type":"Point","coordinates":[135.629355,34.7071842]},"properties":{"z":3.3}},{"type":"Feature","geometry":{"type":"Point","coordinates":[135.6293997,34.7071582]},"properties":{"z":3.3}},{"type":"Feature","geometry":{"type":"Point","coordinates":[135.6294445,34.7071325]},"properties":{"z":3.3}},{"type":"Feature","geometry":{"type":"Point","coordinates":[135.6294896,34.707107]},"properties":{"z":3.3}},{"type":"Feature","geometry":{"type":"Point","coordinates":[135.6295357,34.7070828]},"properties":{"z":3.3}},{"type":"Feature","geometry":{"type":"Point","coordinates":[135.6295818,34.7070587]},"properties":{"z":3.3}},{"type":"Feature","geometry":{"type":"Point","coordinates":[135.6296274,34.7070339]},"properties":{"z":3.3}},{"type":"Feature","geometry":{"type":"Point","coordinates":[135.629673,34.7070091]},"properties":{"z":3.3}},{"type":"Feature","geometry":{"type":"Point","coordinates":[135.6297211,34.7069878]},"properties":{"z":3.3}},{"type":"Feature","geometry":{"type":"Point","coordinates":[135.62977,34.7069678]},"properties":{"z":3.3}},{"type":"Feature","geometry":{"type":"Point","coordinates":[135.6298139,34.7069413]},"properties":{"z":3.3}},{"type":"Feature","geometry":{"type":"Point","coordinates":[135.6298558,34.7069124]},"properties":{"z":3.3}},{"type":"Feature","geometry":{"type":"Point","coordinates":[135.6299042,34.7068918]},"properties":{"z":3.3}},{"type":"Feature","geometry":{"type":"Point","coordinates":[135.6299532,34.7068717]},"properties":{"z":3.3}},{"type":"Feature","geometry":{"type":"Point","coordinates":[135.6300069,34.7068646]},"properties":{"z":3.3}},{"type":"Feature","geometry":{"type":"Point","coordinates":[135.6300611,34.7068588]},"properties":{"z":3.3}},{"type":"Feature","geometry":{"type":"Point","coordinates":[135.6301157,34.7068574]},"properties":{"z":3.3}},{"type":"Feature","geometry":{"type":"Point","coordinates":[135.6301704,34.7068572]},"properties":{"z":3.3}},{"type":"Feature","geometry":{"type":"Point","coordinates":[135.630225,34.7068555]},"properties":{"z":3.3}},{"type":"Feature","geometry":{"type":"Point","coordinates":[135.6302796,34.7068528]},"properties":{"z":3.3}},{"type":"Feature","geometry":{"type":"Point","coordinates":[135.630334,34.7068485]},"properties":{"z":3.3}},{"type":"Feature","geometry":{"type":"Point","coordinates":[135.630388,34.7068415]},"properties":{"z":3.4}},{"type":"Feature","geometry":{"type":"Point","coordinates":[135.6304419,34.7068341]},"properties":{"z":3.4}},{"type":"Feature","geometry":{"type":"Point","coordinates":[135.6304957,34.7068258]},"properties":{"z":3.4}},{"type":"Feature","geometry":{"type":"Point","coordinates":[135.6305494,34.7068177]},"properties":{"z":3.4}},{"type":"Feature","geometry":{"type":"Point","coordinates":[135.6306033,34.7068099]},"properties":{"z":3.4}},{"type":"Feature","geometry":{"type":"Point","coordinates":[135.6306571,34.7068021]},"properties":{"z":3.4}},{"type":"Feature","geometry":{"type":"Point","coordinates":[135.630711,34.7067942]},"properties":{"z":3.4}},{"type":"Feature","geometry":{"type":"Point","coordinates":[135.6307648,34.7067862]},"properties":{"z":3.4}},{"type":"Feature","geometry":{"type":"Point","coordinates":[135.6308185,34.7067779]},"properties":{"z":3.4}},{"type":"Feature","geometry":{"type":"Point","coordinates":[135.6308723,34.7067701]},"properties":{"z":3.4}},{"type":"Feature","geometry":{"type":"Point","coordinates":[135.6309268,34.7067663]},"properties":{"z":3.4}},{"type":"Feature","geometry":{"type":"Point","coordinates":[135.6309813,34.7067631]},"properties":{"z":3.4}},{"type":"Feature","geometry":{"type":"Point","coordinates":[135.6310357,34.7067674]},"properties":{"z":3.4}},{"type":"Feature","geometry":{"type":"Point","coordinates":[135.6310901,34.706772]},"properties":{"z":3.4}},{"type":"Feature","geometry":{"type":"Point","coordinates":[135.6311442,34.7067789]},"properties":{"z":3.4}},{"type":"Feature","geometry":{"type":"Point","coordinates":[135.6311985,34.7067821]},"properties":{"z":3.4}},{"type":"Feature","geometry":{"type":"Point","coordinates":[135.6312532,34.7067821]},"properties":{"z":3.4}},{"type":"Feature","geometry":{"type":"Point","coordinates":[135.6313078,34.7067789]},"properties":{"z":3.4}},{"type":"Feature","geometry":{"type":"Point","coordinates":[135.631362,34.7067741]},"properties":{"z":3.4}},{"type":"Feature","geometry":{"type":"Point","coordinates":[135.6314156,34.7067651]},"properties":{"z":3.4}},{"type":"Feature","geometry":{"type":"Point","coordinates":[135.6314694,34.7067571]},"properties":{"z":3.4}},{"type":"Feature","geometry":{"type":"Point","coordinates":[135.6315239,34.7067533]},"properties":{"z":3.4}},{"type":"Feature","geometry":{"type":"Point","coordinates":[135.6315783,34.7067495]},"properties":{"z":3.4}},{"type":"Feature","geometry":{"type":"Point","coordinates":[135.631633,34.7067492]},"properties":{"z":3.5}},{"type":"Feature","geometry":{"type":"Point","coordinates":[135.6316877,34.7067495]},"properties":{"z":3.5}},{"type":"Feature","geometry":{"type":"Point","coordinates":[135.6317423,34.7067489]},"properties":{"z":3.5}},{"type":"Feature","geometry":{"type":"Point","coordinates":[135.631797,34.7067474]},"properties":{"z":3.5}},{"type":"Feature","geometry":{"type":"Point","coordinates":[135.6318515,34.7067443]},"properties":{"z":3.5}},{"type":"Feature","geometry":{"type":"Point","coordinates":[135.6319054,34.706737]},"properties":{"z":3.5}},{"type":"Feature","geometry":{"type":"Point","coordinates":[135.631959,34.7067286]},"properties":{"z":3.5}},{"type":"Feature","geometry":{"type":"Point","coordinates":[135.6320109,34.7067144]},"properties":{"z":3.5}},{"type":"Feature","geometry":{"type":"Point","coordinates":[135.6320628,34.7067002]},"properties":{"z":3.5}},{"type":"Feature","geometry":{"type":"Point","coordinates":[135.6321143,34.706685]},"properties":{"z":3.5}},{"type":"Feature","geometry":{"type":"Point","coordinates":[135.6321657,34.7066698]},"properties":{"z":3.5}},{"type":"Feature","geometry":{"type":"Point","coordinates":[135.6322169,34.7066539]},"properties":{"z":3.5}},{"type":"Feature","geometry":{"type":"Point","coordinates":[135.632268,34.706638]},"properties":{"z":3.5}},{"type":"Feature","geometry":{"type":"Point","coordinates":[135.6323194,34.7066228]},"properties":{"z":3.5}},{"type":"Feature","geometry":{"type":"Point","coordinates":[135.632371,34.7066077]},"properties":{"z":3.5}},{"type":"Feature","geometry":{"type":"Point","coordinates":[135.6324226,34.706593]},"properties":{"z":3.5}},{"type":"Feature","geometry":{"type":"Point","coordinates":[135.6324744,34.7065786]},"properties":{"z":3.5}},{"type":"Feature","geometry":{"type":"Point","coordinates":[135.6325266,34.7065655]},"properties":{"z":3.5}},{"type":"Feature","geometry":{"type":"Point","coordinates":[135.6325807,34.7065586]},"properties":{"z":3.5}},{"type":"Feature","geometry":{"type":"Point","coordinates":[135.6326347,34.7065516]},"properties":{"z":3.5}},{"type":"Feature","geometry":{"type":"Point","coordinates":[135.6326889,34.7065456]},"properties":{"z":3.5}},{"type":"Feature","geometry":{"type":"Point","coordinates":[135.6327431,34.7065398]},"properties":{"z":3.5}},{"type":"Feature","geometry":{"type":"Point","coordinates":[135.6327974,34.7065343]},"properties":{"z":3.5}},{"type":"Feature","geometry":{"type":"Point","coordinates":[135.6328517,34.7065294]},"properties":{"z":3.5}},{"type":"Feature","geometry":{"type":"Point","coordinates":[135.6329061,34.7065244]},"properties":{"z":3.5}},{"type":"Feature","geometry":{"type":"Point","coordinates":[135.6329603,34.7065187]},"properties":{"z":3.5}},{"type":"Feature","geometry":{"type":"Point","coordinates":[135.6330145,34.706513]},"properties":{"z":3.5}},{"type":"Feature","geometry":{"type":"Point","coordinates":[135.6330686,34.7065065]},"properties":{"z":3.5}},{"type":"Feature","geometry":{"type":"Point","coordinates":[135.6331227,34.7064999]},"properties":{"z":3.5}},{"type":"Feature","geometry":{"type":"Point","coordinates":[135.633177,34.7064943]},"properties":{"z":3.6}},{"type":"Feature","geometry":{"type":"Point","coordinates":[135.6332313,34.706489]},"properties":{"z":3.6}},{"type":"Feature","geometry":{"type":"Point","coordinates":[135.6332854,34.7064829]},"properties":{"z":3.6}},{"type":"Feature","geometry":{"type":"Point","coordinates":[135.6333395,34.7064761]},"properties":{"z":3.6}},{"type":"Feature","geometry":{"type":"Point","coordinates":[135.6333936,34.7064697]},"properties":{"z":3.6}},{"type":"Feature","geometry":{"type":"Point","coordinates":[135.6334479,34.7064647]},"properties":{"z":3.6}},{"type":"Feature","geometry":{"type":"Point","coordinates":[135.6335022,34.7064591]},"properties":{"z":3.6}},{"type":"Feature","geometry":{"type":"Point","coordinates":[135.633556,34.7064511]},"properties":{"z":3.6}},{"type":"Feature","geometry":{"type":"Point","coordinates":[135.6336098,34.7064431]},"properties":{"z":3.6}},{"type":"Feature","geometry":{"type":"Point","coordinates":[135.6336631,34.7064331]},"properties":{"z":3.6}},{"type":"Feature","geometry":{"type":"Point","coordinates":[135.6337164,34.706423]},"properties":{"z":3.7}},{"type":"Feature","geometry":{"type":"Point","coordinates":[135.6337693,34.7064116]},"properties":{"z":3.7}},{"type":"Feature","geometry":{"type":"Point","coordinates":[135.6338219,34.7063994]},"properties":{"z":3.7}},{"type":"Feature","geometry":{"type":"Point","coordinates":[135.6338745,34.7063872]},"properties":{"z":3.7}},{"type":"Feature","geometry":{"type":"Point","coordinates":[135.6339271,34.7063749]},"properties":{"z":3.7}},{"type":"Feature","geometry":{"type":"Point","coordinates":[135.6339797,34.7063626]},"properties":{"z":3.7}},{"type":"Feature","geometry":{"type":"Point","coordinates":[135.6340323,34.7063502]},"properties":{"z":3.8}},{"type":"Feature","geometry":{"type":"Point","coordinates":[135.6340848,34.7063378]},"properties":{"z":3.8}},{"type":"Feature","geometry":{"type":"Point","coordinates":[135.6341373,34.706325]},"properties":{"z":3.8}},{"type":"Feature","geometry":{"type":"Point","coordinates":[135.6341896,34.7063119]},"properties":{"z":3.8}},{"type":"Feature","geometry":{"type":"Point","coordinates":[135.6342422,34.7062999]},"properties":{"z":3.9}},{"type":"Feature","geometry":{"type":"Point","coordinates":[135.6342961,34.7062926]},"properties":{"z":3.9}},{"type":"Feature","geometry":{"type":"Point","coordinates":[135.6343505,34.7062875]},"properties":{"z":3.9}},{"type":"Feature","geometry":{"type":"Point","coordinates":[135.6344048,34.7062825]},"properties":{"z":3.9}},{"type":"Feature","geometry":{"type":"Point","coordinates":[135.6344591,34.7062774]},"properties":{"z":3.9}},{"type":"Feature","geometry":{"type":"Point","coordinates":[135.6345125,34.7062843]},"properties":{"z":4.0}},{"type":"Feature","geometry":{"type":"Point","coordinates":[135.6345655,34.7062953]},"properties":{"z":4.0}},{"type":"Feature","geometry":{"type":"Point","coordinates":[135.6346176,34.7063088]},"properties":{"z":4.0}},{"type":"Feature","geometry":{"type":"Point","coordinates":[135.6346693,34.7063234]},"properties":{"z":4.1}},{"type":"Feature","geometry":{"type":"Point","coordinates":[135.6347215,34.7063367]},"properties":{"z":4.2}},{"type":"Feature","geometry":{"type":"Point","coordinates":[135.6347739,34.7063497]},"properties":{"z":4.2}},{"type":"Feature","geometry":{"type":"Point","coordinates":[135.6348255,34.7063645]},"properties":{"z":4.2}},{"type":"Feature","geometry":{"type":"Point","coordinates":[135.6348771,34.7063795]},"properties":{"z":4.2}},{"type":"Feature","geometry":{"type":"Point","coordinates":[135.6349283,34.7063953]},"properties":{"z":4.3}},{"type":"Feature","geometry":{"type":"Point","coordinates":[135.6349794,34.7064111]},"properties":{"z":4.3}},{"type":"Feature","geometry":{"type":"Point","coordinates":[135.6350306,34.706427]},"properties":{"z":4.3}},{"type":"Feature","geometry":{"type":"Point","coordinates":[135.6350818,34.7064428]},"properties":{"z":4.4}},{"type":"Feature","geometry":{"type":"Point","coordinates":[135.6351332,34.7064581]},"properties":{"z":4.4}},{"type":"Feature","geometry":{"type":"Point","coordinates":[135.6351841,34.7064743]},"properties":{"z":4.4}},{"type":"Feature","geometry":{"type":"Point","coordinates":[135.6352335,34.7064937]},"properties":{"z":4.5}},{"type":"Feature","geometry":{"type":"Point","coordinates":[135.6352833,34.7065123]},"properties":{"z":4.5}},{"type":"Feature","geometry":{"type":"Point","coordinates":[135.635334,34.706529]},"properties":{"z":4.6}},{"type":"Feature","geometry":{"type":"Point","coordinates":[135.6353853,34.7065446]},"properties":{"z":4.6}},{"type":"Feature","geometry":{"type":"Point","coordinates":[135.6354369,34.7065594]},"properties":{"z":4.6}},{"type":"Feature","geometry":{"type":"Point","coordinates":[135.6354894,34.7065719]},"properties":{"z":4.6}},{"type":"Feature","geometry":{"type":"Point","coordinates":[135.6355422,34.7065836]},"properties":{"z":4.6}},{"type":"Feature","geometry":{"type":"Point","coordinates":[135.6355955,34.7065937]},"properties":{"z":4.6}},{"type":"Feature","geometry":{"type":"Point","coordinates":[135.6356489,34.7066033]},"properties":{"z":4.6}},{"type":"Feature","geometry":{"type":"Point","coordinates":[135.635702,34.7066139]},"properties":{"z":4.6}},{"type":"Feature","geometry":{"type":"Point","coordinates":[135.6357551,34.7066249]},"properties":{"z":4.6}},{"type":"Feature","geometry":{"type":"Point","coordinates":[135.6358086,34.7066341]},"properties":{"z":4.6}},{"type":"Feature","geometry":{"type":"Point","coordinates":[135.6358623,34.7066426]},"properties":{"z":4.6}},{"type":"Feature","geometry":{"type":"Point","coordinates":[135.6359157,34.7066521]},"properties":{"z":4.6}},{"type":"Feature","geometry":{"type":"Point","coordinates":[135.635969,34.7066621]},"properties":{"z":4.6}},{"type":"Feature","geometry":{"type":"Point","coordinates":[135.636021,34.706676]},"properties":{"z":4.6}},{"type":"Feature","geometry":{"type":"Point","coordinates":[135.6360731,34.7066897]},"properties":{"z":4.6}},{"type":"Feature","geometry":{"type":"Point","coordinates":[135.6361254,34.7067026]},"properties":{"z":4.6}},{"type":"Feature","geometry":{"type":"Point","coordinates":[135.636178,34.7067151]},"properties":{"z":4.7}},{"type":"Feature","geometry":{"type":"Point","coordinates":[135.6362308,34.7067267]},"properties":{"z":4.7}},{"type":"Feature","geometry":{"type":"Point","coordinates":[135.6362841,34.7067366]},"properties":{"z":4.7}},{"type":"Feature","geometry":{"type":"Point","coordinates":[135.6363379,34.7067445]},"properties":{"z":4.7}},{"type":"Feature","geometry":{"type":"Point","coordinates":[135.636392,34.7067511]},"properties":{"z":4.7}},{"type":"Feature","geometry":{"type":"Point","coordinates":[135.6364462,34.7067571]},"properties":{"z":4.7}},{"type":"Feature","geometry":{"type":"Point","coordinates":[135.6364999,34.7067653]},"properties":{"z":4.7}},{"type":"Feature","geometry":{"type":"Point","coordinates":[135.6365529,34.7067758]},"properties":{"z":4.7}},{"type":"Feature","geometry":{"type":"Point","coordinates":[135.6366039,34.706792]},"properties":{"z":4.7}},{"type":"Feature","geometry":{"type":"Point","coordinates":[135.6366577,34.7067984]},"properties":{"z":4.7}},{"type":"Feature","geometry":{"type":"Point","coordinates":[135.6367122,34.7068025]},"properties":{"z":4.8}},{"type":"Feature","geometry":{"type":"Point","coordinates":[135.6367667,34.7068005]},"properties":{"z":4.8}},{"type":"Feature","geometry":{"type":"Point","coordinates":[135.6368213,34.7067975]},"properties":{"z":4.8}},{"type":"Feature","geometry":{"type":"Point","coordinates":[135.6368758,34.7067944]},"properties":{"z":4.9}},{"type":"Feature","geometry":{"type":"Point","coordinates":[135.6369304,34.7067914]},"properties":{"z":4.9}},{"type":"Feature","geometry":{"type":"Point","coordinates":[135.636985,34.7067886]},"properties":{"z":4.9}},{"type":"Feature","geometry":{"type":"Point","coordinates":[135.6370396,34.7067863]},"properties":{"z":4.9}},{"type":"Feature","geometry":{"type":"Point","coordinates":[135.6370942,34.7067841]},"properties":{"z":4.9}},{"type":"Feature","geometry":{"type":"Point","coordinates":[135.6371487,34.7067807]},"properties":{"z":4.9}},{"type":"Feature","geometry":{"type":"Point","coordinates":[135.6372032,34.7067767]},"properties":{"z":4.9}},{"type":"Feature","geometry":{"type":"Point","coordinates":[135.6372576,34.7067725]},"properties":{"z":4.9}},{"type":"Feature","geometry":{"type":"Point","coordinates":[135.637312,34.706768]},"properties":{"z":4.9}},{"type":"Feature","geometry":{"type":"Point","coordinates":[135.6373664,34.7067636]},"properties":{"z":4.9}},{"type":"Feature","geometry":{"type":"Point","coordinates":[135.6374205,34.7067569]},"properties":{"z":4.9}},{"type":"Feature","geometry":{"type":"Point","coordinates":[135.6374746,34.7067501]},"properties":{"z":4.9}},{"type":"Feature","geometry":{"type":"Point","coordinates":[135.6375285,34.7067427]},"properties":{"z":4.9}},{"type":"Feature","geometry":{"type":"Point","coordinates":[135.6375823,34.7067346]},"properties":{"z":5.0}},{"type":"Feature","geometry":{"type":"Point","coordinates":[135.6376362,34.7067273]},"properties":{"z":5.1}},{"type":"Feature","geometry":{"type":"Point","coordinates":[135.6376907,34.7067235]},"properties":{"z":5.1}},{"type":"Feature","geometry":{"type":"Point","coordinates":[135.6377451,34.7067191]},"properties":{"z":5.1}},{"type":"Feature","geometry":{"type":"Point","coordinates":[135.6377984,34.7067093]},"properties":{"z":5.1}},{"type":"Feature","geometry":{"type":"Point","coordinates":[135.6378517,34.7066991]},"properties":{"z":5.2}},{"type":"Feature","geometry":{"type":"Point","coordinates":[135.6379042,34.7066865]},"properties":{"z":5.3}},{"type":"Feature","geometry":{"type":"Point","coordinates":[135.6379569,34.7066746]},"properties":{"z":5.3}},{"type":"Feature","geometry":{"type":"Point","coordinates":[135.6380103,34.706665]},"properties":{"z":5.4}},{"type":"Feature","geometry":{"type":"Point","coordinates":[135.6380638,34.7066558]},"properties":{"z":5.4}},{"type":"Feature","geometry":{"type":"Point","coordinates":[135.6381174,34.706647]},"properties":{"z":5.5}},{"type":"Feature","geometry":{"type":"Point","coordinates":[135.6381705,34.7066363]},"properties":{"z":5.5}},{"type":"Feature","geometry":{"type":"Point","coordinates":[135.6382232,34.7066244]},"properties":{"z":5.5}},{"type":"Feature","geometry":{"type":"Point","coordinates":[135.638275,34.7066098]},"properties":{"z":5.6}},{"type":"Feature","geometry":{"type":"Point","coordinates":[135.6383272,34.7065965]},"properties":{"z":5.7}},{"type":"Feature","geometry":{"type":"Point","coordinates":[135.6383795,34.7065836]},"properties":{"z":5.7}},{"type":"Feature","geometry":{"type":"Point","coordinates":[135.6384316,34.7065698]},"properties":{"z":5.8}},{"type":"Feature","geometry":{"type":"Point","coordinates":[135.638485,34.7065601]},"properties":{"z":5.8}},{"type":"Feature","geometry":{"type":"Point","coordinates":[135.6385379,34.7065488]},"properties":{"z":5.8}},{"type":"Feature","geometry":{"type":"Point","coordinates":[135.638591,34.7065383]},"properties":{"z":5.9}},{"type":"Feature","geometry":{"type":"Point","coordinates":[135.6386447,34.7065296]},"properties":{"z":5.9}},{"type":"Feature","geometry":{"type":"Point","coordinates":[135.6386985,34.7065218]},"properties":{"z":6.0}},{"type":"Feature","geometry":{"type":"Point","coordinates":[135.6387525,34.7065147]},"properties":{"z":6.0}},{"type":"Feature","geometry":{"type":"Point","coordinates":[135.6388071,34.706515]},"properties":{"z":6.0}},{"type":"Feature","geometry":{"type":"Point","coordinates":[135.6388612,34.7065214]},"properties":{"z":6.0}},{"type":"Feature","geometry":{"type":"Point","coordinates":[135.6389156,34.7065243]},"properties":{"z":6.0}},{"type":"Feature","geometry":{"type":"Point","coordinates":[135.6389702,34.7065225]},"properties":{"z":6.1}},{"type":"Feature","geometry":{"type":"Point","coordinates":[135.6390225,34.7065095]},"properties":{"z":6.2}},{"type":"Feature","geometry":{"type":"Point","coordinates":[135.6390724,34.7064914]},"properties":{"z":6.2}},{"type":"Feature","geometry":{"type":"Point","coordinates":[135.6391223,34.7064729]},"properties":{"z":6.3}},{"type":"Feature","geometry":{"type":"Point","coordinates":[135.6391725,34.7064551]},"properties":{"z":6.3}},{"type":"Feature","geometry":{"type":"Point","coordinates":[135.6392232,34.7064382]},"properties":{"z":6.4}},{"type":"Feature","geometry":{"type":"Point","coordinates":[135.6392743,34.7064223]},"properties":{"z":6.4}},{"type":"Feature","geometry":{"type":"Point","coordinates":[135.6393261,34.7064079]},"properties":{"z":6.4}},{"type":"Feature","geometry":{"type":"Point","coordinates":[135.6393776,34.706393]},"properties":{"z":6.5}},{"type":"Feature","geometry":{"type":"Point","coordinates":[135.639429,34.7063775]},"properties":{"z":6.5}},{"type":"Feature","geometry":{"type":"Point","coordinates":[135.6394798,34.7063609]},"properties":{"z":6.5}},{"type":"Feature","geometry":{"type":"Point","coordinates":[135.6395304,34.7063439]},"properties":{"z":6.6}},{"type":"Feature","geometry":{"type":"Point","coordinates":[135.6395795,34.7063242]},"properties":{"z":6.6}},{"type":"Feature","geometry":{"type":"Point","coordinates":[135.6396287,34.7063046]},"properties":{"z":6.6}},{"type":"Feature","geometry":{"type":"Point","coordinates":[135.6396785,34.706286]},"properties":{"z":6.6}},{"type":"Feature","geometry":{"type":"Point","coordinates":[135.6397286,34.706268]},"properties":{"z":6.6}},{"type":"Feature","geometry":{"type":"Point","coordinates":[135.639779,34.7062506]},"properties":{"z":6.6}},{"type":"Feature","geometry":{"type":"Point","coordinates":[135.6398292,34.7062327]},"properties":{"z":6.7}},{"type":"Feature","geometry":{"type":"Point","coordinates":[135.6398795,34.7062152]},"properties":{"z":6.7}},{"type":"Feature","geometry":{"type":"Point","coordinates":[135.639932,34.7062027]},"properties":{"z":6.7}},{"type":"Feature","geometry":{"type":"Point","coordinates":[135.6399844,34.7061897]},"properties":{"z":6.8}},{"type":"Feature","geometry":{"type":"Point","coordinates":[135.6400366,34.7061764]},"properties":{"z":6.8}},{"type":"Feature","geometry":{"type":"Point","coordinates":[135.6400909,34.7061717]},"properties":{"z":6.8}},{"type":"Feature","geometry":{"type":"Point","coordinates":[135.6401454,34.7061693]},"properties":{"z":6.9}},{"type":"Feature","geometry":{"type":"Point","coordinates":[135.6402001,34.7061701]},"properties":{"z":6.9}},{"type":"Feature","geometry":{"type":"Point","coordinates":[135.6402547,34.7061684]},"properties":{"z":6.9}},{"type":"Feature","geometry":{"type":"Point","coordinates":[135.6403093,34.7061655]},"properties":{"z":7.0}},{"type":"Feature","geometry":{"type":"Point","coordinates":[135.6403638,34.7061624]},"properties":{"z":7.0}},{"type":"Feature","geometry":{"type":"Point","coordinates":[135.6404184,34.7061594]},"properties":{"z":7.0}},{"type":"Feature","geometry":{"type":"Point","coordinates":[135.640473,34.7061566]},"properties":{"z":7.1}},{"type":"Feature","geometry":{"type":"Point","coordinates":[135.6405276,34.706155]},"properties":{"z":7.1}},{"type":"Feature","geometry":{"type":"Point","coordinates":[135.6405823,34.7061538]},"properties":{"z":7.1}},{"type":"Feature","geometry":{"type":"Point","coordinates":[135.6406369,34.7061529]},"properties":{"z":7.1}},{"type":"Feature","geometry":{"type":"Point","coordinates":[135.6406916,34.706151]},"properties":{"z":7.2}},{"type":"Feature","geometry":{"type":"Point","coordinates":[135.6407462,34.7061485]},"properties":{"z":7.2}},{"type":"Feature","geometry":{"type":"Point","coordinates":[135.6408008,34.7061461]},"properties":{"z":7.2}},{"type":"Feature","geometry":{"type":"Point","coordinates":[135.6408554,34.706144]},"properties":{"z":7.3}},{"type":"Feature","geometry":{"type":"Point","coordinates":[135.64091,34.7061439]},"properties":{"z":7.3}},{"type":"Feature","geometry":{"type":"Point","coordinates":[135.6409645,34.7061461]},"properties":{"z":7.3}},{"type":"Feature","geometry":{"type":"Point","coordinates":[135.6410187,34.7061523]},"properties":{"z":7.4}},{"type":"Feature","geometry":{"type":"Point","coordinates":[135.6410731,34.7061568]},"properties":{"z":7.5}},{"type":"Feature","geometry":{"type":"Point","coordinates":[135.6411276,34.7061601]},"properties":{"z":7.5}},{"type":"Feature","geometry":{"type":"Point","coordinates":[135.6411823,34.7061602]},"properties":{"z":7.5}},{"type":"Feature","geometry":{"type":"Point","coordinates":[135.6412369,34.7061593]},"properties":{"z":7.5}},{"type":"Feature","geometry":{"type":"Point","coordinates":[135.6412916,34.7061591]},"properties":{"z":7.5}},{"type":"Feature","geometry":{"type":"Point","coordinates":[135.6413463,34.7061586]},"properties":{"z":7.6}},{"type":"Feature","geometry":{"type":"Point","coordinates":[135.6414009,34.7061562]},"properties":{"z":7.6}},{"type":"Feature","geometry":{"type":"Point","coordinates":[135.6414554,34.7061554]},"properties":{"z":7.7}},{"type":"Feature","geometry":{"type":"Point","coordinates":[135.6415099,34.7061592]},"properties":{"z":7.7}},{"type":"Feature","geometry":{"type":"Point","coordinates":[135.6415643,34.7061636]},"properties":{"z":7.7}},{"type":"Feature","geometry":{"type":"Point","coordinates":[135.6416187,34.7061689]},"properties":{"z":7.8}},{"type":"Feature","geometry":{"type":"Point","coordinates":[135.6416731,34.7061733]},"properties":{"z":7.9}},{"type":"Feature","geometry":{"type":"Point","coordinates":[135.6417276,34.706177]},"properties":{"z":7.9}},{"type":"Feature","geometry":{"type":"Point","coordinates":[135.6417822,34.7061782]},"properties":{"z":8.0}},{"type":"Feature","geometry":{"type":"Point","coordinates":[135.6418368,34.7061778]},"properties":{"z":8.0}},{"type":"Feature","geometry":{"type":"Point","coordinates":[135.6418915,34.7061792]},"properties":{"z":8.0}},{"type":"Feature","geometry":{"type":"Point","coordinates":[135.6419461,34.706181]},"properties":{"z":8.0}},{"type":"Feature","geometry":{"type":"Point","coordinates":[135.6420008,34.7061807]},"properties":{"z":8.0}},{"type":"Feature","geometry":{"type":"Point","coordinates":[135.6420555,34.7061802]},"properties":{"z":8.1}},{"type":"Feature","geometry":{"type":"Point","coordinates":[135.6421101,34.7061792]},"properties":{"z":8.2}},{"type":"Feature","geometry":{"type":"Point","coordinates":[135.6421646,34.7061762]},"properties":{"z":8.2}},{"type":"Feature","geometry":{"type":"Point","coordinates":[135.6422187,34.7061695]},"properties":{"z":8.3}},{"type":"Feature","geometry":{"type":"Point","coordinates":[135.642273,34.7061659]},"properties":{"z":8.3}},{"type":"Feature","geometry":{"type":"Point","coordinates":[135.6423277,34.7061654]},"properties":{"z":8.3}},{"type":"Feature","geometry":{"type":"Point","coordinates":[135.6423823,34.7061676]},"properties":{"z":8.4}},{"type":"Feature","geometry":{"type":"Point","coordinates":[135.6424368,34.7061708]},"properties":{"z":8.4}},{"type":"Feature","geometry":{"type":"Point","coordinates":[135.6424915,34.7061709]},"properties":{"z":8.5}},{"type":"Feature","geometry":{"type":"Point","coordinates":[135.6425462,34.7061704]},"properties":{"z":8.5}},{"type":"Feature","geometry":{"type":"Point","coordinates":[135.6426008,34.7061707]},"properties":{"z":8.5}},{"type":"Feature","geometry":{"type":"Point","coordinates":[135.6426555,34.706171]},"properties":{"z":8.5}},{"type":"Feature","geometry":{"type":"Point","coordinates":[135.6427102,34.7061714]},"properties":{"z":8.6}},{"type":"Feature","geometry":{"type":"Point","coordinates":[135.6427649,34.7061718]},"properties":{"z":8.6}},{"type":"Feature","geometry":{"type":"Point","coordinates":[135.6428196,34.7061723]},"properties":{"z":8.7}},{"type":"Feature","geometry":{"type":"Point","coordinates":[135.6428742,34.7061727]},"properties":{"z":8.8}},{"type":"Feature","geometry":{"type":"Point","coordinates":[135.6429289,34.7061729]},"properties":{"z":8.8}},{"type":"Feature","geometry":{"type":"Point","coordinates":[135.6429836,34.7061737]},"properties":{"z":8.9}},{"type":"Feature","geometry":{"type":"Point","coordinates":[135.6430382,34.7061751]},"properties":{"z":8.9}},{"type":"Feature","geometry":{"type":"Point","coordinates":[135.6430929,34.7061752]},"properties":{"z":8.9}},{"type":"Feature","geometry":{"type":"Point","coordinates":[135.6431476,34.7061744]},"properties":{"z":8.9}},{"type":"Feature","geometry":{"type":"Point","coordinates":[135.6432023,34.7061738]},"properties":{"z":8.9}},{"type":"Feature","geometry":{"type":"Point","coordinates":[135.6432569,34.7061731]},"properties":{"z":9.0}},{"type":"Feature","geometry":{"type":"Point","coordinates":[135.6433116,34.706173]},"properties":{"z":9.0}},{"type":"Feature","geometry":{"type":"Point","coordinates":[135.6433663,34.706173]},"properties":{"z":9.0}},{"type":"Feature","geometry":{"type":"Point","coordinates":[135.643421,34.7061722]},"properties":{"z":9.0}},{"type":"Feature","geometry":{"type":"Point","coordinates":[135.6434756,34.7061712]},"properties":{"z":9.1}},{"type":"Feature","geometry":{"type":"Point","coordinates":[135.6435302,34.7061686]},"properties":{"z":9.1}},{"type":"Feature","geometry":{"type":"Point","coordinates":[135.6435847,34.7061654]},"properties":{"z":9.1}},{"type":"Feature","geometry":{"type":"Point","coordinates":[135.6436387,34.7061583]},"properties":{"z":9.1}},{"type":"Feature","geometry":{"type":"Point","coordinates":[135.6436929,34.7061526]},"properties":{"z":9.2}},{"type":"Feature","geometry":{"type":"Point","coordinates":[135.6437475,34.7061502]},"properties":{"z":9.2}},{"type":"Feature","geometry":{"type":"Point","coordinates":[135.6438021,34.7061479]},"properties":{"z":9.2}},{"type":"Feature","geometry":{"type":"Point","coordinates":[135.6438567,34.7061456]},"properties":{"z":9.3}},{"type":"Feature","geometry":{"type":"Point","coordinates":[135.6439113,34.7061437]},"properties":{"z":9.4}},{"type":"Feature","geometry":{"type":"Point","coordinates":[135.643966,34.7061419]},"properties":{"z":9.4}},{"type":"Feature","geometry":{"type":"Point","coordinates":[135.6440206,34.7061401]},"properties":{"z":9.6}},{"type":"Feature","geometry":{"type":"Point","coordinates":[135.6440752,34.7061382]},"properties":{"z":9.7}},{"type":"Feature","geometry":{"type":"Point","coordinates":[135.6441299,34.7061359]},"properties":{"z":9.7}},{"type":"Feature","geometry":{"type":"Point","coordinates":[135.6441845,34.7061337]},"properties":{"z":9.7}},{"type":"Feature","geometry":{"type":"Point","coordinates":[135.6442391,34.7061319]},"properties":{"z":9.7}},{"type":"Feature","geometry":{"type":"Point","coordinates":[135.6442938,34.7061305]},"properties":{"z":9.8}},{"type":"Feature","geometry":{"type":"Point","coordinates":[135.6443484,34.7061301]},"properties":{"z":9.9}},{"type":"Feature","geometry":{"type":"Point","coordinates":[135.6444031,34.7061288]},"properties":{"z":9.9}},{"type":"Feature","geometry":{"type":"Point","coordinates":[135.6444577,34.7061268]},"properties":{"z":9.9}},{"type":"Feature","geometry":{"type":"Point","coordinates":[135.6445124,34.7061251]},"properties":{"z":10.1}},{"type":"Feature","geometry":{"type":"Point","coordinates":[135.644567,34.7061238]},"properties":{"z":10.1}},{"type":"Feature","geometry":{"type":"Point","coordinates":[135.6446201,34.7061345]},"properties":{"z":10.4}},{"type":"Feature","geometry":{"type":"Point","coordinates":[135.6446548,34.7061633]},"properties":{"z":10.4}},{"type":"Feature","geometry":{"type":"Point","coordinates":[135.6446576,34.7062069]},"properties":{"z":10.4}},{"type":"Feature","geometry":{"type":"Point","coordinates":[135.6446566,34.7062517]},"properties":{"z":10.4}},{"type":"Feature","geometry":{"type":"Point","coordinates":[135.6446599,34.7062966]},"properties":{"z":10.5}},{"type":"Feature","geometry":{"type":"Point","coordinates":[135.644667,34.7063411]},"properties":{"z":10.7}},{"type":"Feature","geometry":{"type":"Point","coordinates":[135.6446735,34.7063858]},"properties":{"z":10.7}},{"type":"Feature","geometry":{"type":"Point","coordinates":[135.6446796,34.7064305]},"properties":{"z":11.1}},{"type":"Feature","geometry":{"type":"Point","coordinates":[135.6446824,34.7064753]},"properties":{"z":11.1}},{"type":"Feature","geometry":{"type":"Point","coordinates":[135.6446872,34.7065201]},"properties":{"z":11.2}},{"type":"Feature","geometry":{"type":"Point","coordinates":[135.644695,34.7065646]},"properties":{"z":11.3}},{"type":"Feature","geometry":{"type":"Point","coordinates":[135.6447031,34.706609]},"properties":{"z":11.3}},{"type":"Feature","geometry":{"type":"Point","coordinates":[135.6447089,34.7066536]},"properties":{"z":11.3}},{"type":"Feature","geometry":{"type":"Point","coordinates":[135.644711,34.7066986]},"properties":{"z":11.3}},{"type":"Feature","geometry":{"type":"Point","coordinates":[135.6447142,34.7067434]},"properties":{"z":11.3}},{"type":"Feature","geometry":{"type":"Point","coordinates":[135.6447178,34.7067883]},"properties":{"z":11.4}},{"type":"Feature","geometry":{"type":"Point","coordinates":[135.644722,34.7068331]},"properties":{"z":11.4}},{"type":"Feature","geometry":{"type":"Point","coordinates":[135.6447243,34.706878]},"properties":{"z":11.4}},{"type":"Feature","geometry":{"type":"Point","coordinates":[135.6447252,34.7069229]},"properties":{"z":11.4}},{"type":"Feature","geometry":{"type":"Point","coordinates":[135.6447272,34.7069679]},"properties":{"z":11.4}},{"type":"Feature","geometry":{"type":"Point","coordinates":[135.6447289,34.7070128]},"properties":{"z":11.3}},{"type":"Feature","geometry":{"type":"Point","coordinates":[135.6447295,34.7070577]},"properties":{"z":11.3}},{"type":"Feature","geometry":{"type":"Point","coordinates":[135.6447265,34.7071026]},"properties":{"z":11.3}},{"type":"Feature","geometry":{"type":"Point","coordinates":[135.6447269,34.7071476]},"properties":{"z":11.3}},{"type":"Feature","geometry":{"type":"Point","coordinates":[135.6447251,34.7071925]},"properties":{"z":11.3}},{"type":"Feature","geometry":{"type":"Point","coordinates":[135.6447248,34.7072374]},"properties":{"z":11.3}},{"type":"Feature","geometry":{"type":"Point","coordinates":[135.6447227,34.7072822]},"properties":{"z":11.3}},{"type":"Feature","geometry":{"type":"Point","coordinates":[135.6447162,34.7073269]},"properties":{"z":11.3}},{"type":"Feature","geometry":{"type":"Point","coordinates":[135.6447158,34.7073718]},"properties":{"z":11.3}},{"type":"Feature","geometry":{"type":"Point","coordinates":[135.644717,34.7074167]},"properties":{"z":11.3}},{"type":"Feature","geometry":{"type":"Point","coordinates":[135.6447251,34.7074611]},"properties":{"z":11.3}},{"type":"Feature","geometry":{"type":"Point","coordinates":[135.6447368,34.7075049]},"properties":{"z":11.3}},{"type":"Feature","geometry":{"type":"Point","coordinates":[135.6447524,34.707548]},"properties":{"z":11.3}},{"type":"Feature","geometry":{"type":"Point","coordinates":[135.6447828,34.7075841]},"properties":{"z":11.5}},{"type":"Feature","geometry":{"type":"Point","coordinates":[135.6448202,34.7076169]},"properties":{"z":11.4}},{"type":"Feature","geometry":{"type":"Point","coordinates":[135.6448335,34.7076589]},"properties":{"z":11.4}},{"type":"Feature","geometry":{"type":"Point","coordinates":[135.6448393,34.7077036]},"properties":{"z":11.4}},{"type":"Feature","geometry":{"type":"Point","coordinates":[135.6448328,34.7077482]},"properties":{"z":11.4}},{"type":"Feature","geometry":{"type":"Point","coordinates":[135.644833,34.707793]},"properties":{"z":11.3}},{"type":"Feature","geometry":{"type":"Point","coordinates":[135.644835,34.7078379]},"properties":{"z":11.2}},{"type":"Feature","geometry":{"type":"Point","coordinates":[135.6448352,34.7078829]},"properties":{"z":11.2}},{"type":"Feature","geometry":{"type":"Point","coordinates":[135.6448363,34.7079278]},"properties":{"z":11.0}},{"type":"Feature","geometry":{"type":"Point","coordinates":[135.6448371,34.7079728]},"properties":{"z":10.9}},{"type":"Feature","geometry":{"type":"Point","coordinates":[135.6448375,34.7080177]},"properties":{"z":10.9}},{"type":"Feature","geometry":{"type":"Point","coordinates":[135.6448358,34.7080626]},"properties":{"z":10.8}},{"type":"Feature","geometry":{"type":"Point","coordinates":[135.6448387,34.7081074]},"properties":{"z":10.7}},{"type":"Feature","geometry":{"type":"Point","coordinates":[135.6448442,34.7081521]},"properties":{"z":10.7}},{"type":"Feature","geometry":{"type":"Point","coordinates":[135.6448448,34.708197]},"properties":{"z":10.6}},{"type":"Feature","geometry":{"type":"Point","coordinates":[135.6448484,34.7082419]},"properties":{"z":10.9}},{"type":"Feature","geometry":{"type":"Point","coordinates":[135.6448528,34.7082867]},"properties":{"z":10.9}},{"type":"Feature","geometry":{"type":"Point","coordinates":[135.6448567,34.7083315]},"properties":{"z":10.8}},{"type":"Feature","geometry":{"type":"Point","coordinates":[135.6448616,34.7083763]},"properties":{"z":10.8}},{"type":"Feature","geometry":{"type":"Point","coordinates":[135.6448671,34.708421]},"properties":{"z":10.5}},{"type":"Feature","geometry":{"type":"Point","coordinates":[135.6448644,34.7084659]},"properties":{"z":10.0}},{"type":"Feature","geometry":{"type":"Point","coordinates":[135.6448614,34.7085107]},"properties":{"z":10.0}},{"type":"Feature","geometry":{"type":"Point","coordinates":[135.6448608,34.7085557]},"properties":{"z":9.9}},{"type":"Feature","geometry":{"type":"Point","coordinates":[135.6448586,34.7086006]},"properties":{"z":9.9}},{"type":"Feature","geometry":{"type":"Point","coordinates":[135.644855,34.7086454]},"properties":{"z":9.9}},{"type":"Feature","geometry":{"type":"Point","coordinates":[135.6448461,34.7086898]},"properties":{"z":9.9}},{"type":"Feature","geometry":{"type":"Point","coordinates":[135.6448348,34.7087337]},"properties":{"z":9.9}},{"type":"Feature","geometry":{"type":"Point","coordinates":[135.6448214,34.7087773]},"properties":{"z":9.9}},{"type":"Feature","geometry":{"type":"Point","coordinates":[135.6448151,34.7088219]},"properties":{"z":9.9}},{"type":"Feature","geometry":{"type":"Point","coordinates":[135.644809,34.7088666]},"properties":{"z":9.9}},{"type":"Feature","geometry":{"type":"Point","coordinates":[135.6448017,34.7089111]},"properties":{"z":9.9}},{"type":"Feature","geometry":{"type":"Point","coordinates":[135.6447936,34.7089556]},"properties":{"z":9.9}},{"type":"Feature","geometry":{"type":"Point","coordinates":[135.6447849,34.7089999]},"properties":{"z":9.9}},{"type":"Feature","geometry":{"type":"Point","coordinates":[135.6447755,34.7090442]},"properties":{"z":9.9}},{"type":"Feature","geometry":{"type":"Point","coordinates":[135.6447695,34.7090889]},"properties":{"z":9.9}},{"type":"Feature","geometry":{"type":"Point","coordinates":[135.644766,34.7091337]},"properties":{"z":10.3}},{"type":"Feature","geometry":{"type":"Point","coordinates":[135.644766,34.7091787]},"properties":{"z":10.7}},{"type":"Feature","geometry":{"type":"Point","coordinates":[135.6447635,34.7092235]},"properties":{"z":10.7}},{"type":"Feature","geometry":{"type":"Point","coordinates":[135.6447598,34.7092684]},"properties":{"z":10.5}},{"type":"Feature","geometry":{"type":"Point","coordinates":[135.6447581,34.7093133]},"properties":{"z":10.5}},{"type":"Feature","geometry":{"type":"Point","coordinates":[135.6447543,34.7093581]},"properties":{"z":10.5}},{"type":"Feature","geometry":{"type":"Point","coordinates":[135.6447466,34.7094026]},"properties":{"z":10.5}},{"type":"Feature","geometry":{"type":"Point","coordinates":[135.6447399,34.7094472]},"properties":{"z":10.7}},{"type":"Feature","geometry":{"type":"Point","coordinates":[135.6447335,34.7094919]},"properties":{"z":10.7}},{"type":"Feature","geometry":{"type":"Point","coordinates":[135.6447262,34.7095364]},"properties":{"z":10.8}},{"type":"Feature","geometry":{"type":"Point","coordinates":[135.6447246,34.7095812]},"properties":{"z":10.8}},{"type":"Feature","geometry":{"type":"Point","coordinates":[135.6447266,34.709626]},"properties":{"z":11.0}},{"type":"Feature","geometry":{"type":"Point","coordinates":[135.6447214,34.7096708]},"properties":{"z":11.1}},{"type":"Feature","geometry":{"type":"Point","coordinates":[135.6447138,34.7097153]},"properties":{"z":11.1}},{"type":"Feature","geometry":{"type":"Point","coordinates":[135.644705,34.7097596]},"properties":{"z":11.3}},{"type":"Feature","geometry":{"type":"Point","coordinates":[135.644699,34.7098043]},"properties":{"z":11.5}},{"type":"Feature","geometry":{"type":"Point","coordinates":[135.6446855,34.7098478]},"properties":{"z":11.5}},{"type":"Feature","geometry":{"type":"Point","coordinates":[135.6446744,34.7098917]},"properties":{"z":11.7}},{"type":"Feature","geometry":{"type":"Point","coordinates":[135.6446673,34.7099363]},"properties":{"z":11.5}},{"type":"Feature","geometry":{"type":"Point","coordinates":[135.6446584,34.7099806]},"properties":{"z":11.7}},{"type":"Feature","geometry":{"type":"Point","coordinates":[135.644649,34.7100249]},"properties":{"z":12.1}},{"type":"Feature","geometry":{"type":"Point","coordinates":[135.6446401,34.7100692]},"properties":{"z":12.1}},{"type":"Feature","geometry":{"type":"Point","coordinates":[135.6446411,34.7101141]},"properties":{"z":12.6}},{"type":"Feature","geometry":{"type":"Point","coordinates":[135.6446235,34.710155]},"properties":{"z":13.0}},{"type":"Feature","geometry":{"type":"Point","coordinates":[135.6445885,34.710187]},"properties":{"z":13.0}},{"type":"Feature","geometry":{"type":"Point","coordinates":[135.6445385,34.7102052]},"properties":{"z":12.6}},{"type":"Feature","geometry":{"type":"Point","coordinates":[135.6444888,34.7102239]},"properties":{"z":12.7}},{"type":"Feature","geometry":{"type":"Point","coordinates":[135.6444406,34.7102443]},"properties":{"z":12.7}},{"type":"Feature","geometry":{"type":"Point","coordinates":[135.6444064,34.7102794]},"properties":{"z":12.3}},{"type":"Feature","geometry":{"type":"Point","coordinates":[135.6443728,34.7103148]},"properties":{"z":12.4}},{"type":"Feature","geometry":{"type":"Point","coordinates":[135.6443451,34.7103535]},"properties":{"z":12.4}},{"type":"Feature","geometry":{"type":"Point","coordinates":[135.644318,34.7103925]},"properties":{"z":11.6}},{"type":"Feature","geometry":{"type":"Point","coordinates":[135.6442975,34.7104342]},"properties":{"z":11.7}},{"type":"Feature","geometry":{"type":"Point","coordinates":[135.644277,34.7104759]},"properties":{"z":11.7}},{"type":"Feature","geometry":{"type":"Point","coordinates":[135.6442659,34.7105199]},"properties":{"z":11.7}},{"type":"Feature","geometry":{"type":"Point","coordinates":[135.6442547,34.7105639]},"properties":{"z":11.7}},{"type":"Feature","geometry":{"type":"Point","coordinates":[135.6442379,34.7106067]},"properties":{"z":11.3}},{"type":"Feature","geometry":{"type":"Point","coordinates":[135.6442207,34.7106493]},"properties":{"z":11.3}},{"type":"Feature","geometry":{"type":"Point","coordinates":[135.6442073,34.7106929]},"properties":{"z":11.3}},{"type":"Feature","geometry":{"type":"Point","coordinates":[135.6441939,34.7107365]},"properties":{"z":11.4}},{"type":"Feature","geometry":{"type":"Point","coordinates":[135.6441845,34.7107807]},"properties":{"z":11.4}},{"type":"Feature","geometry":{"type":"Point","coordinates":[135.6441755,34.7108251]},"properties":{"z":11.4}},{"type":"Feature","geometry":{"type":"Point","coordinates":[135.6441675,34.7108696]},"properties":{"z":11.6}},{"type":"Feature","geometry":{"type":"Point","coordinates":[135.6441597,34.710914]},"properties":{"z":11.6}},{"type":"Feature","geometry":{"type":"Point","coordinates":[135.6441541,34.7109587]},"properties":{"z":11.1}},{"type":"Feature","geometry":{"type":"Point","coordinates":[135.6441504,34.7110036]},"properties":{"z":11.1}},{"type":"Feature","geometry":{"type":"Point","coordinates":[135.6441412,34.7110477]},"properties":{"z":11.1}},{"type":"Feature","geometry":{"type":"Point","coordinates":[135.6441269,34.7110911]},"properties":{"z":11.4}},{"type":"Feature","geometry":{"type":"Point","coordinates":[135.644117,34.7111352]},"properties":{"z":11.4}},{"type":"Feature","geometry":{"type":"Point","coordinates":[135.6441096,34.7111797]},"properties":{"z":11.7}},{"type":"Feature","geometry":{"type":"Point","coordinates":[135.6441012,34.7112242]},"properties":{"z":12.1}},{"type":"Feature","geometry":{"type":"Point","coordinates":[135.6440925,34.7112685]},"properties":{"z":12.1}},{"type":"Feature","geometry":{"type":"Point","coordinates":[135.6440802,34.7113123]},"properties":{"z":12.5}},{"type":"Feature","geometry":{"type":"Point","coordinates":[135.6440663,34.7113558]},"properties":{"z":12.4}},{"type":"Feature","geometry":{"type":"Point","coordinates":[135.6440488,34.7113984]},"properties":{"z":12.4}},{"type":"Feature","geometry":{"type":"Point","coordinates":[135.6440307,34.7114408]},"properties":{"z":12.8}},{"type":"Feature","geometry":{"type":"Point","coordinates":[135.644012,34.711483]},"properties":{"z":12.8}},{"type":"Feature","geometry":{"type":"Point","coordinates":[135.6439927,34.7115251]},"properties":{"z":13.1}},{"type":"Feature","geometry":{"type":"Point","coordinates":[135.6439731,34.711567]},"properties":{"z":12.8}},{"type":"Feature","geometry":{"type":"Point","coordinates":[135.6439548,34.7116094]},"properties":{"z":12.8}},{"type":"Feature","geometry":{"type":"Point","coordinates":[135.6439366,34.7116518]},"properties":{"z":12.9}},{"type":"Feature","geometry":{"type":"Point","coordinates":[135.6439191,34.7116944]},"properties":{"z":12.9}},{"type":"Feature","geometry":{"type":"Point","coordinates":[135.6439021,34.7117371]},"properties":{"z":13.0}},{"type":"Feature","geometry":{"type":"Point","coordinates":[135.6438871,34.7117803]},"properties":{"z":12.6}},{"type":"Feature","geometry":{"type":"Point","coordinates":[135.6438716,34.7118234]},"properties":{"z":12.6}},{"type":"Feature","geometry":{"type":"Point","coordinates":[135.6438544,34.7118661]},"properties":{"z":12.6}},{"type":"Feature","geometry":{"type":"Point","coordinates":[135.6438388,34.7119091]},"properties":{"z":12.6}},{"type":"Feature","geometry":{"type":"Point","coordinates":[135.6438255,34.7119527]},"properties":{"z":12.5}},{"type":"Feature","geometry":{"type":"Point","coordinates":[135.6438087,34.7119955]},"properties":{"z":12.0}},{"type":"Feature","geometry":{"type":"Point","coordinates":[135.6437899,34.7120377]},"properties":{"z":12.0}},{"type":"Feature","geometry":{"type":"Point","coordinates":[135.6437684,34.712079]},"properties":{"z":12.0}},{"type":"Feature","geometry":{"type":"Point","coordinates":[135.6437458,34.7121199]},"properties":{"z":12.0}},{"type":"Feature","geometry":{"type":"Point","coordinates":[135.6437217,34.7121602]},"properties":{"z":11.6}},{"type":"Feature","geometry":{"type":"Point","coordinates":[135.6436998,34.7122014]},"properties":{"z":11.3}},{"type":"Feature","geometry":{"type":"Point","coordinates":[135.6436816,34.7122438]},"properties":{"z":11.3}},{"type":"Feature","geometry":{"type":"Point","coordinates":[135.643663,34.712286]},"properties":{"z":11.0}},{"type":"Feature","geometry":{"type":"Point","coordinates":[135.643644,34.7123282]},"properties":{"z":10.8}},{"type":"Feature","geometry":{"type":"Point","coordinates":[135.6436257,34.7123705]},"properties":{"z":10.5}},{"type":"Feature","geometry":{"type":"Point","coordinates":[135.6436076,34.712413]},"properties":{"z":10.5}},{"type":"Feature","geometry":{"type":"Point","coordinates":[135.6435876,34.7124548]},"properties":{"z":10.5}},{"type":"Feature","geometry":{"type":"Point","coordinates":[135.6435669,34.7124964]},"properties":{"z":10.7}},{"type":"Feature","geometry":{"type":"Point","coordinates":[135.6435487,34.7125388]},"properties":{"z":10.3}},{"type":"Feature","geometry":{"type":"Point","coordinates":[135.6435317,34.7125815]},"properties":{"z":10.3}},{"type":"Feature","geometry":{"type":"Point","coordinates":[135.6435191,34.7126252]},"properties":{"z":10.4}},{"type":"Feature","geometry":{"type":"Point","coordinates":[135.6435084,34.7126692]},"properties":{"z":10.4}},{"type":"Feature","geometry":{"type":"Point","coordinates":[135.6434995,34.7127136]},"properties":{"z":10.5}},{"type":"Feature","geometry":{"type":"Point","coordinates":[135.6434915,34.712758]},"properties":{"z":10.5}},{"type":"Feature","geometry":{"type":"Point","coordinates":[135.6434859,34.7128027]},"properties":{"z":10.6}},{"type":"Feature","geometry":{"type":"Point","coordinates":[135.643482,34.7128476]},"properties":{"z":10.8}},{"type":"Feature","geometry":{"type":"Point","coordinates":[135.6434787,34.7128924]},"properties":{"z":10.8}},{"type":"Feature","geometry":{"type":"Point","coordinates":[135.643476,34.7129373]},"properties":{"z":11.0}},{"type":"Feature","geometry":{"type":"Point","coordinates":[135.6434725,34.7129822]},"properties":{"z":11.2}},{"type":"Feature","geometry":{"type":"Point","coordinates":[135.643468,34.713027]},"properties":{"z":11.2}},{"type":"Feature","geometry":{"type":"Point","coordinates":[135.643467,34.7130719]},"properties":{"z":11.6}},{"type":"Feature","geometry":{"type":"Point","coordinates":[135.6434688,34.7131168]},"properties":{"z":11.6}},{"type":"Feature","geometry":{"type":"Point","coordinates":[135.6434701,34.7131617]},"properties":{"z":11.6}},{"type":"Feature","geometry":{"type":"Point","coordinates":[135.643471,34.7132067]},"properties":{"z":11.3}},{"type":"Feature","geometry":{"type":"Point","coordinates":[135.6434698,34.7132516]},"properties":{"z":11.3}},{"type":"Feature","geometry":{"type":"Point","coordinates":[135.6434657,34.7132964]},"properties":{"z":11.0}},{"type":"Feature","geometry":{"type":"Point","coordinates":[135.6434617,34.7133412]},"properties":{"z":11.0}},{"type":"Feature","geometry":{"type":"Point","coordinates":[135.6434576,34.713386]},"properties":{"z":11.0}},{"type":"Feature","geometry":{"type":"Point","coordinates":[135.6434537,34.7134309]},"properties":{"z":11.0}},{"type":"Feature","geometry":{"type":"Point","coordinates":[135.6434508,34.7134758]},"properties":{"z":11.1}},{"type":"Feature","geometry":{"type":"Point","coordinates":[135.6434482,34.7135207]},"properties":{"z":11.1}},{"type":"Feature","geometry":{"type":"Point","coordinates":[135.6434428,34.7135653]},"properties":{"z":11.7}},{"type":"Feature","geometry":{"type":"Point","coordinates":[135.6434349,34.7136098]},"properties":{"z":12.2}},{"type":"Feature","geometry":{"type":"Point","coordinates":[135.6434271,34.7136543]},"properties":{"z":12.2}},{"type":"Feature","geometry":{"type":"Point","coordinates":[135.6434197,34.7136989]},"properties":{"z":12.8}},{"type":"Feature","geometry":{"type":"Point","coordinates":[135.6434131,34.7137434]},"properties":{"z":12.8}},{"type":"Feature","geometry":{"type":"Point","coordinates":[135.6434121,34.7137884]},"properties":{"z":13.3}},{"type":"Feature","geometry":{"type":"Point","coordinates":[135.6434099,34.7138333]},"properties":{"z":13.7}},{"type":"Feature","geometry":{"type":"Point","coordinates":[135.6434024,34.7138778]},"properties":{"z":13.7}},{"type":"Feature","geometry":{"type":"Point","coordinates":[135.6433953,34.7139224]},"properties":{"z":14.1}},{"type":"Feature","geometry":{"type":"Point","coordinates":[135.6433894,34.713967]},"properties":{"z":14.2}},{"type":"Feature","geometry":{"type":"Point","coordinates":[135.6433837,34.7140117]},"properties":{"z":13.8}},{"type":"Feature","geometry":{"type":"Point","coordinates":[135.6433782,34.7140565]},"properties":{"z":13.7}},{"type":"Feature","geometry":{"type":"Point","coordinates":[135.6433731,34.7141012]},"properties":{"z":13.7}},{"type":"Feature","geometry":{"type":"Point","coordinates":[135.6433676,34.714146]},"properties":{"z":13.5}},{"type":"Feature","geometry":{"type":"Point","coordinates":[135.6433629,34.7141907]},"properties":{"z":13.5}},{"type":"Feature","geometry":{"type":"Point","coordinates":[135.6433602,34.7142356]},"properties":{"z":13.5}},{"type":"Feature","geometry":{"type":"Point","coordinates":[135.6433566,34.7142805]},"properties":{"z":13.6}},{"type":"Feature","geometry":{"type":"Point","coordinates":[135.6433519,34.7143253]},"properties":{"z":13.8}},{"type":"Feature","geometry":{"type":"Point","coordinates":[135.6433457,34.7143699]},"properties":{"z":13.8}},{"type":"Feature","geometry":{"type":"Point","coordinates":[135.6433389,34.7144145]},"properties":{"z":14.0}},{"type":"Feature","geometry":{"type":"Point","coordinates":[135.6433302,34.7144589]},"properties":{"z":14.2}},{"type":"Feature","geometry":{"type":"Point","coordinates":[135.6433218,34.7145033]},"properties":{"z":14.2}},{"type":"Feature","geometry":{"type":"Point","coordinates":[135.6433155,34.7145479]},"properties":{"z":14.4}},{"type":"Feature","geometry":{"type":"Point","coordinates":[135.6433086,34.7145925]},"properties":{"z":14.4}},{"type":"Feature","geometry":{"type":"Point","coordinates":[135.6433011,34.7146371]},"properties":{"z":14.6}},{"type":"Feature","geometry":{"type":"Point","coordinates":[135.6432943,34.7146817]},"properties":{"z":14.2}},{"type":"Feature","geometry":{"type":"Point","coordinates":[135.6432889,34.7147264]},"properties":{"z":14.2}},{"type":"Feature","geometry":{"type":"Point","coordinates":[135.6432869,34.7147713]},"properties":{"z":14.5}},{"type":"Feature","geometry":{"type":"Point","coordinates":[135.643285,34.7148162]},"properties":{"z":14.8}},{"type":"Feature","geometry":{"type":"Point","coordinates":[135.643283,34.7148611]},"properties":{"z":14.8}},{"type":"Feature","geometry":{"type":"Point","coordinates":[135.6432799,34.714906]},"properties":{"z":15.2}},{"type":"Feature","geometry":{"type":"Point","coordinates":[135.6432766,34.7149509]},"properties":{"z":15.3}},{"type":"Feature","geometry":{"type":"Point","coordinates":[135.6432717,34.7149957]},"properties":{"z":15.3}},{"type":"Feature","geometry":{"type":"Point","coordinates":[135.6432651,34.7150402]},"properties":{"z":15.1}},{"type":"Feature","geometry":{"type":"Point","coordinates":[135.6432543,34.7150843]},"properties":{"z":15.1}},{"type":"Feature","geometry":{"type":"Point","coordinates":[135.6432447,34.7151285]},"properties":{"z":14.8}},{"type":"Feature","geometry":{"type":"Point","coordinates":[135.643235,34.7151728]},"properties":{"z":14.5}},{"type":"Feature","geometry":{"type":"Point","coordinates":[135.6432251,34.7152169]},"properties":{"z":14.5}},{"type":"Feature","geometry":{"type":"Point","coordinates":[135.6432252,34.7152619]},"properties":{"z":14.2}},{"type":"Feature","geometry":{"type":"Point","coordinates":[135.6432243,34.7153068]},"properties":{"z":13.9}},{"type":"Feature","geometry":{"type":"Point","coordinates":[135.6432204,34.7153517]},"properties":{"z":13.9}},{"type":"Feature","geometry":{"type":"Point","coordinates":[135.6432156,34.7153964]},"properties":{"z":13.5}},{"type":"Feature","geometry":{"type":"Point","coordinates":[135.6432095,34.7154411]},"properties":{"z":13.2}},{"type":"Feature","geometry":{"type":"Point","coordinates":[135.6432065,34.7154859]},"properties":{"z":12.9}},{"type":"Feature","geometry":{"type":"Point","coordinates":[135.6432068,34.7155309]},"properties":{"z":12.7}},{"type":"Feature","geometry":{"type":"Point","coordinates":[135.6432046,34.7155757]},"properties":{"z":12.7}},{"type":"Feature","geometry":{"type":"Point","coordinates":[135.6432001,34.7156205]},"properties":{"z":12.6}},{"type":"Feature","geometry":{"type":"Point","coordinates":[135.6431941,34.7156652]},"properties":{"z":12.6}},{"type":"Feature","geometry":{"type":"Point","coordinates":[135.6431872,34.7157098]},"properties":{"z":12.6}},{"type":"Feature","geometry":{"type":"Point","coordinates":[135.643183,34.7157546]},"properties":{"z":12.7}},{"type":"Feature","geometry":{"type":"Point","coordinates":[135.64318,34.7157995]},"properties":{"z":12.8}},{"type":"Feature","geometry":{"type":"Point","coordinates":[135.643178,34.7158444]},"properties":{"z":12.8}},{"type":"Feature","geometry":{"type":"Point","coordinates":[135.6431772,34.7158893]},"properties":{"z":13.0}},{"type":"Feature","geometry":{"type":"Point","coordinates":[135.6431739,34.7159341]},"properties":{"z":13.0}},{"type":"Feature","geometry":{"type":"Point","coordinates":[135.6431648,34.7159784]},"properties":{"z":13.1}},{"type":"Feature","geometry":{"type":"Point","coordinates":[135.6431541,34.7160225]},"properties":{"z":13.2}},{"type":"Feature","geometry":{"type":"Point","coordinates":[135.6431401,34.7160659]},"properties":{"z":13.2}},{"type":"Feature","geometry":{"type":"Point","coordinates":[135.6431266,34.7161095]},"properties":{"z":12.6}},{"type":"Feature","geometry":{"type":"Point","coordinates":[135.6431143,34.7161533]},"properties":{"z":12.4}},{"type":"Feature","geometry":{"type":"Point","coordinates":[135.6431039,34.7161973]},"properties":{"z":12.4}},{"type":"Feature","geometry":{"type":"Point","coordinates":[135.6430976,34.716242]},"properties":{"z":11.7}},{"type":"Feature","geometry":{"type":"Point","coordinates":[135.6430925,34.7162867]},"properties":{"z":11.7}},{"type":"Feature","geometry":{"type":"Point","coordinates":[135.6430902,34.7163316]},"properties":{"z":11.4}},{"type":"Feature","geometry":{"type":"Point","coordinates":[135.6430883,34.7163766]},"properties":{"z":11.3}},{"type":"Feature","geometry":{"type":"Point","coordinates":[135.6430878,34.7164215]},"properties":{"z":11.3}},{"type":"Feature","geometry":{"type":"Point","coordinates":[135.6430871,34.7164665]},"properties":{"z":11.2}},{"type":"Feature","geometry":{"type":"Point","coordinates":[135.6430837,34.7165113]},"properties":{"z":11.1}},{"type":"Feature","geometry":{"type":"Point","coordinates":[135.6430803,34.7165562]},"properties":{"z":11.1}},{"type":"Feature","geometry":{"type":"Point","coordinates":[135.6430775,34.7166011]},"properties":{"z":11.1}},{"type":"Feature","geometry":{"type":"Point","coordinates":[135.6430748,34.716646]},"properties":{"z":11.1}},{"type":"Feature","geometry":{"type":"Point","coordinates":[135.6430726,34.7166909]},"properties":{"z":11.1}},{"type":"Feature","geometry":{"type":"Point","coordinates":[135.6430709,34.7167358]},"properties":{"z":11.1}},{"type":"Feature","geometry":{"type":"Point","coordinates":[135.6430695,34.7167808]},"properties":{"z":11.1}},{"type":"Feature","geometry":{"type":"Point","coordinates":[135.6430688,34.7168257]},"properties":{"z":11.1}},{"type":"Feature","geometry":{"type":"Point","coordinates":[135.6430682,34.7168706]},"properties":{"z":11.1}},{"type":"Feature","geometry":{"type":"Point","coordinates":[135.6430684,34.7169156]},"properties":{"z":11.1}},{"type":"Feature","geometry":{"type":"Point","coordinates":[135.6430686,34.7169606]},"properties":{"z":11.2}},{"type":"Feature","geometry":{"type":"Point","coordinates":[135.6430678,34.7170055]},"properties":{"z":11.5}},{"type":"Feature","geometry":{"type":"Point","coordinates":[135.6430664,34.7170504]},"properties":{"z":11.5}},{"type":"Feature","geometry":{"type":"Point","coordinates":[135.6430641,34.7170953]},"properties":{"z":11.8}},{"type":"Feature","geometry":{"type":"Point","coordinates":[135.6430602,34.7171402]},"properties":{"z":12.2}},{"type":"Feature","geometry":{"type":"Point","coordinates":[135.6430568,34.717185]},"properties":{"z":12.2}},{"type":"Feature","geometry":{"type":"Point","coordinates":[135.6430566,34.71723]},"properties":{"z":12.9}},{"type":"Feature","geometry":{"type":"Point","coordinates":[135.6430563,34.7172749]},"properties":{"z":12.9}},{"type":"Feature","geometry":{"type":"Point","coordinates":[135.6430567,34.7173199]},"properties":{"z":13.4}},{"type":"Feature","geometry":{"type":"Point","coordinates":[135.6430572,34.7173648]},"properties":{"z":13.6}},{"type":"Feature","geometry":{"type":"Point","coordinates":[135.6430501,34.7174093]},"properties":{"z":13.6}},{"type":"Feature","geometry":{"type":"Point","coordinates":[135.6430413,34.7174537]},"properties":{"z":12.4}},{"type":"Feature","geometry":{"type":"Point","coordinates":[135.6430325,34.717498]},"properties":{"z":12.3}},{"type":"Feature","geometry":{"type":"Point","coordinates":[135.6430236,34.7175424]},"properties":{"z":12.3}},{"type":"Feature","geometry":{"type":"Point","coordinates":[135.6430173,34.717587]},"properties":{"z":12.3}},{"type":"Feature","geometry":{"type":"Point","coordinates":[135.6430126,34.7176318]},"properties":{"z":12.4}},{"type":"Feature","geometry":{"type":"Point","coordinates":[135.643007,34.7176765]},"properties":{"z":12.4}},{"type":"Feature","geometry":{"type":"Point","coordinates":[135.6430006,34.7177211]},"properties":{"z":12.4}},{"type":"Feature","geometry":{"type":"Point","coordinates":[135.642996,34.7177659]},"properties":{"z":12.4}},{"type":"Feature","geometry":{"type":"Point","coordinates":[135.642992,34.7178108]},"properties":{"z":12.5}},{"type":"Feature","geometry":{"type":"Point","coordinates":[135.6429864,34.7178555]},"properties":{"z":12.6}},{"type":"Feature","geometry":{"type":"Point","coordinates":[135.6429814,34.7179002]},"properties":{"z":12.6}},{"type":"Feature","geometry":{"type":"Point","coordinates":[135.6429786,34.7179451]},"properties":{"z":12.8}},{"type":"Feature","geometry":{"type":"Point","coordinates":[135.6429802,34.7179899]},"properties":{"z":13.0}},{"type":"Feature","geometry":{"type":"Point","coordinates":[135.642989,34.7180342]},"properties":{"z":13.0}},{"type":"Feature","geometry":{"type":"Point","coordinates":[135.6429905,34.7180792]},"properties":{"z":13.1}},{"type":"Feature","geometry":{"type":"Point","coordinates":[135.6429916,34.7181241]},"properties":{"z":13.2}},{"type":"Feature","geometry":{"type":"Point","coordinates":[135.6429906,34.718169]},"properties":{"z":13.2}},{"type":"Feature","geometry":{"type":"Point","coordinates":[135.6429842,34.7182136]},"properties":{"z":13.2}},{"type":"Feature","geometry":{"type":"Point","coordinates":[135.6429813,34.7182585]},"properties":{"z":13.2}},{"type":"Feature","geometry":{"type":"Point","coordinates":[135.642979,34.7183034]},"properties":{"z":13.3}},{"type":"Feature","geometry":{"type":"Point","coordinates":[135.6429751,34.7183482]},"properties":{"z":13.3}},{"type":"Feature","geometry":{"type":"Point","coordinates":[135.6429715,34.7183931]},"properties":{"z":13.3}},{"type":"Feature","geometry":{"type":"Point","coordinates":[135.642968,34.7184379]},"properties":{"z":13.3}},{"type":"Feature","geometry":{"type":"Point","coordinates":[135.6429665,34.7184829]},"properties":{"z":13.3}},{"type":"Feature","geometry":{"type":"Point","coordinates":[135.642965,34.7185278]},"properties":{"z":13.3}},{"type":"Feature","geometry":{"type":"Point","coordinates":[135.6429564,34.7185722]},"properties":{"z":12.5}},{"type":"Feature","geometry":{"type":"Point","coordinates":[135.6429472,34.7186165]},"properties":{"z":12.5}},{"type":"Feature","geometry":{"type":"Point","coordinates":[135.6429442,34.7186613]},"properties":{"z":12.5}},{"type":"Feature","geometry":{"type":"Point","coordinates":[135.6429431,34.7187062]},"properties":{"z":12.7}},{"type":"Feature","geometry":{"type":"Point","coordinates":[135.6429412,34.7187511]},"properties":{"z":12.7}},{"type":"Feature","geometry":{"type":"Point","coordinates":[135.6429392,34.7187961]},"properties":{"z":12.9}},{"type":"Feature","geometry":{"type":"Point","coordinates":[135.642941,34.718841]},"properties":{"z":13.0}},{"type":"Feature","geometry":{"type":"Point","coordinates":[135.6429437,34.7188859]},"properties":{"z":13.0}},{"type":"Feature","geometry":{"type":"Point","coordinates":[135.6429424,34.7189307]},"properties":{"z":13.0}},{"type":"Feature","geometry":{"type":"Point","coordinates":[135.6429394,34.7189756]},"properties":{"z":13.0}},{"type":"Feature","geometry":{"type":"Point","coordinates":[135.6429352,34.7190204]},"properties":{"z":13.0}},{"type":"Feature","geometry":{"type":"Point","coordinates":[135.6429292,34.7190651]},"properties":{"z":13.0}},{"type":"Feature","geometry":{"type":"Point","coordinates":[135.6429235,34.7191098]},"properties":{"z":13.0}},{"type":"Feature","geometry":{"type":"Point","coordinates":[135.642921,34.7191547]},"properties":{"z":13.0}},{"type":"Feature","geometry":{"type":"Point","coordinates":[135.6429182,34.7191996]},"properties":{"z":13.0}},{"type":"Feature","geometry":{"type":"Point","coordinates":[135.6429127,34.7192443]},"properties":{"z":13.0}},{"type":"Feature","geometry":{"type":"Point","coordinates":[135.6429073,34.7192891]},"properties":{"z":13.0}},{"type":"Feature","geometry":{"type":"Point","coordinates":[135.642904,34.7193339]},"properties":{"z":13.0}},{"type":"Feature","geometry":{"type":"Point","coordinates":[135.6429004,34.7193788]},"properties":{"z":13.0}},{"type":"Feature","geometry":{"type":"Point","coordinates":[135.6428955,34.7194235]},"properties":{"z":13.1}},{"type":"Feature","geometry":{"type":"Point","coordinates":[135.6428908,34.7194683]},"properties":{"z":13.1}},{"type":"Feature","geometry":{"type":"Point","coordinates":[135.6428876,34.7195132]},"properties":{"z":13.1}},{"type":"Feature","geometry":{"type":"Point","coordinates":[135.6428844,34.7195581]},"properties":{"z":13.1}},{"type":"Feature","geometry":{"type":"Point","coordinates":[135.6428782,34.7196027]},"properties":{"z":13.1}},{"type":"Feature","geometry":{"type":"Point","coordinates":[135.6428718,34.7196474]},"properties":{"z":12.1}},{"type":"Feature","geometry":{"type":"Point","coordinates":[135.6428657,34.7196921]},"properties":{"z":12.1}},{"type":"Feature","geometry":{"type":"Point","coordinates":[135.6428598,34.7197367]},"properties":{"z":12.1}},{"type":"Feature","geometry":{"type":"Point","coordinates":[135.6428553,34.7197815]},"properties":{"z":12.1}},{"type":"Feature","geometry":{"type":"Point","coordinates":[135.6428517,34.7198264]},"properties":{"z":12.1}},{"type":"Feature","geometry":{"type":"Point","coordinates":[135.6428479,34.7198712]},"properties":{"z":12.1}},{"type":"Feature","geometry":{"type":"Point","coordinates":[135.6428439,34.7199161]},"properties":{"z":12.1}},{"type":"Feature","geometry":{"type":"Point","coordinates":[135.6428393,34.7199608]},"properties":{"z":12.1}},{"type":"Feature","geometry":{"type":"Point","coordinates":[135.6428337,34.7200056]},"properties":{"z":12.1}},{"type":"Feature","geometry":{"type":"Point","coordinates":[135.642828,34.7200503]},"properties":{"z":12.1}},{"type":"Feature","geometry":{"type":"Point","coordinates":[135.6428217,34.7200949]},"properties":{"z":12.1}},{"type":"Feature","geometry":{"type":"Point","coordinates":[135.6428154,34.7201396]},"properties":{"z":12.1}},{"type":"Feature","geometry":{"type":"Point","coordinates":[135.6428094,34.7201843]},"properties":{"z":12.1}},{"type":"Feature","geometry":{"type":"Point","coordinates":[135.6428033,34.7202289]},"properties":{"z":12.1}},{"type":"Feature","geometry":{"type":"Point","coordinates":[135.6427963,34.7202735]},"properties":{"z":12.1}},{"type":"Feature","geometry":{"type":"Point","coordinates":[135.6427894,34.7203181]},"properties":{"z":12.1}},{"type":"Feature","geometry":{"type":"Point","coordinates":[135.6427866,34.720363]},"properties":{"z":12.1}},{"type":"Feature","geometry":{"type":"Point","coordinates":[135.6427836,34.7204079]},"properties":{"z":11.2}},{"type":"Feature","geometry":{"type":"Point","coordinates":[135.6427802,34.7204527]},"properties":{"z":11.3}},{"type":"Feature","geometry":{"type":"Point","coordinates":[135.6427793,34.7204976]},"properties":{"z":11.3}},{"type":"Feature","geometry":{"type":"Point","coordinates":[135.6427827,34.7205425]},"properties":{"z":11.6}},{"type":"Feature","geometry":{"type":"Point","coordinates":[135.6427809,34.7205872]},"properties":{"z":11.6}},{"type":"Feature","geometry":{"type":"Point","coordinates":[135.642775,34.7206319]},"properties":{"z":12.1}},{"type":"Feature","geometry":{"type":"Point","coordinates":[135.6427705,34.7206767]},"properties":{"z":12.5}},{"type":"Feature","geometry":{"type":"Point","coordinates":[135.6427666,34.7207215]},"properties":{"z":12.5}},{"type":"Feature","geometry":{"type":"Point","coordinates":[135.6427592,34.7207661]},"properties":{"z":12.8}},{"type":"Feature","geometry":{"type":"Point","coordinates":[135.6427518,34.7208106]},"properties":{"z":13.1}},{"type":"Feature","geometry":{"type":"Point","coordinates":[135.6427481,34.7208555]},"properties":{"z":13.1}},{"type":"Feature","geometry":{"type":"Point","coordinates":[135.6427454,34.7209003]},"properties":{"z":13.6}},{"type":"Feature","geometry":{"type":"Point","coordinates":[135.6427441,34.7209453]},"properties":{"z":14.0}},{"type":"Feature","geometry":{"type":"Point","coordinates":[135.6427404,34.7209901]},"properties":{"z":14.0}},{"type":"Feature","geometry":{"type":"Point","coordinates":[135.6427391,34.7210349]},"properties":{"z":14.5}},{"type":"Feature","geometry":{"type":"Point","coordinates":[135.6427437,34.7210797]},"properties":{"z":14.5}},{"type":"Feature","geometry":{"type":"Point","coordinates":[135.6427448,34.7211246]},"properties":{"z":14.6}},{"type":"Feature","geometry":{"type":"Point","coordinates":[135.6427453,34.7211696]},"properties":{"z":14.6}},{"type":"Feature","geometry":{"type":"Point","coordinates":[135.6427459,34.7212145]},"properties":{"z":14.6}},{"type":"Feature","geometry":{"type":"Point","coordinates":[135.64275,34.7212594]},"properties":{"z":14.4}},{"type":"Feature","geometry":{"type":"Point","coordinates":[135.6427554,34.7213041]},"properties":{"z":14.3}},{"type":"Feature","geometry":{"type":"Point","coordinates":[135.642761,34.7213488]},"properties":{"z":14.3}},{"type":"Feature","geometry":{"type":"Point","coordinates":[135.6427611,34.7213937]},"properties":{"z":14.1}},{"type":"Feature","geometry":{"type":"Point","coordinates":[135.6427691,34.7214379]},"properties":{"z":14.1}},{"type":"Feature","geometry":{"type":"Point","coordinates":[135.6427785,34.7214819]},"properties":{"z":13.8}},{"type":"Feature","geometry":{"type":"Point","coordinates":[135.6427737,34.7215267]},"properties":{"z":13.6}},{"type":"Feature","geometry":{"type":"Point","coordinates":[135.6427676,34.7215714]},"properties":{"z":13.6}},{"type":"Feature","geometry":{"type":"Point","coordinates":[135.6427603,34.7216159]},"properties":{"z":13.4}},{"type":"Feature","geometry":{"type":"Point","coordinates":[135.6427543,34.7216606]},"properties":{"z":13.2}},{"type":"Feature","geometry":{"type":"Point","coordinates":[135.6427497,34.7217054]},"properties":{"z":13.2}},{"type":"Feature","geometry":{"type":"Point","coordinates":[135.6427464,34.7217503]},"properties":{"z":13.0}},{"type":"Feature","geometry":{"type":"Point","coordinates":[135.6427402,34.7217949]},"properties":{"z":12.8}},{"type":"Feature","geometry":{"type":"Point","coordinates":[135.6427365,34.7218397]},"properties":{"z":12.8}},{"type":"Feature","geometry":{"type":"Point","coordinates":[135.6427357,34.7218847]},"properties":{"z":12.9}},{"type":"Feature","geometry":{"type":"Point","coordinates":[135.6427319,34.7219295]},"properties":{"z":12.9}},{"type":"Feature","geometry":{"type":"Point","coordinates":[135.6427288,34.7219743]},"properties":{"z":13.0}},{"type":"Feature","geometry":{"type":"Point","coordinates":[135.6427307,34.7220192]},"properties":{"z":13.1}},{"type":"Feature","geometry":{"type":"Point","coordinates":[135.6427308,34.7220642]},"properties":{"z":13.1}},{"type":"Feature","geometry":{"type":"Point","coordinates":[135.6427319,34.7221091]},"properties":{"z":13.4}},{"type":"Feature","geometry":{"type":"Point","coordinates":[135.6427335,34.7221541]},"properties":{"z":13.8}},{"type":"Feature","geometry":{"type":"Point","coordinates":[135.6427291,34.7221989]},"properties":{"z":13.8}},{"type":"Feature","geometry":{"type":"Point","coordinates":[135.6427251,34.7222437]},"properties":{"z":14.3}},{"type":"Feature","geometry":{"type":"Point","coordinates":[135.6427219,34.7222886]},"properties":{"z":14.8}},{"type":"Feature","geometry":{"type":"Point","coordinates":[135.6427198,34.7223335]},"properties":{"z":14.8}},{"type":"Feature","geometry":{"type":"Point","coordinates":[135.6427205,34.7223784]},"properties":{"z":15.3}},{"type":"Feature","geometry":{"type":"Point","coordinates":[135.642721,34.7224234]},"properties":{"z":15.3}},{"type":"Feature","geometry":{"type":"Point","coordinates":[135.642721,34.7224683]},"properties":{"z":15.5}},{"type":"Feature","geometry":{"type":"Point","coordinates":[135.642721,34.7225133]},"properties":{"z":15.5}},{"type":"Feature","geometry":{"type":"Point","coordinates":[135.6427211,34.7225582]},"properties":{"z":15.5}},{"type":"Feature","geometry":{"type":"Point","coordinates":[135.6427191,34.7226031]},"properties":{"z":15.6}},{"type":"Feature","geometry":{"type":"Point","coordinates":[135.6427145,34.7226479]},"properties":{"z":15.7}},{"type":"Feature","geometry":{"type":"Point","coordinates":[135.6427066,34.7226923]},"properties":{"z":15.7}},{"type":"Feature","geometry":{"type":"Point","coordinates":[135.6426957,34.7227363]},"properties":{"z":15.3}},{"type":"Feature","geometry":{"type":"Point","coordinates":[135.6426745,34.7227774]},"properties":{"z":15.3}},{"type":"Feature","geometry":{"type":"Point","coordinates":[135.6426514,34.7228181]},"properties":{"z":15.3}},{"type":"Feature","geometry":{"type":"Point","coordinates":[135.6426338,34.7228606]},"properties":{"z":15.4}},{"type":"Feature","geometry":{"type":"Point","coordinates":[135.6426248,34.7229049]},"properties":{"z":15.4}},{"type":"Feature","geometry":{"type":"Point","coordinates":[135.6426141,34.722949]},"properties":{"z":15.0}},{"type":"Feature","geometry":{"type":"Point","coordinates":[135.642607,34.7229933]},"properties":{"z":15.1}},{"type":"Feature","geometry":{"type":"Point","coordinates":[135.6426079,34.7230383]},"properties":{"z":15.1}},{"type":"Feature","geometry":{"type":"Point","coordinates":[135.6426126,34.723083]},"properties":{"z":15.1}},{"type":"Feature","geometry":{"type":"Point","coordinates":[135.6426199,34.7231276]},"properties":{"z":15.5}},{"type":"Feature","geometry":{"type":"Point","coordinates":[135.6426262,34.7231722]},"properties":{"z":15.6}},{"type":"Feature","geometry":{"type":"Point","coordinates":[135.6426323,34.7232169]},"properties":{"z":15.8}},{"type":"Feature","geometry":{"type":"Point","coordinates":[135.6426425,34.723261]},"properties":{"z":15.8}},{"type":"Feature","geometry":{"type":"Point","coordinates":[135.6426536,34.723305]},"properties":{"z":15.7}},{"type":"Feature","geometry":{"type":"Point","coordinates":[135.6426626,34.7233493]},"properties":{"z":15.4}},{"type":"Feature","geometry":{"type":"Point","coordinates":[135.6426713,34.7233937]},"properties":{"z":15.4}},{"type":"Feature","geometry":{"type":"Point","coordinates":[135.6426694,34.7234386]},"properties":{"z":15.1}},{"type":"Feature","geometry":{"type":"Point","coordinates":[135.6426679,34.7234836]},"properties":{"z":15.1}},{"type":"Feature","geometry":{"type":"Point","coordinates":[135.6426682,34.7235285]},"properties":{"z":14.7}},{"type":"Feature","geometry":{"type":"Point","coordinates":[135.642667,34.7235734]},"properties":{"z":14.4}},{"type":"Feature","geometry":{"type":"Point","coordinates":[135.6426644,34.7236183]},"properties":{"z":14.4}},{"type":"Feature","geometry":{"type":"Point","coordinates":[135.6426569,34.7236628]},"properties":{"z":14.0}},{"type":"Feature","geometry":{"type":"Point","coordinates":[135.6426481,34.7237072]},"properties":{"z":13.6}},{"type":"Feature","geometry":{"type":"Point","coordinates":[135.6426374,34.7237513]},"properties":{"z":13.6}},{"type":"Feature","geometry":{"type":"Point","coordinates":[135.6426245,34.7237948]},"properties":{"z":13.2}},{"type":"Feature","geometry":{"type":"Point","coordinates":[135.6426026,34.723836]},"properties":{"z":13.0}},{"type":"Feature","geometry":{"type":"Point","coordinates":[135.6425826,34.7238775]},"properties":{"z":12.6}},{"type":"Feature","geometry":{"type":"Point","coordinates":[135.6425796,34.7239224]},"properties":{"z":12.4}},{"type":"Feature","geometry":{"type":"Point","coordinates":[135.6425764,34.7239673]},"properties":{"z":12.4}},{"type":"Feature","geometry":{"type":"Point","coordinates":[135.6425645,34.7240112]},"properties":{"z":12.4}},{"type":"Feature","geometry":{"type":"Point","coordinates":[135.6425526,34.724055]},"properties":{"z":12.5}},{"type":"Feature","geometry":{"type":"Point","coordinates":[135.6425397,34.7240987]},"properties":{"z":12.5}},{"type":"Feature","geometry":{"type":"Point","coordinates":[135.6425268,34.7241424]},"properties":{"z":12.0}},{"type":"Feature","geometry":{"type":"Point","coordinates":[135.6425228,34.7241871]},"properties":{"z":12.0}},{"type":"Feature","geometry":{"type":"Point","coordinates":[135.6425204,34.724232]},"properties":{"z":12.1}},{"type":"Feature","geometry":{"type":"Point","coordinates":[135.6425187,34.724277]},"properties":{"z":12.2}},{"type":"Feature","geometry":{"type":"Point","coordinates":[135.6425171,34.7243219]},"properties":{"z":12.2}},{"type":"Feature","geometry":{"type":"Point","coordinates":[135.6425202,34.7243667]},"properties":{"z":12.7}},{"type":"Feature","geometry":{"type":"Point","coordinates":[135.6425238,34.7244116]},"properties":{"z":12.9}},{"type":"Feature","geometry":{"type":"Point","coordinates":[135.6425248,34.7244565]},"properties":{"z":12.9}},{"type":"Feature","geometry":{"type":"Point","coordinates":[135.6425235,34.7245015]},"properties":{"z":12.9}},{"type":"Feature","geometry":{"type":"Point","coordinates":[135.6425211,34.7245464]},"properties":{"z":12.7}},{"type":"Feature","geometry":{"type":"Point","coordinates":[135.6425187,34.7245913]},"properties":{"z":12.7}},{"type":"Feature","geometry":{"type":"Point","coordinates":[135.6425165,34.7246362]},"properties":{"z":12.6}},{"type":"Feature","geometry":{"type":"Point","coordinates":[135.6425145,34.7246811]},"properties":{"z":12.6}},{"type":"Feature","geometry":{"type":"Point","coordinates":[135.6425162,34.724726]},"properties":{"z":12.4}},{"type":"Feature","geometry":{"type":"Point","coordinates":[135.6425186,34.7247709]},"properties":{"z":12.4}},{"type":"Feature","geometry":{"type":"Point","coordinates":[135.6425225,34.7248158]},"properties":{"z":12.4}},{"type":"Feature","geometry":{"type":"Point","coordinates":[135.6425259,34.7248606]},"properties":{"z":12.3}},{"type":"Feature","geometry":{"type":"Point","coordinates":[135.6425285,34.7249055]},"properties":{"z":12.2}},{"type":"Feature","geometry":{"type":"Point","coordinates":[135.6425307,34.7249505]},"properties":{"z":12.6}},{"type":"Feature","geometry":{"type":"Point","coordinates":[135.6425326,34.7249954]},"properties":{"z":12.6}},{"type":"Feature","geometry":{"type":"Point","coordinates":[135.6425348,34.7250403]},"properties":{"z":12.5}},{"type":"Feature","geometry":{"type":"Point","coordinates":[135.6425368,34.7250852]},"properties":{"z":12.5}},{"type":"Feature","geometry":{"type":"Point","coordinates":[135.6425374,34.7251302]},"properties":{"z":12.4}},{"type":"Feature","geometry":{"type":"Point","coordinates":[135.6425379,34.7251751]},"properties":{"z":12.4}},{"type":"Feature","geometry":{"type":"Point","coordinates":[135.6425383,34.7252201]},"properties":{"z":12.5}},{"type":"Feature","geometry":{"type":"Point","coordinates":[135.6425386,34.725265]},"properties":{"z":12.5}},{"type":"Feature","geometry":{"type":"Point","coordinates":[135.6425392,34.72531]},"properties":{"z":12.5}},{"type":"Feature","geometry":{"type":"Point","coordinates":[135.6425428,34.7253548]},"properties":{"z":12.7}},{"type":"Feature","geometry":{"type":"Point","coordinates":[135.6425441,34.7253997]},"properties":{"z":12.9}},{"type":"Feature","geometry":{"type":"Point","coordinates":[135.6425434,34.7254447]},"properties":{"z":12.9}},{"type":"Feature","geometry":{"type":"Point","coordinates":[135.6425449,34.7254896]},"properties":{"z":13.0}},{"type":"Feature","geometry":{"type":"Point","coordinates":[135.6425446,34.7255345]},"properties":{"z":13.2}},{"type":"Feature","geometry":{"type":"Point","coordinates":[135.6425433,34.7255794]},"properties":{"z":13.2}},{"type":"Feature","geometry":{"type":"Point","coordinates":[135.6425478,34.7256241]},"properties":{"z":13.4}},{"type":"Feature","geometry":{"type":"Point","coordinates":[135.6425471,34.7256683]},"properties":{"z":13.4}},{"type":"Feature","geometry":{"type":"Point","coordinates":[135.6425279,34.7257103]},"properties":{"z":13.3}},{"type":"Feature","geometry":{"type":"Point","coordinates":[135.6424883,34.725739]},"properties":{"z":13.3}},{"type":"Feature","geometry":{"type":"Point","coordinates":[135.6424736,34.7257799]},"properties":{"z":13.0}},{"type":"Feature","geometry":{"type":"Point","coordinates":[135.6424737,34.7258244]},"properties":{"z":12.6}},{"type":"Feature","geometry":{"type":"Point","coordinates":[135.6424814,34.7258689]},"properties":{"z":12.6}},{"type":"Feature","geometry":{"type":"Point","coordinates":[135.6424838,34.7259138]},"properties":{"z":12.6}},{"type":"Feature","geometry":{"type":"Point","coordinates":[135.6424858,34.7259587]},"properties":{"z":12.5}},{"type":"Feature","geometry":{"type":"Point","coordinates":[135.6424819,34.7260036]},"properties":{"z":12.5}},{"type":"Feature","geometry":{"type":"Point","coordinates":[135.6424775,34.7260484]},"properties":{"z":12.3}},{"type":"Feature","geometry":{"type":"Point","coordinates":[135.6424713,34.726093]},"properties":{"z":12.3}},{"type":"Feature","geometry":{"type":"Point","coordinates":[135.642463,34.7261374]},"properties":{"z":12.3}},{"type":"Feature","geometry":{"type":"Point","coordinates":[135.6424548,34.7261819]},"properties":{"z":12.1}},{"type":"Feature","geometry":{"type":"Point","coordinates":[135.6424478,34.7262264]},"properties":{"z":12.1}},{"type":"Feature","geometry":{"type":"Point","coordinates":[135.6424411,34.7262711]},"properties":{"z":11.6}},{"type":"Feature","geometry":{"type":"Point","coordinates":[135.6424344,34.7263157]},"properties":{"z":11.4}},{"type":"Feature","geometry":{"type":"Point","coordinates":[135.6424301,34.7263605]},"properties":{"z":11.4}},{"type":"Feature","geometry":{"type":"Point","coordinates":[135.6424257,34.7264053]},"properties":{"z":11.3}},{"type":"Feature","geometry":{"type":"Point","coordinates":[135.6424236,34.7264502]},"properties":{"z":11.1}},{"type":"Feature","geometry":{"type":"Point","coordinates":[135.6424231,34.7264951]},"properties":{"z":11.1}},{"type":"Feature","geometry":{"type":"Point","coordinates":[135.6424206,34.7265399]},"properties":{"z":10.9}},{"type":"Feature","geometry":{"type":"Point","coordinates":[135.6424119,34.7265843]},"properties":{"z":10.9}},{"type":"Feature","geometry":{"type":"Point","coordinates":[135.6424032,34.7266287]},"properties":{"z":10.8}},{"type":"Feature","geometry":{"type":"Point","coordinates":[135.6424,34.7266736]},"properties":{"z":10.8}},{"type":"Feature","geometry":{"type":"Point","coordinates":[135.642397,34.7267185]},"properties":{"z":10.8}},{"type":"Feature","geometry":{"type":"Point","coordinates":[135.6423992,34.7267634]},"properties":{"z":10.8}},{"type":"Feature","geometry":{"type":"Point","coordinates":[135.6424013,34.7268083]},"properties":{"z":10.8}},{"type":"Feature","geometry":{"type":"Point","coordinates":[135.6424029,34.7268532]},"properties":{"z":10.8}},{"type":"Feature","geometry":{"type":"Point","coordinates":[135.6424022,34.7268981]},"properties":{"z":11.0}},{"type":"Feature","geometry":{"type":"Point","coordinates":[135.6423997,34.726943]},"properties":{"z":11.1}},{"type":"Feature","geometry":{"type":"Point","coordinates":[135.6423965,34.7269879]},"properties":{"z":11.1}},{"type":"Feature","geometry":{"type":"Point","coordinates":[135.6423915,34.7270326]},"properties":{"z":11.3}},{"type":"Feature","geometry":{"type":"Point","coordinates":[135.6423838,34.7270771]},"properties":{"z":11.3}},{"type":"Feature","geometry":{"type":"Point","coordinates":[135.6423753,34.7271215]},"properties":{"z":11.4}},{"type":"Feature","geometry":{"type":"Point","coordinates":[135.6423658,34.7271658]},"properties":{"z":11.4}},{"type":"Feature","geometry":{"type":"Point","coordinates":[135.6423552,34.7272099]},"properties":{"z":11.1}},{"type":"Feature","geometry":{"type":"Point","coordinates":[135.6423426,34.7272536]},"properties":{"z":11.1}},{"type":"Feature","geometry":{"type":"Point","coordinates":[135.6423302,34.7272974]},"properties":{"z":11.1}},{"type":"Feature","geometry":{"type":"Point","coordinates":[135.6423186,34.7273413]},"properties":{"z":11.1}},{"type":"Feature","geometry":{"type":"Point","coordinates":[135.6423069,34.7273853]},"properties":{"z":11.0}},{"type":"Feature","geometry":{"type":"Point","coordinates":[135.6422948,34.7274291]},"properties":{"z":11.0}},{"type":"Feature","geometry":{"type":"Point","coordinates":[135.6422826,34.7274729]},"properties":{"z":11.0}},{"type":"Feature","geometry":{"type":"Point","coordinates":[135.6422714,34.7275169]},"properties":{"z":10.9}},{"type":"Feature","geometry":{"type":"Point","coordinates":[135.6422604,34.7275609]},"properties":{"z":10.7}},{"type":"Feature","geometry":{"type":"Point","coordinates":[135.6422516,34.7276053]},"properties":{"z":10.7}},{"type":"Feature","geometry":{"type":"Point","coordinates":[135.6422433,34.7276497]},"properties":{"z":10.6}},{"type":"Feature","geometry":{"type":"Point","coordinates":[135.6422342,34.727694]},"properties":{"z":10.6}},{"type":"Feature","geometry":{"type":"Point","coordinates":[135.6422246,34.7277383]},"properties":{"z":10.6}},{"type":"Feature","geometry":{"type":"Point","coordinates":[135.6422176,34.7277828]},"properties":{"z":10.6}},{"type":"Feature","geometry":{"type":"Point","coordinates":[135.642213,34.7278276]},"properties":{"z":10.6}},{"type":"Feature","geometry":{"type":"Point","coordinates":[135.6422086,34.7278724]},"properties":{"z":10.6}},{"type":"Feature","geometry":{"type":"Point","coordinates":[135.6422046,34.7279173]},"properties":{"z":10.6}},{"type":"Feature","geometry":{"type":"Point","coordinates":[135.6422007,34.7279621]},"properties":{"z":10.6}},{"type":"Feature","geometry":{"type":"Point","coordinates":[135.6421978,34.728007]},"properties":{"z":10.7}},{"type":"Feature","geometry":{"type":"Point","coordinates":[135.642195,34.7280519]},"properties":{"z":10.7}},{"type":"Feature","geometry":{"type":"Point","coordinates":[135.6421942,34.7280968]},"properties":{"z":10.7}},{"type":"Feature","geometry":{"type":"Point","coordinates":[135.6421935,34.7281418]},"properties":{"z":10.8}},{"type":"Feature","geometry":{"type":"Point","coordinates":[135.6421891,34.7281866]},"properties":{"z":10.8}},{"type":"Feature","geometry":{"type":"Point","coordinates":[135.6421843,34.7282314]},"properties":{"z":10.5}},{"type":"Feature","geometry":{"type":"Point","coordinates":[135.6421799,34.7282762]},"properties":{"z":10.5}},{"type":"Feature","geometry":{"type":"Point","coordinates":[135.6421757,34.728321]},"properties":{"z":10.6}},{"type":"Feature","geometry":{"type":"Point","coordinates":[135.642173,34.7283659]},"properties":{"z":10.6}},{"type":"Feature","geometry":{"type":"Point","coordinates":[135.6421709,34.7284108]},"properties":{"z":10.6}},{"type":"Feature","geometry":{"type":"Point","coordinates":[135.6421697,34.7284557]},"properties":{"z":10.6}},{"type":"Feature","geometry":{"type":"Point","coordinates":[135.6421685,34.7285007]},"properties":{"z":10.5}},{"type":"Feature","geometry":{"type":"Point","coordinates":[135.6421616,34.7285453]},"properties":{"z":10.5}},{"type":"Feature","geometry":{"type":"Point","coordinates":[135.642155,34.7285899]},"properties":{"z":10.5}},{"type":"Feature","geometry":{"type":"Point","coordinates":[135.6421497,34.7286346]},"properties":{"z":10.4}},{"type":"Feature","geometry":{"type":"Point","coordinates":[135.642152,34.7286795]},"properties":{"z":10.4}},{"type":"Feature","geometry":{"type":"Point","coordinates":[135.642157,34.7287242]},"properties":{"z":10.4}},{"type":"Feature","geometry":{"type":"Point","coordinates":[135.6421639,34.7287688]},"properties":{"z":10.4}},{"type":"Feature","geometry":{"type":"Point","coordinates":[135.6421739,34.728813]},"properties":{"z":10.3}},{"type":"Feature","geometry":{"type":"Point","coordinates":[135.6421769,34.7288577]},"properties":{"z":10.4}},{"type":"Feature","geometry":{"type":"Point","coordinates":[135.6421776,34.7289027]},"properties":{"z":10.4}},{"type":"Feature","geometry":{"type":"Point","coordinates":[135.6421803,34.7289476]},"properties":{"z":10.4}},{"type":"Feature","geometry":{"type":"Point","coordinates":[135.6421828,34.7289925]},"properties":{"z":10.5}},{"type":"Feature","geometry":{"type":"Point","coordinates":[135.6421852,34.7290374]},"properties":{"z":10.5}},{"type":"Feature","geometry":{"type":"Point","coordinates":[135.6421863,34.7290823]},"properties":{"z":10.9}},{"type":"Feature","geometry":{"type":"Point","coordinates":[135.6421844,34.7291272]},"properties":{"z":10.6}},{"type":"Feature","geometry":{"type":"Point","coordinates":[135.6421816,34.7291721]},"properties":{"z":10.6}},{"type":"Feature","geometry":{"type":"Point","coordinates":[135.6421806,34.729217]},"properties":{"z":10.8}},{"type":"Feature","geometry":{"type":"Point","coordinates":[135.6421737,34.7292616]},"properties":{"z":10.8}},{"type":"Feature","geometry":{"type":"Point","coordinates":[135.642178,34.7293062]},"properties":{"z":11.0}},{"type":"Feature","geometry":{"type":"Point","coordinates":[135.6421729,34.7293504]},"properties":{"z":11.1}},{"type":"Feature","geometry":{"type":"Point","coordinates":[135.6421688,34.729395]},"properties":{"z":11.1}},{"type":"Feature","geometry":{"type":"Point","coordinates":[135.642168,34.7294399]},"properties":{"z":11.2}},{"type":"Feature","geometry":{"type":"Point","coordinates":[135.6421634,34.7294847]},"properties":{"z":11.2}},{"type":"Feature","geometry":{"type":"Point","coordinates":[135.6421569,34.7295293]},"properties":{"z":11.2}},{"type":"Feature","geometry":{"type":"Point","coordinates":[135.6421509,34.729574]},"properties":{"z":11.2}},{"type":"Feature","geometry":{"type":"Point","coordinates":[135.6421449,34.7296187]},"properties":{"z":11.2}},{"type":"Feature","geometry":{"type":"Point","coordinates":[135.6421396,34.7296634]},"properties":{"z":11.3}},{"type":"Feature","geometry":{"type":"Point","coordinates":[135.6421325,34.7297079]},"properties":{"z":11.4}},{"type":"Feature","geometry":{"type":"Point","coordinates":[135.6421207,34.7297518]},"properties":{"z":11.4}},{"type":"Feature","geometry":{"type":"Point","coordinates":[135.6421077,34.7297954]},"properties":{"z":11.5}},{"type":"Feature","geometry":{"type":"Point","coordinates":[135.6420987,34.7298397]},"properties":{"z":11.2}},{"type":"Feature","geometry":{"type":"Point","coordinates":[135.6420915,34.7298843]},"properties":{"z":11.2}},{"type":"Feature","geometry":{"type":"Point","coordinates":[135.6420864,34.7299291]},"properties":{"z":11.3}},{"type":"Feature","geometry":{"type":"Point","coordinates":[135.6420815,34.7299738]},"properties":{"z":11.3}},{"type":"Feature","geometry":{"type":"Point","coordinates":[135.6420765,34.7300186]},"properties":{"z":11.4}},{"type":"Feature","geometry":{"type":"Point","coordinates":[135.6420707,34.7300633]},"properties":{"z":11.6}},{"type":"Feature","geometry":{"type":"Point","coordinates":[135.6420634,34.7301078]},"properties":{"z":11.6}},{"type":"Feature","geometry":{"type":"Point","coordinates":[135.6420546,34.7301522]},"properties":{"z":11.8}},{"type":"Feature","geometry":{"type":"Point","coordinates":[135.6420454,34.7301965]},"properties":{"z":11.9}},{"type":"Feature","geometry":{"type":"Point","coordinates":[135.6420357,34.7302407]},"properties":{"z":11.9}},{"type":"Feature","geometry":{"type":"Point","coordinates":[135.6420252,34.7302848]},"properties":{"z":12.0}},{"type":"Feature","geometry":{"type":"Point","coordinates":[135.6420147,34.730329]},"properties":{"z":12.1}},{"type":"Feature","geometry":{"type":"Point","coordinates":[135.6420044,34.7303731]},"properties":{"z":11.5}},{"type":"Feature","geometry":{"type":"Point","coordinates":[135.6419953,34.7304174]},"properties":{"z":11.6}},{"type":"Feature","geometry":{"type":"Point","coordinates":[135.6419865,34.7304618]},"properties":{"z":11.6}},{"type":"Feature","geometry":{"type":"Point","coordinates":[135.6419775,34.7305061]},"properties":{"z":11.8}},{"type":"Feature","geometry":{"type":"Point","coordinates":[135.6419656,34.73055]},"properties":{"z":12.1}},{"type":"Feature","geometry":{"type":"Point","coordinates":[135.6419535,34.7305938]},"properties":{"z":12.1}},{"type":"Feature","geometry":{"type":"Point","coordinates":[135.6419412,34.7306377]},"properties":{"z":12.4}},{"type":"Feature","geometry":{"type":"Point","coordinates":[135.6419332,34.7306821]},"properties":{"z":12.6}},{"type":"Feature","geometry":{"type":"Point","coordinates":[135.6419242,34.7307265]},"properties":{"z":12.2}},{"type":"Feature","geometry":{"type":"Point","coordinates":[135.6419138,34.7307706]},"properties":{"z":12.4}},{"type":"Feature","geometry":{"type":"Point","coordinates":[135.641905,34.7308149]},"properties":{"z":12.4}},{"type":"Feature","geometry":{"type":"Point","coordinates":[135.6418964,34.7308593]},"properties":{"z":12.5}},{"type":"Feature","geometry":{"type":"Point","coordinates":[135.6418873,34.7309037]},"properties":{"z":12.7}},{"type":"Feature","geometry":{"type":"Point","coordinates":[135.6418781,34.730948]},"properties":{"z":12.7}},{"type":"Feature","geometry":{"type":"Point","coordinates":[135.6418686,34.7309922]},"properties":{"z":12.9}},{"type":"Feature","geometry":{"type":"Point","coordinates":[135.641858,34.7310363]},"properties":{"z":13.1}},{"type":"Feature","geometry":{"type":"Point","coordinates":[135.6418486,34.7310806]},"properties":{"z":13.1}},{"type":"Feature","geometry":{"type":"Point","coordinates":[135.6418418,34.7311252]},"properties":{"z":13.0}},{"type":"Feature","geometry":{"type":"Point","coordinates":[135.6418378,34.73117]},"properties":{"z":13.0}},{"type":"Feature","geometry":{"type":"Point","coordinates":[135.6418328,34.7312148]},"properties":{"z":13.2}},{"type":"Feature","geometry":{"type":"Point","coordinates":[135.6418227,34.7312589]},"properties":{"z":13.2}},{"type":"Feature","geometry":{"type":"Point","coordinates":[135.641814,34.7313033]},"properties":{"z":13.2}},{"type":"Feature","geometry":{"type":"Point","coordinates":[135.6418065,34.7313478]},"properties":{"z":13.3}},{"type":"Feature","geometry":{"type":"Point","coordinates":[135.6417995,34.7313924]},"properties":{"z":13.4}},{"type":"Feature","geometry":{"type":"Point","coordinates":[135.6417885,34.7314364]},"properties":{"z":13.4}},{"type":"Feature","geometry":{"type":"Point","coordinates":[135.6417785,34.7314806]},"properties":{"z":13.5}},{"type":"Feature","geometry":{"type":"Point","coordinates":[135.6417701,34.731525]},"properties":{"z":13.5}},{"type":"Feature","geometry":{"type":"Point","coordinates":[135.6417637,34.7315696]},"properties":{"z":13.6}},{"type":"Feature","geometry":{"type":"Point","coordinates":[135.641758,34.7316143]},"properties":{"z":13.7}},{"type":"Feature","geometry":{"type":"Point","coordinates":[135.6417531,34.7316591]},"properties":{"z":13.5}},{"type":"Feature","geometry":{"type":"Point","coordinates":[135.6417479,34.7317039]},"properties":{"z":13.6}},{"type":"Feature","geometry":{"type":"Point","coordinates":[135.6417436,34.7317487]},"properties":{"z":13.7}},{"type":"Feature","geometry":{"type":"Point","coordinates":[135.6417414,34.7317936]},"properties":{"z":13.7}},{"type":"Feature","geometry":{"type":"Point","coordinates":[135.641739,34.7318385]},"properties":{"z":13.8}},{"type":"Feature","geometry":{"type":"Point","coordinates":[135.6417381,34.7318834]},"properties":{"z":13.9}},{"type":"Feature","geometry":{"type":"Point","coordinates":[135.6417404,34.7319283]},"properties":{"z":13.9}},{"type":"Feature","geometry":{"type":"Point","coordinates":[135.6417438,34.7319732]},"properties":{"z":14.1}},{"type":"Feature","geometry":{"type":"Point","coordinates":[135.6417476,34.732018]},"properties":{"z":14.1}},{"type":"Feature","geometry":{"type":"Point","coordinates":[135.641751,34.7320629]},"properties":{"z":14.2}},{"type":"Feature","geometry":{"type":"Point","coordinates":[135.6417524,34.7321078]},"properties":{"z":14.4}},{"type":"Feature","geometry":{"type":"Point","coordinates":[135.6417511,34.7321527]},"properties":{"z":14.4}},{"type":"Feature","geometry":{"type":"Point","coordinates":[135.6417413,34.7321969]},"properties":{"z":14.5}},{"type":"Feature","geometry":{"type":"Point","coordinates":[135.6417395,34.7322417]},"properties":{"z":14.7}},{"type":"Feature","geometry":{"type":"Point","coordinates":[135.641738,34.7322865]},"properties":{"z":14.7}},{"type":"Feature","geometry":{"type":"Point","coordinates":[135.6417303,34.732331]},"properties":{"z":14.8}},{"type":"Feature","geometry":{"type":"Point","coordinates":[135.6417302,34.7323759]},"properties":{"z":14.9}},{"type":"Feature","geometry":{"type":"Point","coordinates":[135.6417313,34.7324208]},"properties":{"z":14.9}},{"type":"Feature","geometry":{"type":"Point","coordinates":[135.6417321,34.7324658]},"properties":{"z":15.0}},{"type":"Feature","geometry":{"type":"Point","coordinates":[135.6417368,34.7325105]},"properties":{"z":15.0}},{"type":"Feature","geometry":{"type":"Point","coordinates":[135.6417441,34.732555]},"properties":{"z":15.0}},{"type":"Feature","geometry":{"type":"Point","coordinates":[135.6417476,34.7325999]},"properties":{"z":15.0}},{"type":"Feature","geometry":{"type":"Point","coordinates":[135.6417505,34.7326448]},"properties":{"z":15.0}},{"type":"Feature","geometry":{"type":"Point","coordinates":[135.6417532,34.7326897]},"properties":{"z":15.0}},{"type":"Feature","geometry":{"type":"Point","coordinates":[135.6417597,34.7327343]},"properties":{"z":15.1}},{"type":"Feature","geometry":{"type":"Point","coordinates":[135.6417656,34.7327789]},"properties":{"z":15.1}},{"type":"Feature","geometry":{"type":"Point","coordinates":[135.6417679,34.7328238]},"properties":{"z":15.2}},{"type":"Feature","geometry":{"type":"Point","coordinates":[135.6417713,34.7328687]},"properties":{"z":15.2}},{"type":"Feature","geometry":{"type":"Point","coordinates":[135.6417753,34.7329135]},"properties":{"z":15.2}},{"type":"Feature","geometry":{"type":"Point","coordinates":[135.6417756,34.7329585]},"properties":{"z":15.3}},{"type":"Feature","geometry":{"type":"Point","coordinates":[135.641777,34.7330034]},"properties":{"z":15.3}},{"type":"Feature","geometry":{"type":"Point","coordinates":[135.6417801,34.7330483]},"properties":{"z":15.3}},{"type":"Feature","geometry":{"type":"Point","coordinates":[135.6417835,34.7330932]},"properties":{"z":15.4}},{"type":"Feature","geometry":{"type":"Point","coordinates":[135.6417866,34.733138]},"properties":{"z":15.4}},{"type":"Feature","geometry":{"type":"Point","coordinates":[135.641786,34.733183]},"properties":{"z":15.5}},{"type":"Feature","geometry":{"type":"Point","coordinates":[135.6417837,34.7332279]},"properties":{"z":15.5}},{"type":"Feature","geometry":{"type":"Point","coordinates":[135.6417794,34.7332727]},"properties":{"z":15.5}},{"type":"Feature","geometry":{"type":"Point","coordinates":[135.6417811,34.7333176]},"properties":{"z":15.6}},{"type":"Feature","geometry":{"type":"Point","coordinates":[135.6417836,34.7333625]},"properties":{"z":15.6}},{"type":"Feature","geometry":{"type":"Point","coordinates":[135.6417863,34.7334074]},"properties":{"z":15.6}},{"type":"Feature","geometry":{"type":"Point","coordinates":[135.6417908,34.7334521]},"properties":{"z":15.6}},{"type":"Feature","geometry":{"type":"Point","coordinates":[135.6417972,34.7334968]},"properties":{"z":15.6}},{"type":"Feature","geometry":{"type":"Point","coordinates":[135.6418023,34.7335415]},"properties":{"z":15.6}},{"type":"Feature","geometry":{"type":"Point","coordinates":[135.6418069,34.7335863]},"properties":{"z":15.6}},{"type":"Feature","geometry":{"type":"Point","coordinates":[135.6418099,34.7336312]},"properties":{"z":15.6}},{"type":"Feature","geometry":{"type":"Point","coordinates":[135.6418132,34.7336761]},"properties":{"z":15.6}},{"type":"Feature","geometry":{"type":"Point","coordinates":[135.641818,34.7337209]},"properties":{"z":15.7}},{"type":"Feature","geometry":{"type":"Point","coordinates":[135.6418223,34.7337657]},"properties":{"z":15.7}},{"type":"Feature","geometry":{"type":"Point","coordinates":[135.641826,34.7338105]},"properties":{"z":15.7}},{"type":"Feature","geometry":{"type":"Point","coordinates":[135.6418312,34.7338553]},"properties":{"z":15.8}},{"type":"Feature","geometry":{"type":"Point","coordinates":[135.6418365,34.7339]},"properties":{"z":15.8}},{"type":"Feature","geometry":{"type":"Point","coordinates":[135.6418409,34.7339448]},"properties":{"z":15.9}},{"type":"Feature","geometry":{"type":"Point","coordinates":[135.6418377,34.7339896]},"properties":{"z":15.9}},{"type":"Feature","geometry":{"type":"Point","coordinates":[135.6418347,34.7340344]},"properties":{"z":16.0}},{"type":"Feature","geometry":{"type":"Point","coordinates":[135.6418349,34.7340794]},"properties":{"z":16.2}},{"type":"Feature","geometry":{"type":"Point","coordinates":[135.6418359,34.7341243]},"properties":{"z":16.2}},{"type":"Feature","geometry":{"type":"Point","coordinates":[135.6418355,34.7341693]},"properties":{"z":16.3}},{"type":"Feature","geometry":{"type":"Point","coordinates":[135.6418342,34.7342142]},"properties":{"z":16.3}},{"type":"Feature","geometry":{"type":"Point","coordinates":[135.6418321,34.7342591]},"properties":{"z":16.3}},{"type":"Feature","geometry":{"type":"Point","coordinates":[135.6418274,34.7343039]},"properties":{"z":16.2}},{"type":"Feature","geometry":{"type":"Point","coordinates":[135.6418249,34.7343487]},"properties":{"z":16.1}},{"type":"Feature","geometry":{"type":"Point","coordinates":[135.6418265,34.7343937]},"properties":{"z":16.1}},{"type":"Feature","geometry":{"type":"Point","coordinates":[135.6418308,34.7344385]},"properties":{"z":15.9}},{"type":"Feature","geometry":{"type":"Point","coordinates":[135.6418318,34.7344834]},"properties":{"z":15.9}},{"type":"Feature","geometry":{"type":"Point","coordinates":[135.641833,34.7345283]},"properties":{"z":15.8}},{"type":"Feature","geometry":{"type":"Point","coordinates":[135.6418353,34.7345732]},"properties":{"z":15.8}},{"type":"Feature","geometry":{"type":"Point","coordinates":[135.6418353,34.7346182]},"properties":{"z":15.8}},{"type":"Feature","geometry":{"type":"Point","coordinates":[135.6418361,34.7346631]},"properties":{"z":15.8}},{"type":"Feature","geometry":{"type":"Point","coordinates":[135.6418403,34.7347079]},"properties":{"z":15.8}},{"type":"Feature","geometry":{"type":"Point","coordinates":[135.6418466,34.7347526]},"properties":{"z":15.8}},{"type":"Feature","geometry":{"type":"Point","coordinates":[135.6418539,34.7347971]},"properties":{"z":15.7}},{"type":"Feature","geometry":{"type":"Point","coordinates":[135.641861,34.7348417]},"properties":{"z":15.7}},{"type":"Feature","geometry":{"type":"Point","coordinates":[135.6418674,34.7348863]},"properties":{"z":15.7}},{"type":"Feature","geometry":{"type":"Point","coordinates":[135.6418726,34.7349311]},"properties":{"z":15.6}},{"type":"Feature","geometry":{"type":"Point","coordinates":[135.641874,34.7349759]},"properties":{"z":15.6}},{"type":"Feature","geometry":{"type":"Point","coordinates":[135.6418717,34.7350208]},"properties":{"z":15.6}},{"type":"Feature","geometry":{"type":"Point","coordinates":[135.6418698,34.7350657]},"properties":{"z":15.6}},{"type":"Feature","geometry":{"type":"Point","coordinates":[135.6418682,34.7351107]},"properties":{"z":15.6}},{"type":"Feature","geometry":{"type":"Point","coordinates":[135.641876,34.7351551]},"properties":{"z":15.6}},{"type":"Feature","geometry":{"type":"Point","coordinates":[135.6418849,34.7351994]},"properties":{"z":15.6}},{"type":"Feature","geometry":{"type":"Point","coordinates":[135.6418908,34.7352441]},"properties":{"z":15.6}},{"type":"Feature","geometry":{"type":"Point","coordinates":[135.6418954,34.7352889]},"properties":{"z":15.5}},{"type":"Feature","geometry":{"type":"Point","coordinates":[135.641897,34.7353338]},"properties":{"z":15.5}},{"type":"Feature","geometry":{"type":"Point","coordinates":[135.6418902,34.7353781]},"properties":{"z":15.5}},{"type":"Feature","geometry":{"type":"Point","coordinates":[135.6418791,34.7354221]},"properties":{"z":15.5}},{"type":"Feature","geometry":{"type":"Point","coordinates":[135.641873,34.7354668]},"properties":{"z":15.5}},{"type":"Feature","geometry":{"type":"Point","coordinates":[135.6418669,34.7355115]},"properties":{"z":15.5}},{"type":"Feature","geometry":{"type":"Point","coordinates":[135.6418607,34.7355561]},"properties":{"z":15.5}},{"type":"Feature","geometry":{"type":"Point","coordinates":[135.641844,34.7355989]},"properties":{"z":15.5}},{"type":"Feature","geometry":{"type":"Point","coordinates":[135.6418144,34.7356341]},"properties":{"z":15.2}},{"type":"Feature","geometry":{"type":"Point","coordinates":[135.6418212,34.7356444]},"properties":{"z":15.2}},{"type":"Feature","geometry":{"type":"Point","coordinates":[135.6418747,34.7356352]},"properties":{"z":15.4}},{"type":"Feature","geometry":{"type":"Point","coordinates":[135.641918,34.7356593]},"properties":{"z":15.4}},{"type":"Feature","geometry":{"type":"Point","coordinates":[135.6419452,34.7356983]},"properties":{"z":15.6}},{"type":"Feature","geometry":{"type":"Point","coordinates":[135.6419692,34.7357387]},"properties":{"z":15.6}},{"type":"Feature","geometry":{"type":"Point","coordinates":[135.641994,34.7357787]},"properties":{"z":15.6}},{"type":"Feature","geometry":{"type":"Point","coordinates":[135.6420149,34.7358202]},"properties":{"z":15.7}},{"type":"Feature","geometry":{"type":"Point","coordinates":[135.6420357,34.7358618]},"properties":{"z":15.7}},{"type":"Feature","geometry":{"type":"Point","coordinates":[135.6420589,34.7359025]},"properties":{"z":15.6}},{"type":"Feature","geometry":{"type":"Point","coordinates":[135.6420843,34.7359423]},"properties":{"z":15.6}},{"type":"Feature","geometry":{"type":"Point","coordinates":[135.64211,34.7359819]},"properties":{"z":15.7}},{"type":"Feature","geometry":{"type":"Point","coordinates":[135.6421408,34.7360191]},"properties":{"z":15.7}},{"type":"Feature","geometry":{"type":"Point","coordinates":[135.6421742,34.7360547]},"properties":{"z":15.6}},{"type":"Feature","geometry":{"type":"Point","coordinates":[135.6422012,34.7360937]},"properties":{"z":15.8}},{"type":"Feature","geometry":{"type":"Point","coordinates":[135.6422313,34.7361311]},"properties":{"z":15.7}},{"type":"Feature","geometry":{"type":"Point","coordinates":[135.6422551,34.7361715]},"properties":{"z":15.7}},{"type":"Feature","geometry":{"type":"Point","coordinates":[135.6422846,34.7362093]},"properties":{"z":15.8}},{"type":"Feature","geometry":{"type":"Point","coordinates":[135.6423159,34.7362461]},"properties":{"z":15.8}},{"type":"Feature","geometry":{"type":"Point","coordinates":[135.6423404,34.7362863]},"properties":{"z":15.8}},{"type":"Feature","geometry":{"type":"Point","coordinates":[135.6423613,34.7363278]},"properties":{"z":15.9}},{"type":"Feature","geometry":{"type":"Point","coordinates":[135.6423836,34.7363688]},"properties":{"z":15.9}},{"type":"Feature","geometry":{"type":"Point","coordinates":[135.6424083,34.736409]},"properties":{"z":15.9}},{"type":"Feature","geometry":{"type":"Point","coordinates":[135.642436,34.7364477]},"properties":{"z":15.9}},{"type":"Feature","geometry":{"type":"Point","coordinates":[135.6424624,34.7364871]},"properties":{"z":16.2}},{"type":"Feature","geometry":{"type":"Point","coordinates":[135.6424884,34.7365266]},"properties":{"z":16.2}},{"type":"Feature","geometry":{"type":"Point","coordinates":[135.6425155,34.7365657]},"properties":{"z":16.2}},{"type":"Feature","geometry":{"type":"Point","coordinates":[135.6425376,34.7366067]},"properties":{"z":16.5}},{"type":"Feature","geometry":{"type":"Point","coordinates":[135.6425571,34.7366487]},"properties":{"z":16.5}},{"type":"Feature","geometry":{"type":"Point","coordinates":[135.6425747,34.7366912]},"properties":{"z":16.5}},{"type":"Feature","geometry":{"type":"Point","coordinates":[135.6426069,34.7367272]},"properties":{"z":16.5}},{"type":"Feature","geometry":{"type":"Point","coordinates":[135.6426396,34.7367632]},"properties":{"z":16.8}},{"type":"Feature","geometry":{"type":"Point","coordinates":[135.6426691,34.736801]},"properties":{"z":16.8}},{"type":"Feature","geometry":{"type":"Point","coordinates":[135.6426957,34.7368403]},"properties":{"z":16.8}},{"type":"Feature","geometry":{"type":"Point","coordinates":[135.6427203,34.7368804]},"properties":{"z":17.1}},{"type":"Feature","geometry":{"type":"Point","coordinates":[135.6427416,34.7369218]},"properties":{"z":17.1}},{"type":"Feature","geometry":{"type":"Point","coordinates":[135.6427677,34.7369613]},"properties":{"z":17.2}},{"type":"Feature","geometry":{"type":"Point","coordinates":[135.6427941,34.7370006]},"properties":{"z":17.4}},{"type":"Feature","geometry":{"type":"Point","coordinates":[135.6428202,34.7370401]},"properties":{"z":17.5}},{"type":"Feature","geometry":{"type":"Point","coordinates":[135.6428471,34.7370793]},"properties":{"z":17.5}},{"type":"Feature","geometry":{"type":"Point","coordinates":[135.6428744,34.7371182]},"properties":{"z":17.8}},{"type":"Feature","geometry":{"type":"Point","coordinates":[135.6429021,34.737157]},"properties":{"z":17.8}},{"type":"Feature","geometry":{"type":"Point","coordinates":[135.64293,34.7371956]},"properties":{"z":17.9}},{"type":"Feature","geometry":{"type":"Point","coordinates":[135.6429578,34.7372344]},"properties":{"z":18.1}},{"type":"Feature","geometry":{"type":"Point","coordinates":[135.6429847,34.7372735]},"properties":{"z":18.2}},{"type":"Feature","geometry":{"type":"Point","coordinates":[135.6430088,34.7373138]},"properties":{"z":18.2}},{"type":"Feature","geometry":{"type":"Point","coordinates":[135.6430322,34.7373545]},"properties":{"z":18.2}},{"type":"Feature","geometry":{"type":"Point","coordinates":[135.6430541,34.7373956]},"properties":{"z":18.5}},{"type":"Feature","geometry":{"type":"Point","coordinates":[135.6430746,34.7374372]},"properties":{"z":18.5}},{"type":"Feature","geometry":{"type":"Point","coordinates":[135.6431001,34.737477]},"properties":{"z":18.6}},{"type":"Feature","geometry":{"type":"Point","coordinates":[135.6431347,34.7375095]},"properties":{"z":18.8}},{"type":"Feature","geometry":{"type":"Point","coordinates":[135.6431837,34.7374939]},"properties":{"z":18.8}},{"type":"Feature","geometry":{"type":"Point","coordinates":[135.6432373,34.7374942]},"properties":{"z":19.0}},{"type":"Feature","geometry":{"type":"Point","coordinates":[135.6432827,34.7375192]},"properties":{"z":19.0}},{"type":"Feature","geometry":{"type":"Point","coordinates":[135.643332,34.7375387]},"properties":{"z":19.1}},{"type":"Feature","geometry":{"type":"Point","coordinates":[135.6433857,34.7375452]},"properties":{"z":19.1}},{"type":"Feature","geometry":{"type":"Point","coordinates":[135.6434403,34.7375483]},"properties":{"z":19.2}},{"type":"Feature","geometry":{"type":"Point","coordinates":[135.6434949,34.7375507]},"properties":{"z":19.2}},{"type":"Feature","geometry":{"type":"Point","coordinates":[135.6435496,34.7375516]},"properties":{"z":19.2}},{"type":"Feature","geometry":{"type":"Point","coordinates":[135.6436042,34.7375503]},"properties":{"z":19.2}},{"type":"Feature","geometry":{"type":"Point","coordinates":[135.6436589,34.73755]},"properties":{"z":19.3}},{"type":"Feature","geometry":{"type":"Point","coordinates":[135.6437136,34.7375504]},"properties":{"z":19.3}},{"type":"Feature","geometry":{"type":"Point","coordinates":[135.6437683,34.7375517]},"properties":{"z":19.4}},{"type":"Feature","geometry":{"type":"Point","coordinates":[135.6438229,34.7375492]},"properties":{"z":19.4}},{"type":"Feature","geometry":{"type":"Point","coordinates":[135.6438775,34.7375467]},"properties":{"z":19.4}},{"type":"Feature","geometry":{"type":"Point","coordinates":[135.6439322,34.7375446]},"properties":{"z":19.5}},{"type":"Feature","geometry":{"type":"Point","coordinates":[135.6439868,34.7375467]},"properties":{"z":19.5}},{"type":"Feature","geometry":{"type":"Point","coordinates":[135.6440414,34.7375489]},"properties":{"z":19.6}},{"type":"Feature","geometry":{"type":"Point","coordinates":[135.6440961,34.7375484]},"properties":{"z":19.7}},{"type":"Feature","geometry":{"type":"Point","coordinates":[135.6441507,34.737547]},"properties":{"z":19.7}},{"type":"Feature","geometry":{"type":"Point","coordinates":[135.6442054,34.7375448]},"properties":{"z":19.7}},{"type":"Feature","geometry":{"type":"Point","coordinates":[135.6442601,34.737544]},"properties":{"z":19.8}},{"type":"Feature","geometry":{"type":"Point","coordinates":[135.6443147,34.737544]},"properties":{"z":19.8}},{"type":"Feature","geometry":{"type":"Point","coordinates":[135.6443693,34.7375467]},"properties":{"z":19.9}},{"type":"Feature","geometry":{"type":"Point","coordinates":[135.6444231,34.737554]},"properties":{"z":20.1}},{"type":"Feature","geometry":{"type":"Point","coordinates":[135.644476,34.7375653]},"properties":{"z":20.1}},{"type":"Feature","geometry":{"type":"Point","coordinates":[135.6445238,34.7375872]},"properties":{"z":20.4}},{"type":"Feature","geometry":{"type":"Point","coordinates":[135.6445708,34.73761]},"properties":{"z":20.7}},{"type":"Feature","geometry":{"type":"Point","coordinates":[135.6446169,34.7376343]},"properties":{"z":21.1}},{"type":"Feature","geometry":{"type":"Point","coordinates":[135.6446623,34.7376594]},"properties":{"z":21.1}},{"type":"Feature","geometry":{"type":"Point","coordinates":[135.6447076,34.7376846]},"properties":{"z":21.8}},{"type":"Feature","geometry":{"type":"Point","coordinates":[135.6447574,34.7377031]},"properties":{"z":21.8}},{"type":"Feature","geometry":{"type":"Point","coordinates":[135.6448087,34.7377183]},"properties":{"z":22.1}},{"type":"Feature","geometry":{"type":"Point","coordinates":[135.6448614,34.7377305]},"properties":{"z":22.5}},{"type":"Feature","geometry":{"type":"Point","coordinates":[135.6449155,34.737736]},"properties":{"z":22.9}},{"type":"Feature","geometry":{"type":"Point","coordinates":[135.64497,34.7377394]},"properties":{"z":23.2}},{"type":"Feature","geometry":{"type":"Point","coordinates":[135.6450247,34.7377393]},"properties":{"z":23.6}},{"type":"Feature","geometry":{"type":"Point","coordinates":[135.6450794,34.7377408]},"properties":{"z":23.6}},{"type":"Feature","geometry":{"type":"Point","coordinates":[135.645134,34.7377435]},"properties":{"z":24.0}},{"type":"Feature","geometry":{"type":"Point","coordinates":[135.6451886,34.7377463]},"properties":{"z":24.0}},{"type":"Feature","geometry":{"type":"Point","coordinates":[135.6452431,34.7377495]},"properties":{"z":24.2}},{"type":"Feature","geometry":{"type":"Point","coordinates":[135.6452976,34.7377538]},"properties":{"z":24.3}},{"type":"Feature","geometry":{"type":"Point","coordinates":[135.6453521,34.7377573]},"properties":{"z":24.3}},{"type":"Feature","geometry":{"type":"Point","coordinates":[135.6454067,34.7377601]},"properties":{"z":24.5}},{"type":"Feature","geometry":{"type":"Point","coordinates":[135.6454614,34.7377606]},"properties":{"z":24.5}},{"type":"Feature","geometry":{"type":"Point","coordinates":[135.645516,34.7377596]},"properties":{"z":24.5}},{"type":"Feature","geometry":{"type":"Point","coordinates":[135.6455705,34.7377557]},"properties":{"z":24.5}},{"type":"Feature","geometry":{"type":"Point","coordinates":[135.6456248,34.7377502]},"properties":{"z":24.5}},{"type":"Feature","geometry":{"type":"Point","coordinates":[135.645679,34.7377443]},"properties":{"z":24.5}},{"type":"Feature","geometry":{"type":"Point","coordinates":[135.6457333,34.7377386]},"properties":{"z":24.6}},{"type":"Feature","geometry":{"type":"Point","coordinates":[135.6457865,34.737728]},"properties":{"z":24.2}},{"type":"Feature","geometry":{"type":"Point","coordinates":[135.6458405,34.7377226]},"properties":{"z":24.3}},{"type":"Feature","geometry":{"type":"Point","coordinates":[135.6458944,34.7377163]},"properties":{"z":24.4}},{"type":"Feature","geometry":{"type":"Point","coordinates":[135.6459476,34.7377057]},"properties":{"z":24.4}},{"type":"Feature","geometry":{"type":"Point","coordinates":[135.6460007,34.7376951]},"properties":{"z":24.5}},{"type":"Feature","geometry":{"type":"Point","coordinates":[135.6460525,34.7376808]},"properties":{"z":24.5}},{"type":"Feature","geometry":{"type":"Point","coordinates":[135.6461065,34.7376737]},"properties":{"z":24.5}},{"type":"Feature","geometry":{"type":"Point","coordinates":[135.646161,34.7376739]},"properties":{"z":24.6}},{"type":"Feature","geometry":{"type":"Point","coordinates":[135.6462155,34.7376742]},"properties":{"z":24.6}},{"type":"Feature","geometry":{"type":"Point","coordinates":[135.6462697,34.7376687]},"properties":{"z":24.7}},{"type":"Feature","geometry":{"type":"Point","coordinates":[135.6463223,34.7376561]},"properties":{"z":24.7}},{"type":"Feature","geometry":{"type":"Point","coordinates":[135.6463764,34.7376625]},"properties":{"z":24.7}},{"type":"Feature","geometry":{"type":"Point","coordinates":[135.6464303,34.7376703]},"properties":{"z":25.1}},{"type":"Feature","geometry":{"type":"Point","coordinates":[135.6464838,34.7376796]},"properties":{"z":25.4}},{"type":"Feature","geometry":{"type":"Point","coordinates":[135.6465362,34.7376921]},"properties":{"z":25.4}},{"type":"Feature","geometry":{"type":"Point","coordinates":[135.6465845,34.7377124]},"properties":{"z":25.7}},{"type":"Feature","geometry":{"type":"Point","coordinates":[135.6466127,34.7377474]},"properties":{"z":25.9}},{"type":"Feature","geometry":{"type":"Point","coordinates":[135.6466154,34.7377917]},"properties":{"z":25.9}},{"type":"Feature","geometry":{"type":"Point","coordinates":[135.6466195,34.7378364]},"properties":{"z":26.2}},{"type":"Feature","geometry":{"type":"Point","coordinates":[135.6466249,34.7378808]},"properties":{"z":26.8}},{"type":"Feature","geometry":{"type":"Point","coordinates":[135.6466459,34.7379221]},"properties":{"z":26.8}},{"type":"Feature","geometry":{"type":"Point","coordinates":[135.6466878,34.7379497]},"properties":{"z":27.5}},{"type":"Feature","geometry":{"type":"Point","coordinates":[135.646714,34.7379872]},"properties":{"z":27.5}},{"type":"Feature","geometry":{"type":"Point","coordinates":[135.6467098,34.7380306]},"properties":{"z":28.1}},{"type":"Feature","geometry":{"type":"Point","coordinates":[135.6466976,34.7380744]},"properties":{"z":28.1}},{"type":"Feature","geometry":{"type":"Point","coordinates":[135.6466984,34.7381193]},"properties":{"z":28.7}},{"type":"Feature","geometry":{"type":"Point","coordinates":[135.6467134,34.7381625]},"properties":{"z":29.0}},{"type":"Feature","geometry":{"type":"Point","coordinates":[135.6467322,34.7382047]},"properties":{"z":29.0}},{"type":"Feature","geometry":{"type":"Point","coordinates":[135.6467459,34.7382482]},"properties":{"z":29.4}},{"type":"Feature","geometry":{"type":"Point","coordinates":[135.6467479,34.7382931]},"properties":{"z":29.4}},{"type":"Feature","geometry":{"type":"Point","coordinates":[135.6467525,34.7383379]},"properties":{"z":29.4}},{"type":"Feature","geometry":{"type":"Point","coordinates":[135.6467739,34.7383789]},"properties":{"z":29.3}},{"type":"Feature","geometry":{"type":"Point","coordinates":[135.6467853,34.7384227]},"properties":{"z":29.3}},{"type":"Feature","geometry":{"type":"Point","coordinates":[135.6467921,34.7384673]},"properties":{"z":29.3}},{"type":"Feature","geometry":{"type":"Point","coordinates":[135.6468054,34.7385108]},"properties":{"z":29.3}},{"type":"Feature","geometry":{"type":"Point","coordinates":[135.6468243,34.7385529]},"properties":{"z":29.8}},{"type":"Feature","geometry":{"type":"Point","coordinates":[135.6468435,34.738595]},"properties":{"z":30.0}},{"type":"Feature","geometry":{"type":"Point","coordinates":[135.6468931,34.7385981]},"properties":{"z":30.0}},{"type":"Feature","geometry":{"type":"Point","coordinates":[135.6469458,34.7385884]},"properties":{"z":30.7}},{"type":"Feature","geometry":{"type":"Point","coordinates":[135.647,34.7385822]},"properties":{"z":31.2}},{"type":"Feature","geometry":{"type":"Point","coordinates":[135.6470524,34.7385698]},"properties":{"z":31.3}},{"type":"Feature","geometry":{"type":"Point","coordinates":[135.647104,34.7385548]},"properties":{"z":31.9}},{"type":"Feature","geometry":{"type":"Point","coordinates":[135.6471568,34.7385431]},"properties":{"z":31.9}},{"type":"Feature","geometry":{"type":"Point","coordinates":[135.6472088,34.7385294]},"properties":{"z":32.3}},{"type":"Feature","geometry":{"type":"Point","coordinates":[135.6472581,34.73851]},"properties":{"z":32.7}},{"type":"Feature","geometry":{"type":"Point","coordinates":[135.6473063,34.7384893]},"properties":{"z":32.6}},{"type":"Feature","geometry":{"type":"Point","coordinates":[135.6473497,34.738462]},"properties":{"z":32.9}},{"type":"Feature","geometry":{"type":"Point","coordinates":[135.6473986,34.7384426]},"properties":{"z":32.9}},{"type":"Feature","geometry":{"type":"Point","coordinates":[135.647452,34.7384331]},"properties":{"z":32.6}},{"type":"Feature","geometry":{"type":"Point","coordinates":[135.6475062,34.7384274]},"properties":{"z":32.6}},{"type":"Feature","geometry":{"type":"Point","coordinates":[135.6475606,34.7384227]},"properties":{"z":32.9}},{"type":"Feature","geometry":{"type":"Point","coordinates":[135.6476149,34.7384171]},"properties":{"z":33.3}},{"type":"Feature","geometry":{"type":"Point","coordinates":[135.6476689,34.7384099]},"properties":{"z":33.3}},{"type":"Feature","geometry":{"type":"Point","coordinates":[135.6477228,34.7384023]},"properties":{"z":33.8}},{"type":"Feature","geometry":{"type":"Point","coordinates":[135.6477774,34.7384016]},"properties":{"z":34.2}},{"type":"Feature","geometry":{"type":"Point","coordinates":[135.6478321,34.7383991]},"properties":{"z":34.2}},{"type":"Feature","geometry":{"type":"Point","coordinates":[135.6478867,34.7383967]},"properties":{"z":34.6}},{"type":"Feature","geometry":{"type":"Point","coordinates":[135.6479413,34.7383939]},"properties":{"z":35.1}},{"type":"Feature","geometry":{"type":"Point","coordinates":[135.6479959,34.7383917]},"properties":{"z":35.1}},{"type":"Feature","geometry":{"type":"Point","coordinates":[135.6480505,34.7383887]},"properties":{"z":35.5}},{"type":"Feature","geometry":{"type":"Point","coordinates":[135.6481051,34.7383868]},"properties":{"z":35.5}},{"type":"Feature","geometry":{"type":"Point","coordinates":[135.6481597,34.7383838]},"properties":{"z":35.8}},{"type":"Feature","geometry":{"type":"Point","coordinates":[135.6482143,34.7383813]},"properties":{"z":36.2}},{"type":"Feature","geometry":{"type":"Point","coordinates":[135.6482689,34.7383798]},"properties":{"z":36.2}},{"type":"Feature","geometry":{"type":"Point","coordinates":[135.6483235,34.7383772]},"properties":{"z":36.6}},{"type":"Feature","geometry":{"type":"Point","coordinates":[135.6483782,34.7383772]},"properties":{"z":36.9}},{"type":"Feature","geometry":{"type":"Point","coordinates":[135.6484329,34.7383787]},"properties":{"z":36.9}},{"type":"Feature","geometry":{"type":"Point","coordinates":[135.6484874,34.738382]},"properties":{"z":37.3}},{"type":"Feature","geometry":{"type":"Point","coordinates":[135.6485412,34.7383902]},"properties":{"z":37.6}},{"type":"Feature","geometry":{"type":"Point","coordinates":[135.6485936,34.7384027]},"properties":{"z":37.6}},{"type":"Feature","geometry":{"type":"Point","coordinates":[135.6486481,34.7384067]},"properties":{"z":37.9}},{"type":"Feature","geometry":{"type":"Point","coordinates":[135.6487024,34.7384108]},"properties":{"z":37.9}},{"type":"Feature","geometry":{"type":"Point","coordinates":[135.6487562,34.7384189]},"properties":{"z":38.2}},{"type":"Feature","geometry":{"type":"Point","coordinates":[135.6488106,34.7384217]},"properties":{"z":38.6}},{"type":"Feature","geometry":{"type":"Point","coordinates":[135.6488653,34.7384221]},"properties":{"z":38.6}},{"type":"Feature","geometry":{"type":"Point","coordinates":[135.6489195,34.7384285]},"properties":{"z":39.3}},{"type":"Feature","geometry":{"type":"Point","coordinates":[135.6489739,34.7384327]},"properties":{"z":40.1}},{"type":"Feature","geometry":{"type":"Point","coordinates":[135.6490286,34.7384333]},"properties":{"z":40.1}},{"type":"Feature","geometry":{"type":"Point","coordinates":[135.649083,34.7384367]},"properties":{"z":40.8}},{"type":"Feature","geometry":{"type":"Point","coordinates":[135.6491373,34.7384424]},"properties":{"z":40.9}},{"type":"Feature","geometry":{"type":"Point","coordinates":[135.6491912,34.7384499]},"properties":{"z":41.6}},{"type":"Feature","geometry":{"type":"Point","coordinates":[135.6492454,34.7384558]},"properties":{"z":42.4}},{"type":"Feature","geometry":{"type":"Point","coordinates":[135.6492997,34.738452]},"properties":{"z":42.4}},{"type":"Feature","geometry":{"type":"Point","coordinates":[135.6493544,34.7384531]},"properties":{"z":42.9}},{"type":"Feature","geometry":{"type":"Point","coordinates":[135.6494086,34.7384587]},"properties":{"z":43.4}},{"type":"Feature","geometry":{"type":"Point","coordinates":[135.6494631,34.7384622]},"properties":{"z":43.4}},{"type":"Feature","geometry":{"type":"Point","coordinates":[135.6495162,34.7384723]},"properties":{"z":43.9}},{"type":"Feature","geometry":{"type":"Point","coordinates":[135.6495693,34.738482]},"properties":{"z":44.3}},{"type":"Feature","geometry":{"type":"Point","coordinates":[135.6496235,34.7384882]},"properties":{"z":44.3}},{"type":"Feature","geometry":{"type":"Point","coordinates":[135.6496781,34.7384885]},"properties":{"z":44.7}},{"type":"Feature","geometry":{"type":"Point","coordinates":[135.6497326,34.7384879]},"properties":{"z":44.7}},{"type":"Feature","geometry":{"type":"Point","coordinates":[135.6497868,34.7384869]},"properties":{"z":45.0}},{"type":"Feature","geometry":{"type":"Point","coordinates":[135.6498408,34.7384796]},"properties":{"z":45.2}},{"type":"Feature","geometry":{"type":"Point","coordinates":[135.6498947,34.7384829]},"properties":{"z":45.2}},{"type":"Feature","geometry":{"type":"Point","coordinates":[135.6499484,34.7384742]},"properties":{"z":45.4}},{"type":"Feature","geometry":{"type":"Point","coordinates":[135.6500005,34.7384807]},"properties":{"z":45.5}},{"type":"Feature","geometry":{"type":"Point","coordinates":[135.6500541,34.7384871]},"properties":{"z":45.5}},{"type":"Feature","geometry":{"type":"Point","coordinates":[135.6501087,34.738489]},"properties":{"z":45.8}},{"type":"Feature","geometry":{"type":"Point","coordinates":[135.6501634,34.738488]},"properties":{"z":45.8}},{"type":"Feature","geometry":{"type":"Point","coordinates":[135.650218,34.7384852]},"properties":{"z":46.0}},{"type":"Feature","geometry":{"type":"Point","coordinates":[135.6502725,34.7384816]},"properties":{"z":46.3}},{"type":"Feature","geometry":{"type":"Point","coordinates":[135.650327,34.7384835]},"properties":{"z":46.3}},{"type":"Feature","geometry":{"type":"Point","coordinates":[135.6503813,34.738488]},"properties":{"z":46.7}},{"type":"Feature","geometry":{"type":"Point","coordinates":[135.6504358,34.7384909]},"properties":{"z":47.3}},{"type":"Feature","geometry":{"type":"Point","coordinates":[135.6504903,34.7384937]},"properties":{"z":47.3}},{"type":"Feature","geometry":{"type":"Point","coordinates":[135.650544,34.7385009]},"properties":{"z":48.0}},{"type":"Feature","geometry":{"type":"Point","coordinates":[135.6505981,34.7385064]},"properties":{"z":48.9}},{"type":"Feature","geometry":{"type":"Point","coordinates":[135.6506527,34.7385088]},"properties":{"z":48.9}},{"type":"Feature","geometry":{"type":"Point","coordinates":[135.6507065,34.7385162]},"properties":{"z":49.8}},{"type":"Feature","geometry":{"type":"Point","coordinates":[135.6507605,34.7385233]},"properties":{"z":49.8}},{"type":"Feature","geometry":{"type":"Point","coordinates":[135.6508127,34.7385363]},"properties":{"z":50.7}},{"type":"Feature","geometry":{"type":"Point","coordinates":[135.6508653,34.7385487]},"properties":{"z":51.7}},{"type":"Feature","geometry":{"type":"Point","coordinates":[135.6509127,34.7385701]},"properties":{"z":51.7}},{"type":"Feature","geometry":{"type":"Point","coordinates":[135.6509503,34.7386027]},"properties":{"z":52.6}},{"type":"Feature","geometry":{"type":"Point","coordinates":[135.6509792,34.7386401]},"properties":{"z":52.6}},{"type":"Feature","geometry":{"type":"Point","coordinates":[135.6509798,34.7386846]},"properties":{"z":52.9}},{"type":"Feature","geometry":{"type":"Point","coordinates":[135.6509664,34.7387281]},"properties":{"z":53.2}},{"type":"Feature","geometry":{"type":"Point","coordinates":[135.6509569,34.7387723]},"properties":{"z":53.2}},{"type":"Feature","geometry":{"type":"Point","coordinates":[135.6509401,34.7388151]},"properties":{"z":53.5}},{"type":"Feature","geometry":{"type":"Point","coordinates":[135.6509193,34.7388566]},"properties":{"z":52.6}},{"type":"Feature","geometry":{"type":"Point","coordinates":[135.650904,34.7388998]},"properties":{"z":52.9}},{"type":"Feature","geometry":{"type":"Point","coordinates":[135.6508942,34.7389439]},"properties":{"z":53.0}},{"type":"Feature","geometry":{"type":"Point","coordinates":[135.6509083,34.7389855]},"properties":{"z":53.0}},{"type":"Feature","geometry":{"type":"Point","coordinates":[135.6509544,34.7390024]},"properties":{"z":53.7}},{"type":"Feature","geometry":{"type":"Point","coordinates":[135.6510049,34.73899]},"properties":{"z":53.7}},{"type":"Feature","geometry":{"type":"Point","coordinates":[135.6510443,34.7389589]},"properties":{"z":54.3}},{"type":"Feature","geometry":{"type":"Point","coordinates":[135.6510854,34.7389293]},"properties":{"z":54.4}},{"type":"Feature","geometry":{"type":"Point","coordinates":[135.6511185,34.7388935]},"properties":{"z":55.1}},{"type":"Feature","geometry":{"type":"Point","coordinates":[135.6511396,34.7388529]},"properties":{"z":55.2}},{"type":"Feature","geometry":{"type":"Point","coordinates":[135.6511581,34.7388108]},"properties":{"z":55.2}},{"type":"Feature","geometry":{"type":"Point","coordinates":[135.6511702,34.7387671]},"properties":{"z":55.0}},{"type":"Feature","geometry":{"type":"Point","coordinates":[135.6511787,34.7387228]},"properties":{"z":55.0}},{"type":"Feature","geometry":{"type":"Point","coordinates":[135.6511909,34.7386793]},"properties":{"z":54.8}},{"type":"Feature","geometry":{"type":"Point","coordinates":[135.6512188,34.7386411]},"properties":{"z":55.6}},{"type":"Feature","geometry":{"type":"Point","coordinates":[135.6512387,34.7385992]},"properties":{"z":55.6}},{"type":"Feature","geometry":{"type":"Point","coordinates":[135.6512633,34.7385592]},"properties":{"z":55.7}},{"type":"Feature","geometry":{"type":"Point","coordinates":[135.6513061,34.7385328]},"properties":{"z":56.8}},{"type":"Feature","geometry":{"type":"Point","coordinates":[135.6513601,34.7385296]},"properties":{"z":56.8}},{"type":"Feature","geometry":{"type":"Point","coordinates":[135.6514144,34.7385348]},"properties":{"z":58.0}},{"type":"Feature","geometry":{"type":"Point","coordinates":[135.6514688,34.738539]},"properties":{"z":59.0}},{"type":"Feature","geometry":{"type":"Point","coordinates":[135.6515231,34.7385432]},"properties":{"z":59.0}},{"type":"Feature","geometry":{"type":"Point","coordinates":[135.6515777,34.738543]},"properties":{"z":59.7}},{"type":"Feature","geometry":{"type":"Point","coordinates":[135.6516322,34.7385466]},"properties":{"z":60.6}},{"type":"Feature","geometry":{"type":"Point","coordinates":[135.6516868,34.7385492]},"properties":{"z":60.6}},{"type":"Feature","geometry":{"type":"Point","coordinates":[135.6517352,34.7385677]},"properties":{"z":61.5}},{"type":"Feature","geometry":{"type":"Point","coordinates":[135.6517866,34.7385755]},"properties":{"z":61.5}},{"type":"Feature","geometry":{"type":"Point","coordinates":[135.6518407,34.7385768]},"properties":{"z":62.5}},{"type":"Feature","geometry":{"type":"Point","coordinates":[135.6518951,34.7385769]},"properties":{"z":63.1}},{"type":"Feature","geometry":{"type":"Point","coordinates":[135.6519489,34.738571]},"properties":{"z":63.1}},{"type":"Feature","geometry":{"type":"Point","coordinates":[135.6520031,34.7385771]},"properties":{"z":63.4}},{"type":"Feature","geometry":{"type":"Point","coordinates":[135.6520573,34.7385732]},"properties":{"z":63.5}},{"type":"Feature","geometry":{"type":"Point","coordinates":[135.6521119,34.7385753]},"properties":{"z":63.5}},{"type":"Feature","geometry":{"type":"Point","coordinates":[135.6521658,34.7385796]},"properties":{"z":63.5}},{"type":"Feature","geometry":{"type":"Point","coordinates":[135.6522193,34.7385815]},"properties":{"z":62.3}},{"type":"Feature","geometry":{"type":"Point","coordinates":[135.6522737,34.7385778]},"properties":{"z":63.5}},{"type":"Feature","geometry":{"type":"Point","coordinates":[135.6523276,34.7385704]},"properties":{"z":63.6}},{"type":"Feature","geometry":{"type":"Point","coordinates":[135.6523814,34.7385736]},"properties":{"z":63.6}},{"type":"Feature","geometry":{"type":"Point","coordinates":[135.6524347,34.7385825]},"properties":{"z":62.7}},{"type":"Feature","geometry":{"type":"Point","coordinates":[135.6524889,34.7385763]},"properties":{"z":63.8}},{"type":"Feature","geometry":{"type":"Point","coordinates":[135.6525434,34.7385777]},"properties":{"z":63.8}},{"type":"Feature","geometry":{"type":"Point","coordinates":[135.6525981,34.738577]},"properties":{"z":63.8}},{"type":"Feature","geometry":{"type":"Point","coordinates":[135.6526527,34.7385791]},"properties":{"z":63.8}},{"type":"Feature","geometry":{"type":"Point","coordinates":[135.6527074,34.7385796]},"properties":{"z":64.9}},{"type":"Feature","geometry":{"type":"Point","coordinates":[135.6527593,34.7385904]},"properties":{"z":66.1}},{"type":"Feature","geometry":{"type":"Point","coordinates":[135.6528123,34.7385945]},"properties":{"z":66.1}},{"type":"Feature","geometry":{"type":"Point","coordinates":[135.6528662,34.7385899]},"properties":{"z":68.1}},{"type":"Feature","geometry":{"type":"Point","coordinates":[135.6529205,34.7385933]},"properties":{"z":69.7}},{"type":"Feature","geometry":{"type":"Point","coordinates":[135.6529743,34.7386009]},"properties":{"z":69.7}},{"type":"Feature","geometry":{"type":"Point","coordinates":[135.653028,34.7385923]},"properties":{"z":70.1}},{"type":"Feature","geometry":{"type":"Point","coordinates":[135.6530798,34.7385788]},"properties":{"z":71.1}},{"type":"Feature","geometry":{"type":"Point","coordinates":[135.6531334,34.7385825]},"properties":{"z":70.5}},{"type":"Feature","geometry":{"type":"Point","coordinates":[135.6531874,34.7385888]},"properties":{"z":71.0}},{"type":"Feature","geometry":{"type":"Point","coordinates":[135.6532421,34.7385886]},"properties":{"z":71.0}},{"type":"Feature","geometry":{"type":"Point","coordinates":[135.6532964,34.738593]},"properties":{"z":72.3}},{"type":"Feature","geometry":{"type":"Point","coordinates":[135.6533505,34.7385994]},"properties":{"z":74.9}},{"type":"Feature","geometry":{"type":"Point","coordinates":[135.6534051,34.7385991]},"properties":{"z":74.9}},{"type":"Feature","geometry":{"type":"Point","coordinates":[135.6534581,34.7386099]},"properties":{"z":76.4}},{"type":"Feature","geometry":{"type":"Point","coordinates":[135.6535124,34.7386134]},"properties":{"z":76.4}},{"type":"Feature","geometry":{"type":"Point","coordinates":[135.6535666,34.7386181]},"properties":{"z":76.9}},{"type":"Feature","geometry":{"type":"Point","coordinates":[135.6536205,34.7386244]},"properties":{"z":76.9}},{"type":"Feature","geometry":{"type":"Point","coordinates":[135.6536752,34.7386236]},"properties":{"z":76.9}},{"type":"Feature","geometry":{"type":"Point","coordinates":[135.6537293,34.7386232]},"properties":{"z":76.9}},{"type":"Feature","geometry":{"type":"Point","coordinates":[135.6537808,34.7386367]},"properties":{"z":77.0}},{"type":"Feature","geometry":{"type":"Point","coordinates":[135.6538352,34.7386321]},"properties":{"z":77.0}},{"type":"Feature","geometry":{"type":"Point","coordinates":[135.6538879,34.7386274]},"properties":{"z":77.0}},{"type":"Feature","geometry":{"type":"Point","coordinates":[135.6539349,34.7386495]},"properties":{"z":77.0}},{"type":"Feature","geometry":{"type":"Point","coordinates":[135.6539886,34.7386573]},"properties":{"z":75.6}},{"type":"Feature","geometry":{"type":"Point","coordinates":[135.6540427,34.7386637]},"properties":{"z":75.6}},{"type":"Feature","geometry":{"type":"Point","coordinates":[135.6540966,34.7386712]},"properties":{"z":75.6}},{"type":"Feature","geometry":{"type":"Point","coordinates":[135.6541512,34.738669]},"properties":{"z":75.8}},{"type":"Feature","geometry":{"type":"Point","coordinates":[135.6542018,34.7386827]},"properties":{"z":77.4}},{"type":"Feature","geometry":{"type":"Point","coordinates":[135.6542559,34.738684]},"properties":{"z":77.4}},{"type":"Feature","geometry":{"type":"Point","coordinates":[135.6543089,34.7386732]},"properties":{"z":79.1}},{"type":"Feature","geometry":{"type":"Point","coordinates":[135.6543633,34.7386687]},"properties":{"z":79.1}},{"type":"Feature","geometry":{"type":"Point","coordinates":[135.6544113,34.7386883]},"properties":{"z":80.7}},{"type":"Feature","geometry":{"type":"Point","coordinates":[135.654462,34.7386985]},"properties":{"z":81.8}},{"type":"Feature","geometry":{"type":"Point","coordinates":[135.6545148,34.738688]},"properties":{"z":81.8}},{"type":"Feature","geometry":{"type":"Point","coordinates":[135.6545678,34.7386932]},"properties":{"z":82.5}},{"type":"Feature","geometry":{"type":"Point","coordinates":[135.6546194,34.7387082]},"properties":{"z":82.5}},{"type":"Feature","geometry":{"type":"Point","coordinates":[135.6546726,34.7387188]},"properties":{"z":83.2}},{"type":"Feature","geometry":{"type":"Point","coordinates":[135.6547256,34.7387299]},"properties":{"z":82.6}},{"type":"Feature","geometry":{"type":"Point","coordinates":[135.65478,34.7387326]},"properties":{"z":82.6}},{"type":"Feature","geometry":{"type":"Point","coordinates":[135.6548346,34.7387341]},"properties":{"z":83.1}},{"type":"Feature","geometry":{"type":"Point","coordinates":[135.6548873,34.7387457]},"properties":{"z":83.1}},{"type":"Feature","geometry":{"type":"Point","coordinates":[135.6549414,34.7387516]},"properties":{"z":83.5}},{"type":"Feature","geometry":{"type":"Point","coordinates":[135.6549959,34.7387553]},"properties":{"z":84.0}},{"type":"Feature","geometry":{"type":"Point","coordinates":[135.6550492,34.738765]},"properties":{"z":84.0}},{"type":"Feature","geometry":{"type":"Point","coordinates":[135.6551035,34.7387693]},"properties":{"z":84.4}},{"type":"Feature","geometry":{"type":"Point","coordinates":[135.6551581,34.738771]},"properties":{"z":84.8}},{"type":"Feature","geometry":{"type":"Point","coordinates":[135.6552122,34.7387686]},"properties":{"z":84.8}},{"type":"Feature","geometry":{"type":"Point","coordinates":[135.6552666,34.7387723]},"properties":{"z":85.1}},{"type":"Feature","geometry":{"type":"Point","coordinates":[135.6553203,34.7387687]},"properties":{"z":85.4}},{"type":"Feature","geometry":{"type":"Point","coordinates":[135.6553732,34.738775]},"properties":{"z":85.4}},{"type":"Feature","geometry":{"type":"Point","coordinates":[135.6554266,34.7387846]},"properties":{"z":86.0}},{"type":"Feature","geometry":{"type":"Point","coordinates":[135.6554806,34.738791]},"properties":{"z":86.0}},{"type":"Feature","geometry":{"type":"Point","coordinates":[135.6555333,34.7388018]},"properties":{"z":86.7}},{"type":"Feature","geometry":{"type":"Point","coordinates":[135.6555874,34.7387979]},"properties":{"z":88.1}},{"type":"Feature","geometry":{"type":"Point","coordinates":[135.6556416,34.7387932]},"properties":{"z":88.1}},{"type":"Feature","geometry":{"type":"Point","coordinates":[135.655696,34.7387887]},"properties":{"z":89.7}},{"type":"Feature","geometry":{"type":"Point","coordinates":[135.65575,34.738782]},"properties":{"z":90.4}},{"type":"Feature","geometry":{"type":"Point","coordinates":[135.655804,34.738775]},"properties":{"z":90.4}},{"type":"Feature","geometry":{"type":"Point","coordinates":[135.6558574,34.7387663]},"properties":{"z":90.7}},{"type":"Feature","geometry":{"type":"Point","coordinates":[135.6559111,34.7387595]},"properties":{"z":90.7}},{"type":"Feature","geometry":{"type":"Point","coordinates":[135.6559637,34.7387471]},"properties":{"z":90.7}},{"type":"Feature","geometry":{"type":"Point","coordinates":[135.6560153,34.7387323]},"properties":{"z":90.7}},{"type":"Feature","geometry":{"type":"Point","coordinates":[135.6560688,34.7387306]},"properties":{"z":90.7}},{"type":"Feature","geometry":{"type":"Point","coordinates":[135.6561218,34.7387197]},"properties":{"z":92.2}},{"type":"Feature","geometry":{"type":"Point","coordinates":[135.6561733,34.7387045]},"properties":{"z":92.2}},{"type":"Feature","geometry":{"type":"Point","coordinates":[135.6562247,34.7386894]},"properties":{"z":92.5}},{"type":"Feature","geometry":{"type":"Point","coordinates":[135.6562746,34.7386709]},"properties":{"z":92.9}},{"type":"Feature","geometry":{"type":"Point","coordinates":[135.656326,34.7386556]},"properties":{"z":92.9}},{"type":"Feature","geometry":{"type":"Point","coordinates":[135.6563772,34.7386404]},"properties":{"z":94.2}},{"type":"Feature","geometry":{"type":"Point","coordinates":[135.6564265,34.7386219]},"properties":{"z":94.2}},{"type":"Feature","geometry":{"type":"Point","coordinates":[135.6564778,34.738607]},"properties":{"z":94.6}},{"type":"Feature","geometry":{"type":"Point","coordinates":[135.6565308,34.7385961]},"properties":{"z":95.3}},{"type":"Feature","geometry":{"type":"Point","coordinates":[135.6565815,34.7385792]},"properties":{"z":96.7}},{"type":"Feature","geometry":{"type":"Point","coordinates":[135.6566328,34.7385637]},"properties":{"z":97.5}},{"type":"Feature","geometry":{"type":"Point","coordinates":[135.6566818,34.738544]},"properties":{"z":97.5}},{"type":"Feature","geometry":{"type":"Point","coordinates":[135.6567314,34.738525]},"properties":{"z":98.2}},{"type":"Feature","geometry":{"type":"Point","coordinates":[135.6567839,34.7385132]},"properties":{"z":98.7}},{"type":"Feature","geometry":{"type":"Point","coordinates":[135.6568377,34.7385053]},"properties":{"z":99.7}},{"type":"Feature","geometry":{"type":"Point","coordinates":[135.6568922,34.7385024]},"properties":{"z":99.9}},{"type":"Feature","geometry":{"type":"Point","coordinates":[135.6569432,34.7384904]},"properties":{"z":99.9}},{"type":"Feature","geometry":{"type":"Point","coordinates":[135.6569956,34.7384886]},"properties":{"z":100.0}},{"type":"Feature","geometry":{"type":"Point","coordinates":[135.6570479,34.7385007]},"properties":{"z":100.1}},{"type":"Feature","geometry":{"type":"Point","coordinates":[135.6571024,34.7385003]},"properties":{"z":100.1}},{"type":"Feature","geometry":{"type":"Point","coordinates":[135.6571568,34.7384966]},"properties":{"z":100.3}},{"type":"Feature","geometry":{"type":"Point","coordinates":[135.6572104,34.7385038]},"properties":{"z":100.4}},{"type":"Feature","geometry":{"type":"Point","coordinates":[135.6572609,34.7385212]},"properties":{"z":100.3}},{"type":"Feature","geometry":{"type":"Point","coordinates":[135.6573089,34.7385426]},"properties":{"z":100.4}},{"type":"Feature","geometry":{"type":"Point","coordinates":[135.6573509,34.7385713]},"properties":{"z":100.4}},{"type":"Feature","geometry":{"type":"Point","coordinates":[135.6573925,34.7386005]},"properties":{"z":100.5}},{"type":"Feature","geometry":{"type":"Point","coordinates":[135.6574388,34.7386243]},"properties":{"z":100.5}},{"type":"Feature","geometry":{"type":"Point","coordinates":[135.6574841,34.7386495]},"properties":{"z":100.9}},{"type":"Feature","geometry":{"type":"Point","coordinates":[135.6575237,34.7386805]},"properties":{"z":100.7}},{"type":"Feature","geometry":{"type":"Point","coordinates":[135.6575665,34.7387083]},"properties":{"z":101.3}},{"type":"Feature","geometry":{"type":"Point","coordinates":[135.6576072,34.7387383]},"properties":{"z":101.7}},{"type":"Feature","geometry":{"type":"Point","coordinates":[135.6576484,34.7387675]},"properties":{"z":102.2}},{"type":"Feature","geometry":{"type":"Point","coordinates":[135.6576713,34.7388076]},"properties":{"z":102.9}},{"type":"Feature","geometry":{"type":"Point","coordinates":[135.6576883,34.7388503]},"properties":{"z":102.9}},{"type":"Feature","geometry":{"type":"Point","coordinates":[135.6577094,34.7388901]},"properties":{"z":103.6}},{"type":"Feature","geometry":{"type":"Point","coordinates":[135.6577596,34.7389029]},"properties":{"z":104.1}},{"type":"Feature","geometry":{"type":"Point","coordinates":[135.657812,34.738905]},"properties":{"z":104.5}},{"type":"Feature","geometry":{"type":"Point","coordinates":[135.6578621,34.73891]},"properties":{"z":104.5}},{"type":"Feature","geometry":{"type":"Point","coordinates":[135.6579038,34.7389388]},"properties":{"z":105.8}},{"type":"Feature","geometry":{"type":"Point","coordinates":[135.6579493,34.7389635]},"properties":{"z":105.8}},{"type":"Feature","geometry":{"type":"Point","coordinates":[135.6580013,34.7389763]},"properties":{"z":106.4}},{"type":"Feature","geometry":{"type":"Point","coordinates":[135.6580546,34.7389861]},"properties":{"z":106.4}},{"type":"Feature","geometry":{"type":"Point","coordinates":[135.6581087,34.7389845]},"properties":{"z":107.0}},{"type":"Feature","geometry":{"type":"Point","coordinates":[135.6581634,34.7389859]},"properties":{"z":107.6}},{"type":"Feature","geometry":{"type":"Point","coordinates":[135.6582175,34.73898]},"properties":{"z":107.6}},{"type":"Feature","geometry":{"type":"Point","coordinates":[135.658272,34.7389767]},"properties":{"z":108.2}},{"type":"Feature","geometry":{"type":"Point","coordinates":[135.6583261,34.7389724]},"properties":{"z":109.2}},{"type":"Feature","geometry":{"type":"Point","coordinates":[135.6583798,34.7389639]},"properties":{"z":109.2}},{"type":"Feature","geometry":{"type":"Point","coordinates":[135.6584331,34.7389546]},"properties":{"z":110.2}},{"type":"Feature","geometry":{"type":"Point","coordinates":[135.6584863,34.7389449]},"properties":{"z":110.2}},{"type":"Feature","geometry":{"type":"Point","coordinates":[135.6585382,34.7389324]},"properties":{"z":111.5}},{"type":"Feature","geometry":{"type":"Point","coordinates":[135.658585,34.7389092]},"properties":{"z":113.2}},{"type":"Feature","geometry":{"type":"Point","coordinates":[135.6586318,34.7388861]},"properties":{"z":113.2}},{"type":"Feature","geometry":{"type":"Point","coordinates":[135.6586774,34.7388612]},"properties":{"z":113.9}},{"type":"Feature","geometry":{"type":"Point","coordinates":[135.6587224,34.7388357]},"properties":{"z":113.9}},{"type":"Feature","geometry":{"type":"Point","coordinates":[135.6587647,34.7388072]},"properties":{"z":114.6}},{"type":"Feature","geometry":{"type":"Point","coordinates":[135.6588054,34.7387773]},"properties":{"z":113.3}},{"type":"Feature","geometry":{"type":"Point","coordinates":[135.6588565,34.7387633]},"properties":{"z":114.1}},{"type":"Feature","geometry":{"type":"Point","coordinates":[135.658907,34.7387482]},"properties":{"z":114.1}},{"type":"Feature","geometry":{"type":"Point","coordinates":[135.6589457,34.7387164]},"properties":{"z":114.1}},{"type":"Feature","geometry":{"type":"Point","coordinates":[135.6589837,34.7386843]},"properties":{"z":114.1}},{"type":"Feature","geometry":{"type":"Point","coordinates":[135.6590298,34.7386602]},"properties":{"z":115.1}},{"type":"Feature","geometry":{"type":"Point","coordinates":[135.659076,34.7386365]},"properties":{"z":113.9}},{"type":"Feature","geometry":{"type":"Point","coordinates":[135.6591216,34.7386118]},"properties":{"z":114.6}},{"type":"Feature","geometry":{"type":"Point","coordinates":[135.659171,34.7385927]},"properties":{"z":114.6}},{"type":"Feature","geometry":{"type":"Point","coordinates":[135.6592205,34.7385738]},"properties":{"z":114.1}},{"type":"Feature","geometry":{"type":"Point","coordinates":[135.6592738,34.7385661]},"properties":{"z":114.8}},{"type":"Feature","geometry":{"type":"Point","coordinates":[135.6593262,34.7385532]},"properties":{"z":114.8}},{"type":"Feature","geometry":{"type":"Point","coordinates":[135.6593789,34.7385414]},"properties":{"z":115.5}},{"type":"Feature","geometry":{"type":"Point","coordinates":[135.6594323,34.7385325]},"properties":{"z":115.5}},{"type":"Feature","geometry":{"type":"Point","coordinates":[135.659487,34.7385308]},"properties":{"z":116.4}},{"type":"Feature","geometry":{"type":"Point","coordinates":[135.6595413,34.738532]},"properties":{"z":117.2}},{"type":"Feature","geometry":{"type":"Point","coordinates":[135.6595955,34.7385259]},"properties":{"z":117.2}},{"type":"Feature","geometry":{"type":"Point","coordinates":[135.6596496,34.7385247]},"properties":{"z":117.9}},{"type":"Feature","geometry":{"type":"Point","coordinates":[135.6597029,34.7385145]},"properties":{"z":118.7}},{"type":"Feature","geometry":{"type":"Point","coordinates":[135.6597573,34.7385102]},"properties":{"z":118.7}},{"type":"Feature","geometry":{"type":"Point","coordinates":[135.6598109,34.7385019]},"properties":{"z":118.9}},{"type":"Feature","geometry":{"type":"Point","coordinates":[135.6598652,34.7384963]},"properties":{"z":118.9}},{"type":"Feature","geometry":{"type":"Point","coordinates":[135.6599195,34.7384912]},"properties":{"z":120.3}},{"type":"Feature","geometry":{"type":"Point","coordinates":[135.6599739,34.7384876]},"properties":{"z":121.8}},{"type":"Feature","geometry":{"type":"Point","coordinates":[135.6600282,34.7384823]},"properties":{"z":121.8}},{"type":"Feature","geometry":{"type":"Point","coordinates":[135.6600822,34.7384761]},"properties":{"z":123.1}},{"type":"Feature","geometry":{"type":"Point","coordinates":[135.6601368,34.7384733]},"properties":{"z":123.6}},{"type":"Feature","geometry":{"type":"Point","coordinates":[135.6601906,34.7384657]},"properties":{"z":123.6}},{"type":"Feature","geometry":{"type":"Point","coordinates":[135.660245,34.7384612]},"properties":{"z":124.1}},{"type":"Feature","geometry":{"type":"Point","coordinates":[135.6602988,34.7384532]},"properties":{"z":124.7}},{"type":"Feature","geometry":{"type":"Point","coordinates":[135.6603527,34.7384566]},"properties":{"z":124.7}},{"type":"Feature","geometry":{"type":"Point","coordinates":[135.6604066,34.7384499]},"properties":{"z":125.2}},{"type":"Feature","geometry":{"type":"Point","coordinates":[135.6604607,34.7384473]},"properties":{"z":125.2}},{"type":"Feature","geometry":{"type":"Point","coordinates":[135.6605146,34.7384547]},"properties":{"z":125.5}},{"type":"Feature","geometry":{"type":"Point","coordinates":[135.6605693,34.7384557]},"properties":{"z":125.9}},{"type":"Feature","geometry":{"type":"Point","coordinates":[135.6606234,34.7384495]},"properties":{"z":125.9}},{"type":"Feature","geometry":{"type":"Point","coordinates":[135.6606777,34.7384497]},"properties":{"z":126.2}},{"type":"Feature","geometry":{"type":"Point","coordinates":[135.6607321,34.7384498]},"properties":{"z":126.5}},{"type":"Feature","geometry":{"type":"Point","coordinates":[135.6607864,34.7384449]},"properties":{"z":126.5}},{"type":"Feature","geometry":{"type":"Point","coordinates":[135.6608411,34.7384449]},"properties":{"z":127.0}},{"type":"Feature","geometry":{"type":"Point","coordinates":[135.6608946,34.7384373]},"properties":{"z":126.5}},{"type":"Feature","geometry":{"type":"Point","coordinates":[135.6609489,34.7384404]},"properties":{"z":127.6}},{"type":"Feature","geometry":{"type":"Point","coordinates":[135.6610033,34.7384371]},"properties":{"z":128.7}},{"type":"Feature","geometry":{"type":"Point","coordinates":[135.6610576,34.7384423]},"properties":{"z":128.8}},{"type":"Feature","geometry":{"type":"Point","coordinates":[135.661111,34.7384393]},"properties":{"z":129.9}},{"type":"Feature","geometry":{"type":"Point","coordinates":[135.6611645,34.7384486]},"properties":{"z":130.9}},{"type":"Feature","geometry":{"type":"Point","coordinates":[135.6612188,34.7384505]},"properties":{"z":130.9}},{"type":"Feature","geometry":{"type":"Point","coordinates":[135.6612732,34.7384504]},"properties":{"z":131.8}},{"type":"Feature","geometry":{"type":"Point","coordinates":[135.6613275,34.7384559]},"properties":{"z":132.7}},{"type":"Feature","geometry":{"type":"Point","coordinates":[135.6613816,34.7384605]},"properties":{"z":132.7}},{"type":"Feature","geometry":{"type":"Point","coordinates":[135.6614362,34.7384632]},"properties":{"z":132.8}},{"type":"Feature","geometry":{"type":"Point","coordinates":[135.66149,34.7384711]},"properties":{"z":132.8}},{"type":"Feature","geometry":{"type":"Point","coordinates":[135.6615444,34.7384731]},"properties":{"z":132.8}},{"type":"Feature","geometry":{"type":"Point","coordinates":[135.6615985,34.7384802]},"properties":{"z":133.2}},{"type":"Feature","geometry":{"type":"Point","coordinates":[135.6616524,34.7384869]},"properties":{"z":133.2}},{"type":"Feature","geometry":{"type":"Point","coordinates":[135.6617053,34.7384962]},"properties":{"z":133.9}},{"type":"Feature","geometry":{"type":"Point","coordinates":[135.6617584,34.7385069]},"properties":{"z":134.7}},{"type":"Feature","geometry":{"type":"Point","coordinates":[135.6618122,34.7385119]},"properties":{"z":135.6}},{"type":"Feature","geometry":{"type":"Point","coordinates":[135.6618653,34.7385225]},"properties":{"z":136.1}},{"type":"Feature","geometry":{"type":"Point","coordinates":[135.6619191,34.7385308]},"properties":{"z":136.1}},{"type":"Feature","geometry":{"type":"Point","coordinates":[135.6619716,34.7385433]},"properties":{"z":136.6}},{"type":"Feature","geometry":{"type":"Point","coordinates":[135.6620257,34.7385487]},"properties":{"z":137.2}},{"type":"Feature","geometry":{"type":"Point","coordinates":[135.6620795,34.7385536]},"properties":{"z":137.2}},{"type":"Feature","geometry":{"type":"Point","coordinates":[135.6621341,34.7385563]},"properties":{"z":137.7}},{"type":"Feature","geometry":{"type":"Point","coordinates":[135.6621879,34.738563]},"properties":{"z":138.0}},{"type":"Feature","geometry":{"type":"Point","coordinates":[135.6622419,34.7385693]},"properties":{"z":138.0}},{"type":"Feature","geometry":{"type":"Point","coordinates":[135.6622956,34.7385777]},"properties":{"z":138.2}},{"type":"Feature","geometry":{"type":"Point","coordinates":[135.6623482,34.7385899]},"properties":{"z":139.2}},{"type":"Feature","geometry":{"type":"Point","coordinates":[135.662402,34.7385978]},"properties":{"z":139.4}},{"type":"Feature","geometry":{"type":"Point","coordinates":[135.6624558,34.7386058]},"properties":{"z":139.4}},{"type":"Feature","geometry":{"type":"Point","coordinates":[135.6625094,34.7386145]},"properties":{"z":139.4}},{"type":"Feature","geometry":{"type":"Point","coordinates":[135.6625636,34.7386155]},"properties":{"z":139.2}},{"type":"Feature","geometry":{"type":"Point","coordinates":[135.662616,34.7386273]},"properties":{"z":139.1}},{"type":"Feature","geometry":{"type":"Point","coordinates":[135.6626683,34.7386403]},"properties":{"z":139.1}},{"type":"Feature","geometry":{"type":"Point","coordinates":[135.6627225,34.7386458]},"properties":{"z":139.0}},{"type":"Feature","geometry":{"type":"Point","coordinates":[135.6627754,34.7386566]},"properties":{"z":139.7}},{"type":"Feature","geometry":{"type":"Point","coordinates":[135.6628282,34.7386676]},"properties":{"z":139.5}},{"type":"Feature","geometry":{"type":"Point","coordinates":[135.6628829,34.738667]},"properties":{"z":139.4}},{"type":"Feature","geometry":{"type":"Point","coordinates":[135.6629376,34.738666]},"properties":{"z":139.4}},{"type":"Feature","geometry":{"type":"Point","coordinates":[135.6629913,34.7386733]},"properties":{"z":139.8}},{"type":"Feature","geometry":{"type":"Point","coordinates":[135.6630451,34.738681]},"properties":{"z":141.6}},{"type":"Feature","geometry":{"type":"Point","coordinates":[135.6630991,34.7386885]},"properties":{"z":141.6}},{"type":"Feature","geometry":{"type":"Point","coordinates":[135.6631531,34.7386952]},"properties":{"z":145.4}},{"type":"Feature","geometry":{"type":"Point","coordinates":[135.6632071,34.7387022]},"properties":{"z":145.4}},{"type":"Feature","geometry":{"type":"Point","coordinates":[135.6632616,34.7387057]},"properties":{"z":145.5}},{"type":"Feature","geometry":{"type":"Point","coordinates":[135.6633142,34.7387177]},"properties":{"z":145.7}},{"type":"Feature","geometry":{"type":"Point","coordinates":[135.6633671,34.7387293]},"properties":{"z":148.2}},{"type":"Feature","geometry":{"type":"Point","coordinates":[135.663421,34.7387365]},"properties":{"z":148.1}},{"type":"Feature","geometry":{"type":"Point","coordinates":[135.6634755,34.7387405]},"properties":{"z":148.0}},{"type":"Feature","geometry":{"type":"Point","coordinates":[135.6635297,34.7387453]},"properties":{"z":148.0}},{"type":"Feature","geometry":{"type":"Point","coordinates":[135.6635839,34.738741]},"properties":{"z":147.9}},{"type":"Feature","geometry":{"type":"Point","coordinates":[135.6636386,34.7387429]},"properties":{"z":147.9}},{"type":"Feature","geometry":{"type":"Point","coordinates":[135.6636894,34.7387574]},"properties":{"z":148.3}},{"type":"Feature","geometry":{"type":"Point","coordinates":[135.6637421,34.7387697]},"properties":{"z":149.5}},{"type":"Feature","geometry":{"type":"Point","coordinates":[135.6637952,34.7387803]},"properties":{"z":149.5}},{"type":"Feature","geometry":{"type":"Point","coordinates":[135.6638493,34.7387868]},"properties":{"z":151.1}},{"type":"Feature","geometry":{"type":"Point","coordinates":[135.6639034,34.7387938]},"properties":{"z":152.9}},{"type":"Feature","geometry":{"type":"Point","coordinates":[135.6639574,34.7388008]},"properties":{"z":152.9}},{"type":"Feature","geometry":{"type":"Point","coordinates":[135.6640116,34.7388062]},"properties":{"z":154.1}},{"type":"Feature","geometry":{"type":"Point","coordinates":[135.6640659,34.7388113]},"properties":{"z":154.1}},{"type":"Feature","geometry":{"type":"Point","coordinates":[135.6641204,34.7388156]},"properties":{"z":155.3}},{"type":"Feature","geometry":{"type":"Point","coordinates":[135.6641749,34.7388185]},"properties":{"z":156.4}},{"type":"Feature","geometry":{"type":"Point","coordinates":[135.6642292,34.7388234]},"properties":{"z":156.4}},{"type":"Feature","geometry":{"type":"Point","coordinates":[135.6642835,34.7388289]},"properties":{"z":157.3}},{"type":"Feature","geometry":{"type":"Point","coordinates":[135.6643379,34.7388328]},"properties":{"z":158.2}},{"type":"Feature","geometry":{"type":"Point","coordinates":[135.6643919,34.7388385]},"properties":{"z":158.2}},{"type":"Feature","geometry":{"type":"Point","coordinates":[135.6644463,34.738836]},"properties":{"z":159.4}},{"type":"Feature","geometry":{"type":"Point","coordinates":[135.6645006,34.7388396]},"properties":{"z":159.4}},{"type":"Feature","geometry":{"type":"Point","coordinates":[135.6645551,34.738837]},"properties":{"z":160.8}},{"type":"Feature","geometry":{"type":"Point","coordinates":[135.6646088,34.7388307]},"properties":{"z":162.2}},{"type":"Feature","geometry":{"type":"Point","coordinates":[135.6646621,34.7388209]},"properties":{"z":162.2}},{"type":"Feature","geometry":{"type":"Point","coordinates":[135.6647166,34.7388169]},"properties":{"z":163.2}},{"type":"Feature","geometry":{"type":"Point","coordinates":[135.6647705,34.7388098]},"properties":{"z":163.6}},{"type":"Feature","geometry":{"type":"Point","coordinates":[135.6648205,34.7387921]},"properties":{"z":163.6}},{"type":"Feature","geometry":{"type":"Point","coordinates":[135.6648714,34.7387757]},"properties":{"z":162.4}},{"type":"Feature","geometry":{"type":"Point","coordinates":[135.6649231,34.738761]},"properties":{"z":162.4}},{"type":"Feature","geometry":{"type":"Point","coordinates":[135.6649746,34.7387459]},"properties":{"z":163.0}},{"type":"Feature","geometry":{"type":"Point","coordinates":[135.6650256,34.7387296]},"properties":{"z":164.4}},{"type":"Feature","geometry":{"type":"Point","coordinates":[135.6650748,34.7387104]},"properties":{"z":162.8}},{"type":"Feature","geometry":{"type":"Point","coordinates":[135.6651227,34.7386889]},"properties":{"z":164.0}},{"type":"Feature","geometry":{"type":"Point","coordinates":[135.6651712,34.7386681]},"properties":{"z":164.0}},{"type":"Feature","geometry":{"type":"Point","coordinates":[135.6652227,34.7386531]},"properties":{"z":165.1}},{"type":"Feature","geometry":{"type":"Point","coordinates":[135.6652739,34.7386393]},"properties":{"z":164.1}},{"type":"Feature","geometry":{"type":"Point","coordinates":[135.6653202,34.7386156]},"properties":{"z":164.1}},{"type":"Feature","geometry":{"type":"Point","coordinates":[135.6653713,34.7386]},"properties":{"z":165.3}},{"type":"Feature","geometry":{"type":"Point","coordinates":[135.6654186,34.7385774]},"properties":{"z":163.0}},{"type":"Feature","geometry":{"type":"Point","coordinates":[135.6654705,34.7385653]},"properties":{"z":164.0}},{"type":"Feature","geometry":{"type":"Point","coordinates":[135.6655201,34.7385474]},"properties":{"z":164.0}},{"type":"Feature","geometry":{"type":"Point","coordinates":[135.6655639,34.7385205]},"properties":{"z":165.1}},{"type":"Feature","geometry":{"type":"Point","coordinates":[135.6656076,34.7384934]},"properties":{"z":162.9}},{"type":"Feature","geometry":{"type":"Point","coordinates":[135.6656537,34.7384695]},"properties":{"z":163.9}},{"type":"Feature","geometry":{"type":"Point","coordinates":[135.6657021,34.7384488]},"properties":{"z":163.9}},{"type":"Feature","geometry":{"type":"Point","coordinates":[135.6657546,34.7384363]},"properties":{"z":162.8}},{"type":"Feature","geometry":{"type":"Point","coordinates":[135.6658036,34.7384167]},"properties":{"z":163.9}},{"type":"Feature","geometry":{"type":"Point","coordinates":[135.6658518,34.7383955]},"properties":{"z":163.9}},{"type":"Feature","geometry":{"type":"Point","coordinates":[135.6659025,34.7383789]},"properties":{"z":164.2}},{"type":"Feature","geometry":{"type":"Point","coordinates":[135.6659488,34.7383559]},"properties":{"z":162.4}},{"type":"Feature","geometry":{"type":"Point","coordinates":[135.6660008,34.738342]},"properties":{"z":163.4}},{"type":"Feature","geometry":{"type":"Point","coordinates":[135.6660525,34.7383274]},"properties":{"z":164.5}},{"type":"Feature","geometry":{"type":"Point","coordinates":[135.6661032,34.7383107]},"properties":{"z":164.5}},{"type":"Feature","geometry":{"type":"Point","coordinates":[135.666145,34.7382823]},"properties":{"z":164.4}},{"type":"Feature","geometry":{"type":"Point","coordinates":[135.666191,34.7382596]},"properties":{"z":164.4}},{"type":"Feature","geometry":{"type":"Point","coordinates":[135.6662428,34.7382455]},"properties":{"z":165.4}},{"type":"Feature","geometry":{"type":"Point","coordinates":[135.6662892,34.7382222]},"properties":{"z":164.6}},{"type":"Feature","geometry":{"type":"Point","coordinates":[135.666337,34.7382007]},"properties":{"z":165.7}},{"type":"Feature","geometry":{"type":"Point","coordinates":[135.6663836,34.7381772]},"properties":{"z":165.7}},{"type":"Feature","geometry":{"type":"Point","coordinates":[135.6664324,34.7381569]},"properties":{"z":166.7}},{"type":"Feature","geometry":{"type":"Point","coordinates":[135.666481,34.7381363]},"properties":{"z":168.1}},{"type":"Feature","geometry":{"type":"Point","coordinates":[135.6665304,34.7381169]},"properties":{"z":168.1}},{"type":"Feature","geometry":{"type":"Point","coordinates":[135.6665776,34.7380946]},"properties":{"z":169.4}},{"type":"Feature","geometry":{"type":"Point","coordinates":[135.6666255,34.738073]},"properties":{"z":170.0}},{"type":"Feature","geometry":{"type":"Point","coordinates":[135.6666728,34.7380504]},"properties":{"z":171.0}},{"type":"Feature","geometry":{"type":"Point","coordinates":[135.6667214,34.7380298]},"properties":{"z":171.0}},{"type":"Feature","geometry":{"type":"Point","coordinates":[135.6667716,34.7380119]},"properties":{"z":172.4}},{"type":"Feature","geometry":{"type":"Point","coordinates":[135.6668226,34.7379958]},"properties":{"z":173.6}},{"type":"Feature","geometry":{"type":"Point","coordinates":[135.6668726,34.7379777]},"properties":{"z":173.6}},{"type":"Feature","geometry":{"type":"Point","coordinates":[135.6669242,34.7379628]},"properties":{"z":175.1}},{"type":"Feature","geometry":{"type":"Point","coordinates":[135.666976,34.7379497]},"properties":{"z":175.1}},{"type":"Feature","geometry":{"type":"Point","coordinates":[135.6670211,34.7379243]},"properties":{"z":176.3}},{"type":"Feature","geometry":{"type":"Point","coordinates":[135.6670634,34.7378958]},"properties":{"z":176.3}},{"type":"Feature","geometry":{"type":"Point","coordinates":[135.6671122,34.7378759]},"properties":{"z":177.1}},{"type":"Feature","geometry":{"type":"Point","coordinates":[135.6671634,34.73786]},"properties":{"z":177.3}},{"type":"Feature","geometry":{"type":"Point","coordinates":[135.6672164,34.7378585]},"properties":{"z":177.3}},{"type":"Feature","geometry":{"type":"Point","coordinates":[135.6672668,34.7378411]},"properties":{"z":177.9}},{"type":"Feature","geometry":{"type":"Point","coordinates":[135.6673168,34.7378229]},"properties":{"z":177.9}},{"type":"Feature","geometry":{"type":"Point","coordinates":[135.6673656,34.7378031]},"properties":{"z":177.8}},{"type":"Feature","geometry":{"type":"Point","coordinates":[135.6674193,34.7377981]},"properties":{"z":177.8}},{"type":"Feature","geometry":{"type":"Point","coordinates":[135.6674704,34.7377836]},"properties":{"z":178.3}},{"type":"Feature","geometry":{"type":"Point","coordinates":[135.6675241,34.7377772]},"properties":{"z":178.8}},{"type":"Feature","geometry":{"type":"Point","coordinates":[135.6675704,34.7377537]},"properties":{"z":178.8}},{"type":"Feature","geometry":{"type":"Point","coordinates":[135.6676211,34.7377373]},"properties":{"z":179.4}},{"type":"Feature","geometry":{"type":"Point","coordinates":[135.6676733,34.7377241]},"properties":{"z":179.2}},{"type":"Feature","geometry":{"type":"Point","coordinates":[135.6677249,34.7377092]},"properties":{"z":180.1}},{"type":"Feature","geometry":{"type":"Point","coordinates":[135.6677755,34.7376922]},"properties":{"z":183.4}},{"type":"Feature","geometry":{"type":"Point","coordinates":[135.6678267,34.7376765]},"properties":{"z":183.4}},{"type":"Feature","geometry":{"type":"Point","coordinates":[135.6678775,34.7376602]},"properties":{"z":183.9}},{"type":"Feature","geometry":{"type":"Point","coordinates":[135.6679276,34.7376424]},"properties":{"z":183.9}},{"type":"Feature","geometry":{"type":"Point","coordinates":[135.66798,34.7376299]},"properties":{"z":184.9}},{"type":"Feature","geometry":{"type":"Point","coordinates":[135.6680309,34.737614]},"properties":{"z":185.4}},{"type":"Feature","geometry":{"type":"Point","coordinates":[135.6680826,34.7375997]},"properties":{"z":185.4}},{"type":"Feature","geometry":{"type":"Point","coordinates":[135.6681349,34.7375864]},"properties":{"z":184.4}},{"type":"Feature","geometry":{"type":"Point","coordinates":[135.6681871,34.7375731]},"properties":{"z":184.4}},{"type":"Feature","geometry":{"type":"Point","coordinates":[135.6682376,34.7375558]},"properties":{"z":185.4}},{"type":"Feature","geometry":{"type":"Point","coordinates":[135.6682879,34.7375388]},"properties":{"z":186.2}},{"type":"Feature","geometry":{"type":"Point","coordinates":[135.6683419,34.7375317]},"properties":{"z":186.2}},{"type":"Feature","geometry":{"type":"Point","coordinates":[135.6683921,34.7375157]},"properties":{"z":184.7}},{"type":"Feature","geometry":{"type":"Point","coordinates":[135.6684453,34.7375055]},"properties":{"z":184.7}},{"type":"Feature","geometry":{"type":"Point","coordinates":[135.6684975,34.7374925]},"properties":{"z":185.3}},{"type":"Feature","geometry":{"type":"Point","coordinates":[135.6685513,34.7374873]},"properties":{"z":186.3}},{"type":"Feature","geometry":{"type":"Point","coordinates":[135.6686053,34.7374811]},"properties":{"z":186.3}},{"type":"Feature","geometry":{"type":"Point","coordinates":[135.6686594,34.7374758]},"properties":{"z":187.2}},{"type":"Feature","geometry":{"type":"Point","coordinates":[135.668713,34.7374679]},"properties":{"z":188.1}},{"type":"Feature","geometry":{"type":"Point","coordinates":[135.6687671,34.7374613]},"properties":{"z":188.1}},{"type":"Feature","geometry":{"type":"Point","coordinates":[135.6688214,34.7374566]},"properties":{"z":188.9}},{"type":"Feature","geometry":{"type":"Point","coordinates":[135.668876,34.7374531]},"properties":{"z":188.9}},{"type":"Feature","geometry":{"type":"Point","coordinates":[135.66893,34.7374465]},"properties":{"z":186.7}},{"type":"Feature","geometry":{"type":"Point","coordinates":[135.6689819,34.7374327]},"properties":{"z":186.5}},{"type":"Feature","geometry":{"type":"Point","coordinates":[135.6690331,34.7374176]},"properties":{"z":186.5}},{"type":"Feature","geometry":{"type":"Point","coordinates":[135.6690804,34.737395]},"properties":{"z":186.9}},{"type":"Feature","geometry":{"type":"Point","coordinates":[135.6691282,34.7373732]},"properties":{"z":185.5}},{"type":"Feature","geometry":{"type":"Point","coordinates":[135.6691735,34.7373482]},"properties":{"z":187.0}},{"type":"Feature","geometry":{"type":"Point","coordinates":[135.6692164,34.7373204]},"properties":{"z":187.0}},{"type":"Feature","geometry":{"type":"Point","coordinates":[135.669259,34.7372927]},"properties":{"z":187.3}},{"type":"Feature","geometry":{"type":"Point","coordinates":[135.6692885,34.7372552]},"properties":{"z":187.3}},{"type":"Feature","geometry":{"type":"Point","coordinates":[135.6693057,34.7372125]},"properties":{"z":186.7}},{"type":"Feature","geometry":{"type":"Point","coordinates":[135.6693291,34.737172]},"properties":{"z":187.2}},{"type":"Feature","geometry":{"type":"Point","coordinates":[135.6693171,34.7371291]},"properties":{"z":187.7}},{"type":"Feature","geometry":{"type":"Point","coordinates":[135.6692882,34.737091]},"properties":{"z":189.8}},{"type":"Feature","geometry":{"type":"Point","coordinates":[135.6692657,34.7370506]},"properties":{"z":189.8}},{"type":"Feature","geometry":{"type":"Point","coordinates":[135.6692599,34.737006]},"properties":{"z":191.8}},{"type":"Feature","geometry":{"type":"Point","coordinates":[135.6692597,34.7369618]},"properties":{"z":191.8}},{"type":"Feature","geometry":{"type":"Point","coordinates":[135.6692551,34.7369183]},"properties":{"z":193.8}},{"type":"Feature","geometry":{"type":"Point","coordinates":[135.6692545,34.7368737]},"properties":{"z":196.2}},{"type":"Feature","geometry":{"type":"Point","coordinates":[135.6692519,34.7368288]},"properties":{"z":196.2}},{"type":"Feature","geometry":{"type":"Point","coordinates":[135.6692415,34.7367849]},"properties":{"z":197.5}},{"type":"Feature","geometry":{"type":"Point","coordinates":[135.6692283,34.7367416]},"properties":{"z":198.4}},{"type":"Feature","geometry":{"type":"Point","coordinates":[135.6692346,34.736697]},"properties":{"z":198.4}},{"type":"Feature","geometry":{"type":"Point","coordinates":[135.6692402,34.7366523]},"properties":{"z":198.7}},{"type":"Feature","geometry":{"type":"Point","coordinates":[135.6692557,34.7366094]},"properties":{"z":198.7}},{"type":"Feature","geometry":{"type":"Point","coordinates":[135.6692818,34.73657]},"properties":{"z":198.8}},{"type":"Feature","geometry":{"type":"Point","coordinates":[135.6693103,34.7365317]},"properties":{"z":202.4}},{"type":"Feature","geometry":{"type":"Point","coordinates":[135.6693435,34.7364961]},"properties":{"z":202.4}},{"type":"Feature","geometry":{"type":"Point","coordinates":[135.6693747,34.7364591]},"properties":{"z":200.3}},{"type":"Feature","geometry":{"type":"Point","coordinates":[135.6694092,34.7364243]},"properties":{"z":205.2}},{"type":"Feature","geometry":{"type":"Point","coordinates":[135.669451,34.7363954]},"properties":{"z":205.2}},{"type":"Feature","geometry":{"type":"Point","coordinates":[135.669498,34.7363742]},"properties":{"z":207.9}},{"type":"Feature","geometry":{"type":"Point","coordinates":[135.669549,34.7363604]},"properties":{"z":207.9}},{"type":"Feature","geometry":{"type":"Point","coordinates":[135.6695922,34.7363332]},"properties":{"z":210.9}},{"type":"Feature","geometry":{"type":"Point","coordinates":[135.6696267,34.7362987]},"properties":{"z":210.1}},{"type":"Feature","geometry":{"type":"Point","coordinates":[135.669663,34.7362653]},"properties":{"z":211.1}},{"type":"Feature","geometry":{"type":"Point","coordinates":[135.6696995,34.7362322]},"properties":{"z":210.4}},{"type":"Feature","geometry":{"type":"Point","coordinates":[135.6697404,34.7362026]},"properties":{"z":211.1}},{"type":"Feature","geometry":{"type":"Point","coordinates":[135.6697822,34.7361742]},"properties":{"z":210.1}},{"type":"Feature","geometry":{"type":"Point","coordinates":[135.6698183,34.7361404]},"properties":{"z":210.1}},{"type":"Feature","geometry":{"type":"Point","coordinates":[135.6698572,34.7361091]},"properties":{"z":209.7}},{"type":"Feature","geometry":{"type":"Point","coordinates":[135.6698964,34.7360778]},"properties":{"z":209.7}},{"type":"Feature","geometry":{"type":"Point","coordinates":[135.6699345,34.7360456]},"properties":{"z":210.3}},{"type":"Feature","geometry":{"type":"Point","coordinates":[135.6699715,34.7360127]},"properties":{"z":208.7}},{"type":"Feature","geometry":{"type":"Point","coordinates":[135.6699938,34.735972]},"properties":{"z":208.7}},{"type":"Feature","geometry":{"type":"Point","coordinates":[135.6700125,34.7359299]},"properties":{"z":207.5}},{"type":"Feature","geometry":{"type":"Point","coordinates":[135.6700346,34.7358887]},"properties":{"z":205.5}},{"type":"Feature","geometry":{"type":"Point","coordinates":[135.6700471,34.735845]},"properties":{"z":205.5}},{"type":"Feature","geometry":{"type":"Point","coordinates":[135.6700579,34.735801]},"properties":{"z":203.9}},{"type":"Feature","geometry":{"type":"Point","coordinates":[135.6700686,34.7357569]},"properties":{"z":202.8}},{"type":"Feature","geometry":{"type":"Point","coordinates":[135.6700899,34.735716]},"properties":{"z":203.9}},{"type":"Feature","geometry":{"type":"Point","coordinates":[135.6700994,34.7356719]},"properties":{"z":203.1}},{"type":"Feature","geometry":{"type":"Point","coordinates":[135.67011,34.735628]},"properties":{"z":203.1}},{"type":"Feature","geometry":{"type":"Point","coordinates":[135.6701238,34.7355846]},"properties":{"z":203.1}},{"type":"Feature","geometry":{"type":"Point","coordinates":[135.6701419,34.7355422]},"properties":{"z":204.1}},{"type":"Feature","geometry":{"type":"Point","coordinates":[135.670156,34.7354988]},"properties":{"z":204.1}},{"type":"Feature","geometry":{"type":"Point","coordinates":[135.6701735,34.7354562]},"properties":{"z":205.3}},{"type":"Feature","geometry":{"type":"Point","coordinates":[135.6701952,34.7354149]},"properties":{"z":205.3}},{"type":"Feature","geometry":{"type":"Point","coordinates":[135.6702243,34.7353771]},"properties":{"z":206.4}},{"type":"Feature","geometry":{"type":"Point","coordinates":[135.6702634,34.7353459]},"properties":{"z":206.1}},{"type":"Feature","geometry":{"type":"Point","coordinates":[135.6703066,34.7353184]},"properties":{"z":206.8}},{"type":"Feature","geometry":{"type":"Point","coordinates":[135.6703573,34.7353038]},"properties":{"z":207.2}},{"type":"Feature","geometry":{"type":"Point","coordinates":[135.6704117,34.735307]},"properties":{"z":207.2}},{"type":"Feature","geometry":{"type":"Point","coordinates":[135.6704632,34.7353214]},"properties":{"z":207.5}},{"type":"Feature","geometry":{"type":"Point","coordinates":[135.6705118,34.7353421]},"properties":{"z":207.2}},{"type":"Feature","geometry":{"type":"Point","coordinates":[135.6705576,34.7353666]},"properties":{"z":207.2}},{"type":"Feature","geometry":{"type":"Point","coordinates":[135.6706009,34.735394]},"properties":{"z":207.6}},{"type":"Feature","geometry":{"type":"Point","coordinates":[135.6706354,34.7354287]},"properties":{"z":207.0}},{"type":"Feature","geometry":{"type":"Point","coordinates":[135.6706619,34.7354679]},"properties":{"z":207.0}},{"type":"Feature","geometry":{"type":"Point","coordinates":[135.670684,34.7355089]},"properties":{"z":207.0}},{"type":"Feature","geometry":{"type":"Point","coordinates":[135.6706953,34.7355527]},"properties":{"z":207.2}},{"type":"Feature","geometry":{"type":"Point","coordinates":[135.6706943,34.7355976]},"properties":{"z":207.2}},{"type":"Feature","geometry":{"type":"Point","coordinates":[135.670692,34.7356424]},"properties":{"z":207.5}},{"type":"Feature","geometry":{"type":"Point","coordinates":[135.6706816,34.7356865]},"properties":{"z":207.5}},{"type":"Feature","geometry":{"type":"Point","coordinates":[135.6706635,34.7357289]},"properties":{"z":208.0}},{"type":"Feature","geometry":{"type":"Point","coordinates":[135.670642,34.7357702]},"properties":{"z":208.7}},{"type":"Feature","geometry":{"type":"Point","coordinates":[135.6706215,34.7358118]},"properties":{"z":208.7}},{"type":"Feature","geometry":{"type":"Point","coordinates":[135.6706001,34.7358531]},"properties":{"z":209.5}},{"type":"Feature","geometry":{"type":"Point","coordinates":[135.670579,34.7358946]},"properties":{"z":209.6}},{"type":"Feature","geometry":{"type":"Point","coordinates":[135.670553,34.735934]},"properties":{"z":210.6}},{"type":"Feature","geometry":{"type":"Point","coordinates":[135.6705189,34.735969]},"properties":{"z":210.6}},{"type":"Feature","geometry":{"type":"Point","coordinates":[135.6704829,34.7360028]},"properties":{"z":211.6}},{"type":"Feature","geometry":{"type":"Point","coordinates":[135.6704447,34.7360347]},"properties":{"z":211.6}},{"type":"Feature","geometry":{"type":"Point","coordinates":[135.6704002,34.7360606]},"properties":{"z":212.1}},{"type":"Feature","geometry":{"type":"Point","coordinates":[135.6703534,34.7360839]},"properties":{"z":212.1}},{"type":"Feature","geometry":{"type":"Point","coordinates":[135.6703033,34.7361012]},"properties":{"z":211.6}},{"type":"Feature","geometry":{"type":"Point","coordinates":[135.6702509,34.7361141]},"properties":{"z":212.3}},{"type":"Feature","geometry":{"type":"Point","coordinates":[135.6701972,34.7361226]},"properties":{"z":212.3}},{"type":"Feature","geometry":{"type":"Point","coordinates":[135.6701441,34.7361332]},"properties":{"z":212.0}},{"type":"Feature","geometry":{"type":"Point","coordinates":[135.6700938,34.736151]},"properties":{"z":212.0}},{"type":"Feature","geometry":{"type":"Point","coordinates":[135.6700434,34.7361685]},"properties":{"z":211.6}},{"type":"Feature","geometry":{"type":"Point","coordinates":[135.6699924,34.7361846]},"properties":{"z":211.8}},{"type":"Feature","geometry":{"type":"Point","coordinates":[135.6699437,34.736205]},"properties":{"z":211.8}},{"type":"Feature","geometry":{"type":"Point","coordinates":[135.6698944,34.7362241]},"properties":{"z":211.4}},{"type":"Feature","geometry":{"type":"Point","coordinates":[135.6698519,34.7362521]},"properties":{"z":212.2}},{"type":"Feature","geometry":{"type":"Point","coordinates":[135.6698172,34.7362868]},"properties":{"z":211.8}},{"type":"Feature","geometry":{"type":"Point","coordinates":[135.6697867,34.7363239]},"properties":{"z":212.5}},{"type":"Feature","geometry":{"type":"Point","coordinates":[135.6697655,34.7363652]},"properties":{"z":212.5}},{"type":"Feature","geometry":{"type":"Point","coordinates":[135.6697564,34.7364095]},"properties":{"z":213.1}},{"type":"Feature","geometry":{"type":"Point","coordinates":[135.6697476,34.7364538]},"properties":{"z":213.1}},{"type":"Feature","geometry":{"type":"Point","coordinates":[135.6697503,34.736498]},"properties":{"z":213.7}},{"type":"Feature","geometry":{"type":"Point","coordinates":[135.669768,34.7365406]},"properties":{"z":214.3}},{"type":"Feature","geometry":{"type":"Point","coordinates":[135.6697778,34.7365847]},"properties":{"z":214.3}},{"type":"Feature","geometry":{"type":"Point","coordinates":[135.6697902,34.7366281]},"properties":{"z":214.2}},{"type":"Feature","geometry":{"type":"Point","coordinates":[135.6698169,34.7366671]},"properties":{"z":214.2}},{"type":"Feature","geometry":{"type":"Point","coordinates":[135.669854,34.7367]},"properties":{"z":214.9}},{"type":"Feature","geometry":{"type":"Point","coordinates":[135.6698793,34.7367391]},"properties":{"z":214.9}},{"type":"Feature","geometry":{"type":"Point","coordinates":[135.6699004,34.7367799]},"properties":{"z":213.9}},{"type":"Feature","geometry":{"type":"Point","coordinates":[135.6699307,34.7368173]},"properties":{"z":216.1}},{"type":"Feature","geometry":{"type":"Point","coordinates":[135.6699631,34.7368534]},"properties":{"z":216.1}},{"type":"Feature","geometry":{"type":"Point","coordinates":[135.6699968,34.7368887]},"properties":{"z":219.4}},{"type":"Feature","geometry":{"type":"Point","coordinates":[135.6700377,34.7369185]},"properties":{"z":219.4}},{"type":"Feature","geometry":{"type":"Point","coordinates":[135.67008,34.7369469]},"properties":{"z":219.4}},{"type":"Feature","geometry":{"type":"Point","coordinates":[135.6701294,34.7369638]},"properties":{"z":217.6}},{"type":"Feature","geometry":{"type":"Point","coordinates":[135.6701834,34.7369709]},"properties":{"z":218.3}},{"type":"Feature","geometry":{"type":"Point","coordinates":[135.6702377,34.7369727]},"properties":{"z":218.3}},{"type":"Feature","geometry":{"type":"Point","coordinates":[135.6702904,34.736965]},"properties":{"z":218.5}},{"type":"Feature","geometry":{"type":"Point","coordinates":[135.6703391,34.7369452]},"properties":{"z":221.1}},{"type":"Feature","geometry":{"type":"Point","coordinates":[135.6703895,34.7369283]},"properties":{"z":221.1}},{"type":"Feature","geometry":{"type":"Point","coordinates":[135.6704341,34.7369024]},"properties":{"z":220.7}},{"type":"Feature","geometry":{"type":"Point","coordinates":[135.6704805,34.7368786]},"properties":{"z":221.9}},{"type":"Feature","geometry":{"type":"Point","coordinates":[135.6705197,34.7368475]},"properties":{"z":220.9}},{"type":"Feature","geometry":{"type":"Point","coordinates":[135.6705593,34.7368165]},"properties":{"z":220.9}},{"type":"Feature","geometry":{"type":"Point","coordinates":[135.670602,34.7367885]},"properties":{"z":221.1}},{"type":"Feature","geometry":{"type":"Point","coordinates":[135.6706442,34.7367599]},"properties":{"z":221.1}},{"type":"Feature","geometry":{"type":"Point","coordinates":[135.6706906,34.7367362]},"properties":{"z":221.6}},{"type":"Feature","geometry":{"type":"Point","coordinates":[135.6707371,34.7367125]},"properties":{"z":221.6}},{"type":"Feature","geometry":{"type":"Point","coordinates":[135.6707814,34.7366862]},"properties":{"z":219.0}},{"type":"Feature","geometry":{"type":"Point","coordinates":[135.6708296,34.7366654]},"properties":{"z":222.1}},{"type":"Feature","geometry":{"type":"Point","coordinates":[135.6708817,34.7366517]},"properties":{"z":220.4}},{"type":"Feature","geometry":{"type":"Point","coordinates":[135.6709322,34.7366349]},"properties":{"z":220.4}},{"type":"Feature","geometry":{"type":"Point","coordinates":[135.6709859,34.7366267]},"properties":{"z":219.2}},{"type":"Feature","geometry":{"type":"Point","coordinates":[135.6710398,34.7366189]},"properties":{"z":218.8}},{"type":"Feature","geometry":{"type":"Point","coordinates":[135.6710943,34.7366185]},"properties":{"z":218.8}},{"type":"Feature","geometry":{"type":"Point","coordinates":[135.6711476,34.7366276]},"properties":{"z":220.5}},{"type":"Feature","geometry":{"type":"Point","coordinates":[135.6711994,34.736642]},"properties":{"z":225.6}},{"type":"Feature","geometry":{"type":"Point","coordinates":[135.671248,34.7366623]},"properties":{"z":225.6}},{"type":"Feature","geometry":{"type":"Point","coordinates":[135.6712948,34.7366855]},"properties":{"z":227.3}},{"type":"Feature","geometry":{"type":"Point","coordinates":[135.6713404,34.7367101]},"properties":{"z":227.3}},{"type":"Feature","geometry":{"type":"Point","coordinates":[135.6713806,34.7367406]},"properties":{"z":231.3}},{"type":"Feature","geometry":{"type":"Point","coordinates":[135.6714218,34.7367701]},"properties":{"z":229.5}},{"type":"Feature","geometry":{"type":"Point","coordinates":[135.6714584,34.7368032]},"properties":{"z":231.8}},{"type":"Feature","geometry":{"type":"Point","coordinates":[135.6714815,34.7368435]},"properties":{"z":230.9}},{"type":"Feature","geometry":{"type":"Point","coordinates":[135.6714994,34.736886]},"properties":{"z":230.9}},{"type":"Feature","geometry":{"type":"Point","coordinates":[135.6715195,34.7369278]},"properties":{"z":230.8}},{"type":"Feature","geometry":{"type":"Point","coordinates":[135.6715418,34.7369687]},"properties":{"z":232.7}},{"type":"Feature","geometry":{"type":"Point","coordinates":[135.6715706,34.7370068]},"properties":{"z":232.7}},{"type":"Feature","geometry":{"type":"Point","coordinates":[135.6715896,34.737049]},"properties":{"z":232.8}},{"type":"Feature","geometry":{"type":"Point","coordinates":[135.6716097,34.7370907]},"properties":{"z":232.8}},{"type":"Feature","geometry":{"type":"Point","coordinates":[135.6716315,34.7371318]},"properties":{"z":232.8}},{"type":"Feature","geometry":{"type":"Point","coordinates":[135.6716565,34.7371711]},"properties":{"z":230.8}},{"type":"Feature","geometry":{"type":"Point","coordinates":[135.6716989,34.737199]},"properties":{"z":230.8}},{"type":"Feature","geometry":{"type":"Point","coordinates":[135.6717411,34.7372274]},"properties":{"z":231.3}},{"type":"Feature","geometry":{"type":"Point","coordinates":[135.6717901,34.7372472]},"properties":{"z":228.8}},{"type":"Feature","geometry":{"type":"Point","coordinates":[135.671843,34.7372567]},"properties":{"z":229.4}},{"type":"Feature","geometry":{"type":"Point","coordinates":[135.6718962,34.737267]},"properties":{"z":230.0}},{"type":"Feature","geometry":{"type":"Point","coordinates":[135.6719498,34.737276]},"properties":{"z":230.0}},{"type":"Feature","geometry":{"type":"Point","coordinates":[135.6720042,34.7372805]},"properties":{"z":230.2}},{"type":"Feature","geometry":{"type":"Point","coordinates":[135.6720583,34.7372869]},"properties":{"z":230.3}},{"type":"Feature","geometry":{"type":"Point","coordinates":[135.6721119,34.7372955]},"properties":{"z":230.3}},{"type":"Feature","geometry":{"type":"Point","coordinates":[135.6721664,34.7372994]},"properties":{"z":230.8}},{"type":"Feature","geometry":{"type":"Point","coordinates":[135.6722196,34.7373092]},"properties":{"z":230.8}},{"type":"Feature","geometry":{"type":"Point","coordinates":[135.6722722,34.7373211]},"properties":{"z":229.3}},{"type":"Feature","geometry":{"type":"Point","coordinates":[135.6723218,34.73734]},"properties":{"z":234.7}},{"type":"Feature","geometry":{"type":"Point","coordinates":[135.6723698,34.7373615]},"properties":{"z":234.7}},{"type":"Feature","geometry":{"type":"Point","coordinates":[135.6724115,34.7373904]},"properties":{"z":236.8}},{"type":"Feature","geometry":{"type":"Point","coordinates":[135.6724503,34.7374215]},"properties":{"z":236.8}},{"type":"Feature","geometry":{"type":"Point","coordinates":[135.6725,34.7374382]},"properties":{"z":240.7}},{"type":"Feature","geometry":{"type":"Point","coordinates":[135.6725397,34.7374689]},"properties":{"z":238.2}},{"type":"Feature","geometry":{"type":"Point","coordinates":[135.6725766,34.737502]},"properties":{"z":241.1}},{"type":"Feature","geometry":{"type":"Point","coordinates":[135.6726165,34.7375321]},"properties":{"z":239.7}},{"type":"Feature","geometry":{"type":"Point","coordinates":[135.6726555,34.7375634]},"properties":{"z":241.0}},{"type":"Feature","geometry":{"type":"Point","coordinates":[135.6727028,34.7375855]},"properties":{"z":241.0}},{"type":"Feature","geometry":{"type":"Point","coordinates":[135.6727536,34.7376021]},"properties":{"z":240.4}},{"type":"Feature","geometry":{"type":"Point","coordinates":[135.6728067,34.7376115]},"properties":{"z":240.4}},{"type":"Feature","geometry":{"type":"Point","coordinates":[135.6728608,34.7376163]},"properties":{"z":241.0}},{"type":"Feature","geometry":{"type":"Point","coordinates":[135.672915,34.737622]},"properties":{"z":241.9}},{"type":"Feature","geometry":{"type":"Point","coordinates":[135.6729697,34.7376221]},"properties":{"z":241.9}},{"type":"Feature","geometry":{"type":"Point","coordinates":[135.6730235,34.7376146]},"properties":{"z":242.9}},{"type":"Feature","geometry":{"type":"Point","coordinates":[135.6730755,34.7376005]},"properties":{"z":242.9}},{"type":"Feature","geometry":{"type":"Point","coordinates":[135.6731257,34.7375829]},"properties":{"z":244.1}},{"type":"Feature","geometry":{"type":"Point","coordinates":[135.6731713,34.7375583]},"properties":{"z":244.2}},{"type":"Feature","geometry":{"type":"Point","coordinates":[135.6732101,34.7375271]},"properties":{"z":244.2}},{"type":"Feature","geometry":{"type":"Point","coordinates":[135.6732436,34.7374915]},"properties":{"z":245.7}},{"type":"Feature","geometry":{"type":"Point","coordinates":[135.6732761,34.7374554]},"properties":{"z":246.3}},{"type":"Feature","geometry":{"type":"Point","coordinates":[135.6733045,34.7374171]},"properties":{"z":246.9}},{"type":"Feature","geometry":{"type":"Point","coordinates":[135.6733265,34.7373761]},"properties":{"z":247.3}},{"type":"Feature","geometry":{"type":"Point","coordinates":[135.6733424,34.7373331]},"properties":{"z":247.5}},{"type":"Feature","geometry":{"type":"Point","coordinates":[135.6733582,34.7372901]},"properties":{"z":247.7}},{"type":"Feature","geometry":{"type":"Point","coordinates":[135.6733775,34.7372481]},"properties":{"z":247.7}},{"type":"Feature","geometry":{"type":"Point","coordinates":[135.6733965,34.7372059]},"properties":{"z":248.2}},{"type":"Feature","geometry":{"type":"Point","coordinates":[135.673415,34.7371636]},"properties":{"z":248.7}},{"type":"Feature","geometry":{"type":"Point","coordinates":[135.6734312,34.7371207]},"properties":{"z":248.7}},{"type":"Feature","geometry":{"type":"Point","coordinates":[135.6734456,34.7370773]},"properties":{"z":248.9}},{"type":"Feature","geometry":{"type":"Point","coordinates":[135.6734584,34.7370337]},"properties":{"z":248.9}},{"type":"Feature","geometry":{"type":"Point","coordinates":[135.6734692,34.7369896]},"properties":{"z":249.1}},{"type":"Feature","geometry":{"type":"Point","coordinates":[135.6734854,34.7369468]},"properties":{"z":249.2}},{"type":"Feature","geometry":{"type":"Point","coordinates":[135.6735019,34.7369039]},"properties":{"z":249.2}},{"type":"Feature","geometry":{"type":"Point","coordinates":[135.6735175,34.7368608]},"properties":{"z":249.2}},{"type":"Feature","geometry":{"type":"Point","coordinates":[135.6735333,34.7368178]},"properties":{"z":249.2}},{"type":"Feature","geometry":{"type":"Point","coordinates":[135.6735496,34.7367749]},"properties":{"z":249.3}},{"type":"Feature","geometry":{"type":"Point","coordinates":[135.6735668,34.7367322]},"properties":{"z":249.3}},{"type":"Feature","geometry":{"type":"Point","coordinates":[135.6735844,34.7366897]},"properties":{"z":249.3}},{"type":"Feature","geometry":{"type":"Point","coordinates":[135.6736012,34.7366469]},"properties":{"z":249.0}},{"type":"Feature","geometry":{"type":"Point","coordinates":[135.6736168,34.7366038]},"properties":{"z":248.9}},{"type":"Feature","geometry":{"type":"Point","coordinates":[135.6736321,34.7365606]},"properties":{"z":248.9}},{"type":"Feature","geometry":{"type":"Point","coordinates":[135.6736482,34.7365177]},"properties":{"z":248.8}},{"type":"Feature","geometry":{"type":"Point","coordinates":[135.6736659,34.7364751]},"properties":{"z":248.8}},{"type":"Feature","geometry":{"type":"Point","coordinates":[135.6736836,34.7364326]},"properties":{"z":248.5}},{"type":"Feature","geometry":{"type":"Point","coordinates":[135.6736976,34.7363893]},"properties":{"z":248.1}},{"type":"Feature","geometry":{"type":"Point","coordinates":[135.6737086,34.7363453]},"properties":{"z":248.1}},{"type":"Feature","geometry":{"type":"Point","coordinates":[135.673725,34.7363025]},"properties":{"z":247.7}},{"type":"Feature","geometry":{"type":"Point","coordinates":[135.6737414,34.7362596]},"properties":{"z":247.7}},{"type":"Feature","geometry":{"type":"Point","coordinates":[135.6737565,34.7362165]},"properties":{"z":247.4}},{"type":"Feature","geometry":{"type":"Point","coordinates":[135.6737678,34.7361725]},"properties":{"z":246.9}},{"type":"Feature","geometry":{"type":"Point","coordinates":[135.6737818,34.7361291]},"properties":{"z":246.7}},{"type":"Feature","geometry":{"type":"Point","coordinates":[135.6737956,34.7360856]},"properties":{"z":245.9}},{"type":"Feature","geometry":{"type":"Point","coordinates":[135.6738201,34.7360458]},"properties":{"z":245.9}},{"type":"Feature","geometry":{"type":"Point","coordinates":[135.6738527,34.7360098]},"properties":{"z":245.7}},{"type":"Feature","geometry":{"type":"Point","coordinates":[135.6738669,34.7359664]},"properties":{"z":246.1}},{"type":"Feature","geometry":{"type":"Point","coordinates":[135.6738833,34.7359235]},"properties":{"z":246.1}},{"type":"Feature","geometry":{"type":"Point","coordinates":[135.6738972,34.73588]},"properties":{"z":246.5}},{"type":"Feature","geometry":{"type":"Point","coordinates":[135.6739088,34.7358361]},"properties":{"z":246.5}},{"type":"Feature","geometry":{"type":"Point","coordinates":[135.6739247,34.7357932]},"properties":{"z":246.9}},{"type":"Feature","geometry":{"type":"Point","coordinates":[135.6739407,34.7357503]},"properties":{"z":247.3}},{"type":"Feature","geometry":{"type":"Point","coordinates":[135.6739556,34.735707]},"properties":{"z":247.6}},{"type":"Feature","geometry":{"type":"Point","coordinates":[135.6739763,34.7356655]},"properties":{"z":247.7}},{"type":"Feature","geometry":{"type":"Point","coordinates":[135.6739968,34.7356239]},"properties":{"z":247.7}},{"type":"Feature","geometry":{"type":"Point","coordinates":[135.6740244,34.735585]},"properties":{"z":247.9}},{"type":"Feature","geometry":{"type":"Point","coordinates":[135.6740573,34.7355494]},"properties":{"z":248.0}},{"type":"Feature","geometry":{"type":"Point","coordinates":[135.6740972,34.7355188]},"properties":{"z":248.2}},{"type":"Feature","geometry":{"type":"Point","coordinates":[135.6741379,34.7354888]},"properties":{"z":248.4}},{"type":"Feature","geometry":{"type":"Point","coordinates":[135.6741595,34.735449]},"properties":{"z":248.5}},{"type":"Feature","geometry":{"type":"Point","coordinates":[135.6741899,34.7354117]},"properties":{"z":248.5}},{"type":"Feature","geometry":{"type":"Point","coordinates":[135.6742325,34.7353843]},"properties":{"z":248.8}},{"type":"Feature","geometry":{"type":"Point","coordinates":[135.6742773,34.7353584]},"properties":{"z":248.8}},{"type":"Feature","geometry":{"type":"Point","coordinates":[135.6743114,34.7353233]},"properties":{"z":249.2}},{"type":"Feature","geometry":{"type":"Point","coordinates":[135.6743453,34.735288]},"properties":{"z":249.2}},{"type":"Feature","geometry":{"type":"Point","coordinates":[135.6743792,34.7352527]},"properties":{"z":249.4}},{"type":"Feature","geometry":{"type":"Point","coordinates":[135.6744208,34.7352242]},"properties":{"z":249.4}},{"type":"Feature","geometry":{"type":"Point","coordinates":[135.6744671,34.7352004]},"properties":{"z":249.3}},{"type":"Feature","geometry":{"type":"Point","coordinates":[135.6745145,34.7351779]},"properties":{"z":249.5}},{"type":"Feature","geometry":{"type":"Point","coordinates":[135.6745624,34.7351562]},"properties":{"z":249.4}},{"type":"Feature","geometry":{"type":"Point","coordinates":[135.6746121,34.7351381]},"properties":{"z":249.4}},{"type":"Feature","geometry":{"type":"Point","coordinates":[135.6746663,34.7351324]},"properties":{"z":249.4}},{"type":"Feature","geometry":{"type":"Point","coordinates":[135.6747202,34.7351243]},"properties":{"z":249.3}},{"type":"Feature","geometry":{"type":"Point","coordinates":[135.6747747,34.735121]},"properties":{"z":249.5}},{"type":"Feature","geometry":{"type":"Point","coordinates":[135.6748285,34.7351285]},"properties":{"z":249.3}},{"type":"Feature","geometry":{"type":"Point","coordinates":[135.6748824,34.7351362]},"properties":{"z":249.3}},{"type":"Feature","geometry":{"type":"Point","coordinates":[135.6749351,34.735148]},"properties":{"z":249.2}},{"type":"Feature","geometry":{"type":"Point","coordinates":[135.6749875,34.7351609]},"properties":{"z":249.0}},{"type":"Feature","geometry":{"type":"Point","coordinates":[135.6750383,34.7351777]},"properties":{"z":249.0}},{"type":"Feature","geometry":{"type":"Point","coordinates":[135.6750898,34.7351925]},"properties":{"z":249.1}},{"type":"Feature","geometry":{"type":"Point","coordinates":[135.6751421,34.7352058]},"properties":{"z":248.9}},{"type":"Feature","geometry":{"type":"Point","coordinates":[135.6751937,34.7352208]},"properties":{"z":249.0}},{"type":"Feature","geometry":{"type":"Point","coordinates":[135.6752459,34.7352341]},"properties":{"z":249.0}},{"type":"Feature","geometry":{"type":"Point","coordinates":[135.6752984,34.7352468]},"properties":{"z":249.0}},{"type":"Feature","geometry":{"type":"Point","coordinates":[135.6753508,34.7352596]},"properties":{"z":249.1}},{"type":"Feature","geometry":{"type":"Point","coordinates":[135.6754034,34.7352718]},"properties":{"z":248.9}},{"type":"Feature","geometry":{"type":"Point","coordinates":[135.6754565,34.7352827]},"properties":{"z":248.9}},{"type":"Feature","geometry":{"type":"Point","coordinates":[135.6755095,34.7352938]},"properties":{"z":248.7}},{"type":"Feature","geometry":{"type":"Point","coordinates":[135.6755625,34.735305]},"properties":{"z":248.7}},{"type":"Feature","geometry":{"type":"Point","coordinates":[135.6756155,34.7353161]},"properties":{"z":248.4}},{"type":"Feature","geometry":{"type":"Point","coordinates":[135.6756686,34.735327]},"properties":{"z":247.7}},{"type":"Feature","geometry":{"type":"Point","coordinates":[135.6757216,34.7353379]},"properties":{"z":247.6}},{"type":"Feature","geometry":{"type":"Point","coordinates":[135.6757756,34.7353452]},"properties":{"z":246.5}},{"type":"Feature","geometry":{"type":"Point","coordinates":[135.6758296,34.7353525]},"properties":{"z":246.5}},{"type":"Feature","geometry":{"type":"Point","coordinates":[135.6758829,34.7353625]},"properties":{"z":245.2}},{"type":"Feature","geometry":{"type":"Point","coordinates":[135.6759361,34.7353728]},"properties":{"z":243.7}},{"type":"Feature","geometry":{"type":"Point","coordinates":[135.675989,34.7353843]},"properties":{"z":243.7}},{"type":"Feature","geometry":{"type":"Point","coordinates":[135.6760418,34.735396]},"properties":{"z":242.1}},{"type":"Feature","geometry":{"type":"Point","coordinates":[135.6760934,34.735411]},"properties":{"z":240.5}},{"type":"Feature","geometry":{"type":"Point","coordinates":[135.6761451,34.7354257]},"properties":{"z":240.5}},{"type":"Feature","geometry":{"type":"Point","coordinates":[135.6761972,34.7354393]},"properties":{"z":239.7}},{"type":"Feature","geometry":{"type":"Point","coordinates":[135.6762482,34.7354555]},"properties":{"z":239.7}},{"type":"Feature","geometry":{"type":"Point","coordinates":[135.6762986,34.7354729]},"properties":{"z":239.4}},{"type":"Feature","geometry":{"type":"Point","coordinates":[135.6763518,34.7354825]},"properties":{"z":240.5}},{"type":"Feature","geometry":{"type":"Point","coordinates":[135.6764057,34.7354902]},"properties":{"z":240.5}},{"type":"Feature","geometry":{"type":"Point","coordinates":[135.6764603,34.7354912]},"properties":{"z":239.7}},{"type":"Feature","geometry":{"type":"Point","coordinates":[135.676515,34.7354914]},"properties":{"z":239.7}},{"type":"Feature","geometry":{"type":"Point","coordinates":[135.6765697,34.7354926]},"properties":{"z":238.8}},{"type":"Feature","geometry":{"type":"Point","coordinates":[135.6766244,34.7354941]},"properties":{"z":238.1}},{"type":"Feature","geometry":{"type":"Point","coordinates":[135.6766784,34.7354888]},"properties":{"z":238.1}},{"type":"Feature","geometry":{"type":"Point","coordinates":[135.6767321,34.7354804]},"properties":{"z":237.9}},{"type":"Feature","geometry":{"type":"Point","coordinates":[135.6767841,34.7354669]},"properties":{"z":236.3}},{"type":"Feature","geometry":{"type":"Point","coordinates":[135.6768351,34.7354506]},"properties":{"z":236.3}},{"type":"Feature","geometry":{"type":"Point","coordinates":[135.6768888,34.7354432]},"properties":{"z":236.6}},{"type":"Feature","geometry":{"type":"Point","coordinates":[135.676943,34.7354371]},"properties":{"z":236.6}},{"type":"Feature","geometry":{"type":"Point","coordinates":[135.6769974,34.735438]},"properties":{"z":236.6}},{"type":"Feature","geometry":{"type":"Point","coordinates":[135.6770519,34.7354407]},"properties":{"z":236.2}},{"type":"Feature","geometry":{"type":"Point","coordinates":[135.6771064,34.7354365]},"properties":{"z":236.2}},{"type":"Feature","geometry":{"type":"Point","coordinates":[135.6771602,34.7354394]},"properties":{"z":235.1}},{"type":"Feature","geometry":{"type":"Point","coordinates":[135.6772133,34.7354503]},"properties":{"z":233.2}},{"type":"Feature","geometry":{"type":"Point","coordinates":[135.6772655,34.7354636]},"properties":{"z":233.2}},{"type":"Feature","geometry":{"type":"Point","coordinates":[135.6773179,34.7354759]},"properties":{"z":231.6}},{"type":"Feature","geometry":{"type":"Point","coordinates":[135.6773724,34.7354792]},"properties":{"z":232.8}},{"type":"Feature","geometry":{"type":"Point","coordinates":[135.677427,34.7354826]},"properties":{"z":231.7}},{"type":"Feature","geometry":{"type":"Point","coordinates":[135.6774815,34.735486]},"properties":{"z":231.3}},{"type":"Feature","geometry":{"type":"Point","coordinates":[135.6775354,34.7354929]},"properties":{"z":231.3}},{"type":"Feature","geometry":{"type":"Point","coordinates":[135.6775884,34.7355039]},"properties":{"z":231.3}},{"type":"Feature","geometry":{"type":"Point","coordinates":[135.6776415,34.7355146]},"properties":{"z":231.2}},{"type":"Feature","geometry":{"type":"Point","coordinates":[135.6776955,34.735522]},"properties":{"z":231.2}},{"type":"Feature","geometry":{"type":"Point","coordinates":[135.6777495,34.7355293]},"properties":{"z":230.9}},{"type":"Feature","geometry":{"type":"Point","coordinates":[135.6778017,34.7355423]},"properties":{"z":230.9}},{"type":"Feature","geometry":{"type":"Point","coordinates":[135.6778539,34.735556]},"properties":{"z":232.8}},{"type":"Feature","geometry":{"type":"Point","coordinates":[135.6779064,34.7355687]},"properties":{"z":232.9}},{"type":"Feature","geometry":{"type":"Point","coordinates":[135.6779589,34.7355812]},"properties":{"z":232.9}},{"type":"Feature","geometry":{"type":"Point","coordinates":[135.6780125,34.735589]},"properties":{"z":231.4}},{"type":"Feature","geometry":{"type":"Point","coordinates":[135.6780669,34.7355936]},"properties":{"z":229.6}},{"type":"Feature","geometry":{"type":"Point","coordinates":[135.6781214,34.7355982]},"properties":{"z":229.6}},{"type":"Feature","geometry":{"type":"Point","coordinates":[135.6781759,34.7355952]},"properties":{"z":228.2}},{"type":"Feature","geometry":{"type":"Point","coordinates":[135.6782305,34.7355921]},"properties":{"z":228.2}},{"type":"Feature","geometry":{"type":"Point","coordinates":[135.6782848,34.7355879]},"properties":{"z":227.6}},{"type":"Feature","geometry":{"type":"Point","coordinates":[135.6783377,34.7355765]},"properties":{"z":227.3}},{"type":"Feature","geometry":{"type":"Point","coordinates":[135.6783906,34.7355651]},"properties":{"z":227.3}},{"type":"Feature","geometry":{"type":"Point","coordinates":[135.6784436,34.7355536]},"properties":{"z":226.9}},{"type":"Feature","geometry":{"type":"Point","coordinates":[135.6784952,34.7355389]},"properties":{"z":222.9}},{"type":"Feature","geometry":{"type":"Point","coordinates":[135.6785469,34.7355241]},"properties":{"z":222.9}},{"type":"Feature","geometry":{"type":"Point","coordinates":[135.6785985,34.7355092]},"properties":{"z":221.9}},{"type":"Feature","geometry":{"type":"Point","coordinates":[135.6786509,34.7354965]},"properties":{"z":221.9}},{"type":"Feature","geometry":{"type":"Point","coordinates":[135.6787037,34.7354846]},"properties":{"z":221.5}},{"type":"Feature","geometry":{"type":"Point","coordinates":[135.6787564,34.7354727]},"properties":{"z":220.6}},{"type":"Feature","geometry":{"type":"Point","coordinates":[135.6788094,34.7354614]},"properties":{"z":220.6}},{"type":"Feature","geometry":{"type":"Point","coordinates":[135.6788624,34.7354505]},"properties":{"z":220.4}},{"type":"Feature","geometry":{"type":"Point","coordinates":[135.6789155,34.7354396]},"properties":{"z":220.4}},{"type":"Feature","geometry":{"type":"Point","coordinates":[135.6789689,34.7354299]},"properties":{"z":220.2}},{"type":"Feature","geometry":{"type":"Point","coordinates":[135.6790229,34.7354229]},"properties":{"z":219.9}},{"type":"Feature","geometry":{"type":"Point","coordinates":[135.6790769,34.7354159]},"properties":{"z":219.9}},{"type":"Feature","geometry":{"type":"Point","coordinates":[135.679131,34.7354088]},"properties":{"z":219.7}},{"type":"Feature","geometry":{"type":"Point","coordinates":[135.6791854,34.7354045]},"properties":{"z":219.6}},{"type":"Feature","geometry":{"type":"Point","coordinates":[135.6792399,34.7354006]},"properties":{"z":219.6}},{"type":"Feature","geometry":{"type":"Point","coordinates":[135.6792944,34.7353967]},"properties":{"z":219.2}},{"type":"Feature","geometry":{"type":"Point","coordinates":[135.679349,34.7353942]},"properties":{"z":219.2}},{"type":"Feature","geometry":{"type":"Point","coordinates":[135.6794037,34.7353933]},"properties":{"z":218.9}},{"type":"Feature","geometry":{"type":"Point","coordinates":[135.6794583,34.7353924]},"properties":{"z":218.7}},{"type":"Feature","geometry":{"type":"Point","coordinates":[135.679513,34.7353913]},"properties":{"z":218.7}},{"type":"Feature","geometry":{"type":"Point","coordinates":[135.6795677,34.7353903]},"properties":{"z":218.7}},{"type":"Feature","geometry":{"type":"Point","coordinates":[135.6796224,34.7353896]},"properties":{"z":218.6}},{"type":"Feature","geometry":{"type":"Point","coordinates":[135.6796769,34.7353928]},"properties":{"z":218.6}},{"type":"Feature","geometry":{"type":"Point","coordinates":[135.6797315,34.735396]},"properties":{"z":218.6}},{"type":"Feature","geometry":{"type":"Point","coordinates":[135.6797793,34.7354173]},"properties":{"z":218.0}},{"type":"Feature","geometry":{"type":"Point","coordinates":[135.6798267,34.7354398]},"properties":{"z":218.0}},{"type":"Feature","geometry":{"type":"Point","coordinates":[135.6798578,34.7354755]},"properties":{"z":218.0}},{"type":"Feature","geometry":{"type":"Point","coordinates":[135.6798847,34.7355146]},"properties":{"z":217.4}},{"type":"Feature","geometry":{"type":"Point","coordinates":[135.6799105,34.7355542]},"properties":{"z":217.1}},{"type":"Feature","geometry":{"type":"Point","coordinates":[135.6799344,34.7355947]},"properties":{"z":217.1}},{"type":"Feature","geometry":{"type":"Point","coordinates":[135.6799582,34.7356351]},"properties":{"z":217.0}},{"type":"Feature","geometry":{"type":"Point","coordinates":[135.679984,34.7356747]},"properties":{"z":217.0}},{"type":"Feature","geometry":{"type":"Point","coordinates":[135.6800111,34.7357138]},"properties":{"z":217.3}},{"type":"Feature","geometry":{"type":"Point","coordinates":[135.6800387,34.7357526]},"properties":{"z":217.1}},{"type":"Feature","geometry":{"type":"Point","coordinates":[135.6800742,34.7357867]},"properties":{"z":217.4}},{"type":"Feature","geometry":{"type":"Point","coordinates":[135.6801097,34.7358209]},"properties":{"z":217.4}},{"type":"Feature","geometry":{"type":"Point","coordinates":[135.6801507,34.73585]},"properties":{"z":217.7}},{"type":"Feature","geometry":{"type":"Point","coordinates":[135.6801964,34.7358748]},"properties":{"z":217.7}},{"type":"Feature","geometry":{"type":"Point","coordinates":[135.6802421,34.7358994]},"properties":{"z":217.9}},{"type":"Feature","geometry":{"type":"Point","coordinates":[135.6802886,34.7359232]},"properties":{"z":217.9}},{"type":"Feature","geometry":{"type":"Point","coordinates":[135.680335,34.7359469]},"properties":{"z":217.6}},{"type":"Feature","geometry":{"type":"Point","coordinates":[135.6803831,34.735968]},"properties":{"z":217.3}},{"type":"Feature","geometry":{"type":"Point","coordinates":[135.6804331,34.7359863]},"properties":{"z":217.8}},{"type":"Feature","geometry":{"type":"Point","coordinates":[135.6804831,34.7360045]},"properties":{"z":217.5}},{"type":"Feature","geometry":{"type":"Point","coordinates":[135.6805348,34.7360191]},"properties":{"z":217.5}},{"type":"Feature","geometry":{"type":"Point","coordinates":[135.680587,34.7360324]},"properties":{"z":217.2}},{"type":"Feature","geometry":{"type":"Point","coordinates":[135.6806394,34.7360455]},"properties":{"z":218.0}},{"type":"Feature","geometry":{"type":"Point","coordinates":[135.6806932,34.7360534]},"properties":{"z":218.0}},{"type":"Feature","geometry":{"type":"Point","coordinates":[135.680747,34.7360614]},"properties":{"z":218.0}},{"type":"Feature","geometry":{"type":"Point","coordinates":[135.680801,34.7360685]},"properties":{"z":218.0}},{"type":"Feature","geometry":{"type":"Point","coordinates":[135.6808551,34.7360752]},"properties":{"z":217.8}},{"type":"Feature","geometry":{"type":"Point","coordinates":[135.6809092,34.7360819]},"properties":{"z":217.6}},{"type":"Feature","geometry":{"type":"Point","coordinates":[135.6809639,34.7360817]},"properties":{"z":217.6}},{"type":"Feature","geometry":{"type":"Point","coordinates":[135.6810186,34.7360811]},"properties":{"z":217.5}},{"type":"Feature","geometry":{"type":"Point","coordinates":[135.6810732,34.7360795]},"properties":{"z":217.0}},{"type":"Feature","geometry":{"type":"Point","coordinates":[135.6811276,34.7360748]},"properties":{"z":217.0}},{"type":"Feature","geometry":{"type":"Point","coordinates":[135.681182,34.7360701]},"properties":{"z":216.2}},{"type":"Feature","geometry":{"type":"Point","coordinates":[135.6812361,34.7360637]},"properties":{"z":216.2}},{"type":"Feature","geometry":{"type":"Point","coordinates":[135.6812902,34.7360567]},"properties":{"z":214.9}},{"type":"Feature","geometry":{"type":"Point","coordinates":[135.6813442,34.7360496]},"properties":{"z":212.7}},{"type":"Feature","geometry":{"type":"Point","coordinates":[135.6813977,34.7360402]},"properties":{"z":212.2}},{"type":"Feature","geometry":{"type":"Point","coordinates":[135.6814511,34.7360306]},"properties":{"z":210.5}},{"type":"Feature","geometry":{"type":"Point","coordinates":[135.681504,34.7360196]},"properties":{"z":209.0}},{"type":"Feature","geometry":{"type":"Point","coordinates":[135.6815557,34.7360048]},"properties":{"z":209.0}},{"type":"Feature","geometry":{"type":"Point","coordinates":[135.6816073,34.73599]},"properties":{"z":208.0}},{"type":"Feature","geometry":{"type":"Point","coordinates":[135.6816583,34.7359736]},"properties":{"z":208.0}},{"type":"Feature","geometry":{"type":"Point","coordinates":[135.6817088,34.7359564]},"properties":{"z":209.2}},{"type":"Feature","geometry":{"type":"Point","coordinates":[135.6817595,34.7359396]},"properties":{"z":210.2}},{"type":"Feature","geometry":{"type":"Point","coordinates":[135.6818105,34.7359233]},"properties":{"z":210.2}},{"type":"Feature","geometry":{"type":"Point","coordinates":[135.6818615,34.735907]},"properties":{"z":211.4}},{"type":"Feature","geometry":{"type":"Point","coordinates":[135.6819125,34.7358907]},"properties":{"z":211.6}},{"type":"Feature","geometry":{"type":"Point","coordinates":[135.6819634,34.7358744]},"properties":{"z":212.6}},{"type":"Feature","geometry":{"type":"Point","coordinates":[135.6820147,34.7358588]},"properties":{"z":213.5}},{"type":"Feature","geometry":{"type":"Point","coordinates":[135.6820662,34.7358437]},"properties":{"z":213.5}},{"type":"Feature","geometry":{"type":"Point","coordinates":[135.6821178,34.7358286]},"properties":{"z":213.0}},{"type":"Feature","geometry":{"type":"Point","coordinates":[135.6821695,34.735814]},"properties":{"z":213.0}},{"type":"Feature","geometry":{"type":"Point","coordinates":[135.6822213,34.7357994]},"properties":{"z":214.5}},{"type":"Feature","geometry":{"type":"Point","coordinates":[135.6822737,34.7357866]},"properties":{"z":215.5}},{"type":"Feature","geometry":{"type":"Point","coordinates":[135.6823261,34.7357738]},"properties":{"z":215.5}},{"type":"Feature","geometry":{"type":"Point","coordinates":[135.6823781,34.7357598]},"properties":{"z":214.9}},{"type":"Feature","geometry":{"type":"Point","coordinates":[135.6824302,34.7357462]},"properties":{"z":213.0}},{"type":"Feature","geometry":{"type":"Point","coordinates":[135.6824832,34.735735]},"properties":{"z":210.6}},{"type":"Feature","geometry":{"type":"Point","coordinates":[135.6825359,34.7357231]},"properties":{"z":209.7}},{"type":"Feature","geometry":{"type":"Point","coordinates":[135.6825879,34.7357092]},"properties":{"z":209.7}},{"type":"Feature","geometry":{"type":"Point","coordinates":[135.6826402,34.735696]},"properties":{"z":209.8}},{"type":"Feature","geometry":{"type":"Point","coordinates":[135.6826939,34.7356876]},"properties":{"z":207.9}},{"type":"Feature","geometry":{"type":"Point","coordinates":[135.6827476,34.7356792]},"properties":{"z":208.7}},{"type":"Feature","geometry":{"type":"Point","coordinates":[135.6828018,34.735673]},"properties":{"z":209.5}},{"type":"Feature","geometry":{"type":"Point","coordinates":[135.6828561,34.7356678]},"properties":{"z":209.5}},{"type":"Feature","geometry":{"type":"Point","coordinates":[135.6829094,34.735659]},"properties":{"z":208.9}},{"type":"Feature","geometry":{"type":"Point","coordinates":[135.6829603,34.7356426]},"properties":{"z":208.2}},{"type":"Feature","geometry":{"type":"Point","coordinates":[135.6830118,34.7356276]},"properties":{"z":208.2}},{"type":"Feature","geometry":{"type":"Point","coordinates":[135.683065,34.7356174]},"properties":{"z":206.4}},{"type":"Feature","geometry":{"type":"Point","coordinates":[135.6831187,34.7356103]},"properties":{"z":204.7}},{"type":"Feature","geometry":{"type":"Point","coordinates":[135.6831733,34.7356121]},"properties":{"z":200.8}},{"type":"Feature","geometry":{"type":"Point","coordinates":[135.683228,34.7356137]},"properties":{"z":199.5}},{"type":"Feature","geometry":{"type":"Point","coordinates":[135.6832827,34.7356151]},"properties":{"z":199.5}},{"type":"Feature","geometry":{"type":"Point","coordinates":[135.683337,34.73562]},"properties":{"z":199.9}},{"type":"Feature","geometry":{"type":"Point","coordinates":[135.6833913,34.7356256]},"properties":{"z":199.4}},{"type":"Feature","geometry":{"type":"Point","coordinates":[135.6834449,34.7356346]},"properties":{"z":199.4}},{"type":"Feature","geometry":{"type":"Point","coordinates":[135.6834984,34.7356437]},"properties":{"z":198.9}},{"type":"Feature","geometry":{"type":"Point","coordinates":[135.6835501,34.7356584]},"properties":{"z":198.9}},{"type":"Feature","geometry":{"type":"Point","coordinates":[135.6836014,34.7356738]},"properties":{"z":198.6}},{"type":"Feature","geometry":{"type":"Point","coordinates":[135.6836515,34.7356918]},"properties":{"z":199.0}},{"type":"Feature","geometry":{"type":"Point","coordinates":[135.6837013,34.7357105]},"properties":{"z":199.0}},{"type":"Feature","geometry":{"type":"Point","coordinates":[135.6837505,34.7357301]},"properties":{"z":197.8}},{"type":"Feature","geometry":{"type":"Point","coordinates":[135.6837996,34.73575]},"properties":{"z":197.8}},{"type":"Feature","geometry":{"type":"Point","coordinates":[135.6838486,34.7357698]},"properties":{"z":198.1}},{"type":"Feature","geometry":{"type":"Point","coordinates":[135.6838978,34.7357896]},"properties":{"z":198.1}},{"type":"Feature","geometry":{"type":"Point","coordinates":[135.6839436,34.735814]},"properties":{"z":196.4}},{"type":"Feature","geometry":{"type":"Point","coordinates":[135.6839886,34.7358396]},"properties":{"z":197.7}},{"type":"Feature","geometry":{"type":"Point","coordinates":[135.6840359,34.735862]},"properties":{"z":197.7}},{"type":"Feature","geometry":{"type":"Point","coordinates":[135.6840841,34.7358833]},"properties":{"z":194.3}},{"type":"Feature","geometry":{"type":"Point","coordinates":[135.684132,34.735905]},"properties":{"z":198.6}},{"type":"Feature","geometry":{"type":"Point","coordinates":[135.6841798,34.7359268]},"properties":{"z":194.7}},{"type":"Feature","geometry":{"type":"Point","coordinates":[135.6842274,34.735949]},"properties":{"z":194.7}},{"type":"Feature","geometry":{"type":"Point","coordinates":[135.6842747,34.7359716]},"properties":{"z":196.0}},{"type":"Feature","geometry":{"type":"Point","coordinates":[135.6843219,34.7359943]},"properties":{"z":196.0}},{"type":"Feature","geometry":{"type":"Point","coordinates":[135.6843685,34.7360178]},"properties":{"z":195.4}},{"type":"Feature","geometry":{"type":"Point","coordinates":[135.6844151,34.7360413]},"properties":{"z":196.8}},{"type":"Feature","geometry":{"type":"Point","coordinates":[135.6844631,34.736063]},"properties":{"z":196.8}},{"type":"Feature","geometry":{"type":"Point","coordinates":[135.6845112,34.7360843]},"properties":{"z":192.6}},{"type":"Feature","geometry":{"type":"Point","coordinates":[135.6845595,34.7361054]},"properties":{"z":192.6}},{"type":"Feature","geometry":{"type":"Point","coordinates":[135.6846079,34.7361264]},"properties":{"z":189.1}},{"type":"Feature","geometry":{"type":"Point","coordinates":[135.6846564,34.7361472]},"properties":{"z":189.1}},{"type":"Feature","geometry":{"type":"Point","coordinates":[135.6847056,34.7361667]},"properties":{"z":187.6}},{"type":"Feature","geometry":{"type":"Point","coordinates":[135.6847549,34.7361863]},"properties":{"z":187.2}},{"type":"Feature","geometry":{"type":"Point","coordinates":[135.6848041,34.7362059]},"properties":{"z":185.6}},{"type":"Feature","geometry":{"type":"Point","coordinates":[135.6848533,34.7362255]},"properties":{"z":184.0}},{"type":"Feature","geometry":{"type":"Point","coordinates":[135.6849024,34.7362454]},"properties":{"z":184.0}},{"type":"Feature","geometry":{"type":"Point","coordinates":[135.6849504,34.7362669]},"properties":{"z":182.3}},{"type":"Feature","geometry":{"type":"Point","coordinates":[135.6849985,34.7362884]},"properties":{"z":182.3}},{"type":"Feature","geometry":{"type":"Point","coordinates":[135.6850476,34.7363081]},"properties":{"z":181.7}},{"type":"Feature","geometry":{"type":"Point","coordinates":[135.6850972,34.7363271]},"properties":{"z":181.5}},{"type":"Feature","geometry":{"type":"Point","coordinates":[135.6851463,34.7363468]},"properties":{"z":181.0}},{"type":"Feature","geometry":{"type":"Point","coordinates":[135.6851945,34.7363681]},"properties":{"z":180.6}},{"type":"Feature","geometry":{"type":"Point","coordinates":[135.6852428,34.7363892]},"properties":{"z":180.6}},{"type":"Feature","geometry":{"type":"Point","coordinates":[135.6852916,34.7364094]},"properties":{"z":179.9}},{"type":"Feature","geometry":{"type":"Point","coordinates":[135.6853404,34.7364298]},"properties":{"z":179.9}},{"type":"Feature","geometry":{"type":"Point","coordinates":[135.6853889,34.7364506]},"properties":{"z":179.3}},{"type":"Feature","geometry":{"type":"Point","coordinates":[135.6854364,34.7364728]},"properties":{"z":179.0}},{"type":"Feature","geometry":{"type":"Point","coordinates":[135.6854851,34.7364933]},"properties":{"z":178.7}},{"type":"Feature","geometry":{"type":"Point","coordinates":[135.6855309,34.7365176]},"properties":{"z":178.2}},{"type":"Feature","geometry":{"type":"Point","coordinates":[135.6855822,34.7365332]},"properties":{"z":178.2}},{"type":"Feature","geometry":{"type":"Point","coordinates":[135.6856311,34.7365533]},"properties":{"z":178.4}},{"type":"Feature","geometry":{"type":"Point","coordinates":[135.6856808,34.736572]},"properties":{"z":178.4}},{"type":"Feature","geometry":{"type":"Point","coordinates":[135.6857301,34.7365915]},"properties":{"z":177.7}},{"type":"Feature","geometry":{"type":"Point","coordinates":[135.6857793,34.7366111]},"properties":{"z":178.8}},{"type":"Feature","geometry":{"type":"Point","coordinates":[135.6858293,34.7366293]},"properties":{"z":178.1}},{"type":"Feature","geometry":{"type":"Point","coordinates":[135.6858837,34.7366338]},"properties":{"z":177.3}},{"type":"Feature","geometry":{"type":"Point","coordinates":[135.6859382,34.7366359]},"properties":{"z":177.3}},{"type":"Feature","geometry":{"type":"Point","coordinates":[135.6859927,34.7366325]},"properties":{"z":176.4}},{"type":"Feature","geometry":{"type":"Point","coordinates":[135.6860473,34.7366301]},"properties":{"z":175.4}},{"type":"Feature","geometry":{"type":"Point","coordinates":[135.686102,34.7366296]},"properties":{"z":175.4}},{"type":"Feature","geometry":{"type":"Point","coordinates":[135.6861567,34.736631]},"properties":{"z":174.5}},{"type":"Feature","geometry":{"type":"Point","coordinates":[135.6862113,34.7366325]},"properties":{"z":174.5}},{"type":"Feature","geometry":{"type":"Point","coordinates":[135.686266,34.7366341]},"properties":{"z":174.3}},{"type":"Feature","geometry":{"type":"Point","coordinates":[135.6863207,34.7366352]},"properties":{"z":174.2}},{"type":"Feature","geometry":{"type":"Point","coordinates":[135.6863754,34.7366361]},"properties":{"z":174.2}},{"type":"Feature","geometry":{"type":"Point","coordinates":[135.6864301,34.7366365]},"properties":{"z":173.8}},{"type":"Feature","geometry":{"type":"Point","coordinates":[135.6864848,34.7366361]},"properties":{"z":173.1}},{"type":"Feature","geometry":{"type":"Point","coordinates":[135.6865394,34.7366349]},"properties":{"z":173.1}},{"type":"Feature","geometry":{"type":"Point","coordinates":[135.686594,34.7366314]},"properties":{"z":172.7}},{"type":"Feature","geometry":{"type":"Point","coordinates":[135.6866484,34.7366271]},"properties":{"z":172.3}},{"type":"Feature","geometry":{"type":"Point","coordinates":[135.6867021,34.7366188]},"properties":{"z":172.3}},{"type":"Feature","geometry":{"type":"Point","coordinates":[135.6867558,34.7366101]},"properties":{"z":171.7}},{"type":"Feature","geometry":{"type":"Point","coordinates":[135.6868089,34.7365993]},"properties":{"z":172.9}},{"type":"Feature","geometry":{"type":"Point","coordinates":[135.6868621,34.7365888]},"properties":{"z":172.0}},{"type":"Feature","geometry":{"type":"Point","coordinates":[135.6869155,34.7365792]},"properties":{"z":171.2}},{"type":"Feature","geometry":{"type":"Point","coordinates":[135.6869673,34.7365649]},"properties":{"z":171.2}},{"type":"Feature","geometry":{"type":"Point","coordinates":[135.6870183,34.7365488]},"properties":{"z":170.7}},{"type":"Feature","geometry":{"type":"Point","coordinates":[135.6870689,34.7365317]},"properties":{"z":171.9}},{"type":"Feature","geometry":{"type":"Point","coordinates":[135.6871189,34.7365135]},"properties":{"z":171.3}},{"type":"Feature","geometry":{"type":"Point","coordinates":[135.6871678,34.7364934]},"properties":{"z":170.8}},{"type":"Feature","geometry":{"type":"Point","coordinates":[135.6872167,34.7364731]},"properties":{"z":170.8}},{"type":"Feature","geometry":{"type":"Point","coordinates":[135.6872654,34.7364527]},"properties":{"z":171.4}},{"type":"Feature","geometry":{"type":"Point","coordinates":[135.6873132,34.736431]},"properties":{"z":171.4}},{"type":"Feature","geometry":{"type":"Point","coordinates":[135.6873605,34.7364083]},"properties":{"z":170.8}},{"type":"Feature","geometry":{"type":"Point","coordinates":[135.6874073,34.7363851]},"properties":{"z":171.9}},{"type":"Feature","geometry":{"type":"Point","coordinates":[135.6874551,34.7363632]},"properties":{"z":171.1}},{"type":"Feature","geometry":{"type":"Point","coordinates":[135.6875007,34.7363384]},"properties":{"z":171.1}},{"type":"Feature","geometry":{"type":"Point","coordinates":[135.6875475,34.7363152]},"properties":{"z":171.3}},{"type":"Feature","geometry":{"type":"Point","coordinates":[135.6875931,34.7362903]},"properties":{"z":170.6}},{"type":"Feature","geometry":{"type":"Point","coordinates":[135.687639,34.736266]},"properties":{"z":170.6}},{"type":"Feature","geometry":{"type":"Point","coordinates":[135.6876865,34.7362436]},"properties":{"z":169.5}},{"type":"Feature","geometry":{"type":"Point","coordinates":[135.6877345,34.7362221]},"properties":{"z":169.5}},{"type":"Feature","geometry":{"type":"Point","coordinates":[135.6877812,34.7361988]},"properties":{"z":168.1}},{"type":"Feature","geometry":{"type":"Point","coordinates":[135.6878277,34.736175]},"properties":{"z":167.8}},{"type":"Feature","geometry":{"type":"Point","coordinates":[135.6878743,34.7361515]},"properties":{"z":166.6}},{"type":"Feature","geometry":{"type":"Point","coordinates":[135.6879222,34.7361298]},"properties":{"z":166.6}},{"type":"Feature","geometry":{"type":"Point","coordinates":[135.6879692,34.7361069]},"properties":{"z":165.8}},{"type":"Feature","geometry":{"type":"Point","coordinates":[135.688017,34.7360851]},"properties":{"z":165.8}},{"type":"Feature","geometry":{"type":"Point","coordinates":[135.6880653,34.736064]},"properties":{"z":164.8}},{"type":"Feature","geometry":{"type":"Point","coordinates":[135.6881117,34.7360403]},"properties":{"z":165.1}},{"type":"Feature","geometry":{"type":"Point","coordinates":[135.6881567,34.7360148]},"properties":{"z":165.1}},{"type":"Feature","geometry":{"type":"Point","coordinates":[135.6882027,34.7359905]},"properties":{"z":164.1}},{"type":"Feature","geometry":{"type":"Point","coordinates":[135.6882488,34.7359663]},"properties":{"z":165.3}},{"type":"Feature","geometry":{"type":"Point","coordinates":[135.6882958,34.7359432]},"properties":{"z":164.1}},{"type":"Feature","geometry":{"type":"Point","coordinates":[135.6883423,34.7359195]},"properties":{"z":164.1}},{"type":"Feature","geometry":{"type":"Point","coordinates":[135.6883881,34.735895]},"properties":{"z":163.2}},{"type":"Feature","geometry":{"type":"Point","coordinates":[135.6884362,34.7358737]},"properties":{"z":163.2}},{"type":"Feature","geometry":{"type":"Point","coordinates":[135.6884846,34.7358527]},"properties":{"z":161.2}},{"type":"Feature","geometry":{"type":"Point","coordinates":[135.688533,34.7358317]},"properties":{"z":161.2}},{"type":"Feature","geometry":{"type":"Point","coordinates":[135.6885824,34.7358125]},"properties":{"z":159.7}},{"type":"Feature","geometry":{"type":"Point","coordinates":[135.6886313,34.7357924]},"properties":{"z":158.7}},{"type":"Feature","geometry":{"type":"Point","coordinates":[135.6886801,34.7357721]},"properties":{"z":158.7}},{"type":"Feature","geometry":{"type":"Point","coordinates":[135.6887307,34.7357551]},"properties":{"z":158.0}},{"type":"Feature","geometry":{"type":"Point","coordinates":[135.6887815,34.7357382]},"properties":{"z":158.0}},{"type":"Feature","geometry":{"type":"Point","coordinates":[135.6888322,34.7357215]},"properties":{"z":157.4}},{"type":"Feature","geometry":{"type":"Point","coordinates":[135.6888829,34.7357045]},"properties":{"z":156.8}},{"type":"Feature","geometry":{"type":"Point","coordinates":[135.6889332,34.735687]},"properties":{"z":156.7}},{"type":"Feature","geometry":{"type":"Point","coordinates":[135.6889841,34.7356704]},"properties":{"z":156.0}},{"type":"Feature","geometry":{"type":"Point","coordinates":[135.689036,34.7356565]},"properties":{"z":156.0}},{"type":"Feature","geometry":{"type":"Point","coordinates":[135.6890889,34.7356451]},"properties":{"z":155.4}},{"type":"Feature","geometry":{"type":"Point","coordinates":[135.6891419,34.7356339]},"properties":{"z":154.8}},{"type":"Feature","geometry":{"type":"Point","coordinates":[135.6891951,34.7356234]},"properties":{"z":154.8}},{"type":"Feature","geometry":{"type":"Point","coordinates":[135.6892488,34.7356151]},"properties":{"z":154.1}},{"type":"Feature","geometry":{"type":"Point","coordinates":[135.6893029,34.7356084]},"properties":{"z":154.1}},{"type":"Feature","geometry":{"type":"Point","coordinates":[135.6893569,34.7356014]},"properties":{"z":153.4}},{"type":"Feature","geometry":{"type":"Point","coordinates":[135.689411,34.7355949]},"properties":{"z":153.0}},{"type":"Feature","geometry":{"type":"Point","coordinates":[135.6894655,34.7355911]},"properties":{"z":153.0}},{"type":"Feature","geometry":{"type":"Point","coordinates":[135.68952,34.7355877]},"properties":{"z":153.1}},{"type":"Feature","geometry":{"type":"Point","coordinates":[135.6895746,34.7355866]},"properties":{"z":153.7}},{"type":"Feature","geometry":{"type":"Point","coordinates":[135.6896289,34.735589]},"properties":{"z":153.7}},{"type":"Feature","geometry":{"type":"Point","coordinates":[135.6896829,34.7355817]},"properties":{"z":153.8}},{"type":"Feature","geometry":{"type":"Point","coordinates":[135.6897374,34.7355785]},"properties":{"z":153.8}},{"type":"Feature","geometry":{"type":"Point","coordinates":[135.6897918,34.7355736]},"properties":{"z":153.8}},{"type":"Feature","geometry":{"type":"Point","coordinates":[135.689846,34.7355674]},"properties":{"z":153.8}},{"type":"Feature","geometry":{"type":"Point","coordinates":[135.6899,34.7355602]},"properties":{"z":153.8}},{"type":"Feature","geometry":{"type":"Point","coordinates":[135.6899539,34.7355528]},"properties":{"z":153.8}},{"type":"Feature","geometry":{"type":"Point","coordinates":[135.6900084,34.7355491]},"properties":{"z":153.9}},{"type":"Feature","geometry":{"type":"Point","coordinates":[135.690063,34.7355459]},"properties":{"z":152.8}},{"type":"Feature","geometry":{"type":"Point","coordinates":[135.6901172,34.7355403]},"properties":{"z":152.9}},{"type":"Feature","geometry":{"type":"Point","coordinates":[135.6901714,34.7355343]},"properties":{"z":153.2}},{"type":"Feature","geometry":{"type":"Point","coordinates":[135.6902259,34.7355299]},"properties":{"z":153.2}},{"type":"Feature","geometry":{"type":"Point","coordinates":[135.6902803,34.7355259]},"properties":{"z":153.6}},{"type":"Feature","geometry":{"type":"Point","coordinates":[135.6903344,34.7355193]},"properties":{"z":153.6}},{"type":"Feature","geometry":{"type":"Point","coordinates":[135.6903882,34.7355112]},"properties":{"z":154.2}},{"type":"Feature","geometry":{"type":"Point","coordinates":[135.6904415,34.7355014]},"properties":{"z":154.6}},{"type":"Feature","geometry":{"type":"Point","coordinates":[135.6904945,34.7354902]},"properties":{"z":154.6}},{"type":"Feature","geometry":{"type":"Point","coordinates":[135.6905486,34.7354859]},"properties":{"z":154.8}},{"type":"Feature","geometry":{"type":"Point","coordinates":[135.6906033,34.7354857]},"properties":{"z":155.1}},{"type":"Feature","geometry":{"type":"Point","coordinates":[135.690658,34.7354862]},"properties":{"z":155.1}},{"type":"Feature","geometry":{"type":"Point","coordinates":[135.6907127,34.7354868]},"properties":{"z":155.3}},{"type":"Feature","geometry":{"type":"Point","coordinates":[135.6907671,34.7354824]},"properties":{"z":155.6}},{"type":"Feature","geometry":{"type":"Point","coordinates":[135.6908214,34.735477]},"properties":{"z":155.6}},{"type":"Feature","geometry":{"type":"Point","coordinates":[135.6908755,34.7354708]},"properties":{"z":154.5}},{"type":"Feature","geometry":{"type":"Point","coordinates":[135.6909297,34.7354643]},"properties":{"z":154.5}},{"type":"Feature","geometry":{"type":"Point","coordinates":[135.6909838,34.7354578]},"properties":{"z":154.9}},{"type":"Feature","geometry":{"type":"Point","coordinates":[135.6910379,34.7354513]},"properties":{"z":155.3}},{"type":"Feature","geometry":{"type":"Point","coordinates":[135.6910921,34.7354449]},"properties":{"z":155.3}},{"type":"Feature","geometry":{"type":"Point","coordinates":[135.6911465,34.7354408]},"properties":{"z":155.9}},{"type":"Feature","geometry":{"type":"Point","coordinates":[135.691201,34.7354367]},"properties":{"z":156.6}},{"type":"Feature","geometry":{"type":"Point","coordinates":[135.6912556,34.7354384]},"properties":{"z":156.6}},{"type":"Feature","geometry":{"type":"Point","coordinates":[135.69131,34.7354417]},"properties":{"z":156.5}},{"type":"Feature","geometry":{"type":"Point","coordinates":[135.6913614,34.7354571]},"properties":{"z":156.5}},{"type":"Feature","geometry":{"type":"Point","coordinates":[135.6914082,34.7354791]},"properties":{"z":156.6}},{"type":"Feature","geometry":{"type":"Point","coordinates":[135.6914503,34.7355076]},"properties":{"z":156.6}},{"type":"Feature","geometry":{"type":"Point","coordinates":[135.6914765,34.7355471]},"properties":{"z":156.4}},{"type":"Feature","geometry":{"type":"Point","coordinates":[135.6915,34.7355877]},"properties":{"z":156.4}},{"type":"Feature","geometry":{"type":"Point","coordinates":[135.6915411,34.7356012]},"properties":{"z":155.3}},{"type":"Feature","geometry":{"type":"Point","coordinates":[135.6915845,34.7355743]},"properties":{"z":155.3}},{"type":"Feature","geometry":{"type":"Point","coordinates":[135.6916159,34.7355409]},"properties":{"z":154.5}},{"type":"Feature","geometry":{"type":"Point","coordinates":[135.6916071,34.7354972]},"properties":{"z":154.5}},{"type":"Feature","geometry":{"type":"Point","coordinates":[135.6915868,34.7354557]},"properties":{"z":153.8}},{"type":"Feature","geometry":{"type":"Point","coordinates":[135.6915796,34.7354112]},"properties":{"z":153.8}},{"type":"Feature","geometry":{"type":"Point","coordinates":[135.6915952,34.7353691]},"properties":{"z":153.0}},{"type":"Feature","geometry":{"type":"Point","coordinates":[135.6916166,34.7353278]},"properties":{"z":152.4}},{"type":"Feature","geometry":{"type":"Point","coordinates":[135.6916381,34.7352864]},"properties":{"z":153.3}},{"type":"Feature","geometry":{"type":"Point","coordinates":[135.6916604,34.7352454]},"properties":{"z":152.7}},{"type":"Feature","geometry":{"type":"Point","coordinates":[135.6916829,34.7352044]},"properties":{"z":152.7}},{"type":"Feature","geometry":{"type":"Point","coordinates":[135.691706,34.7351637]},"properties":{"z":152.0}},{"type":"Feature","geometry":{"type":"Point","coordinates":[135.6917295,34.7351231]},"properties":{"z":152.8}},{"type":"Feature","geometry":{"type":"Point","coordinates":[135.6917533,34.7350826]},"properties":{"z":152.8}},{"type":"Feature","geometry":{"type":"Point","coordinates":[135.6917801,34.7350435]},"properties":{"z":151.4}},{"type":"Feature","geometry":{"type":"Point","coordinates":[135.6918067,34.7350043]},"properties":{"z":153.3}},{"type":"Feature","geometry":{"type":"Point","coordinates":[135.691824,34.7349617]},"properties":{"z":150.8}},{"type":"Feature","geometry":{"type":"Point","coordinates":[135.6918398,34.7349187]},"properties":{"z":150.8}},{"type":"Feature","geometry":{"type":"Point","coordinates":[135.6918502,34.7348745]},"properties":{"z":150.2}},{"type":"Feature","geometry":{"type":"Point","coordinates":[135.6918611,34.7348305]},"properties":{"z":149.7}},{"type":"Feature","geometry":{"type":"Point","coordinates":[135.691874,34.7347871]},"properties":{"z":149.7}},{"type":"Feature","geometry":{"type":"Point","coordinates":[135.6919069,34.7347512]},"properties":{"z":150.2}},{"type":"Feature","geometry":{"type":"Point","coordinates":[135.6919395,34.7347151]},"properties":{"z":150.2}},{"type":"Feature","geometry":{"type":"Point","coordinates":[135.6919716,34.7346787]},"properties":{"z":153.6}},{"type":"Feature","geometry":{"type":"Point","coordinates":[135.6920013,34.734641]},"properties":{"z":153.6}},{"type":"Feature","geometry":{"type":"Point","coordinates":[135.6920289,34.7346022]},"properties":{"z":151.1}},{"type":"Feature","geometry":{"type":"Point","coordinates":[135.6920572,34.7345638]},"properties":{"z":154.9}},{"type":"Feature","geometry":{"type":"Point","coordinates":[135.6920825,34.734524]},"properties":{"z":153.0}},{"type":"Feature","geometry":{"type":"Point","coordinates":[135.6921058,34.7344833]},"properties":{"z":151.4}},{"type":"Feature","geometry":{"type":"Point","coordinates":[135.6921273,34.734442]},"properties":{"z":151.4}},{"type":"Feature","geometry":{"type":"Point","coordinates":[135.6921528,34.7344023]},"properties":{"z":152.2}},{"type":"Feature","geometry":{"type":"Point","coordinates":[135.6921836,34.7343654]},"properties":{"z":152.2}},{"type":"Feature","geometry":{"type":"Point","coordinates":[135.6922181,34.7343306]},"properties":{"z":150.7}},{"type":"Feature","geometry":{"type":"Point","coordinates":[135.6922478,34.7342929]},"properties":{"z":154.3}},{"type":"Feature","geometry":{"type":"Point","coordinates":[135.692281,34.7342574]},"properties":{"z":151.4}},{"type":"Feature","geometry":{"type":"Point","coordinates":[135.6922989,34.7342149]},"properties":{"z":151.4}},{"type":"Feature","geometry":{"type":"Point","coordinates":[135.692331,34.7341787]},"properties":{"z":151.6}},{"type":"Feature","geometry":{"type":"Point","coordinates":[135.6923596,34.7341403]},"properties":{"z":151.6}},{"type":"Feature","geometry":{"type":"Point","coordinates":[135.6923911,34.7341039]},"properties":{"z":150.0}},{"type":"Feature","geometry":{"type":"Point","coordinates":[135.6924329,34.7340751]},"properties":{"z":151.6}},{"type":"Feature","geometry":{"type":"Point","coordinates":[135.6924757,34.7340486]},"properties":{"z":149.2}},{"type":"Feature","geometry":{"type":"Point","coordinates":[135.6925178,34.7340231]},"properties":{"z":149.6}},{"type":"Feature","geometry":{"type":"Point","coordinates":[135.6925492,34.7339863]},"properties":{"z":148.6}},{"type":"Feature","geometry":{"type":"Point","coordinates":[135.6925821,34.7339505]},"properties":{"z":149.0}},{"type":"Feature","geometry":{"type":"Point","coordinates":[135.6926224,34.7339201]},"properties":{"z":148.2}},{"type":"Feature","geometry":{"type":"Point","coordinates":[135.6926696,34.7338973]},"properties":{"z":148.7}},{"type":"Feature","geometry":{"type":"Point","coordinates":[135.692718,34.7338765]},"properties":{"z":148.7}},{"type":"Feature","geometry":{"type":"Point","coordinates":[135.6927667,34.7338559]},"properties":{"z":149.4}},{"type":"Feature","geometry":{"type":"Point","coordinates":[135.6928162,34.733837]},"properties":{"z":148.6}},{"type":"Feature","geometry":{"type":"Point","coordinates":[135.6928665,34.7338193]},"properties":{"z":149.4}},{"type":"Feature","geometry":{"type":"Point","coordinates":[135.6929157,34.7337997]},"properties":{"z":150.1}},{"type":"Feature","geometry":{"type":"Point","coordinates":[135.692964,34.7337789]},"properties":{"z":149.4}},{"type":"Feature","geometry":{"type":"Point","coordinates":[135.6930151,34.733763]},"properties":{"z":150.0}},{"type":"Feature","geometry":{"type":"Point","coordinates":[135.6930655,34.7337456]},"properties":{"z":150.0}},{"type":"Feature","geometry":{"type":"Point","coordinates":[135.6931156,34.7337278]},"properties":{"z":150.6}},{"type":"Feature","geometry":{"type":"Point","coordinates":[135.6931663,34.7337113]},"properties":{"z":149.6}},{"type":"Feature","geometry":{"type":"Point","coordinates":[135.6932136,34.7336886]},"properties":{"z":149.9}},{"type":"Feature","geometry":{"type":"Point","coordinates":[135.6932531,34.7336578]},"properties":{"z":149.9}},{"type":"Feature","geometry":{"type":"Point","coordinates":[135.6932914,34.7336257]},"properties":{"z":148.8}},{"type":"Feature","geometry":{"type":"Point","coordinates":[135.6933348,34.7335984]},"properties":{"z":148.8}},{"type":"Feature","geometry":{"type":"Point","coordinates":[135.6933772,34.7335714]},"properties":{"z":147.8}},{"type":"Feature","geometry":{"type":"Point","coordinates":[135.693416,34.7335401]},"properties":{"z":147.8}},{"type":"Feature","geometry":{"type":"Point","coordinates":[135.693464,34.733519]},"properties":{"z":147.9}},{"type":"Feature","geometry":{"type":"Point","coordinates":[135.6935147,34.7335021]},"properties":{"z":147.6}},{"type":"Feature","geometry":{"type":"Point","coordinates":[135.6935658,34.7334866]},"properties":{"z":147.0}},{"type":"Feature","geometry":{"type":"Point","coordinates":[135.6936195,34.7334778]},"properties":{"z":146.4}},{"type":"Feature","geometry":{"type":"Point","coordinates":[135.6936741,34.7334799]},"properties":{"z":146.4}},{"type":"Feature","geometry":{"type":"Point","coordinates":[135.6937191,34.7335031]},"properties":{"z":146.4}},{"type":"Feature","geometry":{"type":"Point","coordinates":[135.6937668,34.7335245]},"properties":{"z":146.4}},{"type":"Feature","geometry":{"type":"Point","coordinates":[135.6938186,34.7335382]},"properties":{"z":145.8}},{"type":"Feature","geometry":{"type":"Point","coordinates":[135.6938723,34.7335465]},"properties":{"z":145.2}},{"type":"Feature","geometry":{"type":"Point","coordinates":[135.6939265,34.7335523]},"properties":{"z":145.2}},{"type":"Feature","geometry":{"type":"Point","coordinates":[135.6939809,34.7335573]},"properties":{"z":144.7}},{"type":"Feature","geometry":{"type":"Point","coordinates":[135.6940356,34.7335588]},"properties":{"z":144.2}},{"type":"Feature","geometry":{"type":"Point","coordinates":[135.6940899,34.7335629]},"properties":{"z":144.2}},{"type":"Feature","geometry":{"type":"Point","coordinates":[135.6941441,34.7335694]},"properties":{"z":143.8}},{"type":"Feature","geometry":{"type":"Point","coordinates":[135.6941982,34.733576]},"properties":{"z":144.2}},{"type":"Feature","geometry":{"type":"Point","coordinates":[135.694252,34.7335839]},"properties":{"z":143.6}},{"type":"Feature","geometry":{"type":"Point","coordinates":[135.6943051,34.7335945]},"properties":{"z":143.0}},{"type":"Feature","geometry":{"type":"Point","coordinates":[135.6943593,34.7336004]},"properties":{"z":143.0}},{"type":"Feature","geometry":{"type":"Point","coordinates":[135.6944137,34.7336048]},"properties":{"z":142.6}},{"type":"Feature","geometry":{"type":"Point","coordinates":[135.6944676,34.7336124]},"properties":{"z":142.2}},{"type":"Feature","geometry":{"type":"Point","coordinates":[135.6945211,34.7336214]},"properties":{"z":142.2}},{"type":"Feature","geometry":{"type":"Point","coordinates":[135.6945728,34.7336361]},"properties":{"z":141.7}},{"type":"Feature","geometry":{"type":"Point","coordinates":[135.6946267,34.7336385]},"properties":{"z":141.7}},{"type":"Feature","geometry":{"type":"Point","coordinates":[135.6946814,34.7336379]},"properties":{"z":141.3}},{"type":"Feature","geometry":{"type":"Point","coordinates":[135.694736,34.73364]},"properties":{"z":141.0}},{"type":"Feature","geometry":{"type":"Point","coordinates":[135.6947898,34.7336473]},"properties":{"z":141.9}},{"type":"Feature","geometry":{"type":"Point","coordinates":[135.6948431,34.7336574]},"properties":{"z":141.4}},{"type":"Feature","geometry":{"type":"Point","coordinates":[135.6948957,34.7336695]},"properties":{"z":140.7}},{"type":"Feature","geometry":{"type":"Point","coordinates":[135.6949483,34.733682]},"properties":{"z":140.7}},{"type":"Feature","geometry":{"type":"Point","coordinates":[135.6950013,34.7336931]},"properties":{"z":140.2}},{"type":"Feature","geometry":{"type":"Point","coordinates":[135.6950542,34.7337043]},"properties":{"z":140.2}},{"type":"Feature","geometry":{"type":"Point","coordinates":[135.6951071,34.7337159]},"properties":{"z":139.8}},{"type":"Feature","geometry":{"type":"Point","coordinates":[135.6951601,34.7337271]},"properties":{"z":139.6}},{"type":"Feature","geometry":{"type":"Point","coordinates":[135.6952132,34.7337378]},"properties":{"z":139.6}},{"type":"Feature","geometry":{"type":"Point","coordinates":[135.6952662,34.7337487]},"properties":{"z":139.5}},{"type":"Feature","geometry":{"type":"Point","coordinates":[135.6953187,34.7337614]},"properties":{"z":139.3}},{"type":"Feature","geometry":{"type":"Point","coordinates":[135.6953731,34.7337656]},"properties":{"z":139.3}},{"type":"Feature","geometry":{"type":"Point","coordinates":[135.695427,34.7337724]},"properties":{"z":139.1}},{"type":"Feature","geometry":{"type":"Point","coordinates":[135.6954792,34.7337857]},"properties":{"z":139.1}},{"type":"Feature","geometry":{"type":"Point","coordinates":[135.6955313,34.7337995]},"properties":{"z":139.0}},{"type":"Feature","geometry":{"type":"Point","coordinates":[135.695583,34.7338141]},"properties":{"z":138.8}},{"type":"Feature","geometry":{"type":"Point","coordinates":[135.6956353,34.7338269]},"properties":{"z":138.8}},{"type":"Feature","geometry":{"type":"Point","coordinates":[135.6956891,34.7338352]},"properties":{"z":138.6}},{"type":"Feature","geometry":{"type":"Point","coordinates":[135.6957428,34.7338438]},"properties":{"z":138.6}},{"type":"Feature","geometry":{"type":"Point","coordinates":[135.6957963,34.733853]},"properties":{"z":138.5}},{"type":"Feature","geometry":{"type":"Point","coordinates":[135.6958496,34.733863]},"properties":{"z":138.4}},{"type":"Feature","geometry":{"type":"Point","coordinates":[135.6959022,34.7338753]},"properties":{"z":138.4}},{"type":"Feature","geometry":{"type":"Point","coordinates":[135.6959551,34.7338867]},"properties":{"z":138.3}},{"type":"Feature","geometry":{"type":"Point","coordinates":[135.6960085,34.7338966]},"properties":{"z":138.2}},{"type":"Feature","geometry":{"type":"Point","coordinates":[135.6960621,34.7339054]},"properties":{"z":138.2}},{"type":"Feature","geometry":{"type":"Point","coordinates":[135.696116,34.7339128]},"properties":{"z":138.1}},{"type":"Feature","geometry":{"type":"Point","coordinates":[135.6961706,34.7339158]},"properties":{"z":138.1}},{"type":"Feature","geometry":{"type":"Point","coordinates":[135.6962251,34.7339193]},"properties":{"z":138.0}},{"type":"Feature","geometry":{"type":"Point","coordinates":[135.6962795,34.7339241]},"properties":{"z":137.8}},{"type":"Feature","geometry":{"type":"Point","coordinates":[135.6963335,34.7339311]},"properties":{"z":137.9}},{"type":"Feature","geometry":{"type":"Point","coordinates":[135.696384,34.7339482]},"properties":{"z":137.8}},{"type":"Feature","geometry":{"type":"Point","coordinates":[135.6964225,34.7339786]},"properties":{"z":137.8}},{"type":"Feature","geometry":{"type":"Point","coordinates":[135.6964578,34.7340129]},"properties":{"z":137.7}},{"type":"Feature","geometry":{"type":"Point","coordinates":[135.6964953,34.7340456]},"properties":{"z":137.7}},{"type":"Feature","geometry":{"type":"Point","coordinates":[135.6965306,34.7340799]},"properties":{"z":137.5}},{"type":"Feature","geometry":{"type":"Point","coordinates":[135.6965649,34.734115]},"properties":{"z":137.5}},{"type":"Feature","geometry":{"type":"Point","coordinates":[135.6966016,34.7341483]},"properties":{"z":137.6}},{"type":"Feature","geometry":{"type":"Point","coordinates":[135.6966385,34.7341814]},"properties":{"z":137.4}},{"type":"Feature","geometry":{"type":"Point","coordinates":[135.6966761,34.7342141]},"properties":{"z":137.4}},{"type":"Feature","geometry":{"type":"Point","coordinates":[135.6967135,34.7342469]},"properties":{"z":137.3}},{"type":"Feature","geometry":{"type":"Point","coordinates":[135.6967505,34.73428]},"properties":{"z":137.3}},{"type":"Feature","geometry":{"type":"Point","coordinates":[135.696787,34.7343135]},"properties":{"z":137.1}},{"type":"Feature","geometry":{"type":"Point","coordinates":[135.6968231,34.7343473]},"properties":{"z":137.1}},{"type":"Feature","geometry":{"type":"Point","coordinates":[135.6968585,34.7343815]},"properties":{"z":137.1}},{"type":"Feature","geometry":{"type":"Point","coordinates":[135.6968931,34.7344163]},"properties":{"z":137.0}},{"type":"Feature","geometry":{"type":"Point","coordinates":[135.696927,34.7344516]},"properties":{"z":137.1}},{"type":"Feature","geometry":{"type":"Point","coordinates":[135.6969635,34.734485]},"properties":{"z":136.9}},{"type":"Feature","geometry":{"type":"Point","coordinates":[135.6970007,34.734518]},"properties":{"z":136.9}},{"type":"Feature","geometry":{"type":"Point","coordinates":[135.6970387,34.7345503]},"properties":{"z":136.8}},{"type":"Feature","geometry":{"type":"Point","coordinates":[135.6970742,34.7345845]},"properties":{"z":136.8}},{"type":"Feature","geometry":{"type":"Point","coordinates":[135.69711,34.7346184]},"properties":{"z":136.8}},{"type":"Feature","geometry":{"type":"Point","coordinates":[135.6971503,34.7346488]},"properties":{"z":136.7}},{"type":"Feature","geometry":{"type":"Point","coordinates":[135.697187,34.734682]},"properties":{"z":136.7}},{"type":"Feature","geometry":{"type":"Point","coordinates":[135.6972238,34.7347153]},"properties":{"z":136.5}},{"type":"Feature","geometry":{"type":"Point","coordinates":[135.6972631,34.7347465]},"properties":{"z":136.5}},{"type":"Feature","geometry":{"type":"Point","coordinates":[135.6973024,34.7347777]},"properties":{"z":136.5}},{"type":"Feature","geometry":{"type":"Point","coordinates":[135.6973407,34.7348099]},"properties":{"z":136.5}},{"type":"Feature","geometry":{"type":"Point","coordinates":[135.6973784,34.7348425]},"properties":{"z":136.5}},{"type":"Feature","geometry":{"type":"Point","coordinates":[135.697419,34.7348723]},"properties":{"z":136.5}},{"type":"Feature","geometry":{"type":"Point","coordinates":[135.6974631,34.7348989]},"properties":{"z":136.3}},{"type":"Feature","geometry":{"type":"Point","coordinates":[135.69751,34.7349219]},"properties":{"z":136.5}},{"type":"Feature","geometry":{"type":"Point","coordinates":[135.6975609,34.7349384]},"properties":{"z":136.3}},{"type":"Feature","geometry":{"type":"Point","coordinates":[135.6976122,34.734954]},"properties":{"z":136.3}},{"type":"Feature","geometry":{"type":"Point","coordinates":[135.6976642,34.7349678]},"properties":{"z":136.0}},{"type":"Feature","geometry":{"type":"Point","coordinates":[135.697717,34.7349796]},"properties":{"z":136.0}},{"type":"Feature","geometry":{"type":"Point","coordinates":[135.6977703,34.7349896]},"properties":{"z":136.0}},{"type":"Feature","geometry":{"type":"Point","coordinates":[135.6978243,34.7349883]},"properties":{"z":135.7}},{"type":"Feature","geometry":{"type":"Point","coordinates":[135.6978742,34.7349727]},"properties":{"z":135.5}},{"type":"Feature","geometry":{"type":"Point","coordinates":[135.6979206,34.7349488]},"properties":{"z":135.3}},{"type":"Feature","geometry":{"type":"Point","coordinates":[135.6979695,34.7349292]},"properties":{"z":135.3}},{"type":"Feature","geometry":{"type":"Point","coordinates":[135.6980221,34.7349178]},"properties":{"z":135.2}},{"type":"Feature","geometry":{"type":"Point","coordinates":[135.698076,34.7349157]},"properties":{"z":135.2}},{"type":"Feature","geometry":{"type":"Point","coordinates":[135.6981293,34.7349258]},"properties":{"z":135.2}},{"type":"Feature","geometry":{"type":"Point","coordinates":[135.6981824,34.7349366]},"properties":{"z":135.1}},{"type":"Feature","geometry":{"type":"Point","coordinates":[135.6982353,34.734948]},"properties":{"z":135.0}},{"type":"Feature","geometry":{"type":"Point","coordinates":[135.698288,34.7349601]},"properties":{"z":135.0}},{"type":"Feature","geometry":{"type":"Point","coordinates":[135.6983395,34.7349752]},"properties":{"z":135.0}},{"type":"Feature","geometry":{"type":"Point","coordinates":[135.6983904,34.7349917]},"properties":{"z":134.9}},{"type":"Feature","geometry":{"type":"Point","coordinates":[135.69844,34.7350106]},"properties":{"z":134.9}},{"type":"Feature","geometry":{"type":"Point","coordinates":[135.6984877,34.7350325]},"properties":{"z":134.9}},{"type":"Feature","geometry":{"type":"Point","coordinates":[135.698534,34.7350564]},"properties":{"z":134.8}},{"type":"Feature","geometry":{"type":"Point","coordinates":[135.6985772,34.7350839]},"properties":{"z":134.8}},{"type":"Feature","geometry":{"type":"Point","coordinates":[135.698619,34.7351129]},"properties":{"z":134.8}},{"type":"Feature","geometry":{"type":"Point","coordinates":[135.6986595,34.735143]},"properties":{"z":134.7}},{"type":"Feature","geometry":{"type":"Point","coordinates":[135.6986992,34.735174]},"properties":{"z":134.7}},{"type":"Feature","geometry":{"type":"Point","coordinates":[135.6987386,34.7352051]},"properties":{"z":134.7}},{"type":"Feature","geometry":{"type":"Point","coordinates":[135.6987778,34.7352365]},"properties":{"z":134.6}},{"type":"Feature","geometry":{"type":"Point","coordinates":[135.6988167,34.7352681]},"properties":{"z":134.6}},{"type":"Feature","geometry":{"type":"Point","coordinates":[135.6988581,34.7352975]},"properties":{"z":134.6}},{"type":"Feature","geometry":{"type":"Point","coordinates":[135.6988991,34.7353272]},"properties":{"z":134.6}},{"type":"Feature","geometry":{"type":"Point","coordinates":[135.6989393,34.7353576]},"properties":{"z":134.5}},{"type":"Feature","geometry":{"type":"Point","coordinates":[135.6989797,34.735388]},"properties":{"z":134.5}},{"type":"Feature","geometry":{"type":"Point","coordinates":[135.6990206,34.7354178]},"properties":{"z":134.5}},{"type":"Feature","geometry":{"type":"Point","coordinates":[135.6990617,34.7354475]},"properties":{"z":134.5}},{"type":"Feature","geometry":{"type":"Point","coordinates":[135.6991033,34.7354767]},"properties":{"z":134.4}},{"type":"Feature","geometry":{"type":"Point","coordinates":[135.6991459,34.7355049]},"properties":{"z":134.4}},{"type":"Feature","geometry":{"type":"Point","coordinates":[135.6991911,34.7355302]},"properties":{"z":134.4}},{"type":"Feature","geometry":{"type":"Point","coordinates":[135.6992385,34.7355522]},"properties":{"z":134.3}},{"type":"Feature","geometry":{"type":"Point","coordinates":[135.6992885,34.7355704]},"properties":{"z":134.3}},{"type":"Feature","geometry":{"type":"Point","coordinates":[135.6993421,34.7355791]},"properties":{"z":134.3}},{"type":"Feature","geometry":{"type":"Point","coordinates":[135.6993963,34.7355847]},"properties":{"z":134.3}},{"type":"Feature","geometry":{"type":"Point","coordinates":[135.6994509,34.7355871]},"properties":{"z":134.3}},{"type":"Feature","geometry":{"type":"Point","coordinates":[135.6995053,34.7355828]},"properties":{"z":134.3}},{"type":"Feature","geometry":{"type":"Point","coordinates":[135.6995596,34.7355775]},"properties":{"z":134.3}},{"type":"Feature","geometry":{"type":"Point","coordinates":[135.699614,34.7355726]},"properties":{"z":134.2}},{"type":"Feature","geometry":{"type":"Point","coordinates":[135.6996682,34.735567]},"properties":{"z":134.2}},{"type":"Feature","geometry":{"type":"Point","coordinates":[135.6997223,34.7355605]},"properties":{"z":134.2}},{"type":"Feature","geometry":{"type":"Point","coordinates":[135.6997763,34.7355533]},"properties":{"z":134.2}},{"type":"Feature","geometry":{"type":"Point","coordinates":[135.6998302,34.7355457]},"properties":{"z":134.3}},{"type":"Feature","geometry":{"type":"Point","coordinates":[135.6998843,34.7355386]},"properties":{"z":134.2}},{"type":"Feature","geometry":{"type":"Point","coordinates":[135.6999383,34.7355317]},"properties":{"z":134.2}},{"type":"Feature","geometry":{"type":"Point","coordinates":[135.6999923,34.7355247]},"properties":{"z":134.2}},{"type":"Feature","geometry":{"type":"Point","coordinates":[135.7000464,34.7355177]},"properties":{"z":134.2}},{"type":"Feature","geometry":{"type":"Point","coordinates":[135.7001006,34.7355117]},"properties":{"z":134.2}},{"type":"Feature","geometry":{"type":"Point","coordinates":[135.7001548,34.7355058]},"properties":{"z":134.2}},{"type":"Feature","geometry":{"type":"Point","coordinates":[135.700209,34.7354995]},"properties":{"z":134.1}},{"type":"Feature","geometry":{"type":"Point","coordinates":[135.7002632,34.7354936]},"properties":{"z":134.1}},{"type":"Feature","geometry":{"type":"Point","coordinates":[135.7003176,34.7354894]},"properties":{"z":134.1}},{"type":"Feature","geometry":{"type":"Point","coordinates":[135.7003722,34.7354894]},"properties":{"z":134.1}},{"type":"Feature","geometry":{"type":"Point","coordinates":[135.7004258,34.7354966]},"properties":{"z":134.1}},{"type":"Feature","geometry":{"type":"Point","coordinates":[135.700467,34.7355225]},"properties":{"z":134.2}},{"type":"Feature","geometry":{"type":"Point","coordinates":[135.7004771,34.735565]},"properties":{"z":134.2}},{"type":"Feature","geometry":{"type":"Point","coordinates":[135.7004808,34.7356099]},"properties":{"z":134.2}},{"type":"Feature","geometry":{"type":"Point","coordinates":[135.7004888,34.7356542]},"properties":{"z":134.3}},{"type":"Feature","geometry":{"type":"Point","coordinates":[135.700504,34.7356974]},"properties":{"z":134.3}},{"type":"Feature","geometry":{"type":"Point","coordinates":[135.7005307,34.7357362]},"properties":{"z":134.3}},{"type":"Feature","geometry":{"type":"Point","coordinates":[135.7005606,34.7357738]},"properties":{"z":134.4}},{"type":"Feature","geometry":{"type":"Point","coordinates":[135.700591,34.7358112]},"properties":{"z":134.4}},{"type":"Feature","geometry":{"type":"Point","coordinates":[135.7006132,34.7358522]},"properties":{"z":134.4}},{"type":"Feature","geometry":{"type":"Point","coordinates":[135.7006331,34.735894]},"properties":{"z":134.4}},{"type":"Feature","geometry":{"type":"Point","coordinates":[135.7006522,34.7359362]},"properties":{"z":134.4}},{"type":"Feature","geometry":{"type":"Point","coordinates":[135.7006715,34.7359782]},"properties":{"z":134.4}},{"type":"Feature","geometry":{"type":"Point","coordinates":[135.7006916,34.73602]},"properties":{"z":134.4}},{"type":"Feature","geometry":{"type":"Point","coordinates":[135.7007115,34.7360619]},"properties":{"z":134.4}},{"type":"Feature","geometry":{"type":"Point","coordinates":[135.700731,34.7361039]},"properties":{"z":134.4}},{"type":"Feature","geometry":{"type":"Point","coordinates":[135.7007512,34.7361457]},"properties":{"z":134.4}},{"type":"Feature","geometry":{"type":"Point","coordinates":[135.7007657,34.7361889]},"properties":{"z":134.4}},{"type":"Feature","geometry":{"type":"Point","coordinates":[135.7007758,34.736233]},"properties":{"z":134.4}},{"type":"Feature","geometry":{"type":"Point","coordinates":[135.7007827,34.7362776]},"properties":{"z":134.3}},{"type":"Feature","geometry":{"type":"Point","coordinates":[135.7007921,34.7363217]},"properties":{"z":134.3}},{"type":"Feature","geometry":{"type":"Point","coordinates":[135.7008176,34.7363615]},"properties":{"z":134.4}},{"type":"Feature","geometry":{"type":"Point","coordinates":[135.7008669,34.7363808]},"properties":{"z":134.4}},{"type":"Feature","geometry":{"type":"Point","coordinates":[135.7009181,34.7363965]},"properties":{"z":134.5}},{"type":"Feature","geometry":{"type":"Point","coordinates":[135.7009704,34.7364096]},"properties":{"z":134.5}},{"type":"Feature","geometry":{"type":"Point","coordinates":[135.7010234,34.7364206]},"properties":{"z":134.6}},{"type":"Feature","geometry":{"type":"Point","coordinates":[135.7010772,34.7364284]},"properties":{"z":134.7}},{"type":"Feature","geometry":{"type":"Point","coordinates":[135.7011314,34.7364344]},"properties":{"z":134.7}},{"type":"Feature","geometry":{"type":"Point","coordinates":[135.701185,34.7364429]},"properties":{"z":134.8}},{"type":"Feature","geometry":{"type":"Point","coordinates":[135.7012379,34.7364544]},"properties":{"z":134.9}},{"type":"Feature","geometry":{"type":"Point","coordinates":[135.7012903,34.7364673]},"properties":{"z":134.9}},{"type":"Feature","geometry":{"type":"Point","coordinates":[135.7013432,34.7364788]},"properties":{"z":135.1}},{"type":"Feature","geometry":{"type":"Point","coordinates":[135.7013961,34.73649]},"properties":{"z":135.1}},{"type":"Feature","geometry":{"type":"Point","coordinates":[135.7014499,34.7364985]},"properties":{"z":135.2}},{"type":"Feature","geometry":{"type":"Point","coordinates":[135.7015036,34.736507]},"properties":{"z":135.4}},{"type":"Feature","geometry":{"type":"Point","coordinates":[135.7015568,34.7365174]},"properties":{"z":135.4}},{"type":"Feature","geometry":{"type":"Point","coordinates":[135.7016092,34.7365303]},"properties":{"z":135.5}},{"type":"Feature","geometry":{"type":"Point","coordinates":[135.7016626,34.7365395]},"properties":{"z":135.5}},{"type":"Feature","geometry":{"type":"Point","coordinates":[135.7017137,34.7365549]},"properties":{"z":135.6}},{"type":"Feature","geometry":{"type":"Point","coordinates":[135.7017651,34.7365702]},"properties":{"z":135.8}},{"type":"Feature","geometry":{"type":"Point","coordinates":[135.7018176,34.7365828]},"properties":{"z":135.8}},{"type":"Feature","geometry":{"type":"Point","coordinates":[135.7018684,34.7365981]},"properties":{"z":136.0}},{"type":"Feature","geometry":{"type":"Point","coordinates":[135.7019147,34.7366221]},"properties":{"z":136.0}},{"type":"Feature","geometry":{"type":"Point","coordinates":[135.7019601,34.7366472]},"properties":{"z":136.3}},{"type":"Feature","geometry":{"type":"Point","coordinates":[135.7020063,34.7366713]},"properties":{"z":136.3}},{"type":"Feature","geometry":{"type":"Point","coordinates":[135.7020533,34.7366942]},"properties":{"z":136.9}},{"type":"Feature","geometry":{"type":"Point","coordinates":[135.7020999,34.7367177]},"properties":{"z":137.3}},{"type":"Feature","geometry":{"type":"Point","coordinates":[135.7021463,34.7367415]},"properties":{"z":137.3}},{"type":"Feature","geometry":{"type":"Point","coordinates":[135.7021932,34.7367647]},"properties":{"z":137.7}},{"type":"Feature","geometry":{"type":"Point","coordinates":[135.7022386,34.7367897]},"properties":{"z":137.7}},{"type":"Feature","geometry":{"type":"Point","coordinates":[135.7022818,34.7368173]},"properties":{"z":138.1}},{"type":"Feature","geometry":{"type":"Point","coordinates":[135.7023263,34.7368434]},"properties":{"z":138.1}},{"type":"Feature","geometry":{"type":"Point","coordinates":[135.7023721,34.736868]},"properties":{"z":138.1}},{"type":"Feature","geometry":{"type":"Point","coordinates":[135.7024186,34.7368916]},"properties":{"z":138.3}},{"type":"Feature","geometry":{"type":"Point","coordinates":[135.7024652,34.7369152]},"properties":{"z":138.3}},{"type":"Feature","geometry":{"type":"Point","coordinates":[135.7025109,34.7369398]},"properties":{"z":138.3}},{"type":"Feature","geometry":{"type":"Point","coordinates":[135.7025577,34.7369631]},"properties":{"z":138.7}},{"type":"Feature","geometry":{"type":"Point","coordinates":[135.7026052,34.7369853]},"properties":{"z":138.7}},{"type":"Feature","geometry":{"type":"Point","coordinates":[135.7026531,34.7370071]},"properties":{"z":138.7}},{"type":"Feature","geometry":{"type":"Point","coordinates":[135.7027014,34.7370282]},"properties":{"z":139.1}},{"type":"Feature","geometry":{"type":"Point","coordinates":[135.7027526,34.737044]},"properties":{"z":139.1}},{"type":"Feature","geometry":{"type":"Point","coordinates":[135.7028063,34.7370521]},"properties":{"z":139.3}},{"type":"Feature","geometry":{"type":"Point","coordinates":[135.7028605,34.7370585]},"properties":{"z":139.3}},{"type":"Feature","geometry":{"type":"Point","coordinates":[135.7029149,34.7370593]},"properties":{"z":139.5}},{"type":"Feature","geometry":{"type":"Point","coordinates":[135.7029688,34.7370528]},"properties":{"z":139.6}},{"type":"Feature","geometry":{"type":"Point","coordinates":[135.7030212,34.7370402]},"properties":{"z":139.6}},{"type":"Feature","geometry":{"type":"Point","coordinates":[135.7030725,34.7370246]},"properties":{"z":139.6}},{"type":"Feature","geometry":{"type":"Point","coordinates":[135.7031223,34.7370061]},"properties":{"z":139.6}},{"type":"Feature","geometry":{"type":"Point","coordinates":[135.7031725,34.7369881]},"properties":{"z":139.6}},{"type":"Feature","geometry":{"type":"Point","coordinates":[135.703222,34.736969]},"properties":{"z":139.8}},{"type":"Feature","geometry":{"type":"Point","coordinates":[135.7032734,34.7369537]},"properties":{"z":139.6}},{"type":"Feature","geometry":{"type":"Point","coordinates":[135.7033255,34.73694]},"properties":{"z":139.8}},{"type":"Feature","geometry":{"type":"Point","coordinates":[135.7033782,34.7369281]},"properties":{"z":139.8}},{"type":"Feature","geometry":{"type":"Point","coordinates":[135.7034321,34.7369218]},"properties":{"z":140.4}},{"type":"Feature","geometry":{"type":"Point","coordinates":[135.7034862,34.7369249]},"properties":{"z":141.7}},{"type":"Feature","geometry":{"type":"Point","coordinates":[135.7035387,34.7369372]},"properties":{"z":141.7}},{"type":"Feature","geometry":{"type":"Point","coordinates":[135.7035873,34.7369571]},"properties":{"z":143.1}},{"type":"Feature","geometry":{"type":"Point","coordinates":[135.7036299,34.736985]},"properties":{"z":143.0}},{"type":"Feature","geometry":{"type":"Point","coordinates":[135.7036654,34.737019]},"properties":{"z":144.2}},{"type":"Feature","geometry":{"type":"Point","coordinates":[135.7036993,34.7370542]},"properties":{"z":143.9}},{"type":"Feature","geometry":{"type":"Point","coordinates":[135.7037359,34.7370876]},"properties":{"z":145.2}},{"type":"Feature","geometry":{"type":"Point","coordinates":[135.7037761,34.7371181]},"properties":{"z":144.8}},{"type":"Feature","geometry":{"type":"Point","coordinates":[135.7038107,34.7371529]},"properties":{"z":144.8}},{"type":"Feature","geometry":{"type":"Point","coordinates":[135.7038475,34.7371861]},"properties":{"z":145.6}},{"type":"Feature","geometry":{"type":"Point","coordinates":[135.7038865,34.7372176]},"properties":{"z":145.6}},{"type":"Feature","geometry":{"type":"Point","coordinates":[135.7039287,34.7372461]},"properties":{"z":146.1}},{"type":"Feature","geometry":{"type":"Point","coordinates":[135.7039685,34.7372769]},"properties":{"z":146.1}},{"type":"Feature","geometry":{"type":"Point","coordinates":[135.704012,34.7373042]},"properties":{"z":147.1}},{"type":"Feature","geometry":{"type":"Point","coordinates":[135.7040568,34.7373296]},"properties":{"z":146.5}},{"type":"Feature","geometry":{"type":"Point","coordinates":[135.7041075,34.737346]},"properties":{"z":147.3}},{"type":"Feature","geometry":{"type":"Point","coordinates":[135.704159,34.7373606]},"properties":{"z":147.8}},{"type":"Feature","geometry":{"type":"Point","coordinates":[135.7042123,34.7373667]},"properties":{"z":147.8}},{"type":"Feature","geometry":{"type":"Point","coordinates":[135.704267,34.7373648]},"properties":{"z":148.1}},{"type":"Feature","geometry":{"type":"Point","coordinates":[135.7043214,34.7373604]},"properties":{"z":148.1}},{"type":"Feature","geometry":{"type":"Point","coordinates":[135.7043757,34.7373559]},"properties":{"z":148.3}},{"type":"Feature","geometry":{"type":"Point","coordinates":[135.7044296,34.7373481]},"properties":{"z":148.5}},{"type":"Feature","geometry":{"type":"Point","coordinates":[135.7044828,34.7373378]},"properties":{"z":148.5}},{"type":"Feature","geometry":{"type":"Point","coordinates":[135.704534,34.7373222]},"properties":{"z":148.6}},{"type":"Feature","geometry":{"type":"Point","coordinates":[135.7045869,34.7373108]},"properties":{"z":148.7}},{"type":"Feature","geometry":{"type":"Point","coordinates":[135.7046409,34.7373069]},"properties":{"z":149.1}},{"type":"Feature","geometry":{"type":"Point","coordinates":[135.7046953,34.7373111]},"properties":{"z":148.8}},{"type":"Feature","geometry":{"type":"Point","coordinates":[135.7047498,34.7373152]},"properties":{"z":148.8}},{"type":"Feature","geometry":{"type":"Point","coordinates":[135.7048037,34.7373229]},"properties":{"z":148.9}},{"type":"Feature","geometry":{"type":"Point","coordinates":[135.7048575,34.7373307]},"properties":{"z":148.9}},{"type":"Feature","geometry":{"type":"Point","coordinates":[135.7049115,34.7373378]},"properties":{"z":148.9}},{"type":"Feature","geometry":{"type":"Point","coordinates":[135.704965,34.7373472]},"properties":{"z":148.9}},{"type":"Feature","geometry":{"type":"Point","coordinates":[135.7050176,34.7373596]},"properties":{"z":148.7}},{"type":"Feature","geometry":{"type":"Point","coordinates":[135.7050703,34.7373716]},"properties":{"z":148.7}},{"type":"Feature","geometry":{"type":"Point","coordinates":[135.7051224,34.7373852]},"properties":{"z":148.4}},{"type":"Feature","geometry":{"type":"Point","coordinates":[135.7051757,34.7373952]},"properties":{"z":148.4}},{"type":"Feature","geometry":{"type":"Point","coordinates":[135.7052299,34.7374008]},"properties":{"z":148.5}},{"type":"Feature","geometry":{"type":"Point","coordinates":[135.705284,34.7374073]},"properties":{"z":148.7}},{"type":"Feature","geometry":{"type":"Point","coordinates":[135.7053385,34.7374118]},"properties":{"z":148.7}},{"type":"Feature","geometry":{"type":"Point","coordinates":[135.7053926,34.7374184]},"properties":{"z":148.9}},{"type":"Feature","geometry":{"type":"Point","coordinates":[135.7054471,34.7374218]},"properties":{"z":149.1}},{"type":"Feature","geometry":{"type":"Point","coordinates":[135.7055015,34.7374265]},"properties":{"z":149.1}},{"type":"Feature","geometry":{"type":"Point","coordinates":[135.7055557,34.7374254]},"properties":{"z":149.3}},{"type":"Feature","geometry":{"type":"Point","coordinates":[135.7056101,34.7374203]},"properties":{"z":149.3}},{"type":"Feature","geometry":{"type":"Point","coordinates":[135.7056647,34.737418]},"properties":{"z":149.4}},{"type":"Feature","geometry":{"type":"Point","coordinates":[135.7057187,34.7374249]},"properties":{"z":149.5}},{"type":"Feature","geometry":{"type":"Point","coordinates":[135.7057722,34.7374343]},"properties":{"z":149.5}},{"type":"Feature","geometry":{"type":"Point","coordinates":[135.7058221,34.7374519]},"properties":{"z":149.3}},{"type":"Feature","geometry":{"type":"Point","coordinates":[135.70587,34.7374736]},"properties":{"z":149.3}},{"type":"Feature","geometry":{"type":"Point","coordinates":[135.7059188,34.7374938]},"properties":{"z":149.4}},{"type":"Feature","geometry":{"type":"Point","coordinates":[135.7059667,34.7375154]},"properties":{"z":149.5}},{"type":"Feature","geometry":{"type":"Point","coordinates":[135.7060124,34.7375401]},"properties":{"z":149.4}},{"type":"Feature","geometry":{"type":"Point","coordinates":[135.7060569,34.7375662]},"properties":{"z":149.5}},{"type":"Feature","geometry":{"type":"Point","coordinates":[135.7061008,34.7375931]},"properties":{"z":149.4}},{"type":"Feature","geometry":{"type":"Point","coordinates":[135.7061433,34.7376212]},"properties":{"z":149.5}},{"type":"Feature","geometry":{"type":"Point","coordinates":[135.7061837,34.7376516]},"properties":{"z":149.5}},{"type":"Feature","geometry":{"type":"Point","coordinates":[135.7062229,34.7376829]},"properties":{"z":149.5}},{"type":"Feature","geometry":{"type":"Point","coordinates":[135.7062619,34.7377144]},"properties":{"z":149.5}},{"type":"Feature","geometry":{"type":"Point","coordinates":[135.7063039,34.7377431]},"properties":{"z":149.6}},{"type":"Feature","geometry":{"type":"Point","coordinates":[135.7063499,34.7377672]},"properties":{"z":149.6}},{"type":"Feature","geometry":{"type":"Point","coordinates":[135.7064004,34.7377825]},"properties":{"z":149.7}},{"type":"Feature","geometry":{"type":"Point","coordinates":[135.7064547,34.7377877]},"properties":{"z":149.7}},{"type":"Feature","geometry":{"type":"Point","coordinates":[135.7065094,34.7377884]},"properties":{"z":149.8}},{"type":"Feature","geometry":{"type":"Point","coordinates":[135.7065641,34.7377866]},"properties":{"z":149.8}},{"type":"Feature","geometry":{"type":"Point","coordinates":[135.7066187,34.737785]},"properties":{"z":149.8}},{"type":"Feature","geometry":{"type":"Point","coordinates":[135.7066734,34.7377834]},"properties":{"z":149.9}},{"type":"Feature","geometry":{"type":"Point","coordinates":[135.7067281,34.7377821]},"properties":{"z":149.9}},{"type":"Feature","geometry":{"type":"Point","coordinates":[135.7067827,34.7377829]},"properties":{"z":150.0}},{"type":"Feature","geometry":{"type":"Point","coordinates":[135.7068373,34.7377793]},"properties":{"z":150.3}},{"type":"Feature","geometry":{"type":"Point","coordinates":[135.7068919,34.7377787]},"properties":{"z":150.3}},{"type":"Feature","geometry":{"type":"Point","coordinates":[135.7069461,34.7377733]},"properties":{"z":150.6}},{"type":"Feature","geometry":{"type":"Point","coordinates":[135.7070003,34.7377674]},"properties":{"z":151.2}},{"type":"Feature","geometry":{"type":"Point","coordinates":[135.7070546,34.7377615]},"properties":{"z":151.2}},{"type":"Feature","geometry":{"type":"Point","coordinates":[135.7071088,34.7377557]},"properties":{"z":151.9}},{"type":"Feature","geometry":{"type":"Point","coordinates":[135.7071633,34.7377518]},"properties":{"z":152.3}},{"type":"Feature","geometry":{"type":"Point","coordinates":[135.7072176,34.7377481]},"properties":{"z":152.3}},{"type":"Feature","geometry":{"type":"Point","coordinates":[135.7072708,34.7377377]},"properties":{"z":152.2}},{"type":"Feature","geometry":{"type":"Point","coordinates":[135.7073242,34.7377278]},"properties":{"z":152.9}},{"type":"Feature","geometry":{"type":"Point","coordinates":[135.7073771,34.7377163]},"properties":{"z":152.8}},{"type":"Feature","geometry":{"type":"Point","coordinates":[135.7074253,34.7376954]},"properties":{"z":152.8}},{"type":"Feature","geometry":{"type":"Point","coordinates":[135.7074748,34.7376763]},"properties":{"z":152.8}},{"type":"Feature","geometry":{"type":"Point","coordinates":[135.7075241,34.7376569]},"properties":{"z":153.4}},{"type":"Feature","geometry":{"type":"Point","coordinates":[135.7075731,34.7376369]},"properties":{"z":153.4}},{"type":"Feature","geometry":{"type":"Point","coordinates":[135.7076208,34.7376151]},"properties":{"z":153.3}},{"type":"Feature","geometry":{"type":"Point","coordinates":[135.7076662,34.73759]},"properties":{"z":154.1}},{"type":"Feature","geometry":{"type":"Point","coordinates":[135.7077119,34.7375654]},"properties":{"z":154.1}},{"type":"Feature","geometry":{"type":"Point","coordinates":[135.707761,34.7375456]},"properties":{"z":154.2}},{"type":"Feature","geometry":{"type":"Point","coordinates":[135.7078063,34.7375204]},"properties":{"z":154.7}},{"type":"Feature","geometry":{"type":"Point","coordinates":[135.7078588,34.7375084]},"properties":{"z":154.6}},{"type":"Feature","geometry":{"type":"Point","coordinates":[135.7079122,34.7374988]},"properties":{"z":154.6}},{"type":"Feature","geometry":{"type":"Point","coordinates":[135.7079654,34.7374885]},"properties":{"z":154.6}},{"type":"Feature","geometry":{"type":"Point","coordinates":[135.7080183,34.7374771]},"properties":{"z":154.8}},{"type":"Feature","geometry":{"type":"Point","coordinates":[135.7080715,34.7374668]},"properties":{"z":154.8}},{"type":"Feature","geometry":{"type":"Point","coordinates":[135.7081255,34.7374595]},"properties":{"z":154.9}},{"type":"Feature","geometry":{"type":"Point","coordinates":[135.7081799,34.7374548]},"properties":{"z":154.9}},{"type":"Feature","geometry":{"type":"Point","coordinates":[135.7082345,34.7374563]},"properties":{"z":155.1}},{"type":"Feature","geometry":{"type":"Point","coordinates":[135.708288,34.7374653]},"properties":{"z":155.3}},{"type":"Feature","geometry":{"type":"Point","coordinates":[135.7083402,34.7374786]},"properties":{"z":155.3}},{"type":"Feature","geometry":{"type":"Point","coordinates":[135.7083901,34.7374968]},"properties":{"z":155.5}},{"type":"Feature","geometry":{"type":"Point","coordinates":[135.7084384,34.7375179]},"properties":{"z":155.5}},{"type":"Feature","geometry":{"type":"Point","coordinates":[135.7084859,34.7375401]},"properties":{"z":155.5}},{"type":"Feature","geometry":{"type":"Point","coordinates":[135.7085313,34.7375651]},"properties":{"z":155.5}},{"type":"Feature","geometry":{"type":"Point","coordinates":[135.7085732,34.737594]},"properties":{"z":155.4}},{"type":"Feature","geometry":{"type":"Point","coordinates":[135.7086134,34.7376245]},"properties":{"z":155.4}},{"type":"Feature","geometry":{"type":"Point","coordinates":[135.7086548,34.7376538]},"properties":{"z":155.6}},{"type":"Feature","geometry":{"type":"Point","coordinates":[135.7086972,34.7376822]},"properties":{"z":155.1}},{"type":"Feature","geometry":{"type":"Point","coordinates":[135.7087372,34.7377128]},"properties":{"z":155.3}},{"type":"Feature","geometry":{"type":"Point","coordinates":[135.7087795,34.7377413]},"properties":{"z":155.3}},{"type":"Feature","geometry":{"type":"Point","coordinates":[135.7088228,34.7377688]},"properties":{"z":155.5}},{"type":"Feature","geometry":{"type":"Point","coordinates":[135.7088662,34.7377961]},"properties":{"z":155.5}},{"type":"Feature","geometry":{"type":"Point","coordinates":[135.7089088,34.7378243]},"properties":{"z":156.1}},{"type":"Feature","geometry":{"type":"Point","coordinates":[135.7089506,34.7378533]},"properties":{"z":156.1}},{"type":"Feature","geometry":{"type":"Point","coordinates":[135.708995,34.7378794]},"properties":{"z":156.8}},{"type":"Feature","geometry":{"type":"Point","coordinates":[135.7090416,34.7379028]},"properties":{"z":156.8}},{"type":"Feature","geometry":{"type":"Point","coordinates":[135.7090897,34.7379241]},"properties":{"z":157.0}},{"type":"Feature","geometry":{"type":"Point","coordinates":[135.7091406,34.7379406]},"properties":{"z":157.2}},{"type":"Feature","geometry":{"type":"Point","coordinates":[135.709194,34.7379504]},"properties":{"z":157.7}},{"type":"Feature","geometry":{"type":"Point","coordinates":[135.709248,34.7379575]},"properties":{"z":157.8}},{"type":"Feature","geometry":{"type":"Point","coordinates":[135.7093022,34.7379631]},"properties":{"z":157.8}},{"type":"Feature","geometry":{"type":"Point","coordinates":[135.7093567,34.7379677]},"properties":{"z":157.9}},{"type":"Feature","geometry":{"type":"Point","coordinates":[135.7094111,34.737972]},"properties":{"z":157.9}},{"type":"Feature","geometry":{"type":"Point","coordinates":[135.7094656,34.737976]},"properties":{"z":157.9}},{"type":"Feature","geometry":{"type":"Point","coordinates":[135.7095202,34.7379785]},"properties":{"z":158.0}},{"type":"Feature","geometry":{"type":"Point","coordinates":[135.7095748,34.7379812]},"properties":{"z":158.1}},{"type":"Feature","geometry":{"type":"Point","coordinates":[135.7096289,34.7379875]},"properties":{"z":158.1}},{"type":"Feature","geometry":{"type":"Point","coordinates":[135.7096833,34.7379848]},"properties":{"z":158.1}},{"type":"Feature","geometry":{"type":"Point","coordinates":[135.7097327,34.7379681]},"properties":{"z":158.1}},{"type":"Feature","geometry":{"type":"Point","coordinates":[135.7097769,34.7379418]},"properties":{"z":157.8}},{"type":"Feature","geometry":{"type":"Point","coordinates":[135.7098173,34.7379116]},"properties":{"z":157.8}},{"type":"Feature","geometry":{"type":"Point","coordinates":[135.7098548,34.7378789]},"properties":{"z":157.9}},{"type":"Feature","geometry":{"type":"Point","coordinates":[135.7098923,34.7378464]},"properties":{"z":157.6}},{"type":"Feature","geometry":{"type":"Point","coordinates":[135.7099341,34.7378177]},"properties":{"z":157.6}},{"type":"Feature","geometry":{"type":"Point","coordinates":[135.709972,34.7377854]},"properties":{"z":157.4}},{"type":"Feature","geometry":{"type":"Point","coordinates":[135.710013,34.7377557]},"properties":{"z":157.5}},{"type":"Feature","geometry":{"type":"Point","coordinates":[135.7100576,34.73773]},"properties":{"z":157.3}},{"type":"Feature","geometry":{"type":"Point","coordinates":[135.7101078,34.7377241]},"properties":{"z":157.4}},{"type":"Feature","geometry":{"type":"Point","coordinates":[135.7101554,34.7377441]},"properties":{"z":157.5}},{"type":"Feature","geometry":{"type":"Point","coordinates":[135.710194,34.7377757]},"properties":{"z":157.5}},{"type":"Feature","geometry":{"type":"Point","coordinates":[135.7102284,34.7378107]},"properties":{"z":157.6}},{"type":"Feature","geometry":{"type":"Point","coordinates":[135.710257,34.7378489]},"properties":{"z":157.6}},{"type":"Feature","geometry":{"type":"Point","coordinates":[135.710282,34.7378888]},"properties":{"z":157.7}},{"type":"Feature","geometry":{"type":"Point","coordinates":[135.7103076,34.7379285]},"properties":{"z":157.7}},{"type":"Feature","geometry":{"type":"Point","coordinates":[135.7103298,34.7379696]},"properties":{"z":157.9}},{"type":"Feature","geometry":{"type":"Point","coordinates":[135.7103499,34.7380114]},"properties":{"z":157.8}},{"type":"Feature","geometry":{"type":"Point","coordinates":[135.7103733,34.7380519]},"properties":{"z":158.0}},{"type":"Feature","geometry":{"type":"Point","coordinates":[135.7104002,34.738091]},"properties":{"z":158.2}},{"type":"Feature","geometry":{"type":"Point","coordinates":[135.7104272,34.7381302]},"properties":{"z":158.0}},{"type":"Feature","geometry":{"type":"Point","coordinates":[135.7104523,34.7381701]},"properties":{"z":158.1}},{"type":"Feature","geometry":{"type":"Point","coordinates":[135.7104758,34.7382107]},"properties":{"z":158.1}},{"type":"Feature","geometry":{"type":"Point","coordinates":[135.7104987,34.7382515]},"properties":{"z":158.3}},{"type":"Feature","geometry":{"type":"Point","coordinates":[135.7105273,34.7382876]},"properties":{"z":158.2}},{"type":"Feature","geometry":{"type":"Point","coordinates":[135.7105589,34.7383243]},"properties":{"z":158.3}},{"type":"Feature","geometry":{"type":"Point","coordinates":[135.7105839,34.7383641]},"properties":{"z":158.3}},{"type":"Feature","geometry":{"type":"Point","coordinates":[135.7106053,34.7384055]},"properties":{"z":158.4}},{"type":"Feature","geometry":{"type":"Point","coordinates":[135.7106276,34.7384465]},"properties":{"z":158.3}},{"type":"Feature","geometry":{"type":"Point","coordinates":[135.7106478,34.7384883]},"properties":{"z":158.3}},{"type":"Feature","geometry":{"type":"Point","coordinates":[135.7106698,34.7385294]},"properties":{"z":158.4}},{"type":"Feature","geometry":{"type":"Point","coordinates":[135.7106889,34.7385715]},"properties":{"z":158.6}},{"type":"Feature","geometry":{"type":"Point","coordinates":[135.7107093,34.7386132]},"properties":{"z":158.5}},{"type":"Feature","geometry":{"type":"Point","coordinates":[135.7107321,34.7386541]},"properties":{"z":158.5}},{"type":"Feature","geometry":{"type":"Point","coordinates":[135.7107527,34.7386957]},"properties":{"z":158.5}},{"type":"Feature","geometry":{"type":"Point","coordinates":[135.7107766,34.7387359]},"properties":{"z":158.7}},{"type":"Feature","geometry":{"type":"Point","coordinates":[135.7108053,34.738774]},"properties":{"z":158.7}},{"type":"Feature","geometry":{"type":"Point","coordinates":[135.7108262,34.7388155]},"properties":{"z":158.6}},{"type":"Feature","geometry":{"type":"Point","coordinates":[135.7108502,34.7388556]},"properties":{"z":158.8}},{"type":"Feature","geometry":{"type":"Point","coordinates":[135.7108807,34.7388929]},"properties":{"z":158.9}},{"type":"Feature","geometry":{"type":"Point","coordinates":[135.7109156,34.7389275]},"properties":{"z":158.9}},{"type":"Feature","geometry":{"type":"Point","coordinates":[135.7109551,34.7389586]},"properties":{"z":158.9}},{"type":"Feature","geometry":{"type":"Point","coordinates":[135.7109983,34.7389861]},"properties":{"z":158.9}},{"type":"Feature","geometry":{"type":"Point","coordinates":[135.711041,34.7390142]},"properties":{"z":159.0}},{"type":"Feature","geometry":{"type":"Point","coordinates":[135.7110896,34.7390346]},"properties":{"z":159.0}},{"type":"Feature","geometry":{"type":"Point","coordinates":[135.7111382,34.7390553]},"properties":{"z":158.9}},{"type":"Feature","geometry":{"type":"Point","coordinates":[135.7111822,34.7390819]},"properties":{"z":158.9}},{"type":"Feature","geometry":{"type":"Point","coordinates":[135.7112216,34.7391131]},"properties":{"z":159.0}},{"type":"Feature","geometry":{"type":"Point","coordinates":[135.71126,34.7391451]},"properties":{"z":159.0}},{"type":"Feature","geometry":{"type":"Point","coordinates":[135.7112975,34.7391778]},"properties":{"z":159.0}},{"type":"Feature","geometry":{"type":"Point","coordinates":[135.711334,34.7392113]},"properties":{"z":159.0}},{"type":"Feature","geometry":{"type":"Point","coordinates":[135.7113698,34.7392453]},"properties":{"z":159.1}},{"type":"Feature","geometry":{"type":"Point","coordinates":[135.7114036,34.7392805]},"properties":{"z":159.1}},{"type":"Feature","geometry":{"type":"Point","coordinates":[135.7114338,34.739318]},"properties":{"z":159.1}},{"type":"Feature","geometry":{"type":"Point","coordinates":[135.7114659,34.7393543]},"properties":{"z":159.1}},{"type":"Feature","geometry":{"type":"Point","coordinates":[135.7115012,34.7393886]},"properties":{"z":159.2}},{"type":"Feature","geometry":{"type":"Point","coordinates":[135.7115352,34.7394239]},"properties":{"z":159.2}},{"type":"Feature","geometry":{"type":"Point","coordinates":[135.7115669,34.7394605]},"properties":{"z":159.3}},{"type":"Feature","geometry":{"type":"Point","coordinates":[135.7115994,34.7394967]},"properties":{"z":159.4}},{"type":"Feature","geometry":{"type":"Point","coordinates":[135.7116298,34.739534]},"properties":{"z":159.4}},{"type":"Feature","geometry":{"type":"Point","coordinates":[135.7116627,34.73957]},"properties":{"z":159.5}},{"type":"Feature","geometry":{"type":"Point","coordinates":[135.7116884,34.7396096]},"properties":{"z":159.5}},{"type":"Feature","geometry":{"type":"Point","coordinates":[135.7117089,34.7396512]},"properties":{"z":159.7}},{"type":"Feature","geometry":{"type":"Point","coordinates":[135.7117374,34.7396895]},"properties":{"z":159.7}},{"type":"Feature","geometry":{"type":"Point","coordinates":[135.711768,34.7397268]},"properties":{"z":159.7}},{"type":"Feature","geometry":{"type":"Point","coordinates":[135.7117958,34.7397654]},"properties":{"z":159.7}},{"type":"Feature","geometry":{"type":"Point","coordinates":[135.7118206,34.7398055]},"properties":{"z":159.9}},{"type":"Feature","geometry":{"type":"Point","coordinates":[135.7118433,34.7398463]},"properties":{"z":159.9}},{"type":"Feature","geometry":{"type":"Point","coordinates":[135.7118649,34.7398876]},"properties":{"z":160.0}},{"type":"Feature","geometry":{"type":"Point","coordinates":[135.7118861,34.739929]},"properties":{"z":160.3}},{"type":"Feature","geometry":{"type":"Point","coordinates":[135.7119012,34.7399722]},"properties":{"z":160.3}},{"type":"Feature","geometry":{"type":"Point","coordinates":[135.7119114,34.7400164]},"properties":{"z":160.6}},{"type":"Feature","geometry":{"type":"Point","coordinates":[135.7119253,34.7400598]},"properties":{"z":160.6}},{"type":"Feature","geometry":{"type":"Point","coordinates":[135.7119424,34.7401025]},"properties":{"z":160.9}},{"type":"Feature","geometry":{"type":"Point","coordinates":[135.7119581,34.7401455]},"properties":{"z":161.2}},{"type":"Feature","geometry":{"type":"Point","coordinates":[135.7119726,34.7401889]},"properties":{"z":161.4}},{"type":"Feature","geometry":{"type":"Point","coordinates":[135.7119908,34.740231]},"properties":{"z":161.7}},{"type":"Feature","geometry":{"type":"Point","coordinates":[135.7120155,34.7402712]},"properties":{"z":161.7}},{"type":"Feature","geometry":{"type":"Point","coordinates":[135.712039,34.7403117]},"properties":{"z":161.9}},{"type":"Feature","geometry":{"type":"Point","coordinates":[135.7120634,34.740352]},"properties":{"z":162.4}},{"type":"Feature","geometry":{"type":"Point","coordinates":[135.7120898,34.7403913]},"properties":{"z":162.4}},{"type":"Feature","geometry":{"type":"Point","coordinates":[135.7121241,34.7404258]},"properties":{"z":162.7}},{"type":"Feature","geometry":{"type":"Point","coordinates":[135.7121563,34.7404616]},"properties":{"z":162.8}},{"type":"Feature","geometry":{"type":"Point","coordinates":[135.7121941,34.7404938]},"properties":{"z":163.1}},{"type":"Feature","geometry":{"type":"Point","coordinates":[135.7122305,34.7405273]},"properties":{"z":163.2}},{"type":"Feature","geometry":{"type":"Point","coordinates":[135.7122692,34.740559]},"properties":{"z":163.4}},{"type":"Feature","geometry":{"type":"Point","coordinates":[135.7123151,34.7405823]},"properties":{"z":163.5}},{"type":"Feature","geometry":{"type":"Point","coordinates":[135.7123655,34.7405998]},"properties":{"z":163.5}},{"type":"Feature","geometry":{"type":"Point","coordinates":[135.7124129,34.7406212]},"properties":{"z":163.4}},{"type":"Feature","geometry":{"type":"Point","coordinates":[135.7124551,34.7406498]},"properties":{"z":163.7}},{"type":"Feature","geometry":{"type":"Point","coordinates":[135.712497,34.7406787]},"properties":{"z":163.6}},{"type":"Feature","geometry":{"type":"Point","coordinates":[135.7125382,34.7407083]},"properties":{"z":163.8}},{"type":"Feature","geometry":{"type":"Point","coordinates":[135.71256,34.7407494]},"properties":{"z":163.8}},{"type":"Feature","geometry":{"type":"Point","coordinates":[135.7125916,34.7407858]},"properties":{"z":164.1}},{"type":"Feature","geometry":{"type":"Point","coordinates":[135.71263,34.7408176]},"properties":{"z":164.1}},{"type":"Feature","geometry":{"type":"Point","coordinates":[135.7126701,34.7408482]},"properties":{"z":164.5}},{"type":"Feature","geometry":{"type":"Point","coordinates":[135.7127085,34.7408802]},"properties":{"z":164.5}},{"type":"Feature","geometry":{"type":"Point","coordinates":[135.7127451,34.7409136]},"properties":{"z":164.8}},{"type":"Feature","geometry":{"type":"Point","coordinates":[135.7127791,34.7409487]},"properties":{"z":164.8}},{"type":"Feature","geometry":{"type":"Point","coordinates":[135.7128093,34.7409862]},"properties":{"z":165.0}},{"type":"Feature","geometry":{"type":"Point","coordinates":[135.7128388,34.7410241]},"properties":{"z":165.2}},{"type":"Feature","geometry":{"type":"Point","coordinates":[135.7128651,34.7410635]},"properties":{"z":165.3}},{"type":"Feature","geometry":{"type":"Point","coordinates":[135.712892,34.7411026]},"properties":{"z":165.3}},{"type":"Feature","geometry":{"type":"Point","coordinates":[135.7129202,34.7411411]},"properties":{"z":165.7}},{"type":"Feature","geometry":{"type":"Point","coordinates":[135.7129494,34.7411791]},"properties":{"z":165.7}},{"type":"Feature","geometry":{"type":"Point","coordinates":[135.7129789,34.741217]},"properties":{"z":165.8}},{"type":"Feature","geometry":{"type":"Point","coordinates":[135.7130094,34.7412543]},"properties":{"z":166.0}},{"type":"Feature","geometry":{"type":"Point","coordinates":[135.7130414,34.7412907]},"properties":{"z":166.2}},{"type":"Feature","geometry":{"type":"Point","coordinates":[135.7130741,34.7413268]},"properties":{"z":166.2}},{"type":"Feature","geometry":{"type":"Point","coordinates":[135.7131072,34.7413625]},"properties":{"z":166.5}},{"type":"Feature","geometry":{"type":"Point","coordinates":[135.7131364,34.7414006]},"properties":{"z":166.5}},{"type":"Feature","geometry":{"type":"Point","coordinates":[135.7131606,34.7414407]},"properties":{"z":166.6}},{"type":"Feature","geometry":{"type":"Point","coordinates":[135.7131766,34.7414833]},"properties":{"z":167.3}},{"type":"Feature","geometry":{"type":"Point","coordinates":[135.7131815,34.7415279]},"properties":{"z":167.3}},{"type":"Feature","geometry":{"type":"Point","coordinates":[135.713177,34.7415726]},"properties":{"z":167.7}},{"type":"Feature","geometry":{"type":"Point","coordinates":[135.7131678,34.741617]},"properties":{"z":168.1}},{"type":"Feature","geometry":{"type":"Point","coordinates":[135.7131568,34.741661]},"properties":{"z":167.5}},{"type":"Feature","geometry":{"type":"Point","coordinates":[135.7131448,34.7417048]},"properties":{"z":167.9}},{"type":"Feature","geometry":{"type":"Point","coordinates":[135.7131338,34.7417489]},"properties":{"z":167.9}},{"type":"Feature","geometry":{"type":"Point","coordinates":[135.713121,34.7417925]},"properties":{"z":168.2}},{"type":"Feature","geometry":{"type":"Point","coordinates":[135.7131085,34.7418362]},"properties":{"z":168.4}},{"type":"Feature","geometry":{"type":"Point","coordinates":[135.7130961,34.74188]},"properties":{"z":168.4}},{"type":"Feature","geometry":{"type":"Point","coordinates":[135.713084,34.7419238]},"properties":{"z":168.6}},{"type":"Feature","geometry":{"type":"Point","coordinates":[135.7130794,34.7419684]},"properties":{"z":168.3}},{"type":"Feature","geometry":{"type":"Point","coordinates":[135.7130797,34.7420133]},"properties":{"z":168.3}},{"type":"Feature","geometry":{"type":"Point","coordinates":[135.713085,34.7420579]},"properties":{"z":168.8}},{"type":"Feature","geometry":{"type":"Point","coordinates":[135.7130974,34.7421017]},"properties":{"z":168.8}},{"type":"Feature","geometry":{"type":"Point","coordinates":[135.7131115,34.7421451]},"properties":{"z":168.9}},{"type":"Feature","geometry":{"type":"Point","coordinates":[135.7131168,34.7421897]},"properties":{"z":168.9}},{"type":"Feature","geometry":{"type":"Point","coordinates":[135.7131246,34.742234]},"properties":{"z":168.9}},{"type":"Feature","geometry":{"type":"Point","coordinates":[135.7131368,34.7422778]},"properties":{"z":169.1}},{"type":"Feature","geometry":{"type":"Point","coordinates":[135.7131509,34.7423213]},"properties":{"z":169.4}},{"type":"Feature","geometry":{"type":"Point","coordinates":[135.7131608,34.7423653]},"properties":{"z":169.4}},{"type":"Feature","geometry":{"type":"Point","coordinates":[135.7131733,34.7424088]},"properties":{"z":169.8}},{"type":"Feature","geometry":{"type":"Point","coordinates":[135.7131841,34.7424526]},"properties":{"z":169.8}},{"type":"Feature","geometry":{"type":"Point","coordinates":[135.7131892,34.7424974]},"properties":{"z":170.3}},{"type":"Feature","geometry":{"type":"Point","coordinates":[135.7131906,34.7425423]},"properties":{"z":171.7}},{"type":"Feature","geometry":{"type":"Point","coordinates":[135.7131961,34.7425868]},"properties":{"z":171.7}},{"type":"Feature","geometry":{"type":"Point","coordinates":[135.7132051,34.7426312]},"properties":{"z":173.2}},{"type":"Feature","geometry":{"type":"Point","coordinates":[135.7132091,34.7426759]},"properties":{"z":174.4}},{"type":"Feature","geometry":{"type":"Point","coordinates":[135.7132134,34.7427206]},"properties":{"z":174.4}},{"type":"Feature","geometry":{"type":"Point","coordinates":[135.7132204,34.7427652]},"properties":{"z":175.2}},{"type":"Feature","geometry":{"type":"Point","coordinates":[135.713223,34.74281]},"properties":{"z":175.2}},{"type":"Feature","geometry":{"type":"Point","coordinates":[135.7132202,34.7428549]},"properties":{"z":175.8}},{"type":"Feature","geometry":{"type":"Point","coordinates":[135.7132231,34.7428995]},"properties":{"z":175.9}},{"type":"Feature","geometry":{"type":"Point","coordinates":[135.713231,34.7429439]},"properties":{"z":175.9}},{"type":"Feature","geometry":{"type":"Point","coordinates":[135.7132474,34.7429863]},"properties":{"z":176.0}},{"type":"Feature","geometry":{"type":"Point","coordinates":[135.7132781,34.7430232]},"properties":{"z":175.7}},{"type":"Feature","geometry":{"type":"Point","coordinates":[135.7132963,34.7430652]},"properties":{"z":175.7}},{"type":"Feature","geometry":{"type":"Point","coordinates":[135.7132986,34.74311]},"properties":{"z":176.1}},{"type":"Feature","geometry":{"type":"Point","coordinates":[135.7132883,34.7431536]},"properties":{"z":176.1}},{"type":"Feature","geometry":{"type":"Point","coordinates":[135.7132707,34.7431961]},"properties":{"z":176.2}},{"type":"Feature","geometry":{"type":"Point","coordinates":[135.7132654,34.7432404]},"properties":{"z":176.2}},{"type":"Feature","geometry":{"type":"Point","coordinates":[135.7132657,34.7432854]},"properties":{"z":176.2}},{"type":"Feature","geometry":{"type":"Point","coordinates":[135.7132669,34.7433303]},"properties":{"z":176.0}},{"type":"Feature","geometry":{"type":"Point","coordinates":[135.7132748,34.7433747]},"properties":{"z":176.0}},{"type":"Feature","geometry":{"type":"Point","coordinates":[135.7132776,34.7434196]},"properties":{"z":175.7}},{"type":"Feature","geometry":{"type":"Point","coordinates":[135.7132802,34.7434645]},"properties":{"z":175.5}},{"type":"Feature","geometry":{"type":"Point","coordinates":[135.713285,34.7435091]},"properties":{"z":175.5}},{"type":"Feature","geometry":{"type":"Point","coordinates":[135.7132897,34.7435539]},"properties":{"z":175.4}},{"type":"Feature","geometry":{"type":"Point","coordinates":[135.7132931,34.7435988]},"properties":{"z":175.4}},{"type":"Feature","geometry":{"type":"Point","coordinates":[135.7133006,34.7436431]},"properties":{"z":175.4}},{"type":"Feature","geometry":{"type":"Point","coordinates":[135.7133128,34.7436869]},"properties":{"z":175.3}},{"type":"Feature","geometry":{"type":"Point","coordinates":[135.7133302,34.7437294]},"properties":{"z":175.6}},{"type":"Feature","geometry":{"type":"Point","coordinates":[135.7133615,34.7437662]},"properties":{"z":176.0}},{"type":"Feature","geometry":{"type":"Point","coordinates":[135.7133907,34.7438042]},"properties":{"z":176.3}},{"type":"Feature","geometry":{"type":"Point","coordinates":[135.7134236,34.7438401]},"properties":{"z":176.3}},{"type":"Feature","geometry":{"type":"Point","coordinates":[135.7134548,34.7438768]},"properties":{"z":177.2}},{"type":"Feature","geometry":{"type":"Point","coordinates":[135.7134913,34.7439103]},"properties":{"z":177.2}},{"type":"Feature","geometry":{"type":"Point","coordinates":[135.7135264,34.7439447]},"properties":{"z":178.2}},{"type":"Feature","geometry":{"type":"Point","coordinates":[135.7135684,34.7439732]},"properties":{"z":178.2}},{"type":"Feature","geometry":{"type":"Point","coordinates":[135.7136078,34.7440043]},"properties":{"z":178.8}},{"type":"Feature","geometry":{"type":"Point","coordinates":[135.7136472,34.7440354]},"properties":{"z":178.6}},{"type":"Feature","geometry":{"type":"Point","coordinates":[135.7136881,34.744065]},"properties":{"z":178.7}},{"type":"Feature","geometry":{"type":"Point","coordinates":[135.7137287,34.7440951]},"properties":{"z":179.0}},{"type":"Feature","geometry":{"type":"Point","coordinates":[135.7137712,34.7441233]},"properties":{"z":179.0}},{"type":"Feature","geometry":{"type":"Point","coordinates":[135.713813,34.7441523]},"properties":{"z":179.1}},{"type":"Feature","geometry":{"type":"Point","coordinates":[135.7138519,34.7441839]},"properties":{"z":179.1}},{"type":"Feature","geometry":{"type":"Point","coordinates":[135.7138914,34.744215]},"properties":{"z":178.9}},{"type":"Feature","geometry":{"type":"Point","coordinates":[135.713933,34.7442441]},"properties":{"z":179.3}},{"type":"Feature","geometry":{"type":"Point","coordinates":[135.7139761,34.7442719]},"properties":{"z":178.9}},{"type":"Feature","geometry":{"type":"Point","coordinates":[135.7140153,34.7443032]},"properties":{"z":179.2}},{"type":"Feature","geometry":{"type":"Point","coordinates":[135.7140538,34.7443351]},"properties":{"z":178.6}},{"type":"Feature","geometry":{"type":"Point","coordinates":[135.7140912,34.7443679]},"properties":{"z":178.8}},{"type":"Feature","geometry":{"type":"Point","coordinates":[135.7141277,34.7444015]},"properties":{"z":178.0}},{"type":"Feature","geometry":{"type":"Point","coordinates":[135.714166,34.7444335]},"properties":{"z":178.0}},{"type":"Feature","geometry":{"type":"Point","coordinates":[135.714205,34.744465]},"properties":{"z":177.0}},{"type":"Feature","geometry":{"type":"Point","coordinates":[135.7142461,34.7444947]},"properties":{"z":177.0}},{"type":"Feature","geometry":{"type":"Point","coordinates":[135.7142883,34.7445231]},"properties":{"z":175.8}},{"type":"Feature","geometry":{"type":"Point","coordinates":[135.7143343,34.7445475]},"properties":{"z":175.8}},{"type":"Feature","geometry":{"type":"Point","coordinates":[135.7143806,34.7445714]},"properties":{"z":175.2}},{"type":"Feature","geometry":{"type":"Point","coordinates":[135.7144287,34.7445928]},"properties":{"z":174.6}},{"type":"Feature","geometry":{"type":"Point","coordinates":[135.7144768,34.7446143]},"properties":{"z":174.3}},{"type":"Feature","geometry":{"type":"Point","coordinates":[135.7145236,34.7446375]},"properties":{"z":174.3}},{"type":"Feature","geometry":{"type":"Point","coordinates":[135.7145702,34.744661]},"properties":{"z":174.2}},{"type":"Feature","geometry":{"type":"Point","coordinates":[135.7146171,34.7446841]},"properties":{"z":174.2}},{"type":"Feature","geometry":{"type":"Point","coordinates":[135.7146644,34.7447068]},"properties":{"z":173.8}},{"type":"Feature","geometry":{"type":"Point","coordinates":[135.7147116,34.7447295]},"properties":{"z":174.0}},{"type":"Feature","geometry":{"type":"Point","coordinates":[135.7147598,34.7447507]},"properties":{"z":173.4}},{"type":"Feature","geometry":{"type":"Point","coordinates":[135.7148082,34.7447716]},"properties":{"z":172.9}},{"type":"Feature","geometry":{"type":"Point","coordinates":[135.714857,34.7447918]},"properties":{"z":173.7}},{"type":"Feature","geometry":{"type":"Point","coordinates":[135.7149091,34.7448056]},"properties":{"z":173.2}},{"type":"Feature","geometry":{"type":"Point","coordinates":[135.7149612,34.7448194]},"properties":{"z":173.2}},{"type":"Feature","geometry":{"type":"Point","coordinates":[135.7150135,34.7448324]},"properties":{"z":172.6}},{"type":"Feature","geometry":{"type":"Point","coordinates":[135.7150667,34.7448428]},"properties":{"z":172.2}},{"type":"Feature","geometry":{"type":"Point","coordinates":[135.7151199,34.7448533]},"properties":{"z":172.2}},{"type":"Feature","geometry":{"type":"Point","coordinates":[135.7151733,34.7448633]},"properties":{"z":172.8}},{"type":"Feature","geometry":{"type":"Point","coordinates":[135.715227,34.7448715]},"properties":{"z":172.8}},{"type":"Feature","geometry":{"type":"Point","coordinates":[135.7152808,34.7448798]},"properties":{"z":171.9}},{"type":"Feature","geometry":{"type":"Point","coordinates":[135.7153346,34.7448881]},"properties":{"z":170.7}},{"type":"Feature","geometry":{"type":"Point","coordinates":[135.7153883,34.7448964]},"properties":{"z":170.7}},{"type":"Feature","geometry":{"type":"Point","coordinates":[135.7154421,34.7449046]},"properties":{"z":169.9}},{"type":"Feature","geometry":{"type":"Point","coordinates":[135.715495,34.7449158]},"properties":{"z":169.4}},{"type":"Feature","geometry":{"type":"Point","coordinates":[135.7155474,34.7449289]},"properties":{"z":169.5}},{"type":"Feature","geometry":{"type":"Point","coordinates":[135.7155997,34.744942]},"properties":{"z":169.0}},{"type":"Feature","geometry":{"type":"Point","coordinates":[135.7156512,34.744957]},"properties":{"z":169.0}},{"type":"Feature","geometry":{"type":"Point","coordinates":[135.7157025,34.7449727]},"properties":{"z":168.7}},{"type":"Feature","geometry":{"type":"Point","coordinates":[135.7157538,34.7449883]},"properties":{"z":168.5}},{"type":"Feature","geometry":{"type":"Point","coordinates":[135.7158054,34.7450033]},"properties":{"z":168.4}},{"type":"Feature","geometry":{"type":"Point","coordinates":[135.715857,34.7450181]},"properties":{"z":168.1}},{"type":"Feature","geometry":{"type":"Point","coordinates":[135.7159087,34.7450329]},"properties":{"z":168.1}},{"type":"Feature","geometry":{"type":"Point","coordinates":[135.7159602,34.7450481]},"properties":{"z":167.8}},{"type":"Feature","geometry":{"type":"Point","coordinates":[135.7160116,34.7450634]},"properties":{"z":167.9}},{"type":"Feature","geometry":{"type":"Point","coordinates":[135.716063,34.7450788]},"properties":{"z":167.9}},{"type":"Feature","geometry":{"type":"Point","coordinates":[135.716113,34.745097]},"properties":{"z":167.8}},{"type":"Feature","geometry":{"type":"Point","coordinates":[135.7161627,34.7451158]},"properties":{"z":167.8}},{"type":"Feature","geometry":{"type":"Point","coordinates":[135.7162124,34.7451345]},"properties":{"z":167.7}},{"type":"Feature","geometry":{"type":"Point","coordinates":[135.7162627,34.7451523]},"properties":{"z":166.7}},{"type":"Feature","geometry":{"type":"Point","coordinates":[135.7163129,34.74517]},"properties":{"z":166.7}},{"type":"Feature","geometry":{"type":"Point","coordinates":[135.7163634,34.7451875]},"properties":{"z":167.0}},{"type":"Feature","geometry":{"type":"Point","coordinates":[135.7164139,34.7452047]},"properties":{"z":167.0}},{"type":"Feature","geometry":{"type":"Point","coordinates":[135.7164654,34.7452194]},"properties":{"z":166.2}},{"type":"Feature","geometry":{"type":"Point","coordinates":[135.7165187,34.7452295]},"properties":{"z":166.2}},{"type":"Feature","geometry":{"type":"Point","coordinates":[135.716572,34.7452397]},"properties":{"z":166.2}},{"type":"Feature","geometry":{"type":"Point","coordinates":[135.7166261,34.7452464]},"properties":{"z":166.5}},{"type":"Feature","geometry":{"type":"Point","coordinates":[135.7166802,34.7452526]},"properties":{"z":166.5}},{"type":"Feature","geometry":{"type":"Point","coordinates":[135.7167345,34.7452584]},"properties":{"z":166.6}},{"type":"Feature","geometry":{"type":"Point","coordinates":[135.7167889,34.7452629]},"properties":{"z":166.8}},{"type":"Feature","geometry":{"type":"Point","coordinates":[135.7168434,34.7452674]},"properties":{"z":166.8}},{"type":"Feature","geometry":{"type":"Point","coordinates":[135.7168979,34.7452703]},"properties":{"z":167.1}},{"type":"Feature","geometry":{"type":"Point","coordinates":[135.7169526,34.745272]},"properties":{"z":166.8}},{"type":"Feature","geometry":{"type":"Point","coordinates":[135.7170072,34.7452738]},"properties":{"z":166.8}},{"type":"Feature","geometry":{"type":"Point","coordinates":[135.7170619,34.7452759]},"properties":{"z":165.8}},{"type":"Feature","geometry":{"type":"Point","coordinates":[135.7171165,34.7452781]},"properties":{"z":164.7}},{"type":"Feature","geometry":{"type":"Point","coordinates":[135.7171712,34.745278]},"properties":{"z":164.7}},{"type":"Feature","geometry":{"type":"Point","coordinates":[135.7172259,34.7452771]},"properties":{"z":164.0}},{"type":"Feature","geometry":{"type":"Point","coordinates":[135.7172802,34.7452795]},"properties":{"z":164.0}},{"type":"Feature","geometry":{"type":"Point","coordinates":[135.7173338,34.7452886]},"properties":{"z":163.0}},{"type":"Feature","geometry":{"type":"Point","coordinates":[135.7173874,34.7452976]},"properties":{"z":162.4}},{"type":"Feature","geometry":{"type":"Point","coordinates":[135.717438,34.7453144]},"properties":{"z":162.4}},{"type":"Feature","geometry":{"type":"Point","coordinates":[135.7174883,34.7453322]},"properties":{"z":161.8}},{"type":"Feature","geometry":{"type":"Point","coordinates":[135.7175383,34.7453503]},"properties":{"z":161.8}},{"type":"Feature","geometry":{"type":"Point","coordinates":[135.7175882,34.7453687]},"properties":{"z":160.8}},{"type":"Feature","geometry":{"type":"Point","coordinates":[135.7176381,34.7453871]},"properties":{"z":160.6}},{"type":"Feature","geometry":{"type":"Point","coordinates":[135.7176857,34.7454094]},"properties":{"z":160.6}},{"type":"Feature","geometry":{"type":"Point","coordinates":[135.717733,34.7454319]},"properties":{"z":161.0}},{"type":"Feature","geometry":{"type":"Point","coordinates":[135.7177801,34.7454548]},"properties":{"z":161.0}},{"type":"Feature","geometry":{"type":"Point","coordinates":[135.7178255,34.7454798]},"properties":{"z":160.8}},{"type":"Feature","geometry":{"type":"Point","coordinates":[135.717871,34.7455048]},"properties":{"z":161.6}},{"type":"Feature","geometry":{"type":"Point","coordinates":[135.7179175,34.7455283]},"properties":{"z":161.8}},{"type":"Feature","geometry":{"type":"Point","coordinates":[135.7179667,34.7455479]},"properties":{"z":161.8}},{"type":"Feature","geometry":{"type":"Point","coordinates":[135.718016,34.7455675]},"properties":{"z":162.8}},{"type":"Feature","geometry":{"type":"Point","coordinates":[135.7180671,34.7455827]},"properties":{"z":162.6}},{"type":"Feature","geometry":{"type":"Point","coordinates":[135.7181204,34.7455926]},"properties":{"z":162.6}},{"type":"Feature","geometry":{"type":"Point","coordinates":[135.7181738,34.7456025]},"properties":{"z":162.5}},{"type":"Feature","geometry":{"type":"Point","coordinates":[135.7182279,34.745609]},"properties":{"z":162.5}},{"type":"Feature","geometry":{"type":"Point","coordinates":[135.7182822,34.7456149]},"properties":{"z":162.3}},{"type":"Feature","geometry":{"type":"Point","coordinates":[135.7183363,34.7456212]},"properties":{"z":162.2}},{"type":"Feature","geometry":{"type":"Point","coordinates":[135.7183904,34.7456281]},"properties":{"z":162.2}},{"type":"Feature","geometry":{"type":"Point","coordinates":[135.7184446,34.7456341]},"properties":{"z":163.6}},{"type":"Feature","geometry":{"type":"Point","coordinates":[135.7184989,34.7456393]},"properties":{"z":163.5}},{"type":"Feature","geometry":{"type":"Point","coordinates":[135.7185533,34.7456441]},"properties":{"z":163.5}},{"type":"Feature","geometry":{"type":"Point","coordinates":[135.7186078,34.7456485]},"properties":{"z":163.3}},{"type":"Feature","geometry":{"type":"Point","coordinates":[135.7186623,34.7456521]},"properties":{"z":162.9}},{"type":"Feature","geometry":{"type":"Point","coordinates":[135.7187169,34.7456549]},"properties":{"z":162.9}},{"type":"Feature","geometry":{"type":"Point","coordinates":[135.7187716,34.7456558]},"properties":{"z":162.5}},{"type":"Feature","geometry":{"type":"Point","coordinates":[135.7188263,34.7456557]},"properties":{"z":162.5}},{"type":"Feature","geometry":{"type":"Point","coordinates":[135.7188809,34.7456532]},"properties":{"z":162.1}},{"type":"Feature","geometry":{"type":"Point","coordinates":[135.7189355,34.7456518]},"properties":{"z":161.6}},{"type":"Feature","geometry":{"type":"Point","coordinates":[135.7189902,34.7456527]},"properties":{"z":161.6}},{"type":"Feature","geometry":{"type":"Point","coordinates":[135.7190449,34.7456526]},"properties":{"z":160.8}},{"type":"Feature","geometry":{"type":"Point","coordinates":[135.7190995,34.7456504]},"properties":{"z":160.1}},{"type":"Feature","geometry":{"type":"Point","coordinates":[135.7191542,34.7456483]},"properties":{"z":160.1}},{"type":"Feature","geometry":{"type":"Point","coordinates":[135.7192089,34.7456471]},"properties":{"z":159.6}},{"type":"Feature","geometry":{"type":"Point","coordinates":[135.7192636,34.7456459]},"properties":{"z":159.1}},{"type":"Feature","geometry":{"type":"Point","coordinates":[135.7193183,34.7456457]},"properties":{"z":159.1}},{"type":"Feature","geometry":{"type":"Point","coordinates":[135.719373,34.7456457]},"properties":{"z":158.7}},{"type":"Feature","geometry":{"type":"Point","coordinates":[135.7194277,34.7456463]},"properties":{"z":158.7}},{"type":"Feature","geometry":{"type":"Point","coordinates":[135.7194823,34.745648]},"properties":{"z":158.2}},{"type":"Feature","geometry":{"type":"Point","coordinates":[135.719537,34.7456493]},"properties":{"z":157.6}},{"type":"Feature","geometry":{"type":"Point","coordinates":[135.7195917,34.7456497]},"properties":{"z":157.6}},{"type":"Feature","geometry":{"type":"Point","coordinates":[135.7196464,34.7456501]},"properties":{"z":157.1}},{"type":"Feature","geometry":{"type":"Point","coordinates":[135.7197011,34.7456506]},"properties":{"z":156.7}},{"type":"Feature","geometry":{"type":"Point","coordinates":[135.7197558,34.7456528]},"properties":{"z":156.7}},{"type":"Feature","geometry":{"type":"Point","coordinates":[135.7198103,34.7456559]},"properties":{"z":156.4}},{"type":"Feature","geometry":{"type":"Point","coordinates":[135.719865,34.7456569]},"properties":{"z":156.2}},{"type":"Feature","geometry":{"type":"Point","coordinates":[135.7199197,34.7456575]},"properties":{"z":156.2}},{"type":"Feature","geometry":{"type":"Point","coordinates":[135.7199744,34.7456565]},"properties":{"z":155.9}},{"type":"Feature","geometry":{"type":"Point","coordinates":[135.7200284,34.7456585]},"properties":{"z":155.9}},{"type":"Feature","geometry":{"type":"Point","coordinates":[135.720079,34.7456756]},"properties":{"z":155.6}},{"type":"Feature","geometry":{"type":"Point","coordinates":[135.7201206,34.7457019]},"properties":{"z":155.2}},{"type":"Feature","geometry":{"type":"Point","coordinates":[135.7201514,34.745739]},"properties":{"z":155.4}},{"type":"Feature","geometry":{"type":"Point","coordinates":[135.7201768,34.7457786]},"properties":{"z":155.5}},{"type":"Feature","geometry":{"type":"Point","coordinates":[135.7201995,34.7458196]},"properties":{"z":155.5}},{"type":"Feature","geometry":{"type":"Point","coordinates":[135.7202231,34.7458601]},"properties":{"z":155.3}},{"type":"Feature","geometry":{"type":"Point","coordinates":[135.720247,34.7459005]},"properties":{"z":155.3}},{"type":"Feature","geometry":{"type":"Point","coordinates":[135.7202656,34.7459427]},"properties":{"z":155.4}},{"type":"Feature","geometry":{"type":"Point","coordinates":[135.7202813,34.7459857]},"properties":{"z":155.5}},{"type":"Feature","geometry":{"type":"Point","coordinates":[135.7202941,34.7460293]},"properties":{"z":155.2}},{"type":"Feature","geometry":{"type":"Point","coordinates":[135.7203004,34.7460739]},"properties":{"z":155.3}},{"type":"Feature","geometry":{"type":"Point","coordinates":[135.7203067,34.7461186]},"properties":{"z":155.3}},{"type":"Feature","geometry":{"type":"Point","coordinates":[135.7203119,34.7461633]},"properties":{"z":155.3}},{"type":"Feature","geometry":{"type":"Point","coordinates":[135.720317,34.7462081]},"properties":{"z":155.4}},{"type":"Feature","geometry":{"type":"Point","coordinates":[135.720323,34.7462528]},"properties":{"z":155.4}},{"type":"Feature","geometry":{"type":"Point","coordinates":[135.7203293,34.7462974]},"properties":{"z":155.5}},{"type":"Feature","geometry":{"type":"Point","coordinates":[135.7203357,34.7463421]},"properties":{"z":155.6}},{"type":"Feature","geometry":{"type":"Point","coordinates":[135.7203424,34.7463867]},"properties":{"z":155.6}},{"type":"Feature","geometry":{"type":"Point","coordinates":[135.7203478,34.7464314]},"properties":{"z":155.7}},{"type":"Feature","geometry":{"type":"Point","coordinates":[135.7203525,34.7464762]},"properties":{"z":155.7}},{"type":"Feature","geometry":{"type":"Point","coordinates":[135.7203602,34.7465207]},"properties":{"z":155.7}},{"type":"Feature","geometry":{"type":"Point","coordinates":[135.720368,34.7465652]},"properties":{"z":155.9}},{"type":"Feature","geometry":{"type":"Point","coordinates":[135.7203753,34.7466097]},"properties":{"z":155.9}},{"type":"Feature","geometry":{"type":"Point","coordinates":[135.7203787,34.7466546]},"properties":{"z":156.0}},{"type":"Feature","geometry":{"type":"Point","coordinates":[135.7203836,34.7466994]},"properties":{"z":156.2}},{"type":"Feature","geometry":{"type":"Point","coordinates":[135.7203894,34.7467441]},"properties":{"z":156.2}},{"type":"Feature","geometry":{"type":"Point","coordinates":[135.7203949,34.7467888]},"properties":{"z":156.2}},{"type":"Feature","geometry":{"type":"Point","coordinates":[135.7203982,34.7468336]},"properties":{"z":156.3}},{"type":"Feature","geometry":{"type":"Point","coordinates":[135.7204015,34.7468785]},"properties":{"z":156.3}},{"type":"Feature","geometry":{"type":"Point","coordinates":[135.7204039,34.7469234]},"properties":{"z":156.4}},{"type":"Feature","geometry":{"type":"Point","coordinates":[135.7204038,34.7469683]},"properties":{"z":156.4}},{"type":"Feature","geometry":{"type":"Point","coordinates":[135.7204013,34.7470132]},"properties":{"z":156.6}},{"type":"Feature","geometry":{"type":"Point","coordinates":[135.7204004,34.7470582]},"properties":{"z":156.8}},{"type":"Feature","geometry":{"type":"Point","coordinates":[135.7203918,34.7471026]},"properties":{"z":156.8}},{"type":"Feature","geometry":{"type":"Point","coordinates":[135.7203834,34.747147]},"properties":{"z":157.0}},{"type":"Feature","geometry":{"type":"Point","coordinates":[135.7203742,34.7471913]},"properties":{"z":157.4}},{"type":"Feature","geometry":{"type":"Point","coordinates":[135.7203632,34.7472353]},"properties":{"z":157.4}},{"type":"Feature","geometry":{"type":"Point","coordinates":[135.72035,34.7472789]},"properties":{"z":157.6}},{"type":"Feature","geometry":{"type":"Point","coordinates":[135.7203331,34.7473217]},"properties":{"z":157.6}},{"type":"Feature","geometry":{"type":"Point","coordinates":[135.7203145,34.747364]},"properties":{"z":157.4}},{"type":"Feature","geometry":{"type":"Point","coordinates":[135.7202947,34.7474058]},"properties":{"z":157.2}},{"type":"Feature","geometry":{"type":"Point","coordinates":[135.7202745,34.7474476]},"properties":{"z":157.8}},{"type":"Feature","geometry":{"type":"Point","coordinates":[135.7202541,34.7474893]},"properties":{"z":157.6}},{"type":"Feature","geometry":{"type":"Point","coordinates":[135.7202337,34.747531]},"properties":{"z":157.6}},{"type":"Feature","geometry":{"type":"Point","coordinates":[135.7202133,34.7475727]},"properties":{"z":157.4}},{"type":"Feature","geometry":{"type":"Point","coordinates":[135.7201927,34.7476144]},"properties":{"z":158.0}},{"type":"Feature","geometry":{"type":"Point","coordinates":[135.7201736,34.7476565]},"properties":{"z":158.0}},{"type":"Feature","geometry":{"type":"Point","coordinates":[135.7201524,34.747698]},"properties":{"z":158.5}},{"type":"Feature","geometry":{"type":"Point","coordinates":[135.7201311,34.7477394]},"properties":{"z":158.5}},{"type":"Feature","geometry":{"type":"Point","coordinates":[135.7201093,34.7477806]},"properties":{"z":159.7}},{"type":"Feature","geometry":{"type":"Point","coordinates":[135.7200868,34.7478216]},"properties":{"z":160.1}},{"type":"Feature","geometry":{"type":"Point","coordinates":[135.7200642,34.7478625]},"properties":{"z":160.1}},{"type":"Feature","geometry":{"type":"Point","coordinates":[135.720043,34.7479039]},"properties":{"z":160.2}},{"type":"Feature","geometry":{"type":"Point","coordinates":[135.7200236,34.7479459]},"properties":{"z":160.4}},{"type":"Feature","geometry":{"type":"Point","coordinates":[135.7200028,34.7479875]},"properties":{"z":160.4}},{"type":"Feature","geometry":{"type":"Point","coordinates":[135.7199816,34.748029]},"properties":{"z":160.4}},{"type":"Feature","geometry":{"type":"Point","coordinates":[135.71996,34.7480703]},"properties":{"z":160.4}},{"type":"Feature","geometry":{"type":"Point","coordinates":[135.7199386,34.7481116]},"properties":{"z":160.6}},{"type":"Feature","geometry":{"type":"Point","coordinates":[135.719918,34.7481532]},"properties":{"z":160.6}},{"type":"Feature","geometry":{"type":"Point","coordinates":[135.7198972,34.7481948]},"properties":{"z":160.5}},{"type":"Feature","geometry":{"type":"Point","coordinates":[135.7198756,34.7482361]},"properties":{"z":160.5}},{"type":"Feature","geometry":{"type":"Point","coordinates":[135.7198533,34.7482772]},"properties":{"z":160.9}},{"type":"Feature","geometry":{"type":"Point","coordinates":[135.7198313,34.7483183]},"properties":{"z":160.7}},{"type":"Feature","geometry":{"type":"Point","coordinates":[135.7198099,34.7483597]},"properties":{"z":160.7}},{"type":"Feature","geometry":{"type":"Point","coordinates":[135.7197889,34.7484012]},"properties":{"z":160.6}},{"type":"Feature","geometry":{"type":"Point","coordinates":[135.7197678,34.7484427]},"properties":{"z":161.1}},{"type":"Feature","geometry":{"type":"Point","coordinates":[135.7197454,34.7484837]},"properties":{"z":161.0}},{"type":"Feature","geometry":{"type":"Point","coordinates":[135.7197245,34.7485252]},"properties":{"z":161.0}},{"type":"Feature","geometry":{"type":"Point","coordinates":[135.7197035,34.7485667]},"properties":{"z":161.0}},{"type":"Feature","geometry":{"type":"Point","coordinates":[135.7196823,34.7486082]},"properties":{"z":161.4}},{"type":"Feature","geometry":{"type":"Point","coordinates":[135.7196619,34.7486499]},"properties":{"z":161.4}},{"type":"Feature","geometry":{"type":"Point","coordinates":[135.7196417,34.7486917]},"properties":{"z":161.2}},{"type":"Feature","geometry":{"type":"Point","coordinates":[135.7196208,34.7487332]},"properties":{"z":161.2}},{"type":"Feature","geometry":{"type":"Point","coordinates":[135.7195994,34.7487746]},"properties":{"z":161.5}},{"type":"Feature","geometry":{"type":"Point","coordinates":[135.7195781,34.748816]},"properties":{"z":161.3}},{"type":"Feature","geometry":{"type":"Point","coordinates":[135.7195581,34.7488578]},"properties":{"z":161.3}},{"type":"Feature","geometry":{"type":"Point","coordinates":[135.7195371,34.7488993]},"properties":{"z":161.0}},{"type":"Feature","geometry":{"type":"Point","coordinates":[135.719515,34.7489404]},"properties":{"z":161.4}},{"type":"Feature","geometry":{"type":"Point","coordinates":[135.7194921,34.7489813]},"properties":{"z":161.0}},{"type":"Feature","geometry":{"type":"Point","coordinates":[135.7194756,34.7490241]},"properties":{"z":160.8}},{"type":"Feature","geometry":{"type":"Point","coordinates":[135.7194569,34.7490663]},"properties":{"z":160.8}},{"type":"Feature","geometry":{"type":"Point","coordinates":[135.7194368,34.7491081]},"properties":{"z":160.7}},{"type":"Feature","geometry":{"type":"Point","coordinates":[135.7194157,34.7491496]},"properties":{"z":161.0}},{"type":"Feature","geometry":{"type":"Point","coordinates":[135.7193927,34.7491904]},"properties":{"z":160.9}},{"type":"Feature","geometry":{"type":"Point","coordinates":[135.7193723,34.7492321]},"properties":{"z":160.7}},{"type":"Feature","geometry":{"type":"Point","coordinates":[135.7193507,34.7492734]},"properties":{"z":160.7}},{"type":"Feature","geometry":{"type":"Point","coordinates":[135.7193287,34.7493145]},"properties":{"z":160.9}},{"type":"Feature","geometry":{"type":"Point","coordinates":[135.7193085,34.7493563]},"properties":{"z":160.9}},{"type":"Feature","geometry":{"type":"Point","coordinates":[135.7192884,34.7493981]},"properties":{"z":160.7}},{"type":"Feature","geometry":{"type":"Point","coordinates":[135.7192676,34.7494397]},"properties":{"z":160.7}},{"type":"Feature","geometry":{"type":"Point","coordinates":[135.7192477,34.7494815]},"properties":{"z":160.7}},{"type":"Feature","geometry":{"type":"Point","coordinates":[135.7192288,34.7495237]},"properties":{"z":160.5}},{"type":"Feature","geometry":{"type":"Point","coordinates":[135.7192089,34.7495656]},"properties":{"z":160.5}},{"type":"Feature","geometry":{"type":"Point","coordinates":[135.7191901,34.7496078]},"properties":{"z":160.5}},{"type":"Feature","geometry":{"type":"Point","coordinates":[135.7191728,34.7496504]},"properties":{"z":160.7}},{"type":"Feature","geometry":{"type":"Point","coordinates":[135.7191559,34.7496932]},"properties":{"z":160.6}},{"type":"Feature","geometry":{"type":"Point","coordinates":[135.7191381,34.7497357]},"properties":{"z":160.5}},{"type":"Feature","geometry":{"type":"Point","coordinates":[135.7191216,34.7497785]},"properties":{"z":160.5}},{"type":"Feature","geometry":{"type":"Point","coordinates":[135.7191052,34.7498214]},"properties":{"z":160.5}},{"type":"Feature","geometry":{"type":"Point","coordinates":[135.7190911,34.7498648]},"properties":{"z":160.5}},{"type":"Feature","geometry":{"type":"Point","coordinates":[135.719079,34.7499086]},"properties":{"z":160.7}},{"type":"Feature","geometry":{"type":"Point","coordinates":[135.7190653,34.7499521]},"properties":{"z":160.7}},{"type":"Feature","geometry":{"type":"Point","coordinates":[135.7190482,34.7499949]},"properties":{"z":160.7}},{"type":"Feature","geometry":{"type":"Point","coordinates":[135.7190314,34.7500376]},"properties":{"z":160.6}},{"type":"Feature","geometry":{"type":"Point","coordinates":[135.7190151,34.7500805]},"properties":{"z":160.6}},{"type":"Feature","geometry":{"type":"Point","coordinates":[135.7189991,34.7501235]},"properties":{"z":160.9}},{"type":"Feature","geometry":{"type":"Point","coordinates":[135.7189825,34.7501664]},"properties":{"z":160.8}},{"type":"Feature","geometry":{"type":"Point","coordinates":[135.7189687,34.7502098]},"properties":{"z":160.8}},{"type":"Feature","geometry":{"type":"Point","coordinates":[135.7189547,34.7502533]},"properties":{"z":160.8}},{"type":"Feature","geometry":{"type":"Point","coordinates":[135.7189385,34.7502962]},"properties":{"z":160.7}},{"type":"Feature","geometry":{"type":"Point","coordinates":[135.7189218,34.750339]},"properties":{"z":160.7}},{"type":"Feature","geometry":{"type":"Point","coordinates":[135.7189076,34.7503824]},"properties":{"z":160.9}},{"type":"Feature","geometry":{"type":"Point","coordinates":[135.7188938,34.7504259]},"properties":{"z":160.9}},{"type":"Feature","geometry":{"type":"Point","coordinates":[135.7188789,34.7504692]},"properties":{"z":160.8}},{"type":"Feature","geometry":{"type":"Point","coordinates":[135.7188627,34.7505121]},"properties":{"z":160.8}},{"type":"Feature","geometry":{"type":"Point","coordinates":[135.7188457,34.7505548]},"properties":{"z":160.8}},{"type":"Feature","geometry":{"type":"Point","coordinates":[135.7188293,34.7505977]},"properties":{"z":161.2}},{"type":"Feature","geometry":{"type":"Point","coordinates":[135.7188159,34.7506413]},"properties":{"z":161.2}},{"type":"Feature","geometry":{"type":"Point","coordinates":[135.7188018,34.7506847]},"properties":{"z":161.2}},{"type":"Feature","geometry":{"type":"Point","coordinates":[135.7187884,34.7507282]},"properties":{"z":161.1}},{"type":"Feature","geometry":{"type":"Point","coordinates":[135.7187763,34.7507721]},"properties":{"z":161.1}},{"type":"Feature","geometry":{"type":"Point","coordinates":[135.7187619,34.7508154]},"properties":{"z":161.0}},{"type":"Feature","geometry":{"type":"Point","coordinates":[135.7187465,34.7508586]},"properties":{"z":160.9}},{"type":"Feature","geometry":{"type":"Point","coordinates":[135.718734,34.7509023]},"properties":{"z":161.4}},{"type":"Feature","geometry":{"type":"Point","coordinates":[135.7187237,34.7509465]},"properties":{"z":161.4}},{"type":"Feature","geometry":{"type":"Point","coordinates":[135.7187112,34.7509902]},"properties":{"z":161.4}},{"type":"Feature","geometry":{"type":"Point","coordinates":[135.7186966,34.7510335]},"properties":{"z":161.4}},{"type":"Feature","geometry":{"type":"Point","coordinates":[135.7186811,34.7510766]},"properties":{"z":161.4}},{"type":"Feature","geometry":{"type":"Point","coordinates":[135.7186658,34.7511198]},"properties":{"z":161.4}},{"type":"Feature","geometry":{"type":"Point","coordinates":[135.7186511,34.7511631]},"properties":{"z":161.9}},{"type":"Feature","geometry":{"type":"Point","coordinates":[135.7186346,34.751206]},"properties":{"z":162.0}},{"type":"Feature","geometry":{"type":"Point","coordinates":[135.7186134,34.7512469]},"properties":{"z":162.0}},{"type":"Feature","geometry":{"type":"Point","coordinates":[135.7186128,34.7512913]},"properties":{"z":162.1}},{"type":"Feature","geometry":{"type":"Point","coordinates":[135.7186333,34.7513329]},"properties":{"z":162.1}},{"type":"Feature","geometry":{"type":"Point","coordinates":[135.7186549,34.7513743]},"properties":{"z":162.1}},{"type":"Feature","geometry":{"type":"Point","coordinates":[135.7186613,34.7514185]},"properties":{"z":161.4}},{"type":"Feature","geometry":{"type":"Point","coordinates":[135.7186643,34.7514634]},"properties":{"z":161.4}},{"type":"Feature","geometry":{"type":"Point","coordinates":[135.718664,34.7515083]},"properties":{"z":162.0}},{"type":"Feature","geometry":{"type":"Point","coordinates":[135.7186542,34.7515521]},"properties":{"z":162.1}},{"type":"Feature","geometry":{"type":"Point","coordinates":[135.7186284,34.7515912]},"properties":{"z":162.2}},{"type":"Feature","geometry":{"type":"Point","coordinates":[135.7186449,34.7516046]},"properties":{"z":162.2}},{"type":"Feature","geometry":{"type":"Point","coordinates":[135.7186859,34.7516343]},"properties":{"z":164.9}},{"type":"Feature","geometry":{"type":"Point","coordinates":[135.7187268,34.7516642]},"properties":{"z":164.9}},{"type":"Feature","geometry":{"type":"Point","coordinates":[135.7187668,34.7516949]},"properties":{"z":165.3}},{"type":"Feature","geometry":{"type":"Point","coordinates":[135.7188057,34.7517264]},"properties":{"z":165.5}},{"type":"Feature","geometry":{"type":"Point","coordinates":[135.7188459,34.7517569]},"properties":{"z":165.6}},{"type":"Feature","geometry":{"type":"Point","coordinates":[135.7188839,34.7517892]},"properties":{"z":165.8}},{"type":"Feature","geometry":{"type":"Point","coordinates":[135.7189223,34.7518213]},"properties":{"z":165.9}},{"type":"Feature","geometry":{"type":"Point","coordinates":[135.7189641,34.7518502]},"properties":{"z":166.2}},{"type":"Feature","geometry":{"type":"Point","coordinates":[135.7190059,34.7518792]},"properties":{"z":166.1}},{"type":"Feature","geometry":{"type":"Point","coordinates":[135.7190461,34.7519096]},"properties":{"z":166.4}},{"type":"Feature","geometry":{"type":"Point","coordinates":[135.7190859,34.7519404]},"properties":{"z":166.4}},{"type":"Feature","geometry":{"type":"Point","coordinates":[135.7191263,34.7519708]},"properties":{"z":166.1}},{"type":"Feature","geometry":{"type":"Point","coordinates":[135.7191656,34.752002]},"properties":{"z":166.3}},{"type":"Feature","geometry":{"type":"Point","coordinates":[135.7192043,34.7520338]},"properties":{"z":166.0}},{"type":"Feature","geometry":{"type":"Point","coordinates":[135.7192435,34.7520652]},"properties":{"z":166.1}},{"type":"Feature","geometry":{"type":"Point","coordinates":[135.719285,34.7520944]},"properties":{"z":165.9}},{"type":"Feature","geometry":{"type":"Point","coordinates":[135.7193276,34.7521227]},"properties":{"z":166.0}},{"type":"Feature","geometry":{"type":"Point","coordinates":[135.7193688,34.7521521]},"properties":{"z":165.7}},{"type":"Feature","geometry":{"type":"Point","coordinates":[135.719408,34.7521835]},"properties":{"z":165.7}},{"type":"Feature","geometry":{"type":"Point","coordinates":[135.7194489,34.7522133]},"properties":{"z":165.7}},{"type":"Feature","geometry":{"type":"Point","coordinates":[135.7194889,34.752244]},"properties":{"z":165.7}},{"type":"Feature","geometry":{"type":"Point","coordinates":[135.719529,34.7522746]},"properties":{"z":165.7}},{"type":"Feature","geometry":{"type":"Point","coordinates":[135.7195698,34.7523045]},"properties":{"z":165.7}},{"type":"Feature","geometry":{"type":"Point","coordinates":[135.7196117,34.7523333]},"properties":{"z":165.8}},{"type":"Feature","geometry":{"type":"Point","coordinates":[135.7196549,34.7523609]},"properties":{"z":165.8}},{"type":"Feature","geometry":{"type":"Point","coordinates":[135.7196966,34.75239]},"properties":{"z":165.7}},{"type":"Feature","geometry":{"type":"Point","coordinates":[135.7197433,34.7524135]},"properties":{"z":165.9}},{"type":"Feature","geometry":{"type":"Point","coordinates":[135.7197904,34.7524364]},"properties":{"z":165.8}},{"type":"Feature","geometry":{"type":"Point","coordinates":[135.7198356,34.7524617]},"properties":{"z":165.8}},{"type":"Feature","geometry":{"type":"Point","coordinates":[135.719881,34.7524867]},"properties":{"z":165.8}},{"type":"Feature","geometry":{"type":"Point","coordinates":[135.7199272,34.7525108]},"properties":{"z":165.8}},{"type":"Feature","geometry":{"type":"Point","coordinates":[135.7199744,34.7525335]},"properties":{"z":165.7}},{"type":"Feature","geometry":{"type":"Point","coordinates":[135.7200227,34.7525546]},"properties":{"z":165.9}},{"type":"Feature","geometry":{"type":"Point","coordinates":[135.7200693,34.7525782]},"properties":{"z":165.8}},{"type":"Feature","geometry":{"type":"Point","coordinates":[135.7201154,34.7526023]},"properties":{"z":165.8}},{"type":"Feature","geometry":{"type":"Point","coordinates":[135.7201622,34.7526256]},"properties":{"z":165.8}},{"type":"Feature","geometry":{"type":"Point","coordinates":[135.7202101,34.7526473]},"properties":{"z":165.7}},{"type":"Feature","geometry":{"type":"Point","coordinates":[135.7202584,34.7526683]},"properties":{"z":165.7}},{"type":"Feature","geometry":{"type":"Point","coordinates":[135.720304,34.7526932]},"properties":{"z":165.7}},{"type":"Feature","geometry":{"type":"Point","coordinates":[135.7203503,34.752717]},"properties":{"z":165.7}},{"type":"Feature","geometry":{"type":"Point","coordinates":[135.7203975,34.7527398]},"properties":{"z":165.5}},{"type":"Feature","geometry":{"type":"Point","coordinates":[135.720445,34.7527621]},"properties":{"z":165.7}},{"type":"Feature","geometry":{"type":"Point","coordinates":[135.7204922,34.7527848]},"properties":{"z":165.5}},{"type":"Feature","geometry":{"type":"Point","coordinates":[135.7205378,34.7528097]},"properties":{"z":165.5}},{"type":"Feature","geometry":{"type":"Point","coordinates":[135.7205852,34.7528313]},"properties":{"z":165.5}},{"type":"Feature","geometry":{"type":"Point","coordinates":[135.720634,34.7528515]},"properties":{"z":165.5}},{"type":"Feature","geometry":{"type":"Point","coordinates":[135.7206837,34.7528702]},"properties":{"z":165.4}},{"type":"Feature","geometry":{"type":"Point","coordinates":[135.7207327,34.7528903]},"properties":{"z":165.3}},{"type":"Feature","geometry":{"type":"Point","coordinates":[135.720761,34.7529266]},"properties":{"z":165.4}},{"type":"Feature","geometry":{"type":"Point","coordinates":[135.7207726,34.75297]},"properties":{"z":165.6}},{"type":"Feature","geometry":{"type":"Point","coordinates":[135.7207764,34.7530148]},"properties":{"z":165.6}},{"type":"Feature","geometry":{"type":"Point","coordinates":[135.7207776,34.7530597]},"properties":{"z":165.7}},{"type":"Feature","geometry":{"type":"Point","coordinates":[135.7207785,34.7531047]},"properties":{"z":165.7}},{"type":"Feature","geometry":{"type":"Point","coordinates":[135.7207742,34.7531495]},"properties":{"z":165.8}},{"type":"Feature","geometry":{"type":"Point","coordinates":[135.720772,34.7531943]},"properties":{"z":166.0}},{"type":"Feature","geometry":{"type":"Point","coordinates":[135.7207728,34.7532393]},"properties":{"z":166.0}},{"type":"Feature","geometry":{"type":"Point","coordinates":[135.7207728,34.7532842]},"properties":{"z":166.1}},{"type":"Feature","geometry":{"type":"Point","coordinates":[135.7207726,34.7533292]},"properties":{"z":166.2}},{"type":"Feature","geometry":{"type":"Point","coordinates":[135.7207686,34.7533739]},"properties":{"z":166.2}},{"type":"Feature","geometry":{"type":"Point","coordinates":[135.7207608,34.7534184]},"properties":{"z":166.3}},{"type":"Feature","geometry":{"type":"Point","coordinates":[135.7207531,34.7534629]},"properties":{"z":166.5}},{"type":"Feature","geometry":{"type":"Point","coordinates":[135.7207528,34.7535078]},"properties":{"z":166.5}},{"type":"Feature","geometry":{"type":"Point","coordinates":[135.7207522,34.7535528]},"properties":{"z":166.6}},{"type":"Feature","geometry":{"type":"Point","coordinates":[135.7207495,34.7535977]},"properties":{"z":166.6}},{"type":"Feature","geometry":{"type":"Point","coordinates":[135.7207455,34.7536425]},"properties":{"z":166.8}},{"type":"Feature","geometry":{"type":"Point","coordinates":[135.7207417,34.7536873]},"properties":{"z":166.9}},{"type":"Feature","geometry":{"type":"Point","coordinates":[135.7207361,34.753732]},"properties":{"z":166.9}},{"type":"Feature","geometry":{"type":"Point","coordinates":[135.7207292,34.7537766]},"properties":{"z":167.3}},{"type":"Feature","geometry":{"type":"Point","coordinates":[135.7207219,34.7538212]},"properties":{"z":167.6}},{"type":"Feature","geometry":{"type":"Point","coordinates":[135.7207153,34.7538658]},"properties":{"z":168.1}},{"type":"Feature","geometry":{"type":"Point","coordinates":[135.7207103,34.7539106]},"properties":{"z":168.3}},{"type":"Feature","geometry":{"type":"Point","coordinates":[135.7207056,34.7539553]},"properties":{"z":168.4}},{"type":"Feature","geometry":{"type":"Point","coordinates":[135.7207048,34.7540003]},"properties":{"z":168.4}},{"type":"Feature","geometry":{"type":"Point","coordinates":[135.720704,34.7540452]},"properties":{"z":168.6}},{"type":"Feature","geometry":{"type":"Point","coordinates":[135.720702,34.7540901]},"properties":{"z":168.6}},{"type":"Feature","geometry":{"type":"Point","coordinates":[135.7206991,34.754135]},"properties":{"z":168.6}},{"type":"Feature","geometry":{"type":"Point","coordinates":[135.7206984,34.75418]},"properties":{"z":168.7}},{"type":"Feature","geometry":{"type":"Point","coordinates":[135.7207011,34.7542248]},"properties":{"z":168.7}},{"type":"Feature","geometry":{"type":"Point","coordinates":[135.7207051,34.7542697]},"properties":{"z":168.8}},{"type":"Feature","geometry":{"type":"Point","coordinates":[135.7207102,34.7543144]},"properties":{"z":168.8}},{"type":"Feature","geometry":{"type":"Point","coordinates":[135.7207182,34.7543589]},"properties":{"z":168.8}},{"type":"Feature","geometry":{"type":"Point","coordinates":[135.7207266,34.7544033]},"properties":{"z":168.5}},{"type":"Feature","geometry":{"type":"Point","coordinates":[135.7207335,34.7544479]},"properties":{"z":168.5}},{"type":"Feature","geometry":{"type":"Point","coordinates":[135.7207401,34.7544925]},"properties":{"z":168.6}},{"type":"Feature","geometry":{"type":"Point","coordinates":[135.720748,34.754537]},"properties":{"z":168.7}},{"type":"Feature","geometry":{"type":"Point","coordinates":[135.7207534,34.7545817]},"properties":{"z":168.7}},{"type":"Feature","geometry":{"type":"Point","coordinates":[135.7207611,34.7546262]},"properties":{"z":168.9}},{"type":"Feature","geometry":{"type":"Point","coordinates":[135.72077,34.7546705]},"properties":{"z":169.1}},{"type":"Feature","geometry":{"type":"Point","coordinates":[135.7207791,34.7547149]},"properties":{"z":169.1}},{"type":"Feature","geometry":{"type":"Point","coordinates":[135.7207864,34.7547594]},"properties":{"z":169.4}},{"type":"Feature","geometry":{"type":"Point","coordinates":[135.7207946,34.7548039]},"properties":{"z":169.6}},{"type":"Feature","geometry":{"type":"Point","coordinates":[135.7208031,34.7548483]},"properties":{"z":169.6}},{"type":"Feature","geometry":{"type":"Point","coordinates":[135.7208113,34.7548927]},"properties":{"z":169.4}},{"type":"Feature","geometry":{"type":"Point","coordinates":[135.7208198,34.7549371]},"properties":{"z":169.4}},{"type":"Feature","geometry":{"type":"Point","coordinates":[135.7208257,34.7549818]},"properties":{"z":169.5}},{"type":"Feature","geometry":{"type":"Point","coordinates":[135.7208336,34.7550262]},"properties":{"z":169.6}},{"type":"Feature","geometry":{"type":"Point","coordinates":[135.720845,34.7550702]},"properties":{"z":169.6}},{"type":"Feature","geometry":{"type":"Point","coordinates":[135.7208578,34.7551138]},"properties":{"z":169.7}},{"type":"Feature","geometry":{"type":"Point","coordinates":[135.7208679,34.755158]},"properties":{"z":169.8}},{"type":"Feature","geometry":{"type":"Point","coordinates":[135.7208793,34.755202]},"properties":{"z":169.8}},{"type":"Feature","geometry":{"type":"Point","coordinates":[135.7208944,34.7552452]},"properties":{"z":170.1}},{"type":"Feature","geometry":{"type":"Point","coordinates":[135.7209107,34.7552881]},"properties":{"z":170.1}},{"type":"Feature","geometry":{"type":"Point","coordinates":[135.7209273,34.7553309]},"properties":{"z":170.1}},{"type":"Feature","geometry":{"type":"Point","coordinates":[135.7209455,34.7553733]},"properties":{"z":170.1}},{"type":"Feature","geometry":{"type":"Point","coordinates":[135.7209636,34.7554157]},"properties":{"z":170.1}},{"type":"Feature","geometry":{"type":"Point","coordinates":[135.7209801,34.7554586]},"properties":{"z":171.0}},{"type":"Feature","geometry":{"type":"Point","coordinates":[135.7209971,34.7555013]},"properties":{"z":171.0}},{"type":"Feature","geometry":{"type":"Point","coordinates":[135.7210131,34.7555443]},"properties":{"z":171.1}},{"type":"Feature","geometry":{"type":"Point","coordinates":[135.7210273,34.7555877]},"properties":{"z":171.4}},{"type":"Feature","geometry":{"type":"Point","coordinates":[135.7210403,34.7556313]},"properties":{"z":171.4}},{"type":"Feature","geometry":{"type":"Point","coordinates":[135.7210528,34.7556751]},"properties":{"z":171.6}},{"type":"Feature","geometry":{"type":"Point","coordinates":[135.7210641,34.7557191]},"properties":{"z":171.5}},{"type":"Feature","geometry":{"type":"Point","coordinates":[135.7210766,34.7557628]},"properties":{"z":171.5}},{"type":"Feature","geometry":{"type":"Point","coordinates":[135.7210891,34.7558066]},"properties":{"z":171.5}},{"type":"Feature","geometry":{"type":"Point","coordinates":[135.7210987,34.7558508]},"properties":{"z":171.5}},{"type":"Feature","geometry":{"type":"Point","coordinates":[135.7211049,34.7558954]},"properties":{"z":171.6}},{"type":"Feature","geometry":{"type":"Point","coordinates":[135.7211094,34.7559402]},"properties":{"z":171.7}},{"type":"Feature","geometry":{"type":"Point","coordinates":[135.7211161,34.7559849]},"properties":{"z":171.7}},{"type":"Feature","geometry":{"type":"Point","coordinates":[135.7211229,34.7560294]},"properties":{"z":172.0}},{"type":"Feature","geometry":{"type":"Point","coordinates":[135.7211278,34.7560742]},"properties":{"z":172.3}},{"type":"Feature","geometry":{"type":"Point","coordinates":[135.7211336,34.7561189]},"properties":{"z":172.3}},{"type":"Feature","geometry":{"type":"Point","coordinates":[135.7211397,34.7561636]},"properties":{"z":172.5}},{"type":"Feature","geometry":{"type":"Point","coordinates":[135.7211442,34.7562084]},"properties":{"z":172.5}},{"type":"Feature","geometry":{"type":"Point","coordinates":[135.721147,34.7562533]},"properties":{"z":172.8}},{"type":"Feature","geometry":{"type":"Point","coordinates":[135.7211499,34.7562981]},"properties":{"z":172.2}},{"type":"Feature","geometry":{"type":"Point","coordinates":[135.7211565,34.7563428]},"properties":{"z":172.2}},{"type":"Feature","geometry":{"type":"Point","coordinates":[135.7211579,34.7563877]},"properties":{"z":172.4}},{"type":"Feature","geometry":{"type":"Point","coordinates":[135.7211545,34.7564325]},"properties":{"z":172.5}},{"type":"Feature","geometry":{"type":"Point","coordinates":[135.7211536,34.7564775]},"properties":{"z":172.5}},{"type":"Feature","geometry":{"type":"Point","coordinates":[135.7211539,34.7565224]},"properties":{"z":172.7}},{"type":"Feature","geometry":{"type":"Point","coordinates":[135.7211527,34.7565673]},"properties":{"z":172.9}},{"type":"Feature","geometry":{"type":"Point","coordinates":[135.7211472,34.756612]},"properties":{"z":173.0}},{"type":"Feature","geometry":{"type":"Point","coordinates":[135.72114,34.7566566]},"properties":{"z":173.0}},{"type":"Feature","geometry":{"type":"Point","coordinates":[135.7211352,34.7567013]},"properties":{"z":173.0}},{"type":"Feature","geometry":{"type":"Point","coordinates":[135.7211296,34.756746]},"properties":{"z":173.0}},{"type":"Feature","geometry":{"type":"Point","coordinates":[135.7211207,34.7567903]},"properties":{"z":173.0}},{"type":"Feature","geometry":{"type":"Point","coordinates":[135.7211129,34.7568348]},"properties":{"z":173.0}},{"type":"Feature","geometry":{"type":"Point","coordinates":[135.721106,34.7568794]},"properties":{"z":173.1}},{"type":"Feature","geometry":{"type":"Point","coordinates":[135.7210989,34.7569239]},"properties":{"z":173.1}},{"type":"Feature","geometry":{"type":"Point","coordinates":[135.721092,34.7569685]},"properties":{"z":173.1}},{"type":"Feature","geometry":{"type":"Point","coordinates":[135.7210843,34.757013]},"properties":{"z":173.4}},{"type":"Feature","geometry":{"type":"Point","coordinates":[135.7210792,34.7570577]},"properties":{"z":173.6}},{"type":"Feature","geometry":{"type":"Point","coordinates":[135.7210732,34.7571023]},"properties":{"z":173.6}},{"type":"Feature","geometry":{"type":"Point","coordinates":[135.7210638,34.7571466]},"properties":{"z":173.8}},{"type":"Feature","geometry":{"type":"Point","coordinates":[135.7210545,34.7571909]},"properties":{"z":173.8}},{"type":"Feature","geometry":{"type":"Point","coordinates":[135.7210462,34.7572354]},"properties":{"z":173.9}},{"type":"Feature","geometry":{"type":"Point","coordinates":[135.7210391,34.7572799]},"properties":{"z":173.9}},{"type":"Feature","geometry":{"type":"Point","coordinates":[135.7210305,34.7573243]},"properties":{"z":173.9}},{"type":"Feature","geometry":{"type":"Point","coordinates":[135.7210218,34.7573687]},"properties":{"z":173.8}},{"type":"Feature","geometry":{"type":"Point","coordinates":[135.721015,34.7574133]},"properties":{"z":173.9}},{"type":"Feature","geometry":{"type":"Point","coordinates":[135.7210109,34.7574581]},"properties":{"z":173.9}},{"type":"Feature","geometry":{"type":"Point","coordinates":[135.7210061,34.7575029]},"properties":{"z":174.0}},{"type":"Feature","geometry":{"type":"Point","coordinates":[135.721002,34.7575477]},"properties":{"z":174.0}},{"type":"Feature","geometry":{"type":"Point","coordinates":[135.7209975,34.7575925]},"properties":{"z":174.1}},{"type":"Feature","geometry":{"type":"Point","coordinates":[135.720992,34.7576372]},"properties":{"z":174.2}},{"type":"Feature","geometry":{"type":"Point","coordinates":[135.720988,34.7576821]},"properties":{"z":174.2}},{"type":"Feature","geometry":{"type":"Point","coordinates":[135.720985,34.7577269]},"properties":{"z":174.3}},{"type":"Feature","geometry":{"type":"Point","coordinates":[135.7209823,34.7577718]},"properties":{"z":174.4}},{"type":"Feature","geometry":{"type":"Point","coordinates":[135.7209795,34.7578167]},"properties":{"z":174.4}},{"type":"Feature","geometry":{"type":"Point","coordinates":[135.7209787,34.7578617]},"properties":{"z":174.5}},{"type":"Feature","geometry":{"type":"Point","coordinates":[135.7209755,34.7579065]},"properties":{"z":174.5}},{"type":"Feature","geometry":{"type":"Point","coordinates":[135.7209723,34.7579514]},"properties":{"z":174.5}},{"type":"Feature","geometry":{"type":"Point","coordinates":[135.7209719,34.7579963]},"properties":{"z":174.6}},{"type":"Feature","geometry":{"type":"Point","coordinates":[135.7209689,34.7580412]},"properties":{"z":174.6}},{"type":"Feature","geometry":{"type":"Point","coordinates":[135.7209736,34.7580859]},"properties":{"z":174.7}},{"type":"Feature","geometry":{"type":"Point","coordinates":[135.7209742,34.7581308]},"properties":{"z":174.9}},{"type":"Feature","geometry":{"type":"Point","coordinates":[135.7209753,34.7581757]},"properties":{"z":174.9}},{"type":"Feature","geometry":{"type":"Point","coordinates":[135.7209752,34.7582206]},"properties":{"z":175.1}},{"type":"Feature","geometry":{"type":"Point","coordinates":[135.7209723,34.7582655]},"properties":{"z":175.2}},{"type":"Feature","geometry":{"type":"Point","coordinates":[135.7209721,34.7583104]},"properties":{"z":175.2}},{"type":"Feature","geometry":{"type":"Point","coordinates":[135.7209765,34.7583552]},"properties":{"z":175.3}},{"type":"Feature","geometry":{"type":"Point","coordinates":[135.720978,34.7584001]},"properties":{"z":175.7}},{"type":"Feature","geometry":{"type":"Point","coordinates":[135.7209911,34.7584437]},"properties":{"z":175.7}},{"type":"Feature","geometry":{"type":"Point","coordinates":[135.7209988,34.7584882]},"properties":{"z":175.8}},{"type":"Feature","geometry":{"type":"Point","coordinates":[135.7210009,34.758533]},"properties":{"z":175.8}},{"type":"Feature","geometry":{"type":"Point","coordinates":[135.7209995,34.758578]},"properties":{"z":175.9}},{"type":"Feature","geometry":{"type":"Point","coordinates":[135.7209974,34.7586229]},"properties":{"z":176.0}},{"type":"Feature","geometry":{"type":"Point","coordinates":[135.7209961,34.7586678]},"properties":{"z":176.0}},{"type":"Feature","geometry":{"type":"Point","coordinates":[135.7209947,34.7587127]},"properties":{"z":176.1}},{"type":"Feature","geometry":{"type":"Point","coordinates":[135.720989,34.7587574]},"properties":{"z":176.3}},{"type":"Feature","geometry":{"type":"Point","coordinates":[135.7209838,34.7588022]},"properties":{"z":176.3}},{"type":"Feature","geometry":{"type":"Point","coordinates":[135.7209858,34.7588471]},"properties":{"z":176.6}},{"type":"Feature","geometry":{"type":"Point","coordinates":[135.720984,34.758892]},"properties":{"z":176.8}},{"type":"Feature","geometry":{"type":"Point","coordinates":[135.7209835,34.7589369]},"properties":{"z":176.8}},{"type":"Feature","geometry":{"type":"Point","coordinates":[135.7209843,34.7589819]},"properties":{"z":177.0}},{"type":"Feature","geometry":{"type":"Point","coordinates":[135.7209855,34.7590268]},"properties":{"z":177.0}},{"type":"Feature","geometry":{"type":"Point","coordinates":[135.7209865,34.7590717]},"properties":{"z":177.2}},{"type":"Feature","geometry":{"type":"Point","coordinates":[135.7209859,34.7591167]},"properties":{"z":177.4}},{"type":"Feature","geometry":{"type":"Point","coordinates":[135.720989,34.7591616]},"properties":{"z":177.4}},{"type":"Feature","geometry":{"type":"Point","coordinates":[135.7209918,34.7592065]},"properties":{"z":177.6}},{"type":"Feature","geometry":{"type":"Point","coordinates":[135.7209944,34.7592514]},"properties":{"z":177.8}},{"type":"Feature","geometry":{"type":"Point","coordinates":[135.7209993,34.7592961]},"properties":{"z":177.8}},{"type":"Feature","geometry":{"type":"Point","coordinates":[135.7210051,34.7593408]},"properties":{"z":177.9}},{"type":"Feature","geometry":{"type":"Point","coordinates":[135.7210095,34.7593856]},"properties":{"z":178.0}},{"type":"Feature","geometry":{"type":"Point","coordinates":[135.7210116,34.7594305]},"properties":{"z":178.0}},{"type":"Feature","geometry":{"type":"Point","coordinates":[135.7210137,34.7594754]},"properties":{"z":178.0}},{"type":"Feature","geometry":{"type":"Point","coordinates":[135.72102,34.7595201]},"properties":{"z":178.0}},{"type":"Feature","geometry":{"type":"Point","coordinates":[135.7210271,34.7595646]},"properties":{"z":178.1}},{"type":"Feature","geometry":{"type":"Point","coordinates":[135.7210328,34.7596093]},"properties":{"z":178.2}},{"type":"Feature","geometry":{"type":"Point","coordinates":[135.7210406,34.7596538]},"properties":{"z":178.2}},{"type":"Feature","geometry":{"type":"Point","coordinates":[135.7210502,34.759698]},"properties":{"z":178.3}},{"type":"Feature","geometry":{"type":"Point","coordinates":[135.7210551,34.7597427]},"properties":{"z":178.3}},{"type":"Feature","geometry":{"type":"Point","coordinates":[135.721057,34.7597877]},"properties":{"z":178.3}},{"type":"Feature","geometry":{"type":"Point","coordinates":[135.7210617,34.7598324]},"properties":{"z":178.4}},{"type":"Feature","geometry":{"type":"Point","coordinates":[135.7210643,34.7598773]},"properties":{"z":178.1}},{"type":"Feature","geometry":{"type":"Point","coordinates":[135.7210653,34.7599223]},"properties":{"z":178.2}},{"type":"Feature","geometry":{"type":"Point","coordinates":[135.7210718,34.7599666]},"properties":{"z":178.4}},{"type":"Feature","geometry":{"type":"Point","coordinates":[135.7210861,34.76001]},"properties":{"z":178.4}},{"type":"Feature","geometry":{"type":"Point","coordinates":[135.7211059,34.7600518]},"properties":{"z":178.7}},{"type":"Feature","geometry":{"type":"Point","coordinates":[135.721132,34.7600912]},"properties":{"z":178.7}},{"type":"Feature","geometry":{"type":"Point","coordinates":[135.721156,34.7601313]},"properties":{"z":178.4}},{"type":"Feature","geometry":{"type":"Point","coordinates":[135.7211715,34.7601743]},"properties":{"z":178.5}},{"type":"Feature","geometry":{"type":"Point","coordinates":[135.7211783,34.7602187]},"properties":{"z":178.5}},{"type":"Feature","geometry":{"type":"Point","coordinates":[135.7211746,34.7602633]},"properties":{"z":178.6}},{"type":"Feature","geometry":{"type":"Point","coordinates":[135.7211577,34.7603055]},"properties":{"z":179.5}},{"type":"Feature","geometry":{"type":"Point","coordinates":[135.7211386,34.7603474]},"properties":{"z":179.1}},{"type":"Feature","geometry":{"type":"Point","coordinates":[135.7211084,34.7603848]},"properties":{"z":179.7}},{"type":"Feature","geometry":{"type":"Point","coordinates":[135.7210748,34.7604203]},"properties":{"z":179.7}},{"type":"Feature","geometry":{"type":"Point","coordinates":[135.7210379,34.7604535]},"properties":{"z":180.0}},{"type":"Feature","geometry":{"type":"Point","coordinates":[135.7210006,34.7604864]},"properties":{"z":180.0}},{"type":"Feature","geometry":{"type":"Point","coordinates":[135.7209618,34.760518]},"properties":{"z":179.9}},{"type":"Feature","geometry":{"type":"Point","coordinates":[135.7209188,34.7605458]},"properties":{"z":179.9}},{"type":"Feature","geometry":{"type":"Point","coordinates":[135.7208781,34.7605759]},"properties":{"z":179.4}},{"type":"Feature","geometry":{"type":"Point","coordinates":[135.7208393,34.7606076]},"properties":{"z":179.8}},{"type":"Feature","geometry":{"type":"Point","coordinates":[135.7208062,34.7606433]},"properties":{"z":179.8}},{"type":"Feature","geometry":{"type":"Point","coordinates":[135.7207854,34.7606846]},"properties":{"z":180.0}},{"type":"Feature","geometry":{"type":"Point","coordinates":[135.7207714,34.760728]},"properties":{"z":180.6}},{"type":"Feature","geometry":{"type":"Point","coordinates":[135.7207616,34.7607722]},"properties":{"z":180.6}},{"type":"Feature","geometry":{"type":"Point","coordinates":[135.720748,34.7608157]},"properties":{"z":181.2}},{"type":"Feature","geometry":{"type":"Point","coordinates":[135.7207406,34.7608601]},"properties":{"z":181.2}},{"type":"Feature","geometry":{"type":"Point","coordinates":[135.7207186,34.7609012]},"properties":{"z":182.0}},{"type":"Feature","geometry":{"type":"Point","coordinates":[135.7206867,34.7609335]},"properties":{"z":182.0}},{"type":"Feature","geometry":{"type":"Point","coordinates":[135.720635,34.7609481]},"properties":{"z":183.3}},{"type":"Feature","geometry":{"type":"Point","coordinates":[135.7205875,34.76097]},"properties":{"z":183.1}},{"type":"Feature","geometry":{"type":"Point","coordinates":[135.7205468,34.7609998]},"properties":{"z":182.8}},{"type":"Feature","geometry":{"type":"Point","coordinates":[135.7205119,34.7610345]},"properties":{"z":184.0}},{"type":"Feature","geometry":{"type":"Point","coordinates":[135.7204765,34.7610688]},"properties":{"z":184.0}},{"type":"Feature","geometry":{"type":"Point","coordinates":[135.720452,34.7611078]},"properties":{"z":184.0}},{"type":"Feature","geometry":{"type":"Point","coordinates":[135.7204428,34.761152]},"properties":{"z":184.7}},{"type":"Feature","geometry":{"type":"Point","coordinates":[135.7204389,34.7611968]},"properties":{"z":184.7}},{"type":"Feature","geometry":{"type":"Point","coordinates":[135.7204372,34.7612417]},"properties":{"z":185.0}},{"type":"Feature","geometry":{"type":"Point","coordinates":[135.7204396,34.7612866]},"properties":{"z":185.0}},{"type":"Feature","geometry":{"type":"Point","coordinates":[135.7204461,34.761331]},"properties":{"z":185.3}},{"type":"Feature","geometry":{"type":"Point","coordinates":[135.7204617,34.761374]},"properties":{"z":185.6}},{"type":"Feature","geometry":{"type":"Point","coordinates":[135.7204824,34.7614156]},"properties":{"z":186.9}},{"type":"Feature","geometry":{"type":"Point","coordinates":[135.7205013,34.7614578]},"properties":{"z":186.3}},{"type":"Feature","geometry":{"type":"Point","coordinates":[135.7205107,34.7615019]},"properties":{"z":186.1}},{"type":"Feature","geometry":{"type":"Point","coordinates":[135.7205083,34.7615467]},"properties":{"z":186.1}},{"type":"Feature","geometry":{"type":"Point","coordinates":[135.7204968,34.7615903]},"properties":{"z":186.2}},{"type":"Feature","geometry":{"type":"Point","coordinates":[135.7204711,34.7616297]},"properties":{"z":186.2}},{"type":"Feature","geometry":{"type":"Point","coordinates":[135.720446,34.7616694]},"properties":{"z":187.7}},{"type":"Feature","geometry":{"type":"Point","coordinates":[135.7204201,34.761709]},"properties":{"z":187.7}},{"type":"Feature","geometry":{"type":"Point","coordinates":[135.7203881,34.7617454]},"properties":{"z":188.6}},{"type":"Feature","geometry":{"type":"Point","coordinates":[135.7203618,34.7617846]},"properties":{"z":190.2}},{"type":"Feature","geometry":{"type":"Point","coordinates":[135.7203577,34.7618282]},"properties":{"z":190.2}},{"type":"Feature","geometry":{"type":"Point","coordinates":[135.7203652,34.7618726]},"properties":{"z":190.6}},{"type":"Feature","geometry":{"type":"Point","coordinates":[135.7203878,34.7619135]},"properties":{"z":189.4}},{"type":"Feature","geometry":{"type":"Point","coordinates":[135.720412,34.7619538]},"properties":{"z":189.6}},{"type":"Feature","geometry":{"type":"Point","coordinates":[135.7204365,34.761994]},"properties":{"z":190.1}},{"type":"Feature","geometry":{"type":"Point","coordinates":[135.7204619,34.7620338]},"properties":{"z":190.1}},{"type":"Feature","geometry":{"type":"Point","coordinates":[135.7204851,34.7620745]},"properties":{"z":190.8}},{"type":"Feature","geometry":{"type":"Point","coordinates":[135.7205084,34.7621152]},"properties":{"z":190.8}},{"type":"Feature","geometry":{"type":"Point","coordinates":[135.720531,34.7621561]},"properties":{"z":192.3}},{"type":"Feature","geometry":{"type":"Point","coordinates":[135.7205443,34.7621996]},"properties":{"z":192.3}},{"type":"Feature","geometry":{"type":"Point","coordinates":[135.7205613,34.7622423]},"properties":{"z":193.0}},{"type":"Feature","geometry":{"type":"Point","coordinates":[135.7205709,34.7622855]},"properties":{"z":194.3}},{"type":"Feature","geometry":{"type":"Point","coordinates":[135.7205562,34.7623284]},"properties":{"z":194.3}},{"type":"Feature","geometry":{"type":"Point","coordinates":[135.7205371,34.7623703]},"properties":{"z":196.1}},{"type":"Feature","geometry":{"type":"Point","coordinates":[135.7205179,34.762412]},"properties":{"z":196.1}},{"type":"Feature","geometry":{"type":"Point","coordinates":[135.7204939,34.7624517]},"properties":{"z":197.1}},{"type":"Feature","geometry":{"type":"Point","coordinates":[135.7204774,34.7624944]},"properties":{"z":198.1}},{"type":"Feature","geometry":{"type":"Point","coordinates":[135.7204762,34.7625388]},"properties":{"z":198.1}},{"type":"Feature","geometry":{"type":"Point","coordinates":[135.7204787,34.7625835]},"properties":{"z":198.8}},{"type":"Feature","geometry":{"type":"Point","coordinates":[135.7204839,34.7626278]},"properties":{"z":199.3}},{"type":"Feature","geometry":{"type":"Point","coordinates":[135.7204781,34.7626716]},"properties":{"z":199.3}},{"type":"Feature","geometry":{"type":"Point","coordinates":[135.7204702,34.7627154]},"properties":{"z":199.8}},{"type":"Feature","geometry":{"type":"Point","coordinates":[135.7204596,34.7627594]},"properties":{"z":203.3}},{"type":"Feature","geometry":{"type":"Point","coordinates":[135.7204542,34.7628041]},"properties":{"z":204.6}},{"type":"Feature","geometry":{"type":"Point","coordinates":[135.7204631,34.7628471]},"properties":{"z":202.3}},{"type":"Feature","geometry":{"type":"Point","coordinates":[135.7205005,34.7628767]},"properties":{"z":202.3}},{"type":"Feature","geometry":{"type":"Point","coordinates":[135.7205374,34.7629078]},"properties":{"z":202.3}},{"type":"Feature","geometry":{"type":"Point","coordinates":[135.720579,34.7629365]},"properties":{"z":200.6}},{"type":"Feature","geometry":{"type":"Point","coordinates":[135.7206266,34.7629579]},"properties":{"z":200.6}},{"type":"Feature","geometry":{"type":"Point","coordinates":[135.7206792,34.7629684]},"properties":{"z":199.4}},{"type":"Feature","geometry":{"type":"Point","coordinates":[135.7207336,34.7629731]},"properties":{"z":199.4}},{"type":"Feature","geometry":{"type":"Point","coordinates":[135.7207863,34.7629718]},"properties":{"z":199.4}},{"type":"Feature","geometry":{"type":"Point","coordinates":[135.7208383,34.7629796]},"properties":{"z":199.7}},{"type":"Feature","geometry":{"type":"Point","coordinates":[135.7208844,34.7630005]},"properties":{"z":203.0}},{"type":"Feature","geometry":{"type":"Point","coordinates":[135.7209285,34.7630271]},"properties":{"z":203.1}},{"type":"Feature","geometry":{"type":"Point","coordinates":[135.7209674,34.7630587]},"properties":{"z":206.6}},{"type":"Feature","geometry":{"type":"Point","coordinates":[135.7209865,34.7630994]},"properties":{"z":206.3}},{"type":"Feature","geometry":{"type":"Point","coordinates":[135.7209899,34.7631443]},"properties":{"z":209.5}},{"type":"Feature","geometry":{"type":"Point","coordinates":[135.7209933,34.7631891]},"properties":{"z":209.5}},{"type":"Feature","geometry":{"type":"Point","coordinates":[135.7210018,34.7632335]},"properties":{"z":211.8}},{"type":"Feature","geometry":{"type":"Point","coordinates":[135.7210265,34.7632734]},"properties":{"z":214.2}},{"type":"Feature","geometry":{"type":"Point","coordinates":[135.7210321,34.7633171]},"properties":{"z":214.2}},{"type":"Feature","geometry":{"type":"Point","coordinates":[135.7210342,34.7633619]},"properties":{"z":216.8}},{"type":"Feature","geometry":{"type":"Point","coordinates":[135.7210323,34.7634065]},"properties":{"z":218.9}},{"type":"Feature","geometry":{"type":"Point","coordinates":[135.7210401,34.763451]},"properties":{"z":218.9}},{"type":"Feature","geometry":{"type":"Point","coordinates":[135.7210302,34.7634951]},"properties":{"z":220.8}},{"type":"Feature","geometry":{"type":"Point","coordinates":[135.7210155,34.7635381]},"properties":{"z":220.8}},{"type":"Feature","geometry":{"type":"Point","coordinates":[135.7210036,34.7635815]},"properties":{"z":222.2}},{"type":"Feature","geometry":{"type":"Point","coordinates":[135.7209793,34.7636217]},"properties":{"z":224.1}},{"type":"Feature","geometry":{"type":"Point","coordinates":[135.7209521,34.7636607]},"properties":{"z":225.0}},{"type":"Feature","geometry":{"type":"Point","coordinates":[135.7209292,34.7637013]},"properties":{"z":227.3}},{"type":"Feature","geometry":{"type":"Point","coordinates":[135.720903,34.7637407]},"properties":{"z":227.3}},{"type":"Feature","geometry":{"type":"Point","coordinates":[135.720883,34.7637824]},"properties":{"z":229.1}},{"type":"Feature","geometry":{"type":"Point","coordinates":[135.7208663,34.7638248]},"properties":{"z":229.1}},{"type":"Feature","geometry":{"type":"Point","coordinates":[135.7208424,34.7638649]},"properties":{"z":230.2}},{"type":"Feature","geometry":{"type":"Point","coordinates":[135.7208184,34.7639036]},"properties":{"z":230.8}},{"type":"Feature","geometry":{"type":"Point","coordinates":[135.7207969,34.7639447]},"properties":{"z":231.0}},{"type":"Feature","geometry":{"type":"Point","coordinates":[135.7207663,34.7639792]},"properties":{"z":231.4}},{"type":"Feature","geometry":{"type":"Point","coordinates":[135.7207372,34.7640156]},"properties":{"z":231.4}},{"type":"Feature","geometry":{"type":"Point","coordinates":[135.7207155,34.7640567]},"properties":{"z":232.0}},{"type":"Feature","geometry":{"type":"Point","coordinates":[135.7206975,34.7640985]},"properties":{"z":232.0}},{"type":"Feature","geometry":{"type":"Point","coordinates":[135.7206712,34.7641377]},"properties":{"z":232.3}},{"type":"Feature","geometry":{"type":"Point","coordinates":[135.7206529,34.7641801]},"properties":{"z":232.8}},{"type":"Feature","geometry":{"type":"Point","coordinates":[135.7206269,34.7642186]},"properties":{"z":233.1}},{"type":"Feature","geometry":{"type":"Point","coordinates":[135.7205986,34.7642567]},"properties":{"z":233.5}},{"type":"Feature","geometry":{"type":"Point","coordinates":[135.7205726,34.7642961]},"properties":{"z":233.5}},{"type":"Feature","geometry":{"type":"Point","coordinates":[135.7205373,34.7643302]},"properties":{"z":233.2}},{"type":"Feature","geometry":{"type":"Point","coordinates":[135.7205097,34.7643669]},"properties":{"z":233.2}},{"type":"Feature","geometry":{"type":"Point","coordinates":[135.7204829,34.7644058]},"properties":{"z":233.4}},{"type":"Feature","geometry":{"type":"Point","coordinates":[135.7204357,34.7644275]},"properties":{"z":232.8}},{"type":"Feature","geometry":{"type":"Point","coordinates":[135.7204082,34.7644641]},"properties":{"z":232.9}},{"type":"Feature","geometry":{"type":"Point","coordinates":[135.7203852,34.764466]},"properties":{"z":232.9}},{"type":"Feature","geometry":{"type":"Point","coordinates":[135.7203686,34.7644236]},"properties":{"z":232.1}},{"type":"Feature","geometry":{"type":"Point","coordinates":[135.7203377,34.7643867]},"properties":{"z":231.9}},{"type":"Feature","geometry":{"type":"Point","coordinates":[135.7202992,34.7643551]},"properties":{"z":231.9}},{"type":"Feature","geometry":{"type":"Point","coordinates":[135.7202579,34.7643261]},"properties":{"z":231.2}},{"type":"Feature","geometry":{"type":"Point","coordinates":[135.7202271,34.7642889]},"properties":{"z":231.1}},{"type":"Feature","geometry":{"type":"Point","coordinates":[135.7201956,34.7642522]},"properties":{"z":230.4}},{"type":"Feature","geometry":{"type":"Point","coordinates":[135.7201624,34.7642165]},"properties":{"z":230.0}},{"type":"Feature","geometry":{"type":"Point","coordinates":[135.720126,34.764183]},"properties":{"z":230.0}},{"type":"Feature","geometry":{"type":"Point","coordinates":[135.7200861,34.7641522]},"properties":{"z":229.2}},{"type":"Feature","geometry":{"type":"Point","coordinates":[135.7200445,34.764123]},"properties":{"z":229.2}},{"type":"Feature","geometry":{"type":"Point","coordinates":[135.7200017,34.7640951]},"properties":{"z":228.4}},{"type":"Feature","geometry":{"type":"Point","coordinates":[135.7199565,34.7640698]},"properties":{"z":228.4}},{"type":"Feature","geometry":{"type":"Point","coordinates":[135.7199115,34.7640444]},"properties":{"z":227.9}},{"type":"Feature","geometry":{"type":"Point","coordinates":[135.7198689,34.7640162]},"properties":{"z":227.8}},{"type":"Feature","geometry":{"type":"Point","coordinates":[135.7198261,34.7639882]},"properties":{"z":227.1}},{"type":"Feature","geometry":{"type":"Point","coordinates":[135.7197811,34.7639626]},"properties":{"z":226.9}},{"type":"Feature","geometry":{"type":"Point","coordinates":[135.7197352,34.7639382]},"properties":{"z":226.3}},{"type":"Feature","geometry":{"type":"Point","coordinates":[135.7196934,34.7639092]},"properties":{"z":226.3}},{"type":"Feature","geometry":{"type":"Point","coordinates":[135.7196516,34.7638802]},"properties":{"z":225.5}},{"type":"Feature","geometry":{"type":"Point","coordinates":[135.7196095,34.7638515]},"properties":{"z":225.5}},{"type":"Feature","geometry":{"type":"Point","coordinates":[135.7195631,34.7638278]},"properties":{"z":224.9}},{"type":"Feature","geometry":{"type":"Point","coordinates":[135.7195153,34.7638061]},"properties":{"z":224.4}},{"type":"Feature","geometry":{"type":"Point","coordinates":[135.7194661,34.7637863]},"properties":{"z":224.4}},{"type":"Feature","geometry":{"type":"Point","coordinates":[135.7194177,34.7637654]},"properties":{"z":224.3}},{"type":"Feature","geometry":{"type":"Point","coordinates":[135.7193741,34.7637386]},"properties":{"z":224.2}},{"type":"Feature","geometry":{"type":"Point","coordinates":[135.7193334,34.7637086]},"properties":{"z":223.9}},{"type":"Feature","geometry":{"type":"Point","coordinates":[135.7192944,34.763677]},"properties":{"z":223.5}},{"type":"Feature","geometry":{"type":"Point","coordinates":[135.7192524,34.7636483]},"properties":{"z":223.3}},{"type":"Feature","geometry":{"type":"Point","coordinates":[135.7192092,34.7636208]},"properties":{"z":223.3}},{"type":"Feature","geometry":{"type":"Point","coordinates":[135.7191655,34.7635937]},"properties":{"z":222.6}},{"type":"Feature","geometry":{"type":"Point","coordinates":[135.7191222,34.7635662]},"properties":{"z":222.6}},{"type":"Feature","geometry":{"type":"Point","coordinates":[135.7190931,34.7635756]},"properties":{"z":222.6}},{"type":"Feature","geometry":{"type":"Point","coordinates":[135.7191284,34.7636089]},"properties":{"z":222.6}},{"type":"Feature","geometry":{"type":"Point","coordinates":[135.7191685,34.7636395]},"properties":{"z":223.0}},{"type":"Feature","geometry":{"type":"Point","coordinates":[135.7192075,34.7636707]},"properties":{"z":223.3}},{"type":"Feature","geometry":{"type":"Point","coordinates":[135.7192553,34.7636925]},"properties":{"z":223.6}},{"type":"Feature","geometry":{"type":"Point","coordinates":[135.7193023,34.7637155]},"properties":{"z":223.9}},{"type":"Feature","geometry":{"type":"Point","coordinates":[135.7193495,34.763738]},"properties":{"z":224.2}},{"type":"Feature","geometry":{"type":"Point","coordinates":[135.7193988,34.7637574]},"properties":{"z":224.3}},{"type":"Feature","geometry":{"type":"Point","coordinates":[135.7194495,34.7637745]},"properties":{"z":224.4}},{"type":"Feature","geometry":{"type":"Point","coordinates":[135.7194985,34.7637942]},"properties":{"z":224.4}},{"type":"Feature","geometry":{"type":"Point","coordinates":[135.7195467,34.7638155]},"properties":{"z":224.9}},{"type":"Feature","geometry":{"type":"Point","coordinates":[135.7195897,34.7638429]},"properties":{"z":224.9}},{"type":"Feature","geometry":{"type":"Point","coordinates":[135.7196291,34.7638741]},"properties":{"z":225.5}},{"type":"Feature","geometry":{"type":"Point","coordinates":[135.7196695,34.7639045]},"properties":{"z":225.6}},{"type":"Feature","geometry":{"type":"Point","coordinates":[135.7197108,34.7639339]},"properties":{"z":226.3}},{"type":"Feature","geometry":{"type":"Point","coordinates":[135.719751,34.7639644]},"properties":{"z":226.3}},{"type":"Feature","geometry":{"type":"Point","coordinates":[135.7197958,34.76399]},"properties":{"z":227.1}},{"type":"Feature","geometry":{"type":"Point","coordinates":[135.7198428,34.764013]},"properties":{"z":227.1}},{"type":"Feature","geometry":{"type":"Point","coordinates":[135.7198875,34.7640389]},"properties":{"z":227.9}},{"type":"Feature","geometry":{"type":"Point","coordinates":[135.7199345,34.7640618]},"properties":{"z":227.9}},{"type":"Feature","geometry":{"type":"Point","coordinates":[135.719981,34.7640853]},"properties":{"z":228.4}},{"type":"Feature","geometry":{"type":"Point","coordinates":[135.7200228,34.7641143]},"properties":{"z":228.7}},{"type":"Feature","geometry":{"type":"Point","coordinates":[135.7200615,34.764146]},"properties":{"z":229.2}},{"type":"Feature","geometry":{"type":"Point","coordinates":[135.7200977,34.7641797]},"properties":{"z":229.5}},{"type":"Feature","geometry":{"type":"Point","coordinates":[135.7201332,34.7642139]},"properties":{"z":230.0}},{"type":"Feature","geometry":{"type":"Point","coordinates":[135.7201683,34.7642484]},"properties":{"z":230.0}},{"type":"Feature","geometry":{"type":"Point","coordinates":[135.7202048,34.7642818]},"properties":{"z":230.4}},{"type":"Feature","geometry":{"type":"Point","coordinates":[135.7202434,34.7643137]},"properties":{"z":231.1}},{"type":"Feature","geometry":{"type":"Point","coordinates":[135.7202838,34.764344]},"properties":{"z":231.2}},{"type":"Feature","geometry":{"type":"Point","coordinates":[135.7203202,34.7643773]},"properties":{"z":231.9}},{"type":"Feature","geometry":{"type":"Point","coordinates":[135.7203544,34.7644124]},"properties":{"z":232.1}},{"type":"Feature","geometry":{"type":"Point","coordinates":[135.7203774,34.7644528]},"properties":{"z":232.8}},{"type":"Feature","geometry":{"type":"Point","coordinates":[135.720379,34.7644976]},"properties":{"z":232.9}},{"type":"Feature","geometry":{"type":"Point","coordinates":[135.7203809,34.7645425]},"properties":{"z":233.0}},{"type":"Feature","geometry":{"type":"Point","coordinates":[135.7203877,34.7645871]},"properties":{"z":233.0}},{"type":"Feature","geometry":{"type":"Point","coordinates":[135.7203948,34.7646315]},"properties":{"z":233.0}},{"type":"Feature","geometry":{"type":"Point","coordinates":[135.7204088,34.7646749]},"properties":{"z":233.1}},{"type":"Feature","geometry":{"type":"Point","coordinates":[135.7204245,34.7647179]},"properties":{"z":233.1}},{"type":"Feature","geometry":{"type":"Point","coordinates":[135.7204486,34.7647583]},"properties":{"z":233.0}},{"type":"Feature","geometry":{"type":"Point","coordinates":[135.7204733,34.7647983]},"properties":{"z":233.7}},{"type":"Feature","geometry":{"type":"Point","coordinates":[135.720504,34.7648354]},"properties":{"z":233.6}},{"type":"Feature","geometry":{"type":"Point","coordinates":[135.7205411,34.7648684]},"properties":{"z":233.6}},{"type":"Feature","geometry":{"type":"Point","coordinates":[135.7205723,34.7649051]},"properties":{"z":234.3}},{"type":"Feature","geometry":{"type":"Point","coordinates":[135.7205986,34.7649446]},"properties":{"z":234.3}},{"type":"Feature","geometry":{"type":"Point","coordinates":[135.7206216,34.7649853]},"properties":{"z":234.0}},{"type":"Feature","geometry":{"type":"Point","coordinates":[135.7206362,34.7650286]},"properties":{"z":234.5}},{"type":"Feature","geometry":{"type":"Point","coordinates":[135.7206473,34.7650726]},"properties":{"z":234.5}},{"type":"Feature","geometry":{"type":"Point","coordinates":[135.7206569,34.7651169]},"properties":{"z":234.1}},{"type":"Feature","geometry":{"type":"Point","coordinates":[135.720666,34.7651612]},"properties":{"z":234.1}},{"type":"Feature","geometry":{"type":"Point","coordinates":[135.7206775,34.765205]},"properties":{"z":233.7}},{"type":"Feature","geometry":{"type":"Point","coordinates":[135.7206928,34.7652482]},"properties":{"z":233.3}},{"type":"Feature","geometry":{"type":"Point","coordinates":[135.7206968,34.765293]},"properties":{"z":233.3}},{"type":"Feature","geometry":{"type":"Point","coordinates":[135.7207119,34.7653358]},"properties":{"z":232.9}},{"type":"Feature","geometry":{"type":"Point","coordinates":[135.7207319,34.7653777]},"properties":{"z":233.5}},{"type":"Feature","geometry":{"type":"Point","coordinates":[135.7207539,34.7654188]},"properties":{"z":233.5}},{"type":"Feature","geometry":{"type":"Point","coordinates":[135.7207763,34.7654598]},"properties":{"z":233.0}},{"type":"Feature","geometry":{"type":"Point","coordinates":[135.7207989,34.7655008]},"properties":{"z":233.0}},{"type":"Feature","geometry":{"type":"Point","coordinates":[135.7208194,34.7655424]},"properties":{"z":233.4}},{"type":"Feature","geometry":{"type":"Point","coordinates":[135.7208334,34.7655856]},"properties":{"z":233.4}},{"type":"Feature","geometry":{"type":"Point","coordinates":[135.7208424,34.76563]},"properties":{"z":233.2}},{"type":"Feature","geometry":{"type":"Point","coordinates":[135.7208509,34.7656744]},"properties":{"z":232.9}},{"type":"Feature","geometry":{"type":"Point","coordinates":[135.7208586,34.7657189]},"properties":{"z":232.9}},{"type":"Feature","geometry":{"type":"Point","coordinates":[135.7208651,34.7657635]},"properties":{"z":232.7}},{"type":"Feature","geometry":{"type":"Point","coordinates":[135.7208671,34.7658084]},"properties":{"z":232.5}},{"type":"Feature","geometry":{"type":"Point","coordinates":[135.7208688,34.7658533]},"properties":{"z":232.5}},{"type":"Feature","geometry":{"type":"Point","coordinates":[135.7208712,34.7658982]},"properties":{"z":232.3}},{"type":"Feature","geometry":{"type":"Point","coordinates":[135.7208969,34.7659374]},"properties":{"z":231.8}},{"type":"Feature","geometry":{"type":"Point","coordinates":[135.7209364,34.765964]},"properties":{"z":231.5}},{"type":"Feature","geometry":{"type":"Point","coordinates":[135.7209886,34.7659775]},"properties":{"z":231.0}},{"type":"Feature","geometry":{"type":"Point","coordinates":[135.7210413,34.7659663]},"properties":{"z":231.0}},{"type":"Feature","geometry":{"type":"Point","coordinates":[135.7210935,34.7659528]},"properties":{"z":230.5}},{"type":"Feature","geometry":{"type":"Point","coordinates":[135.7211454,34.7659385]},"properties":{"z":230.7}},{"type":"Feature","geometry":{"type":"Point","coordinates":[135.7211979,34.7659259]},"properties":{"z":230.1}},{"type":"Feature","geometry":{"type":"Point","coordinates":[135.7212482,34.7659089]},"properties":{"z":229.6}},{"type":"Feature","geometry":{"type":"Point","coordinates":[135.7212965,34.7658877]},"properties":{"z":229.6}},{"type":"Feature","geometry":{"type":"Point","coordinates":[135.721347,34.7658704]},"properties":{"z":229.4}},{"type":"Feature","geometry":{"type":"Point","coordinates":[135.7213984,34.7658553]},"properties":{"z":229.4}},{"type":"Feature","geometry":{"type":"Point","coordinates":[135.7214509,34.7658426]},"properties":{"z":228.4}},{"type":"Feature","geometry":{"type":"Point","coordinates":[135.721504,34.7658319]},"properties":{"z":227.2}},{"type":"Feature","geometry":{"type":"Point","coordinates":[135.7215574,34.7658219]},"properties":{"z":227.2}},{"type":"Feature","geometry":{"type":"Point","coordinates":[135.7216103,34.7658104]},"properties":{"z":226.1}},{"type":"Feature","geometry":{"type":"Point","coordinates":[135.7216633,34.7657994]},"properties":{"z":226.5}},{"type":"Feature","geometry":{"type":"Point","coordinates":[135.7217166,34.7657891]},"properties":{"z":225.4}},{"type":"Feature","geometry":{"type":"Point","coordinates":[135.721769,34.7657763]},"properties":{"z":224.5}},{"type":"Feature","geometry":{"type":"Point","coordinates":[135.7218213,34.7657629]},"properties":{"z":224.5}},{"type":"Feature","geometry":{"type":"Point","coordinates":[135.7218737,34.7657502]},"properties":{"z":223.5}},{"type":"Feature","geometry":{"type":"Point","coordinates":[135.721927,34.7657407]},"properties":{"z":222.6}},{"type":"Feature","geometry":{"type":"Point","coordinates":[135.7219814,34.7657355]},"properties":{"z":222.6}},{"type":"Feature","geometry":{"type":"Point","coordinates":[135.7220359,34.765736]},"properties":{"z":221.6}},{"type":"Feature","geometry":{"type":"Point","coordinates":[135.7220906,34.7657385]},"properties":{"z":221.6}},{"type":"Feature","geometry":{"type":"Point","coordinates":[135.7221453,34.7657393]},"properties":{"z":220.7}},{"type":"Feature","geometry":{"type":"Point","coordinates":[135.7222,34.76574]},"properties":{"z":220.1}},{"type":"Feature","geometry":{"type":"Point","coordinates":[135.7222546,34.7657373]},"properties":{"z":220.1}},{"type":"Feature","geometry":{"type":"Point","coordinates":[135.7223088,34.7657391]},"properties":{"z":219.7}},{"type":"Feature","geometry":{"type":"Point","coordinates":[135.7223317,34.7657679]},"properties":{"z":219.7}},{"type":"Feature","geometry":{"type":"Point","coordinates":[135.7222898,34.7657964]},"properties":{"z":219.7}},{"type":"Feature","geometry":{"type":"Point","coordinates":[135.7222612,34.7658343]},"properties":{"z":219.9}},{"type":"Feature","geometry":{"type":"Point","coordinates":[135.7222354,34.7658739]},"properties":{"z":220.1}},{"type":"Feature","geometry":{"type":"Point","coordinates":[135.7222104,34.7659139]},"properties":{"z":220.1}},{"type":"Feature","geometry":{"type":"Point","coordinates":[135.7221836,34.765953]},"properties":{"z":220.6}},{"type":"Feature","geometry":{"type":"Point","coordinates":[135.7221528,34.7659902]},"properties":{"z":221.3}},{"type":"Feature","geometry":{"type":"Point","coordinates":[135.722118,34.7660248]},"properties":{"z":222.2}},{"type":"Feature","geometry":{"type":"Point","coordinates":[135.7220778,34.7660553]},"properties":{"z":222.9}},{"type":"Feature","geometry":{"type":"Point","coordinates":[135.7220312,34.7660788]},"properties":{"z":222.9}},{"type":"Feature","geometry":{"type":"Point","coordinates":[135.7219856,34.7661035]},"properties":{"z":224.3}},{"type":"Feature","geometry":{"type":"Point","coordinates":[135.7219439,34.7661325]},"properties":{"z":224.3}},{"type":"Feature","geometry":{"type":"Point","coordinates":[135.721901,34.76616]},"properties":{"z":225.6}},{"type":"Feature","geometry":{"type":"Point","coordinates":[135.721857,34.7661865]},"properties":{"z":225.6}},{"type":"Feature","geometry":{"type":"Point","coordinates":[135.7218122,34.7662122]},"properties":{"z":226.5}},{"type":"Feature","geometry":{"type":"Point","coordinates":[135.7217665,34.7662369]},"properties":{"z":226.8}},{"type":"Feature","geometry":{"type":"Point","coordinates":[135.7217209,34.7662618]},"properties":{"z":227.7}},{"type":"Feature","geometry":{"type":"Point","coordinates":[135.7216753,34.7662866]},"properties":{"z":227.7}},{"type":"Feature","geometry":{"type":"Point","coordinates":[135.72163,34.7663119]},"properties":{"z":228.4}},{"type":"Feature","geometry":{"type":"Point","coordinates":[135.7215808,34.7663313]},"properties":{"z":228.4}},{"type":"Feature","geometry":{"type":"Point","coordinates":[135.7215322,34.7663517]},"properties":{"z":228.8}},{"type":"Feature","geometry":{"type":"Point","coordinates":[135.7214854,34.7663747]},"properties":{"z":228.7}},{"type":"Feature","geometry":{"type":"Point","coordinates":[135.7214684,34.7664163]},"properties":{"z":228.7}},{"type":"Feature","geometry":{"type":"Point","coordinates":[135.7214344,34.7664505]},"properties":{"z":228.5}},{"type":"Feature","geometry":{"type":"Point","coordinates":[135.7214014,34.7664863]},"properties":{"z":229.0}},{"type":"Feature","geometry":{"type":"Point","coordinates":[135.7213671,34.7665213]},"properties":{"z":228.8}},{"type":"Feature","geometry":{"type":"Point","coordinates":[135.7213264,34.7665513]},"properties":{"z":228.8}},{"type":"Feature","geometry":{"type":"Point","coordinates":[135.7212829,34.7665784]},"properties":{"z":229.3}},{"type":"Feature","geometry":{"type":"Point","coordinates":[135.7212394,34.7666056]},"properties":{"z":229.3}},{"type":"Feature","geometry":{"type":"Point","coordinates":[135.7211992,34.7666361]},"properties":{"z":229.5}},{"type":"Feature","geometry":{"type":"Point","coordinates":[135.7211578,34.7666655]},"properties":{"z":229.2}},{"type":"Feature","geometry":{"type":"Point","coordinates":[135.7211163,34.7666948]},"properties":{"z":228.8}},{"type":"Feature","geometry":{"type":"Point","coordinates":[135.721076,34.7667251]},"properties":{"z":228.5}},{"type":"Feature","geometry":{"type":"Point","coordinates":[135.7210392,34.7667584]},"properties":{"z":228.0}},{"type":"Feature","geometry":{"type":"Point","coordinates":[135.7210079,34.7667947]},"properties":{"z":227.7}},{"type":"Feature","geometry":{"type":"Point","coordinates":[135.7209859,34.7668359]},"properties":{"z":227.7}},{"type":"Feature","geometry":{"type":"Point","coordinates":[135.7209659,34.7668777]},"properties":{"z":227.3}},{"type":"Feature","geometry":{"type":"Point","coordinates":[135.7209491,34.7669204]},"properties":{"z":227.3}},{"type":"Feature","geometry":{"type":"Point","coordinates":[135.7209372,34.7669642]},"properties":{"z":227.4}},{"type":"Feature","geometry":{"type":"Point","coordinates":[135.7209228,34.7670076]},"properties":{"z":227.5}},{"type":"Feature","geometry":{"type":"Point","coordinates":[135.7209053,34.7670502]},"properties":{"z":227.5}},{"type":"Feature","geometry":{"type":"Point","coordinates":[135.7208888,34.7670929]},"properties":{"z":227.3}},{"type":"Feature","geometry":{"type":"Point","coordinates":[135.7208766,34.7671368]},"properties":{"z":227.3}},{"type":"Feature","geometry":{"type":"Point","coordinates":[135.7208624,34.7671802]},"properties":{"z":227.3}},{"type":"Feature","geometry":{"type":"Point","coordinates":[135.7208479,34.7672235]},"properties":{"z":227.2}},{"type":"Feature","geometry":{"type":"Point","coordinates":[135.7208311,34.7672663]},"properties":{"z":227.2}},{"type":"Feature","geometry":{"type":"Point","coordinates":[135.7208116,34.7673082]},"properties":{"z":227.1}},{"type":"Feature","geometry":{"type":"Point","coordinates":[135.7207917,34.7673501]},"properties":{"z":226.5}},{"type":"Feature","geometry":{"type":"Point","coordinates":[135.7207791,34.7673939]},"properties":{"z":226.4}},{"type":"Feature","geometry":{"type":"Point","coordinates":[135.7207654,34.7674374]},"properties":{"z":226.3}},{"type":"Feature","geometry":{"type":"Point","coordinates":[135.7207566,34.7674816]},"properties":{"z":226.3}},{"type":"Feature","geometry":{"type":"Point","coordinates":[135.7207517,34.7675264]},"properties":{"z":226.3}},{"type":"Feature","geometry":{"type":"Point","coordinates":[135.7207486,34.7675713]},"properties":{"z":226.4}},{"type":"Feature","geometry":{"type":"Point","coordinates":[135.7207614,34.7676148]},"properties":{"z":226.4}},{"type":"Feature","geometry":{"type":"Point","coordinates":[135.7207795,34.7676569]},"properties":{"z":226.6}},{"type":"Feature","geometry":{"type":"Point","coordinates":[135.7208054,34.7676965]},"properties":{"z":226.6}},{"type":"Feature","geometry":{"type":"Point","coordinates":[135.7208338,34.7677349]},"properties":{"z":227.4}},{"type":"Feature","geometry":{"type":"Point","coordinates":[135.720865,34.7677718]},"properties":{"z":227.4}},{"type":"Feature","geometry":{"type":"Point","coordinates":[135.7208944,34.7678096]},"properties":{"z":228.2}},{"type":"Feature","geometry":{"type":"Point","coordinates":[135.7209208,34.767849]},"properties":{"z":228.2}},{"type":"Feature","geometry":{"type":"Point","coordinates":[135.7209439,34.7678895]},"properties":{"z":228.2}},{"type":"Feature","geometry":{"type":"Point","coordinates":[135.7209595,34.7679326]},"properties":{"z":228.2}},{"type":"Feature","geometry":{"type":"Point","coordinates":[135.7209705,34.7679763]},"properties":{"z":228.2}},{"type":"Feature","geometry":{"type":"Point","coordinates":[135.7209716,34.7680212]},"properties":{"z":228.2}},{"type":"Feature","geometry":{"type":"Point","coordinates":[135.7209663,34.7680654]},"properties":{"z":228.2}},{"type":"Feature","geometry":{"type":"Point","coordinates":[135.7209505,34.7681085]},"properties":{"z":228.2}},{"type":"Feature","geometry":{"type":"Point","coordinates":[135.7209332,34.7681511]},"properties":{"z":228.3}},{"type":"Feature","geometry":{"type":"Point","coordinates":[135.7209148,34.7681934]},"properties":{"z":228.3}},{"type":"Feature","geometry":{"type":"Point","coordinates":[135.7208999,34.7682367]},"properties":{"z":228.5}},{"type":"Feature","geometry":{"type":"Point","coordinates":[135.7208861,34.7682802]},"properties":{"z":228.1}},{"type":"Feature","geometry":{"type":"Point","coordinates":[135.7208734,34.7683239]},"properties":{"z":228.1}},{"type":"Feature","geometry":{"type":"Point","coordinates":[135.7208531,34.7683656]},"properties":{"z":228.2}},{"type":"Feature","geometry":{"type":"Point","coordinates":[135.7208314,34.7684068]},"properties":{"z":228.2}},{"type":"Feature","geometry":{"type":"Point","coordinates":[135.720809,34.7684478]},"properties":{"z":228.3}},{"type":"Feature","geometry":{"type":"Point","coordinates":[135.7207844,34.768488]},"properties":{"z":227.7}},{"type":"Feature","geometry":{"type":"Point","coordinates":[135.7207586,34.7685276]},"properties":{"z":227.7}},{"type":"Feature","geometry":{"type":"Point","coordinates":[135.7207297,34.7685658]},"properties":{"z":227.8}},{"type":"Feature","geometry":{"type":"Point","coordinates":[135.7206972,34.7686015]},"properties":{"z":227.2}},{"type":"Feature","geometry":{"type":"Point","coordinates":[135.7206574,34.7686324]},"properties":{"z":227.2}},{"type":"Feature","geometry":{"type":"Point","coordinates":[135.7206159,34.7686617]},"properties":{"z":226.6}},{"type":"Feature","geometry":{"type":"Point","coordinates":[135.7205736,34.7686902]},"properties":{"z":226.6}},{"type":"Feature","geometry":{"type":"Point","coordinates":[135.7205258,34.7687121]},"properties":{"z":226.1}},{"type":"Feature","geometry":{"type":"Point","coordinates":[135.720478,34.7687339]},"properties":{"z":226.1}},{"type":"Feature","geometry":{"type":"Point","coordinates":[135.7204301,34.7687556]},"properties":{"z":225.5}},{"type":"Feature","geometry":{"type":"Point","coordinates":[135.7203805,34.7687746]},"properties":{"z":225.6}},{"type":"Feature","geometry":{"type":"Point","coordinates":[135.7203302,34.7687922]},"properties":{"z":225.0}},{"type":"Feature","geometry":{"type":"Point","coordinates":[135.7202797,34.7688095]},"properties":{"z":224.5}},{"type":"Feature","geometry":{"type":"Point","coordinates":[135.7202293,34.7688271]},"properties":{"z":224.5}},{"type":"Feature","geometry":{"type":"Point","coordinates":[135.7201791,34.7688449]},"properties":{"z":224.4}},{"type":"Feature","geometry":{"type":"Point","coordinates":[135.7201288,34.7688627]},"properties":{"z":224.4}},{"type":"Feature","geometry":{"type":"Point","coordinates":[135.7200796,34.7688824]},"properties":{"z":224.2}},{"type":"Feature","geometry":{"type":"Point","coordinates":[135.7200312,34.7689032]},"properties":{"z":224.1}},{"type":"Feature","geometry":{"type":"Point","coordinates":[135.7199835,34.7689253]},"properties":{"z":224.1}},{"type":"Feature","geometry":{"type":"Point","coordinates":[135.7199378,34.76895]},"properties":{"z":223.8}},{"type":"Feature","geometry":{"type":"Point","coordinates":[135.7198982,34.7689807]},"properties":{"z":224.0}},{"type":"Feature","geometry":{"type":"Point","coordinates":[135.7198679,34.7690174]},"properties":{"z":224.0}},{"type":"Feature","geometry":{"type":"Point","coordinates":[135.719846,34.7690586]},"properties":{"z":223.8}},{"type":"Feature","geometry":{"type":"Point","coordinates":[135.7198276,34.7691009]},"properties":{"z":223.8}},{"type":"Feature","geometry":{"type":"Point","coordinates":[135.7198089,34.7691432]},"properties":{"z":223.8}},{"type":"Feature","geometry":{"type":"Point","coordinates":[135.7197925,34.769186]},"properties":{"z":223.8}},{"type":"Feature","geometry":{"type":"Point","coordinates":[135.7197796,34.7692297]},"properties":{"z":223.8}},{"type":"Feature","geometry":{"type":"Point","coordinates":[135.7197725,34.7692741]},"properties":{"z":223.4}},{"type":"Feature","geometry":{"type":"Point","coordinates":[135.719771,34.769319]},"properties":{"z":223.4}},{"type":"Feature","geometry":{"type":"Point","coordinates":[135.71977,34.7693639]},"properties":{"z":223.4}},{"type":"Feature","geometry":{"type":"Point","coordinates":[135.7197745,34.7694087]},"properties":{"z":223.4}},{"type":"Feature","geometry":{"type":"Point","coordinates":[135.7197749,34.7694537]},"properties":{"z":223.4}},{"type":"Feature","geometry":{"type":"Point","coordinates":[135.7197636,34.7694974]},"properties":{"z":223.5}},{"type":"Feature","geometry":{"type":"Point","coordinates":[135.719745,34.7695395]},"properties":{"z":224.1}},{"type":"Feature","geometry":{"type":"Point","coordinates":[135.7197216,34.7695801]},"properties":{"z":224.1}},{"type":"Feature","geometry":{"type":"Point","coordinates":[135.7196949,34.7696193]},"properties":{"z":224.5}},{"type":"Feature","geometry":{"type":"Point","coordinates":[135.7196665,34.7696578]},"properties":{"z":225.2}},{"type":"Feature","geometry":{"type":"Point","coordinates":[135.7196353,34.7696947]},"properties":{"z":225.7}},{"type":"Feature","geometry":{"type":"Point","coordinates":[135.7196042,34.7697317]},"properties":{"z":226.3}},{"type":"Feature","geometry":{"type":"Point","coordinates":[135.7195715,34.7697677]},"properties":{"z":226.5}},{"type":"Feature","geometry":{"type":"Point","coordinates":[135.7195375,34.7698029]},"properties":{"z":226.5}},{"type":"Feature","geometry":{"type":"Point","coordinates":[135.7195044,34.7698387]},"properties":{"z":227.3}},{"type":"Feature","geometry":{"type":"Point","coordinates":[135.7194736,34.7698758]},"properties":{"z":227.3}},{"type":"Feature","geometry":{"type":"Point","coordinates":[135.7194361,34.7699085]},"properties":{"z":227.3}},{"type":"Feature","geometry":{"type":"Point","coordinates":[135.7194013,34.7699432]},"properties":{"z":227.9}},{"type":"Feature","geometry":{"type":"Point","coordinates":[135.7193714,34.7699808]},"properties":{"z":227.8}},{"type":"Feature","geometry":{"type":"Point","coordinates":[135.7193383,34.7700163]},"properties":{"z":228.3}},{"type":"Feature","geometry":{"type":"Point","coordinates":[135.7193023,34.7700501]},"properties":{"z":228.0}},{"type":"Feature","geometry":{"type":"Point","coordinates":[135.7192751,34.7700884]},"properties":{"z":228.0}},{"type":"Feature","geometry":{"type":"Point","coordinates":[135.7192995,34.7700959]},"properties":{"z":228.0}},{"type":"Feature","geometry":{"type":"Point","coordinates":[135.7193172,34.7700534]},"properties":{"z":228.0}},{"type":"Feature","geometry":{"type":"Point","coordinates":[135.7193408,34.7700129]},"properties":{"z":228.3}},{"type":"Feature","geometry":{"type":"Point","coordinates":[135.7193759,34.7699786]},"properties":{"z":227.8}},{"type":"Feature","geometry":{"type":"Point","coordinates":[135.7194061,34.7699413]},"properties":{"z":227.9}},{"type":"Feature","geometry":{"type":"Point","coordinates":[135.7194379,34.7699048]},"properties":{"z":227.3}},{"type":"Feature","geometry":{"type":"Point","coordinates":[135.7194722,34.7698698]},"properties":{"z":227.3}},{"type":"Feature","geometry":{"type":"Point","coordinates":[135.7195071,34.7698352]},"properties":{"z":227.3}},{"type":"Feature","geometry":{"type":"Point","coordinates":[135.7195232,34.7697926]},"properties":{"z":226.5}},{"type":"Feature","geometry":{"type":"Point","coordinates":[135.7195154,34.7697492]},"properties":{"z":227.2}},{"type":"Feature","geometry":{"type":"Point","coordinates":[135.7194973,34.7697069]},"properties":{"z":226.9}},{"type":"Feature","geometry":{"type":"Point","coordinates":[135.7194743,34.7696664]},"properties":{"z":226.4}},{"type":"Feature","geometry":{"type":"Point","coordinates":[135.7194419,34.7696307]},"properties":{"z":226.4}},{"type":"Feature","geometry":{"type":"Point","coordinates":[135.7194029,34.7695992]},"properties":{"z":226.7}},{"type":"Feature","geometry":{"type":"Point","coordinates":[135.7193642,34.7695675]},"properties":{"z":226.7}},{"type":"Feature","geometry":{"type":"Point","coordinates":[135.719322,34.7695389]},"properties":{"z":227.5}},{"type":"Feature","geometry":{"type":"Point","coordinates":[135.7192834,34.769507]},"properties":{"z":227.1}},{"type":"Feature","geometry":{"type":"Point","coordinates":[135.7192456,34.7694745]},"properties":{"z":227.8}},{"type":"Feature","geometry":{"type":"Point","coordinates":[135.7192071,34.7694426]},"properties":{"z":226.8}},{"type":"Feature","geometry":{"type":"Point","coordinates":[135.7191668,34.7694123]},"properties":{"z":227.5}},{"type":"Feature","geometry":{"type":"Point","coordinates":[135.7191223,34.7693861]},"properties":{"z":226.0}},{"type":"Feature","geometry":{"type":"Point","coordinates":[135.7190749,34.7693638]},"properties":{"z":225.8}},{"type":"Feature","geometry":{"type":"Point","coordinates":[135.7190257,34.7693441]},"properties":{"z":225.8}},{"type":"Feature","geometry":{"type":"Point","coordinates":[135.7189759,34.7693255]},"properties":{"z":223.3}},{"type":"Feature","geometry":{"type":"Point","coordinates":[135.7189338,34.7692975]},"properties":{"z":223.3}},{"type":"Feature","geometry":{"type":"Point","coordinates":[135.7188989,34.7692637]},"properties":{"z":224.0}},{"type":"Feature","geometry":{"type":"Point","coordinates":[135.7188759,34.7692229]},"properties":{"z":223.4}},{"type":"Feature","geometry":{"type":"Point","coordinates":[135.7188535,34.7691819]},"properties":{"z":223.3}},{"type":"Feature","geometry":{"type":"Point","coordinates":[135.7188318,34.7691407]},"properties":{"z":224.1}},{"type":"Feature","geometry":{"type":"Point","coordinates":[135.7188112,34.769099]},"properties":{"z":223.9}},{"type":"Feature","geometry":{"type":"Point","coordinates":[135.7187888,34.769058]},"properties":{"z":223.9}},{"type":"Feature","geometry":{"type":"Point","coordinates":[135.7187666,34.7690169]},"properties":{"z":223.7}},{"type":"Feature","geometry":{"type":"Point","coordinates":[135.7187458,34.7689754]},"properties":{"z":224.7}},{"type":"Feature","geometry":{"type":"Point","coordinates":[135.7187262,34.7689334]},"properties":{"z":224.3}},{"type":"Feature","geometry":{"type":"Point","coordinates":[135.7187071,34.7688913]},"properties":{"z":224.1}},{"type":"Feature","geometry":{"type":"Point","coordinates":[135.7186887,34.768849]},"properties":{"z":224.1}},{"type":"Feature","geometry":{"type":"Point","coordinates":[135.7186734,34.7688058]},"properties":{"z":224.0}},{"type":"Feature","geometry":{"type":"Point","coordinates":[135.7186614,34.7687621]},"properties":{"z":224.0}},{"type":"Feature","geometry":{"type":"Point","coordinates":[135.7186563,34.7687173]},"properties":{"z":224.5}},{"type":"Feature","geometry":{"type":"Point","coordinates":[135.718659,34.7686725]},"properties":{"z":224.6}},{"type":"Feature","geometry":{"type":"Point","coordinates":[135.7186668,34.7686281]},"properties":{"z":224.1}},{"type":"Feature","geometry":{"type":"Point","coordinates":[135.7186786,34.7685842]},"properties":{"z":224.4}},{"type":"Feature","geometry":{"type":"Point","coordinates":[135.7186928,34.7685408]},"properties":{"z":224.8}},{"type":"Feature","geometry":{"type":"Point","coordinates":[135.718707,34.7684974]},"properties":{"z":224.8}},{"type":"Feature","geometry":{"type":"Point","coordinates":[135.7187218,34.7684541]},"properties":{"z":225.3}},{"type":"Feature","geometry":{"type":"Point","coordinates":[135.7187375,34.7684111]},"properties":{"z":225.3}},{"type":"Feature","geometry":{"type":"Point","coordinates":[135.7187501,34.7683673]},"properties":{"z":225.5}},{"type":"Feature","geometry":{"type":"Point","coordinates":[135.7187621,34.7683235]},"properties":{"z":226.2}},{"type":"Feature","geometry":{"type":"Point","coordinates":[135.7187751,34.7682799]},"properties":{"z":226.2}},{"type":"Feature","geometry":{"type":"Point","coordinates":[135.7187925,34.7682372]},"properties":{"z":226.8}},{"type":"Feature","geometry":{"type":"Point","coordinates":[135.7188146,34.7681961]},"properties":{"z":227.3}},{"type":"Feature","geometry":{"type":"Point","coordinates":[135.7188298,34.7681532]},"properties":{"z":227.3}},{"type":"Feature","geometry":{"type":"Point","coordinates":[135.7188413,34.7681092]},"properties":{"z":227.4}},{"type":"Feature","geometry":{"type":"Point","coordinates":[135.7188535,34.7680654]},"properties":{"z":227.4}},{"type":"Feature","geometry":{"type":"Point","coordinates":[135.7188658,34.7680216]},"properties":{"z":227.9}},{"type":"Feature","geometry":{"type":"Point","coordinates":[135.71888,34.7679782]},"properties":{"z":228.5}},{"type":"Feature","geometry":{"type":"Point","coordinates":[135.7188936,34.7679347]},"properties":{"z":228.5}},{"type":"Feature","geometry":{"type":"Point","coordinates":[135.7189065,34.767891]},"properties":{"z":228.8}},{"type":"Feature","geometry":{"type":"Point","coordinates":[135.7189201,34.7678475]},"properties":{"z":228.1}},{"type":"Feature","geometry":{"type":"Point","coordinates":[135.7189343,34.767804]},"properties":{"z":228.3}},{"type":"Feature","geometry":{"type":"Point","coordinates":[135.7189475,34.7677604]},"properties":{"z":228.4}},{"type":"Feature","geometry":{"type":"Point","coordinates":[135.7189596,34.7677166]},"properties":{"z":228.4}},{"type":"Feature","geometry":{"type":"Point","coordinates":[135.7189709,34.7676726]},"properties":{"z":228.6}},{"type":"Feature","geometry":{"type":"Point","coordinates":[135.7189808,34.7676284]},"properties":{"z":228.8}},{"type":"Feature","geometry":{"type":"Point","coordinates":[135.7189888,34.767584]},"properties":{"z":228.8}},{"type":"Feature","geometry":{"type":"Point","coordinates":[135.7189927,34.7675391]},"properties":{"z":228.8}},{"type":"Feature","geometry":{"type":"Point","coordinates":[135.7189943,34.7674942]},"properties":{"z":228.8}},{"type":"Feature","geometry":{"type":"Point","coordinates":[135.7189918,34.7674494]},"properties":{"z":228.9}},{"type":"Feature","geometry":{"type":"Point","coordinates":[135.7189858,34.7674047]},"properties":{"z":228.9}},{"type":"Feature","geometry":{"type":"Point","coordinates":[135.7189798,34.76736]},"properties":{"z":228.9}},{"type":"Feature","geometry":{"type":"Point","coordinates":[135.7189671,34.7673164]},"properties":{"z":228.8}},{"type":"Feature","geometry":{"type":"Point","coordinates":[135.7189528,34.767273]},"properties":{"z":228.8}},{"type":"Feature","geometry":{"type":"Point","coordinates":[135.7189389,34.7672295]},"properties":{"z":228.8}},{"type":"Feature","geometry":{"type":"Point","coordinates":[135.7189235,34.7671864]},"properties":{"z":228.7}},{"type":"Feature","geometry":{"type":"Point","coordinates":[135.7189054,34.767144]},"properties":{"z":229.3}},{"type":"Feature","geometry":{"type":"Point","coordinates":[135.7188847,34.7671024]},"properties":{"z":229.1}},{"type":"Feature","geometry":{"type":"Point","coordinates":[135.718866,34.7670602]},"properties":{"z":228.9}},{"type":"Feature","geometry":{"type":"Point","coordinates":[135.7188484,34.7670176]},"properties":{"z":228.9}},{"type":"Feature","geometry":{"type":"Point","coordinates":[135.7188315,34.7669749]},"properties":{"z":229.3}},{"type":"Feature","geometry":{"type":"Point","coordinates":[135.7188118,34.7669329]},"properties":{"z":229.3}},{"type":"Feature","geometry":{"type":"Point","coordinates":[135.7187925,34.7668909]},"properties":{"z":229.0}},{"type":"Feature","geometry":{"type":"Point","coordinates":[135.7187738,34.7668486]},"properties":{"z":228.7}},{"type":"Feature","geometry":{"type":"Point","coordinates":[135.7187585,34.7668055]},"properties":{"z":228.7}},{"type":"Feature","geometry":{"type":"Point","coordinates":[135.718745,34.766762]},"properties":{"z":229.0}},{"type":"Feature","geometry":{"type":"Point","coordinates":[135.7187357,34.7667176]},"properties":{"z":229.0}},{"type":"Feature","geometry":{"type":"Point","coordinates":[135.718727,34.7666733]},"properties":{"z":228.8}},{"type":"Feature","geometry":{"type":"Point","coordinates":[135.7187191,34.7666288]},"properties":{"z":228.5}},{"type":"Feature","geometry":{"type":"Point","coordinates":[135.7187103,34.7665844]},"properties":{"z":228.5}},{"type":"Feature","geometry":{"type":"Point","coordinates":[135.7187006,34.7665402]},"properties":{"z":228.3}},{"type":"Feature","geometry":{"type":"Point","coordinates":[135.718686,34.7664969]},"properties":{"z":228.0}},{"type":"Feature","geometry":{"type":"Point","coordinates":[135.7186716,34.7664535]},"properties":{"z":228.0}},{"type":"Feature","geometry":{"type":"Point","coordinates":[135.7186574,34.7664101]},"properties":{"z":228.1}},{"type":"Feature","geometry":{"type":"Point","coordinates":[135.7186432,34.7663667]},"properties":{"z":228.1}},{"type":"Feature","geometry":{"type":"Point","coordinates":[135.7186234,34.7663251]},"properties":{"z":227.7}},{"type":"Feature","geometry":{"type":"Point","coordinates":[135.7185966,34.7662861]},"properties":{"z":227.4}},{"type":"Feature","geometry":{"type":"Point","coordinates":[135.7185589,34.7662535]},"properties":{"z":227.9}},{"type":"Feature","geometry":{"type":"Point","coordinates":[135.7185173,34.7662244]},"properties":{"z":227.9}},{"type":"Feature","geometry":{"type":"Point","coordinates":[135.7184727,34.7661985]},"properties":{"z":227.8}},{"type":"Feature","geometry":{"type":"Point","coordinates":[135.7184263,34.7661746]},"properties":{"z":227.8}},{"type":"Feature","geometry":{"type":"Point","coordinates":[135.7183784,34.7661532]},"properties":{"z":228.1}},{"type":"Feature","geometry":{"type":"Point","coordinates":[135.7183262,34.7661397]},"properties":{"z":227.6}},{"type":"Feature","geometry":{"type":"Point","coordinates":[135.718274,34.7661262]},"properties":{"z":227.9}},{"type":"Feature","geometry":{"type":"Point","coordinates":[135.7182214,34.766114]},"properties":{"z":228.2}},{"type":"Feature","geometry":{"type":"Point","coordinates":[135.7181683,34.7661031]},"properties":{"z":228.2}},{"type":"Feature","geometry":{"type":"Point","coordinates":[135.7181143,34.7660959]},"properties":{"z":228.4}},{"type":"Feature","geometry":{"type":"Point","coordinates":[135.718061,34.7660862]},"properties":{"z":228.4}},{"type":"Feature","geometry":{"type":"Point","coordinates":[135.7180089,34.7660725]},"properties":{"z":228.2}},{"type":"Feature","geometry":{"type":"Point","coordinates":[135.7179588,34.7660547]},"properties":{"z":228.5}},{"type":"Feature","geometry":{"type":"Point","coordinates":[135.7179103,34.7660339]},"properties":{"z":228.5}},{"type":"Feature","geometry":{"type":"Point","coordinates":[135.7178612,34.7660141]},"properties":{"z":228.7}},{"type":"Feature","geometry":{"type":"Point","coordinates":[135.7178118,34.7659948]},"properties":{"z":228.3}},{"type":"Feature","geometry":{"type":"Point","coordinates":[135.7177659,34.7659706]},"properties":{"z":228.7}},{"type":"Feature","geometry":{"type":"Point","coordinates":[135.7177214,34.7659444]},"properties":{"z":228.7}},{"type":"Feature","geometry":{"type":"Point","coordinates":[135.7176822,34.7659133]},"properties":{"z":229.0}},{"type":"Feature","geometry":{"type":"Point","coordinates":[135.7176445,34.7658807]},"properties":{"z":229.0}},{"type":"Feature","geometry":{"type":"Point","coordinates":[135.7176125,34.7658445]},"properties":{"z":229.6}},{"type":"Feature","geometry":{"type":"Point","coordinates":[135.7175835,34.7658064]},"properties":{"z":229.6}},{"type":"Feature","geometry":{"type":"Point","coordinates":[135.7175587,34.7657664]},"properties":{"z":229.5}},{"type":"Feature","geometry":{"type":"Point","coordinates":[135.7175371,34.7657251]},"properties":{"z":229.9}},{"type":"Feature","geometry":{"type":"Point","coordinates":[135.7175141,34.7656844]},"properties":{"z":229.9}},{"type":"Feature","geometry":{"type":"Point","coordinates":[135.7174895,34.7656442]},"properties":{"z":229.8}},{"type":"Feature","geometry":{"type":"Point","coordinates":[135.7174635,34.7656047]},"properties":{"z":229.8}},{"type":"Feature","geometry":{"type":"Point","coordinates":[135.7174356,34.765566]},"properties":{"z":233.7}},{"type":"Feature","geometry":{"type":"Point","coordinates":[135.7174066,34.7655279]},"properties":{"z":233.7}},{"type":"Feature","geometry":{"type":"Point","coordinates":[135.7173764,34.7654904]},"properties":{"z":232.4}},{"type":"Feature","geometry":{"type":"Point","coordinates":[135.717343,34.7654549]},"properties":{"z":235.9}},{"type":"Feature","geometry":{"type":"Point","coordinates":[135.7173076,34.7654206]},"properties":{"z":233.5}},{"type":"Feature","geometry":{"type":"Point","coordinates":[135.7172682,34.7653896]},"properties":{"z":235.9}},{"type":"Feature","geometry":{"type":"Point","coordinates":[135.7172275,34.7653595]},"properties":{"z":232.6}},{"type":"Feature","geometry":{"type":"Point","coordinates":[135.7171826,34.765334]},"properties":{"z":233.2}},{"type":"Feature","geometry":{"type":"Point","coordinates":[135.7171369,34.7653092]},"properties":{"z":233.2}},{"type":"Feature","geometry":{"type":"Point","coordinates":[135.7170879,34.7652894]},"properties":{"z":228.7}},{"type":"Feature","geometry":{"type":"Point","coordinates":[135.7170385,34.76527]},"properties":{"z":228.7}},{"type":"Feature","geometry":{"type":"Point","coordinates":[135.7169865,34.7652561]},"properties":{"z":228.3}},{"type":"Feature","geometry":{"type":"Point","coordinates":[135.7169343,34.7652426]},"properties":{"z":228.4}},{"type":"Feature","geometry":{"type":"Point","coordinates":[135.7168826,34.7652278]},"properties":{"z":227.7}},{"type":"Feature","geometry":{"type":"Point","coordinates":[135.716831,34.7652129]},"properties":{"z":227.8}},{"type":"Feature","geometry":{"type":"Point","coordinates":[135.7167816,34.7651936]},"properties":{"z":227.8}},{"type":"Feature","geometry":{"type":"Point","coordinates":[135.7167324,34.7651739]},"properties":{"z":228.0}},{"type":"Feature","geometry":{"type":"Point","coordinates":[135.716685,34.7651515]},"properties":{"z":227.4}},{"type":"Feature","geometry":{"type":"Point","coordinates":[135.7166371,34.7651298]},"properties":{"z":227.4}},{"type":"Feature","geometry":{"type":"Point","coordinates":[135.7165879,34.76511]},"properties":{"z":227.6}},{"type":"Feature","geometry":{"type":"Point","coordinates":[135.7165421,34.7650856]},"properties":{"z":227.7}},{"type":"Feature","geometry":{"type":"Point","coordinates":[135.7165026,34.7650552]},"properties":{"z":228.3}},{"type":"Feature","geometry":{"type":"Point","coordinates":[135.7164689,34.7650198]},"properties":{"z":228.3}},{"type":"Feature","geometry":{"type":"Point","coordinates":[135.7164367,34.7649836]},"properties":{"z":228.3}},{"type":"Feature","geometry":{"type":"Point","coordinates":[135.7164118,34.7649435]},"properties":{"z":229.0}},{"type":"Feature","geometry":{"type":"Point","coordinates":[135.7163906,34.7649022]},"properties":{"z":229.0}},{"type":"Feature","geometry":{"type":"Point","coordinates":[135.7163736,34.7648595]},"properties":{"z":229.1}},{"type":"Feature","geometry":{"type":"Point","coordinates":[135.7163615,34.7648157]},"properties":{"z":229.1}},{"type":"Feature","geometry":{"type":"Point","coordinates":[135.7163516,34.7647715]},"properties":{"z":229.1}},{"type":"Feature","geometry":{"type":"Point","coordinates":[135.7163466,34.7647268]},"properties":{"z":229.0}},{"type":"Feature","geometry":{"type":"Point","coordinates":[135.7163385,34.7646825]},"properties":{"z":229.9}},{"type":"Feature","geometry":{"type":"Point","coordinates":[135.7163241,34.7646392]},"properties":{"z":229.8}},{"type":"Feature","geometry":{"type":"Point","coordinates":[135.7163033,34.7645976]},"properties":{"z":229.7}},{"type":"Feature","geometry":{"type":"Point","coordinates":[135.7162914,34.764554]},"properties":{"z":229.7}},{"type":"Feature","geometry":{"type":"Point","coordinates":[135.7162854,34.7645095]},"properties":{"z":229.5}},{"type":"Feature","geometry":{"type":"Point","coordinates":[135.7162877,34.7644646]},"properties":{"z":229.5}},{"type":"Feature","geometry":{"type":"Point","coordinates":[135.7162807,34.7644202]},"properties":{"z":229.4}},{"type":"Feature","geometry":{"type":"Point","coordinates":[135.7162652,34.7643774]},"properties":{"z":229.3}},{"type":"Feature","geometry":{"type":"Point","coordinates":[135.7162426,34.7643365]},"properties":{"z":230.6}},{"type":"Feature","geometry":{"type":"Point","coordinates":[135.7162224,34.7642947]},"properties":{"z":230.0}},{"type":"Feature","geometry":{"type":"Point","coordinates":[135.7161988,34.7642542]},"properties":{"z":230.0}},{"type":"Feature","geometry":{"type":"Point","coordinates":[135.7161694,34.7642164]},"properties":{"z":230.2}},{"type":"Feature","geometry":{"type":"Point","coordinates":[135.7161332,34.7641831]},"properties":{"z":230.2}},{"type":"Feature","geometry":{"type":"Point","coordinates":[135.7160945,34.7641515]},"properties":{"z":229.4}},{"type":"Feature","geometry":{"type":"Point","coordinates":[135.7160603,34.7641167]},"properties":{"z":229.9}},{"type":"Feature","geometry":{"type":"Point","coordinates":[135.7160182,34.7640879]},"properties":{"z":229.4}},{"type":"Feature","geometry":{"type":"Point","coordinates":[135.7159727,34.764063]},"properties":{"z":230.1}},{"type":"Feature","geometry":{"type":"Point","coordinates":[135.7159259,34.7640399]},"properties":{"z":230.1}},{"type":"Feature","geometry":{"type":"Point","coordinates":[135.715882,34.7640131]},"properties":{"z":232.1}},{"type":"Feature","geometry":{"type":"Point","coordinates":[135.715838,34.7639864]},"properties":{"z":232.1}},{"type":"Feature","geometry":{"type":"Point","coordinates":[135.7157927,34.7639612]},"properties":{"z":233.7}},{"type":"Feature","geometry":{"type":"Point","coordinates":[135.715754,34.7639304]},"properties":{"z":233.7}},{"type":"Feature","geometry":{"type":"Point","coordinates":[135.7157121,34.7639021]},"properties":{"z":235.2}},{"type":"Feature","geometry":{"type":"Point","coordinates":[135.7156817,34.7638651]},"properties":{"z":234.4}},{"type":"Feature","geometry":{"type":"Point","coordinates":[135.7156631,34.7638228]},"properties":{"z":233.5}},{"type":"Feature","geometry":{"type":"Point","coordinates":[135.7156439,34.7637807]},"properties":{"z":235.5}},{"type":"Feature","geometry":{"type":"Point","coordinates":[135.7156239,34.7637389]},"properties":{"z":234.6}},{"type":"Feature","geometry":{"type":"Point","coordinates":[135.715601,34.7636981]},"properties":{"z":234.6}},{"type":"Feature","geometry":{"type":"Point","coordinates":[135.7155804,34.7636565]},"properties":{"z":232.3}},{"type":"Feature","geometry":{"type":"Point","coordinates":[135.7155606,34.7636146]},"properties":{"z":230.5}},{"type":"Feature","geometry":{"type":"Point","coordinates":[135.7155417,34.7635724]},"properties":{"z":230.5}},{"type":"Feature","geometry":{"type":"Point","coordinates":[135.715523,34.7635301]},"properties":{"z":229.2}},{"type":"Feature","geometry":{"type":"Point","coordinates":[135.7155042,34.763488]},"properties":{"z":229.2}},{"type":"Feature","geometry":{"type":"Point","coordinates":[135.7154742,34.7634503]},"properties":{"z":229.5}},{"type":"Feature","geometry":{"type":"Point","coordinates":[135.7154383,34.7634171]},"properties":{"z":229.5}},{"type":"Feature","geometry":{"type":"Point","coordinates":[135.7153961,34.7633885]},"properties":{"z":229.4}},{"type":"Feature","geometry":{"type":"Point","coordinates":[135.7153522,34.7633618]},"properties":{"z":229.4}},{"type":"Feature","geometry":{"type":"Point","coordinates":[135.715305,34.7633391]},"properties":{"z":228.9}},{"type":"Feature","geometry":{"type":"Point","coordinates":[135.7152579,34.7633163]},"properties":{"z":228.9}},{"type":"Feature","geometry":{"type":"Point","coordinates":[135.7152116,34.7632923]},"properties":{"z":228.4}},{"type":"Feature","geometry":{"type":"Point","coordinates":[135.7151659,34.7632676]},"properties":{"z":228.4}},{"type":"Feature","geometry":{"type":"Point","coordinates":[135.7151202,34.7632429]},"properties":{"z":228.2}},{"type":"Feature","geometry":{"type":"Point","coordinates":[135.7150761,34.7632163]},"properties":{"z":228.2}},{"type":"Feature","geometry":{"type":"Point","coordinates":[135.7150336,34.763188]},"properties":{"z":228.5}},{"type":"Feature","geometry":{"type":"Point","coordinates":[135.7149911,34.7631598]},"properties":{"z":228.5}},{"type":"Feature","geometry":{"type":"Point","coordinates":[135.7149559,34.7631258]},"properties":{"z":229.0}},{"type":"Feature","geometry":{"type":"Point","coordinates":[135.7149236,34.7630895]},"properties":{"z":229.0}},{"type":"Feature","geometry":{"type":"Point","coordinates":[135.7148912,34.7630532]},"properties":{"z":229.0}},{"type":"Feature","geometry":{"type":"Point","coordinates":[135.7148587,34.7630171]},"properties":{"z":229.3}},{"type":"Feature","geometry":{"type":"Point","coordinates":[135.7148263,34.7629809]},"properties":{"z":229.3}},{"type":"Feature","geometry":{"type":"Point","coordinates":[135.7147949,34.762944]},"properties":{"z":229.4}},{"type":"Feature","geometry":{"type":"Point","coordinates":[135.7147631,34.7629075]},"properties":{"z":229.1}},{"type":"Feature","geometry":{"type":"Point","coordinates":[135.7147286,34.7628726]},"properties":{"z":229.1}},{"type":"Feature","geometry":{"type":"Point","coordinates":[135.7146912,34.76284]},"properties":{"z":229.2}},{"type":"Feature","geometry":{"type":"Point","coordinates":[135.7146499,34.7628105]},"properties":{"z":228.9}},{"type":"Feature","geometry":{"type":"Point","coordinates":[135.714605,34.7627851]},"properties":{"z":229.1}},{"type":"Feature","geometry":{"type":"Point","coordinates":[135.7145577,34.7627625]},"properties":{"z":228.8}},{"type":"Feature","geometry":{"type":"Point","coordinates":[135.714508,34.7627437]},"properties":{"z":229.1}},{"type":"Feature","geometry":{"type":"Point","coordinates":[135.7144562,34.7627292]},"properties":{"z":229.1}},{"type":"Feature","geometry":{"type":"Point","coordinates":[135.7144092,34.7627065]},"properties":{"z":229.1}},{"type":"Feature","geometry":{"type":"Point","coordinates":[135.7143592,34.7626887]},"properties":{"z":228.8}},{"type":"Feature","geometry":{"type":"Point","coordinates":[135.714306,34.7626795]},"properties":{"z":228.8}},{"type":"Feature","geometry":{"type":"Point","coordinates":[135.7142516,34.7626753]},"properties":{"z":228.8}},{"type":"Feature","geometry":{"type":"Point","coordinates":[135.7141987,34.7626646]},"properties":{"z":228.8}},{"type":"Feature","geometry":{"type":"Point","coordinates":[135.7141448,34.7626572]},"properties":{"z":228.8}},{"type":"Feature","geometry":{"type":"Point","coordinates":[135.714093,34.7626429]},"properties":{"z":228.7}},{"type":"Feature","geometry":{"type":"Point","coordinates":[135.714041,34.7626289]},"properties":{"z":228.7}},{"type":"Feature","geometry":{"type":"Point","coordinates":[135.7139887,34.762616]},"properties":{"z":228.3}},{"type":"Feature","geometry":{"type":"Point","coordinates":[135.7139385,34.7625981]},"properties":{"z":228.3}},{"type":"Feature","geometry":{"type":"Point","coordinates":[135.7138892,34.7625786]},"properties":{"z":228.3}},{"type":"Feature","geometry":{"type":"Point","coordinates":[135.7138375,34.762564]},"properties":{"z":228.2}},{"type":"Feature","geometry":{"type":"Point","coordinates":[135.7137857,34.7625496]},"properties":{"z":227.8}},{"type":"Feature","geometry":{"type":"Point","coordinates":[135.7137323,34.7625399]},"properties":{"z":227.8}},{"type":"Feature","geometry":{"type":"Point","coordinates":[135.7136776,34.7625375]},"properties":{"z":227.5}},{"type":"Feature","geometry":{"type":"Point","coordinates":[135.7136231,34.762534]},"properties":{"z":227.5}},{"type":"Feature","geometry":{"type":"Point","coordinates":[135.7135703,34.7625224]},"properties":{"z":227.1}},{"type":"Feature","geometry":{"type":"Point","coordinates":[135.7135229,34.7625005]},"properties":{"z":227.1}},{"type":"Feature","geometry":{"type":"Point","coordinates":[135.7134729,34.7624823]},"properties":{"z":226.8}},{"type":"Feature","geometry":{"type":"Point","coordinates":[135.7134262,34.7624657]},"properties":{"z":226.8}},{"type":"Feature","geometry":{"type":"Point","coordinates":[135.7133717,34.7624667]},"properties":{"z":226.9}},{"type":"Feature","geometry":{"type":"Point","coordinates":[135.7133205,34.7624532]},"properties":{"z":227.4}},{"type":"Feature","geometry":{"type":"Point","coordinates":[135.7132725,34.7624316]},"properties":{"z":227.4}},{"type":"Feature","geometry":{"type":"Point","coordinates":[135.7132227,34.7624136]},"properties":{"z":227.5}},{"type":"Feature","geometry":{"type":"Point","coordinates":[135.7131839,34.7623852]},"properties":{"z":227.5}},{"type":"Feature","geometry":{"type":"Point","coordinates":[135.7131726,34.7623417]},"properties":{"z":227.2}},{"type":"Feature","geometry":{"type":"Point","coordinates":[135.713168,34.7623471]},"properties":{"z":227.5}},{"type":"Feature","geometry":{"type":"Point","coordinates":[135.7131551,34.7623905]},"properties":{"z":227.7}},{"type":"Feature","geometry":{"type":"Point","coordinates":[135.7131868,34.7624163]},"properties":{"z":227.8}},{"type":"Feature","geometry":{"type":"Point","coordinates":[135.7132361,34.7624351]},"properties":{"z":227.8}},{"type":"Feature","geometry":{"type":"Point","coordinates":[135.7132872,34.7624512]},"properties":{"z":227.4}},{"type":"Feature","geometry":{"type":"Point","coordinates":[135.713338,34.7624676]},"properties":{"z":227.4}},{"type":"Feature","geometry":{"type":"Point","coordinates":[135.7133892,34.7624832]},"properties":{"z":226.9}},{"type":"Feature","geometry":{"type":"Point","coordinates":[135.7134423,34.7624942]},"properties":{"z":226.8}},{"type":"Feature","geometry":{"type":"Point","coordinates":[135.7134944,34.7625078]},"properties":{"z":226.8}},{"type":"Feature","geometry":{"type":"Point","coordinates":[135.7135485,34.7625142]},"properties":{"z":227.1}},{"type":"Feature","geometry":{"type":"Point","coordinates":[135.7136019,34.7625214]},"properties":{"z":227.5}},{"type":"Feature","geometry":{"type":"Point","coordinates":[135.7136529,34.7625375]},"properties":{"z":227.5}},{"type":"Feature","geometry":{"type":"Point","coordinates":[135.7137045,34.7625523]},"properties":{"z":227.8}},{"type":"Feature","geometry":{"type":"Point","coordinates":[135.7137545,34.76257]},"properties":{"z":228.0}},{"type":"Feature","geometry":{"type":"Point","coordinates":[135.7138055,34.7625861]},"properties":{"z":228.2}},{"type":"Feature","geometry":{"type":"Point","coordinates":[135.7138583,34.7625972]},"properties":{"z":228.3}},{"type":"Feature","geometry":{"type":"Point","coordinates":[135.7139124,34.7626035]},"properties":{"z":228.3}},{"type":"Feature","geometry":{"type":"Point","coordinates":[135.7139633,34.7626198]},"properties":{"z":228.3}},{"type":"Feature","geometry":{"type":"Point","coordinates":[135.7140152,34.7626342]},"properties":{"z":228.7}},{"type":"Feature","geometry":{"type":"Point","coordinates":[135.7140673,34.7626474]},"properties":{"z":228.7}},{"type":"Feature","geometry":{"type":"Point","coordinates":[135.7141206,34.7626577]},"properties":{"z":228.8}},{"type":"Feature","geometry":{"type":"Point","coordinates":[135.7141737,34.7626682]},"properties":{"z":228.8}},{"type":"Feature","geometry":{"type":"Point","coordinates":[135.7142279,34.7626742]},"properties":{"z":228.8}},{"type":"Feature","geometry":{"type":"Point","coordinates":[135.714281,34.762685]},"properties":{"z":228.8}},{"type":"Feature","geometry":{"type":"Point","coordinates":[135.7143344,34.7626947]},"properties":{"z":228.8}},{"type":"Feature","geometry":{"type":"Point","coordinates":[135.7143804,34.7627165]},"properties":{"z":229.1}},{"type":"Feature","geometry":{"type":"Point","coordinates":[135.7144302,34.7627336]},"properties":{"z":229.1}},{"type":"Feature","geometry":{"type":"Point","coordinates":[135.7144839,34.7627421]},"properties":{"z":229.1}},{"type":"Feature","geometry":{"type":"Point","coordinates":[135.7145338,34.7627601]},"properties":{"z":229.1}},{"type":"Feature","geometry":{"type":"Point","coordinates":[135.7145799,34.7627841]},"properties":{"z":229.1}},{"type":"Feature","geometry":{"type":"Point","coordinates":[135.7146246,34.7628093]},"properties":{"z":229.1}},{"type":"Feature","geometry":{"type":"Point","coordinates":[135.7146621,34.7628419]},"properties":{"z":229.2}},{"type":"Feature","geometry":{"type":"Point","coordinates":[135.714704,34.76287]},"properties":{"z":229.2}},{"type":"Feature","geometry":{"type":"Point","coordinates":[135.7147435,34.7629004]},"properties":{"z":229.1}},{"type":"Feature","geometry":{"type":"Point","coordinates":[135.7147731,34.7629382]},"properties":{"z":229.4}},{"type":"Feature","geometry":{"type":"Point","coordinates":[135.7148047,34.7629748]},"properties":{"z":229.2}},{"type":"Feature","geometry":{"type":"Point","coordinates":[135.7148387,34.76301]},"properties":{"z":229.3}},{"type":"Feature","geometry":{"type":"Point","coordinates":[135.7148737,34.7630445]},"properties":{"z":229.3}},{"type":"Feature","geometry":{"type":"Point","coordinates":[135.7149041,34.7630817]},"properties":{"z":229.0}},{"type":"Feature","geometry":{"type":"Point","coordinates":[135.7149348,34.7631183]},"properties":{"z":229.0}},{"type":"Feature","geometry":{"type":"Point","coordinates":[135.7149765,34.763147]},"properties":{"z":228.5}},{"type":"Feature","geometry":{"type":"Point","coordinates":[135.715025,34.7631678]},"properties":{"z":228.5}},{"type":"Feature","geometry":{"type":"Point","coordinates":[135.7150769,34.7631818]},"properties":{"z":228.2}},{"type":"Feature","geometry":{"type":"Point","coordinates":[135.71513,34.7631924]},"properties":{"z":228.2}},{"type":"Feature","geometry":{"type":"Point","coordinates":[135.7151827,34.7632045]},"properties":{"z":228.3}},{"type":"Feature","geometry":{"type":"Point","coordinates":[135.7152349,34.7632178]},"properties":{"z":228.8}},{"type":"Feature","geometry":{"type":"Point","coordinates":[135.7152876,34.7632301]},"properties":{"z":228.8}},{"type":"Feature","geometry":{"type":"Point","coordinates":[135.7153407,34.7632403]},"properties":{"z":229.1}},{"type":"Feature","geometry":{"type":"Point","coordinates":[135.7153948,34.7632469]},"properties":{"z":229.1}},{"type":"Feature","geometry":{"type":"Point","coordinates":[135.7154471,34.76326]},"properties":{"z":229.3}},{"type":"Feature","geometry":{"type":"Point","coordinates":[135.7155005,34.76327]},"properties":{"z":229.3}},{"type":"Feature","geometry":{"type":"Point","coordinates":[135.7155527,34.7632832]},"properties":{"z":229.3}},{"type":"Feature","geometry":{"type":"Point","coordinates":[135.7155978,34.7633084]},"properties":{"z":228.6}},{"type":"Feature","geometry":{"type":"Point","coordinates":[135.7156393,34.7633377]},"properties":{"z":228.5}},{"type":"Feature","geometry":{"type":"Point","coordinates":[135.7156875,34.7633587]},"properties":{"z":229.2}},{"type":"Feature","geometry":{"type":"Point","coordinates":[135.7157402,34.7633561]},"properties":{"z":229.2}},{"type":"Feature","geometry":{"type":"Point","coordinates":[135.7157394,34.7633478]},"properties":{"z":229.2}},{"type":"Feature","geometry":{"type":"Point","coordinates":[135.7156857,34.763355]},"properties":{"z":229.2}},{"type":"Feature","geometry":{"type":"Point","coordinates":[135.7156386,34.7633336]},"properties":{"z":228.5}},{"type":"Feature","geometry":{"type":"Point","coordinates":[135.7155995,34.7633023]},"properties":{"z":228.6}},{"type":"Feature","geometry":{"type":"Point","coordinates":[135.715553,34.763279]},"properties":{"z":229.3}},{"type":"Feature","geometry":{"type":"Point","coordinates":[135.7155014,34.763264]},"properties":{"z":229.3}},{"type":"Feature","geometry":{"type":"Point","coordinates":[135.7154508,34.7632471]},"properties":{"z":229.3}},{"type":"Feature","geometry":{"type":"Point","coordinates":[135.7153976,34.7632385]},"properties":{"z":229.1}},{"type":"Feature","geometry":{"type":"Point","coordinates":[135.7153433,34.7632333]},"properties":{"z":229.1}},{"type":"Feature","geometry":{"type":"Point","coordinates":[135.7152914,34.7632192]},"properties":{"z":228.8}},{"type":"Feature","geometry":{"type":"Point","coordinates":[135.7152421,34.7632003]},"properties":{"z":228.8}},{"type":"Feature","geometry":{"type":"Point","coordinates":[135.7151899,34.7631872]},"properties":{"z":228.2}},{"type":"Feature","geometry":{"type":"Point","coordinates":[135.7151366,34.7631823]},"properties":{"z":228.2}},{"type":"Feature","geometry":{"type":"Point","coordinates":[135.715137,34.763222]},"properties":{"z":228.2}},{"type":"Feature","geometry":{"type":"Point","coordinates":[135.7151805,34.7632457]},"properties":{"z":228.3}},{"type":"Feature","geometry":{"type":"Point","coordinates":[135.7152289,34.7632667]},"properties":{"z":228.9}},{"type":"Feature","geometry":{"type":"Point","coordinates":[135.7152763,34.7632891]},"properties":{"z":228.9}},{"type":"Feature","geometry":{"type":"Point","coordinates":[135.7153233,34.7633121]},"properties":{"z":229.2}},{"type":"Feature","geometry":{"type":"Point","coordinates":[135.715367,34.763339]},"properties":{"z":229.4}},{"type":"Feature","geometry":{"type":"Point","coordinates":[135.7154091,34.7633677]},"properties":{"z":229.5}},{"type":"Feature","geometry":{"type":"Point","coordinates":[135.7154406,34.7634042]},"properties":{"z":229.5}},{"type":"Feature","geometry":{"type":"Point","coordinates":[135.7154612,34.7634456]},"properties":{"z":229.5}},{"type":"Feature","geometry":{"type":"Point","coordinates":[135.7154783,34.7634883]},"properties":{"z":229.7}},{"type":"Feature","geometry":{"type":"Point","coordinates":[135.7154955,34.763531]},"properties":{"z":229.2}},{"type":"Feature","geometry":{"type":"Point","coordinates":[135.715508,34.7635747]},"properties":{"z":230.5}},{"type":"Feature","geometry":{"type":"Point","coordinates":[135.7155228,34.7636179]},"properties":{"z":232.7}},{"type":"Feature","geometry":{"type":"Point","coordinates":[135.7155441,34.7636593]},"properties":{"z":232.7}},{"type":"Feature","geometry":{"type":"Point","coordinates":[135.7155638,34.7637011]},"properties":{"z":235.7}},{"type":"Feature","geometry":{"type":"Point","coordinates":[135.7155873,34.7637417]},"properties":{"z":234.6}},{"type":"Feature","geometry":{"type":"Point","coordinates":[135.7156162,34.7637796]},"properties":{"z":235.5}},{"type":"Feature","geometry":{"type":"Point","coordinates":[135.7156494,34.7638152]},"properties":{"z":235.5}},{"type":"Feature","geometry":{"type":"Point","coordinates":[135.7156888,34.7638464]},"properties":{"z":234.4}},{"type":"Feature","geometry":{"type":"Point","coordinates":[135.7157325,34.7638734]},"properties":{"z":234.4}},{"type":"Feature","geometry":{"type":"Point","coordinates":[135.7157777,34.7638987]},"properties":{"z":233.7}},{"type":"Feature","geometry":{"type":"Point","coordinates":[135.7158242,34.7639223]},"properties":{"z":233.7}},{"type":"Feature","geometry":{"type":"Point","coordinates":[135.715872,34.7639443]},"properties":{"z":232.2}},{"type":"Feature","geometry":{"type":"Point","coordinates":[135.7159145,34.7639725]},"properties":{"z":230.2}},{"type":"Feature","geometry":{"type":"Point","coordinates":[135.7159574,34.7640003]},"properties":{"z":230.2}},{"type":"Feature","geometry":{"type":"Point","coordinates":[135.7160028,34.7640255]},"properties":{"z":229.5}},{"type":"Feature","geometry":{"type":"Point","coordinates":[135.7160465,34.7640524]},"properties":{"z":229.4}},{"type":"Feature","geometry":{"type":"Point","coordinates":[135.7160887,34.764081]},"properties":{"z":228.9}},{"type":"Feature","geometry":{"type":"Point","coordinates":[135.7161275,34.7641127]},"properties":{"z":229.4}},{"type":"Feature","geometry":{"type":"Point","coordinates":[135.7161479,34.764154]},"properties":{"z":229.4}},{"type":"Feature","geometry":{"type":"Point","coordinates":[135.7161695,34.7641953]},"properties":{"z":230.2}},{"type":"Feature","geometry":{"type":"Point","coordinates":[135.7161931,34.7642359]},"properties":{"z":229.5}},{"type":"Feature","geometry":{"type":"Point","coordinates":[135.7162189,34.7642755]},"properties":{"z":230.0}},{"type":"Feature","geometry":{"type":"Point","coordinates":[135.7162318,34.7643187]},"properties":{"z":230.0}},{"type":"Feature","geometry":{"type":"Point","coordinates":[135.7162323,34.7643633]},"properties":{"z":230.6}},{"type":"Feature","geometry":{"type":"Point","coordinates":[135.7162285,34.7644081]},"properties":{"z":231.1}},{"type":"Feature","geometry":{"type":"Point","coordinates":[135.7162281,34.764453]},"properties":{"z":231.1}},{"type":"Feature","geometry":{"type":"Point","coordinates":[135.7162277,34.764498]},"properties":{"z":231.4}},{"type":"Feature","geometry":{"type":"Point","coordinates":[135.7162245,34.7645428]},"properties":{"z":231.8}},{"type":"Feature","geometry":{"type":"Point","coordinates":[135.7162235,34.7645877]},"properties":{"z":231.8}},{"type":"Feature","geometry":{"type":"Point","coordinates":[135.7162246,34.7646327]},"properties":{"z":232.1}},{"type":"Feature","geometry":{"type":"Point","coordinates":[135.7162306,34.7646772]},"properties":{"z":232.4}},{"type":"Feature","geometry":{"type":"Point","coordinates":[135.7162396,34.7647215]},"properties":{"z":232.4}},{"type":"Feature","geometry":{"type":"Point","coordinates":[135.7162482,34.7647656]},"properties":{"z":233.0}},{"type":"Feature","geometry":{"type":"Point","coordinates":[135.7162651,34.7648083]},"properties":{"z":229.8}},{"type":"Feature","geometry":{"type":"Point","coordinates":[135.7162798,34.7648516]},"properties":{"z":229.7}},{"type":"Feature","geometry":{"type":"Point","coordinates":[135.7162955,34.7648947]},"properties":{"z":229.6}},{"type":"Feature","geometry":{"type":"Point","coordinates":[135.7163186,34.7649353]},"properties":{"z":229.6}},{"type":"Feature","geometry":{"type":"Point","coordinates":[135.7163464,34.7649739]},"properties":{"z":228.9}},{"type":"Feature","geometry":{"type":"Point","coordinates":[135.7163776,34.7650108]},"properties":{"z":228.9}},{"type":"Feature","geometry":{"type":"Point","coordinates":[135.7164126,34.7650453]},"properties":{"z":228.8}},{"type":"Feature","geometry":{"type":"Point","coordinates":[135.7164512,34.7650767]},"properties":{"z":228.3}},{"type":"Feature","geometry":{"type":"Point","coordinates":[135.7164964,34.7651021]},"properties":{"z":228.0}},{"type":"Feature","geometry":{"type":"Point","coordinates":[135.7165434,34.7651248]},"properties":{"z":227.6}},{"type":"Feature","geometry":{"type":"Point","coordinates":[135.7165927,34.7651442]},"properties":{"z":227.6}},{"type":"Feature","geometry":{"type":"Point","coordinates":[135.7166431,34.7651615]},"properties":{"z":227.4}},{"type":"Feature","geometry":{"type":"Point","coordinates":[135.7166956,34.7651741]},"properties":{"z":228.0}},{"type":"Feature","geometry":{"type":"Point","coordinates":[135.7167481,34.7651868]},"properties":{"z":228.0}},{"type":"Feature","geometry":{"type":"Point","coordinates":[135.7168002,34.7652006]},"properties":{"z":227.8}},{"type":"Feature","geometry":{"type":"Point","coordinates":[135.7168522,34.7652145]},"properties":{"z":227.8}},{"type":"Feature","geometry":{"type":"Point","coordinates":[135.7169035,34.7652301]},"properties":{"z":227.7}},{"type":"Feature","geometry":{"type":"Point","coordinates":[135.7169544,34.7652466]},"properties":{"z":228.3}},{"type":"Feature","geometry":{"type":"Point","coordinates":[135.7170044,34.7652648]},"properties":{"z":228.3}},{"type":"Feature","geometry":{"type":"Point","coordinates":[135.7170525,34.7652861]},"properties":{"z":228.7}},{"type":"Feature","geometry":{"type":"Point","coordinates":[135.7171003,34.7653079]},"properties":{"z":232.2}},{"type":"Feature","geometry":{"type":"Point","coordinates":[135.7171433,34.7653357]},"properties":{"z":233.2}},{"type":"Feature","geometry":{"type":"Point","coordinates":[135.7171863,34.7653635]},"properties":{"z":233.2}},{"type":"Feature","geometry":{"type":"Point","coordinates":[135.7172243,34.7653958]},"properties":{"z":235.9}},{"type":"Feature","geometry":{"type":"Point","coordinates":[135.7172617,34.7654286]},"properties":{"z":235.9}},{"type":"Feature","geometry":{"type":"Point","coordinates":[135.7172934,34.7654653]},"properties":{"z":235.9}},{"type":"Feature","geometry":{"type":"Point","coordinates":[135.7173235,34.7655027]},"properties":{"z":235.9}},{"type":"Feature","geometry":{"type":"Point","coordinates":[135.7173508,34.7655417]},"properties":{"z":237.4}},{"type":"Feature","geometry":{"type":"Point","coordinates":[135.7173772,34.7655811]},"properties":{"z":233.7}},{"type":"Feature","geometry":{"type":"Point","coordinates":[135.7174031,34.7656207]},"properties":{"z":234.7}},{"type":"Feature","geometry":{"type":"Point","coordinates":[135.7174278,34.7656608]},"properties":{"z":235.2}},{"type":"Feature","geometry":{"type":"Point","coordinates":[135.7174524,34.7657009]},"properties":{"z":235.2}},{"type":"Feature","geometry":{"type":"Point","coordinates":[135.7174792,34.7657401]},"properties":{"z":230.2}},{"type":"Feature","geometry":{"type":"Point","coordinates":[135.7175071,34.7657787]},"properties":{"z":230.2}},{"type":"Feature","geometry":{"type":"Point","coordinates":[135.7175378,34.7658159]},"properties":{"z":230.7}},{"type":"Feature","geometry":{"type":"Point","coordinates":[135.7175703,34.7658521]},"properties":{"z":229.6}},{"type":"Feature","geometry":{"type":"Point","coordinates":[135.7176045,34.7658872]},"properties":{"z":229.8}},{"type":"Feature","geometry":{"type":"Point","coordinates":[135.7176437,34.7659184]},"properties":{"z":229.0}},{"type":"Feature","geometry":{"type":"Point","coordinates":[135.7176844,34.7659484]},"properties":{"z":229.2}},{"type":"Feature","geometry":{"type":"Point","coordinates":[135.7177293,34.7659742]},"properties":{"z":228.7}},{"type":"Feature","geometry":{"type":"Point","coordinates":[135.7177756,34.765998]},"properties":{"z":228.7}},{"type":"Feature","geometry":{"type":"Point","coordinates":[135.717824,34.7660189]},"properties":{"z":228.7}},{"type":"Feature","geometry":{"type":"Point","coordinates":[135.7178731,34.7660388]},"properties":{"z":228.7}},{"type":"Feature","geometry":{"type":"Point","coordinates":[135.7179225,34.766058]},"properties":{"z":228.5}},{"type":"Feature","geometry":{"type":"Point","coordinates":[135.7179733,34.7660748]},"properties":{"z":228.5}},{"type":"Feature","geometry":{"type":"Point","coordinates":[135.7180242,34.7660911]},"properties":{"z":228.7}},{"type":"Feature","geometry":{"type":"Point","coordinates":[135.7180754,34.7661071]},"properties":{"z":228.4}},{"type":"Feature","geometry":{"type":"Point","coordinates":[135.7181273,34.7661214]},"properties":{"z":228.4}},{"type":"Feature","geometry":{"type":"Point","coordinates":[135.7181791,34.7661357]},"properties":{"z":228.2}},{"type":"Feature","geometry":{"type":"Point","coordinates":[135.7182307,34.7661507]},"properties":{"z":228.2}},{"type":"Feature","geometry":{"type":"Point","coordinates":[135.7182828,34.7661646]},"properties":{"z":228.5}},{"type":"Feature","geometry":{"type":"Point","coordinates":[135.7183351,34.7661778]},"properties":{"z":228.1}},{"type":"Feature","geometry":{"type":"Point","coordinates":[135.7183864,34.7661934]},"properties":{"z":228.1}},{"type":"Feature","geometry":{"type":"Point","coordinates":[135.7184356,34.7662125]},"properties":{"z":227.8}},{"type":"Feature","geometry":{"type":"Point","coordinates":[135.718482,34.7662363]},"properties":{"z":228.3}},{"type":"Feature","geometry":{"type":"Point","coordinates":[135.7185225,34.7662662]},"properties":{"z":227.9}},{"type":"Feature","geometry":{"type":"Point","coordinates":[135.7185589,34.7662995]},"properties":{"z":228.3}},{"type":"Feature","geometry":{"type":"Point","coordinates":[135.7185869,34.7663381]},"properties":{"z":227.7}},{"type":"Feature","geometry":{"type":"Point","coordinates":[135.7186031,34.7663808]},"properties":{"z":228.1}},{"type":"Feature","geometry":{"type":"Point","coordinates":[135.7186178,34.7664241]},"properties":{"z":228.1}},{"type":"Feature","geometry":{"type":"Point","coordinates":[135.7186334,34.7664672]},"properties":{"z":228.4}},{"type":"Feature","geometry":{"type":"Point","coordinates":[135.7186496,34.7665101]},"properties":{"z":228.8}},{"type":"Feature","geometry":{"type":"Point","coordinates":[135.7186671,34.7665527]},"properties":{"z":228.3}},{"type":"Feature","geometry":{"type":"Point","coordinates":[135.7186835,34.7665955]},"properties":{"z":228.5}},{"type":"Feature","geometry":{"type":"Point","coordinates":[135.7186953,34.7666394]},"properties":{"z":228.5}},{"type":"Feature","geometry":{"type":"Point","coordinates":[135.7187064,34.7666834]},"properties":{"z":228.8}},{"type":"Feature","geometry":{"type":"Point","coordinates":[135.7187187,34.7667272]},"properties":{"z":229.0}},{"type":"Feature","geometry":{"type":"Point","coordinates":[135.7187357,34.7667699]},"properties":{"z":229.0}},{"type":"Feature","geometry":{"type":"Point","coordinates":[135.7187533,34.7668124]},"properties":{"z":228.7}},{"type":"Feature","geometry":{"type":"Point","coordinates":[135.7187715,34.7668548]},"properties":{"z":228.7}},{"type":"Feature","geometry":{"type":"Point","coordinates":[135.7187923,34.7668964]},"properties":{"z":229.0}},{"type":"Feature","geometry":{"type":"Point","coordinates":[135.718811,34.7669386]},"properties":{"z":229.3}},{"type":"Feature","geometry":{"type":"Point","coordinates":[135.7188279,34.7669814]},"properties":{"z":229.3}},{"type":"Feature","geometry":{"type":"Point","coordinates":[135.7188439,34.7670244]},"properties":{"z":228.9}},{"type":"Feature","geometry":{"type":"Point","coordinates":[135.718861,34.7670671]},"properties":{"z":228.9}},{"type":"Feature","geometry":{"type":"Point","coordinates":[135.7188802,34.7671092]},"properties":{"z":229.1}},{"type":"Feature","geometry":{"type":"Point","coordinates":[135.7188987,34.7671515]},"properties":{"z":229.3}},{"type":"Feature","geometry":{"type":"Point","coordinates":[135.7189168,34.7671939]},"properties":{"z":229.3}},{"type":"Feature","geometry":{"type":"Point","coordinates":[135.718932,34.7672371]},"properties":{"z":228.8}},{"type":"Feature","geometry":{"type":"Point","coordinates":[135.7189451,34.7672807]},"properties":{"z":228.8}},{"type":"Feature","geometry":{"type":"Point","coordinates":[135.7189553,34.7673248]},"properties":{"z":228.8}},{"type":"Feature","geometry":{"type":"Point","coordinates":[135.7189676,34.7673686]},"properties":{"z":228.9}},{"type":"Feature","geometry":{"type":"Point","coordinates":[135.7189781,34.7674126]},"properties":{"z":228.9}},{"type":"Feature","geometry":{"type":"Point","coordinates":[135.7189813,34.7674575]},"properties":{"z":228.9}},{"type":"Feature","geometry":{"type":"Point","coordinates":[135.7189784,34.7675022]},"properties":{"z":228.8}},{"type":"Feature","geometry":{"type":"Point","coordinates":[135.7189713,34.7675468]},"properties":{"z":228.8}},{"type":"Feature","geometry":{"type":"Point","coordinates":[135.7189654,34.7675914]},"properties":{"z":228.8}},{"type":"Feature","geometry":{"type":"Point","coordinates":[135.718956,34.7676356]},"properties":{"z":228.6}},{"type":"Feature","geometry":{"type":"Point","coordinates":[135.7189429,34.7676793]},"properties":{"z":228.6}},{"type":"Feature","geometry":{"type":"Point","coordinates":[135.7189273,34.7677224]},"properties":{"z":228.4}},{"type":"Feature","geometry":{"type":"Point","coordinates":[135.7189125,34.7677656]},"properties":{"z":229.1}},{"type":"Feature","geometry":{"type":"Point","coordinates":[135.7188982,34.767809]},"properties":{"z":229.0}},{"type":"Feature","geometry":{"type":"Point","coordinates":[135.7188834,34.7678523]},"properties":{"z":228.8}},{"type":"Feature","geometry":{"type":"Point","coordinates":[135.7188685,34.7678955]},"properties":{"z":228.8}},{"type":"Feature","geometry":{"type":"Point","coordinates":[135.7188546,34.767939]},"properties":{"z":228.5}},{"type":"Feature","geometry":{"type":"Point","coordinates":[135.7188407,34.7679825]},"properties":{"z":228.5}},{"type":"Feature","geometry":{"type":"Point","coordinates":[135.7188275,34.7680261]},"properties":{"z":228.5}},{"type":"Feature","geometry":{"type":"Point","coordinates":[135.7188149,34.7680699]},"properties":{"z":227.9}},{"type":"Feature","geometry":{"type":"Point","coordinates":[135.7188023,34.7681136]},"properties":{"z":227.9}},{"type":"Feature","geometry":{"type":"Point","coordinates":[135.7187891,34.7681572]},"properties":{"z":227.3}},{"type":"Feature","geometry":{"type":"Point","coordinates":[135.7187756,34.7682008]},"properties":{"z":226.8}},{"type":"Feature","geometry":{"type":"Point","coordinates":[135.7187621,34.7682444]},"properties":{"z":226.8}},{"type":"Feature","geometry":{"type":"Point","coordinates":[135.718748,34.7682878]},"properties":{"z":226.2}},{"type":"Feature","geometry":{"type":"Point","coordinates":[135.7187332,34.7683311]},"properties":{"z":226.6}},{"type":"Feature","geometry":{"type":"Point","coordinates":[135.7187185,34.7683744]},"properties":{"z":225.9}},{"type":"Feature","geometry":{"type":"Point","coordinates":[135.7187036,34.7684176]},"properties":{"z":225.3}},{"type":"Feature","geometry":{"type":"Point","coordinates":[135.7186882,34.7684608]},"properties":{"z":225.3}},{"type":"Feature","geometry":{"type":"Point","coordinates":[135.7186728,34.7685039]},"properties":{"z":224.8}},{"type":"Feature","geometry":{"type":"Point","coordinates":[135.7186574,34.768547]},"properties":{"z":225.2}},{"type":"Feature","geometry":{"type":"Point","coordinates":[135.7186472,34.7685912]},"properties":{"z":224.9}},{"type":"Feature","geometry":{"type":"Point","coordinates":[135.7186377,34.7686354]},"properties":{"z":224.6}},{"type":"Feature","geometry":{"type":"Point","coordinates":[135.7186283,34.7686797]},"properties":{"z":224.6}},{"type":"Feature","geometry":{"type":"Point","coordinates":[135.7186332,34.768724]},"properties":{"z":224.5}},{"type":"Feature","geometry":{"type":"Point","coordinates":[135.7186425,34.7687683]},"properties":{"z":224.8}},{"type":"Feature","geometry":{"type":"Point","coordinates":[135.7186518,34.7688126]},"properties":{"z":224.8}},{"type":"Feature","geometry":{"type":"Point","coordinates":[135.7186679,34.7688555]},"properties":{"z":224.1}},{"type":"Feature","geometry":{"type":"Point","coordinates":[135.7186851,34.7688982]},"properties":{"z":224.1}},{"type":"Feature","geometry":{"type":"Point","coordinates":[135.7187026,34.7689408]},"properties":{"z":224.3}},{"type":"Feature","geometry":{"type":"Point","coordinates":[135.7187224,34.7689827]},"properties":{"z":224.7}},{"type":"Feature","geometry":{"type":"Point","coordinates":[135.7187422,34.7690246]},"properties":{"z":224.7}},{"type":"Feature","geometry":{"type":"Point","coordinates":[135.7187614,34.7690667]},"properties":{"z":223.9}},{"type":"Feature","geometry":{"type":"Point","coordinates":[135.71878,34.7691089]},"properties":{"z":223.9}},{"type":"Feature","geometry":{"type":"Point","coordinates":[135.7187991,34.7691511]},"properties":{"z":224.1}},{"type":"Feature","geometry":{"type":"Point","coordinates":[135.7188199,34.7691927]},"properties":{"z":224.2}},{"type":"Feature","geometry":{"type":"Point","coordinates":[135.7188407,34.7692342]},"properties":{"z":223.4}},{"type":"Feature","geometry":{"type":"Point","coordinates":[135.7188734,34.7692701]},"properties":{"z":224.0}},{"type":"Feature","geometry":{"type":"Point","coordinates":[135.7189071,34.7693055]},"properties":{"z":224.0}},{"type":"Feature","geometry":{"type":"Point","coordinates":[135.7189511,34.7693318]},"properties":{"z":226.1}},{"type":"Feature","geometry":{"type":"Point","coordinates":[135.7189968,34.7693565]},"properties":{"z":226.1}},{"type":"Feature","geometry":{"type":"Point","coordinates":[135.7190463,34.7693756]},"properties":{"z":225.8}},{"type":"Feature","geometry":{"type":"Point","coordinates":[135.7190935,34.7693977]},"properties":{"z":227.5}},{"type":"Feature","geometry":{"type":"Point","coordinates":[135.7191355,34.7694266]},"properties":{"z":227.5}},{"type":"Feature","geometry":{"type":"Point","coordinates":[135.719174,34.7694584]},"properties":{"z":227.5}},{"type":"Feature","geometry":{"type":"Point","coordinates":[135.7192113,34.7694913]},"properties":{"z":227.8}},{"type":"Feature","geometry":{"type":"Point","coordinates":[135.7192485,34.7695243]},"properties":{"z":227.8}},{"type":"Feature","geometry":{"type":"Point","coordinates":[135.7192872,34.769556]},"properties":{"z":227.5}},{"type":"Feature","geometry":{"type":"Point","coordinates":[135.7193269,34.769587]},"properties":{"z":227.5}},{"type":"Feature","geometry":{"type":"Point","coordinates":[135.719366,34.7696184]},"properties":{"z":227.0}},{"type":"Feature","geometry":{"type":"Point","coordinates":[135.7194065,34.7696486]},"properties":{"z":227.0}},{"type":"Feature","geometry":{"type":"Point","coordinates":[135.7194472,34.7696786]},"properties":{"z":226.9}},{"type":"Feature","geometry":{"type":"Point","coordinates":[135.7194847,34.7697113]},"properties":{"z":226.9}},{"type":"Feature","geometry":{"type":"Point","coordinates":[135.7195001,34.7697531]},"properties":{"z":227.2}},{"type":"Feature","geometry":{"type":"Point","coordinates":[135.7194982,34.7697968]},"properties":{"z":227.2}},{"type":"Feature","geometry":{"type":"Point","coordinates":[135.7194802,34.7698391]},"properties":{"z":227.3}},{"type":"Feature","geometry":{"type":"Point","coordinates":[135.719448,34.7698754]},"properties":{"z":227.3}},{"type":"Feature","geometry":{"type":"Point","coordinates":[135.7194125,34.7699095]},"properties":{"z":227.9}},{"type":"Feature","geometry":{"type":"Point","coordinates":[135.7193782,34.7699445]},"properties":{"z":227.9}},{"type":"Feature","geometry":{"type":"Point","coordinates":[135.7193463,34.769981]},"properties":{"z":228.3}},{"type":"Feature","geometry":{"type":"Point","coordinates":[135.7193149,34.7700178]},"properties":{"z":228.3}},{"type":"Feature","geometry":{"type":"Point","coordinates":[135.7192772,34.7700504]},"properties":{"z":228.0}},{"type":"Feature","geometry":{"type":"Point","coordinates":[135.7192416,34.7700845]},"properties":{"z":228.3}},{"type":"Feature","geometry":{"type":"Point","coordinates":[135.7192025,34.7701158]},"properties":{"z":227.8}},{"type":"Feature","geometry":{"type":"Point","coordinates":[135.7191596,34.7701435]},"properties":{"z":228.2}},{"type":"Feature","geometry":{"type":"Point","coordinates":[135.7191135,34.7701677]},"properties":{"z":228.2}},{"type":"Feature","geometry":{"type":"Point","coordinates":[135.7190652,34.7701887]},"properties":{"z":228.1}},{"type":"Feature","geometry":{"type":"Point","coordinates":[135.719014,34.7702047]},"properties":{"z":228.1}},{"type":"Feature","geometry":{"type":"Point","coordinates":[135.7189613,34.7702166]},"properties":{"z":228.4}},{"type":"Feature","geometry":{"type":"Point","coordinates":[135.718907,34.7702202]},"properties":{"z":228.6}},{"type":"Feature","geometry":{"type":"Point","coordinates":[135.7188526,34.7702243]},"properties":{"z":228.6}},{"type":"Feature","geometry":{"type":"Point","coordinates":[135.7187986,34.7702313]},"properties":{"z":228.9}},{"type":"Feature","geometry":{"type":"Point","coordinates":[135.7187446,34.7702386]},"properties":{"z":229.1}},{"type":"Feature","geometry":{"type":"Point","coordinates":[135.7186904,34.7702447]},"properties":{"z":228.6}},{"type":"Feature","geometry":{"type":"Point","coordinates":[135.7186361,34.7702506]},"properties":{"z":228.8}},{"type":"Feature","geometry":{"type":"Point","coordinates":[135.7185818,34.770256]},"properties":{"z":228.8}},{"type":"Feature","geometry":{"type":"Point","coordinates":[135.7185277,34.7702626]},"properties":{"z":228.9}},{"type":"Feature","geometry":{"type":"Point","coordinates":[135.7184737,34.7702698]},"properties":{"z":229.1}},{"type":"Feature","geometry":{"type":"Point","coordinates":[135.7184195,34.7702762]},"properties":{"z":229.1}},{"type":"Feature","geometry":{"type":"Point","coordinates":[135.7183651,34.7702802]},"properties":{"z":229.3}},{"type":"Feature","geometry":{"type":"Point","coordinates":[135.7183104,34.7702816]},"properties":{"z":229.6}},{"type":"Feature","geometry":{"type":"Point","coordinates":[135.7182557,34.7702836]},"properties":{"z":229.6}},{"type":"Feature","geometry":{"type":"Point","coordinates":[135.7182014,34.7702891]},"properties":{"z":229.7}},{"type":"Feature","geometry":{"type":"Point","coordinates":[135.7181476,34.7702972]},"properties":{"z":229.7}},{"type":"Feature","geometry":{"type":"Point","coordinates":[135.7180958,34.7703104]},"properties":{"z":229.8}},{"type":"Feature","geometry":{"type":"Point","coordinates":[135.7180471,34.770331]},"properties":{"z":229.6}},{"type":"Feature","geometry":{"type":"Point","coordinates":[135.7179996,34.7703533]},"properties":{"z":229.6}},{"type":"Feature","geometry":{"type":"Point","coordinates":[135.7179492,34.7703707]},"properties":{"z":229.7}},{"type":"Feature","geometry":{"type":"Point","coordinates":[135.7178975,34.7703856]},"properties":{"z":229.5}},{"type":"Feature","geometry":{"type":"Point","coordinates":[135.7178469,34.7704025]},"properties":{"z":229.6}},{"type":"Feature","geometry":{"type":"Point","coordinates":[135.7177978,34.7704223]},"properties":{"z":229.7}},{"type":"Feature","geometry":{"type":"Point","coordinates":[135.7177475,34.7704395]},"properties":{"z":229.7}},{"type":"Feature","geometry":{"type":"Point","coordinates":[135.7176961,34.7704549]},"properties":{"z":229.7}},{"type":"Feature","geometry":{"type":"Point","coordinates":[135.7176465,34.7704737]},"properties":{"z":229.7}},{"type":"Feature","geometry":{"type":"Point","coordinates":[135.7175968,34.7704926]},"properties":{"z":229.8}},{"type":"Feature","geometry":{"type":"Point","coordinates":[135.7175466,34.7705104]},"properties":{"z":229.8}},{"type":"Feature","geometry":{"type":"Point","coordinates":[135.7174993,34.770533]},"properties":{"z":230.0}},{"type":"Feature","geometry":{"type":"Point","coordinates":[135.7174541,34.7705583]},"properties":{"z":230.3}},{"type":"Feature","geometry":{"type":"Point","coordinates":[135.7174114,34.7705863]},"properties":{"z":230.3}},{"type":"Feature","geometry":{"type":"Point","coordinates":[135.7173746,34.7706195]},"properties":{"z":230.5}},{"type":"Feature","geometry":{"type":"Point","coordinates":[135.7173382,34.770653]},"properties":{"z":230.7}},{"type":"Feature","geometry":{"type":"Point","coordinates":[135.7173015,34.7706863]},"properties":{"z":231.4}},{"type":"Feature","geometry":{"type":"Point","coordinates":[135.7172666,34.770721]},"properties":{"z":231.7}},{"type":"Feature","geometry":{"type":"Point","coordinates":[135.7172326,34.7707561]},"properties":{"z":232.2}},{"type":"Feature","geometry":{"type":"Point","coordinates":[135.7171992,34.7707918]},"properties":{"z":232.0}},{"type":"Feature","geometry":{"type":"Point","coordinates":[135.7171634,34.7708258]},"properties":{"z":232.6}},{"type":"Feature","geometry":{"type":"Point","coordinates":[135.7171258,34.7708585]},"properties":{"z":232.6}},{"type":"Feature","geometry":{"type":"Point","coordinates":[135.71709,34.7708923]},"properties":{"z":232.9}},{"type":"Feature","geometry":{"type":"Point","coordinates":[135.7170556,34.7709273]},"properties":{"z":232.9}},{"type":"Feature","geometry":{"type":"Point","coordinates":[135.7170191,34.7709608]},"properties":{"z":233.4}},{"type":"Feature","geometry":{"type":"Point","coordinates":[135.7169838,34.7709952]},"properties":{"z":233.4}},{"type":"Feature","geometry":{"type":"Point","coordinates":[135.7169473,34.7710286]},"properties":{"z":234.0}},{"type":"Feature","geometry":{"type":"Point","coordinates":[135.7169133,34.7710638]},"properties":{"z":233.8}},{"type":"Feature","geometry":{"type":"Point","coordinates":[135.716878,34.771098]},"properties":{"z":234.5}},{"type":"Feature","geometry":{"type":"Point","coordinates":[135.7168406,34.7711309]},"properties":{"z":234.5}},{"type":"Feature","geometry":{"type":"Point","coordinates":[135.7168035,34.7711638]},"properties":{"z":235.1}},{"type":"Feature","geometry":{"type":"Point","coordinates":[135.7167608,34.7711919]},"properties":{"z":235.0}},{"type":"Feature","geometry":{"type":"Point","coordinates":[135.7167192,34.7712212]},"properties":{"z":235.0}},{"type":"Feature","geometry":{"type":"Point","coordinates":[135.7166767,34.7712494]},"properties":{"z":235.6}},{"type":"Feature","geometry":{"type":"Point","coordinates":[135.7166362,34.7712796]},"properties":{"z":235.6}},{"type":"Feature","geometry":{"type":"Point","coordinates":[135.7165948,34.771309]},"properties":{"z":236.2}},{"type":"Feature","geometry":{"type":"Point","coordinates":[135.7165507,34.7713356]},"properties":{"z":236.2}},{"type":"Feature","geometry":{"type":"Point","coordinates":[135.7165078,34.7713634]},"properties":{"z":236.0}},{"type":"Feature","geometry":{"type":"Point","coordinates":[135.7164654,34.7713918]},"properties":{"z":236.6}},{"type":"Feature","geometry":{"type":"Point","coordinates":[135.7164249,34.7714221]},"properties":{"z":236.2}},{"type":"Feature","geometry":{"type":"Point","coordinates":[135.7163815,34.7714492]},"properties":{"z":236.6}},{"type":"Feature","geometry":{"type":"Point","coordinates":[135.7163406,34.7714786]},"properties":{"z":236.3}},{"type":"Feature","geometry":{"type":"Point","coordinates":[135.7162966,34.7715053]},"properties":{"z":236.3}},{"type":"Feature","geometry":{"type":"Point","coordinates":[135.7162498,34.7715285]},"properties":{"z":236.5}},{"type":"Feature","geometry":{"type":"Point","coordinates":[135.7162067,34.7715561]},"properties":{"z":236.5}},{"type":"Feature","geometry":{"type":"Point","coordinates":[135.7161638,34.7715839]},"properties":{"z":236.7}},{"type":"Feature","geometry":{"type":"Point","coordinates":[135.7161221,34.7716129]},"properties":{"z":236.7}},{"type":"Feature","geometry":{"type":"Point","coordinates":[135.7160782,34.7716397]},"properties":{"z":236.6}},{"type":"Feature","geometry":{"type":"Point","coordinates":[135.7160406,34.7716724]},"properties":{"z":237.0}},{"type":"Feature","geometry":{"type":"Point","coordinates":[135.7160039,34.7717056]},"properties":{"z":237.0}},{"type":"Feature","geometry":{"type":"Point","coordinates":[135.7159727,34.7717425]},"properties":{"z":237.1}},{"type":"Feature","geometry":{"type":"Point","coordinates":[135.7159486,34.7717825]},"properties":{"z":237.1}},{"type":"Feature","geometry":{"type":"Point","coordinates":[135.715936,34.7718262]},"properties":{"z":237.5}},{"type":"Feature","geometry":{"type":"Point","coordinates":[135.7159348,34.771871]},"properties":{"z":237.8}},{"type":"Feature","geometry":{"type":"Point","coordinates":[135.7159358,34.7719158]},"properties":{"z":237.8}},{"type":"Feature","geometry":{"type":"Point","coordinates":[135.7159493,34.7719593]},"properties":{"z":238.2}},{"type":"Feature","geometry":{"type":"Point","coordinates":[135.7159596,34.7720031]},"properties":{"z":238.2}},{"type":"Feature","geometry":{"type":"Point","coordinates":[135.7159607,34.7720479]},"properties":{"z":238.7}},{"type":"Feature","geometry":{"type":"Point","coordinates":[135.7159698,34.7720922]},"properties":{"z":239.2}},{"type":"Feature","geometry":{"type":"Point","coordinates":[135.7159781,34.7721367]},"properties":{"z":239.2}},{"type":"Feature","geometry":{"type":"Point","coordinates":[135.7159875,34.7721809]},"properties":{"z":239.7}},{"type":"Feature","geometry":{"type":"Point","coordinates":[135.7159976,34.7722251]},"properties":{"z":239.6}},{"type":"Feature","geometry":{"type":"Point","coordinates":[135.7160037,34.7722697]},"properties":{"z":241.0}},{"type":"Feature","geometry":{"type":"Point","coordinates":[135.7160101,34.7723144]},"properties":{"z":240.9}},{"type":"Feature","geometry":{"type":"Point","coordinates":[135.716019,34.7723586]},"properties":{"z":240.9}},{"type":"Feature","geometry":{"type":"Point","coordinates":[135.7160226,34.7724035]},"properties":{"z":240.9}},{"type":"Feature","geometry":{"type":"Point","coordinates":[135.7160184,34.7724481]},"properties":{"z":241.0}},{"type":"Feature","geometry":{"type":"Point","coordinates":[135.7160113,34.7724927]},"properties":{"z":241.0}},{"type":"Feature","geometry":{"type":"Point","coordinates":[135.7160055,34.7725374]},"properties":{"z":241.2}},{"type":"Feature","geometry":{"type":"Point","coordinates":[135.7160003,34.772582]},"properties":{"z":241.6}},{"type":"Feature","geometry":{"type":"Point","coordinates":[135.7159866,34.7726255]},"properties":{"z":240.8}},{"type":"Feature","geometry":{"type":"Point","coordinates":[135.7159735,34.772669]},"properties":{"z":241.6}},{"type":"Feature","geometry":{"type":"Point","coordinates":[135.7159475,34.7727082]},"properties":{"z":241.6}},{"type":"Feature","geometry":{"type":"Point","coordinates":[135.71591,34.7727407]},"properties":{"z":243.1}},{"type":"Feature","geometry":{"type":"Point","coordinates":[135.7158703,34.7727714]},"properties":{"z":243.1}},{"type":"Feature","geometry":{"type":"Point","coordinates":[135.7158319,34.7728024]},"properties":{"z":244.8}},{"type":"Feature","geometry":{"type":"Point","coordinates":[135.7157887,34.7728298]},"properties":{"z":245.1}},{"type":"Feature","geometry":{"type":"Point","coordinates":[135.7157456,34.7728575]},"properties":{"z":246.6}},{"type":"Feature","geometry":{"type":"Point","coordinates":[135.7157062,34.7728886]},"properties":{"z":246.3}},{"type":"Feature","geometry":{"type":"Point","coordinates":[135.7156619,34.7729145]},"properties":{"z":246.3}},{"type":"Feature","geometry":{"type":"Point","coordinates":[135.7156182,34.7729416]},"properties":{"z":246.8}},{"type":"Feature","geometry":{"type":"Point","coordinates":[135.7155724,34.772966]},"properties":{"z":246.8}},{"type":"Feature","geometry":{"type":"Point","coordinates":[135.7155259,34.7729898]},"properties":{"z":246.3}},{"type":"Feature","geometry":{"type":"Point","coordinates":[135.7154811,34.7730155]},"properties":{"z":247.1}},{"type":"Feature","geometry":{"type":"Point","coordinates":[135.7154382,34.7730432]},"properties":{"z":247.1}},{"type":"Feature","geometry":{"type":"Point","coordinates":[135.7153924,34.7730676]},"properties":{"z":247.5}},{"type":"Feature","geometry":{"type":"Point","coordinates":[135.7153466,34.7730922]},"properties":{"z":247.5}},{"type":"Feature","geometry":{"type":"Point","coordinates":[135.7153015,34.7731176]},"properties":{"z":247.0}},{"type":"Feature","geometry":{"type":"Point","coordinates":[135.7152565,34.7731431]},"properties":{"z":247.6}},{"type":"Feature","geometry":{"type":"Point","coordinates":[135.7152056,34.773159]},"properties":{"z":247.2}},{"type":"Feature","geometry":{"type":"Point","coordinates":[135.715154,34.7731739]},"properties":{"z":247.2}},{"type":"Feature","geometry":{"type":"Point","coordinates":[135.7151083,34.7731971]},"properties":{"z":247.0}},{"type":"Feature","geometry":{"type":"Point","coordinates":[135.7150722,34.7732304]},"properties":{"z":247.5}},{"type":"Feature","geometry":{"type":"Point","coordinates":[135.7150429,34.7732683]},"properties":{"z":247.3}},{"type":"Feature","geometry":{"type":"Point","coordinates":[135.7150157,34.7733073]},"properties":{"z":247.8}},{"type":"Feature","geometry":{"type":"Point","coordinates":[135.7149959,34.7733492]},"properties":{"z":248.3}},{"type":"Feature","geometry":{"type":"Point","coordinates":[135.7149833,34.7733928]},"properties":{"z":248.3}},{"type":"Feature","geometry":{"type":"Point","coordinates":[135.7149582,34.77343]},"properties":{"z":248.7}},{"type":"Feature","geometry":{"type":"Point","coordinates":[135.7149159,34.7734578]},"properties":{"z":248.7}},{"type":"Feature","geometry":{"type":"Point","coordinates":[135.7148643,34.7734729]},"properties":{"z":248.4}},{"type":"Feature","geometry":{"type":"Point","coordinates":[135.7148107,34.7734795]},"properties":{"z":248.4}},{"type":"Feature","geometry":{"type":"Point","coordinates":[135.714756,34.7734821]},"properties":{"z":248.2}},{"type":"Feature","geometry":{"type":"Point","coordinates":[135.7147014,34.7734843]},"properties":{"z":247.8}},{"type":"Feature","geometry":{"type":"Point","coordinates":[135.7146467,34.7734861]},"properties":{"z":248.1}},{"type":"Feature","geometry":{"type":"Point","coordinates":[135.714592,34.773487]},"properties":{"z":247.7}},{"type":"Feature","geometry":{"type":"Point","coordinates":[135.7145373,34.7734865]},"properties":{"z":247.6}},{"type":"Feature","geometry":{"type":"Point","coordinates":[135.7144826,34.7734857]},"properties":{"z":247.3}},{"type":"Feature","geometry":{"type":"Point","coordinates":[135.7144279,34.7734828]},"properties":{"z":247.8}},{"type":"Feature","geometry":{"type":"Point","coordinates":[135.7143737,34.7734769]},"properties":{"z":247.8}},{"type":"Feature","geometry":{"type":"Point","coordinates":[135.7143214,34.7734647]},"properties":{"z":248.4}},{"type":"Feature","geometry":{"type":"Point","coordinates":[135.7142701,34.7734493]},"properties":{"z":248.9}},{"type":"Feature","geometry":{"type":"Point","coordinates":[135.7142174,34.7734373]},"properties":{"z":248.9}},{"type":"Feature","geometry":{"type":"Point","coordinates":[135.714164,34.7734273]},"properties":{"z":249.4}},{"type":"Feature","geometry":{"type":"Point","coordinates":[135.7141104,34.7734191]},"properties":{"z":249.9}},{"type":"Feature","geometry":{"type":"Point","coordinates":[135.7140557,34.7734177]},"properties":{"z":249.9}},{"type":"Feature","geometry":{"type":"Point","coordinates":[135.714001,34.7734189]},"properties":{"z":250.2}},{"type":"Feature","geometry":{"type":"Point","coordinates":[135.7139464,34.7734211]},"properties":{"z":250.2}},{"type":"Feature","geometry":{"type":"Point","coordinates":[135.7138921,34.7734177]},"properties":{"z":250.2}},{"type":"Feature","geometry":{"type":"Point","coordinates":[135.7138376,34.7734139]},"properties":{"z":249.2}},{"type":"Feature","geometry":{"type":"Point","coordinates":[135.7137834,34.7734076]},"properties":{"z":249.2}},{"type":"Feature","geometry":{"type":"Point","coordinates":[135.7137291,34.773402]},"properties":{"z":249.2}},{"type":"Feature","geometry":{"type":"Point","coordinates":[135.7136748,34.7733968]},"properties":{"z":249.3}},{"type":"Feature","geometry":{"type":"Point","coordinates":[135.7136203,34.7733929]},"properties":{"z":249.3}},{"type":"Feature","geometry":{"type":"Point","coordinates":[135.7135658,34.7733888]},"properties":{"z":249.4}},{"type":"Feature","geometry":{"type":"Point","coordinates":[135.7135113,34.7733851]},"properties":{"z":249.4}},{"type":"Feature","geometry":{"type":"Point","coordinates":[135.7134569,34.7733812]},"properties":{"z":249.5}},{"type":"Feature","geometry":{"type":"Point","coordinates":[135.7134022,34.7733802]},"properties":{"z":249.6}},{"type":"Feature","geometry":{"type":"Point","coordinates":[135.7133475,34.7733786]},"properties":{"z":249.6}},{"type":"Feature","geometry":{"type":"Point","coordinates":[135.7132928,34.7733763]},"properties":{"z":249.7}},{"type":"Feature","geometry":{"type":"Point","coordinates":[135.7132383,34.7733784]},"properties":{"z":249.8}},{"type":"Feature","geometry":{"type":"Point","coordinates":[135.7131838,34.7733824]},"properties":{"z":249.8}},{"type":"Feature","geometry":{"type":"Point","coordinates":[135.7131298,34.7733894]},"properties":{"z":250.1}},{"type":"Feature","geometry":{"type":"Point","coordinates":[135.7130764,34.7733993]},"properties":{"z":250.7}},{"type":"Feature","geometry":{"type":"Point","coordinates":[135.7130232,34.7734099]},"properties":{"z":250.7}},{"type":"Feature","geometry":{"type":"Point","coordinates":[135.7129696,34.7734187]},"properties":{"z":253.3}},{"type":"Feature","geometry":{"type":"Point","coordinates":[135.7129163,34.7734284]},"properties":{"z":253.3}},{"type":"Feature","geometry":{"type":"Point","coordinates":[135.7128624,34.7734359]},"properties":{"z":254.4}},{"type":"Feature","geometry":{"type":"Point","coordinates":[135.712808,34.7734382]},"properties":{"z":255.2}},{"type":"Feature","geometry":{"type":"Point","coordinates":[135.7127534,34.7734408]},"properties":{"z":255.2}},{"type":"Feature","geometry":{"type":"Point","coordinates":[135.7126988,34.7734443]},"properties":{"z":255.7}},{"type":"Feature","geometry":{"type":"Point","coordinates":[135.7126445,34.7734496]},"properties":{"z":256.3}},{"type":"Feature","geometry":{"type":"Point","coordinates":[135.7125903,34.7734547]},"properties":{"z":256.3}},{"type":"Feature","geometry":{"type":"Point","coordinates":[135.7125376,34.7734459]},"properties":{"z":256.6}},{"type":"Feature","geometry":{"type":"Point","coordinates":[135.712485,34.7734441]},"properties":{"z":256.6}},{"type":"Feature","geometry":{"type":"Point","coordinates":[135.7124353,34.7734258]},"properties":{"z":256.6}},{"type":"Feature","geometry":{"type":"Point","coordinates":[135.7123837,34.7734146]},"properties":{"z":255.3}},{"type":"Feature","geometry":{"type":"Point","coordinates":[135.712329,34.7734164]},"properties":{"z":256.6}},{"type":"Feature","geometry":{"type":"Point","coordinates":[135.7122743,34.7734162]},"properties":{"z":256.5}},{"type":"Feature","geometry":{"type":"Point","coordinates":[135.7122203,34.7734227]},"properties":{"z":256.4}},{"type":"Feature","geometry":{"type":"Point","coordinates":[135.7121659,34.7734269]},"properties":{"z":256.4}},{"type":"Feature","geometry":{"type":"Point","coordinates":[135.7121124,34.7734178]},"properties":{"z":256.1}},{"type":"Feature","geometry":{"type":"Point","coordinates":[135.7120581,34.773413]},"properties":{"z":255.1}},{"type":"Feature","geometry":{"type":"Point","coordinates":[135.7120033,34.7734123]},"properties":{"z":255.3}},{"type":"Feature","geometry":{"type":"Point","coordinates":[135.711949,34.7734164]},"properties":{"z":256.3}},{"type":"Feature","geometry":{"type":"Point","coordinates":[135.7118946,34.7734208]},"properties":{"z":256.3}},{"type":"Feature","geometry":{"type":"Point","coordinates":[135.7118419,34.7734326]},"properties":{"z":256.9}},{"type":"Feature","geometry":{"type":"Point","coordinates":[135.7117886,34.7734413]},"properties":{"z":257.5}},{"type":"Feature","geometry":{"type":"Point","coordinates":[135.7117373,34.7734567]},"properties":{"z":257.5}},{"type":"Feature","geometry":{"type":"Point","coordinates":[135.7116849,34.7734688]},"properties":{"z":257.9}},{"type":"Feature","geometry":{"type":"Point","coordinates":[135.7116306,34.7734743]},"properties":{"z":257.9}},{"type":"Feature","geometry":{"type":"Point","coordinates":[135.7115763,34.7734794]},"properties":{"z":258.2}},{"type":"Feature","geometry":{"type":"Point","coordinates":[135.7115218,34.7734819]},"properties":{"z":258.5}},{"type":"Feature","geometry":{"type":"Point","coordinates":[135.7114671,34.7734837]},"properties":{"z":258.5}},{"type":"Feature","geometry":{"type":"Point","coordinates":[135.7114125,34.7734851]},"properties":{"z":258.5}},{"type":"Feature","geometry":{"type":"Point","coordinates":[135.7113594,34.773495]},"properties":{"z":259.2}},{"type":"Feature","geometry":{"type":"Point","coordinates":[135.7113068,34.7735073]},"properties":{"z":259.2}},{"type":"Feature","geometry":{"type":"Point","coordinates":[135.7112534,34.7735152]},"properties":{"z":259.1}},{"type":"Feature","geometry":{"type":"Point","coordinates":[135.7112074,34.7735392]},"properties":{"z":259.1}},{"type":"Feature","geometry":{"type":"Point","coordinates":[135.7111601,34.7735617]},"properties":{"z":259.4}},{"type":"Feature","geometry":{"type":"Point","coordinates":[135.7111226,34.7735939]},"properties":{"z":259.4}},{"type":"Feature","geometry":{"type":"Point","coordinates":[135.7110923,34.7736307]},"properties":{"z":259.8}},{"type":"Feature","geometry":{"type":"Point","coordinates":[135.7110479,34.7736556]},"properties":{"z":259.8}},{"type":"Feature","geometry":{"type":"Point","coordinates":[135.7109951,34.7736675]},"properties":{"z":260.3}},{"type":"Feature","geometry":{"type":"Point","coordinates":[135.7109445,34.773684]},"properties":{"z":260.3}},{"type":"Feature","geometry":{"type":"Point","coordinates":[135.7109023,34.7737125]},"properties":{"z":262.0}},{"type":"Feature","geometry":{"type":"Point","coordinates":[135.7108608,34.7737415]},"properties":{"z":262.0}},{"type":"Feature","geometry":{"type":"Point","coordinates":[135.7108128,34.773763]},"properties":{"z":262.0}},{"type":"Feature","geometry":{"type":"Point","coordinates":[135.7107596,34.7737721]},"properties":{"z":263.7}},{"type":"Feature","geometry":{"type":"Point","coordinates":[135.7107051,34.7737735]},"properties":{"z":263.7}},{"type":"Feature","geometry":{"type":"Point","coordinates":[135.7106505,34.7737717]},"properties":{"z":263.8}},{"type":"Feature","geometry":{"type":"Point","coordinates":[135.7105958,34.7737723]},"properties":{"z":263.8}},{"type":"Feature","geometry":{"type":"Point","coordinates":[135.7105412,34.7737698]},"properties":{"z":264.5}},{"type":"Feature","geometry":{"type":"Point","coordinates":[135.7104893,34.7737576]},"properties":{"z":265.0}},{"type":"Feature","geometry":{"type":"Point","coordinates":[135.7104365,34.7737471]},"properties":{"z":265.0}},{"type":"Feature","geometry":{"type":"Point","coordinates":[135.7103832,34.773737]},"properties":{"z":266.0}},{"type":"Feature","geometry":{"type":"Point","coordinates":[135.7103292,34.7737362]},"properties":{"z":267.6}},{"type":"Feature","geometry":{"type":"Point","coordinates":[135.7102752,34.7737308]},"properties":{"z":267.6}},{"type":"Feature","geometry":{"type":"Point","coordinates":[135.7102224,34.7737308]},"properties":{"z":268.8}},{"type":"Feature","geometry":{"type":"Point","coordinates":[135.7101683,34.7737304]},"properties":{"z":268.8}},{"type":"Feature","geometry":{"type":"Point","coordinates":[135.7101155,34.7737186]},"properties":{"z":269.4}},{"type":"Feature","geometry":{"type":"Point","coordinates":[135.7100616,34.773718]},"properties":{"z":269.6}},{"type":"Feature","geometry":{"type":"Point","coordinates":[135.710008,34.7737217]},"properties":{"z":269.6}},{"type":"Feature","geometry":{"type":"Point","coordinates":[135.7099555,34.7737341]},"properties":{"z":269.4}},{"type":"Feature","geometry":{"type":"Point","coordinates":[135.7099018,34.7737424]},"properties":{"z":269.0}},{"type":"Feature","geometry":{"type":"Point","coordinates":[135.7098482,34.7737515]},"properties":{"z":269.0}},{"type":"Feature","geometry":{"type":"Point","coordinates":[135.7097949,34.7737617]},"properties":{"z":268.7}},{"type":"Feature","geometry":{"type":"Point","coordinates":[135.7097435,34.7737766]},"properties":{"z":269.3}},{"type":"Feature","geometry":{"type":"Point","coordinates":[135.7096925,34.7737928]},"properties":{"z":269.2}},{"type":"Feature","geometry":{"type":"Point","coordinates":[135.7096397,34.7738046]},"properties":{"z":269.3}},{"type":"Feature","geometry":{"type":"Point","coordinates":[135.7095877,34.7738186]},"properties":{"z":269.3}},{"type":"Feature","geometry":{"type":"Point","coordinates":[135.7095353,34.7738316]},"properties":{"z":269.6}},{"type":"Feature","geometry":{"type":"Point","coordinates":[135.7094847,34.7738482]},"properties":{"z":269.7}},{"type":"Feature","geometry":{"type":"Point","coordinates":[135.7094313,34.7738568]},"properties":{"z":269.7}},{"type":"Feature","geometry":{"type":"Point","coordinates":[135.7093795,34.7738713]},"properties":{"z":270.1}},{"type":"Feature","geometry":{"type":"Point","coordinates":[135.7093266,34.7738821]},"properties":{"z":270.1}},{"type":"Feature","geometry":{"type":"Point","coordinates":[135.709276,34.7738984]},"properties":{"z":270.9}},{"type":"Feature","geometry":{"type":"Point","coordinates":[135.7092235,34.7739105]},"properties":{"z":271.5}},{"type":"Feature","geometry":{"type":"Point","coordinates":[135.7091741,34.7739298]},"properties":{"z":272.1}},{"type":"Feature","geometry":{"type":"Point","coordinates":[135.7091246,34.773949]},"properties":{"z":271.8}},{"type":"Feature","geometry":{"type":"Point","coordinates":[135.7090775,34.7739718]},"properties":{"z":271.8}},{"type":"Feature","geometry":{"type":"Point","coordinates":[135.7090299,34.7739937]},"properties":{"z":273.6}},{"type":"Feature","geometry":{"type":"Point","coordinates":[135.7089838,34.7740176]},"properties":{"z":273.6}},{"type":"Feature","geometry":{"type":"Point","coordinates":[135.7089377,34.7740416]},"properties":{"z":273.3}},{"type":"Feature","geometry":{"type":"Point","coordinates":[135.7088928,34.7740672]},"properties":{"z":274.5}},{"type":"Feature","geometry":{"type":"Point","coordinates":[135.7088483,34.774093]},"properties":{"z":274.7}},{"type":"Feature","geometry":{"type":"Point","coordinates":[135.7088068,34.7741222]},"properties":{"z":276.0}},{"type":"Feature","geometry":{"type":"Point","coordinates":[135.7087605,34.7741458]},"properties":{"z":275.3}},{"type":"Feature","geometry":{"type":"Point","coordinates":[135.7087205,34.7741765]},"properties":{"z":275.3}},{"type":"Feature","geometry":{"type":"Point","coordinates":[135.7086783,34.7742052]},"properties":{"z":275.6}},{"type":"Feature","geometry":{"type":"Point","coordinates":[135.7086371,34.7742344]},"properties":{"z":275.6}},{"type":"Feature","geometry":{"type":"Point","coordinates":[135.7085931,34.7742609]},"properties":{"z":275.4}},{"type":"Feature","geometry":{"type":"Point","coordinates":[135.7085499,34.7742885]},"properties":{"z":276.0}},{"type":"Feature","geometry":{"type":"Point","coordinates":[135.7085046,34.7743134]},"properties":{"z":276.6}},{"type":"Feature","geometry":{"type":"Point","coordinates":[135.7084548,34.7743308]},"properties":{"z":276.6}},{"type":"Feature","geometry":{"type":"Point","coordinates":[135.7084002,34.7743329]},"properties":{"z":277.8}},{"type":"Feature","geometry":{"type":"Point","coordinates":[135.7083487,34.7743464]},"properties":{"z":278.6}},{"type":"Feature","geometry":{"type":"Point","coordinates":[135.7082942,34.7743489]},"properties":{"z":278.6}},{"type":"Feature","geometry":{"type":"Point","coordinates":[135.7082398,34.7743442]},"properties":{"z":279.7}},{"type":"Feature","geometry":{"type":"Point","coordinates":[135.7081863,34.7743351]},"properties":{"z":281.6}},{"type":"Feature","geometry":{"type":"Point","coordinates":[135.7081328,34.7743256]},"properties":{"z":279.6}},{"type":"Feature","geometry":{"type":"Point","coordinates":[135.7080805,34.7743122]},"properties":{"z":281.0}},{"type":"Feature","geometry":{"type":"Point","coordinates":[135.7080265,34.7743079]},"properties":{"z":281.0}},{"type":"Feature","geometry":{"type":"Point","coordinates":[135.7079722,34.7743129]},"properties":{"z":284.2}},{"type":"Feature","geometry":{"type":"Point","coordinates":[135.7079181,34.7743104]},"properties":{"z":285.5}},{"type":"Feature","geometry":{"type":"Point","coordinates":[135.7078687,34.7742979]},"properties":{"z":285.5}},{"type":"Feature","geometry":{"type":"Point","coordinates":[135.7078147,34.774299]},"properties":{"z":286.2}},{"type":"Feature","geometry":{"type":"Point","coordinates":[135.7077615,34.7743022]},"properties":{"z":286.2}},{"type":"Feature","geometry":{"type":"Point","coordinates":[135.7077077,34.7742988]},"properties":{"z":287.4}},{"type":"Feature","geometry":{"type":"Point","coordinates":[135.7076532,34.7742988]},"properties":{"z":287.3}},{"type":"Feature","geometry":{"type":"Point","coordinates":[135.707599,34.7742932]},"properties":{"z":287.3}},{"type":"Feature","geometry":{"type":"Point","coordinates":[135.7075458,34.7742829]},"properties":{"z":287.1}},{"type":"Feature","geometry":{"type":"Point","coordinates":[135.7074927,34.7742723]},"properties":{"z":287.1}},{"type":"Feature","geometry":{"type":"Point","coordinates":[135.7074384,34.774271]},"properties":{"z":287.1}},{"type":"Feature","geometry":{"type":"Point","coordinates":[135.7073839,34.7742742]},"properties":{"z":287.4}},{"type":"Feature","geometry":{"type":"Point","coordinates":[135.7073292,34.7742737]},"properties":{"z":287.9}},{"type":"Feature","geometry":{"type":"Point","coordinates":[135.7072747,34.7742697]},"properties":{"z":287.9}},{"type":"Feature","geometry":{"type":"Point","coordinates":[135.7072202,34.7742668]},"properties":{"z":288.5}},{"type":"Feature","geometry":{"type":"Point","coordinates":[135.7071658,34.7742631]},"properties":{"z":288.5}},{"type":"Feature","geometry":{"type":"Point","coordinates":[135.7071122,34.7742542]},"properties":{"z":286.4}},{"type":"Feature","geometry":{"type":"Point","coordinates":[135.7070586,34.7742454]},"properties":{"z":285.2}},{"type":"Feature","geometry":{"type":"Point","coordinates":[135.7070052,34.7742372]},"properties":{"z":285.2}},{"type":"Feature","geometry":{"type":"Point","coordinates":[135.7069537,34.7742229]},"properties":{"z":282.7}},{"type":"Feature","geometry":{"type":"Point","coordinates":[135.706899,34.7742206]},"properties":{"z":280.7}},{"type":"Feature","geometry":{"type":"Point","coordinates":[135.7068445,34.7742169]},"properties":{"z":280.7}},{"type":"Feature","geometry":{"type":"Point","coordinates":[135.7067901,34.7742122]},"properties":{"z":278.8}},{"type":"Feature","geometry":{"type":"Point","coordinates":[135.7067358,34.7742066]},"properties":{"z":278.8}},{"type":"Feature","geometry":{"type":"Point","coordinates":[135.7066817,34.7741996]},"properties":{"z":276.7}},{"type":"Feature","geometry":{"type":"Point","coordinates":[135.7066273,34.7741955]},"properties":{"z":274.6}},{"type":"Feature","geometry":{"type":"Point","coordinates":[135.7065727,34.7741934]},"properties":{"z":274.6}},{"type":"Feature","geometry":{"type":"Point","coordinates":[135.7065181,34.7741968]},"properties":{"z":273.1}},{"type":"Feature","geometry":{"type":"Point","coordinates":[135.7064645,34.7742047]},"properties":{"z":272.2}},{"type":"Feature","geometry":{"type":"Point","coordinates":[135.7064129,34.7742188]},"properties":{"z":272.2}},{"type":"Feature","geometry":{"type":"Point","coordinates":[135.7063675,34.774244]},"properties":{"z":272.5}},{"type":"Feature","geometry":{"type":"Point","coordinates":[135.7063301,34.7742766]},"properties":{"z":269.2}},{"type":"Feature","geometry":{"type":"Point","coordinates":[135.7063065,34.7743164]},"properties":{"z":269.2}},{"type":"Feature","geometry":{"type":"Point","coordinates":[135.7062941,34.7743599]},"properties":{"z":267.6}},{"type":"Feature","geometry":{"type":"Point","coordinates":[135.7062926,34.7744046]},"properties":{"z":266.7}},{"type":"Feature","geometry":{"type":"Point","coordinates":[135.706301,34.774449]},"properties":{"z":268.1}},{"type":"Feature","geometry":{"type":"Point","coordinates":[135.706318,34.7744915]},"properties":{"z":267.6}},{"type":"Feature","geometry":{"type":"Point","coordinates":[135.7063414,34.7745321]},"properties":{"z":267.6}},{"type":"Feature","geometry":{"type":"Point","coordinates":[135.7063791,34.7745633]},"properties":{"z":265.7}},{"type":"Feature","geometry":{"type":"Point","coordinates":[135.706417,34.7745917]},"properties":{"z":267.7}},{"type":"Feature","geometry":{"type":"Point","coordinates":[135.7064506,34.7746246]},"properties":{"z":264.9}},{"type":"Feature","geometry":{"type":"Point","coordinates":[135.7064785,34.7746633]},"properties":{"z":267.1}},{"type":"Feature","geometry":{"type":"Point","coordinates":[135.7064942,34.7747046]},"properties":{"z":263.7}},{"type":"Feature","geometry":{"type":"Point","coordinates":[135.7064834,34.7747484]},"properties":{"z":263.7}},{"type":"Feature","geometry":{"type":"Point","coordinates":[135.7064773,34.7747928]},"properties":{"z":261.6}},{"type":"Feature","geometry":{"type":"Point","coordinates":[135.7064737,34.7748376]},"properties":{"z":260.5}},{"type":"Feature","geometry":{"type":"Point","coordinates":[135.7064671,34.7748822]},"properties":{"z":258.2}},{"type":"Feature","geometry":{"type":"Point","coordinates":[135.7064587,34.7749267]},"properties":{"z":258.5}},{"type":"Feature","geometry":{"type":"Point","coordinates":[135.7064552,34.7749708]},"properties":{"z":258.9}},{"type":"Feature","geometry":{"type":"Point","coordinates":[135.7064702,34.775014]},"properties":{"z":258.9}},{"type":"Feature","geometry":{"type":"Point","coordinates":[135.7064733,34.7750586]},"properties":{"z":261.3}},{"type":"Feature","geometry":{"type":"Point","coordinates":[135.7064573,34.7751015]},"properties":{"z":259.9}},{"type":"Feature","geometry":{"type":"Point","coordinates":[135.7064258,34.7751346]},"properties":{"z":262.6}},{"type":"Feature","geometry":{"type":"Point","coordinates":[135.7063729,34.775134]},"properties":{"z":262.6}},{"type":"Feature","geometry":{"type":"Point","coordinates":[135.7063204,34.7751289]},"properties":{"z":262.6}},{"type":"Feature","geometry":{"type":"Point","coordinates":[135.7062673,34.7751397]},"properties":{"z":262.7}},{"type":"Feature","geometry":{"type":"Point","coordinates":[135.7062133,34.7751467]},"properties":{"z":262.4}},{"type":"Feature","geometry":{"type":"Point","coordinates":[135.7061628,34.7751618]},"properties":{"z":262.4}},{"type":"Feature","geometry":{"type":"Point","coordinates":[135.7061137,34.7751814]},"properties":{"z":264.5}},{"type":"Feature","geometry":{"type":"Point","coordinates":[135.7060686,34.7752065]},"properties":{"z":264.5}},{"type":"Feature","geometry":{"type":"Point","coordinates":[135.7060273,34.7752358]},"properties":{"z":261.0}},{"type":"Feature","geometry":{"type":"Point","coordinates":[135.705981,34.7752597]},"properties":{"z":265.0}},{"type":"Feature","geometry":{"type":"Point","coordinates":[135.7059317,34.7752793]},"properties":{"z":261.3}},{"type":"Feature","geometry":{"type":"Point","coordinates":[135.705881,34.7752955]},"properties":{"z":261.3}},{"type":"Feature","geometry":{"type":"Point","coordinates":[135.7058278,34.7753061]},"properties":{"z":257.5}},{"type":"Feature","geometry":{"type":"Point","coordinates":[135.705774,34.7753137]},"properties":{"z":253.3}},{"type":"Feature","geometry":{"type":"Point","coordinates":[135.7057195,34.7753178]},"properties":{"z":253.3}},{"type":"Feature","geometry":{"type":"Point","coordinates":[135.7056657,34.7753251]},"properties":{"z":252.5}},{"type":"Feature","geometry":{"type":"Point","coordinates":[135.7056133,34.775338]},"properties":{"z":249.3}},{"type":"Feature","geometry":{"type":"Point","coordinates":[135.7055614,34.7753521]},"properties":{"z":249.3}},{"type":"Feature","geometry":{"type":"Point","coordinates":[135.7055098,34.7753672]},"properties":{"z":248.5}},{"type":"Feature","geometry":{"type":"Point","coordinates":[135.705459,34.7753838]},"properties":{"z":248.5}},{"type":"Feature","geometry":{"type":"Point","coordinates":[135.7054083,34.7754008]},"properties":{"z":248.7}},{"type":"Feature","geometry":{"type":"Point","coordinates":[135.7053577,34.775418]},"properties":{"z":248.7}},{"type":"Feature","geometry":{"type":"Point","coordinates":[135.7053077,34.7754362]},"properties":{"z":248.4}},{"type":"Feature","geometry":{"type":"Point","coordinates":[135.705259,34.7754567]},"properties":{"z":248.0}},{"type":"Feature","geometry":{"type":"Point","coordinates":[135.7052099,34.7754765]},"properties":{"z":248.9}},{"type":"Feature","geometry":{"type":"Point","coordinates":[135.7051605,34.7754959]},"properties":{"z":248.6}},{"type":"Feature","geometry":{"type":"Point","coordinates":[135.7051102,34.7755136]},"properties":{"z":248.6}},{"type":"Feature","geometry":{"type":"Point","coordinates":[135.7050601,34.7755316]},"properties":{"z":249.0}},{"type":"Feature","geometry":{"type":"Point","coordinates":[135.7050101,34.7755498]},"properties":{"z":248.4}},{"type":"Feature","geometry":{"type":"Point","coordinates":[135.7049594,34.7755668]},"properties":{"z":248.4}},{"type":"Feature","geometry":{"type":"Point","coordinates":[135.7049084,34.7755831]},"properties":{"z":247.3}},{"type":"Feature","geometry":{"type":"Point","coordinates":[135.704859,34.7756023]},"properties":{"z":247.6}},{"type":"Feature","geometry":{"type":"Point","coordinates":[135.7048105,34.7756231]},"properties":{"z":246.0}},{"type":"Feature","geometry":{"type":"Point","coordinates":[135.7047625,34.7756447]},"properties":{"z":246.0}},{"type":"Feature","geometry":{"type":"Point","coordinates":[135.7047131,34.7756636]},"properties":{"z":244.4}},{"type":"Feature","geometry":{"type":"Point","coordinates":[135.7046612,34.7756779]},"properties":{"z":243.6}},{"type":"Feature","geometry":{"type":"Point","coordinates":[135.7046066,34.7756794]},"properties":{"z":243.6}},{"type":"Feature","geometry":{"type":"Point","coordinates":[135.704552,34.7756818]},"properties":{"z":244.4}},{"type":"Feature","geometry":{"type":"Point","coordinates":[135.7044976,34.7756846]},"properties":{"z":244.8}},{"type":"Feature","geometry":{"type":"Point","coordinates":[135.7044438,34.7756766]},"properties":{"z":244.8}},{"type":"Feature","geometry":{"type":"Point","coordinates":[135.7043902,34.7756678]},"properties":{"z":241.4}},{"type":"Feature","geometry":{"type":"Point","coordinates":[135.7043376,34.7756553]},"properties":{"z":241.4}},{"type":"Feature","geometry":{"type":"Point","coordinates":[135.704285,34.7756428]},"properties":{"z":240.8}},{"type":"Feature","geometry":{"type":"Point","coordinates":[135.7042338,34.775627]},"properties":{"z":240.3}},{"type":"Feature","geometry":{"type":"Point","coordinates":[135.7041826,34.7756111]},"properties":{"z":240.3}},{"type":"Feature","geometry":{"type":"Point","coordinates":[135.7041316,34.7755948]},"properties":{"z":239.4}},{"type":"Feature","geometry":{"type":"Point","coordinates":[135.7040806,34.7755784]},"properties":{"z":239.4}},{"type":"Feature","geometry":{"type":"Point","coordinates":[135.7040295,34.7755623]},"properties":{"z":239.4}},{"type":"Feature","geometry":{"type":"Point","coordinates":[135.7039783,34.7755464]},"properties":{"z":239.4}},{"type":"Feature","geometry":{"type":"Point","coordinates":[135.7039271,34.7755306]},"properties":{"z":239.4}},{"type":"Feature","geometry":{"type":"Point","coordinates":[135.7038778,34.7755111]},"properties":{"z":239.1}},{"type":"Feature","geometry":{"type":"Point","coordinates":[135.7038286,34.7754914]},"properties":{"z":239.1}},{"type":"Feature","geometry":{"type":"Point","coordinates":[135.7037802,34.7754706]},"properties":{"z":239.1}},{"type":"Feature","geometry":{"type":"Point","coordinates":[135.7037328,34.775448]},"properties":{"z":238.5}},{"type":"Feature","geometry":{"type":"Point","coordinates":[135.7036855,34.7754255]},"properties":{"z":238.3}},{"type":"Feature","geometry":{"type":"Point","coordinates":[135.7036387,34.7754022]},"properties":{"z":238.1}},{"type":"Feature","geometry":{"type":"Point","coordinates":[135.7035919,34.7753789]},"properties":{"z":237.9}},{"type":"Feature","geometry":{"type":"Point","coordinates":[135.7035428,34.7753594]},"properties":{"z":237.7}},{"type":"Feature","geometry":{"type":"Point","coordinates":[135.7034917,34.7753434]},"properties":{"z":237.7}},{"type":"Feature","geometry":{"type":"Point","coordinates":[135.7034408,34.7753269]},"properties":{"z":237.4}},{"type":"Feature","geometry":{"type":"Point","coordinates":[135.7033903,34.7753096]},"properties":{"z":237.4}},{"type":"Feature","geometry":{"type":"Point","coordinates":[135.7033394,34.775293]},"properties":{"z":237.1}},{"type":"Feature","geometry":{"type":"Point","coordinates":[135.7032875,34.7752788]},"properties":{"z":236.8}},{"type":"Feature","geometry":{"type":"Point","coordinates":[135.7032368,34.7752622]},"properties":{"z":236.8}},{"type":"Feature","geometry":{"type":"Point","coordinates":[135.7031869,34.7752435]},"properties":{"z":237.4}},{"type":"Feature","geometry":{"type":"Point","coordinates":[135.7031363,34.7752266]},"properties":{"z":237.4}},{"type":"Feature","geometry":{"type":"Point","coordinates":[135.7030848,34.7752117]},"properties":{"z":237.3}},{"type":"Feature","geometry":{"type":"Point","coordinates":[135.703031,34.7752038]},"properties":{"z":237.2}},{"type":"Feature","geometry":{"type":"Point","coordinates":[135.7029769,34.7751972]},"properties":{"z":237.2}},{"type":"Feature","geometry":{"type":"Point","coordinates":[135.7029224,34.775193]},"properties":{"z":236.7}},{"type":"Feature","geometry":{"type":"Point","coordinates":[135.7028679,34.7751886]},"properties":{"z":236.7}},{"type":"Feature","geometry":{"type":"Point","coordinates":[135.7028135,34.775184]},"properties":{"z":235.9}},{"type":"Feature","geometry":{"type":"Point","coordinates":[135.7027595,34.7751765]},"properties":{"z":237.3}},{"type":"Feature","geometry":{"type":"Point","coordinates":[135.7027058,34.7751683]},"properties":{"z":237.3}},{"type":"Feature","geometry":{"type":"Point","coordinates":[135.7026535,34.7751549]},"properties":{"z":237.2}},{"type":"Feature","geometry":{"type":"Point","coordinates":[135.7026014,34.7751413]},"properties":{"z":236.5}},{"type":"Feature","geometry":{"type":"Point","coordinates":[135.7025497,34.7751265]},"properties":{"z":236.5}},{"type":"Feature","geometry":{"type":"Point","coordinates":[135.702495,34.7751269]},"properties":{"z":235.6}},{"type":"Feature","geometry":{"type":"Point","coordinates":[135.7024491,34.7751475]},"properties":{"z":235.6}},{"type":"Feature","geometry":{"type":"Point","coordinates":[135.7024082,34.7751767]},"properties":{"z":236.1}},{"type":"Feature","geometry":{"type":"Point","coordinates":[135.7023933,34.77522]},"properties":{"z":232.8}},{"type":"Feature","geometry":{"type":"Point","coordinates":[135.7023784,34.7752632]},"properties":{"z":229.8}},{"type":"Feature","geometry":{"type":"Point","coordinates":[135.7023671,34.7753072]},"properties":{"z":229.8}},{"type":"Feature","geometry":{"type":"Point","coordinates":[135.7023565,34.7753513]},"properties":{"z":229.4}},{"type":"Feature","geometry":{"type":"Point","coordinates":[135.7023207,34.7753821]},"properties":{"z":229.5}},{"type":"Feature","geometry":{"type":"Point","coordinates":[135.7022758,34.7754074]},"properties":{"z":228.3}},{"type":"Feature","geometry":{"type":"Point","coordinates":[135.7022228,34.7754186]},"properties":{"z":228.8}},{"type":"Feature","geometry":{"type":"Point","coordinates":[135.7021696,34.7754291]},"properties":{"z":230.2}},{"type":"Feature","geometry":{"type":"Point","coordinates":[135.7021162,34.7754389]},"properties":{"z":230.2}},{"type":"Feature","geometry":{"type":"Point","coordinates":[135.7020619,34.7754446]},"properties":{"z":231.4}},{"type":"Feature","geometry":{"type":"Point","coordinates":[135.7020075,34.7754499]},"properties":{"z":231.9}},{"type":"Feature","geometry":{"type":"Point","coordinates":[135.7019531,34.7754544]},"properties":{"z":231.9}},{"type":"Feature","geometry":{"type":"Point","coordinates":[135.7018998,34.7754645]},"properties":{"z":228.4}},{"type":"Feature","geometry":{"type":"Point","coordinates":[135.7018476,34.7754778]},"properties":{"z":228.4}},{"type":"Feature","geometry":{"type":"Point","coordinates":[135.7017952,34.77549]},"properties":{"z":227.9}},{"type":"Feature","geometry":{"type":"Point","coordinates":[135.7017409,34.7754956]},"properties":{"z":227.7}},{"type":"Feature","geometry":{"type":"Point","coordinates":[135.7016869,34.7755031]},"properties":{"z":227.7}},{"type":"Feature","geometry":{"type":"Point","coordinates":[135.7016324,34.7755058]},"properties":{"z":227.8}},{"type":"Feature","geometry":{"type":"Point","coordinates":[135.7015778,34.775508]},"properties":{"z":227.8}},{"type":"Feature","geometry":{"type":"Point","coordinates":[135.7015238,34.7755152]},"properties":{"z":227.8}},{"type":"Feature","geometry":{"type":"Point","coordinates":[135.7014707,34.7755258]},"properties":{"z":227.6}},{"type":"Feature","geometry":{"type":"Point","coordinates":[135.7014165,34.7755305]},"properties":{"z":225.2}},{"type":"Feature","geometry":{"type":"Point","coordinates":[135.7013743,34.7755063]},"properties":{"z":227.0}},{"type":"Feature","geometry":{"type":"Point","coordinates":[135.7013379,34.7754728]},"properties":{"z":227.0}},{"type":"Feature","geometry":{"type":"Point","coordinates":[135.7012991,34.7754415]},"properties":{"z":228.2}},{"type":"Feature","geometry":{"type":"Point","coordinates":[135.7012547,34.7754153]},"properties":{"z":228.2}},{"type":"Feature","geometry":{"type":"Point","coordinates":[135.7012102,34.7753901]},"properties":{"z":226.7}},{"type":"Feature","geometry":{"type":"Point","coordinates":[135.7011558,34.7753852]},"properties":{"z":229.9}},{"type":"Feature","geometry":{"type":"Point","coordinates":[135.7011209,34.7753512]},"properties":{"z":227.5}},{"type":"Feature","geometry":{"type":"Point","coordinates":[135.7010882,34.7753153]},"properties":{"z":229.9}},{"type":"Feature","geometry":{"type":"Point","coordinates":[135.701062,34.775276]},"properties":{"z":227.3}},{"type":"Feature","geometry":{"type":"Point","coordinates":[135.7010293,34.7752399]},"properties":{"z":230.8}},{"type":"Feature","geometry":{"type":"Point","coordinates":[135.7009906,34.7752084]},"properties":{"z":230.8}},{"type":"Feature","geometry":{"type":"Point","coordinates":[135.7009467,34.7751818]},"properties":{"z":227.3}},{"type":"Feature","geometry":{"type":"Point","coordinates":[135.7009104,34.7751481]},"properties":{"z":229.5}},{"type":"Feature","geometry":{"type":"Point","coordinates":[135.7008797,34.7751109]},"properties":{"z":227.2}},{"type":"Feature","geometry":{"type":"Point","coordinates":[135.7008527,34.7750719]},"properties":{"z":229.0}},{"type":"Feature","geometry":{"type":"Point","coordinates":[135.7008187,34.7750374]},"properties":{"z":229.0}},{"type":"Feature","geometry":{"type":"Point","coordinates":[135.7007805,34.7750054]},"properties":{"z":228.6}},{"type":"Feature","geometry":{"type":"Point","coordinates":[135.7007446,34.7749714]},"properties":{"z":228.6}},{"type":"Feature","geometry":{"type":"Point","coordinates":[135.7007086,34.7749375]},"properties":{"z":227.6}},{"type":"Feature","geometry":{"type":"Point","coordinates":[135.7006707,34.7749052]},"properties":{"z":227.6}},{"type":"Feature","geometry":{"type":"Point","coordinates":[135.700633,34.7748726]},"properties":{"z":226.9}},{"type":"Feature","geometry":{"type":"Point","coordinates":[135.7005963,34.7748392]},"properties":{"z":226.9}},{"type":"Feature","geometry":{"type":"Point","coordinates":[135.700554,34.7748108]},"properties":{"z":228.1}},{"type":"Feature","geometry":{"type":"Point","coordinates":[135.7005069,34.7747892]},"properties":{"z":225.5}},{"type":"Feature","geometry":{"type":"Point","coordinates":[135.7004549,34.7747782]},"properties":{"z":222.9}},{"type":"Feature","geometry":{"type":"Point","coordinates":[135.700401,34.774786]},"properties":{"z":222.9}},{"type":"Feature","geometry":{"type":"Point","coordinates":[135.7003524,34.7748058]},"properties":{"z":219.4}},{"type":"Feature","geometry":{"type":"Point","coordinates":[135.7003012,34.7748216]},"properties":{"z":219.4}},{"type":"Feature","geometry":{"type":"Point","coordinates":[135.700251,34.7748393]},"properties":{"z":212.3}},{"type":"Feature","geometry":{"type":"Point","coordinates":[135.7002017,34.7748589]},"properties":{"z":206.4}},{"type":"Feature","geometry":{"type":"Point","coordinates":[135.7001549,34.774882]},"properties":{"z":206.4}},{"type":"Feature","geometry":{"type":"Point","coordinates":[135.7001085,34.7749059]},"properties":{"z":199.9}},{"type":"Feature","geometry":{"type":"Point","coordinates":[135.7000634,34.7749313]},"properties":{"z":199.9}},{"type":"Feature","geometry":{"type":"Point","coordinates":[135.7000189,34.7749575]},"properties":{"z":197.9}},{"type":"Feature","geometry":{"type":"Point","coordinates":[135.6999726,34.7749813]},"properties":{"z":197.1}},{"type":"Feature","geometry":{"type":"Point","coordinates":[135.6999254,34.7750041]},"properties":{"z":197.8}},{"type":"Feature","geometry":{"type":"Point","coordinates":[135.6998781,34.7750267]},"properties":{"z":197.8}},{"type":"Feature","geometry":{"type":"Point","coordinates":[135.6998342,34.7750532]},"properties":{"z":200.2}},{"type":"Feature","geometry":{"type":"Point","coordinates":[135.6997935,34.7750831]},"properties":{"z":200.2}},{"type":"Feature","geometry":{"type":"Point","coordinates":[135.6997498,34.7751102]},"properties":{"z":201.2}},{"type":"Feature","geometry":{"type":"Point","coordinates":[135.6997099,34.775141]},"properties":{"z":201.2}},{"type":"Feature","geometry":{"type":"Point","coordinates":[135.6996656,34.7751673]},"properties":{"z":202.8}},{"type":"Feature","geometry":{"type":"Point","coordinates":[135.6996181,34.7751891]},"properties":{"z":201.5}},{"type":"Feature","geometry":{"type":"Point","coordinates":[135.6995673,34.7752057]},"properties":{"z":202.8}},{"type":"Feature","geometry":{"type":"Point","coordinates":[135.6995145,34.7752173]},"properties":{"z":203.8}},{"type":"Feature","geometry":{"type":"Point","coordinates":[135.6994615,34.7752278]},"properties":{"z":203.8}},{"type":"Feature","geometry":{"type":"Point","coordinates":[135.6994101,34.7752433]},"properties":{"z":204.4}},{"type":"Feature","geometry":{"type":"Point","coordinates":[135.6993615,34.775264]},"properties":{"z":202.0}},{"type":"Feature","geometry":{"type":"Point","coordinates":[135.6993092,34.7752756]},"properties":{"z":202.0}},{"type":"Feature","geometry":{"type":"Point","coordinates":[135.699255,34.7752816]},"properties":{"z":202.2}},{"type":"Feature","geometry":{"type":"Point","coordinates":[135.6992005,34.7752858]},"properties":{"z":202.2}},{"type":"Feature","geometry":{"type":"Point","coordinates":[135.6991465,34.7752924]},"properties":{"z":202.5}},{"type":"Feature","geometry":{"type":"Point","coordinates":[135.699093,34.7753017]},"properties":{"z":202.5}},{"type":"Feature","geometry":{"type":"Point","coordinates":[135.6990386,34.775307]},"properties":{"z":203.1}},{"type":"Feature","geometry":{"type":"Point","coordinates":[135.6989851,34.7753153]},"properties":{"z":203.8}},{"type":"Feature","geometry":{"type":"Point","coordinates":[135.6989331,34.7753294]},"properties":{"z":201.5}},{"type":"Feature","geometry":{"type":"Point","coordinates":[135.6988818,34.7753449]},"properties":{"z":202.3}},{"type":"Feature","geometry":{"type":"Point","coordinates":[135.6988277,34.7753464]},"properties":{"z":203.2}},{"type":"Feature","geometry":{"type":"Point","coordinates":[135.6987731,34.7753445]},"properties":{"z":203.2}},{"type":"Feature","geometry":{"type":"Point","coordinates":[135.698719,34.775338]},"properties":{"z":203.9}},{"type":"Feature","geometry":{"type":"Point","coordinates":[135.6986651,34.7753303]},"properties":{"z":203.9}},{"type":"Feature","geometry":{"type":"Point","coordinates":[135.6986106,34.7753343]},"properties":{"z":204.1}},{"type":"Feature","geometry":{"type":"Point","coordinates":[135.6985562,34.7753387]},"properties":{"z":203.9}},{"type":"Feature","geometry":{"type":"Point","coordinates":[135.6985017,34.7753364]},"properties":{"z":203.9}},{"type":"Feature","geometry":{"type":"Point","coordinates":[135.6984473,34.7753318]},"properties":{"z":202.6}},{"type":"Feature","geometry":{"type":"Point","coordinates":[135.6983952,34.7753431]},"properties":{"z":200.4}},{"type":"Feature","geometry":{"type":"Point","coordinates":[135.6983448,34.7753599]},"properties":{"z":200.4}},{"type":"Feature","geometry":{"type":"Point","coordinates":[135.698302,34.775388]},"properties":{"z":197.8}},{"type":"Feature","geometry":{"type":"Point","coordinates":[135.6982595,34.7754163]},"properties":{"z":195.8}},{"type":"Feature","geometry":{"type":"Point","coordinates":[135.6982197,34.775447]},"properties":{"z":195.1}},{"type":"Feature","geometry":{"type":"Point","coordinates":[135.6981845,34.7754812]},"properties":{"z":192.6}},{"type":"Feature","geometry":{"type":"Point","coordinates":[135.6981533,34.7755181]},"properties":{"z":192.6}},{"type":"Feature","geometry":{"type":"Point","coordinates":[135.6981083,34.7755429]},"properties":{"z":189.7}},{"type":"Feature","geometry":{"type":"Point","coordinates":[135.698059,34.7755607]},"properties":{"z":191.1}},{"type":"Feature","geometry":{"type":"Point","coordinates":[135.6980049,34.7755678]},"properties":{"z":191.1}},{"type":"Feature","geometry":{"type":"Point","coordinates":[135.6979512,34.7755642]},"properties":{"z":193.2}},{"type":"Feature","geometry":{"type":"Point","coordinates":[135.6978979,34.7755542]},"properties":{"z":193.2}},{"type":"Feature","geometry":{"type":"Point","coordinates":[135.6978474,34.7755369]},"properties":{"z":195.2}},{"type":"Feature","geometry":{"type":"Point","coordinates":[135.6977982,34.7755174]},"properties":{"z":198.4}},{"type":"Feature","geometry":{"type":"Point","coordinates":[135.6977503,34.7754956]},"properties":{"z":198.4}},{"type":"Feature","geometry":{"type":"Point","coordinates":[135.6977051,34.7754703]},"properties":{"z":198.8}},{"type":"Feature","geometry":{"type":"Point","coordinates":[135.6976566,34.7754506]},"properties":{"z":200.4}},{"type":"Feature","geometry":{"type":"Point","coordinates":[135.6976045,34.7754366]},"properties":{"z":199.8}},{"type":"Feature","geometry":{"type":"Point","coordinates":[135.6975507,34.7754289]},"properties":{"z":199.8}},{"type":"Feature","geometry":{"type":"Point","coordinates":[135.6974984,34.7754166]},"properties":{"z":198.9}},{"type":"Feature","geometry":{"type":"Point","coordinates":[135.6974476,34.7754]},"properties":{"z":197.1}},{"type":"Feature","geometry":{"type":"Point","coordinates":[135.6973987,34.7753798]},"properties":{"z":199.5}},{"type":"Feature","geometry":{"type":"Point","coordinates":[135.6973498,34.77536]},"properties":{"z":198.2}},{"type":"Feature","geometry":{"type":"Point","coordinates":[135.697298,34.7753454]},"properties":{"z":198.2}},{"type":"Feature","geometry":{"type":"Point","coordinates":[135.6972453,34.7753333]},"properties":{"z":196.8}},{"type":"Feature","geometry":{"type":"Point","coordinates":[135.6971925,34.7753214]},"properties":{"z":195.1}},{"type":"Feature","geometry":{"type":"Point","coordinates":[135.6971544,34.7752893]},"properties":{"z":197.3}},{"type":"Feature","geometry":{"type":"Point","coordinates":[135.6971201,34.7752544]},"properties":{"z":197.3}},{"type":"Feature","geometry":{"type":"Point","coordinates":[135.6970889,34.7752176]},"properties":{"z":195.6}},{"type":"Feature","geometry":{"type":"Point","coordinates":[135.6970673,34.7751763]},"properties":{"z":194.7}},{"type":"Feature","geometry":{"type":"Point","coordinates":[135.6970512,34.7751334]},"properties":{"z":194.7}},{"type":"Feature","geometry":{"type":"Point","coordinates":[135.6970126,34.7751086]},"properties":{"z":193.2}},{"type":"Feature","geometry":{"type":"Point","coordinates":[135.6969878,34.7750711]},"properties":{"z":190.1}},{"type":"Feature","geometry":{"type":"Point","coordinates":[135.6970034,34.7750332]},"properties":{"z":188.1}},{"type":"Feature","geometry":{"type":"Point","coordinates":[135.6970502,34.7750113]},"properties":{"z":189.7}},{"type":"Feature","geometry":{"type":"Point","coordinates":[135.6971001,34.7749929]},"properties":{"z":189.7}},{"type":"Feature","geometry":{"type":"Point","coordinates":[135.6971352,34.7749592]},"properties":{"z":189.7}},{"type":"Feature","geometry":{"type":"Point","coordinates":[135.697182,34.7749368]},"properties":{"z":189.7}},{"type":"Feature","geometry":{"type":"Point","coordinates":[135.6972271,34.7749114]},"properties":{"z":191.4}},{"type":"Feature","geometry":{"type":"Point","coordinates":[135.697263,34.7748785]},"properties":{"z":186.8}},{"type":"Feature","geometry":{"type":"Point","coordinates":[135.6972759,34.7748376]},"properties":{"z":186.8}},{"type":"Feature","geometry":{"type":"Point","coordinates":[135.69727,34.7747929]},"properties":{"z":182.6}},{"type":"Feature","geometry":{"type":"Point","coordinates":[135.6972685,34.7747481]},"properties":{"z":178.7}},{"type":"Feature","geometry":{"type":"Point","coordinates":[135.697273,34.7747033]},"properties":{"z":178.7}},{"type":"Feature","geometry":{"type":"Point","coordinates":[135.6972811,34.7746589]},"properties":{"z":177.1}},{"type":"Feature","geometry":{"type":"Point","coordinates":[135.6972903,34.7746146]},"properties":{"z":178.4}},{"type":"Feature","geometry":{"type":"Point","coordinates":[135.6972965,34.7745699]},"properties":{"z":177.8}},{"type":"Feature","geometry":{"type":"Point","coordinates":[135.6972993,34.774525]},"properties":{"z":177.5}},{"type":"Feature","geometry":{"type":"Point","coordinates":[135.6973069,34.7744807]},"properties":{"z":177.5}},{"type":"Feature","geometry":{"type":"Point","coordinates":[135.6973158,34.7744363]},"properties":{"z":177.2}},{"type":"Feature","geometry":{"type":"Point","coordinates":[135.6973243,34.7743919]},"properties":{"z":177.0}},{"type":"Feature","geometry":{"type":"Point","coordinates":[135.6973378,34.7743485]},"properties":{"z":177.0}},{"type":"Feature","geometry":{"type":"Point","coordinates":[135.6973545,34.7743057]},"properties":{"z":176.7}},{"type":"Feature","geometry":{"type":"Point","coordinates":[135.6973469,34.774263]},"properties":{"z":176.7}},{"type":"Feature","geometry":{"type":"Point","coordinates":[135.6973238,34.7742237]},"properties":{"z":175.8}},{"type":"Feature","geometry":{"type":"Point","coordinates":[135.6972729,34.7742091]},"properties":{"z":173.8}},{"type":"Feature","geometry":{"type":"Point","coordinates":[135.6972188,34.7742027]},"properties":{"z":173.8}},{"type":"Feature","geometry":{"type":"Point","coordinates":[135.6971667,34.7742132]},"properties":{"z":172.2}},{"type":"Feature","geometry":{"type":"Point","coordinates":[135.6971152,34.7742275]},"properties":{"z":170.9}},{"type":"Feature","geometry":{"type":"Point","coordinates":[135.6970707,34.7742512]},"properties":{"z":170.9}},{"type":"Feature","geometry":{"type":"Point","coordinates":[135.6970658,34.7742947]},"properties":{"z":171.5}},{"type":"Feature","geometry":{"type":"Point","coordinates":[135.697032,34.7743246]},"properties":{"z":171.5}},{"type":"Feature","geometry":{"type":"Point","coordinates":[135.6969851,34.7743476]},"properties":{"z":169.3}},{"type":"Feature","geometry":{"type":"Point","coordinates":[135.6969326,34.7743579]},"properties":{"z":167.0}},{"type":"Feature","geometry":{"type":"Point","coordinates":[135.6968788,34.7743582]},"properties":{"z":167.0}},{"type":"Feature","geometry":{"type":"Point","coordinates":[135.6968261,34.7743459]},"properties":{"z":164.9}},{"type":"Feature","geometry":{"type":"Point","coordinates":[135.6967721,34.7743403]},"properties":{"z":163.6}},{"type":"Feature","geometry":{"type":"Point","coordinates":[135.6967182,34.7743429]},"properties":{"z":163.6}},{"type":"Feature","geometry":{"type":"Point","coordinates":[135.6966661,34.7743563]},"properties":{"z":162.6}},{"type":"Feature","geometry":{"type":"Point","coordinates":[135.6966171,34.7743758]},"properties":{"z":162.6}},{"type":"Feature","geometry":{"type":"Point","coordinates":[135.6965793,34.7744082]},"properties":{"z":164.5}},{"type":"Feature","geometry":{"type":"Point","coordinates":[135.6965465,34.7744442]},"properties":{"z":164.5}},{"type":"Feature","geometry":{"type":"Point","coordinates":[135.6965101,34.7744778]},"properties":{"z":165.6}},{"type":"Feature","geometry":{"type":"Point","coordinates":[135.6964703,34.7745085]},"properties":{"z":165.6}},{"type":"Feature","geometry":{"type":"Point","coordinates":[135.6964308,34.7745396]},"properties":{"z":165.6}},{"type":"Feature","geometry":{"type":"Point","coordinates":[135.6963921,34.7745715]},"properties":{"z":164.9}},{"type":"Feature","geometry":{"type":"Point","coordinates":[135.6963531,34.774603]},"properties":{"z":164.9}},{"type":"Feature","geometry":{"type":"Point","coordinates":[135.6963116,34.7746321]},"properties":{"z":163.6}},{"type":"Feature","geometry":{"type":"Point","coordinates":[135.6962645,34.7746536]},"properties":{"z":163.6}},{"type":"Feature","geometry":{"type":"Point","coordinates":[135.6962117,34.7746634]},"properties":{"z":160.6}},{"type":"Feature","geometry":{"type":"Point","coordinates":[135.6961575,34.774666]},"properties":{"z":158.5}},{"type":"Feature","geometry":{"type":"Point","coordinates":[135.6961036,34.7746726]},"properties":{"z":158.5}},{"type":"Feature","geometry":{"type":"Point","coordinates":[135.6960492,34.774675]},"properties":{"z":157.2}},{"type":"Feature","geometry":{"type":"Point","coordinates":[135.6959957,34.7746842]},"properties":{"z":156.3}},{"type":"Feature","geometry":{"type":"Point","coordinates":[135.695942,34.7746927]},"properties":{"z":159.6}},{"type":"Feature","geometry":{"type":"Point","coordinates":[135.6958878,34.7746948]},"properties":{"z":157.8}},{"type":"Feature","geometry":{"type":"Point","coordinates":[135.6958334,34.7746898]},"properties":{"z":157.8}},{"type":"Feature","geometry":{"type":"Point","coordinates":[135.6957792,34.7746833]},"properties":{"z":152.8}},{"type":"Feature","geometry":{"type":"Point","coordinates":[135.695725,34.7746775]},"properties":{"z":149.5}},{"type":"Feature","geometry":{"type":"Point","coordinates":[135.6956703,34.7746756]},"properties":{"z":149.5}},{"type":"Feature","geometry":{"type":"Point","coordinates":[135.6956162,34.7746696]},"properties":{"z":146.4}},{"type":"Feature","geometry":{"type":"Point","coordinates":[135.6955622,34.7746622]},"properties":{"z":146.7}},{"type":"Feature","geometry":{"type":"Point","coordinates":[135.6955082,34.7746549]},"properties":{"z":146.7}},{"type":"Feature","geometry":{"type":"Point","coordinates":[135.6954543,34.7746471]},"properties":{"z":147.9}},{"type":"Feature","geometry":{"type":"Point","coordinates":[135.6954017,34.7746348]},"properties":{"z":147.9}},{"type":"Feature","geometry":{"type":"Point","coordinates":[135.6953488,34.7746234]},"properties":{"z":149.2}},{"type":"Feature","geometry":{"type":"Point","coordinates":[135.6952955,34.7746131]},"properties":{"z":145.7}},{"type":"Feature","geometry":{"type":"Point","coordinates":[135.695242,34.7746038]},"properties":{"z":145.7}},{"type":"Feature","geometry":{"type":"Point","coordinates":[135.6951875,34.7746001]},"properties":{"z":146.1}},{"type":"Feature","geometry":{"type":"Point","coordinates":[135.695133,34.7745959]},"properties":{"z":145.5}},{"type":"Feature","geometry":{"type":"Point","coordinates":[135.6950786,34.7745906]},"properties":{"z":145.5}},{"type":"Feature","geometry":{"type":"Point","coordinates":[135.6950268,34.7745778]},"properties":{"z":144.2}},{"type":"Feature","geometry":{"type":"Point","coordinates":[135.6949766,34.7745599]},"properties":{"z":144.2}},{"type":"Feature","geometry":{"type":"Point","coordinates":[135.6949288,34.774538]},"properties":{"z":140.7}},{"type":"Feature","geometry":{"type":"Point","coordinates":[135.694881,34.7745161]},"properties":{"z":139.1}},{"type":"Feature","geometry":{"type":"Point","coordinates":[135.6948332,34.7744942]},"properties":{"z":139.1}},{"type":"Feature","geometry":{"type":"Point","coordinates":[135.6947857,34.7744718]},"properties":{"z":135.8}},{"type":"Feature","geometry":{"type":"Point","coordinates":[135.6947385,34.7744491]},"properties":{"z":135.8}},{"type":"Feature","geometry":{"type":"Point","coordinates":[135.6947093,34.7744125]},"properties":{"z":136.4}},{"type":"Feature","geometry":{"type":"Point","coordinates":[135.6946922,34.7743713]},"properties":{"z":135.1}},{"type":"Feature","geometry":{"type":"Point","coordinates":[135.6947,34.7743269]},"properties":{"z":134.0}},{"type":"Feature","geometry":{"type":"Point","coordinates":[135.6947174,34.7742845]},"properties":{"z":131.9}},{"type":"Feature","geometry":{"type":"Point","coordinates":[135.6947503,34.7742497]},"properties":{"z":131.7}},{"type":"Feature","geometry":{"type":"Point","coordinates":[135.694799,34.7742345]},"properties":{"z":131.7}},{"type":"Feature","geometry":{"type":"Point","coordinates":[135.6948503,34.7742433]},"properties":{"z":129.8}},{"type":"Feature","geometry":{"type":"Point","coordinates":[135.6948993,34.7742634]},"properties":{"z":129.5}},{"type":"Feature","geometry":{"type":"Point","coordinates":[135.6949475,34.7742846]},"properties":{"z":129.5}},{"type":"Feature","geometry":{"type":"Point","coordinates":[135.6949955,34.7743062]},"properties":{"z":129.2}},{"type":"Feature","geometry":{"type":"Point","coordinates":[135.6950448,34.7743257]},"properties":{"z":129.2}},{"type":"Feature","geometry":{"type":"Point","coordinates":[135.6950961,34.7743404]},"properties":{"z":133.2}},{"type":"Feature","geometry":{"type":"Point","coordinates":[135.6951502,34.7743426]},"properties":{"z":132.0}},{"type":"Feature","geometry":{"type":"Point","coordinates":[135.6952049,34.7743406]},"properties":{"z":132.0}},{"type":"Feature","geometry":{"type":"Point","coordinates":[135.6952595,34.7743385]},"properties":{"z":129.1}},{"type":"Feature","geometry":{"type":"Point","coordinates":[135.6953094,34.774325]},"properties":{"z":126.9}},{"type":"Feature","geometry":{"type":"Point","coordinates":[135.6953473,34.7742936]},"properties":{"z":126.4}},{"type":"Feature","geometry":{"type":"Point","coordinates":[135.6953663,34.7742522]},"properties":{"z":125.1}},{"type":"Feature","geometry":{"type":"Point","coordinates":[135.6953634,34.7742083]},"properties":{"z":125.1}},{"type":"Feature","geometry":{"type":"Point","coordinates":[135.6953441,34.7741663]},"properties":{"z":124.4}},{"type":"Feature","geometry":{"type":"Point","coordinates":[135.6953234,34.7741246]},"properties":{"z":124.4}},{"type":"Feature","geometry":{"type":"Point","coordinates":[135.6952982,34.7740848]},"properties":{"z":123.0}},{"type":"Feature","geometry":{"type":"Point","coordinates":[135.6952761,34.7740437]},"properties":{"z":123.8}},{"type":"Feature","geometry":{"type":"Point","coordinates":[135.6952722,34.7739991]},"properties":{"z":123.8}},{"type":"Feature","geometry":{"type":"Point","coordinates":[135.6952652,34.7739546]},"properties":{"z":124.7}},{"type":"Feature","geometry":{"type":"Point","coordinates":[135.6952525,34.773911]},"properties":{"z":124.7}},{"type":"Feature","geometry":{"type":"Point","coordinates":[135.6952327,34.7738694]},"properties":{"z":125.6}},{"type":"Feature","geometry":{"type":"Point","coordinates":[135.6952031,34.7738316]},"properties":{"z":122.8}},{"type":"Feature","geometry":{"type":"Point","coordinates":[135.6951896,34.7737886]},"properties":{"z":122.8}},{"type":"Feature","geometry":{"type":"Point","coordinates":[135.695179,34.7737445]},"properties":{"z":123.0}},{"type":"Feature","geometry":{"type":"Point","coordinates":[135.6951822,34.7737007]},"properties":{"z":123.0}},{"type":"Feature","geometry":{"type":"Point","coordinates":[135.6951899,34.7736563]},"properties":{"z":122.1}},{"type":"Feature","geometry":{"type":"Point","coordinates":[135.6952048,34.7736137]},"properties":{"z":120.8}},{"type":"Feature","geometry":{"type":"Point","coordinates":[135.6952263,34.7735725]},"properties":{"z":120.8}},{"type":"Feature","geometry":{"type":"Point","coordinates":[135.6952441,34.77353]},"properties":{"z":120.1}},{"type":"Feature","geometry":{"type":"Point","coordinates":[135.695257,34.7734863]},"properties":{"z":120.1}},{"type":"Feature","geometry":{"type":"Point","coordinates":[135.6952461,34.7734435]},"properties":{"z":119.4}},{"type":"Feature","geometry":{"type":"Point","coordinates":[135.6952172,34.7734059]},"properties":{"z":117.9}},{"type":"Feature","geometry":{"type":"Point","coordinates":[135.6951695,34.7733857]},"properties":{"z":117.9}},{"type":"Feature","geometry":{"type":"Point","coordinates":[135.6951185,34.7733696]},"properties":{"z":116.5}},{"type":"Feature","geometry":{"type":"Point","coordinates":[135.6950713,34.7733469]},"properties":{"z":116.5}},{"type":"Feature","geometry":{"type":"Point","coordinates":[135.6950214,34.7733331]},"properties":{"z":114.7}},{"type":"Feature","geometry":{"type":"Point","coordinates":[135.6949673,34.7733269]},"properties":{"z":113.4}},{"type":"Feature","geometry":{"type":"Point","coordinates":[135.6949132,34.7733199]},"properties":{"z":113.4}},{"type":"Feature","geometry":{"type":"Point","coordinates":[135.6948603,34.7733086]},"properties":{"z":112.2}},{"type":"Feature","geometry":{"type":"Point","coordinates":[135.6948085,34.773294]},"properties":{"z":112.2}},{"type":"Feature","geometry":{"type":"Point","coordinates":[135.694755,34.7732853]},"properties":{"z":111.0}},{"type":"Feature","geometry":{"type":"Point","coordinates":[135.6947005,34.7732819]},"properties":{"z":109.6}},{"type":"Feature","geometry":{"type":"Point","coordinates":[135.6946461,34.7732844]},"properties":{"z":109.6}},{"type":"Feature","geometry":{"type":"Point","coordinates":[135.694592,34.7732913]},"properties":{"z":108.2}},{"type":"Feature","geometry":{"type":"Point","coordinates":[135.6945407,34.7733062]},"properties":{"z":107.1}},{"type":"Feature","geometry":{"type":"Point","coordinates":[135.6944893,34.7733202]},"properties":{"z":107.1}},{"type":"Feature","geometry":{"type":"Point","coordinates":[135.6944345,34.773321]},"properties":{"z":107.2}},{"type":"Feature","geometry":{"type":"Point","coordinates":[135.6943803,34.7733172]},"properties":{"z":107.2}},{"type":"Feature","geometry":{"type":"Point","coordinates":[135.6943265,34.7733091]},"properties":{"z":107.6}},{"type":"Feature","geometry":{"type":"Point","coordinates":[135.6942733,34.7732984]},"properties":{"z":108.0}},{"type":"Feature","geometry":{"type":"Point","coordinates":[135.6942205,34.7732868]},"properties":{"z":108.0}},{"type":"Feature","geometry":{"type":"Point","coordinates":[135.6941713,34.773267]},"properties":{"z":106.4}},{"type":"Feature","geometry":{"type":"Point","coordinates":[135.6941225,34.7732468]},"properties":{"z":106.4}},{"type":"Feature","geometry":{"type":"Point","coordinates":[135.6940753,34.773224]},"properties":{"z":106.8}},{"type":"Feature","geometry":{"type":"Point","coordinates":[135.6940278,34.7732017]},"properties":{"z":104.6}},{"type":"Feature","geometry":{"type":"Point","coordinates":[135.6939851,34.7731744]},"properties":{"z":104.1}},{"type":"Feature","geometry":{"type":"Point","coordinates":[135.6939476,34.7731416]},"properties":{"z":104.1}},{"type":"Feature","geometry":{"type":"Point","coordinates":[135.693918,34.7731041]},"properties":{"z":102.4}},{"type":"Feature","geometry":{"type":"Point","coordinates":[135.6938909,34.7730651]},"properties":{"z":102.4}},{"type":"Feature","geometry":{"type":"Point","coordinates":[135.6938592,34.7730285]},"properties":{"z":99.6}},{"type":"Feature","geometry":{"type":"Point","coordinates":[135.6938262,34.7729926]},"properties":{"z":100.9}},{"type":"Feature","geometry":{"type":"Point","coordinates":[135.6937889,34.7729605]},"properties":{"z":99.5}},{"type":"Feature","geometry":{"type":"Point","coordinates":[135.6937441,34.7729347]},"properties":{"z":100.6}},{"type":"Feature","geometry":{"type":"Point","coordinates":[135.693699,34.7729092]},"properties":{"z":99.4}},{"type":"Feature","geometry":{"type":"Point","coordinates":[135.6936535,34.7728842]},"properties":{"z":101.2}},{"type":"Feature","geometry":{"type":"Point","coordinates":[135.6936054,34.772863]},"properties":{"z":101.2}},{"type":"Feature","geometry":{"type":"Point","coordinates":[135.6935562,34.7728434]},"properties":{"z":100.9}},{"type":"Feature","geometry":{"type":"Point","coordinates":[135.6935119,34.772817]},"properties":{"z":102.6}},{"type":"Feature","geometry":{"type":"Point","coordinates":[135.693462,34.7728032]},"properties":{"z":102.6}},{"type":"Feature","geometry":{"type":"Point","coordinates":[135.6934074,34.7727998]},"properties":{"z":104.0}},{"type":"Feature","geometry":{"type":"Point","coordinates":[135.693353,34.7728033]},"properties":{"z":104.0}},{"type":"Feature","geometry":{"type":"Point","coordinates":[135.6932999,34.7728114]},"properties":{"z":104.7}},{"type":"Feature","geometry":{"type":"Point","coordinates":[135.6932529,34.7728344]},"properties":{"z":105.2}},{"type":"Feature","geometry":{"type":"Point","coordinates":[135.6932078,34.7728594]},"properties":{"z":111.3}},{"type":"Feature","geometry":{"type":"Point","coordinates":[135.69317,34.7728919]},"properties":{"z":111.3}},{"type":"Feature","geometry":{"type":"Point","coordinates":[135.6931303,34.7729228]},"properties":{"z":115.4}},{"type":"Feature","geometry":{"type":"Point","coordinates":[135.6930889,34.7729522]},"properties":{"z":115.4}},{"type":"Feature","geometry":{"type":"Point","coordinates":[135.693041,34.7729732]},"properties":{"z":112.5}},{"type":"Feature","geometry":{"type":"Point","coordinates":[135.6929915,34.7729922]},"properties":{"z":107.8}},{"type":"Feature","geometry":{"type":"Point","coordinates":[135.6929453,34.7730163]},"properties":{"z":109.0}},{"type":"Feature","geometry":{"type":"Point","coordinates":[135.6928991,34.7730403]},"properties":{"z":101.9}},{"type":"Feature","geometry":{"type":"Point","coordinates":[135.6928542,34.7730661]},"properties":{"z":101.2}},{"type":"Feature","geometry":{"type":"Point","coordinates":[135.6928101,34.7730927]},"properties":{"z":96.6}},{"type":"Feature","geometry":{"type":"Point","coordinates":[135.6927605,34.7731069]},"properties":{"z":96.6}},{"type":"Feature","geometry":{"type":"Point","coordinates":[135.6927059,34.77311]},"properties":{"z":94.1}},{"type":"Feature","geometry":{"type":"Point","coordinates":[135.6926516,34.7731062]},"properties":{"z":93.3}},{"type":"Feature","geometry":{"type":"Point","coordinates":[135.6925976,34.7730991]},"properties":{"z":93.3}},{"type":"Feature","geometry":{"type":"Point","coordinates":[135.6925442,34.773089]},"properties":{"z":93.4}},{"type":"Feature","geometry":{"type":"Point","coordinates":[135.692491,34.7730786]},"properties":{"z":93.4}},{"type":"Feature","geometry":{"type":"Point","coordinates":[135.692438,34.7730676]},"properties":{"z":93.6}},{"type":"Feature","geometry":{"type":"Point","coordinates":[135.6923842,34.77306]},"properties":{"z":89.3}},{"type":"Feature","geometry":{"type":"Point","coordinates":[135.6923297,34.7730557]},"properties":{"z":89.3}},{"type":"Feature","geometry":{"type":"Point","coordinates":[135.6922751,34.7730563]},"properties":{"z":89.5}},{"type":"Feature","geometry":{"type":"Point","coordinates":[135.6922205,34.7730593]},"properties":{"z":89.6}},{"type":"Feature","geometry":{"type":"Point","coordinates":[135.6921688,34.7730728]},"properties":{"z":94.2}},{"type":"Feature","geometry":{"type":"Point","coordinates":[135.692118,34.7730894]},"properties":{"z":93.9}},{"type":"Feature","geometry":{"type":"Point","coordinates":[135.6920651,34.7731008]},"properties":{"z":93.9}},{"type":"Feature","geometry":{"type":"Point","coordinates":[135.6920142,34.7731152]},"properties":{"z":92.9}},{"type":"Feature","geometry":{"type":"Point","coordinates":[135.6919723,34.7731441]},"properties":{"z":98.4}},{"type":"Feature","geometry":{"type":"Point","coordinates":[135.691924,34.7731623]},"properties":{"z":95.5}},{"type":"Feature","geometry":{"type":"Point","coordinates":[135.6918706,34.773172]},"properties":{"z":92.3}},{"type":"Feature","geometry":{"type":"Point","coordinates":[135.6918188,34.7731866]},"properties":{"z":92.3}},{"type":"Feature","geometry":{"type":"Point","coordinates":[135.6917672,34.7732014]},"properties":{"z":90.4}},{"type":"Feature","geometry":{"type":"Point","coordinates":[135.6917146,34.7732131]},"properties":{"z":94.6}},{"type":"Feature","geometry":{"type":"Point","coordinates":[135.6916603,34.7732182]},"properties":{"z":91.7}},{"type":"Feature","geometry":{"type":"Point","coordinates":[135.6916059,34.7732232]},"properties":{"z":89.4}},{"type":"Feature","geometry":{"type":"Point","coordinates":[135.6915515,34.7732281]},"properties":{"z":89.4}},{"type":"Feature","geometry":{"type":"Point","coordinates":[135.6914973,34.7732339]},"properties":{"z":87.6}},{"type":"Feature","geometry":{"type":"Point","coordinates":[135.6914455,34.7732485]},"properties":{"z":86.1}},{"type":"Feature","geometry":{"type":"Point","coordinates":[135.6913938,34.773263]},"properties":{"z":86.1}},{"type":"Feature","geometry":{"type":"Point","coordinates":[135.6913418,34.773277]},"properties":{"z":86.7}},{"type":"Feature","geometry":{"type":"Point","coordinates":[135.6912897,34.7732908]},"properties":{"z":86.7}},{"type":"Feature","geometry":{"type":"Point","coordinates":[135.6912436,34.7733149]},"properties":{"z":86.8}},{"type":"Feature","geometry":{"type":"Point","coordinates":[135.691198,34.7733398]},"properties":{"z":86.8}},{"type":"Feature","geometry":{"type":"Point","coordinates":[135.6911536,34.773366]},"properties":{"z":89.5}},{"type":"Feature","geometry":{"type":"Point","coordinates":[135.6911092,34.7733923]},"properties":{"z":89.5}},{"type":"Feature","geometry":{"type":"Point","coordinates":[135.6910657,34.7734195]},"properties":{"z":92.8}},{"type":"Feature","geometry":{"type":"Point","coordinates":[135.6910235,34.7734481]},"properties":{"z":92.8}},{"type":"Feature","geometry":{"type":"Point","coordinates":[135.6909813,34.7734767]},"properties":{"z":92.3}},{"type":"Feature","geometry":{"type":"Point","coordinates":[135.6909391,34.7735054]},"properties":{"z":95.1}},{"type":"Feature","geometry":{"type":"Point","coordinates":[135.690897,34.7735341]},"properties":{"z":93.2}},{"type":"Feature","geometry":{"type":"Point","coordinates":[135.6908518,34.7735591]},"properties":{"z":95.0}},{"type":"Feature","geometry":{"type":"Point","coordinates":[135.6908036,34.7735803]},"properties":{"z":91.2}},{"type":"Feature","geometry":{"type":"Point","coordinates":[135.6907533,34.7735972]},"properties":{"z":85.4}},{"type":"Feature","geometry":{"type":"Point","coordinates":[135.6907001,34.7736074]},"properties":{"z":85.4}},{"type":"Feature","geometry":{"type":"Point","coordinates":[135.6906489,34.7736232]},"properties":{"z":79.6}},{"type":"Feature","geometry":{"type":"Point","coordinates":[135.6906001,34.7736432]},"properties":{"z":82.2}},{"type":"Feature","geometry":{"type":"Point","coordinates":[135.6905532,34.7736664]},"properties":{"z":78.0}},{"type":"Feature","geometry":{"type":"Point","coordinates":[135.6905003,34.7736767]},"properties":{"z":73.9}},{"type":"Feature","geometry":{"type":"Point","coordinates":[135.6904485,34.7736896]},"properties":{"z":73.9}},{"type":"Feature","geometry":{"type":"Point","coordinates":[135.6904008,34.7737116]},"properties":{"z":70.1}},{"type":"Feature","geometry":{"type":"Point","coordinates":[135.6903561,34.7737374]},"properties":{"z":70.1}},{"type":"Feature","geometry":{"type":"Point","coordinates":[135.6903126,34.7737646]},"properties":{"z":69.1}},{"type":"Feature","geometry":{"type":"Point","coordinates":[135.6902718,34.7737946]},"properties":{"z":70.9}},{"type":"Feature","geometry":{"type":"Point","coordinates":[135.6902299,34.7738235]},"properties":{"z":69.4}},{"type":"Feature","geometry":{"type":"Point","coordinates":[135.6901853,34.7738495]},"properties":{"z":70.4}},{"type":"Feature","geometry":{"type":"Point","coordinates":[135.6901418,34.7738767]},"properties":{"z":68.9}},{"type":"Feature","geometry":{"type":"Point","coordinates":[135.6900997,34.7739055]},"properties":{"z":68.9}},{"type":"Feature","geometry":{"type":"Point","coordinates":[135.6900573,34.7739338]},"properties":{"z":68.1}},{"type":"Feature","geometry":{"type":"Point","coordinates":[135.6900145,34.7739619]},"properties":{"z":68.1}},{"type":"Feature","geometry":{"type":"Point","coordinates":[135.6899733,34.7739914]},"properties":{"z":66.3}},{"type":"Feature","geometry":{"type":"Point","coordinates":[135.6899334,34.7740222]},"properties":{"z":66.3}},{"type":"Feature","geometry":{"type":"Point","coordinates":[135.6898941,34.7740534]},"properties":{"z":64.4}},{"type":"Feature","geometry":{"type":"Point","coordinates":[135.6898553,34.7740851]},"properties":{"z":64.4}},{"type":"Feature","geometry":{"type":"Point","coordinates":[135.689817,34.7741173]},"properties":{"z":63.2}},{"type":"Feature","geometry":{"type":"Point","coordinates":[135.6897794,34.7741499]},"properties":{"z":62.7}},{"type":"Feature","geometry":{"type":"Point","coordinates":[135.6897405,34.7741814]},"properties":{"z":62.7}},{"type":"Feature","geometry":{"type":"Point","coordinates":[135.6896981,34.7742098]},"properties":{"z":62.9}},{"type":"Feature","geometry":{"type":"Point","coordinates":[135.6896542,34.7742367]},"properties":{"z":62.9}},{"type":"Feature","geometry":{"type":"Point","coordinates":[135.6896111,34.7742644]},"properties":{"z":63.5}},{"type":"Feature","geometry":{"type":"Point","coordinates":[135.6895853,34.7743033]},"properties":{"z":63.5}},{"type":"Feature","geometry":{"type":"Point","coordinates":[135.6895627,34.7743443]},"properties":{"z":61.6}},{"type":"Feature","geometry":{"type":"Point","coordinates":[135.6895349,34.7743828]},"properties":{"z":61.6}},{"type":"Feature","geometry":{"type":"Point","coordinates":[135.6895021,34.7744187]},"properties":{"z":61.3}},{"type":"Feature","geometry":{"type":"Point","coordinates":[135.6894664,34.7744528]},"properties":{"z":59.3}},{"type":"Feature","geometry":{"type":"Point","coordinates":[135.6894263,34.7744833]},"properties":{"z":58.9}},{"type":"Feature","geometry":{"type":"Point","coordinates":[135.6893841,34.7745118]},"properties":{"z":57.5}},{"type":"Feature","geometry":{"type":"Point","coordinates":[135.6893395,34.7745378]},"properties":{"z":57.5}},{"type":"Feature","geometry":{"type":"Point","coordinates":[135.6892895,34.7745557]},"properties":{"z":57.4}},{"type":"Feature","geometry":{"type":"Point","coordinates":[135.6892385,34.774572]},"properties":{"z":57.4}},{"type":"Feature","geometry":{"type":"Point","coordinates":[135.6891842,34.7745761]},"properties":{"z":56.1}},{"type":"Feature","geometry":{"type":"Point","coordinates":[135.6891296,34.7745777]},"properties":{"z":54.4}},{"type":"Feature","geometry":{"type":"Point","coordinates":[135.6890754,34.7745715]},"properties":{"z":54.4}},{"type":"Feature","geometry":{"type":"Point","coordinates":[135.6890223,34.7745615]},"properties":{"z":52.8}},{"type":"Feature","geometry":{"type":"Point","coordinates":[135.6889704,34.7745474]},"properties":{"z":52.8}},{"type":"Feature","geometry":{"type":"Point","coordinates":[135.6889191,34.7745316]},"properties":{"z":51.6}},{"type":"Feature","geometry":{"type":"Point","coordinates":[135.6888672,34.7745186]},"properties":{"z":50.4}},{"type":"Feature","geometry":{"type":"Point","coordinates":[135.6888126,34.7745166]},"properties":{"z":50.4}},{"type":"Feature","geometry":{"type":"Point","coordinates":[135.6887579,34.774516]},"properties":{"z":49.5}},{"type":"Feature","geometry":{"type":"Point","coordinates":[135.6887033,34.7745191]},"properties":{"z":48.6}},{"type":"Feature","geometry":{"type":"Point","coordinates":[135.6886487,34.7745223]},"properties":{"z":48.6}},{"type":"Feature","geometry":{"type":"Point","coordinates":[135.6885945,34.7745282]},"properties":{"z":47.9}},{"type":"Feature","geometry":{"type":"Point","coordinates":[135.6885403,34.7745346]},"properties":{"z":47.9}},{"type":"Feature","geometry":{"type":"Point","coordinates":[135.6884861,34.7745403]},"properties":{"z":47.1}},{"type":"Feature","geometry":{"type":"Point","coordinates":[135.6884315,34.774544]},"properties":{"z":46.1}},{"type":"Feature","geometry":{"type":"Point","coordinates":[135.688377,34.7745477]},"properties":{"z":46.1}},{"type":"Feature","geometry":{"type":"Point","coordinates":[135.6883224,34.77455]},"properties":{"z":45.4}},{"type":"Feature","geometry":{"type":"Point","coordinates":[135.6882676,34.774551]},"properties":{"z":44.9}},{"type":"Feature","geometry":{"type":"Point","coordinates":[135.6882129,34.7745522]},"properties":{"z":44.9}},{"type":"Feature","geometry":{"type":"Point","coordinates":[135.6881589,34.7745592]},"properties":{"z":44.5}},{"type":"Feature","geometry":{"type":"Point","coordinates":[135.6881048,34.7745662]},"properties":{"z":44.5}},{"type":"Feature","geometry":{"type":"Point","coordinates":[135.6880509,34.7745739]},"properties":{"z":44.4}},{"type":"Feature","geometry":{"type":"Point","coordinates":[135.6879971,34.774582]},"properties":{"z":44.4}},{"type":"Feature","geometry":{"type":"Point","coordinates":[135.6879435,34.7745909]},"properties":{"z":44.4}},{"type":"Feature","geometry":{"type":"Point","coordinates":[135.6878903,34.7746017]},"properties":{"z":44.5}},{"type":"Feature","geometry":{"type":"Point","coordinates":[135.6878371,34.774612]},"properties":{"z":44.6}},{"type":"Feature","geometry":{"type":"Point","coordinates":[135.6877831,34.7746195]},"properties":{"z":44.1}},{"type":"Feature","geometry":{"type":"Point","coordinates":[135.6877294,34.7746277]},"properties":{"z":44.3}},{"type":"Feature","geometry":{"type":"Point","coordinates":[135.6876773,34.7746414]},"properties":{"z":44.3}},{"type":"Feature","geometry":{"type":"Point","coordinates":[135.6876252,34.7746553]},"properties":{"z":44.4}},{"type":"Feature","geometry":{"type":"Point","coordinates":[135.6875734,34.7746698]},"properties":{"z":44.4}},{"type":"Feature","geometry":{"type":"Point","coordinates":[135.6875218,34.7746847]},"properties":{"z":44.0}},{"type":"Feature","geometry":{"type":"Point","coordinates":[135.6874706,34.7747007]},"properties":{"z":43.8}},{"type":"Feature","geometry":{"type":"Point","coordinates":[135.6874185,34.7747127]},"properties":{"z":43.8}},{"type":"Feature","geometry":{"type":"Point","coordinates":[135.6873638,34.7747141]},"properties":{"z":43.7}},{"type":"Feature","geometry":{"type":"Point","coordinates":[135.6873091,34.7747155]},"properties":{"z":43.4}},{"type":"Feature","geometry":{"type":"Point","coordinates":[135.6872552,34.7747081]},"properties":{"z":43.4}},{"type":"Feature","geometry":{"type":"Point","coordinates":[135.6872013,34.7747002]},"properties":{"z":43.0}},{"type":"Feature","geometry":{"type":"Point","coordinates":[135.6871475,34.774692]},"properties":{"z":42.6}},{"type":"Feature","geometry":{"type":"Point","coordinates":[135.6870938,34.7746836]},"properties":{"z":42.8}},{"type":"Feature","geometry":{"type":"Point","coordinates":[135.6870399,34.7746758]},"properties":{"z":42.4}},{"type":"Feature","geometry":{"type":"Point","coordinates":[135.6869856,34.7746699]},"properties":{"z":42.0}},{"type":"Feature","geometry":{"type":"Point","coordinates":[135.6869314,34.774664]},"properties":{"z":42.0}},{"type":"Feature","geometry":{"type":"Point","coordinates":[135.6868775,34.7746561]},"properties":{"z":41.6}},{"type":"Feature","geometry":{"type":"Point","coordinates":[135.6868238,34.7746474]},"properties":{"z":41.6}},{"type":"Feature","geometry":{"type":"Point","coordinates":[135.6867712,34.7746356]},"properties":{"z":41.2}},{"type":"Feature","geometry":{"type":"Point","coordinates":[135.6867195,34.7746208]},"properties":{"z":40.8}},{"type":"Feature","geometry":{"type":"Point","coordinates":[135.686668,34.7746057]},"properties":{"z":40.8}},{"type":"Feature","geometry":{"type":"Point","coordinates":[135.6866173,34.7745886]},"properties":{"z":40.4}},{"type":"Feature","geometry":{"type":"Point","coordinates":[135.6865667,34.7745715]},"properties":{"z":40.4}},{"type":"Feature","geometry":{"type":"Point","coordinates":[135.6865145,34.774559]},"properties":{"z":40.0}},{"type":"Feature","geometry":{"type":"Point","coordinates":[135.6864605,34.7745517]},"properties":{"z":39.7}},{"type":"Feature","geometry":{"type":"Point","coordinates":[135.6864065,34.7745443]},"properties":{"z":39.7}},{"type":"Feature","geometry":{"type":"Point","coordinates":[135.6863525,34.774537]},"properties":{"z":39.5}},{"type":"Feature","geometry":{"type":"Point","coordinates":[135.6862986,34.7745296]},"properties":{"z":39.4}},{"type":"Feature","geometry":{"type":"Point","coordinates":[135.6862446,34.7745222]},"properties":{"z":39.4}},{"type":"Feature","geometry":{"type":"Point","coordinates":[135.6861923,34.7745093]},"properties":{"z":39.1}},{"type":"Feature","geometry":{"type":"Point","coordinates":[135.6861406,34.7744945]},"properties":{"z":39.1}},{"type":"Feature","geometry":{"type":"Point","coordinates":[135.686089,34.7744797]},"properties":{"z":38.9}},{"type":"Feature","geometry":{"type":"Point","coordinates":[135.6860378,34.7744637]},"properties":{"z":38.6}},{"type":"Feature","geometry":{"type":"Point","coordinates":[135.6859867,34.7744477]},"properties":{"z":38.6}},{"type":"Feature","geometry":{"type":"Point","coordinates":[135.6859336,34.7744367]},"properties":{"z":38.5}},{"type":"Feature","geometry":{"type":"Point","coordinates":[135.6858801,34.7744278]},"properties":{"z":38.5}},{"type":"Feature","geometry":{"type":"Point","coordinates":[135.6858256,34.7744242]},"properties":{"z":38.3}},{"type":"Feature","geometry":{"type":"Point","coordinates":[135.6857721,34.7744157]},"properties":{"z":38.0}},{"type":"Feature","geometry":{"type":"Point","coordinates":[135.6857195,34.7744033]},"properties":{"z":38.0}},{"type":"Feature","geometry":{"type":"Point","coordinates":[135.6856675,34.7743893]},"properties":{"z":37.7}},{"type":"Feature","geometry":{"type":"Point","coordinates":[135.6856162,34.7743738]},"properties":{"z":37.7}},{"type":"Feature","geometry":{"type":"Point","coordinates":[135.6855663,34.7743557]},"properties":{"z":37.4}},{"type":"Feature","geometry":{"type":"Point","coordinates":[135.6855133,34.7743448]},"properties":{"z":37.1}},{"type":"Feature","geometry":{"type":"Point","coordinates":[135.6854639,34.7743262]},"properties":{"z":37.3}},{"type":"Feature","geometry":{"type":"Point","coordinates":[135.685413,34.7743099]},"properties":{"z":37.1}},{"type":"Feature","geometry":{"type":"Point","coordinates":[135.6853624,34.774293]},"properties":{"z":37.1}},{"type":"Feature","geometry":{"type":"Point","coordinates":[135.6853122,34.774275]},"properties":{"z":36.8}},{"type":"Feature","geometry":{"type":"Point","coordinates":[135.6852616,34.7742578]},"properties":{"z":36.5}},{"type":"Feature","geometry":{"type":"Point","coordinates":[135.6852117,34.7742395]},"properties":{"z":36.5}},{"type":"Feature","geometry":{"type":"Point","coordinates":[135.6851622,34.7742204]},"properties":{"z":36.3}},{"type":"Feature","geometry":{"type":"Point","coordinates":[135.6851136,34.7741997]},"properties":{"z":36.3}},{"type":"Feature","geometry":{"type":"Point","coordinates":[135.6850649,34.7741791]},"properties":{"z":36.2}},{"type":"Feature","geometry":{"type":"Point","coordinates":[135.6850162,34.7741586]},"properties":{"z":36.2}},{"type":"Feature","geometry":{"type":"Point","coordinates":[135.6849663,34.7741402]},"properties":{"z":35.9}},{"type":"Feature","geometry":{"type":"Point","coordinates":[135.6849158,34.7741229]},"properties":{"z":35.6}},{"type":"Feature","geometry":{"type":"Point","coordinates":[135.6848654,34.7741055]},"properties":{"z":35.4}},{"type":"Feature","geometry":{"type":"Point","coordinates":[135.6848149,34.7740881]},"properties":{"z":35.4}},{"type":"Feature","geometry":{"type":"Point","coordinates":[135.6847654,34.7740691]},"properties":{"z":35.4}},{"type":"Feature","geometry":{"type":"Point","coordinates":[135.6847165,34.7740488]},"properties":{"z":35.2}},{"type":"Feature","geometry":{"type":"Point","coordinates":[135.6846671,34.7740296]},"properties":{"z":35.2}},{"type":"Feature","geometry":{"type":"Point","coordinates":[135.6846169,34.7740117]},"properties":{"z":35.2}},{"type":"Feature","geometry":{"type":"Point","coordinates":[135.6845662,34.7739948]},"properties":{"z":35.0}},{"type":"Feature","geometry":{"type":"Point","coordinates":[135.6845144,34.7739803]},"properties":{"z":35.0}},{"type":"Feature","geometry":{"type":"Point","coordinates":[135.684463,34.7739649]},"properties":{"z":34.9}},{"type":"Feature","geometry":{"type":"Point","coordinates":[135.6844141,34.7739448]},"properties":{"z":34.9}},{"type":"Feature","geometry":{"type":"Point","coordinates":[135.6843652,34.7739247]},"properties":{"z":34.8}},{"type":"Feature","geometry":{"type":"Point","coordinates":[135.6843171,34.7739031]},"properties":{"z":34.7}},{"type":"Feature","geometry":{"type":"Point","coordinates":[135.6842691,34.7738815]},"properties":{"z":34.7}},{"type":"Feature","geometry":{"type":"Point","coordinates":[135.6842196,34.7738626]},"properties":{"z":34.6}},{"type":"Feature","geometry":{"type":"Point","coordinates":[135.6841693,34.7738447]},"properties":{"z":34.6}},{"type":"Feature","geometry":{"type":"Point","coordinates":[135.6841194,34.7738264]},"properties":{"z":34.5}},{"type":"Feature","geometry":{"type":"Point","coordinates":[135.6840701,34.7738068]},"properties":{"z":34.4}},{"type":"Feature","geometry":{"type":"Point","coordinates":[135.6840208,34.7737873]},"properties":{"z":34.4}},{"type":"Feature","geometry":{"type":"Point","coordinates":[135.6839719,34.7737671]},"properties":{"z":34.3}},{"type":"Feature","geometry":{"type":"Point","coordinates":[135.683923,34.7737469]},"properties":{"z":34.3}},{"type":"Feature","geometry":{"type":"Point","coordinates":[135.6838746,34.7737261]},"properties":{"z":34.1}},{"type":"Feature","geometry":{"type":"Point","coordinates":[135.6838264,34.7737048]},"properties":{"z":34.1}},{"type":"Feature","geometry":{"type":"Point","coordinates":[135.6837787,34.7736827]},"properties":{"z":34.1}},{"type":"Feature","geometry":{"type":"Point","coordinates":[135.6837321,34.7736591]},"properties":{"z":34.1}},{"type":"Feature","geometry":{"type":"Point","coordinates":[135.6836852,34.773636]},"properties":{"z":34.0}},{"type":"Feature","geometry":{"type":"Point","coordinates":[135.6836368,34.773615]},"properties":{"z":33.9}},{"type":"Feature","geometry":{"type":"Point","coordinates":[135.6835884,34.773594]},"properties":{"z":33.9}},{"type":"Feature","geometry":{"type":"Point","coordinates":[135.6835415,34.7735709]},"properties":{"z":33.7}},{"type":"Feature","geometry":{"type":"Point","coordinates":[135.6834945,34.7735478]},"properties":{"z":33.8}},{"type":"Feature","geometry":{"type":"Point","coordinates":[135.6834442,34.7735304]},"properties":{"z":33.7}},{"type":"Feature","geometry":{"type":"Point","coordinates":[135.6833932,34.773514]},"properties":{"z":33.7}},{"type":"Feature","geometry":{"type":"Point","coordinates":[135.6833414,34.7734997]},"properties":{"z":33.7}},{"type":"Feature","geometry":{"type":"Point","coordinates":[135.6832891,34.7734863]},"properties":{"z":33.7}},{"type":"Feature","geometry":{"type":"Point","coordinates":[135.6832365,34.7734742]},"properties":{"z":33.7}},{"type":"Feature","geometry":{"type":"Point","coordinates":[135.6831834,34.773463]},"properties":{"z":33.7}},{"type":"Feature","geometry":{"type":"Point","coordinates":[135.6831303,34.7734525]},"properties":{"z":33.7}},{"type":"Feature","geometry":{"type":"Point","coordinates":[135.6830769,34.7734426]},"properties":{"z":33.7}},{"type":"Feature","geometry":{"type":"Point","coordinates":[135.6830235,34.7734327]},"properties":{"z":33.7}},{"type":"Feature","geometry":{"type":"Point","coordinates":[135.6829701,34.7734229]},"properties":{"z":33.7}},{"type":"Feature","geometry":{"type":"Point","coordinates":[135.6829164,34.7734145]},"properties":{"z":33.8}},{"type":"Feature","geometry":{"type":"Point","coordinates":[135.6828621,34.773409]},"properties":{"z":33.8}},{"type":"Feature","geometry":{"type":"Point","coordinates":[135.6828076,34.773405]},"properties":{"z":33.8}},{"type":"Feature","geometry":{"type":"Point","coordinates":[135.6827529,34.7734047]},"properties":{"z":33.8}},{"type":"Feature","geometry":{"type":"Point","coordinates":[135.6826983,34.7734062]},"properties":{"z":33.8}},{"type":"Feature","geometry":{"type":"Point","coordinates":[135.6826438,34.7734108]},"properties":{"z":33.8}},{"type":"Feature","geometry":{"type":"Point","coordinates":[135.6825893,34.7734136]},"properties":{"z":33.8}},{"type":"Feature","geometry":{"type":"Point","coordinates":[135.6825346,34.7734153]},"properties":{"z":33.7}},{"type":"Feature","geometry":{"type":"Point","coordinates":[135.6824799,34.7734163]},"properties":{"z":33.6}},{"type":"Feature","geometry":{"type":"Point","coordinates":[135.6824253,34.7734182]},"properties":{"z":33.6}},{"type":"Feature","geometry":{"type":"Point","coordinates":[135.6823718,34.7734277]},"properties":{"z":33.6}},{"type":"Feature","geometry":{"type":"Point","coordinates":[135.682318,34.773436]},"properties":{"z":33.6}},{"type":"Feature","geometry":{"type":"Point","coordinates":[135.6822639,34.7734424]},"properties":{"z":33.6}},{"type":"Feature","geometry":{"type":"Point","coordinates":[135.6822094,34.7734461]},"properties":{"z":33.6}},{"type":"Feature","geometry":{"type":"Point","coordinates":[135.6821547,34.7734481]},"properties":{"z":33.6}},{"type":"Feature","geometry":{"type":"Point","coordinates":[135.6821,34.7734491]},"properties":{"z":33.6}},{"type":"Feature","geometry":{"type":"Point","coordinates":[135.6820453,34.7734503]},"properties":{"z":33.6}},{"type":"Feature","geometry":{"type":"Point","coordinates":[135.6819909,34.7734552]},"properties":{"z":33.6}},{"type":"Feature","geometry":{"type":"Point","coordinates":[135.6819367,34.7734611]},"properties":{"z":33.6}},{"type":"Feature","geometry":{"type":"Point","coordinates":[135.681883,34.7734698]},"properties":{"z":33.6}},{"type":"Feature","geometry":{"type":"Point","coordinates":[135.6818296,34.7734794]},"properties":{"z":33.6}},{"type":"Feature","geometry":{"type":"Point","coordinates":[135.6817764,34.7734901]},"properties":{"z":33.6}},{"type":"Feature","geometry":{"type":"Point","coordinates":[135.6817246,34.7735043]},"properties":{"z":33.6}},{"type":"Feature","geometry":{"type":"Point","coordinates":[135.6816739,34.7735211]},"properties":{"z":33.6}},{"type":"Feature","geometry":{"type":"Point","coordinates":[135.681625,34.7735414]},"properties":{"z":33.5}},{"type":"Feature","geometry":{"type":"Point","coordinates":[135.6815908,34.773575]},"properties":{"z":33.4}},{"type":"Feature","geometry":{"type":"Point","coordinates":[135.681561,34.7736127]},"properties":{"z":33.4}},{"type":"Feature","geometry":{"type":"Point","coordinates":[135.6815357,34.7736521]},"properties":{"z":33.4}},{"type":"Feature","geometry":{"type":"Point","coordinates":[135.681522,34.7736956]},"properties":{"z":33.4}},{"type":"Feature","geometry":{"type":"Point","coordinates":[135.6815099,34.7737394]},"properties":{"z":33.3}},{"type":"Feature","geometry":{"type":"Point","coordinates":[135.6814997,34.7737836]},"properties":{"z":33.2}},{"type":"Feature","geometry":{"type":"Point","coordinates":[135.6814892,34.7738277]},"properties":{"z":33.2}},{"type":"Feature","geometry":{"type":"Point","coordinates":[135.6814755,34.7738712]},"properties":{"z":33.1}},{"type":"Feature","geometry":{"type":"Point","coordinates":[135.6814618,34.7739148]},"properties":{"z":33.0}},{"type":"Feature","geometry":{"type":"Point","coordinates":[135.6814469,34.773958]},"properties":{"z":33.0}},{"type":"Feature","geometry":{"type":"Point","coordinates":[135.6814291,34.7740005]},"properties":{"z":32.9}},{"type":"Feature","geometry":{"type":"Point","coordinates":[135.6814113,34.774043]},"properties":{"z":32.9}},{"type":"Feature","geometry":{"type":"Point","coordinates":[135.6813945,34.7740858]},"properties":{"z":32.9}},{"type":"Feature","geometry":{"type":"Point","coordinates":[135.6813796,34.774129]},"properties":{"z":32.8}},{"type":"Feature","geometry":{"type":"Point","coordinates":[135.6813647,34.7741723]},"properties":{"z":32.8}},{"type":"Feature","geometry":{"type":"Point","coordinates":[135.6813496,34.7742155]},"properties":{"z":32.8}},{"type":"Feature","geometry":{"type":"Point","coordinates":[135.6813337,34.7742585]},"properties":{"z":32.8}},{"type":"Feature","geometry":{"type":"Point","coordinates":[135.6813179,34.7743015]},"properties":{"z":32.7}},{"type":"Feature","geometry":{"type":"Point","coordinates":[135.6813022,34.7743446]},"properties":{"z":32.5}},{"type":"Feature","geometry":{"type":"Point","coordinates":[135.6812873,34.7743878]},"properties":{"z":32.5}},{"type":"Feature","geometry":{"type":"Point","coordinates":[135.6812724,34.7744311]},"properties":{"z":32.3}},{"type":"Feature","geometry":{"type":"Point","coordinates":[135.6812554,34.7744737]},"properties":{"z":32.1}},{"type":"Feature","geometry":{"type":"Point","coordinates":[135.6812326,34.7745146]},"properties":{"z":32.0}},{"type":"Feature","geometry":{"type":"Point","coordinates":[135.6812097,34.7745554]},"properties":{"z":31.8}},{"type":"Feature","geometry":{"type":"Point","coordinates":[135.6811793,34.7745925]},"properties":{"z":31.8}},{"type":"Feature","geometry":{"type":"Point","coordinates":[135.6811463,34.7746284]},"properties":{"z":31.6}},{"type":"Feature","geometry":{"type":"Point","coordinates":[135.681115,34.7746652]},"properties":{"z":31.6}},{"type":"Feature","geometry":{"type":"Point","coordinates":[135.6810863,34.7747035]},"properties":{"z":31.4}},{"type":"Feature","geometry":{"type":"Point","coordinates":[135.6810577,34.7747418]},"properties":{"z":31.3}},{"type":"Feature","geometry":{"type":"Point","coordinates":[135.6810314,34.7747812]},"properties":{"z":31.0}},{"type":"Feature","geometry":{"type":"Point","coordinates":[135.6810051,34.7748206]},"properties":{"z":31.0}},{"type":"Feature","geometry":{"type":"Point","coordinates":[135.6809817,34.7748612]},"properties":{"z":30.8}},{"type":"Feature","geometry":{"type":"Point","coordinates":[135.6809612,34.7749029]},"properties":{"z":30.4}},{"type":"Feature","geometry":{"type":"Point","coordinates":[135.6809407,34.7749446]},"properties":{"z":30.4}},{"type":"Feature","geometry":{"type":"Point","coordinates":[135.6809116,34.7749824]},"properties":{"z":30.2}},{"type":"Feature","geometry":{"type":"Point","coordinates":[135.6808804,34.7750193]},"properties":{"z":30.1}},{"type":"Feature","geometry":{"type":"Point","coordinates":[135.6808492,34.7750563]},"properties":{"z":29.9}},{"type":"Feature","geometry":{"type":"Point","coordinates":[135.6808288,34.7750974]},"properties":{"z":29.9}},{"type":"Feature","geometry":{"type":"Point","coordinates":[135.6808142,34.7751407]},"properties":{"z":29.8}},{"type":"Feature","geometry":{"type":"Point","coordinates":[135.6808029,34.7751846]},"properties":{"z":29.8}},{"type":"Feature","geometry":{"type":"Point","coordinates":[135.680796,34.7752291]},"properties":{"z":29.8}},{"type":"Feature","geometry":{"type":"Point","coordinates":[135.6807881,34.7752736]},"properties":{"z":29.7}},{"type":"Feature","geometry":{"type":"Point","coordinates":[135.6807794,34.775318]},"properties":{"z":29.7}},{"type":"Feature","geometry":{"type":"Point","coordinates":[135.6807703,34.7753623]},"properties":{"z":29.6}},{"type":"Feature","geometry":{"type":"Point","coordinates":[135.6807654,34.775407]},"properties":{"z":29.6}},{"type":"Feature","geometry":{"type":"Point","coordinates":[135.6807634,34.775452]},"properties":{"z":29.6}},{"type":"Feature","geometry":{"type":"Point","coordinates":[135.6807593,34.7754967]},"properties":{"z":29.5}},{"type":"Feature","geometry":{"type":"Point","coordinates":[135.6807549,34.7755415]},"properties":{"z":29.4}},{"type":"Feature","geometry":{"type":"Point","coordinates":[135.6807525,34.7755864]},"properties":{"z":29.4}},{"type":"Feature","geometry":{"type":"Point","coordinates":[135.680746,34.775631]},"properties":{"z":29.4}},{"type":"Feature","geometry":{"type":"Point","coordinates":[135.6807383,34.7756755]},"properties":{"z":29.3}},{"type":"Feature","geometry":{"type":"Point","coordinates":[135.6807305,34.77572]},"properties":{"z":29.3}},{"type":"Feature","geometry":{"type":"Point","coordinates":[135.6807256,34.7757648]},"properties":{"z":29.3}},{"type":"Feature","geometry":{"type":"Point","coordinates":[135.6807223,34.7758096]},"properties":{"z":29.2}},{"type":"Feature","geometry":{"type":"Point","coordinates":[135.680721,34.7758546]},"properties":{"z":29.1}},{"type":"Feature","geometry":{"type":"Point","coordinates":[135.6807168,34.7758994]},"properties":{"z":29.0}},{"type":"Feature","geometry":{"type":"Point","coordinates":[135.6807115,34.7759441]},"properties":{"z":29.0}},{"type":"Feature","geometry":{"type":"Point","coordinates":[135.6807046,34.7759887]},"properties":{"z":29.0}},{"type":"Feature","geometry":{"type":"Point","coordinates":[135.680702,34.7760336]},"properties":{"z":28.9}},{"type":"Feature","geometry":{"type":"Point","coordinates":[135.6806983,34.7760784]},"properties":{"z":28.9}},{"type":"Feature","geometry":{"type":"Point","coordinates":[135.6806904,34.7761228]},"properties":{"z":28.8}},{"type":"Feature","geometry":{"type":"Point","coordinates":[135.6806744,34.7761658]},"properties":{"z":28.7}},{"type":"Feature","geometry":{"type":"Point","coordinates":[135.6806548,34.7762077]},"properties":{"z":28.7}},{"type":"Feature","geometry":{"type":"Point","coordinates":[135.6806336,34.7762491]},"properties":{"z":28.7}},{"type":"Feature","geometry":{"type":"Point","coordinates":[135.6806116,34.7762903]},"properties":{"z":28.7}},{"type":"Feature","geometry":{"type":"Point","coordinates":[135.6805904,34.7763317]},"properties":{"z":28.7}},{"type":"Feature","geometry":{"type":"Point","coordinates":[135.6805692,34.7763732]},"properties":{"z":28.7}},{"type":"Feature","geometry":{"type":"Point","coordinates":[135.6805472,34.7764144]},"properties":{"z":28.8}},{"type":"Feature","geometry":{"type":"Point","coordinates":[135.6805274,34.7764562]},"properties":{"z":28.8}},{"type":"Feature","geometry":{"type":"Point","coordinates":[135.6805096,34.7764987]},"properties":{"z":28.8}},{"type":"Feature","geometry":{"type":"Point","coordinates":[135.6804878,34.7765399]},"properties":{"z":28.8}},{"type":"Feature","geometry":{"type":"Point","coordinates":[135.6804656,34.776581]},"properties":{"z":28.9}},{"type":"Feature","geometry":{"type":"Point","coordinates":[135.6804432,34.7766221]},"properties":{"z":28.9}},{"type":"Feature","geometry":{"type":"Point","coordinates":[135.6804213,34.7766632]},"properties":{"z":28.8}},{"type":"Feature","geometry":{"type":"Point","coordinates":[135.6803994,34.7767044]},"properties":{"z":28.8}},{"type":"Feature","geometry":{"type":"Point","coordinates":[135.6803775,34.7767456]},"properties":{"z":28.8}},{"type":"Feature","geometry":{"type":"Point","coordinates":[135.6803558,34.7767869]},"properties":{"z":28.8}},{"type":"Feature","geometry":{"type":"Point","coordinates":[135.6803332,34.7768278]},"properties":{"z":28.8}},{"type":"Feature","geometry":{"type":"Point","coordinates":[135.6803108,34.7768689]},"properties":{"z":28.8}},{"type":"Feature","geometry":{"type":"Point","coordinates":[135.6802892,34.7769101]},"properties":{"z":28.8}},{"type":"Feature","geometry":{"type":"Point","coordinates":[135.6802688,34.7769519]},"properties":{"z":28.7}},{"type":"Feature","geometry":{"type":"Point","coordinates":[135.6802407,34.7769903]},"properties":{"z":28.7}},{"type":"Feature","geometry":{"type":"Point","coordinates":[135.6802123,34.7770288]},"properties":{"z":28.6}},{"type":"Feature","geometry":{"type":"Point","coordinates":[135.6801898,34.7770696]},"properties":{"z":28.7}},{"type":"Feature","geometry":{"type":"Point","coordinates":[135.6801711,34.7771118]},"properties":{"z":28.7}},{"type":"Feature","geometry":{"type":"Point","coordinates":[135.6801545,34.7771546]},"properties":{"z":28.6}},{"type":"Feature","geometry":{"type":"Point","coordinates":[135.6801393,34.7771978]},"properties":{"z":28.6}},{"type":"Feature","geometry":{"type":"Point","coordinates":[135.6801235,34.7772408]},"properties":{"z":28.4}},{"type":"Feature","geometry":{"type":"Point","coordinates":[135.6801048,34.7772831]},"properties":{"z":28.5}},{"type":"Feature","geometry":{"type":"Point","coordinates":[135.6800819,34.7773239]},"properties":{"z":28.4}},{"type":"Feature","geometry":{"type":"Point","coordinates":[135.6800722,34.7773675]},"properties":{"z":28.4}},{"type":"Feature","geometry":{"type":"Point","coordinates":[135.6800754,34.7774118]},"properties":{"z":28.4}},{"type":"Feature","geometry":{"type":"Point","coordinates":[135.6800875,34.7774556]},"properties":{"z":28.3}},{"type":"Feature","geometry":{"type":"Point","coordinates":[135.6800923,34.7775004]},"properties":{"z":28.3}},{"type":"Feature","geometry":{"type":"Point","coordinates":[135.680085,34.7775447]},"properties":{"z":28.2}},{"type":"Feature","geometry":{"type":"Point","coordinates":[135.6800665,34.7775863]},"properties":{"z":28.2}},{"type":"Feature","geometry":{"type":"Point","coordinates":[135.6800396,34.7776254]},"properties":{"z":28.2}},{"type":"Feature","geometry":{"type":"Point","coordinates":[135.6800155,34.7776658]},"properties":{"z":28.2}},{"type":"Feature","geometry":{"type":"Point","coordinates":[135.6799896,34.7777054]},"properties":{"z":28.2}},{"type":"Feature","geometry":{"type":"Point","coordinates":[135.6799631,34.7777447]},"properties":{"z":28.1}},{"type":"Feature","geometry":{"type":"Point","coordinates":[135.6799372,34.7777843]},"properties":{"z":28.2}},{"type":"Feature","geometry":{"type":"Point","coordinates":[135.6799114,34.777824]},"properties":{"z":28.1}},{"type":"Feature","geometry":{"type":"Point","coordinates":[135.6798857,34.7778637]},"properties":{"z":28.1}},{"type":"Feature","geometry":{"type":"Point","coordinates":[135.6798606,34.7779036]},"properties":{"z":28.2}},{"type":"Feature","geometry":{"type":"Point","coordinates":[135.6798355,34.7779435]},"properties":{"z":28.1}},{"type":"Feature","geometry":{"type":"Point","coordinates":[135.6798101,34.7779834]},"properties":{"z":28.1}},{"type":"Feature","geometry":{"type":"Point","coordinates":[135.6797845,34.7780231]},"properties":{"z":28.0}},{"type":"Feature","geometry":{"type":"Point","coordinates":[135.6797588,34.7780628]},"properties":{"z":28.1}},{"type":"Feature","geometry":{"type":"Point","coordinates":[135.6797322,34.7781021]},"properties":{"z":28.0}},{"type":"Feature","geometry":{"type":"Point","coordinates":[135.6797047,34.7781409]},"properties":{"z":28.0}},{"type":"Feature","geometry":{"type":"Point","coordinates":[135.6796757,34.778179]},"properties":{"z":28.1}},{"type":"Feature","geometry":{"type":"Point","coordinates":[135.6796494,34.7782184]},"properties":{"z":28.1}},{"type":"Feature","geometry":{"type":"Point","coordinates":[135.6796247,34.7782585]},"properties":{"z":28.1}},{"type":"Feature","geometry":{"type":"Point","coordinates":[135.6795982,34.7782978]},"properties":{"z":28.1}},{"type":"Feature","geometry":{"type":"Point","coordinates":[135.6795722,34.7783374]},"properties":{"z":28.1}},{"type":"Feature","geometry":{"type":"Point","coordinates":[135.6795485,34.7783779]},"properties":{"z":28.0}},{"type":"Feature","geometry":{"type":"Point","coordinates":[135.6795229,34.7784176]},"properties":{"z":28.0}},{"type":"Feature","geometry":{"type":"Point","coordinates":[135.6794955,34.7784565]},"properties":{"z":28.1}},{"type":"Feature","geometry":{"type":"Point","coordinates":[135.6794716,34.7784969]},"properties":{"z":28.0}},{"type":"Feature","geometry":{"type":"Point","coordinates":[135.6794474,34.7785372]},"properties":{"z":28.0}},{"type":"Feature","geometry":{"type":"Point","coordinates":[135.6794224,34.7785772]},"properties":{"z":28.0}},{"type":"Feature","geometry":{"type":"Point","coordinates":[135.6793963,34.7786167]},"properties":{"z":28.0}},{"type":"Feature","geometry":{"type":"Point","coordinates":[135.6793713,34.7786567]},"properties":{"z":28.0}},{"type":"Feature","geometry":{"type":"Point","coordinates":[135.6793446,34.7786956]},"properties":{"z":28.1}},{"type":"Feature","geometry":{"type":"Point","coordinates":[135.6793065,34.7787278]},"properties":{"z":28.0}},{"type":"Feature","geometry":{"type":"Point","coordinates":[135.679272,34.7787627]},"properties":{"z":28.0}},{"type":"Feature","geometry":{"type":"Point","coordinates":[135.6792468,34.7788024]},"properties":{"z":28.0}},{"type":"Feature","geometry":{"type":"Point","coordinates":[135.6792183,34.7788407]},"properties":{"z":28.0}},{"type":"Feature","geometry":{"type":"Point","coordinates":[135.6791923,34.7788802]},"properties":{"z":27.9}},{"type":"Feature","geometry":{"type":"Point","coordinates":[135.6791667,34.7789199]},"properties":{"z":27.9}},{"type":"Feature","geometry":{"type":"Point","coordinates":[135.6791398,34.778959]},"properties":{"z":27.9}},{"type":"Feature","geometry":{"type":"Point","coordinates":[135.6791118,34.7789976]},"properties":{"z":27.9}},{"type":"Feature","geometry":{"type":"Point","coordinates":[135.6790799,34.7790341]},"properties":{"z":28.0}},{"type":"Feature","geometry":{"type":"Point","coordinates":[135.6790485,34.7790709]},"properties":{"z":28.0}},{"type":"Feature","geometry":{"type":"Point","coordinates":[135.6790188,34.7791087]},"properties":{"z":28.0}},{"type":"Feature","geometry":{"type":"Point","coordinates":[135.6789948,34.7791491]},"properties":{"z":28.0}},{"type":"Feature","geometry":{"type":"Point","coordinates":[135.6789686,34.7791884]},"properties":{"z":28.0}},{"type":"Feature","geometry":{"type":"Point","coordinates":[135.6789393,34.7792264]},"properties":{"z":27.9}},{"type":"Feature","geometry":{"type":"Point","coordinates":[135.6789089,34.7792638]},"properties":{"z":27.9}},{"type":"Feature","geometry":{"type":"Point","coordinates":[135.6788788,34.7793013]},"properties":{"z":27.9}},{"type":"Feature","geometry":{"type":"Point","coordinates":[135.6788543,34.7793415]},"properties":{"z":27.8}},{"type":"Feature","geometry":{"type":"Point","coordinates":[135.6788309,34.7793821]},"properties":{"z":27.8}},{"type":"Feature","geometry":{"type":"Point","coordinates":[135.678808,34.779423]},"properties":{"z":27.7}},{"type":"Feature","geometry":{"type":"Point","coordinates":[135.6787852,34.7794638]},"properties":{"z":27.7}},{"type":"Feature","geometry":{"type":"Point","coordinates":[135.6787555,34.7795014]},"properties":{"z":27.7}},{"type":"Feature","geometry":{"type":"Point","coordinates":[135.6787235,34.7795378]},"properties":{"z":27.6}},{"type":"Feature","geometry":{"type":"Point","coordinates":[135.6786912,34.7795742]},"properties":{"z":27.5}},{"type":"Feature","geometry":{"type":"Point","coordinates":[135.678658,34.7796099]},"properties":{"z":27.4}},{"type":"Feature","geometry":{"type":"Point","coordinates":[135.6786283,34.7796476]},"properties":{"z":27.4}},{"type":"Feature","geometry":{"type":"Point","coordinates":[135.6786013,34.7796866]},"properties":{"z":27.4}},{"type":"Feature","geometry":{"type":"Point","coordinates":[135.6785835,34.7797291]},"properties":{"z":27.3}},{"type":"Feature","geometry":{"type":"Point","coordinates":[135.6785621,34.7797703]},"properties":{"z":27.2}},{"type":"Feature","geometry":{"type":"Point","coordinates":[135.6785363,34.77981]},"properties":{"z":27.2}},{"type":"Feature","geometry":{"type":"Point","coordinates":[135.6785088,34.7798488]},"properties":{"z":27.1}},{"type":"Feature","geometry":{"type":"Point","coordinates":[135.6784869,34.7798895]},"properties":{"z":27.0}},{"type":"Feature","geometry":{"type":"Point","coordinates":[135.6784733,34.7799331]},"properties":{"z":26.9}},{"type":"Feature","geometry":{"type":"Point","coordinates":[135.6784568,34.7799759]},"properties":{"z":26.8}},{"type":"Feature","geometry":{"type":"Point","coordinates":[135.6784393,34.7800185]},"properties":{"z":26.8}},{"type":"Feature","geometry":{"type":"Point","coordinates":[135.6784149,34.7800587]},"properties":{"z":26.7}},{"type":"Feature","geometry":{"type":"Point","coordinates":[135.6783903,34.7800989]},"properties":{"z":26.7}},{"type":"Feature","geometry":{"type":"Point","coordinates":[135.6783655,34.780139]},"properties":{"z":26.6}},{"type":"Feature","geometry":{"type":"Point","coordinates":[135.6783342,34.7801757]},"properties":{"z":26.6}},{"type":"Feature","geometry":{"type":"Point","coordinates":[135.6783012,34.7802115]},"properties":{"z":26.5}},{"type":"Feature","geometry":{"type":"Point","coordinates":[135.6782687,34.7802477]},"properties":{"z":26.5}},{"type":"Feature","geometry":{"type":"Point","coordinates":[135.6782408,34.7802864]},"properties":{"z":26.4}},{"type":"Feature","geometry":{"type":"Point","coordinates":[135.6782112,34.7803242]},"properties":{"z":26.2}},{"type":"Feature","geometry":{"type":"Point","coordinates":[135.6781802,34.7803612]},"properties":{"z":26.2}},{"type":"Feature","geometry":{"type":"Point","coordinates":[135.6781485,34.7803978]},"properties":{"z":26.1}},{"type":"Feature","geometry":{"type":"Point","coordinates":[135.6781195,34.7804359]},"properties":{"z":26.0}},{"type":"Feature","geometry":{"type":"Point","coordinates":[135.6780917,34.7804746]},"properties":{"z":25.9}},{"type":"Feature","geometry":{"type":"Point","coordinates":[135.6780648,34.7805138]},"properties":{"z":25.9}},{"type":"Feature","geometry":{"type":"Point","coordinates":[135.6780363,34.7805521]},"properties":{"z":25.8}},{"type":"Feature","geometry":{"type":"Point","coordinates":[135.6780076,34.7805903]},"properties":{"z":25.8}},{"type":"Feature","geometry":{"type":"Point","coordinates":[135.6779848,34.7806312]},"properties":{"z":25.7}},{"type":"Feature","geometry":{"type":"Point","coordinates":[135.6779613,34.7806718]},"properties":{"z":25.7}},{"type":"Feature","geometry":{"type":"Point","coordinates":[135.677937,34.7807121]},"properties":{"z":25.6}},{"type":"Feature","geometry":{"type":"Point","coordinates":[135.6779083,34.7807504]},"properties":{"z":25.5}},{"type":"Feature","geometry":{"type":"Point","coordinates":[135.6778786,34.7807881]},"properties":{"z":25.4}},{"type":"Feature","geometry":{"type":"Point","coordinates":[135.6778475,34.7808251]},"properties":{"z":25.4}},{"type":"Feature","geometry":{"type":"Point","coordinates":[135.6778203,34.780864]},"properties":{"z":25.4}},{"type":"Feature","geometry":{"type":"Point","coordinates":[135.6777939,34.7809034]},"properties":{"z":25.3}},{"type":"Feature","geometry":{"type":"Point","coordinates":[135.6777662,34.7809422]},"properties":{"z":25.3}},{"type":"Feature","geometry":{"type":"Point","coordinates":[135.6777406,34.7809819]},"properties":{"z":25.3}},{"type":"Feature","geometry":{"type":"Point","coordinates":[135.6777165,34.7810222]},"properties":{"z":25.2}},{"type":"Feature","geometry":{"type":"Point","coordinates":[135.6776932,34.7810629]},"properties":{"z":25.2}},{"type":"Feature","geometry":{"type":"Point","coordinates":[135.6776703,34.7811037]},"properties":{"z":25.1}},{"type":"Feature","geometry":{"type":"Point","coordinates":[135.6776476,34.7811447]},"properties":{"z":25.1}},{"type":"Feature","geometry":{"type":"Point","coordinates":[135.6776235,34.781185]},"properties":{"z":25.0}},{"type":"Feature","geometry":{"type":"Point","coordinates":[135.6775983,34.7812249]},"properties":{"z":25.0}},{"type":"Feature","geometry":{"type":"Point","coordinates":[135.67757,34.7812633]},"properties":{"z":24.9}},{"type":"Feature","geometry":{"type":"Point","coordinates":[135.6775412,34.7813016]},"properties":{"z":24.9}},{"type":"Feature","geometry":{"type":"Point","coordinates":[135.6775128,34.78134]},"properties":{"z":24.9}},{"type":"Feature","geometry":{"type":"Point","coordinates":[135.6774891,34.7813805]},"properties":{"z":24.9}},{"type":"Feature","geometry":{"type":"Point","coordinates":[135.6774628,34.7814199]},"properties":{"z":24.9}},{"type":"Feature","geometry":{"type":"Point","coordinates":[135.6774352,34.7814587]},"properties":{"z":24.9}},{"type":"Feature","geometry":{"type":"Point","coordinates":[135.6774101,34.7814986]},"properties":{"z":24.9}},{"type":"Feature","geometry":{"type":"Point","coordinates":[135.6773856,34.7815388]},"properties":{"z":24.9}},{"type":"Feature","geometry":{"type":"Point","coordinates":[135.6773585,34.7815778]},"properties":{"z":24.9}},{"type":"Feature","geometry":{"type":"Point","coordinates":[135.6773311,34.7816166]},"properties":{"z":24.9}},{"type":"Feature","geometry":{"type":"Point","coordinates":[135.6773093,34.7816578]},"properties":{"z":24.9}},{"type":"Feature","geometry":{"type":"Point","coordinates":[135.6772862,34.7816986]},"properties":{"z":24.9}},{"type":"Feature","geometry":{"type":"Point","coordinates":[135.677265,34.78174]},"properties":{"z":24.9}},{"type":"Feature","geometry":{"type":"Point","coordinates":[135.6772422,34.7817809]},"properties":{"z":24.9}},{"type":"Feature","geometry":{"type":"Point","coordinates":[135.6772164,34.7818205]},"properties":{"z":24.9}},{"type":"Feature","geometry":{"type":"Point","coordinates":[135.6771889,34.7818593]},"properties":{"z":24.9}},{"type":"Feature","geometry":{"type":"Point","coordinates":[135.6771607,34.7818979]},"properties":{"z":24.9}},{"type":"Feature","geometry":{"type":"Point","coordinates":[135.6771312,34.7819356]},"properties":{"z":24.9}},{"type":"Feature","geometry":{"type":"Point","coordinates":[135.6770855,34.7819603]},"properties":{"z":24.9}},{"type":"Feature","geometry":{"type":"Point","coordinates":[135.6770342,34.7819714]},"properties":{"z":24.9}},{"type":"Feature","geometry":{"type":"Point","coordinates":[135.6769796,34.781974]},"properties":{"z":24.9}},{"type":"Feature","geometry":{"type":"Point","coordinates":[135.6769257,34.7819662]},"properties":{"z":24.9}},{"type":"Feature","geometry":{"type":"Point","coordinates":[135.6768721,34.7819573]},"properties":{"z":24.9}},{"type":"Feature","geometry":{"type":"Point","coordinates":[135.6768193,34.7819454]},"properties":{"z":24.9}},{"type":"Feature","geometry":{"type":"Point","coordinates":[135.6767666,34.7819332]},"properties":{"z":24.9}},{"type":"Feature","geometry":{"type":"Point","coordinates":[135.676714,34.7819208]},"properties":{"z":24.9}},{"type":"Feature","geometry":{"type":"Point","coordinates":[135.6766616,34.781908]},"properties":{"z":24.9}},{"type":"Feature","geometry":{"type":"Point","coordinates":[135.6766092,34.7818951]},"properties":{"z":24.9}},{"type":"Feature","geometry":{"type":"Point","coordinates":[135.6765564,34.781883]},"properties":{"z":24.9}},{"type":"Feature","geometry":{"type":"Point","coordinates":[135.6765047,34.7818684]},"properties":{"z":24.9}},{"type":"Feature","geometry":{"type":"Point","coordinates":[135.6764539,34.7818517]},"properties":{"z":24.9}},{"type":"Feature","geometry":{"type":"Point","coordinates":[135.6764041,34.7818331]},"properties":{"z":24.9}},{"type":"Feature","geometry":{"type":"Point","coordinates":[135.6763535,34.7818162]},"properties":{"z":24.9}},{"type":"Feature","geometry":{"type":"Point","coordinates":[135.6763011,34.7818035]},"properties":{"z":24.9}},{"type":"Feature","geometry":{"type":"Point","coordinates":[135.6762479,34.7817928]},"properties":{"z":24.9}},{"type":"Feature","geometry":{"type":"Point","coordinates":[135.6761954,34.7817802]},"properties":{"z":24.9}},{"type":"Feature","geometry":{"type":"Point","coordinates":[135.6761442,34.7817643]},"properties":{"z":25.0}},{"type":"Feature","geometry":{"type":"Point","coordinates":[135.6760937,34.781747]},"properties":{"z":25.0}},{"type":"Feature","geometry":{"type":"Point","coordinates":[135.6760421,34.7817322]},"properties":{"z":25.1}},{"type":"Feature","geometry":{"type":"Point","coordinates":[135.6759911,34.7817162]},"properties":{"z":25.3}},{"type":"Feature","geometry":{"type":"Point","coordinates":[135.6759395,34.7817014]},"properties":{"z":25.3}},{"type":"Feature","geometry":{"type":"Point","coordinates":[135.6758878,34.7816869]},"properties":{"z":25.4}},{"type":"Feature","geometry":{"type":"Point","coordinates":[135.6758372,34.7816699]},"properties":{"z":25.4}},{"type":"Feature","geometry":{"type":"Point","coordinates":[135.6757861,34.7816538]},"properties":{"z":25.5}},{"type":"Feature","geometry":{"type":"Point","coordinates":[135.6757341,34.7816398]},"properties":{"z":25.6}},{"type":"Feature","geometry":{"type":"Point","coordinates":[135.6756804,34.7816314]},"properties":{"z":25.6}},{"type":"Feature","geometry":{"type":"Point","coordinates":[135.6756262,34.7816252]},"properties":{"z":25.7}},{"type":"Feature","geometry":{"type":"Point","coordinates":[135.6755717,34.7816209]},"properties":{"z":25.8}},{"type":"Feature","geometry":{"type":"Point","coordinates":[135.6755171,34.7816177]},"properties":{"z":25.8}},{"type":"Feature","geometry":{"type":"Point","coordinates":[135.6754625,34.7816146]},"properties":{"z":25.9}},{"type":"Feature","geometry":{"type":"Point","coordinates":[135.6754078,34.7816127]},"properties":{"z":25.9}},{"type":"Feature","geometry":{"type":"Point","coordinates":[135.6753546,34.7816042]},"properties":{"z":25.9}},{"type":"Feature","geometry":{"type":"Point","coordinates":[135.6753024,34.7815906]},"properties":{"z":26.1}},{"type":"Feature","geometry":{"type":"Point","coordinates":[135.6752505,34.7815763]},"properties":{"z":26.1}},{"type":"Feature","geometry":{"type":"Point","coordinates":[135.6751992,34.7815606]},"properties":{"z":26.1}},{"type":"Feature","geometry":{"type":"Point","coordinates":[135.6751486,34.7815436]},"properties":{"z":26.1}},{"type":"Feature","geometry":{"type":"Point","coordinates":[135.6750986,34.7815253]},"properties":{"z":26.1}},{"type":"Feature","geometry":{"type":"Point","coordinates":[135.6750463,34.7815122]},"properties":{"z":26.2}},{"type":"Feature","geometry":{"type":"Point","coordinates":[135.6749935,34.7815003]},"properties":{"z":26.2}},{"type":"Feature","geometry":{"type":"Point","coordinates":[135.6749414,34.7814866]},"properties":{"z":26.2}},{"type":"Feature","geometry":{"type":"Point","coordinates":[135.67489,34.7814711]},"properties":{"z":26.2}},{"type":"Feature","geometry":{"type":"Point","coordinates":[135.6748388,34.7814552]},"properties":{"z":26.3}},{"type":"Feature","geometry":{"type":"Point","coordinates":[135.6747876,34.7814394]},"properties":{"z":26.4}},{"type":"Feature","geometry":{"type":"Point","coordinates":[135.6747366,34.7814229]},"properties":{"z":26.4}},{"type":"Feature","geometry":{"type":"Point","coordinates":[135.6746865,34.7814049]},"properties":{"z":26.5}},{"type":"Feature","geometry":{"type":"Point","coordinates":[135.6746385,34.7813836]},"properties":{"z":26.5}},{"type":"Feature","geometry":{"type":"Point","coordinates":[135.674592,34.7813598]},"properties":{"z":26.6}},{"type":"Feature","geometry":{"type":"Point","coordinates":[135.6745446,34.7813374]},"properties":{"z":26.6}},{"type":"Feature","geometry":{"type":"Point","coordinates":[135.6744952,34.7813181]},"properties":{"z":26.6}},{"type":"Feature","geometry":{"type":"Point","coordinates":[135.6744441,34.781302]},"properties":{"z":26.8}},{"type":"Feature","geometry":{"type":"Point","coordinates":[135.6743936,34.7812848]},"properties":{"z":26.8}},{"type":"Feature","geometry":{"type":"Point","coordinates":[135.6743433,34.781267]},"properties":{"z":26.8}},{"type":"Feature","geometry":{"type":"Point","coordinates":[135.6742917,34.7812521]},"properties":{"z":26.8}},{"type":"Feature","geometry":{"type":"Point","coordinates":[135.6742397,34.7812381]},"properties":{"z":26.9}},{"type":"Feature","geometry":{"type":"Point","coordinates":[135.6741869,34.7812262]},"properties":{"z":27.0}},{"type":"Feature","geometry":{"type":"Point","coordinates":[135.6741348,34.7812125]},"properties":{"z":27.0}},{"type":"Feature","geometry":{"type":"Point","coordinates":[135.6740825,34.7811994]},"properties":{"z":27.0}},{"type":"Feature","geometry":{"type":"Point","coordinates":[135.6740292,34.7811893]},"properties":{"z":27.0}},{"type":"Feature","geometry":{"type":"Point","coordinates":[135.6739752,34.7811826]},"properties":{"z":27.1}},{"type":"Feature","geometry":{"type":"Point","coordinates":[135.6739223,34.7811711]},"properties":{"z":27.1}},{"type":"Feature","geometry":{"type":"Point","coordinates":[135.6738697,34.7811587]},"properties":{"z":27.2}},{"type":"Feature","geometry":{"type":"Point","coordinates":[135.6738178,34.7811444]},"properties":{"z":27.3}},{"type":"Feature","geometry":{"type":"Point","coordinates":[135.6737657,34.7811305]},"properties":{"z":27.3}},{"type":"Feature","geometry":{"type":"Point","coordinates":[135.6737144,34.7811149]},"properties":{"z":27.3}},{"type":"Feature","geometry":{"type":"Point","coordinates":[135.673665,34.7810955]},"properties":{"z":27.4}},{"type":"Feature","geometry":{"type":"Point","coordinates":[135.6736152,34.7810769]},"properties":{"z":27.4}},{"type":"Feature","geometry":{"type":"Point","coordinates":[135.6735664,34.7810566]},"properties":{"z":27.4}},{"type":"Feature","geometry":{"type":"Point","coordinates":[135.6735197,34.7810333]},"properties":{"z":27.4}},{"type":"Feature","geometry":{"type":"Point","coordinates":[135.6734695,34.7810159]},"properties":{"z":27.6}},{"type":"Feature","geometry":{"type":"Point","coordinates":[135.6734324,34.7809903]},"properties":{"z":27.6}},{"type":"Feature","geometry":{"type":"Point","coordinates":[135.6733958,34.7809846]},"properties":{"z":27.6}},{"type":"Feature","geometry":{"type":"Point","coordinates":[135.6733449,34.7809685]},"properties":{"z":27.6}},{"type":"Feature","geometry":{"type":"Point","coordinates":[135.6732957,34.7809488]},"properties":{"z":27.8}},{"type":"Feature","geometry":{"type":"Point","coordinates":[135.6732462,34.7809296]},"properties":{"z":27.8}},{"type":"Feature","geometry":{"type":"Point","coordinates":[135.6731963,34.7809111]},"properties":{"z":27.8}},{"type":"Feature","geometry":{"type":"Point","coordinates":[135.6731462,34.7808932]},"properties":{"z":27.7}},{"type":"Feature","geometry":{"type":"Point","coordinates":[135.6730962,34.7808749]},"properties":{"z":27.9}},{"type":"Feature","geometry":{"type":"Point","coordinates":[135.6730473,34.7808546]},"properties":{"z":27.9}},{"type":"Feature","geometry":{"type":"Point","coordinates":[135.6729989,34.7808336]},"properties":{"z":27.9}},{"type":"Feature","geometry":{"type":"Point","coordinates":[135.6729502,34.7808131]},"properties":{"z":28.1}},{"type":"Feature","geometry":{"type":"Point","coordinates":[135.6729018,34.7807922]},"properties":{"z":28.1}},{"type":"Feature","geometry":{"type":"Point","coordinates":[135.6728549,34.7807691]},"properties":{"z":28.1}},{"type":"Feature","geometry":{"type":"Point","coordinates":[135.6728065,34.7807482]},"properties":{"z":28.0}},{"type":"Feature","geometry":{"type":"Point","coordinates":[135.6727574,34.7807283]},"properties":{"z":28.2}},{"type":"Feature","geometry":{"type":"Point","coordinates":[135.6727082,34.7807086]},"properties":{"z":28.2}},{"type":"Feature","geometry":{"type":"Point","coordinates":[135.67266,34.7806874]},"properties":{"z":28.2}},{"type":"Feature","geometry":{"type":"Point","coordinates":[135.6726137,34.7806634]},"properties":{"z":28.4}},{"type":"Feature","geometry":{"type":"Point","coordinates":[135.6725689,34.7806377]},"properties":{"z":28.5}},{"type":"Feature","geometry":{"type":"Point","coordinates":[135.672526,34.7806099]},"properties":{"z":28.5}},{"type":"Feature","geometry":{"type":"Point","coordinates":[135.6724821,34.780583]},"properties":{"z":28.8}},{"type":"Feature","geometry":{"type":"Point","coordinates":[135.672437,34.7805576]},"properties":{"z":28.8}},{"type":"Feature","geometry":{"type":"Point","coordinates":[135.6723924,34.7805315]},"properties":{"z":29.0}},{"type":"Feature","geometry":{"type":"Point","coordinates":[135.672349,34.7805041]},"properties":{"z":29.0}},{"type":"Feature","geometry":{"type":"Point","coordinates":[135.6723053,34.7804771]},"properties":{"z":29.1}},{"type":"Feature","geometry":{"type":"Point","coordinates":[135.6722601,34.7804517]},"properties":{"z":29.1}},{"type":"Feature","geometry":{"type":"Point","coordinates":[135.672215,34.7804263]},"properties":{"z":29.2}},{"type":"Feature","geometry":{"type":"Point","coordinates":[135.6721674,34.7804041]},"properties":{"z":29.2}},{"type":"Feature","geometry":{"type":"Point","coordinates":[135.6721198,34.7803818]},"properties":{"z":29.3}},{"type":"Feature","geometry":{"type":"Point","coordinates":[135.6720724,34.7803595]},"properties":{"z":29.3}},{"type":"Feature","geometry":{"type":"Point","coordinates":[135.6720249,34.7803371]},"properties":{"z":29.4}},{"type":"Feature","geometry":{"type":"Point","coordinates":[135.6719772,34.780315]},"properties":{"z":29.4}},{"type":"Feature","geometry":{"type":"Point","coordinates":[135.6719295,34.780293]},"properties":{"z":29.5}},{"type":"Feature","geometry":{"type":"Point","coordinates":[135.6718815,34.7802714]},"properties":{"z":29.6}},{"type":"Feature","geometry":{"type":"Point","coordinates":[135.6718331,34.7802504]},"properties":{"z":29.6}},{"type":"Feature","geometry":{"type":"Point","coordinates":[135.6717844,34.7802299]},"properties":{"z":29.7}},{"type":"Feature","geometry":{"type":"Point","coordinates":[135.6717359,34.7802092]},"properties":{"z":29.7}},{"type":"Feature","geometry":{"type":"Point","coordinates":[135.6716874,34.7801884]},"properties":{"z":29.8}},{"type":"Feature","geometry":{"type":"Point","coordinates":[135.6716388,34.7801676]},"properties":{"z":29.8}},{"type":"Feature","geometry":{"type":"Point","coordinates":[135.6715898,34.7801476]},"properties":{"z":29.9}},{"type":"Feature","geometry":{"type":"Point","coordinates":[135.6715439,34.7801237]},"properties":{"z":29.9}},{"type":"Feature","geometry":{"type":"Point","coordinates":[135.6715025,34.7800943]},"properties":{"z":30.0}},{"type":"Feature","geometry":{"type":"Point","coordinates":[135.6714623,34.7800639]},"properties":{"z":30.0}},{"type":"Feature","geometry":{"type":"Point","coordinates":[135.6714172,34.7800386]},"properties":{"z":30.0}},{"type":"Feature","geometry":{"type":"Point","coordinates":[135.6713715,34.7800138]},"properties":{"z":30.0}},{"type":"Feature","geometry":{"type":"Point","coordinates":[135.6713269,34.7799878]},"properties":{"z":30.0}},{"type":"Feature","geometry":{"type":"Point","coordinates":[135.6712806,34.7799639]},"properties":{"z":30.0}},{"type":"Feature","geometry":{"type":"Point","coordinates":[135.6712336,34.7799409]},"properties":{"z":30.0}},{"type":"Feature","geometry":{"type":"Point","coordinates":[135.6711792,34.7799418]},"properties":{"z":29.8}},{"type":"Feature","geometry":{"type":"Point","coordinates":[135.6711245,34.7799441]},"properties":{"z":29.8}},{"type":"Feature","geometry":{"type":"Point","coordinates":[135.6710701,34.779949]},"properties":{"z":29.3}},{"type":"Feature","geometry":{"type":"Point","coordinates":[135.6710171,34.7799469]},"properties":{"z":28.8}},{"type":"Feature","geometry":{"type":"Point","coordinates":[135.6709673,34.7799283]},"properties":{"z":28.8}},{"type":"Feature","geometry":{"type":"Point","coordinates":[135.6709218,34.7799041]},"properties":{"z":28.4}},{"type":"Feature","geometry":{"type":"Point","coordinates":[135.6708805,34.7798746]},"properties":{"z":28.5}},{"type":"Feature","geometry":{"type":"Point","coordinates":[135.6708524,34.7798361]},"properties":{"z":27.9}},{"type":"Feature","geometry":{"type":"Point","coordinates":[135.6708344,34.779794]},"properties":{"z":28.0}},{"type":"Feature","geometry":{"type":"Point","coordinates":[135.6708165,34.7797518]},"properties":{"z":28.2}},{"type":"Feature","geometry":{"type":"Point","coordinates":[135.6707906,34.7797122]},"properties":{"z":28.2}},{"type":"Feature","geometry":{"type":"Point","coordinates":[135.6707495,34.7796832]},"properties":{"z":27.8}},{"type":"Feature","geometry":{"type":"Point","coordinates":[135.6707064,34.7796556]},"properties":{"z":27.8}},{"type":"Feature","geometry":{"type":"Point","coordinates":[135.6706639,34.7796273]},"properties":{"z":27.2}},{"type":"Feature","geometry":{"type":"Point","coordinates":[135.6706255,34.7795952]},"properties":{"z":27.3}},{"type":"Feature","geometry":{"type":"Point","coordinates":[135.670585,34.779565]},"properties":{"z":26.7}},{"type":"Feature","geometry":{"type":"Point","coordinates":[135.6705432,34.779536]},"properties":{"z":26.7}},{"type":"Feature","geometry":{"type":"Point","coordinates":[135.6705008,34.7795077]},"properties":{"z":26.2}},{"type":"Feature","geometry":{"type":"Point","coordinates":[135.6704548,34.7794835]},"properties":{"z":26.2}},{"type":"Feature","geometry":{"type":"Point","coordinates":[135.6704059,34.7794641]},"properties":{"z":25.5}},{"type":"Feature","geometry":{"type":"Point","coordinates":[135.6703525,34.7794543]},"properties":{"z":25.5}},{"type":"Feature","geometry":{"type":"Point","coordinates":[135.6702984,34.7794479]},"properties":{"z":25.1}},{"type":"Feature","geometry":{"type":"Point","coordinates":[135.6702439,34.7794433]},"properties":{"z":25.2}},{"type":"Feature","geometry":{"type":"Point","coordinates":[135.6701904,34.7794344]},"properties":{"z":25.2}},{"type":"Feature","geometry":{"type":"Point","coordinates":[135.6701371,34.7794243]},"properties":{"z":25.5}},{"type":"Feature","geometry":{"type":"Point","coordinates":[135.6700902,34.7794032]},"properties":{"z":25.5}},{"type":"Feature","geometry":{"type":"Point","coordinates":[135.6700474,34.7793752]},"properties":{"z":25.8}},{"type":"Feature","geometry":{"type":"Point","coordinates":[135.6700055,34.7793463]},"properties":{"z":25.8}},{"type":"Feature","geometry":{"type":"Point","coordinates":[135.6699661,34.7793151]},"properties":{"z":26.2}},{"type":"Feature","geometry":{"type":"Point","coordinates":[135.6699266,34.779284]},"properties":{"z":26.2}},{"type":"Feature","geometry":{"type":"Point","coordinates":[135.6698855,34.7792544]},"properties":{"z":26.5}},{"type":"Feature","geometry":{"type":"Point","coordinates":[135.6698437,34.7792253]},"properties":{"z":26.5}},{"type":"Feature","geometry":{"type":"Point","coordinates":[135.6698019,34.7791963]},"properties":{"z":26.8}},{"type":"Feature","geometry":{"type":"Point","coordinates":[135.6697583,34.7791691]},"properties":{"z":26.6}},{"type":"Feature","geometry":{"type":"Point","coordinates":[135.6697146,34.7791421]},"properties":{"z":26.8}},{"type":"Feature","geometry":{"type":"Point","coordinates":[135.6696709,34.779115]},"properties":{"z":26.6}},{"type":"Feature","geometry":{"type":"Point","coordinates":[135.6696278,34.7790873]},"properties":{"z":26.7}},{"type":"Feature","geometry":{"type":"Point","coordinates":[135.6695848,34.7790596]},"properties":{"z":26.7}},{"type":"Feature","geometry":{"type":"Point","coordinates":[135.6695417,34.7790318]},"properties":{"z":26.5}},{"type":"Feature","geometry":{"type":"Point","coordinates":[135.6694996,34.7790031]},"properties":{"z":26.5}},{"type":"Feature","geometry":{"type":"Point","coordinates":[135.6694576,34.7789742]},"properties":{"z":26.4}},{"type":"Feature","geometry":{"type":"Point","coordinates":[135.6694157,34.7789453]},"properties":{"z":26.4}},{"type":"Feature","geometry":{"type":"Point","coordinates":[135.6693776,34.7789132]},"properties":{"z":26.3}},{"type":"Feature","geometry":{"type":"Point","coordinates":[135.6693402,34.7788803]},"properties":{"z":26.3}},{"type":"Feature","geometry":{"type":"Point","coordinates":[135.6693033,34.7788471]},"properties":{"z":26.5}},{"type":"Feature","geometry":{"type":"Point","coordinates":[135.6692682,34.7788127]},"properties":{"z":26.5}},{"type":"Feature","geometry":{"type":"Point","coordinates":[135.669233,34.7787783]},"properties":{"z":26.5}},{"type":"Feature","geometry":{"type":"Point","coordinates":[135.6692002,34.7787422]},"properties":{"z":27.0}},{"type":"Feature","geometry":{"type":"Point","coordinates":[135.6691673,34.7787064]},"properties":{"z":27.0}},{"type":"Feature","geometry":{"type":"Point","coordinates":[135.6691312,34.7786726]},"properties":{"z":27.5}},{"type":"Feature","geometry":{"type":"Point","coordinates":[135.6690932,34.7786402]},"properties":{"z":27.5}},{"type":"Feature","geometry":{"type":"Point","coordinates":[135.6690533,34.7786095]},"properties":{"z":27.8}},{"type":"Feature","geometry":{"type":"Point","coordinates":[135.6690144,34.7785779]},"properties":{"z":27.9}},{"type":"Feature","geometry":{"type":"Point","coordinates":[135.668976,34.7785459]},"properties":{"z":28.2}},{"type":"Feature","geometry":{"type":"Point","coordinates":[135.6689383,34.7785133]},"properties":{"z":28.4}},{"type":"Feature","geometry":{"type":"Point","coordinates":[135.6689016,34.77848]},"properties":{"z":28.7}},{"type":"Feature","geometry":{"type":"Point","coordinates":[135.6688641,34.7784472]},"properties":{"z":28.9}},{"type":"Feature","geometry":{"type":"Point","coordinates":[135.6688263,34.7784147]},"properties":{"z":29.2}},{"type":"Feature","geometry":{"type":"Point","coordinates":[135.6687886,34.7783821]},"properties":{"z":29.4}},{"type":"Feature","geometry":{"type":"Point","coordinates":[135.6687522,34.7783486]},"properties":{"z":29.7}},{"type":"Feature","geometry":{"type":"Point","coordinates":[135.6687149,34.7783156]},"properties":{"z":29.7}},{"type":"Feature","geometry":{"type":"Point","coordinates":[135.6686751,34.7782848]},"properties":{"z":29.8}},{"type":"Feature","geometry":{"type":"Point","coordinates":[135.6686344,34.7782548]},"properties":{"z":30.0}},{"type":"Feature","geometry":{"type":"Point","coordinates":[135.6685926,34.7782258]},"properties":{"z":30.0}},{"type":"Feature","geometry":{"type":"Point","coordinates":[135.6685503,34.7781973]},"properties":{"z":30.1}},{"type":"Feature","geometry":{"type":"Point","coordinates":[135.6685096,34.7781672]},"properties":{"z":30.2}},{"type":"Feature","geometry":{"type":"Point","coordinates":[135.6684701,34.7781361]},"properties":{"z":30.2}},{"type":"Feature","geometry":{"type":"Point","coordinates":[135.6684296,34.7781059]},"properties":{"z":30.3}},{"type":"Feature","geometry":{"type":"Point","coordinates":[135.6683885,34.7780763]},"properties":{"z":30.3}},{"type":"Feature","geometry":{"type":"Point","coordinates":[135.6683472,34.7780467]},"properties":{"z":30.3}},{"type":"Feature","geometry":{"type":"Point","coordinates":[135.668305,34.7780181]},"properties":{"z":30.3}},{"type":"Feature","geometry":{"type":"Point","coordinates":[135.6682621,34.7779903]},"properties":{"z":30.4}},{"type":"Feature","geometry":{"type":"Point","coordinates":[135.6682177,34.7779639]},"properties":{"z":30.4}},{"type":"Feature","geometry":{"type":"Point","coordinates":[135.6681746,34.7779363]},"properties":{"z":30.4}},{"type":"Feature","geometry":{"type":"Point","coordinates":[135.668133,34.7779071]},"properties":{"z":30.3}},{"type":"Feature","geometry":{"type":"Point","coordinates":[135.6680937,34.7778758]},"properties":{"z":30.4}},{"type":"Feature","geometry":{"type":"Point","coordinates":[135.6680527,34.777846]},"properties":{"z":30.3}},{"type":"Feature","geometry":{"type":"Point","coordinates":[135.6680149,34.7778136]},"properties":{"z":30.4}},{"type":"Feature","geometry":{"type":"Point","coordinates":[135.6679816,34.7777781]},"properties":{"z":30.4}},{"type":"Feature","geometry":{"type":"Point","coordinates":[135.6679495,34.7777419]},"properties":{"z":30.4}},{"type":"Feature","geometry":{"type":"Point","coordinates":[135.6679102,34.7777107]},"properties":{"z":30.5}},{"type":"Feature","geometry":{"type":"Point","coordinates":[135.6678711,34.7776792]},"properties":{"z":30.5}},{"type":"Feature","geometry":{"type":"Point","coordinates":[135.6678324,34.7776474]},"properties":{"z":30.6}},{"type":"Feature","geometry":{"type":"Point","coordinates":[135.6677945,34.777615]},"properties":{"z":30.6}},{"type":"Feature","geometry":{"type":"Point","coordinates":[135.667755,34.7775839]},"properties":{"z":30.8}},{"type":"Feature","geometry":{"type":"Point","coordinates":[135.667715,34.7775532]},"properties":{"z":30.8}},{"type":"Feature","geometry":{"type":"Point","coordinates":[135.6676748,34.7775227]},"properties":{"z":31.0}},{"type":"Feature","geometry":{"type":"Point","coordinates":[135.6676345,34.7774923]},"properties":{"z":31.0}},{"type":"Feature","geometry":{"type":"Point","coordinates":[135.6675947,34.7774615]},"properties":{"z":31.0}},{"type":"Feature","geometry":{"type":"Point","coordinates":[135.667557,34.7774289]},"properties":{"z":31.2}},{"type":"Feature","geometry":{"type":"Point","coordinates":[135.6675171,34.7773982]},"properties":{"z":31.2}},{"type":"Feature","geometry":{"type":"Point","coordinates":[135.6674763,34.7773683]},"properties":{"z":31.4}},{"type":"Feature","geometry":{"type":"Point","coordinates":[135.6674366,34.7773373]},"properties":{"z":31.3}},{"type":"Feature","geometry":{"type":"Point","coordinates":[135.6673956,34.7773076]},"properties":{"z":31.5}},{"type":"Feature","geometry":{"type":"Point","coordinates":[135.667354,34.7772784]},"properties":{"z":31.4}},{"type":"Feature","geometry":{"type":"Point","coordinates":[135.6673154,34.7772465]},"properties":{"z":31.7}},{"type":"Feature","geometry":{"type":"Point","coordinates":[135.6672766,34.7772148]},"properties":{"z":31.7}},{"type":"Feature","geometry":{"type":"Point","coordinates":[135.6672376,34.7771832]},"properties":{"z":31.9}},{"type":"Feature","geometry":{"type":"Point","coordinates":[135.6671968,34.7771533]},"properties":{"z":31.9}},{"type":"Feature","geometry":{"type":"Point","coordinates":[135.6671562,34.7771232]},"properties":{"z":32.1}},{"type":"Feature","geometry":{"type":"Point","coordinates":[135.6671157,34.7770929]},"properties":{"z":32.1}},{"type":"Feature","geometry":{"type":"Point","coordinates":[135.6670741,34.7770637]},"properties":{"z":32.4}},{"type":"Feature","geometry":{"type":"Point","coordinates":[135.6670317,34.7770354]},"properties":{"z":32.4}},{"type":"Feature","geometry":{"type":"Point","coordinates":[135.6669876,34.7770088]},"properties":{"z":32.5}},{"type":"Feature","geometry":{"type":"Point","coordinates":[135.6669454,34.7769801]},"properties":{"z":32.5}},{"type":"Feature","geometry":{"type":"Point","coordinates":[135.6669045,34.7769503]},"properties":{"z":32.5}},{"type":"Feature","geometry":{"type":"Point","coordinates":[135.6668649,34.7769193]},"properties":{"z":32.7}},{"type":"Feature","geometry":{"type":"Point","coordinates":[135.6668244,34.7768891]},"properties":{"z":32.7}},{"type":"Feature","geometry":{"type":"Point","coordinates":[135.6667824,34.7768603]},"properties":{"z":32.9}},{"type":"Feature","geometry":{"type":"Point","coordinates":[135.6667415,34.7768304]},"properties":{"z":32.9}},{"type":"Feature","geometry":{"type":"Point","coordinates":[135.6667013,34.7767999]},"properties":{"z":33.1}},{"type":"Feature","geometry":{"type":"Point","coordinates":[135.6666636,34.7767673]},"properties":{"z":33.0}},{"type":"Feature","geometry":{"type":"Point","coordinates":[135.666628,34.7767332]},"properties":{"z":33.3}},{"type":"Feature","geometry":{"type":"Point","coordinates":[135.6665938,34.7766982]},"properties":{"z":33.2}},{"type":"Feature","geometry":{"type":"Point","coordinates":[135.6665546,34.7766668]},"properties":{"z":33.5}},{"type":"Feature","geometry":{"type":"Point","coordinates":[135.666514,34.7766367]},"properties":{"z":33.5}},{"type":"Feature","geometry":{"type":"Point","coordinates":[135.6664722,34.7766076]},"properties":{"z":33.8}},{"type":"Feature","geometry":{"type":"Point","coordinates":[135.6664314,34.7765777]},"properties":{"z":33.6}},{"type":"Feature","geometry":{"type":"Point","coordinates":[135.6663919,34.7765466]},"properties":{"z":33.6}},{"type":"Feature","geometry":{"type":"Point","coordinates":[135.6663534,34.7765147]},"properties":{"z":33.8}},{"type":"Feature","geometry":{"type":"Point","coordinates":[135.6663144,34.7764831]},"properties":{"z":33.8}},{"type":"Feature","geometry":{"type":"Point","coordinates":[135.6662769,34.7764504]},"properties":{"z":34.2}},{"type":"Feature","geometry":{"type":"Point","coordinates":[135.6662405,34.7764169]},"properties":{"z":34.1}},{"type":"Feature","geometry":{"type":"Point","coordinates":[135.6662057,34.7763822]},"properties":{"z":34.4}},{"type":"Feature","geometry":{"type":"Point","coordinates":[135.6661693,34.7763487]},"properties":{"z":34.2}},{"type":"Feature","geometry":{"type":"Point","coordinates":[135.6661316,34.776316]},"properties":{"z":34.5}},{"type":"Feature","geometry":{"type":"Point","coordinates":[135.6660926,34.7762846]},"properties":{"z":34.4}},{"type":"Feature","geometry":{"type":"Point","coordinates":[135.6660533,34.7762533]},"properties":{"z":34.4}},{"type":"Feature","geometry":{"type":"Point","coordinates":[135.6660136,34.7762223]},"properties":{"z":34.4}},{"type":"Feature","geometry":{"type":"Point","coordinates":[135.6659742,34.7761912]},"properties":{"z":34.4}},{"type":"Feature","geometry":{"type":"Point","coordinates":[135.6659391,34.7761567]},"properties":{"z":34.5}},{"type":"Feature","geometry":{"type":"Point","coordinates":[135.665903,34.7761229]},"properties":{"z":34.5}},{"type":"Feature","geometry":{"type":"Point","coordinates":[135.6658656,34.7760901]},"properties":{"z":34.6}},{"type":"Feature","geometry":{"type":"Point","coordinates":[135.6658262,34.7760589]},"properties":{"z":34.6}},{"type":"Feature","geometry":{"type":"Point","coordinates":[135.6657845,34.7760298]},"properties":{"z":34.9}},{"type":"Feature","geometry":{"type":"Point","coordinates":[135.6657433,34.7760002]},"properties":{"z":34.8}},{"type":"Feature","geometry":{"type":"Point","coordinates":[135.665704,34.7759689]},"properties":{"z":34.8}},{"type":"Feature","geometry":{"type":"Point","coordinates":[135.665664,34.7759383]},"properties":{"z":34.8}},{"type":"Feature","geometry":{"type":"Point","coordinates":[135.6656254,34.7759065]},"properties":{"z":34.8}},{"type":"Feature","geometry":{"type":"Point","coordinates":[135.6655883,34.7758735]},"properties":{"z":34.9}},{"type":"Feature","geometry":{"type":"Point","coordinates":[135.6655505,34.7758409]},"properties":{"z":34.9}},{"type":"Feature","geometry":{"type":"Point","coordinates":[135.6655136,34.7758078]},"properties":{"z":35.1}},{"type":"Feature","geometry":{"type":"Point","coordinates":[135.6654762,34.775775]},"properties":{"z":35.1}},{"type":"Feature","geometry":{"type":"Point","coordinates":[135.6654368,34.7757438]},"properties":{"z":35.1}},{"type":"Feature","geometry":{"type":"Point","coordinates":[135.6653998,34.7757107]},"properties":{"z":35.1}},{"type":"Feature","geometry":{"type":"Point","coordinates":[135.6653634,34.7756771]},"properties":{"z":35.1}},{"type":"Feature","geometry":{"type":"Point","coordinates":[135.6653275,34.7756431]},"properties":{"z":35.2}},{"type":"Feature","geometry":{"type":"Point","coordinates":[135.6652868,34.7756131]},"properties":{"z":35.2}},{"type":"Feature","geometry":{"type":"Point","coordinates":[135.6652446,34.7755846]},"properties":{"z":35.2}},{"type":"Feature","geometry":{"type":"Point","coordinates":[135.6652013,34.7755571]},"properties":{"z":35.2}},{"type":"Feature","geometry":{"type":"Point","coordinates":[135.665157,34.7755417]},"properties":{"z":35.3}},{"type":"Feature","geometry":{"type":"Point","coordinates":[135.6651148,34.7755695]},"properties":{"z":35.3}},{"type":"Feature","geometry":{"type":"Point","coordinates":[135.6650815,34.7756051]},"properties":{"z":35.5}},{"type":"Feature","geometry":{"type":"Point","coordinates":[135.6650376,34.7756231]},"properties":{"z":35.5}},{"type":"Feature","geometry":{"type":"Point","coordinates":[135.6649928,34.7756033]},"properties":{"z":35.6}},{"type":"Feature","geometry":{"type":"Point","coordinates":[135.6649504,34.775575]},"properties":{"z":35.5}},{"type":"Feature","geometry":{"type":"Point","coordinates":[135.6649096,34.7755451]},"properties":{"z":35.6}},{"type":"Feature","geometry":{"type":"Point","coordinates":[135.664871,34.7755132]},"properties":{"z":35.6}},{"type":"Feature","geometry":{"type":"Point","coordinates":[135.6648399,34.775477]},"properties":{"z":35.7}},{"type":"Feature","geometry":{"type":"Point","coordinates":[135.6648248,34.7754339]},"properties":{"z":35.7}},{"type":"Feature","geometry":{"type":"Point","coordinates":[135.6648178,34.7753896]},"properties":{"z":35.7}},{"type":"Feature","geometry":{"type":"Point","coordinates":[135.6648176,34.7753447]},"properties":{"z":35.6}},{"type":"Feature","geometry":{"type":"Point","coordinates":[135.6647928,34.7753046]},"properties":{"z":35.5}},{"type":"Feature","geometry":{"type":"Point","coordinates":[135.6647608,34.7752688]},"properties":{"z":35.5}},{"type":"Feature","geometry":{"type":"Point","coordinates":[135.6647219,34.7752372]},"properties":{"z":35.6}},{"type":"Feature","geometry":{"type":"Point","coordinates":[135.6646839,34.7752049]},"properties":{"z":35.6}},{"type":"Feature","geometry":{"type":"Point","coordinates":[135.6646456,34.7751728]},"properties":{"z":35.7}},{"type":"Feature","geometry":{"type":"Point","coordinates":[135.664607,34.7751409]},"properties":{"z":35.7}},{"type":"Feature","geometry":{"type":"Point","coordinates":[135.6645696,34.775108]},"properties":{"z":35.7}},{"type":"Feature","geometry":{"type":"Point","coordinates":[135.6645318,34.7750756]},"properties":{"z":35.7}},{"type":"Feature","geometry":{"type":"Point","coordinates":[135.6644934,34.7750435]},"properties":{"z":35.8}},{"type":"Feature","geometry":{"type":"Point","coordinates":[135.6644539,34.7750125]},"properties":{"z":35.8}},{"type":"Feature","geometry":{"type":"Point","coordinates":[135.6644155,34.7749804]},"properties":{"z":35.8}},{"type":"Feature","geometry":{"type":"Point","coordinates":[135.6643784,34.7749474]},"properties":{"z":35.8}},{"type":"Feature","geometry":{"type":"Point","coordinates":[135.6643451,34.7749117]},"properties":{"z":35.8}},{"type":"Feature","geometry":{"type":"Point","coordinates":[135.6643155,34.7748743]},"properties":{"z":35.8}},{"type":"Feature","geometry":{"type":"Point","coordinates":[135.6642941,34.7748329]},"properties":{"z":35.8}},{"type":"Feature","geometry":{"type":"Point","coordinates":[135.6642738,34.7747911]},"properties":{"z":35.8}},{"type":"Feature","geometry":{"type":"Point","coordinates":[135.6642539,34.7747493]},"properties":{"z":35.8}},{"type":"Feature","geometry":{"type":"Point","coordinates":[135.6642253,34.774711]},"properties":{"z":35.9}},{"type":"Feature","geometry":{"type":"Point","coordinates":[135.6641924,34.7746755]},"properties":{"z":35.9}},{"type":"Feature","geometry":{"type":"Point","coordinates":[135.6641529,34.7746444]},"properties":{"z":36.0}},{"type":"Feature","geometry":{"type":"Point","coordinates":[135.6641129,34.7746137]},"properties":{"z":36.0}},{"type":"Feature","geometry":{"type":"Point","coordinates":[135.6640726,34.7745833]},"properties":{"z":36.0}},{"type":"Feature","geometry":{"type":"Point","coordinates":[135.6640318,34.7745533]},"properties":{"z":36.1}},{"type":"Feature","geometry":{"type":"Point","coordinates":[135.6639912,34.7745232]},"properties":{"z":36.1}},{"type":"Feature","geometry":{"type":"Point","coordinates":[135.6639514,34.7744923]},"properties":{"z":36.1}},{"type":"Feature","geometry":{"type":"Point","coordinates":[135.6639115,34.7744616]},"properties":{"z":36.2}},{"type":"Feature","geometry":{"type":"Point","coordinates":[135.6638714,34.774431]},"properties":{"z":36.3}},{"type":"Feature","geometry":{"type":"Point","coordinates":[135.6638323,34.7743996]},"properties":{"z":36.3}},{"type":"Feature","geometry":{"type":"Point","coordinates":[135.6637962,34.7743659]},"properties":{"z":36.3}},{"type":"Feature","geometry":{"type":"Point","coordinates":[135.6637602,34.7743319]},"properties":{"z":36.3}},{"type":"Feature","geometry":{"type":"Point","coordinates":[135.6637252,34.7742974]},"properties":{"z":36.4}},{"type":"Feature","geometry":{"type":"Point","coordinates":[135.6636897,34.7742632]},"properties":{"z":36.4}},{"type":"Feature","geometry":{"type":"Point","coordinates":[135.6636525,34.7742302]},"properties":{"z":36.5}},{"type":"Feature","geometry":{"type":"Point","coordinates":[135.6636148,34.7741976]},"properties":{"z":36.6}},{"type":"Feature","geometry":{"type":"Point","coordinates":[135.6635763,34.7741657]},"properties":{"z":36.6}},{"type":"Feature","geometry":{"type":"Point","coordinates":[135.6635382,34.7741335]},"properties":{"z":36.6}},{"type":"Feature","geometry":{"type":"Point","coordinates":[135.6635003,34.7741011]},"properties":{"z":36.8}},{"type":"Feature","geometry":{"type":"Point","coordinates":[135.6634625,34.7740685]},"properties":{"z":36.8}},{"type":"Feature","geometry":{"type":"Point","coordinates":[135.663425,34.7740358]},"properties":{"z":36.8}},{"type":"Feature","geometry":{"type":"Point","coordinates":[135.6633881,34.7740026]},"properties":{"z":36.8}},{"type":"Feature","geometry":{"type":"Point","coordinates":[135.6633508,34.7739697]},"properties":{"z":36.9}},{"type":"Feature","geometry":{"type":"Point","coordinates":[135.6633131,34.7739371]},"properties":{"z":36.9}},{"type":"Feature","geometry":{"type":"Point","coordinates":[135.6632748,34.773905]},"properties":{"z":37.1}},{"type":"Feature","geometry":{"type":"Point","coordinates":[135.6632362,34.7738732]},"properties":{"z":37.1}},{"type":"Feature","geometry":{"type":"Point","coordinates":[135.6631962,34.7738424]},"properties":{"z":37.1}},{"type":"Feature","geometry":{"type":"Point","coordinates":[135.6631578,34.7738106]},"properties":{"z":37.2}},{"type":"Feature","geometry":{"type":"Point","coordinates":[135.6631218,34.7737767]},"properties":{"z":37.2}},{"type":"Feature","geometry":{"type":"Point","coordinates":[135.6630849,34.7737435]},"properties":{"z":37.3}},{"type":"Feature","geometry":{"type":"Point","coordinates":[135.6630475,34.7737106]},"properties":{"z":37.3}},{"type":"Feature","geometry":{"type":"Point","coordinates":[135.6630093,34.7736785]},"properties":{"z":37.4}},{"type":"Feature","geometry":{"type":"Point","coordinates":[135.6629708,34.7736466]},"properties":{"z":37.4}},{"type":"Feature","geometry":{"type":"Point","coordinates":[135.662932,34.7736148]},"properties":{"z":37.5}},{"type":"Feature","geometry":{"type":"Point","coordinates":[135.662892,34.7735842]},"properties":{"z":37.5}},{"type":"Feature","geometry":{"type":"Point","coordinates":[135.6628528,34.7735528]},"properties":{"z":37.6}},{"type":"Feature","geometry":{"type":"Point","coordinates":[135.6628175,34.7735185]},"properties":{"z":37.6}},{"type":"Feature","geometry":{"type":"Point","coordinates":[135.6627805,34.7734855]},"properties":{"z":37.7}},{"type":"Feature","geometry":{"type":"Point","coordinates":[135.6627414,34.773454]},"properties":{"z":37.7}},{"type":"Feature","geometry":{"type":"Point","coordinates":[135.6627021,34.7734227]},"properties":{"z":37.7}},{"type":"Feature","geometry":{"type":"Point","coordinates":[135.6626627,34.7733915]},"properties":{"z":37.8}},{"type":"Feature","geometry":{"type":"Point","coordinates":[135.662624,34.7733598]},"properties":{"z":37.8}},{"type":"Feature","geometry":{"type":"Point","coordinates":[135.6625854,34.7733279]},"properties":{"z":38.0}},{"type":"Feature","geometry":{"type":"Point","coordinates":[135.6625482,34.7732949]},"properties":{"z":38.0}},{"type":"Feature","geometry":{"type":"Point","coordinates":[135.6625107,34.7732622]},"properties":{"z":38.1}},{"type":"Feature","geometry":{"type":"Point","coordinates":[135.6624724,34.7732301]},"properties":{"z":38.1}},{"type":"Feature","geometry":{"type":"Point","coordinates":[135.6624337,34.7731983]},"properties":{"z":38.2}},{"type":"Feature","geometry":{"type":"Point","coordinates":[135.6623947,34.7731667]},"properties":{"z":38.2}},{"type":"Feature","geometry":{"type":"Point","coordinates":[135.6623558,34.7731351]},"properties":{"z":38.2}},{"type":"Feature","geometry":{"type":"Point","coordinates":[135.6623171,34.7731033]},"properties":{"z":38.4}},{"type":"Feature","geometry":{"type":"Point","coordinates":[135.6622801,34.7730703]},"properties":{"z":38.4}},{"type":"Feature","geometry":{"type":"Point","coordinates":[135.6622419,34.773038]},"properties":{"z":38.4}},{"type":"Feature","geometry":{"type":"Point","coordinates":[135.6622026,34.7730068]},"properties":{"z":38.4}},{"type":"Feature","geometry":{"type":"Point","coordinates":[135.6621639,34.772975]},"properties":{"z":38.6}},{"type":"Feature","geometry":{"type":"Point","coordinates":[135.6621255,34.772943]},"properties":{"z":38.6}},{"type":"Feature","geometry":{"type":"Point","coordinates":[135.6620881,34.7729102]},"properties":{"z":38.7}},{"type":"Feature","geometry":{"type":"Point","coordinates":[135.6620504,34.7728776]},"properties":{"z":38.7}},{"type":"Feature","geometry":{"type":"Point","coordinates":[135.6620124,34.7728452]},"properties":{"z":38.8}},{"type":"Feature","geometry":{"type":"Point","coordinates":[135.6619759,34.7728118]},"properties":{"z":38.8}},{"type":"Feature","geometry":{"type":"Point","coordinates":[135.6619406,34.7727774]},"properties":{"z":38.9}},{"type":"Feature","geometry":{"type":"Point","coordinates":[135.6619024,34.7727453]},"properties":{"z":39.0}},{"type":"Feature","geometry":{"type":"Point","coordinates":[135.6618638,34.7727134]},"properties":{"z":39.0}},{"type":"Feature","geometry":{"type":"Point","coordinates":[135.6618258,34.7726811]},"properties":{"z":39.1}},{"type":"Feature","geometry":{"type":"Point","coordinates":[135.6617911,34.7726464]},"properties":{"z":39.1}},{"type":"Feature","geometry":{"type":"Point","coordinates":[135.6617558,34.7726121]},"properties":{"z":39.2}},{"type":"Feature","geometry":{"type":"Point","coordinates":[135.6617169,34.7725805]},"properties":{"z":39.2}},{"type":"Feature","geometry":{"type":"Point","coordinates":[135.6616776,34.7725492]},"properties":{"z":39.3}},{"type":"Feature","geometry":{"type":"Point","coordinates":[135.6616396,34.7725169]},"properties":{"z":39.3}},{"type":"Feature","geometry":{"type":"Point","coordinates":[135.661602,34.7724842]},"properties":{"z":39.4}},{"type":"Feature","geometry":{"type":"Point","coordinates":[135.6615625,34.7724532]},"properties":{"z":39.4}},{"type":"Feature","geometry":{"type":"Point","coordinates":[135.6615267,34.7724192]},"properties":{"z":39.5}},{"type":"Feature","geometry":{"type":"Point","coordinates":[135.6614915,34.7723848]},"properties":{"z":39.5}},{"type":"Feature","geometry":{"type":"Point","coordinates":[135.6614556,34.7723509]},"properties":{"z":39.6}},{"type":"Feature","geometry":{"type":"Point","coordinates":[135.6614173,34.7723188]},"properties":{"z":39.6}},{"type":"Feature","geometry":{"type":"Point","coordinates":[135.6613759,34.7722894]},"properties":{"z":39.6}},{"type":"Feature","geometry":{"type":"Point","coordinates":[135.6613331,34.7722614]},"properties":{"z":39.8}},{"type":"Feature","geometry":{"type":"Point","coordinates":[135.6612888,34.7722352]},"properties":{"z":39.8}},{"type":"Feature","geometry":{"type":"Point","coordinates":[135.6612418,34.7722122]},"properties":{"z":39.9}},{"type":"Feature","geometry":{"type":"Point","coordinates":[135.6611907,34.7721961]},"properties":{"z":39.9}},{"type":"Feature","geometry":{"type":"Point","coordinates":[135.6611511,34.7721658]},"properties":{"z":39.8}},{"type":"Feature","geometry":{"type":"Point","coordinates":[135.661103,34.7721446]},"properties":{"z":39.9}},{"type":"Feature","geometry":{"type":"Point","coordinates":[135.6610612,34.7721165]},"properties":{"z":39.9}},{"type":"Feature","geometry":{"type":"Point","coordinates":[135.66103,34.7720798]},"properties":{"z":39.9}},{"type":"Feature","geometry":{"type":"Point","coordinates":[135.6610066,34.7720392]},"properties":{"z":40.0}},{"type":"Feature","geometry":{"type":"Point","coordinates":[135.660983,34.7719986]},"properties":{"z":40.0}},{"type":"Feature","geometry":{"type":"Point","coordinates":[135.6609518,34.7719622]},"properties":{"z":40.0}},{"type":"Feature","geometry":{"type":"Point","coordinates":[135.660915,34.771929]},"properties":{"z":40.0}},{"type":"Feature","geometry":{"type":"Point","coordinates":[135.6608782,34.7718957]},"properties":{"z":39.9}},{"type":"Feature","geometry":{"type":"Point","coordinates":[135.6608394,34.7718641]},"properties":{"z":39.9}},{"type":"Feature","geometry":{"type":"Point","coordinates":[135.6608006,34.7718324]},"properties":{"z":39.8}},{"type":"Feature","geometry":{"type":"Point","coordinates":[135.6607637,34.7717992]},"properties":{"z":39.8}},{"type":"Feature","geometry":{"type":"Point","coordinates":[135.6607267,34.7717661]},"properties":{"z":39.9}},{"type":"Feature","geometry":{"type":"Point","coordinates":[135.6606895,34.7717331]},"properties":{"z":39.8}},{"type":"Feature","geometry":{"type":"Point","coordinates":[135.6606522,34.7717002]},"properties":{"z":39.9}},{"type":"Feature","geometry":{"type":"Point","coordinates":[135.6606146,34.7716675]},"properties":{"z":39.8}},{"type":"Feature","geometry":{"type":"Point","coordinates":[135.6605756,34.771636]},"properties":{"z":39.9}},{"type":"Feature","geometry":{"type":"Point","coordinates":[135.6605349,34.771606]},"properties":{"z":39.9}},{"type":"Feature","geometry":{"type":"Point","coordinates":[135.6604921,34.771578]},"properties":{"z":40.0}},{"type":"Feature","geometry":{"type":"Point","coordinates":[135.6604516,34.7715478]},"properties":{"z":40.0}},{"type":"Feature","geometry":{"type":"Point","coordinates":[135.6604131,34.771516]},"properties":{"z":40.0}},{"type":"Feature","geometry":{"type":"Point","coordinates":[135.660376,34.7714829]},"properties":{"z":40.0}},{"type":"Feature","geometry":{"type":"Point","coordinates":[135.6603389,34.7714498]},"properties":{"z":40.0}},{"type":"Feature","geometry":{"type":"Point","coordinates":[135.660302,34.7714166]},"properties":{"z":40.1}},{"type":"Feature","geometry":{"type":"Point","coordinates":[135.6602665,34.7713824]},"properties":{"z":40.1}},{"type":"Feature","geometry":{"type":"Point","coordinates":[135.6602298,34.7713491]},"properties":{"z":40.2}},{"type":"Feature","geometry":{"type":"Point","coordinates":[135.6601922,34.7713164]},"properties":{"z":40.2}},{"type":"Feature","geometry":{"type":"Point","coordinates":[135.6601551,34.7712834]},"properties":{"z":40.2}},{"type":"Feature","geometry":{"type":"Point","coordinates":[135.6601191,34.7712496]},"properties":{"z":40.3}},{"type":"Feature","geometry":{"type":"Point","coordinates":[135.6600838,34.7712152]},"properties":{"z":40.4}},{"type":"Feature","geometry":{"type":"Point","coordinates":[135.6600483,34.771181]},"properties":{"z":40.4}},{"type":"Feature","geometry":{"type":"Point","coordinates":[135.6600126,34.771147]},"properties":{"z":40.4}},{"type":"Feature","geometry":{"type":"Point","coordinates":[135.6599765,34.7711131]},"properties":{"z":40.4}},{"type":"Feature","geometry":{"type":"Point","coordinates":[135.65994,34.7710796]},"properties":{"z":40.5}},{"type":"Feature","geometry":{"type":"Point","coordinates":[135.6599048,34.7710453]},"properties":{"z":40.5}},{"type":"Feature","geometry":{"type":"Point","coordinates":[135.65987,34.7710106]},"properties":{"z":40.6}},{"type":"Feature","geometry":{"type":"Point","coordinates":[135.6598349,34.770976]},"properties":{"z":40.6}},{"type":"Feature","geometry":{"type":"Point","coordinates":[135.659798,34.7709429]},"properties":{"z":40.6}},{"type":"Feature","geometry":{"type":"Point","coordinates":[135.6597613,34.7709096]},"properties":{"z":40.6}},{"type":"Feature","geometry":{"type":"Point","coordinates":[135.6597268,34.7708747]},"properties":{"z":40.7}},{"type":"Feature","geometry":{"type":"Point","coordinates":[135.659688,34.7708432]},"properties":{"z":40.7}},{"type":"Feature","geometry":{"type":"Point","coordinates":[135.6596478,34.7708126]},"properties":{"z":40.7}},{"type":"Feature","geometry":{"type":"Point","coordinates":[135.6596113,34.7707792]},"properties":{"z":40.8}},{"type":"Feature","geometry":{"type":"Point","coordinates":[135.6595752,34.7707454]},"properties":{"z":40.8}},{"type":"Feature","geometry":{"type":"Point","coordinates":[135.6595386,34.7707121]},"properties":{"z":40.8}},{"type":"Feature","geometry":{"type":"Point","coordinates":[135.659493,34.7706872]},"properties":{"z":40.8}},{"type":"Feature","geometry":{"type":"Point","coordinates":[135.6594479,34.7706618]},"properties":{"z":40.8}},{"type":"Feature","geometry":{"type":"Point","coordinates":[135.6594033,34.7706358]},"properties":{"z":40.8}},{"type":"Feature","geometry":{"type":"Point","coordinates":[135.6593646,34.7706043]},"properties":{"z":40.8}},{"type":"Feature","geometry":{"type":"Point","coordinates":[135.6593278,34.770571]},"properties":{"z":40.7}},{"type":"Feature","geometry":{"type":"Point","coordinates":[135.6592919,34.7705371]},"properties":{"z":40.7}},{"type":"Feature","geometry":{"type":"Point","coordinates":[135.6592561,34.7705031]},"properties":{"z":40.7}},{"type":"Feature","geometry":{"type":"Point","coordinates":[135.6592213,34.7704684]},"properties":{"z":40.7}},{"type":"Feature","geometry":{"type":"Point","coordinates":[135.6591865,34.7704337]},"properties":{"z":40.7}},{"type":"Feature","geometry":{"type":"Point","coordinates":[135.6591499,34.7704003]},"properties":{"z":40.7}},{"type":"Feature","geometry":{"type":"Point","coordinates":[135.6591134,34.7703668]},"properties":{"z":40.7}},{"type":"Feature","geometry":{"type":"Point","coordinates":[135.6590773,34.770333]},"properties":{"z":40.6}},{"type":"Feature","geometry":{"type":"Point","coordinates":[135.6590412,34.7702992]},"properties":{"z":40.6}},{"type":"Feature","geometry":{"type":"Point","coordinates":[135.6590039,34.7702664]},"properties":{"z":40.5}},{"type":"Feature","geometry":{"type":"Point","coordinates":[135.6589663,34.7702337]},"properties":{"z":40.6}},{"type":"Feature","geometry":{"type":"Point","coordinates":[135.6589278,34.7702017]},"properties":{"z":40.6}},{"type":"Feature","geometry":{"type":"Point","coordinates":[135.6588888,34.7701702]},"properties":{"z":40.6}},{"type":"Feature","geometry":{"type":"Point","coordinates":[135.6588507,34.770138]},"properties":{"z":40.6}},{"type":"Feature","geometry":{"type":"Point","coordinates":[135.6588136,34.7701049]},"properties":{"z":40.6}},{"type":"Feature","geometry":{"type":"Point","coordinates":[135.6587758,34.7700724]},"properties":{"z":40.7}},{"type":"Feature","geometry":{"type":"Point","coordinates":[135.6587371,34.7700407]},"properties":{"z":40.6}},{"type":"Feature","geometry":{"type":"Point","coordinates":[135.6586986,34.7700087]},"properties":{"z":40.7}},{"type":"Feature","geometry":{"type":"Point","coordinates":[135.6586602,34.7699766]},"properties":{"z":40.7}},{"type":"Feature","geometry":{"type":"Point","coordinates":[135.658621,34.7699453]},"properties":{"z":40.7}},{"type":"Feature","geometry":{"type":"Point","coordinates":[135.65859,34.7699096]},"properties":{"z":40.7}},{"type":"Feature","geometry":{"type":"Point","coordinates":[135.6585887,34.7698669]},"properties":{"z":40.7}},{"type":"Feature","geometry":{"type":"Point","coordinates":[135.6585512,34.7698347]},"properties":{"z":40.7}},{"type":"Feature","geometry":{"type":"Point","coordinates":[135.6585099,34.7698058]},"properties":{"z":40.7}},{"type":"Feature","geometry":{"type":"Point","coordinates":[135.6584728,34.7697728]},"properties":{"z":40.7}},{"type":"Feature","geometry":{"type":"Point","coordinates":[135.6584364,34.7697393]},"properties":{"z":40.8}},{"type":"Feature","geometry":{"type":"Point","coordinates":[135.6584029,34.7697037]},"properties":{"z":40.7}},{"type":"Feature","geometry":{"type":"Point","coordinates":[135.6583735,34.7696661]},"properties":{"z":40.7}},{"type":"Feature","geometry":{"type":"Point","coordinates":[135.6583494,34.7696261]},"properties":{"z":40.7}},{"type":"Feature","geometry":{"type":"Point","coordinates":[135.6583129,34.7695925]},"properties":{"z":40.6}},{"type":"Feature","geometry":{"type":"Point","coordinates":[135.6582688,34.7695664]},"properties":{"z":40.6}},{"type":"Feature","geometry":{"type":"Point","coordinates":[135.6582261,34.7695384]},"properties":{"z":40.6}},{"type":"Feature","geometry":{"type":"Point","coordinates":[135.6581872,34.769507]},"properties":{"z":40.5}},{"type":"Feature","geometry":{"type":"Point","coordinates":[135.6581518,34.7694727]},"properties":{"z":40.5}},{"type":"Feature","geometry":{"type":"Point","coordinates":[135.6581131,34.7694411]},"properties":{"z":40.4}},{"type":"Feature","geometry":{"type":"Point","coordinates":[135.6580721,34.7694113]},"properties":{"z":40.4}},{"type":"Feature","geometry":{"type":"Point","coordinates":[135.6580309,34.7693816]},"properties":{"z":40.4}},{"type":"Feature","geometry":{"type":"Point","coordinates":[135.6579897,34.7693521]},"properties":{"z":40.4}},{"type":"Feature","geometry":{"type":"Point","coordinates":[135.6579488,34.7693222]},"properties":{"z":40.3}},{"type":"Feature","geometry":{"type":"Point","coordinates":[135.6579085,34.7692918]},"properties":{"z":40.3}},{"type":"Feature","geometry":{"type":"Point","coordinates":[135.6578682,34.7692614]},"properties":{"z":40.2}},{"type":"Feature","geometry":{"type":"Point","coordinates":[135.6578291,34.7692299]},"properties":{"z":40.2}},{"type":"Feature","geometry":{"type":"Point","coordinates":[135.6577905,34.7691981]},"properties":{"z":40.2}},{"type":"Feature","geometry":{"type":"Point","coordinates":[135.6577494,34.7691685]},"properties":{"z":40.2}},{"type":"Feature","geometry":{"type":"Point","coordinates":[135.6577065,34.7691407]},"properties":{"z":40.2}},{"type":"Feature","geometry":{"type":"Point","coordinates":[135.657665,34.7691114]},"properties":{"z":40.1}},{"type":"Feature","geometry":{"type":"Point","coordinates":[135.6576238,34.7690818]},"properties":{"z":40.0}},{"type":"Feature","geometry":{"type":"Point","coordinates":[135.6575855,34.7690497]},"properties":{"z":40.0}},{"type":"Feature","geometry":{"type":"Point","coordinates":[135.6575482,34.7690168]},"properties":{"z":38.6}},{"type":"Feature","geometry":{"type":"Point","coordinates":[135.6575109,34.768984]},"properties":{"z":38.6}},{"type":"Feature","geometry":{"type":"Point","coordinates":[135.6574738,34.7689509]},"properties":{"z":36.4}},{"type":"Feature","geometry":{"type":"Point","coordinates":[135.6574367,34.7689178]},"properties":{"z":34.1}},{"type":"Feature","geometry":{"type":"Point","coordinates":[135.6573997,34.7688847]},"properties":{"z":31.6}},{"type":"Feature","geometry":{"type":"Point","coordinates":[135.6573618,34.7688523]},"properties":{"z":30.4}},{"type":"Feature","geometry":{"type":"Point","coordinates":[135.6573238,34.76882]},"properties":{"z":29.7}},{"type":"Feature","geometry":{"type":"Point","coordinates":[135.6572857,34.7687877]},"properties":{"z":29.6}},{"type":"Feature","geometry":{"type":"Point","coordinates":[135.6572427,34.76876]},"properties":{"z":29.5}},{"type":"Feature","geometry":{"type":"Point","coordinates":[135.6571991,34.7687329]},"properties":{"z":29.4}},{"type":"Feature","geometry":{"type":"Point","coordinates":[135.657159,34.7687024]},"properties":{"z":29.4}},{"type":"Feature","geometry":{"type":"Point","coordinates":[135.6571234,34.7686687]},"properties":{"z":29.3}},{"type":"Feature","geometry":{"type":"Point","coordinates":[135.6570904,34.7686331]},"properties":{"z":29.1}},{"type":"Feature","geometry":{"type":"Point","coordinates":[135.6570471,34.7686065]},"properties":{"z":29.0}},{"type":"Feature","geometry":{"type":"Point","coordinates":[135.6570018,34.7685816]},"properties":{"z":28.8}},{"type":"Feature","geometry":{"type":"Point","coordinates":[135.6569631,34.7685501]},"properties":{"z":28.7}},{"type":"Feature","geometry":{"type":"Point","coordinates":[135.6569252,34.7685177]},"properties":{"z":28.6}},{"type":"Feature","geometry":{"type":"Point","coordinates":[135.6568839,34.7684883]},"properties":{"z":28.6}},{"type":"Feature","geometry":{"type":"Point","coordinates":[135.6568423,34.7684592]},"properties":{"z":28.3}},{"type":"Feature","geometry":{"type":"Point","coordinates":[135.6568034,34.7684276]},"properties":{"z":28.3}},{"type":"Feature","geometry":{"type":"Point","coordinates":[135.6567669,34.7683941]},"properties":{"z":28.3}},{"type":"Feature","geometry":{"type":"Point","coordinates":[135.6567269,34.7683639]},"properties":{"z":28.3}},{"type":"Feature","geometry":{"type":"Point","coordinates":[135.6566855,34.7683348]},"properties":{"z":28.5}},{"type":"Feature","geometry":{"type":"Point","coordinates":[135.6566462,34.7683036]},"properties":{"z":28.5}},{"type":"Feature","geometry":{"type":"Point","coordinates":[135.6566086,34.768271]},"properties":{"z":28.5}},{"type":"Feature","geometry":{"type":"Point","coordinates":[135.6565737,34.7682364]},"properties":{"z":28.7}},{"type":"Feature","geometry":{"type":"Point","coordinates":[135.6565385,34.7682021]},"properties":{"z":28.7}},{"type":"Feature","geometry":{"type":"Point","coordinates":[135.656499,34.7681711]},"properties":{"z":29.0}},{"type":"Feature","geometry":{"type":"Point","coordinates":[135.6564607,34.7681389]},"properties":{"z":29.0}},{"type":"Feature","geometry":{"type":"Point","coordinates":[135.6564221,34.7681071]},"properties":{"z":29.1}},{"type":"Feature","geometry":{"type":"Point","coordinates":[135.6563803,34.768078]},"properties":{"z":29.1}},{"type":"Feature","geometry":{"type":"Point","coordinates":[135.656343,34.7680452]},"properties":{"z":29.4}},{"type":"Feature","geometry":{"type":"Point","coordinates":[135.6563049,34.7680129]},"properties":{"z":29.4}},{"type":"Feature","geometry":{"type":"Point","coordinates":[135.6562617,34.7679856]},"properties":{"z":29.6}},{"type":"Feature","geometry":{"type":"Point","coordinates":[135.6562205,34.7679562]},"properties":{"z":30.4}},{"type":"Feature","geometry":{"type":"Point","coordinates":[135.6561794,34.7679265]},"properties":{"z":30.4}},{"type":"Feature","geometry":{"type":"Point","coordinates":[135.6561405,34.767895]},"properties":{"z":32.7}},{"type":"Feature","geometry":{"type":"Point","coordinates":[135.6561015,34.7678635]},"properties":{"z":32.7}},{"type":"Feature","geometry":{"type":"Point","coordinates":[135.6560584,34.7678358]},"properties":{"z":35.8}},{"type":"Feature","geometry":{"type":"Point","coordinates":[135.6560181,34.7678057]},"properties":{"z":35.8}},{"type":"Feature","geometry":{"type":"Point","coordinates":[135.6559822,34.7677717]},"properties":{"z":38.7}},{"type":"Feature","geometry":{"type":"Point","coordinates":[135.6559443,34.7677394]},"properties":{"z":38.7}},{"type":"Feature","geometry":{"type":"Point","coordinates":[135.6559064,34.767707]},"properties":{"z":39.8}},{"type":"Feature","geometry":{"type":"Point","coordinates":[135.6558706,34.767673]},"properties":{"z":40.0}},{"type":"Feature","geometry":{"type":"Point","coordinates":[135.6558335,34.76764]},"properties":{"z":40.0}},{"type":"Feature","geometry":{"type":"Point","coordinates":[135.655792,34.7676108]},"properties":{"z":40.4}},{"type":"Feature","geometry":{"type":"Point","coordinates":[135.6557541,34.7675785]},"properties":{"z":40.4}},{"type":"Feature","geometry":{"type":"Point","coordinates":[135.6557177,34.7675449]},"properties":{"z":40.7}},{"type":"Feature","geometry":{"type":"Point","coordinates":[135.6556781,34.7675139]},"properties":{"z":40.7}},{"type":"Feature","geometry":{"type":"Point","coordinates":[135.6556392,34.7674823]},"properties":{"z":41.1}},{"type":"Feature","geometry":{"type":"Point","coordinates":[135.6556007,34.7674504]},"properties":{"z":41.1}},{"type":"Feature","geometry":{"type":"Point","coordinates":[135.6555669,34.7674151]},"properties":{"z":41.0}},{"type":"Feature","geometry":{"type":"Point","coordinates":[135.6555293,34.7673824]},"properties":{"z":41.0}},{"type":"Feature","geometry":{"type":"Point","coordinates":[135.6554926,34.7673492]},"properties":{"z":40.8}},{"type":"Feature","geometry":{"type":"Point","coordinates":[135.6554528,34.7673183]},"properties":{"z":40.6}},{"type":"Feature","geometry":{"type":"Point","coordinates":[135.655415,34.7672858]},"properties":{"z":40.6}},{"type":"Feature","geometry":{"type":"Point","coordinates":[135.6553777,34.7672529]},"properties":{"z":39.9}},{"type":"Feature","geometry":{"type":"Point","coordinates":[135.6553408,34.7672197]},"properties":{"z":39.9}},{"type":"Feature","geometry":{"type":"Point","coordinates":[135.6553035,34.7671868]},"properties":{"z":36.9}},{"type":"Feature","geometry":{"type":"Point","coordinates":[135.6552653,34.7671546]},"properties":{"z":36.9}},{"type":"Feature","geometry":{"type":"Point","coordinates":[135.6552271,34.7671224]},"properties":{"z":31.9}},{"type":"Feature","geometry":{"type":"Point","coordinates":[135.6551894,34.7670899]},"properties":{"z":31.9}},{"type":"Feature","geometry":{"type":"Point","coordinates":[135.6551517,34.7670573]},"properties":{"z":30.3}},{"type":"Feature","geometry":{"type":"Point","coordinates":[135.6551137,34.7670249]},"properties":{"z":29.5}},{"type":"Feature","geometry":{"type":"Point","coordinates":[135.6550752,34.766993]},"properties":{"z":29.3}},{"type":"Feature","geometry":{"type":"Point","coordinates":[135.6550367,34.7669611]},"properties":{"z":29.2}},{"type":"Feature","geometry":{"type":"Point","coordinates":[135.6549974,34.7669298]},"properties":{"z":29.2}},{"type":"Feature","geometry":{"type":"Point","coordinates":[135.6549575,34.766899]},"properties":{"z":30.1}},{"type":"Feature","geometry":{"type":"Point","coordinates":[135.6549177,34.7668682]},"properties":{"z":30.1}},{"type":"Feature","geometry":{"type":"Point","coordinates":[135.6548747,34.7668405]},"properties":{"z":36.8}},{"type":"Feature","geometry":{"type":"Point","coordinates":[135.6548309,34.7668135]},"properties":{"z":36.8}},{"type":"Feature","geometry":{"type":"Point","coordinates":[135.6547886,34.7667852]},"properties":{"z":39.8}},{"type":"Feature","geometry":{"type":"Point","coordinates":[135.6547508,34.7667527]},"properties":{"z":39.8}},{"type":"Feature","geometry":{"type":"Point","coordinates":[135.6547135,34.7667198]},"properties":{"z":40.0}},{"type":"Feature","geometry":{"type":"Point","coordinates":[135.6546785,34.7666852]},"properties":{"z":40.1}},{"type":"Feature","geometry":{"type":"Point","coordinates":[135.6546435,34.7666507]},"properties":{"z":40.1}},{"type":"Feature","geometry":{"type":"Point","coordinates":[135.6546072,34.7666171]},"properties":{"z":39.4}},{"type":"Feature","geometry":{"type":"Point","coordinates":[135.6545708,34.7665835]},"properties":{"z":39.4}},{"type":"Feature","geometry":{"type":"Point","coordinates":[135.6545339,34.7665503]},"properties":{"z":36.5}},{"type":"Feature","geometry":{"type":"Point","coordinates":[135.6544968,34.7665173]},"properties":{"z":36.5}},{"type":"Feature","geometry":{"type":"Point","coordinates":[135.6544594,34.7664845]},"properties":{"z":36.2}},{"type":"Feature","geometry":{"type":"Point","coordinates":[135.6544213,34.7664522]},"properties":{"z":34.6}},{"type":"Feature","geometry":{"type":"Point","coordinates":[135.6543832,34.7664199]},"properties":{"z":35.3}},{"type":"Feature","geometry":{"type":"Point","coordinates":[135.6543457,34.7663872]},"properties":{"z":36.5}},{"type":"Feature","geometry":{"type":"Point","coordinates":[135.6543082,34.7663544]},"properties":{"z":36.6}},{"type":"Feature","geometry":{"type":"Point","coordinates":[135.6542665,34.7663254]},"properties":{"z":38.3}},{"type":"Feature","geometry":{"type":"Point","coordinates":[135.6542258,34.7662954]},"properties":{"z":38.3}},{"type":"Feature","geometry":{"type":"Point","coordinates":[135.6541893,34.7662619]},"properties":{"z":39.3}},{"type":"Feature","geometry":{"type":"Point","coordinates":[135.6541538,34.7662277]},"properties":{"z":39.3}},{"type":"Feature","geometry":{"type":"Point","coordinates":[135.6541194,34.7661928]},"properties":{"z":38.8}},{"type":"Feature","geometry":{"type":"Point","coordinates":[135.6540885,34.7661557]},"properties":{"z":39.9}},{"type":"Feature","geometry":{"type":"Point","coordinates":[135.6540527,34.7661221]},"properties":{"z":39.5}},{"type":"Feature","geometry":{"type":"Point","coordinates":[135.6540122,34.7660919]},"properties":{"z":40.2}},{"type":"Feature","geometry":{"type":"Point","coordinates":[135.6539753,34.7660588]},"properties":{"z":39.7}},{"type":"Feature","geometry":{"type":"Point","coordinates":[135.6539399,34.7660245]},"properties":{"z":40.2}},{"type":"Feature","geometry":{"type":"Point","coordinates":[135.6539048,34.7659901]},"properties":{"z":39.6}},{"type":"Feature","geometry":{"type":"Point","coordinates":[135.6538695,34.7659557]},"properties":{"z":39.6}},{"type":"Feature","geometry":{"type":"Point","coordinates":[135.653834,34.7659215]},"properties":{"z":39.7}},{"type":"Feature","geometry":{"type":"Point","coordinates":[135.6537993,34.7658867]},"properties":{"z":39.7}},{"type":"Feature","geometry":{"type":"Point","coordinates":[135.6537653,34.7658515]},"properties":{"z":40.1}},{"type":"Feature","geometry":{"type":"Point","coordinates":[135.6537337,34.7658148]},"properties":{"z":40.1}},{"type":"Feature","geometry":{"type":"Point","coordinates":[135.6537018,34.7657783]},"properties":{"z":40.3}},{"type":"Feature","geometry":{"type":"Point","coordinates":[135.6536689,34.7657425]},"properties":{"z":40.5}},{"type":"Feature","geometry":{"type":"Point","coordinates":[135.6536302,34.7657107]},"properties":{"z":40.6}},{"type":"Feature","geometry":{"type":"Point","coordinates":[135.6535935,34.7656773]},"properties":{"z":40.8}},{"type":"Feature","geometry":{"type":"Point","coordinates":[135.6535573,34.7656436]},"properties":{"z":40.9}},{"type":"Feature","geometry":{"type":"Point","coordinates":[135.6535218,34.7656095]},"properties":{"z":40.9}},{"type":"Feature","geometry":{"type":"Point","coordinates":[135.653486,34.7655755]},"properties":{"z":41.2}},{"type":"Feature","geometry":{"type":"Point","coordinates":[135.6534485,34.7655428]},"properties":{"z":41.2}},{"type":"Feature","geometry":{"type":"Point","coordinates":[135.6534128,34.7655088]},"properties":{"z":41.5}},{"type":"Feature","geometry":{"type":"Point","coordinates":[135.6533789,34.7654734]},"properties":{"z":41.5}},{"type":"Feature","geometry":{"type":"Point","coordinates":[135.6533426,34.7654398]},"properties":{"z":41.6}},{"type":"Feature","geometry":{"type":"Point","coordinates":[135.6533055,34.7654068]},"properties":{"z":41.6}},{"type":"Feature","geometry":{"type":"Point","coordinates":[135.6532726,34.7653709]},"properties":{"z":41.4}},{"type":"Feature","geometry":{"type":"Point","coordinates":[135.6532411,34.7653342]},"properties":{"z":41.3}},{"type":"Feature","geometry":{"type":"Point","coordinates":[135.6532075,34.7652987]},"properties":{"z":41.1}},{"type":"Feature","geometry":{"type":"Point","coordinates":[135.6531707,34.7652654]},"properties":{"z":41.1}},{"type":"Feature","geometry":{"type":"Point","coordinates":[135.6531358,34.7652308]},"properties":{"z":41.0}},{"type":"Feature","geometry":{"type":"Point","coordinates":[135.6531023,34.7651953]},"properties":{"z":41.0}},{"type":"Feature","geometry":{"type":"Point","coordinates":[135.6530681,34.7651602]},"properties":{"z":40.7}},{"type":"Feature","geometry":{"type":"Point","coordinates":[135.6530348,34.7651246]},"properties":{"z":40.7}},{"type":"Feature","geometry":{"type":"Point","coordinates":[135.653002,34.7650886]},"properties":{"z":40.8}},{"type":"Feature","geometry":{"type":"Point","coordinates":[135.6529698,34.7650522]},"properties":{"z":40.5}},{"type":"Feature","geometry":{"type":"Point","coordinates":[135.6529374,34.765016]},"properties":{"z":40.6}},{"type":"Feature","geometry":{"type":"Point","coordinates":[135.6529049,34.7649799]},"properties":{"z":40.3}},{"type":"Feature","geometry":{"type":"Point","coordinates":[135.6528726,34.7649436]},"properties":{"z":40.4}},{"type":"Feature","geometry":{"type":"Point","coordinates":[135.6528379,34.7649088]},"properties":{"z":40.4}},{"type":"Feature","geometry":{"type":"Point","coordinates":[135.6528019,34.764875]},"properties":{"z":39.8}},{"type":"Feature","geometry":{"type":"Point","coordinates":[135.6527661,34.764841]},"properties":{"z":39.8}},{"type":"Feature","geometry":{"type":"Point","coordinates":[135.6527303,34.764807]},"properties":{"z":37.5}},{"type":"Feature","geometry":{"type":"Point","coordinates":[135.6526962,34.7647719]},"properties":{"z":37.5}},{"type":"Feature","geometry":{"type":"Point","coordinates":[135.6526626,34.7647364]},"properties":{"z":36.4}},{"type":"Feature","geometry":{"type":"Point","coordinates":[135.6526294,34.7647007]},"properties":{"z":34.9}},{"type":"Feature","geometry":{"type":"Point","coordinates":[135.652597,34.7646644]},"properties":{"z":35.3}},{"type":"Feature","geometry":{"type":"Point","coordinates":[135.6525646,34.7646282]},"properties":{"z":32.5}},{"type":"Feature","geometry":{"type":"Point","coordinates":[135.6525314,34.7645925]},"properties":{"z":34.1}},{"type":"Feature","geometry":{"type":"Point","coordinates":[135.6524975,34.7645572]},"properties":{"z":34.1}},{"type":"Feature","geometry":{"type":"Point","coordinates":[135.6524636,34.7645219]},"properties":{"z":32.7}},{"type":"Feature","geometry":{"type":"Point","coordinates":[135.6524302,34.7644863]},"properties":{"z":32.7}},{"type":"Feature","geometry":{"type":"Point","coordinates":[135.652397,34.7644506]},"properties":{"z":29.9}},{"type":"Feature","geometry":{"type":"Point","coordinates":[135.6523638,34.7644148]},"properties":{"z":29.9}},{"type":"Feature","geometry":{"type":"Point","coordinates":[135.6523313,34.7643787]},"properties":{"z":31.5}},{"type":"Feature","geometry":{"type":"Point","coordinates":[135.6522987,34.7643426]},"properties":{"z":29.9}},{"type":"Feature","geometry":{"type":"Point","coordinates":[135.6522658,34.7643067]},"properties":{"z":29.9}},{"type":"Feature","geometry":{"type":"Point","coordinates":[135.6522327,34.7642709]},"properties":{"z":29.9}},{"type":"Feature","geometry":{"type":"Point","coordinates":[135.6522005,34.7642346]},"properties":{"z":30.3}},{"type":"Feature","geometry":{"type":"Point","coordinates":[135.6521696,34.7641975]},"properties":{"z":30.3}},{"type":"Feature","geometry":{"type":"Point","coordinates":[135.6521387,34.7641604]},"properties":{"z":33.3}},{"type":"Feature","geometry":{"type":"Point","coordinates":[135.6521077,34.7641233]},"properties":{"z":33.3}},{"type":"Feature","geometry":{"type":"Point","coordinates":[135.6520777,34.7640858]},"properties":{"z":36.4}},{"type":"Feature","geometry":{"type":"Point","coordinates":[135.6520485,34.7640477]},"properties":{"z":36.1}},{"type":"Feature","geometry":{"type":"Point","coordinates":[135.6520176,34.7640106]},"properties":{"z":37.5}},{"type":"Feature","geometry":{"type":"Point","coordinates":[135.6519859,34.763974]},"properties":{"z":37.5}},{"type":"Feature","geometry":{"type":"Point","coordinates":[135.651953,34.7639381]},"properties":{"z":37.2}},{"type":"Feature","geometry":{"type":"Point","coordinates":[135.6519224,34.7639008]},"properties":{"z":37.2}},{"type":"Feature","geometry":{"type":"Point","coordinates":[135.6518923,34.7638633]},"properties":{"z":38.4}},{"type":"Feature","geometry":{"type":"Point","coordinates":[135.6518607,34.7638266]},"properties":{"z":37.0}},{"type":"Feature","geometry":{"type":"Point","coordinates":[135.651827,34.7637912]},"properties":{"z":38.1}},{"type":"Feature","geometry":{"type":"Point","coordinates":[135.6517945,34.7637551]},"properties":{"z":37.9}},{"type":"Feature","geometry":{"type":"Point","coordinates":[135.6517641,34.7637177]},"properties":{"z":37.9}},{"type":"Feature","geometry":{"type":"Point","coordinates":[135.6517339,34.7636802]},"properties":{"z":38.8}},{"type":"Feature","geometry":{"type":"Point","coordinates":[135.6517017,34.7636439]},"properties":{"z":37.8}},{"type":"Feature","geometry":{"type":"Point","coordinates":[135.6516664,34.7636095]},"properties":{"z":38.5}},{"type":"Feature","geometry":{"type":"Point","coordinates":[135.6516371,34.7635718]},"properties":{"z":38.5}},{"type":"Feature","geometry":{"type":"Point","coordinates":[135.651606,34.7635349]},"properties":{"z":38.3}},{"type":"Feature","geometry":{"type":"Point","coordinates":[135.6515737,34.7634986]},"properties":{"z":38.3}},{"type":"Feature","geometry":{"type":"Point","coordinates":[135.6515383,34.7634644]},"properties":{"z":37.9}},{"type":"Feature","geometry":{"type":"Point","coordinates":[135.6515058,34.7634284]},"properties":{"z":37.9}},{"type":"Feature","geometry":{"type":"Point","coordinates":[135.6514783,34.7633895]},"properties":{"z":38.8}},{"type":"Feature","geometry":{"type":"Point","coordinates":[135.6514458,34.7633534]},"properties":{"z":38.3}},{"type":"Feature","geometry":{"type":"Point","coordinates":[135.6514154,34.763316]},"properties":{"z":38.9}},{"type":"Feature","geometry":{"type":"Point","coordinates":[135.6513832,34.7632797]},"properties":{"z":38.9}},{"type":"Feature","geometry":{"type":"Point","coordinates":[135.651354,34.7632418]},"properties":{"z":39.2}},{"type":"Feature","geometry":{"type":"Point","coordinates":[135.6513245,34.7632039]},"properties":{"z":39.2}},{"type":"Feature","geometry":{"type":"Point","coordinates":[135.6512929,34.7631672]},"properties":{"z":40.1}},{"type":"Feature","geometry":{"type":"Point","coordinates":[135.6512596,34.7631316]},"properties":{"z":40.4}},{"type":"Feature","geometry":{"type":"Point","coordinates":[135.6512262,34.763096]},"properties":{"z":41.1}},{"type":"Feature","geometry":{"type":"Point","coordinates":[135.6511964,34.7630583]},"properties":{"z":41.5}},{"type":"Feature","geometry":{"type":"Point","coordinates":[135.6511656,34.7630211]},"properties":{"z":42.1}},{"type":"Feature","geometry":{"type":"Point","coordinates":[135.6511313,34.7629862]},"properties":{"z":42.1}},{"type":"Feature","geometry":{"type":"Point","coordinates":[135.6510964,34.7629517]},"properties":{"z":43.2}},{"type":"Feature","geometry":{"type":"Point","coordinates":[135.6510663,34.7629142]},"properties":{"z":43.2}},{"type":"Feature","geometry":{"type":"Point","coordinates":[135.6510347,34.7628775]},"properties":{"z":43.6}},{"type":"Feature","geometry":{"type":"Point","coordinates":[135.6510013,34.7628419]},"properties":{"z":43.5}},{"type":"Feature","geometry":{"type":"Point","coordinates":[135.6509659,34.7628077]},"properties":{"z":43.1}},{"type":"Feature","geometry":{"type":"Point","coordinates":[135.6509317,34.7627725]},"properties":{"z":43.2}},{"type":"Feature","geometry":{"type":"Point","coordinates":[135.6508973,34.7627376]},"properties":{"z":42.4}},{"type":"Feature","geometry":{"type":"Point","coordinates":[135.6508621,34.7627032]},"properties":{"z":42.4}},{"type":"Feature","geometry":{"type":"Point","coordinates":[135.6508258,34.7626696]},"properties":{"z":41.7}},{"type":"Feature","geometry":{"type":"Point","coordinates":[135.6507891,34.7626362]},"properties":{"z":41.7}},{"type":"Feature","geometry":{"type":"Point","coordinates":[135.6507572,34.7625997]},"properties":{"z":41.2}},{"type":"Feature","geometry":{"type":"Point","coordinates":[135.6507254,34.7625631]},"properties":{"z":41.2}},{"type":"Feature","geometry":{"type":"Point","coordinates":[135.6506945,34.762526]},"properties":{"z":39.8}},{"type":"Feature","geometry":{"type":"Point","coordinates":[135.6506636,34.762489]},"properties":{"z":40.0}},{"type":"Feature","geometry":{"type":"Point","coordinates":[135.6506315,34.7624525]},"properties":{"z":39.3}},{"type":"Feature","geometry":{"type":"Point","coordinates":[135.6505989,34.7624164]},"properties":{"z":39.3}},{"type":"Feature","geometry":{"type":"Point","coordinates":[135.6505669,34.76238]},"properties":{"z":38.2}},{"type":"Feature","geometry":{"type":"Point","coordinates":[135.6505358,34.762343]},"properties":{"z":38.5}},{"type":"Feature","geometry":{"type":"Point","coordinates":[135.6505046,34.7623061]},"properties":{"z":37.8}},{"type":"Feature","geometry":{"type":"Point","coordinates":[135.6504727,34.7622696]},"properties":{"z":38.1}},{"type":"Feature","geometry":{"type":"Point","coordinates":[135.6504407,34.7622331]},"properties":{"z":38.1}},{"type":"Feature","geometry":{"type":"Point","coordinates":[135.650409,34.7621964]},"properties":{"z":37.7}},{"type":"Feature","geometry":{"type":"Point","coordinates":[135.6503779,34.7621595]},"properties":{"z":37.7}},{"type":"Feature","geometry":{"type":"Point","coordinates":[135.6503467,34.7621225]},"properties":{"z":38.1}},{"type":"Feature","geometry":{"type":"Point","coordinates":[135.6503161,34.7620853]},"properties":{"z":36.9}},{"type":"Feature","geometry":{"type":"Point","coordinates":[135.6502859,34.7620478]},"properties":{"z":37.4}},{"type":"Feature","geometry":{"type":"Point","coordinates":[135.6502557,34.7620103]},"properties":{"z":37.4}},{"type":"Feature","geometry":{"type":"Point","coordinates":[135.6502247,34.7619733]},"properties":{"z":37.0}},{"type":"Feature","geometry":{"type":"Point","coordinates":[135.6501935,34.7619363]},"properties":{"z":37.0}},{"type":"Feature","geometry":{"type":"Point","coordinates":[135.6501623,34.7618994]},"properties":{"z":36.5}},{"type":"Feature","geometry":{"type":"Point","coordinates":[135.6501348,34.7618605]},"properties":{"z":36.5}},{"type":"Feature","geometry":{"type":"Point","coordinates":[135.6501075,34.7618216]},"properties":{"z":37.2}},{"type":"Feature","geometry":{"type":"Point","coordinates":[135.6500801,34.7617826]},"properties":{"z":36.1}},{"type":"Feature","geometry":{"type":"Point","coordinates":[135.6500524,34.7617439]},"properties":{"z":36.7}},{"type":"Feature","geometry":{"type":"Point","coordinates":[135.6500246,34.7617052]},"properties":{"z":36.9}},{"type":"Feature","geometry":{"type":"Point","coordinates":[135.6499967,34.7616665]},"properties":{"z":36.9}},{"type":"Feature","geometry":{"type":"Point","coordinates":[135.6499666,34.761629]},"properties":{"z":35.1}},{"type":"Feature","geometry":{"type":"Point","coordinates":[135.6499364,34.7615915]},"properties":{"z":35.1}},{"type":"Feature","geometry":{"type":"Point","coordinates":[135.6499062,34.761554]},"properties":{"z":31.6}},{"type":"Feature","geometry":{"type":"Point","coordinates":[135.6498748,34.7615172]},"properties":{"z":31.6}},{"type":"Feature","geometry":{"type":"Point","coordinates":[135.6498434,34.7614804]},"properties":{"z":30.8}},{"type":"Feature","geometry":{"type":"Point","coordinates":[135.6498119,34.7614436]},"properties":{"z":29.7}},{"type":"Feature","geometry":{"type":"Point","coordinates":[135.6497804,34.7614069]},"properties":{"z":29.5}},{"type":"Feature","geometry":{"type":"Point","coordinates":[135.6497489,34.7613701]},"properties":{"z":29.5}},{"type":"Feature","geometry":{"type":"Point","coordinates":[135.6497175,34.7613333]},"properties":{"z":28.7}},{"type":"Feature","geometry":{"type":"Point","coordinates":[135.6496859,34.7612966]},"properties":{"z":28.7}},{"type":"Feature","geometry":{"type":"Point","coordinates":[135.6496541,34.76126]},"properties":{"z":28.3}},{"type":"Feature","geometry":{"type":"Point","coordinates":[135.6496224,34.7612234]},"properties":{"z":27.9}},{"type":"Feature","geometry":{"type":"Point","coordinates":[135.6495907,34.7611868]},"properties":{"z":27.6}},{"type":"Feature","geometry":{"type":"Point","coordinates":[135.649559,34.7611501]},"properties":{"z":27.0}},{"type":"Feature","geometry":{"type":"Point","coordinates":[135.6495273,34.7611135]},"properties":{"z":26.7}},{"type":"Feature","geometry":{"type":"Point","coordinates":[135.6494956,34.7610768]},"properties":{"z":26.7}},{"type":"Feature","geometry":{"type":"Point","coordinates":[135.6494637,34.7610403]},"properties":{"z":26.0}},{"type":"Feature","geometry":{"type":"Point","coordinates":[135.6494316,34.7610039]},"properties":{"z":25.9}},{"type":"Feature","geometry":{"type":"Point","coordinates":[135.6493995,34.7609675]},"properties":{"z":25.9}},{"type":"Feature","geometry":{"type":"Point","coordinates":[135.6493674,34.7609311]},"properties":{"z":26.2}},{"type":"Feature","geometry":{"type":"Point","coordinates":[135.6493356,34.7608945]},"properties":{"z":26.2}},{"type":"Feature","geometry":{"type":"Point","coordinates":[135.6493037,34.760858]},"properties":{"z":26.5}},{"type":"Feature","geometry":{"type":"Point","coordinates":[135.6492719,34.7608214]},"properties":{"z":26.5}},{"type":"Feature","geometry":{"type":"Point","coordinates":[135.6492402,34.7607848]},"properties":{"z":26.7}},{"type":"Feature","geometry":{"type":"Point","coordinates":[135.6492085,34.7607481]},"properties":{"z":26.9}},{"type":"Feature","geometry":{"type":"Point","coordinates":[135.6491774,34.7607112]},"properties":{"z":27.1}},{"type":"Feature","geometry":{"type":"Point","coordinates":[135.6491475,34.7606735]},"properties":{"z":27.1}},{"type":"Feature","geometry":{"type":"Point","coordinates":[135.6491176,34.7606358]},"properties":{"z":27.4}},{"type":"Feature","geometry":{"type":"Point","coordinates":[135.6490862,34.760599]},"properties":{"z":27.4}},{"type":"Feature","geometry":{"type":"Point","coordinates":[135.6490541,34.7605626]},"properties":{"z":27.6}},{"type":"Feature","geometry":{"type":"Point","coordinates":[135.6490222,34.7605261]},"properties":{"z":27.7}},{"type":"Feature","geometry":{"type":"Point","coordinates":[135.6489908,34.7604894]},"properties":{"z":28.0}},{"type":"Feature","geometry":{"type":"Point","coordinates":[135.6489593,34.7604525]},"properties":{"z":28.1}},{"type":"Feature","geometry":{"type":"Point","coordinates":[135.6489568,34.7604077]},"properties":{"z":28.3}},{"type":"Feature","geometry":{"type":"Point","coordinates":[135.6489543,34.7603627]},"properties":{"z":28.5}},{"type":"Feature","geometry":{"type":"Point","coordinates":[135.6489481,34.7603185]},"properties":{"z":28.5}},{"type":"Feature","geometry":{"type":"Point","coordinates":[135.6489274,34.7602769]},"properties":{"z":28.8}},{"type":"Feature","geometry":{"type":"Point","coordinates":[135.6488942,34.7602415]},"properties":{"z":28.8}},{"type":"Feature","geometry":{"type":"Point","coordinates":[135.6488533,34.7602118]},"properties":{"z":29.2}},{"type":"Feature","geometry":{"type":"Point","coordinates":[135.6488062,34.7601892]},"properties":{"z":29.2}},{"type":"Feature","geometry":{"type":"Point","coordinates":[135.6487574,34.7601692]},"properties":{"z":29.4}},{"type":"Feature","geometry":{"type":"Point","coordinates":[135.6487133,34.7601428]},"properties":{"z":29.6}},{"type":"Feature","geometry":{"type":"Point","coordinates":[135.6486734,34.7601121]},"properties":{"z":29.8}},{"type":"Feature","geometry":{"type":"Point","coordinates":[135.6486385,34.7600782]},"properties":{"z":30.2}},{"type":"Feature","geometry":{"type":"Point","coordinates":[135.6485979,34.7600483]},"properties":{"z":30.5}},{"type":"Feature","geometry":{"type":"Point","coordinates":[135.6485825,34.7600054]},"properties":{"z":31.3}},{"type":"Feature","geometry":{"type":"Point","coordinates":[135.6485571,34.759966]},"properties":{"z":31.3}},{"type":"Feature","geometry":{"type":"Point","coordinates":[135.6485266,34.7599287]},"properties":{"z":32.1}},{"type":"Feature","geometry":{"type":"Point","coordinates":[135.6484927,34.7598935]},"properties":{"z":32.1}},{"type":"Feature","geometry":{"type":"Point","coordinates":[135.6484484,34.7598672]},"properties":{"z":33.2}},{"type":"Feature","geometry":{"type":"Point","coordinates":[135.6484089,34.7598365]},"properties":{"z":33.2}},{"type":"Feature","geometry":{"type":"Point","coordinates":[135.6483704,34.7598047]},"properties":{"z":34.0}},{"type":"Feature","geometry":{"type":"Point","coordinates":[135.6483568,34.7597618]},"properties":{"z":34.3}},{"type":"Feature","geometry":{"type":"Point","coordinates":[135.6483374,34.7597202]},"properties":{"z":35.0}},{"type":"Feature","geometry":{"type":"Point","coordinates":[135.6483078,34.7596827]},"properties":{"z":35.0}},{"type":"Feature","geometry":{"type":"Point","coordinates":[135.6482622,34.7596606]},"properties":{"z":35.9}},{"type":"Feature","geometry":{"type":"Point","coordinates":[135.648255,34.7596198]},"properties":{"z":35.9}},{"type":"Feature","geometry":{"type":"Point","coordinates":[135.6482214,34.7595872]},"properties":{"z":36.6}},{"type":"Feature","geometry":{"type":"Point","coordinates":[135.6481763,34.759562]},"properties":{"z":36.8}},{"type":"Feature","geometry":{"type":"Point","coordinates":[135.6481379,34.7595309]},"properties":{"z":36.8}},{"type":"Feature","geometry":{"type":"Point","coordinates":[135.6481286,34.7594875]},"properties":{"z":37.5}},{"type":"Feature","geometry":{"type":"Point","coordinates":[135.6481041,34.7594476]},"properties":{"z":38.2}},{"type":"Feature","geometry":{"type":"Point","coordinates":[135.6480744,34.7594099]},"properties":{"z":38.2}},{"type":"Feature","geometry":{"type":"Point","coordinates":[135.6480356,34.7593789]},"properties":{"z":38.8}},{"type":"Feature","geometry":{"type":"Point","coordinates":[135.6480039,34.7593428]},"properties":{"z":38.6}},{"type":"Feature","geometry":{"type":"Point","coordinates":[135.6479768,34.7593039]},"properties":{"z":39.3}},{"type":"Feature","geometry":{"type":"Point","coordinates":[135.6479454,34.7592671]},"properties":{"z":39.3}},{"type":"Feature","geometry":{"type":"Point","coordinates":[135.6479151,34.7592297]},"properties":{"z":39.6}},{"type":"Feature","geometry":{"type":"Point","coordinates":[135.6478817,34.7591941]},"properties":{"z":39.6}},{"type":"Feature","geometry":{"type":"Point","coordinates":[135.6478504,34.7591573]},"properties":{"z":40.1}},{"type":"Feature","geometry":{"type":"Point","coordinates":[135.647816,34.7591226]},"properties":{"z":39.9}},{"type":"Feature","geometry":{"type":"Point","coordinates":[135.6477807,34.7590883]},"properties":{"z":40.2}},{"type":"Feature","geometry":{"type":"Point","coordinates":[135.6477539,34.7590493]},"properties":{"z":39.9}},{"type":"Feature","geometry":{"type":"Point","coordinates":[135.6477156,34.7590178]},"properties":{"z":40.0}},{"type":"Feature","geometry":{"type":"Point","coordinates":[135.6476699,34.7589931]},"properties":{"z":38.3}},{"type":"Feature","geometry":{"type":"Point","coordinates":[135.6476368,34.7589592]},"properties":{"z":38.0}},{"type":"Feature","geometry":{"type":"Point","coordinates":[135.6476126,34.7589189]},"properties":{"z":38.0}},{"type":"Feature","geometry":{"type":"Point","coordinates":[135.6475901,34.7588779]},"properties":{"z":35.5}},{"type":"Feature","geometry":{"type":"Point","coordinates":[135.6475642,34.7588384]},"properties":{"z":35.5}},{"type":"Feature","geometry":{"type":"Point","coordinates":[135.6475354,34.7588002]},"properties":{"z":35.1}},{"type":"Feature","geometry":{"type":"Point","coordinates":[135.6475042,34.7587633]},"properties":{"z":35.0}},{"type":"Feature","geometry":{"type":"Point","coordinates":[135.6474709,34.7587276]},"properties":{"z":35.6}},{"type":"Feature","geometry":{"type":"Point","coordinates":[135.6474368,34.7586925]},"properties":{"z":35.6}},{"type":"Feature","geometry":{"type":"Point","coordinates":[135.6474034,34.7586568]},"properties":{"z":37.8}},{"type":"Feature","geometry":{"type":"Point","coordinates":[135.6473689,34.7586219]},"properties":{"z":37.8}},{"type":"Feature","geometry":{"type":"Point","coordinates":[135.6473317,34.7585891]},"properties":{"z":39.8}},{"type":"Feature","geometry":{"type":"Point","coordinates":[135.6472942,34.7585564]},"properties":{"z":39.8}},{"type":"Feature","geometry":{"type":"Point","coordinates":[135.6472595,34.7585217]},"properties":{"z":39.7}},{"type":"Feature","geometry":{"type":"Point","coordinates":[135.6472262,34.7584862]},"properties":{"z":41.1}},{"type":"Feature","geometry":{"type":"Point","coordinates":[135.6471881,34.758454]},"properties":{"z":40.6}},{"type":"Feature","geometry":{"type":"Point","coordinates":[135.6471543,34.7584186]},"properties":{"z":42.0}},{"type":"Feature","geometry":{"type":"Point","coordinates":[135.6471184,34.7583847]},"properties":{"z":41.4}},{"type":"Feature","geometry":{"type":"Point","coordinates":[135.6470802,34.7583525]},"properties":{"z":41.4}},{"type":"Feature","geometry":{"type":"Point","coordinates":[135.6470445,34.7583186]},"properties":{"z":42.0}},{"type":"Feature","geometry":{"type":"Point","coordinates":[135.6470087,34.7582846]},"properties":{"z":42.0}},{"type":"Feature","geometry":{"type":"Point","coordinates":[135.6469732,34.7582504]},"properties":{"z":43.2}},{"type":"Feature","geometry":{"type":"Point","coordinates":[135.6469379,34.7582161]},"properties":{"z":43.2}},{"type":"Feature","geometry":{"type":"Point","coordinates":[135.6468996,34.7581841]},"properties":{"z":44.2}},{"type":"Feature","geometry":{"type":"Point","coordinates":[135.6468608,34.7581524]},"properties":{"z":44.2}},{"type":"Feature","geometry":{"type":"Point","coordinates":[135.6468224,34.7581203]},"properties":{"z":44.2}},{"type":"Feature","geometry":{"type":"Point","coordinates":[135.6467911,34.7580836]},"properties":{"z":44.9}},{"type":"Feature","geometry":{"type":"Point","coordinates":[135.6467571,34.7580485]},"properties":{"z":44.9}},{"type":"Feature","geometry":{"type":"Point","coordinates":[135.6467152,34.7580196]},"properties":{"z":45.3}},{"type":"Feature","geometry":{"type":"Point","coordinates":[135.6466746,34.7579895]},"properties":{"z":45.3}},{"type":"Feature","geometry":{"type":"Point","coordinates":[135.6466317,34.7579616]},"properties":{"z":45.7}},{"type":"Feature","geometry":{"type":"Point","coordinates":[135.6465943,34.7579296]},"properties":{"z":45.7}},{"type":"Feature","geometry":{"type":"Point","coordinates":[135.6465594,34.757895]},"properties":{"z":45.9}},{"type":"Feature","geometry":{"type":"Point","coordinates":[135.6465258,34.7578596]},"properties":{"z":45.9}},{"type":"Feature","geometry":{"type":"Point","coordinates":[135.6464867,34.7578283]},"properties":{"z":46.0}},{"type":"Feature","geometry":{"type":"Point","coordinates":[135.6464455,34.757799]},"properties":{"z":46.1}},{"type":"Feature","geometry":{"type":"Point","coordinates":[135.6464067,34.7577674]},"properties":{"z":46.1}},{"type":"Feature","geometry":{"type":"Point","coordinates":[135.6463645,34.7577387]},"properties":{"z":46.3}},{"type":"Feature","geometry":{"type":"Point","coordinates":[135.6463219,34.7577105]},"properties":{"z":46.3}},{"type":"Feature","geometry":{"type":"Point","coordinates":[135.6462858,34.7576769]},"properties":{"z":46.4}},{"type":"Feature","geometry":{"type":"Point","coordinates":[135.6462506,34.7576425]},"properties":{"z":46.4}},{"type":"Feature","geometry":{"type":"Point","coordinates":[135.6462075,34.7576149]},"properties":{"z":46.5}},{"type":"Feature","geometry":{"type":"Point","coordinates":[135.6461673,34.7575844]},"properties":{"z":46.5}},{"type":"Feature","geometry":{"type":"Point","coordinates":[135.646125,34.7575562]},"properties":{"z":46.3}},{"type":"Feature","geometry":{"type":"Point","coordinates":[135.6460821,34.7575283]},"properties":{"z":46.3}},{"type":"Feature","geometry":{"type":"Point","coordinates":[135.6460417,34.757498]},"properties":{"z":46.2}},{"type":"Feature","geometry":{"type":"Point","coordinates":[135.6460007,34.7574683]},"properties":{"z":46.2}},{"type":"Feature","geometry":{"type":"Point","coordinates":[135.6459586,34.7574396]},"properties":{"z":46.1}},{"type":"Feature","geometry":{"type":"Point","coordinates":[135.6459163,34.757411]},"properties":{"z":46.1}},{"type":"Feature","geometry":{"type":"Point","coordinates":[135.6458759,34.7573808]},"properties":{"z":46.1}},{"type":"Feature","geometry":{"type":"Point","coordinates":[135.6458331,34.7573528]},"properties":{"z":46.1}},{"type":"Feature","geometry":{"type":"Point","coordinates":[135.6457893,34.7573259]},"properties":{"z":45.9}},{"type":"Feature","geometry":{"type":"Point","coordinates":[135.6457481,34.7572963]},"properties":{"z":45.9}},{"type":"Feature","geometry":{"type":"Point","coordinates":[135.6457046,34.7572692]},"properties":{"z":45.9}},{"type":"Feature","geometry":{"type":"Point","coordinates":[135.6456595,34.7572438]},"properties":{"z":45.6}},{"type":"Feature","geometry":{"type":"Point","coordinates":[135.6456156,34.7572169]},"properties":{"z":44.7}},{"type":"Feature","geometry":{"type":"Point","coordinates":[135.6455719,34.7571898]},"properties":{"z":45.1}},{"type":"Feature","geometry":{"type":"Point","coordinates":[135.6455287,34.7571623]},"properties":{"z":43.9}},{"type":"Feature","geometry":{"type":"Point","coordinates":[135.6454857,34.7571345]},"properties":{"z":43.9}},{"type":"Feature","geometry":{"type":"Point","coordinates":[135.6454432,34.7571062]},"properties":{"z":42.7}},{"type":"Feature","geometry":{"type":"Point","coordinates":[135.6454,34.7570786]},"properties":{"z":42.7}},{"type":"Feature","geometry":{"type":"Point","coordinates":[135.6453551,34.7570529]},"properties":{"z":40.8}},{"type":"Feature","geometry":{"type":"Point","coordinates":[135.6453103,34.7570272]},"properties":{"z":40.8}},{"type":"Feature","geometry":{"type":"Point","coordinates":[135.6452656,34.7570012]},"properties":{"z":40.5}},{"type":"Feature","geometry":{"type":"Point","coordinates":[135.6452209,34.7569753]},"properties":{"z":39.7}},{"type":"Feature","geometry":{"type":"Point","coordinates":[135.645176,34.7569496]},"properties":{"z":39.8}},{"type":"Feature","geometry":{"type":"Point","coordinates":[135.645131,34.756924]},"properties":{"z":39.8}},{"type":"Feature","geometry":{"type":"Point","coordinates":[135.645086,34.7568984]},"properties":{"z":39.0}},{"type":"Feature","geometry":{"type":"Point","coordinates":[135.6450413,34.7568726]},"properties":{"z":39.0}},{"type":"Feature","geometry":{"type":"Point","coordinates":[135.6449966,34.7568467]},"properties":{"z":39.4}},{"type":"Feature","geometry":{"type":"Point","coordinates":[135.6449516,34.756821]},"properties":{"z":38.4}},{"type":"Feature","geometry":{"type":"Point","coordinates":[135.644906,34.7567962]},"properties":{"z":38.9}},{"type":"Feature","geometry":{"type":"Point","coordinates":[135.6448604,34.7567714]},"properties":{"z":38.2}},{"type":"Feature","geometry":{"type":"Point","coordinates":[135.6448142,34.7567474]},"properties":{"z":39.2}},{"type":"Feature","geometry":{"type":"Point","coordinates":[135.6447674,34.756724]},"properties":{"z":39.2}},{"type":"Feature","geometry":{"type":"Point","coordinates":[135.6447206,34.7567007]},"properties":{"z":40.0}},{"type":"Feature","geometry":{"type":"Point","coordinates":[135.6446736,34.7566778]},"properties":{"z":40.6}},{"type":"Feature","geometry":{"type":"Point","coordinates":[135.6446265,34.7566548]},"properties":{"z":40.6}},{"type":"Feature","geometry":{"type":"Point","coordinates":[135.6445796,34.7566318]},"properties":{"z":41.0}},{"type":"Feature","geometry":{"type":"Point","coordinates":[135.644533,34.7566081]},"properties":{"z":41.0}},{"type":"Feature","geometry":{"type":"Point","coordinates":[135.6444865,34.7565845]},"properties":{"z":41.7}},{"type":"Feature","geometry":{"type":"Point","coordinates":[135.6444399,34.7565608]},"properties":{"z":41.5}},{"type":"Feature","geometry":{"type":"Point","coordinates":[135.6443934,34.7565372]},"properties":{"z":42.0}},{"type":"Feature","geometry":{"type":"Point","coordinates":[135.6443469,34.7565136]},"properties":{"z":42.0}},{"type":"Feature","geometry":{"type":"Point","coordinates":[135.6443004,34.7564898]},"properties":{"z":42.2}},{"type":"Feature","geometry":{"type":"Point","coordinates":[135.6442541,34.7564659]},"properties":{"z":42.2}},{"type":"Feature","geometry":{"type":"Point","coordinates":[135.6442078,34.7564419]},"properties":{"z":42.7}},{"type":"Feature","geometry":{"type":"Point","coordinates":[135.6441615,34.756418]},"properties":{"z":42.4}},{"type":"Feature","geometry":{"type":"Point","coordinates":[135.6441151,34.7563942]},"properties":{"z":42.8}},{"type":"Feature","geometry":{"type":"Point","coordinates":[135.6440686,34.7563705]},"properties":{"z":43.0}},{"type":"Feature","geometry":{"type":"Point","coordinates":[135.6440222,34.7563466]},"properties":{"z":42.5}},{"type":"Feature","geometry":{"type":"Point","coordinates":[135.6439765,34.7563219]},"properties":{"z":42.3}},{"type":"Feature","geometry":{"type":"Point","coordinates":[135.6439308,34.7562972]},"properties":{"z":42.3}},{"type":"Feature","geometry":{"type":"Point","coordinates":[135.6438851,34.7562725]},"properties":{"z":41.5}},{"type":"Feature","geometry":{"type":"Point","coordinates":[135.6438386,34.7562488]},"properties":{"z":41.5}},{"type":"Feature","geometry":{"type":"Point","coordinates":[135.6437921,34.7562251]},"properties":{"z":41.1}},{"type":"Feature","geometry":{"type":"Point","coordinates":[135.6437451,34.7562021]},"properties":{"z":40.6}},{"type":"Feature","geometry":{"type":"Point","coordinates":[135.6436973,34.7561803]},"properties":{"z":40.0}},{"type":"Feature","geometry":{"type":"Point","coordinates":[135.6436469,34.7561632]},"properties":{"z":40.0}},{"type":"Feature","geometry":{"type":"Point","coordinates":[135.6435989,34.756143]},"properties":{"z":39.0}},{"type":"Feature","geometry":{"type":"Point","coordinates":[135.6435581,34.7561131]},"properties":{"z":37.7}},{"type":"Feature","geometry":{"type":"Point","coordinates":[135.6435132,34.7560875]},"properties":{"z":37.7}},{"type":"Feature","geometry":{"type":"Point","coordinates":[135.6434675,34.7560628]},"properties":{"z":38.7}},{"type":"Feature","geometry":{"type":"Point","coordinates":[135.6434204,34.7560405]},"properties":{"z":38.7}},{"type":"Feature","geometry":{"type":"Point","coordinates":[135.6433697,34.7560235]},"properties":{"z":39.9}},{"type":"Feature","geometry":{"type":"Point","coordinates":[135.6433201,34.7560046]},"properties":{"z":39.9}},{"type":"Feature","geometry":{"type":"Point","coordinates":[135.6432698,34.7559869]},"properties":{"z":41.4}},{"type":"Feature","geometry":{"type":"Point","coordinates":[135.6432197,34.7559689]},"properties":{"z":41.4}},{"type":"Feature","geometry":{"type":"Point","coordinates":[135.64317,34.7559501]},"properties":{"z":42.5}},{"type":"Feature","geometry":{"type":"Point","coordinates":[135.6431214,34.7559295]},"properties":{"z":43.7}},{"type":"Feature","geometry":{"type":"Point","coordinates":[135.6430742,34.7559068]},"properties":{"z":43.6}},{"type":"Feature","geometry":{"type":"Point","coordinates":[135.6430274,34.7558835]},"properties":{"z":44.2}},{"type":"Feature","geometry":{"type":"Point","coordinates":[135.6429808,34.7558599]},"properties":{"z":44.2}},{"type":"Feature","geometry":{"type":"Point","coordinates":[135.6429341,34.7558364]},"properties":{"z":44.2}},{"type":"Feature","geometry":{"type":"Point","coordinates":[135.6428876,34.7558127]},"properties":{"z":44.2}},{"type":"Feature","geometry":{"type":"Point","coordinates":[135.6428391,34.755792]},"properties":{"z":44.5}},{"type":"Feature","geometry":{"type":"Point","coordinates":[135.6427908,34.7557709]},"properties":{"z":44.2}},{"type":"Feature","geometry":{"type":"Point","coordinates":[135.6427454,34.7557459]},"properties":{"z":43.9}},{"type":"Feature","geometry":{"type":"Point","coordinates":[135.6426986,34.7557226]},"properties":{"z":43.5}},{"type":"Feature","geometry":{"type":"Point","coordinates":[135.6426516,34.7556996]},"properties":{"z":43.2}},{"type":"Feature","geometry":{"type":"Point","coordinates":[135.6426063,34.7556745]},"properties":{"z":42.7}},{"type":"Feature","geometry":{"type":"Point","coordinates":[135.6425606,34.7556497]},"properties":{"z":42.7}},{"type":"Feature","geometry":{"type":"Point","coordinates":[135.6425134,34.7556271]},"properties":{"z":41.9}},{"type":"Feature","geometry":{"type":"Point","coordinates":[135.6424656,34.7556054]},"properties":{"z":41.9}},{"type":"Feature","geometry":{"type":"Point","coordinates":[135.6424169,34.755585]},"properties":{"z":41.4}},{"type":"Feature","geometry":{"type":"Point","coordinates":[135.6423739,34.7555575]},"properties":{"z":41.1}},{"type":"Feature","geometry":{"type":"Point","coordinates":[135.6423273,34.7555339]},"properties":{"z":41.2}},{"type":"Feature","geometry":{"type":"Point","coordinates":[135.6422797,34.7555118]},"properties":{"z":41.2}},{"type":"Feature","geometry":{"type":"Point","coordinates":[135.6422316,34.7554903]},"properties":{"z":40.8}},{"type":"Feature","geometry":{"type":"Point","coordinates":[135.6421848,34.7554672]},"properties":{"z":41.1}},{"type":"Feature","geometry":{"type":"Point","coordinates":[135.6421341,34.7554503]},"properties":{"z":41.1}},{"type":"Feature","geometry":{"type":"Point","coordinates":[135.6420834,34.7554334]},"properties":{"z":40.7}},{"type":"Feature","geometry":{"type":"Point","coordinates":[135.6420343,34.7554135]},"properties":{"z":40.7}},{"type":"Feature","geometry":{"type":"Point","coordinates":[135.6419871,34.7553908]},"properties":{"z":41.7}},{"type":"Feature","geometry":{"type":"Point","coordinates":[135.6419437,34.7553637]},"properties":{"z":41.3}},{"type":"Feature","geometry":{"type":"Point","coordinates":[135.6418971,34.7553412]},"properties":{"z":42.2}},{"type":"Feature","geometry":{"type":"Point","coordinates":[135.6418491,34.7553196]},"properties":{"z":42.2}},{"type":"Feature","geometry":{"type":"Point","coordinates":[135.6418025,34.7552961]},"properties":{"z":43.0}},{"type":"Feature","geometry":{"type":"Point","coordinates":[135.6417569,34.7552713]},"properties":{"z":42.3}},{"type":"Feature","geometry":{"type":"Point","coordinates":[135.641712,34.7552456]},"properties":{"z":43.0}},{"type":"Feature","geometry":{"type":"Point","coordinates":[135.6416665,34.7552206]},"properties":{"z":43.1}},{"type":"Feature","geometry":{"type":"Point","coordinates":[135.6416206,34.7551962]},"properties":{"z":43.1}},{"type":"Feature","geometry":{"type":"Point","coordinates":[135.6415746,34.7551718]},"properties":{"z":42.7}},{"type":"Feature","geometry":{"type":"Point","coordinates":[135.6415283,34.7551479]},"properties":{"z":42.4}},{"type":"Feature","geometry":{"type":"Point","coordinates":[135.6414819,34.755124]},"properties":{"z":41.8}},{"type":"Feature","geometry":{"type":"Point","coordinates":[135.6414361,34.7550994]},"properties":{"z":41.8}},{"type":"Feature","geometry":{"type":"Point","coordinates":[135.6413909,34.7550741]},"properties":{"z":41.1}},{"type":"Feature","geometry":{"type":"Point","coordinates":[135.641346,34.7550484]},"properties":{"z":41.1}},{"type":"Feature","geometry":{"type":"Point","coordinates":[135.6413021,34.7550216]},"properties":{"z":40.6}},{"type":"Feature","geometry":{"type":"Point","coordinates":[135.6412563,34.7549972]},"properties":{"z":40.6}},{"type":"Feature","geometry":{"type":"Point","coordinates":[135.6412084,34.7549755]},"properties":{"z":40.1}},{"type":"Feature","geometry":{"type":"Point","coordinates":[135.6411591,34.754956]},"properties":{"z":40.1}},{"type":"Feature","geometry":{"type":"Point","coordinates":[135.6411127,34.7549324]},"properties":{"z":38.7}},{"type":"Feature","geometry":{"type":"Point","coordinates":[135.6410677,34.7549068]},"properties":{"z":37.0}},{"type":"Feature","geometry":{"type":"Point","coordinates":[135.6410225,34.7548815]},"properties":{"z":37.0}},{"type":"Feature","geometry":{"type":"Point","coordinates":[135.6409771,34.7548564]},"properties":{"z":35.1}},{"type":"Feature","geometry":{"type":"Point","coordinates":[135.6409314,34.7548317]},"properties":{"z":35.1}},{"type":"Feature","geometry":{"type":"Point","coordinates":[135.6408856,34.7548071]},"properties":{"z":33.7}},{"type":"Feature","geometry":{"type":"Point","coordinates":[135.6408399,34.7547824]},"properties":{"z":32.6}},{"type":"Feature","geometry":{"type":"Point","coordinates":[135.6407926,34.7547597]},"properties":{"z":31.2}},{"type":"Feature","geometry":{"type":"Point","coordinates":[135.6407458,34.7547366]},"properties":{"z":31.2}},{"type":"Feature","geometry":{"type":"Point","coordinates":[135.6406998,34.7547122]},"properties":{"z":29.3}},{"type":"Feature","geometry":{"type":"Point","coordinates":[135.6406533,34.7546885]},"properties":{"z":29.3}},{"type":"Feature","geometry":{"type":"Point","coordinates":[135.6406068,34.7546648]},"properties":{"z":28.6}},{"type":"Feature","geometry":{"type":"Point","coordinates":[135.6405625,34.7546385]},"properties":{"z":28.1}},{"type":"Feature","geometry":{"type":"Point","coordinates":[135.6405168,34.7546137]},"properties":{"z":27.4}},{"type":"Feature","geometry":{"type":"Point","coordinates":[135.6404703,34.75459]},"properties":{"z":27.4}},{"type":"Feature","geometry":{"type":"Point","coordinates":[135.6404229,34.7545677]},"properties":{"z":26.5}},{"type":"Feature","geometry":{"type":"Point","coordinates":[135.6403748,34.7545463]},"properties":{"z":26.7}},{"type":"Feature","geometry":{"type":"Point","coordinates":[135.6403283,34.7545226]},"properties":{"z":26.7}},{"type":"Feature","geometry":{"type":"Point","coordinates":[135.6402822,34.7544984]},"properties":{"z":26.8}},{"type":"Feature","geometry":{"type":"Point","coordinates":[135.640236,34.7544743]},"properties":{"z":26.8}},{"type":"Feature","geometry":{"type":"Point","coordinates":[135.6401899,34.7544501]},"properties":{"z":27.4}},{"type":"Feature","geometry":{"type":"Point","coordinates":[135.6401446,34.754425]},"properties":{"z":26.9}},{"type":"Feature","geometry":{"type":"Point","coordinates":[135.6400992,34.7543998]},"properties":{"z":27.3}},{"type":"Feature","geometry":{"type":"Point","coordinates":[135.6400538,34.7543747]},"properties":{"z":26.6}},{"type":"Feature","geometry":{"type":"Point","coordinates":[135.6400062,34.7543528]},"properties":{"z":26.0}},{"type":"Feature","geometry":{"type":"Point","coordinates":[135.6399574,34.7543325]},"properties":{"z":26.0}},{"type":"Feature","geometry":{"type":"Point","coordinates":[135.6399097,34.7543104]},"properties":{"z":25.3}},{"type":"Feature","geometry":{"type":"Point","coordinates":[135.6398612,34.7542897]},"properties":{"z":24.1}},{"type":"Feature","geometry":{"type":"Point","coordinates":[135.6398138,34.7542673]},"properties":{"z":24.1}},{"type":"Feature","geometry":{"type":"Point","coordinates":[135.6397673,34.7542436]},"properties":{"z":23.9}},{"type":"Feature","geometry":{"type":"Point","coordinates":[135.6397212,34.7542194]},"properties":{"z":23.4}},{"type":"Feature","geometry":{"type":"Point","coordinates":[135.6396762,34.7541939]},"properties":{"z":23.2}},{"type":"Feature","geometry":{"type":"Point","coordinates":[135.6396313,34.7541682]},"properties":{"z":23.2}},{"type":"Feature","geometry":{"type":"Point","coordinates":[135.6395848,34.7541445]},"properties":{"z":22.4}},{"type":"Feature","geometry":{"type":"Point","coordinates":[135.6395387,34.7541202]},"properties":{"z":22.4}},{"type":"Feature","geometry":{"type":"Point","coordinates":[135.6394919,34.7540971]},"properties":{"z":22.3}},{"type":"Feature","geometry":{"type":"Point","coordinates":[135.6394437,34.7540758]},"properties":{"z":21.7}},{"type":"Feature","geometry":{"type":"Point","coordinates":[135.6393981,34.7540509]},"properties":{"z":21.6}},{"type":"Feature","geometry":{"type":"Point","coordinates":[135.6393495,34.7540308]},"properties":{"z":21.4}},{"type":"Feature","geometry":{"type":"Point","coordinates":[135.6392993,34.754013]},"properties":{"z":20.8}},{"type":"Feature","geometry":{"type":"Point","coordinates":[135.6392513,34.7539914]},"properties":{"z":20.7}},{"type":"Feature","geometry":{"type":"Point","coordinates":[135.6392044,34.7539682]},"properties":{"z":20.7}},{"type":"Feature","geometry":{"type":"Point","coordinates":[135.6391586,34.7539437]},"properties":{"z":19.7}},{"type":"Feature","geometry":{"type":"Point","coordinates":[135.639114,34.7539177]},"properties":{"z":19.7}},{"type":"Feature","geometry":{"type":"Point","coordinates":[135.6390682,34.7538932]},"properties":{"z":19.2}},{"type":"Feature","geometry":{"type":"Point","coordinates":[135.6390211,34.7538703]},"properties":{"z":18.0}},{"type":"Feature","geometry":{"type":"Point","coordinates":[135.6389749,34.7538462]},"properties":{"z":16.8}},{"type":"Feature","geometry":{"type":"Point","coordinates":[135.6389275,34.7538239]},"properties":{"z":16.8}},{"type":"Feature","geometry":{"type":"Point","coordinates":[135.6388791,34.7538028]},"properties":{"z":15.1}},{"type":"Feature","geometry":{"type":"Point","coordinates":[135.638835,34.7537763]},"properties":{"z":14.7}},{"type":"Feature","geometry":{"type":"Point","coordinates":[135.6387903,34.7537504]},"properties":{"z":14.7}},{"type":"Feature","geometry":{"type":"Point","coordinates":[135.6387447,34.7537255]},"properties":{"z":14.5}},{"type":"Feature","geometry":{"type":"Point","coordinates":[135.6386982,34.7537018]},"properties":{"z":14.5}},{"type":"Feature","geometry":{"type":"Point","coordinates":[135.6386513,34.7536787]},"properties":{"z":14.5}},{"type":"Feature","geometry":{"type":"Point","coordinates":[135.6386038,34.7536563]},"properties":{"z":14.3}},{"type":"Feature","geometry":{"type":"Point","coordinates":[135.6385563,34.7536341]},"properties":{"z":14.2}},{"type":"Feature","geometry":{"type":"Point","coordinates":[135.6385094,34.7536109]},"properties":{"z":14.2}},{"type":"Feature","geometry":{"type":"Point","coordinates":[135.6384627,34.7535875]},"properties":{"z":13.8}},{"type":"Feature","geometry":{"type":"Point","coordinates":[135.6384154,34.753565]},"properties":{"z":13.8}},{"type":"Feature","geometry":{"type":"Point","coordinates":[135.6383678,34.7535428]},"properties":{"z":13.6}},{"type":"Feature","geometry":{"type":"Point","coordinates":[135.6383206,34.75352]},"properties":{"z":13.2}},{"type":"Feature","geometry":{"type":"Point","coordinates":[135.638274,34.7534965]},"properties":{"z":13.2}},{"type":"Feature","geometry":{"type":"Point","coordinates":[135.6382273,34.753473]},"properties":{"z":13.0}},{"type":"Feature","geometry":{"type":"Point","coordinates":[135.638181,34.7534491]},"properties":{"z":12.9}},{"type":"Feature","geometry":{"type":"Point","coordinates":[135.6381347,34.7534252]},"properties":{"z":12.7}},{"type":"Feature","geometry":{"type":"Point","coordinates":[135.6380894,34.7534001]},"properties":{"z":12.7}},{"type":"Feature","geometry":{"type":"Point","coordinates":[135.6380467,34.753372]},"properties":{"z":12.4}},{"type":"Feature","geometry":{"type":"Point","coordinates":[135.638004,34.7533438]},"properties":{"z":12.4}},{"type":"Feature","geometry":{"type":"Point","coordinates":[135.6379616,34.7533155]},"properties":{"z":12.4}},{"type":"Feature","geometry":{"type":"Point","coordinates":[135.6379192,34.753287]},"properties":{"z":12.4}},{"type":"Feature","geometry":{"type":"Point","coordinates":[135.6378759,34.7532597]},"properties":{"z":12.1}},{"type":"Feature","geometry":{"type":"Point","coordinates":[135.6378301,34.7532351]},"properties":{"z":12.3}},{"type":"Feature","geometry":{"type":"Point","coordinates":[135.6377843,34.7532105]},"properties":{"z":12.1}},{"type":"Feature","geometry":{"type":"Point","coordinates":[135.6377349,34.7531912]},"properties":{"z":12.1}},{"type":"Feature","geometry":{"type":"Point","coordinates":[135.637685,34.7531729]},"properties":{"z":12.1}},{"type":"Feature","geometry":{"type":"Point","coordinates":[135.6376348,34.7531549]},"properties":{"z":11.9}},{"type":"Feature","geometry":{"type":"Point","coordinates":[135.6375845,34.7531373]},"properties":{"z":11.9}},{"type":"Feature","geometry":{"type":"Point","coordinates":[135.6375342,34.7531196]},"properties":{"z":11.7}},{"type":"Feature","geometry":{"type":"Point","coordinates":[135.6374838,34.7531022]},"properties":{"z":11.8}},{"type":"Feature","geometry":{"type":"Point","coordinates":[135.6374334,34.7530847]},"properties":{"z":11.6}},{"type":"Feature","geometry":{"type":"Point","coordinates":[135.6373836,34.7530661]},"properties":{"z":11.6}},{"type":"Feature","geometry":{"type":"Point","coordinates":[135.6373359,34.7530441]},"properties":{"z":11.5}},{"type":"Feature","geometry":{"type":"Point","coordinates":[135.6372882,34.7530221]},"properties":{"z":11.5}},{"type":"Feature","geometry":{"type":"Point","coordinates":[135.6372413,34.752999]},"properties":{"z":11.5}},{"type":"Feature","geometry":{"type":"Point","coordinates":[135.6371952,34.7529748]},"properties":{"z":11.3}},{"type":"Feature","geometry":{"type":"Point","coordinates":[135.6371491,34.7529506]},"properties":{"z":11.4}},{"type":"Feature","geometry":{"type":"Point","coordinates":[135.6371036,34.7529256]},"properties":{"z":11.3}},{"type":"Feature","geometry":{"type":"Point","coordinates":[135.6370583,34.7529004]},"properties":{"z":11.3}},{"type":"Feature","geometry":{"type":"Point","coordinates":[135.6370131,34.7528751]},"properties":{"z":11.2}},{"type":"Feature","geometry":{"type":"Point","coordinates":[135.6369679,34.7528498]},"properties":{"z":11.2}},{"type":"Feature","geometry":{"type":"Point","coordinates":[135.6369227,34.7528245]},"properties":{"z":11.1}},{"type":"Feature","geometry":{"type":"Point","coordinates":[135.6368775,34.7527991]},"properties":{"z":11.1}},{"type":"Feature","geometry":{"type":"Point","coordinates":[135.6368338,34.7527721]},"properties":{"z":10.9}},{"type":"Feature","geometry":{"type":"Point","coordinates":[135.6367902,34.7527449]},"properties":{"z":11.0}},{"type":"Feature","geometry":{"type":"Point","coordinates":[135.6367466,34.7527177]},"properties":{"z":10.8}},{"type":"Feature","geometry":{"type":"Point","coordinates":[135.6367011,34.7526929]},"properties":{"z":10.8}},{"type":"Feature","geometry":{"type":"Point","coordinates":[135.6366552,34.7526683]},"properties":{"z":10.7}},{"type":"Feature","geometry":{"type":"Point","coordinates":[135.6366094,34.7526438]},"properties":{"z":10.7}},{"type":"Feature","geometry":{"type":"Point","coordinates":[135.636563,34.7526199]},"properties":{"z":10.6}},{"type":"Feature","geometry":{"type":"Point","coordinates":[135.6365167,34.752596]},"properties":{"z":10.5}},{"type":"Feature","geometry":{"type":"Point","coordinates":[135.63647,34.7525726]},"properties":{"z":10.5}},{"type":"Feature","geometry":{"type":"Point","coordinates":[135.6364219,34.7525512]},"properties":{"z":10.6}},{"type":"Feature","geometry":{"type":"Point","coordinates":[135.6363738,34.7525298]},"properties":{"z":10.7}},{"type":"Feature","geometry":{"type":"Point","coordinates":[135.6363268,34.7525068]},"properties":{"z":10.7}},{"type":"Feature","geometry":{"type":"Point","coordinates":[135.6362802,34.7524833]},"properties":{"z":10.7}},{"type":"Feature","geometry":{"type":"Point","coordinates":[135.6362344,34.7524587]},"properties":{"z":10.7}},{"type":"Feature","geometry":{"type":"Point","coordinates":[135.63619,34.7524324]},"properties":{"z":10.7}},{"type":"Feature","geometry":{"type":"Point","coordinates":[135.6361457,34.7524061]},"properties":{"z":10.6}},{"type":"Feature","geometry":{"type":"Point","coordinates":[135.6361015,34.7523796]},"properties":{"z":10.7}},{"type":"Feature","geometry":{"type":"Point","coordinates":[135.6360592,34.7523512]},"properties":{"z":10.6}},{"type":"Feature","geometry":{"type":"Point","coordinates":[135.6360199,34.7523199]},"properties":{"z":10.7}},{"type":"Feature","geometry":{"type":"Point","coordinates":[135.635974,34.7522976]},"properties":{"z":10.4}},{"type":"Feature","geometry":{"type":"Point","coordinates":[135.6359294,34.7522717]},"properties":{"z":10.4}},{"type":"Feature","geometry":{"type":"Point","coordinates":[135.6358832,34.7522475]},"properties":{"z":10.4}},{"type":"Feature","geometry":{"type":"Point","coordinates":[135.63584,34.75222]},"properties":{"z":10.4}},{"type":"Feature","geometry":{"type":"Point","coordinates":[135.6358017,34.7521882]},"properties":{"z":10.4}},{"type":"Feature","geometry":{"type":"Point","coordinates":[135.635768,34.752153]},"properties":{"z":10.4}},{"type":"Feature","geometry":{"type":"Point","coordinates":[135.6357443,34.7521125]},"properties":{"z":10.2}},{"type":"Feature","geometry":{"type":"Point","coordinates":[135.6357186,34.7520728]},"properties":{"z":10.2}},{"type":"Feature","geometry":{"type":"Point","coordinates":[135.6356881,34.7520359]},"properties":{"z":10.2}},{"type":"Feature","geometry":{"type":"Point","coordinates":[135.6356505,34.7520032]},"properties":{"z":10.1}},{"type":"Feature","geometry":{"type":"Point","coordinates":[135.6356064,34.7519767]},"properties":{"z":10.1}},{"type":"Feature","geometry":{"type":"Point","coordinates":[135.6355614,34.7519512]},"properties":{"z":10.0}},{"type":"Feature","geometry":{"type":"Point","coordinates":[135.6355155,34.7519267]},"properties":{"z":10.0}},{"type":"Feature","geometry":{"type":"Point","coordinates":[135.6354686,34.7519036]},"properties":{"z":10.1}},{"type":"Feature","geometry":{"type":"Point","coordinates":[135.6354235,34.7518782]},"properties":{"z":10.1}},{"type":"Feature","geometry":{"type":"Point","coordinates":[135.6353788,34.7518523]},"properties":{"z":10.1}},{"type":"Feature","geometry":{"type":"Point","coordinates":[135.6353328,34.7518279]},"properties":{"z":10.3}},{"type":"Feature","geometry":{"type":"Point","coordinates":[135.635288,34.7518022]},"properties":{"z":10.4}},{"type":"Feature","geometry":{"type":"Point","coordinates":[135.6352441,34.7517753]},"properties":{"z":10.4}},{"type":"Feature","geometry":{"type":"Point","coordinates":[135.6352023,34.7517464]},"properties":{"z":10.4}},{"type":"Feature","geometry":{"type":"Point","coordinates":[135.6351625,34.7517155]},"properties":{"z":10.4}},{"type":"Feature","geometry":{"type":"Point","coordinates":[135.6351229,34.7516845]},"properties":{"z":10.2}},{"type":"Feature","geometry":{"type":"Point","coordinates":[135.6350824,34.7516543]},"properties":{"z":10.2}},{"type":"Feature","geometry":{"type":"Point","coordinates":[135.6350393,34.7516267]},"properties":{"z":9.9}},{"type":"Feature","geometry":{"type":"Point","coordinates":[135.6349947,34.7516006]},"properties":{"z":9.9}},{"type":"Feature","geometry":{"type":"Point","coordinates":[135.6349501,34.7515746]},"properties":{"z":9.9}},{"type":"Feature","geometry":{"type":"Point","coordinates":[135.6349066,34.7515474]},"properties":{"z":9.7}},{"type":"Feature","geometry":{"type":"Point","coordinates":[135.6348621,34.7515212]},"properties":{"z":9.7}},{"type":"Feature","geometry":{"type":"Point","coordinates":[135.6348189,34.7514936]},"properties":{"z":9.7}},{"type":"Feature","geometry":{"type":"Point","coordinates":[135.6347761,34.7514657]},"properties":{"z":9.5}},{"type":"Feature","geometry":{"type":"Point","coordinates":[135.6347331,34.7514379]},"properties":{"z":9.5}},{"type":"Feature","geometry":{"type":"Point","coordinates":[135.6346906,34.7514095]},"properties":{"z":9.3}},{"type":"Feature","geometry":{"type":"Point","coordinates":[135.6346471,34.7513823]},"properties":{"z":9.3}},{"type":"Feature","geometry":{"type":"Point","coordinates":[135.634604,34.7513547]},"properties":{"z":9.3}},{"type":"Feature","geometry":{"type":"Point","coordinates":[135.6345622,34.7513257]},"properties":{"z":9.1}},{"type":"Feature","geometry":{"type":"Point","coordinates":[135.6345201,34.751297]},"properties":{"z":9.1}},{"type":"Feature","geometry":{"type":"Point","coordinates":[135.6344758,34.7512706]},"properties":{"z":9.0}},{"type":"Feature","geometry":{"type":"Point","coordinates":[135.6344323,34.7512433]},"properties":{"z":8.9}},{"type":"Feature","geometry":{"type":"Point","coordinates":[135.6343895,34.7512153]},"properties":{"z":8.9}},{"type":"Feature","geometry":{"type":"Point","coordinates":[135.6343433,34.7511913]},"properties":{"z":8.8}},{"type":"Feature","geometry":{"type":"Point","coordinates":[135.6342968,34.7511676]},"properties":{"z":8.8}},{"type":"Feature","geometry":{"type":"Point","coordinates":[135.63425,34.7511443]},"properties":{"z":8.6}},{"type":"Feature","geometry":{"type":"Point","coordinates":[135.6342043,34.7511196]},"properties":{"z":8.7}},{"type":"Feature","geometry":{"type":"Point","coordinates":[135.6341607,34.7510925]},"properties":{"z":8.6}},{"type":"Feature","geometry":{"type":"Point","coordinates":[135.6341177,34.7510647]},"properties":{"z":8.6}},{"type":"Feature","geometry":{"type":"Point","coordinates":[135.6340739,34.7510378]},"properties":{"z":8.5}},{"type":"Feature","geometry":{"type":"Point","coordinates":[135.6340323,34.7510086]},"properties":{"z":8.5}},{"type":"Feature","geometry":{"type":"Point","coordinates":[135.6339929,34.7509775]},"properties":{"z":8.4}},{"type":"Feature","geometry":{"type":"Point","coordinates":[135.6339563,34.7509441]},"properties":{"z":8.4}},{"type":"Feature","geometry":{"type":"Point","coordinates":[135.6339176,34.7509123]},"properties":{"z":8.4}},{"type":"Feature","geometry":{"type":"Point","coordinates":[135.6338771,34.7508822]},"properties":{"z":8.4}},{"type":"Feature","geometry":{"type":"Point","coordinates":[135.6338361,34.7508524]},"properties":{"z":8.5}},{"type":"Feature","geometry":{"type":"Point","coordinates":[135.6337958,34.750822]},"properties":{"z":8.6}},{"type":"Feature","geometry":{"type":"Point","coordinates":[135.6337543,34.7507927]},"properties":{"z":8.7}},{"type":"Feature","geometry":{"type":"Point","coordinates":[135.6337128,34.7507634]},"properties":{"z":8.8}},{"type":"Feature","geometry":{"type":"Point","coordinates":[135.6336718,34.7507337]},"properties":{"z":8.9}},{"type":"Feature","geometry":{"type":"Point","coordinates":[135.6336297,34.7507051]},"properties":{"z":9.0}},{"type":"Feature","geometry":{"type":"Point","coordinates":[135.6335839,34.7506805]},"properties":{"z":9.1}},{"type":"Feature","geometry":{"type":"Point","coordinates":[135.6335421,34.7506516]},"properties":{"z":9.1}},{"type":"Feature","geometry":{"type":"Point","coordinates":[135.6334991,34.7506238]},"properties":{"z":9.4}},{"type":"Feature","geometry":{"type":"Point","coordinates":[135.6334539,34.7505986]},"properties":{"z":9.4}},{"type":"Feature","geometry":{"type":"Point","coordinates":[135.6334066,34.7505762]},"properties":{"z":9.5}},{"type":"Feature","geometry":{"type":"Point","coordinates":[135.6333626,34.7505494]},"properties":{"z":9.5}},{"type":"Feature","geometry":{"type":"Point","coordinates":[135.6333163,34.7505255]},"properties":{"z":9.7}},{"type":"Feature","geometry":{"type":"Point","coordinates":[135.6332648,34.7505182]},"properties":{"z":9.7}},{"type":"Feature","geometry":{"type":"Point","coordinates":[135.6332152,34.7505332]},"properties":{"z":9.8}},{"type":"Feature","geometry":{"type":"Point","coordinates":[135.6331687,34.7505569]},"properties":{"z":9.9}},{"type":"Feature","geometry":{"type":"Point","coordinates":[135.6331203,34.7505774]},"properties":{"z":9.9}},{"type":"Feature","geometry":{"type":"Point","coordinates":[135.6330684,34.7505917]},"properties":{"z":10.0}},{"type":"Feature","geometry":{"type":"Point","coordinates":[135.6330235,34.7505743]},"properties":{"z":10.0}},{"type":"Feature","geometry":{"type":"Point","coordinates":[135.6329955,34.7505391]},"properties":{"z":10.0}},{"type":"Feature","geometry":{"type":"Point","coordinates":[135.6329545,34.7505094]},"properties":{"z":10.0}},{"type":"Feature","geometry":{"type":"Point","coordinates":[135.6329156,34.7504778]},"properties":{"z":10.0}},{"type":"Feature","geometry":{"type":"Point","coordinates":[135.6328786,34.7504447]},"properties":{"z":10.0}},{"type":"Feature","geometry":{"type":"Point","coordinates":[135.6328385,34.7504141]},"properties":{"z":10.0}},{"type":"Feature","geometry":{"type":"Point","coordinates":[135.6327934,34.7503888]},"properties":{"z":10.0}},{"type":"Feature","geometry":{"type":"Point","coordinates":[135.6327507,34.7503607]},"properties":{"z":10.0}},{"type":"Feature","geometry":{"type":"Point","coordinates":[135.6327096,34.750331]},"properties":{"z":10.0}},{"type":"Feature","geometry":{"type":"Point","coordinates":[135.6326685,34.7503015]},"properties":{"z":10.0}},{"type":"Feature","geometry":{"type":"Point","coordinates":[135.6326251,34.7502741]},"properties":{"z":10.0}},{"type":"Feature","geometry":{"type":"Point","coordinates":[135.6325843,34.7502441]},"properties":{"z":10.0}},{"type":"Feature","geometry":{"type":"Point","coordinates":[135.6325423,34.7502154]},"properties":{"z":9.9}},{"type":"Feature","geometry":{"type":"Point","coordinates":[135.6324982,34.7501889]},"properties":{"z":9.9}},{"type":"Feature","geometry":{"type":"Point","coordinates":[135.6324534,34.750163]},"properties":{"z":9.9}},{"type":"Feature","geometry":{"type":"Point","coordinates":[135.6324085,34.7501374]},"properties":{"z":9.9}},{"type":"Feature","geometry":{"type":"Point","coordinates":[135.6323604,34.750116]},"properties":{"z":9.8}},{"type":"Feature","geometry":{"type":"Point","coordinates":[135.6323131,34.7500934]},"properties":{"z":9.8}},{"type":"Feature","geometry":{"type":"Point","coordinates":[135.632268,34.7500681]},"properties":{"z":9.9}},{"type":"Feature","geometry":{"type":"Point","coordinates":[135.6322241,34.7500412]},"properties":{"z":9.9}},{"type":"Feature","geometry":{"type":"Point","coordinates":[135.6321804,34.7500143]},"properties":{"z":9.9}},{"type":"Feature","geometry":{"type":"Point","coordinates":[135.6321332,34.7499915]},"properties":{"z":9.8}},{"type":"Feature","geometry":{"type":"Point","coordinates":[135.6320855,34.7499695]},"properties":{"z":9.8}},{"type":"Feature","geometry":{"type":"Point","coordinates":[135.6320374,34.7499481]},"properties":{"z":9.7}},{"type":"Feature","geometry":{"type":"Point","coordinates":[135.6319919,34.7499231]},"properties":{"z":9.7}},{"type":"Feature","geometry":{"type":"Point","coordinates":[135.6319468,34.7498977]},"properties":{"z":9.5}},{"type":"Feature","geometry":{"type":"Point","coordinates":[135.6319019,34.749872]},"properties":{"z":9.5}},{"type":"Feature","geometry":{"type":"Point","coordinates":[135.6318623,34.7498411]},"properties":{"z":9.4}},{"type":"Feature","geometry":{"type":"Point","coordinates":[135.6318199,34.749813]},"properties":{"z":9.4}},{"type":"Feature","geometry":{"type":"Point","coordinates":[135.6317741,34.7497884]},"properties":{"z":9.3}},{"type":"Feature","geometry":{"type":"Point","coordinates":[135.6317297,34.7497622]},"properties":{"z":9.3}},{"type":"Feature","geometry":{"type":"Point","coordinates":[135.6316859,34.7497352]},"properties":{"z":9.2}},{"type":"Feature","geometry":{"type":"Point","coordinates":[135.6316435,34.7497068]},"properties":{"z":9.2}},{"type":"Feature","geometry":{"type":"Point","coordinates":[135.6316011,34.7496784]},"properties":{"z":9.2}},{"type":"Feature","geometry":{"type":"Point","coordinates":[135.631559,34.7496497]},"properties":{"z":9.1}},{"type":"Feature","geometry":{"type":"Point","coordinates":[135.631519,34.7496191]},"properties":{"z":9.0}},{"type":"Feature","geometry":{"type":"Point","coordinates":[135.6314767,34.7495906]},"properties":{"z":9.0}},{"type":"Feature","geometry":{"type":"Point","coordinates":[135.6314332,34.7495633]},"properties":{"z":9.0}},{"type":"Feature","geometry":{"type":"Point","coordinates":[135.6313896,34.7495362]},"properties":{"z":9.0}},{"type":"Feature","geometry":{"type":"Point","coordinates":[135.6313443,34.749511]},"properties":{"z":9.0}},{"type":"Feature","geometry":{"type":"Point","coordinates":[135.6312982,34.7494868]},"properties":{"z":9.0}},{"type":"Feature","geometry":{"type":"Point","coordinates":[135.6312516,34.7494633]},"properties":{"z":8.9}},{"type":"Feature","geometry":{"type":"Point","coordinates":[135.6312126,34.7494318]},"properties":{"z":9.0}},{"type":"Feature","geometry":{"type":"Point","coordinates":[135.631173,34.7494008]},"properties":{"z":8.9}},{"type":"Feature","geometry":{"type":"Point","coordinates":[135.6311329,34.7493703]},"properties":{"z":8.8}},{"type":"Feature","geometry":{"type":"Point","coordinates":[135.6310924,34.74934]},"properties":{"z":8.8}},{"type":"Feature","geometry":{"type":"Point","coordinates":[135.6310553,34.749307]},"properties":{"z":8.8}},{"type":"Feature","geometry":{"type":"Point","coordinates":[135.6310151,34.7492767]},"properties":{"z":8.6}},{"type":"Feature","geometry":{"type":"Point","coordinates":[135.6309719,34.7492492]},"properties":{"z":8.6}},{"type":"Feature","geometry":{"type":"Point","coordinates":[135.6309296,34.7492206]},"properties":{"z":8.5}},{"type":"Feature","geometry":{"type":"Point","coordinates":[135.6308879,34.7491915]},"properties":{"z":8.5}},{"type":"Feature","geometry":{"type":"Point","coordinates":[135.630847,34.7491617]},"properties":{"z":8.4}},{"type":"Feature","geometry":{"type":"Point","coordinates":[135.6308071,34.749131]},"properties":{"z":8.3}},{"type":"Feature","geometry":{"type":"Point","coordinates":[135.6307678,34.7490997]},"properties":{"z":8.3}},{"type":"Feature","geometry":{"type":"Point","coordinates":[135.630728,34.7490688]},"properties":{"z":8.2}},{"type":"Feature","geometry":{"type":"Point","coordinates":[135.6306878,34.7490384]},"properties":{"z":8.2}},{"type":"Feature","geometry":{"type":"Point","coordinates":[135.6306472,34.7490083]},"properties":{"z":8.1}},{"type":"Feature","geometry":{"type":"Point","coordinates":[135.6306052,34.7489794]},"properties":{"z":8.1}},{"type":"Feature","geometry":{"type":"Point","coordinates":[135.6305632,34.7489506]},"properties":{"z":8.0}},{"type":"Feature","geometry":{"type":"Point","coordinates":[135.6305215,34.7489215]},"properties":{"z":8.0}},{"type":"Feature","geometry":{"type":"Point","coordinates":[135.63048,34.7488923]},"properties":{"z":8.0}},{"type":"Feature","geometry":{"type":"Point","coordinates":[135.6304385,34.748863]},"properties":{"z":8.0}},{"type":"Feature","geometry":{"type":"Point","coordinates":[135.6303956,34.748835]},"properties":{"z":7.9}},{"type":"Feature","geometry":{"type":"Point","coordinates":[135.6303526,34.7488073]},"properties":{"z":7.9}},{"type":"Feature","geometry":{"type":"Point","coordinates":[135.6303095,34.7487796]},"properties":{"z":7.8}},{"type":"Feature","geometry":{"type":"Point","coordinates":[135.6302664,34.7487519]},"properties":{"z":7.8}},{"type":"Feature","geometry":{"type":"Point","coordinates":[135.6302234,34.7487242]},"properties":{"z":7.8}},{"type":"Feature","geometry":{"type":"Point","coordinates":[135.6301801,34.7486966]},"properties":{"z":7.8}},{"type":"Feature","geometry":{"type":"Point","coordinates":[135.6301368,34.7486692]},"properties":{"z":7.8}},{"type":"Feature","geometry":{"type":"Point","coordinates":[135.6300939,34.7486412]},"properties":{"z":7.8}},{"type":"Feature","geometry":{"type":"Point","coordinates":[135.6300521,34.7486123]},"properties":{"z":7.7}},{"type":"Feature","geometry":{"type":"Point","coordinates":[135.6300103,34.7485833]},"properties":{"z":7.7}},{"type":"Feature","geometry":{"type":"Point","coordinates":[135.6299675,34.7485553]},"properties":{"z":7.6}},{"type":"Feature","geometry":{"type":"Point","coordinates":[135.6299246,34.7485274]},"properties":{"z":7.6}},{"type":"Feature","geometry":{"type":"Point","coordinates":[135.6298808,34.7485004]},"properties":{"z":7.6}},{"type":"Feature","geometry":{"type":"Point","coordinates":[135.6298358,34.748475]},"properties":{"z":7.6}},{"type":"Feature","geometry":{"type":"Point","coordinates":[135.6297915,34.7484486]},"properties":{"z":7.6}},{"type":"Feature","geometry":{"type":"Point","coordinates":[135.6297581,34.7484143]},"properties":{"z":7.6}},{"type":"Feature","geometry":{"type":"Point","coordinates":[135.6297382,34.7483727]},"properties":{"z":7.5}},{"type":"Feature","geometry":{"type":"Point","coordinates":[135.6297232,34.7483296]},"properties":{"z":7.5}},{"type":"Feature","geometry":{"type":"Point","coordinates":[135.6296894,34.7482942]},"properties":{"z":7.5}},{"type":"Feature","geometry":{"type":"Point","coordinates":[135.6296519,34.7482619]},"properties":{"z":7.4}},{"type":"Feature","geometry":{"type":"Point","coordinates":[135.629609,34.748234]},"properties":{"z":7.4}},{"type":"Feature","geometry":{"type":"Point","coordinates":[135.6295646,34.7482079]},"properties":{"z":7.4}},{"type":"Feature","geometry":{"type":"Point","coordinates":[135.6295198,34.748182]},"properties":{"z":7.4}},{"type":"Feature","geometry":{"type":"Point","coordinates":[135.6294761,34.7481549]},"properties":{"z":7.4}},{"type":"Feature","geometry":{"type":"Point","coordinates":[135.6294323,34.7481281]},"properties":{"z":7.4}},{"type":"Feature","geometry":{"type":"Point","coordinates":[135.6293876,34.7481021]},"properties":{"z":7.3}},{"type":"Feature","geometry":{"type":"Point","coordinates":[135.6293439,34.7480752]},"properties":{"z":7.3}},{"type":"Feature","geometry":{"type":"Point","coordinates":[135.629301,34.7480472]},"properties":{"z":7.3}},{"type":"Feature","geometry":{"type":"Point","coordinates":[135.6292753,34.7480076]},"properties":{"z":7.3}},{"type":"Feature","geometry":{"type":"Point","coordinates":[135.6292489,34.7479682]},"properties":{"z":7.3}},{"type":"Feature","geometry":{"type":"Point","coordinates":[135.6292161,34.7479339]},"properties":{"z":7.2}},{"type":"Feature","geometry":{"type":"Point","coordinates":[135.6291689,34.7479111]},"properties":{"z":7.2}},{"type":"Feature","geometry":{"type":"Point","coordinates":[135.6291196,34.7478916]},"properties":{"z":7.1}},{"type":"Feature","geometry":{"type":"Point","coordinates":[135.629072,34.7478696]},"properties":{"z":7.1}},{"type":"Feature","geometry":{"type":"Point","coordinates":[135.6290259,34.7478454]},"properties":{"z":7.1}},{"type":"Feature","geometry":{"type":"Point","coordinates":[135.6289811,34.7478197]},"properties":{"z":7.1}},{"type":"Feature","geometry":{"type":"Point","coordinates":[135.628939,34.747791]},"properties":{"z":7.1}},{"type":"Feature","geometry":{"type":"Point","coordinates":[135.6288972,34.747762]},"properties":{"z":7.1}},{"type":"Feature","geometry":{"type":"Point","coordinates":[135.6288556,34.7477328]},"properties":{"z":7.0}},{"type":"Feature","geometry":{"type":"Point","coordinates":[135.628815,34.7477027]},"properties":{"z":7.0}},{"type":"Feature","geometry":{"type":"Point","coordinates":[135.6287733,34.7476737]},"properties":{"z":6.9}},{"type":"Feature","geometry":{"type":"Point","coordinates":[135.6287281,34.7476483]},"properties":{"z":6.9}},{"type":"Feature","geometry":{"type":"Point","coordinates":[135.6286844,34.7476213]},"properties":{"z":6.9}},{"type":"Feature","geometry":{"type":"Point","coordinates":[135.6286416,34.7475933]},"properties":{"z":6.9}},{"type":"Feature","geometry":{"type":"Point","coordinates":[135.6285998,34.7475643]},"properties":{"z":6.9}},{"type":"Feature","geometry":{"type":"Point","coordinates":[135.628556,34.7475374]},"properties":{"z":6.9}},{"type":"Feature","geometry":{"type":"Point","coordinates":[135.6285112,34.7475116]},"properties":{"z":6.8}},{"type":"Feature","geometry":{"type":"Point","coordinates":[135.6284656,34.7474868]},"properties":{"z":6.8}},{"type":"Feature","geometry":{"type":"Point","coordinates":[135.6284229,34.7474588]},"properties":{"z":6.8}},{"type":"Feature","geometry":{"type":"Point","coordinates":[135.6283795,34.7474314]},"properties":{"z":6.8}},{"type":"Feature","geometry":{"type":"Point","coordinates":[135.6283356,34.7474046]},"properties":{"z":6.7}},{"type":"Feature","geometry":{"type":"Point","coordinates":[135.6282945,34.7473749]},"properties":{"z":6.7}},{"type":"Feature","geometry":{"type":"Point","coordinates":[135.6282519,34.7473467]},"properties":{"z":6.7}},{"type":"Feature","geometry":{"type":"Point","coordinates":[135.6282075,34.7473206]},"properties":{"z":6.7}},{"type":"Feature","geometry":{"type":"Point","coordinates":[135.628163,34.7472944]},"properties":{"z":6.6}},{"type":"Feature","geometry":{"type":"Point","coordinates":[135.6281186,34.7472681]},"properties":{"z":6.6}},{"type":"Feature","geometry":{"type":"Point","coordinates":[135.6280737,34.7472425]},"properties":{"z":6.6}},{"type":"Feature","geometry":{"type":"Point","coordinates":[135.6280283,34.7472173]},"properties":{"z":6.6}},{"type":"Feature","geometry":{"type":"Point","coordinates":[135.6279829,34.7471922]},"properties":{"z":6.5}},{"type":"Feature","geometry":{"type":"Point","coordinates":[135.6279375,34.7471672]},"properties":{"z":6.5}},{"type":"Feature","geometry":{"type":"Point","coordinates":[135.627892,34.7471422]},"properties":{"z":6.5}},{"type":"Feature","geometry":{"type":"Point","coordinates":[135.6278455,34.7471186]},"properties":{"z":6.5}},{"type":"Feature","geometry":{"type":"Point","coordinates":[135.6277986,34.7470955]},"properties":{"z":6.4}},{"type":"Feature","geometry":{"type":"Point","coordinates":[135.6277517,34.7470723]},"properties":{"z":6.4}},{"type":"Feature","geometry":{"type":"Point","coordinates":[135.6277063,34.7470472]},"properties":{"z":6.4}},{"type":"Feature","geometry":{"type":"Point","coordinates":[135.6276608,34.7470222]},"properties":{"z":6.3}},{"type":"Feature","geometry":{"type":"Point","coordinates":[135.6276149,34.7469978]},"properties":{"z":6.3}},{"type":"Feature","geometry":{"type":"Point","coordinates":[135.6275681,34.7469745]},"properties":{"z":6.3}},{"type":"Feature","geometry":{"type":"Point","coordinates":[135.6275214,34.7469512]},"properties":{"z":6.3}},{"type":"Feature","geometry":{"type":"Point","coordinates":[135.627475,34.7469272]},"properties":{"z":6.3}},{"type":"Feature","geometry":{"type":"Point","coordinates":[135.6274289,34.7469031]},"properties":{"z":6.3}},{"type":"Feature","geometry":{"type":"Point","coordinates":[135.6273822,34.7468797]},"properties":{"z":6.2}},{"type":"Feature","geometry":{"type":"Point","coordinates":[135.6273346,34.7468576]},"properties":{"z":6.1}},{"type":"Feature","geometry":{"type":"Point","coordinates":[135.6272869,34.7468355]},"properties":{"z":6.1}},{"type":"Feature","geometry":{"type":"Point","coordinates":[135.6272411,34.746811]},"properties":{"z":6.1}},{"type":"Feature","geometry":{"type":"Point","coordinates":[135.6271952,34.7467865]},"properties":{"z":6.1}},{"type":"Feature","geometry":{"type":"Point","coordinates":[135.6271487,34.7467629]},"properties":{"z":6.1}},{"type":"Feature","geometry":{"type":"Point","coordinates":[135.6271019,34.7467395]},"properties":{"z":6.1}},{"type":"Feature","geometry":{"type":"Point","coordinates":[135.6270544,34.7467173]},"properties":{"z":6.0}},{"type":"Feature","geometry":{"type":"Point","coordinates":[135.6270064,34.7466957]},"properties":{"z":6.0}},{"type":"Feature","geometry":{"type":"Point","coordinates":[135.6269588,34.7466736]},"properties":{"z":6.0}},{"type":"Feature","geometry":{"type":"Point","coordinates":[135.6269116,34.7466509]},"properties":{"z":6.0}},{"type":"Feature","geometry":{"type":"Point","coordinates":[135.6268647,34.7466277]},"properties":{"z":6.0}},{"type":"Feature","geometry":{"type":"Point","coordinates":[135.6268181,34.7466042]},"properties":{"z":6.0}},{"type":"Feature","geometry":{"type":"Point","coordinates":[135.6267724,34.7465795]},"properties":{"z":6.0}},{"type":"Feature","geometry":{"type":"Point","coordinates":[135.6267272,34.7465542]},"properties":{"z":5.9}},{"type":"Feature","geometry":{"type":"Point","coordinates":[135.6266863,34.7465244]},"properties":{"z":6.0}},{"type":"Feature","geometry":{"type":"Point","coordinates":[135.6266418,34.7464987]},"properties":{"z":6.0}},{"type":"Feature","geometry":{"type":"Point","coordinates":[135.6265915,34.746482]},"properties":{"z":6.0}},{"type":"Feature","geometry":{"type":"Point","coordinates":[135.6265396,34.7464686]},"properties":{"z":6.0}},{"type":"Feature","geometry":{"type":"Point","coordinates":[135.6264913,34.7464475]},"properties":{"z":6.0}},{"type":"Feature","geometry":{"type":"Point","coordinates":[135.6264447,34.7464239]},"properties":{"z":6.0}},{"type":"Feature","geometry":{"type":"Point","coordinates":[135.626397,34.7464024]},"properties":{"z":6.0}},{"type":"Feature","geometry":{"type":"Point","coordinates":[135.6263464,34.7463853]},"properties":{"z":6.0}},{"type":"Feature","geometry":{"type":"Point","coordinates":[135.6262934,34.7463748]},"properties":{"z":6.0}},{"type":"Feature","geometry":{"type":"Point","coordinates":[135.6262396,34.7463667]},"properties":{"z":6.0}},{"type":"Feature","geometry":{"type":"Point","coordinates":[135.6261853,34.7463612]},"properties":{"z":5.9}},{"type":"Feature","geometry":{"type":"Point","coordinates":[135.6261308,34.7463577]},"properties":{"z":5.9}},{"type":"Feature","geometry":{"type":"Point","coordinates":[135.6260761,34.7463566]},"properties":{"z":5.9}},{"type":"Feature","geometry":{"type":"Point","coordinates":[135.6260217,34.7463516]},"properties":{"z":5.9}},{"type":"Feature","geometry":{"type":"Point","coordinates":[135.6259707,34.7463379]},"properties":{"z":5.9}},{"type":"Feature","geometry":{"type":"Point","coordinates":[135.6259234,34.7463155]},"properties":{"z":5.8}},{"type":"Feature","geometry":{"type":"Point","coordinates":[135.6258778,34.7462905]},"properties":{"z":5.8}},{"type":"Feature","geometry":{"type":"Point","coordinates":[135.6258296,34.7462693]},"properties":{"z":5.8}},{"type":"Feature","geometry":{"type":"Point","coordinates":[135.6257807,34.7462493]},"properties":{"z":5.7}},{"type":"Feature","geometry":{"type":"Point","coordinates":[135.6257312,34.7462301]},"properties":{"z":5.7}},{"type":"Feature","geometry":{"type":"Point","coordinates":[135.6256809,34.7462125]},"properties":{"z":5.7}},{"type":"Feature","geometry":{"type":"Point","coordinates":[135.6256335,34.74619]},"properties":{"z":5.7}},{"type":"Feature","geometry":{"type":"Point","coordinates":[135.6255867,34.7461668]},"properties":{"z":5.7}},{"type":"Feature","geometry":{"type":"Point","coordinates":[135.6255394,34.7461443]},"properties":{"z":5.7}},{"type":"Feature","geometry":{"type":"Point","coordinates":[135.6254908,34.7461236]},"properties":{"z":5.6}},{"type":"Feature","geometry":{"type":"Point","coordinates":[135.6254408,34.7461053]},"properties":{"z":5.6}},{"type":"Feature","geometry":{"type":"Point","coordinates":[135.6253954,34.7460804]},"properties":{"z":5.6}},{"type":"Feature","geometry":{"type":"Point","coordinates":[135.6253507,34.7460544]},"properties":{"z":5.5}},{"type":"Feature","geometry":{"type":"Point","coordinates":[135.6253044,34.7460305]},"properties":{"z":5.5}},{"type":"Feature","geometry":{"type":"Point","coordinates":[135.6252585,34.746006]},"properties":{"z":5.5}},{"type":"Feature","geometry":{"type":"Point","coordinates":[135.6252127,34.7459815]},"properties":{"z":5.5}},{"type":"Feature","geometry":{"type":"Point","coordinates":[135.6251638,34.7459615]},"properties":{"z":5.5}},{"type":"Feature","geometry":{"type":"Point","coordinates":[135.6251186,34.7459369]},"properties":{"z":5.5}},{"type":"Feature","geometry":{"type":"Point","coordinates":[135.6250736,34.7459113]},"properties":{"z":5.4}},{"type":"Feature","geometry":{"type":"Point","coordinates":[135.6250301,34.7458841]},"properties":{"z":5.4}},{"type":"Feature","geometry":{"type":"Point","coordinates":[135.6249866,34.7458569]},"properties":{"z":5.4}},{"type":"Feature","geometry":{"type":"Point","coordinates":[135.6249478,34.7458254]},"properties":{"z":5.4}},{"type":"Feature","geometry":{"type":"Point","coordinates":[135.6249097,34.7457932]},"properties":{"z":5.4}},{"type":"Feature","geometry":{"type":"Point","coordinates":[135.6248713,34.7457612]},"properties":{"z":5.4}},{"type":"Feature","geometry":{"type":"Point","coordinates":[135.6248357,34.7457271]},"properties":{"z":5.3}},{"type":"Feature","geometry":{"type":"Point","coordinates":[135.6248092,34.7456882]},"properties":{"z":5.3}},{"type":"Feature","geometry":{"type":"Point","coordinates":[135.624776,34.7456541]},"properties":{"z":5.3}},{"type":"Feature","geometry":{"type":"Point","coordinates":[135.6247316,34.7456281]},"properties":{"z":5.2}},{"type":"Feature","geometry":{"type":"Point","coordinates":[135.6246828,34.7456078]},"properties":{"z":5.2}},{"type":"Feature","geometry":{"type":"Point","coordinates":[135.6246336,34.7455881]},"properties":{"z":5.2}},{"type":"Feature","geometry":{"type":"Point","coordinates":[135.6245841,34.7455689]},"properties":{"z":5.2}},{"type":"Feature","geometry":{"type":"Point","coordinates":[135.6245355,34.7455484]},"properties":{"z":5.2}},{"type":"Feature","geometry":{"type":"Point","coordinates":[135.6244877,34.7455265]},"properties":{"z":5.1}},{"type":"Feature","geometry":{"type":"Point","coordinates":[135.6244399,34.7455046]},"properties":{"z":5.1}},{"type":"Feature","geometry":{"type":"Point","coordinates":[135.6243925,34.7454822]},"properties":{"z":5.1}},{"type":"Feature","geometry":{"type":"Point","coordinates":[135.6243451,34.7454598]},"properties":{"z":5.1}},{"type":"Feature","geometry":{"type":"Point","coordinates":[135.6242972,34.7454381]},"properties":{"z":5.1}},{"type":"Feature","geometry":{"type":"Point","coordinates":[135.6242491,34.7454166]},"properties":{"z":5.0}},{"type":"Feature","geometry":{"type":"Point","coordinates":[135.624201,34.7453952]},"properties":{"z":5.0}},{"type":"Feature","geometry":{"type":"Point","coordinates":[135.6241526,34.7453743]},"properties":{"z":5.0}},{"type":"Feature","geometry":{"type":"Point","coordinates":[135.6241041,34.7453534]},"properties":{"z":5.0}},{"type":"Feature","geometry":{"type":"Point","coordinates":[135.6240557,34.7453325]},"properties":{"z":5.0}},{"type":"Feature","geometry":{"type":"Point","coordinates":[135.6240074,34.7453114]},"properties":{"z":5.0}},{"type":"Feature","geometry":{"type":"Point","coordinates":[135.6239591,34.7452902]},"properties":{"z":5.2}},{"type":"Feature","geometry":{"type":"Point","coordinates":[135.6239117,34.7452679]},"properties":{"z":5.2}},{"type":"Feature","geometry":{"type":"Point","coordinates":[135.6238647,34.7452449]},"properties":{"z":5.3}},{"type":"Feature","geometry":{"type":"Point","coordinates":[135.6238178,34.7452218]},"properties":{"z":5.3}},{"type":"Feature","geometry":{"type":"Point","coordinates":[135.6237713,34.745198]},"properties":{"z":5.5}},{"type":"Feature","geometry":{"type":"Point","coordinates":[135.6237249,34.7451743]},"properties":{"z":5.6}},{"type":"Feature","geometry":{"type":"Point","coordinates":[135.6236781,34.745151]},"properties":{"z":5.6}},{"type":"Feature","geometry":{"type":"Point","coordinates":[135.623631,34.7451281]},"properties":{"z":5.7}},{"type":"Feature","geometry":{"type":"Point","coordinates":[135.6235838,34.7451054]},"properties":{"z":5.7}},{"type":"Feature","geometry":{"type":"Point","coordinates":[135.6235354,34.7450844]},"properties":{"z":5.8}},{"type":"Feature","geometry":{"type":"Point","coordinates":[135.6234871,34.7450633]},"properties":{"z":5.9}},{"type":"Feature","geometry":{"type":"Point","coordinates":[135.6234391,34.7450418]},"properties":{"z":6.0}},{"type":"Feature","geometry":{"type":"Point","coordinates":[135.6233911,34.7450202]},"properties":{"z":6.0}},{"type":"Feature","geometry":{"type":"Point","coordinates":[135.6233422,34.7450001]},"properties":{"z":6.1}},{"type":"Feature","geometry":{"type":"Point","coordinates":[135.6232925,34.7449814]},"properties":{"z":6.2}},{"type":"Feature","geometry":{"type":"Point","coordinates":[135.623243,34.7449623]},"properties":{"z":6.2}},{"type":"Feature","geometry":{"type":"Point","coordinates":[135.6231938,34.7449426]},"properties":{"z":6.4}},{"type":"Feature","geometry":{"type":"Point","coordinates":[135.6231449,34.7449224]},"properties":{"z":6.4}},{"type":"Feature","geometry":{"type":"Point","coordinates":[135.6230964,34.7449016]},"properties":{"z":6.5}},{"type":"Feature","geometry":{"type":"Point","coordinates":[135.6230524,34.7448754]},"properties":{"z":6.5}},{"type":"Feature","geometry":{"type":"Point","coordinates":[135.623012,34.7448452]},"properties":{"z":6.7}},{"type":"Feature","geometry":{"type":"Point","coordinates":[135.6229678,34.7448187]},"properties":{"z":6.7}},{"type":"Feature","geometry":{"type":"Point","coordinates":[135.6229164,34.7448175]},"properties":{"z":6.8}},{"type":"Feature","geometry":{"type":"Point","coordinates":[135.6228997,34.7448398]},"properties":{"z":6.8}},{"type":"Feature","geometry":{"type":"Point","coordinates":[135.6229188,34.744805]},"properties":{"z":6.8}},{"type":"Feature","geometry":{"type":"Point","coordinates":[135.6229005,34.7447644]},"properties":{"z":6.8}},{"type":"Feature","geometry":{"type":"Point","coordinates":[135.6228633,34.7447314]},"properties":{"z":6.9}},{"type":"Feature","geometry":{"type":"Point","coordinates":[135.622826,34.7446986]},"properties":{"z":6.9}},{"type":"Feature","geometry":{"type":"Point","coordinates":[135.6227902,34.7446646]},"properties":{"z":6.9}},{"type":"Feature","geometry":{"type":"Point","coordinates":[135.6227556,34.7446298]},"properties":{"z":7.1}},{"type":"Feature","geometry":{"type":"Point","coordinates":[135.6227128,34.7446018]},"properties":{"z":7.1}},{"type":"Feature","geometry":{"type":"Point","coordinates":[135.6226717,34.7445722]},"properties":{"z":7.3}},{"type":"Feature","geometry":{"type":"Point","coordinates":[135.6226326,34.7445408]},"properties":{"z":7.3}},{"type":"Feature","geometry":{"type":"Point","coordinates":[135.6225964,34.7445071]},"properties":{"z":7.4}},{"type":"Feature","geometry":{"type":"Point","coordinates":[135.6225583,34.7444748]},"properties":{"z":7.4}},{"type":"Feature","geometry":{"type":"Point","coordinates":[135.6225191,34.7444435]},"properties":{"z":7.5}},{"type":"Feature","geometry":{"type":"Point","coordinates":[135.6224791,34.7444128]},"properties":{"z":7.6}},{"type":"Feature","geometry":{"type":"Point","coordinates":[135.6224408,34.7443807]},"properties":{"z":7.7}},{"type":"Feature","geometry":{"type":"Point","coordinates":[135.6224031,34.7443482]},"properties":{"z":7.7}},{"type":"Feature","geometry":{"type":"Point","coordinates":[135.6223644,34.7443164]},"properties":{"z":7.7}},{"type":"Feature","geometry":{"type":"Point","coordinates":[135.6223275,34.7442833]},"properties":{"z":7.9}},{"type":"Feature","geometry":{"type":"Point","coordinates":[135.6222926,34.7442487]},"properties":{"z":7.9}},{"type":"Feature","geometry":{"type":"Point","coordinates":[135.622261,34.744212]},"properties":{"z":7.9}},{"type":"Feature","geometry":{"type":"Point","coordinates":[135.6222304,34.7441748]},"properties":{"z":7.9}},{"type":"Feature","geometry":{"type":"Point","coordinates":[135.6222004,34.7441372]},"properties":{"z":7.9}},{"type":"Feature","geometry":{"type":"Point","coordinates":[135.6221484,34.7441376]},"properties":{"z":8.0}},{"type":"Feature","geometry":{"type":"Point","coordinates":[135.6221037,34.7441635]},"properties":{"z":8.0}},{"type":"Feature","geometry":{"type":"Point","coordinates":[135.6220584,34.7441887]},"properties":{"z":8.1}},{"type":"Feature","geometry":{"type":"Point","coordinates":[135.6220096,34.7441858]},"properties":{"z":8.2}},{"type":"Feature","geometry":{"type":"Point","coordinates":[135.6220041,34.7441412]},"properties":{"z":8.2}},{"type":"Feature","geometry":{"type":"Point","coordinates":[135.6219931,34.7440974]},"properties":{"z":8.2}},{"type":"Feature","geometry":{"type":"Point","coordinates":[135.6219735,34.7440555]},"properties":{"z":8.2}},{"type":"Feature","geometry":{"type":"Point","coordinates":[135.6219592,34.7440122]},"properties":{"z":8.2}},{"type":"Feature","geometry":{"type":"Point","coordinates":[135.6219477,34.7439682]},"properties":{"z":8.2}},{"type":"Feature","geometry":{"type":"Point","coordinates":[135.6219378,34.743924]},"properties":{"z":8.2}},{"type":"Feature","geometry":{"type":"Point","coordinates":[135.6219306,34.7438795]},"properties":{"z":8.2}},{"type":"Feature","geometry":{"type":"Point","coordinates":[135.6219222,34.743835]},"properties":{"z":8.3}},{"type":"Feature","geometry":{"type":"Point","coordinates":[135.6219118,34.7437909]},"properties":{"z":8.3}},{"type":"Feature","geometry":{"type":"Point","coordinates":[135.6219004,34.743747]},"properties":{"z":8.3}},{"type":"Feature","geometry":{"type":"Point","coordinates":[135.6218911,34.7437027]},"properties":{"z":8.4}},{"type":"Feature","geometry":{"type":"Point","coordinates":[135.6218833,34.7436582]},"properties":{"z":8.4}},{"type":"Feature","geometry":{"type":"Point","coordinates":[135.6218761,34.7436136]},"properties":{"z":8.4}},{"type":"Feature","geometry":{"type":"Point","coordinates":[135.6218692,34.7435691]},"properties":{"z":8.4}},{"type":"Feature","geometry":{"type":"Point","coordinates":[135.6218617,34.7435245]},"properties":{"z":8.4}},{"type":"Feature","geometry":{"type":"Point","coordinates":[135.6218533,34.7434801]},"properties":{"z":8.4}},{"type":"Feature","geometry":{"type":"Point","coordinates":[135.6218455,34.7434356]},"properties":{"z":8.4}},{"type":"Feature","geometry":{"type":"Point","coordinates":[135.6218354,34.7433915]},"properties":{"z":8.4}},{"type":"Feature","geometry":{"type":"Point","coordinates":[135.621825,34.7433474]},"properties":{"z":8.4}},{"type":"Feature","geometry":{"type":"Point","coordinates":[135.6218188,34.7433027]},"properties":{"z":8.4}},{"type":"Feature","geometry":{"type":"Point","coordinates":[135.6218097,34.7432584]},"properties":{"z":8.4}},{"type":"Feature","geometry":{"type":"Point","coordinates":[135.6217995,34.7432142]},"properties":{"z":8.5}},{"type":"Feature","geometry":{"type":"Point","coordinates":[135.6217882,34.7431703]},"properties":{"z":8.5}},{"type":"Feature","geometry":{"type":"Point","coordinates":[135.6217784,34.743126]},"properties":{"z":8.5}},{"type":"Feature","geometry":{"type":"Point","coordinates":[135.6217695,34.7430817]},"properties":{"z":8.5}},{"type":"Feature","geometry":{"type":"Point","coordinates":[135.6217577,34.7430378]},"properties":{"z":8.5}},{"type":"Feature","geometry":{"type":"Point","coordinates":[135.6217457,34.742994]},"properties":{"z":8.6}},{"type":"Feature","geometry":{"type":"Point","coordinates":[135.6217345,34.7429499]},"properties":{"z":8.6}},{"type":"Feature","geometry":{"type":"Point","coordinates":[135.6217235,34.7429059]},"properties":{"z":8.6}},{"type":"Feature","geometry":{"type":"Point","coordinates":[135.6217125,34.7428619]},"properties":{"z":8.6}},{"type":"Feature","geometry":{"type":"Point","coordinates":[135.6217008,34.742818]},"properties":{"z":8.6}},{"type":"Feature","geometry":{"type":"Point","coordinates":[135.6216887,34.7427741]},"properties":{"z":8.7}},{"type":"Feature","geometry":{"type":"Point","coordinates":[135.6216748,34.7427307]},"properties":{"z":8.7}},{"type":"Feature","geometry":{"type":"Point","coordinates":[135.6216606,34.7426873]},"properties":{"z":8.8}},{"type":"Feature","geometry":{"type":"Point","coordinates":[135.6216471,34.7426437]},"properties":{"z":8.8}},{"type":"Feature","geometry":{"type":"Point","coordinates":[135.621633,34.7426003]},"properties":{"z":8.8}},{"type":"Feature","geometry":{"type":"Point","coordinates":[135.6216168,34.7425573]},"properties":{"z":8.8}},{"type":"Feature","geometry":{"type":"Point","coordinates":[135.6215997,34.7425146]},"properties":{"z":8.8}},{"type":"Feature","geometry":{"type":"Point","coordinates":[135.6215811,34.7424724]},"properties":{"z":8.9}},{"type":"Feature","geometry":{"type":"Point","coordinates":[135.621562,34.7424303]},"properties":{"z":8.9}},{"type":"Feature","geometry":{"type":"Point","coordinates":[135.6215422,34.7423883]},"properties":{"z":8.9}},{"type":"Feature","geometry":{"type":"Point","coordinates":[135.6215222,34.7423465]},"properties":{"z":8.9}},{"type":"Feature","geometry":{"type":"Point","coordinates":[135.621502,34.7423047]},"properties":{"z":8.9}},{"type":"Feature","geometry":{"type":"Point","coordinates":[135.6214784,34.7422642]},"properties":{"z":8.9}},{"type":"Feature","geometry":{"type":"Point","coordinates":[135.6214537,34.7422241]},"properties":{"z":8.9}},{"type":"Feature","geometry":{"type":"Point","coordinates":[135.6214287,34.7421841]},"properties":{"z":8.9}},{"type":"Feature","geometry":{"type":"Point","coordinates":[135.6214041,34.742144]},"properties":{"z":9.1}},{"type":"Feature","geometry":{"type":"Point","coordinates":[135.6213827,34.7421026]},"properties":{"z":9.1}},{"type":"Feature","geometry":{"type":"Point","coordinates":[135.6213628,34.7420608]},"properties":{"z":9.1}},{"type":"Feature","geometry":{"type":"Point","coordinates":[135.6213452,34.7420182]},"properties":{"z":9.1}},{"type":"Feature","geometry":{"type":"Point","coordinates":[135.6213257,34.7419762]},"properties":{"z":9.2}},{"type":"Feature","geometry":{"type":"Point","coordinates":[135.6213052,34.7419346]},"properties":{"z":9.2}},{"type":"Feature","geometry":{"type":"Point","coordinates":[135.6212828,34.7418936]},"properties":{"z":9.3}},{"type":"Feature","geometry":{"type":"Point","coordinates":[135.6212607,34.7418525]},"properties":{"z":9.3}},{"type":"Feature","geometry":{"type":"Point","coordinates":[135.6212434,34.7418098]},"properties":{"z":9.3}},{"type":"Feature","geometry":{"type":"Point","coordinates":[135.621228,34.7417667]},"properties":{"z":9.4}},{"type":"Feature","geometry":{"type":"Point","coordinates":[135.6212152,34.741723]},"properties":{"z":9.4}},{"type":"Feature","geometry":{"type":"Point","coordinates":[135.6212024,34.7416793]},"properties":{"z":9.4}},{"type":"Feature","geometry":{"type":"Point","coordinates":[135.6211903,34.7416355]},"properties":{"z":9.4}},{"type":"Feature","geometry":{"type":"Point","coordinates":[135.6211804,34.7415913]},"properties":{"z":9.4}},{"type":"Feature","geometry":{"type":"Point","coordinates":[135.6211725,34.7415468]},"properties":{"z":9.4}},{"type":"Feature","geometry":{"type":"Point","coordinates":[135.6211651,34.7415023]},"properties":{"z":9.4}},{"type":"Feature","geometry":{"type":"Point","coordinates":[135.6211548,34.7414581]},"properties":{"z":9.3}},{"type":"Feature","geometry":{"type":"Point","coordinates":[135.6211447,34.7414139]},"properties":{"z":9.3}},{"type":"Feature","geometry":{"type":"Point","coordinates":[135.6211354,34.7413697]},"properties":{"z":9.3}},{"type":"Feature","geometry":{"type":"Point","coordinates":[135.6211293,34.741325]},"properties":{"z":9.3}},{"type":"Feature","geometry":{"type":"Point","coordinates":[135.6211175,34.7412812]},"properties":{"z":9.3}},{"type":"Feature","geometry":{"type":"Point","coordinates":[135.6211052,34.7412374]},"properties":{"z":9.3}},{"type":"Feature","geometry":{"type":"Point","coordinates":[135.6210946,34.7411933]},"properties":{"z":9.3}},{"type":"Feature","geometry":{"type":"Point","coordinates":[135.6210877,34.7411493]},"properties":{"z":9.2}},{"type":"Feature","geometry":{"type":"Point","coordinates":[135.6211105,34.7411087]},"properties":{"z":9.1}},{"type":"Feature","geometry":{"type":"Point","coordinates":[135.6211507,34.7410784]},"properties":{"z":9.1}},{"type":"Feature","geometry":{"type":"Point","coordinates":[135.6211851,34.7410434]},"properties":{"z":9.1}},{"type":"Feature","geometry":{"type":"Point","coordinates":[135.62122,34.741009]},"properties":{"z":9.1}},{"type":"Feature","geometry":{"type":"Point","coordinates":[135.621264,34.7409823]},"properties":{"z":9.2}},{"type":"Feature","geometry":{"type":"Point","coordinates":[135.621298,34.7409472]},"properties":{"z":9.1}},{"type":"Feature","geometry":{"type":"Point","coordinates":[135.6213197,34.7409066]},"properties":{"z":9.0}},{"type":"Feature","geometry":{"type":"Point","coordinates":[135.6213345,34.7408634]},"properties":{"z":9.0}},{"type":"Feature","geometry":{"type":"Point","coordinates":[135.6213424,34.7408195]},"properties":{"z":9.0}},{"type":"Feature","geometry":{"type":"Point","coordinates":[135.6213439,34.7407747]},"properties":{"z":9.0}},{"type":"Feature","geometry":{"type":"Point","coordinates":[135.6213474,34.7407298]},"properties":{"z":9.0}},{"type":"Feature","geometry":{"type":"Point","coordinates":[135.6213511,34.740685]},"properties":{"z":8.9}},{"type":"Feature","geometry":{"type":"Point","coordinates":[135.6213591,34.7406406]},"properties":{"z":8.9}},{"type":"Feature","geometry":{"type":"Point","coordinates":[135.6213695,34.7405964]},"properties":{"z":8.9}},{"type":"Feature","geometry":{"type":"Point","coordinates":[135.6213796,34.7405522]},"properties":{"z":8.8}},{"type":"Feature","geometry":{"type":"Point","coordinates":[135.6213914,34.7405084]},"properties":{"z":8.8}},{"type":"Feature","geometry":{"type":"Point","coordinates":[135.6214034,34.7404645]},"properties":{"z":8.8}},{"type":"Feature","geometry":{"type":"Point","coordinates":[135.6214172,34.740421]},"properties":{"z":8.8}},{"type":"Feature","geometry":{"type":"Point","coordinates":[135.621431,34.7403775]},"properties":{"z":8.8}},{"type":"Feature","geometry":{"type":"Point","coordinates":[135.6214471,34.7403346]},"properties":{"z":8.7}},{"type":"Feature","geometry":{"type":"Point","coordinates":[135.6214642,34.7402918]},"properties":{"z":8.7}},{"type":"Feature","geometry":{"type":"Point","coordinates":[135.6214815,34.7402492]},"properties":{"z":8.7}},{"type":"Feature","geometry":{"type":"Point","coordinates":[135.6214995,34.7402068]},"properties":{"z":8.7}},{"type":"Feature","geometry":{"type":"Point","coordinates":[135.6215174,34.7401643]},"properties":{"z":8.6}},{"type":"Feature","geometry":{"type":"Point","coordinates":[135.6215343,34.7401215]},"properties":{"z":8.6}},{"type":"Feature","geometry":{"type":"Point","coordinates":[135.6215511,34.7400788]},"properties":{"z":8.6}},{"type":"Feature","geometry":{"type":"Point","coordinates":[135.62157,34.7400366]},"properties":{"z":8.6}},{"type":"Feature","geometry":{"type":"Point","coordinates":[135.6215891,34.7399944]},"properties":{"z":8.6}},{"type":"Feature","geometry":{"type":"Point","coordinates":[135.6216078,34.7399522]},"properties":{"z":8.5}},{"type":"Feature","geometry":{"type":"Point","coordinates":[135.6216263,34.7399099]},"properties":{"z":8.5}},{"type":"Feature","geometry":{"type":"Point","coordinates":[135.6216416,34.7398667]},"properties":{"z":8.5}},{"type":"Feature","geometry":{"type":"Point","coordinates":[135.6216568,34.7398236]},"properties":{"z":8.4}},{"type":"Feature","geometry":{"type":"Point","coordinates":[135.6216729,34.7397806]},"properties":{"z":8.5}},{"type":"Feature","geometry":{"type":"Point","coordinates":[135.6216889,34.7397376]},"properties":{"z":8.4}},{"type":"Feature","geometry":{"type":"Point","coordinates":[135.6217088,34.7396958]},"properties":{"z":8.4}},{"type":"Feature","geometry":{"type":"Point","coordinates":[135.6217293,34.7396541]},"properties":{"z":8.4}},{"type":"Feature","geometry":{"type":"Point","coordinates":[135.6217469,34.7396115]},"properties":{"z":8.3}},{"type":"Feature","geometry":{"type":"Point","coordinates":[135.6217656,34.7395693]},"properties":{"z":8.3}},{"type":"Feature","geometry":{"type":"Point","coordinates":[135.6217838,34.739527]},"properties":{"z":8.3}},{"type":"Feature","geometry":{"type":"Point","coordinates":[135.6217961,34.7394832]},"properties":{"z":8.3}},{"type":"Feature","geometry":{"type":"Point","coordinates":[135.6218112,34.7394401]},"properties":{"z":8.3}},{"type":"Feature","geometry":{"type":"Point","coordinates":[135.6218272,34.7393971]},"properties":{"z":8.2}},{"type":"Feature","geometry":{"type":"Point","coordinates":[135.6218424,34.7393539]},"properties":{"z":8.1}},{"type":"Feature","geometry":{"type":"Point","coordinates":[135.6218575,34.7393107]},"properties":{"z":8.2}},{"type":"Feature","geometry":{"type":"Point","coordinates":[135.621874,34.7392678]},"properties":{"z":8.1}},{"type":"Feature","geometry":{"type":"Point","coordinates":[135.6218917,34.7392254]},"properties":{"z":8.1}},{"type":"Feature","geometry":{"type":"Point","coordinates":[135.621914,34.7391843]},"properties":{"z":8.1}},{"type":"Feature","geometry":{"type":"Point","coordinates":[135.6219364,34.7391433]},"properties":{"z":8.1}},{"type":"Feature","geometry":{"type":"Point","coordinates":[135.6219596,34.7391026]},"properties":{"z":8.1}},{"type":"Feature","geometry":{"type":"Point","coordinates":[135.6219829,34.7390619]},"properties":{"z":8.0}},{"type":"Feature","geometry":{"type":"Point","coordinates":[135.6220066,34.7390214]},"properties":{"z":8.0}},{"type":"Feature","geometry":{"type":"Point","coordinates":[135.6220306,34.738981]},"properties":{"z":8.0}},{"type":"Feature","geometry":{"type":"Point","coordinates":[135.6220547,34.7389406]},"properties":{"z":8.0}},{"type":"Feature","geometry":{"type":"Point","coordinates":[135.6220772,34.7388997]},"properties":{"z":8.0}},{"type":"Feature","geometry":{"type":"Point","coordinates":[135.6220997,34.7388587]},"properties":{"z":7.9}},{"type":"Feature","geometry":{"type":"Point","coordinates":[135.6221222,34.7388178]},"properties":{"z":7.9}},{"type":"Feature","geometry":{"type":"Point","coordinates":[135.6221448,34.7387768]},"properties":{"z":7.8}},{"type":"Feature","geometry":{"type":"Point","coordinates":[135.6221674,34.7387359]},"properties":{"z":7.8}},{"type":"Feature","geometry":{"type":"Point","coordinates":[135.6221906,34.7386951]},"properties":{"z":7.8}},{"type":"Feature","geometry":{"type":"Point","coordinates":[135.6222137,34.7386544]},"properties":{"z":7.8}},{"type":"Feature","geometry":{"type":"Point","coordinates":[135.6222369,34.7386137]},"properties":{"z":7.8}},{"type":"Feature","geometry":{"type":"Point","coordinates":[135.62226,34.738573]},"properties":{"z":7.7}},{"type":"Feature","geometry":{"type":"Point","coordinates":[135.622283,34.7385322]},"properties":{"z":7.7}},{"type":"Feature","geometry":{"type":"Point","coordinates":[135.6223058,34.7384913]},"properties":{"z":7.7}},{"type":"Feature","geometry":{"type":"Point","coordinates":[135.6223296,34.7384508]},"properties":{"z":7.7}},{"type":"Feature","geometry":{"type":"Point","coordinates":[135.6223545,34.7384108]},"properties":{"z":7.7}},{"type":"Feature","geometry":{"type":"Point","coordinates":[135.6223793,34.7383708]},"properties":{"z":7.7}},{"type":"Feature","geometry":{"type":"Point","coordinates":[135.622404,34.7383307]},"properties":{"z":7.7}},{"type":"Feature","geometry":{"type":"Point","coordinates":[135.6224286,34.7382905]},"properties":{"z":7.6}},{"type":"Feature","geometry":{"type":"Point","coordinates":[135.6224528,34.7382502]},"properties":{"z":7.6}},{"type":"Feature","geometry":{"type":"Point","coordinates":[135.622477,34.7382099]},"properties":{"z":7.5}},{"type":"Feature","geometry":{"type":"Point","coordinates":[135.6225011,34.7381695]},"properties":{"z":7.5}},{"type":"Feature","geometry":{"type":"Point","coordinates":[135.6225252,34.7381292]},"properties":{"z":7.5}},{"type":"Feature","geometry":{"type":"Point","coordinates":[135.6225492,34.7380888]},"properties":{"z":7.5}},{"type":"Feature","geometry":{"type":"Point","coordinates":[135.6225732,34.7380484]},"properties":{"z":7.5}},{"type":"Feature","geometry":{"type":"Point","coordinates":[135.6225966,34.7380077]},"properties":{"z":7.4}},{"type":"Feature","geometry":{"type":"Point","coordinates":[135.6226199,34.7379671]},"properties":{"z":7.4}},{"type":"Feature","geometry":{"type":"Point","coordinates":[135.6226435,34.7379265]},"properties":{"z":7.4}},{"type":"Feature","geometry":{"type":"Point","coordinates":[135.6226673,34.737886]},"properties":{"z":7.4}},{"type":"Feature","geometry":{"type":"Point","coordinates":[135.6226915,34.7378457]},"properties":{"z":7.4}},{"type":"Feature","geometry":{"type":"Point","coordinates":[135.6227158,34.7378055]},"properties":{"z":7.4}},{"type":"Feature","geometry":{"type":"Point","coordinates":[135.62274,34.7377652]},"properties":{"z":7.3}},{"type":"Feature","geometry":{"type":"Point","coordinates":[135.6227641,34.7377248]},"properties":{"z":7.3}},{"type":"Feature","geometry":{"type":"Point","coordinates":[135.622789,34.7376848]},"properties":{"z":7.3}},{"type":"Feature","geometry":{"type":"Point","coordinates":[135.6228153,34.7376454]},"properties":{"z":7.3}},{"type":"Feature","geometry":{"type":"Point","coordinates":[135.6228413,34.7376058]},"properties":{"z":7.3}},{"type":"Feature","geometry":{"type":"Point","coordinates":[135.6228652,34.7375654]},"properties":{"z":7.3}},{"type":"Feature","geometry":{"type":"Point","coordinates":[135.622889,34.7375249]},"properties":{"z":7.3}},{"type":"Feature","geometry":{"type":"Point","coordinates":[135.6229124,34.7374843]},"properties":{"z":7.2}},{"type":"Feature","geometry":{"type":"Point","coordinates":[135.6229355,34.7374436]},"properties":{"z":7.1}},{"type":"Feature","geometry":{"type":"Point","coordinates":[135.6229588,34.7374029]},"properties":{"z":7.1}},{"type":"Feature","geometry":{"type":"Point","coordinates":[135.6229822,34.7373622]},"properties":{"z":7.1}},{"type":"Feature","geometry":{"type":"Point","coordinates":[135.6230057,34.7373217]},"properties":{"z":7.1}},{"type":"Feature","geometry":{"type":"Point","coordinates":[135.6230307,34.7372817]},"properties":{"z":7.1}},{"type":"Feature","geometry":{"type":"Point","coordinates":[135.6230556,34.7372416]},"properties":{"z":7.1}},{"type":"Feature","geometry":{"type":"Point","coordinates":[135.6230796,34.7372012]},"properties":{"z":7.0}},{"type":"Feature","geometry":{"type":"Point","coordinates":[135.6231034,34.7371608]},"properties":{"z":7.0}},{"type":"Feature","geometry":{"type":"Point","coordinates":[135.6231273,34.7371203]},"properties":{"z":7.0}},{"type":"Feature","geometry":{"type":"Point","coordinates":[135.6231513,34.7370799]},"properties":{"z":7.0}},{"type":"Feature","geometry":{"type":"Point","coordinates":[135.6231755,34.7370396]},"properties":{"z":7.0}},{"type":"Feature","geometry":{"type":"Point","coordinates":[135.6232004,34.7369996]},"properties":{"z":6.9}},{"type":"Feature","geometry":{"type":"Point","coordinates":[135.6232254,34.7369596]},"properties":{"z":6.9}},{"type":"Feature","geometry":{"type":"Point","coordinates":[135.6232489,34.736919]},"properties":{"z":6.9}},{"type":"Feature","geometry":{"type":"Point","coordinates":[135.6232723,34.7368784]},"properties":{"z":6.8}},{"type":"Feature","geometry":{"type":"Point","coordinates":[135.6232955,34.7368377]},"properties":{"z":6.8}},{"type":"Feature","geometry":{"type":"Point","coordinates":[135.6233187,34.736797]},"properties":{"z":6.8}},{"type":"Feature","geometry":{"type":"Point","coordinates":[135.6233419,34.7367563]},"properties":{"z":6.8}},{"type":"Feature","geometry":{"type":"Point","coordinates":[135.6233648,34.7367154]},"properties":{"z":6.8}},{"type":"Feature","geometry":{"type":"Point","coordinates":[135.6233876,34.7366746]},"properties":{"z":6.7}},{"type":"Feature","geometry":{"type":"Point","coordinates":[135.6234103,34.7366337]},"properties":{"z":6.7}},{"type":"Feature","geometry":{"type":"Point","coordinates":[135.6234329,34.7365927]},"properties":{"z":6.7}},{"type":"Feature","geometry":{"type":"Point","coordinates":[135.6234553,34.7365517]},"properties":{"z":6.7}},{"type":"Feature","geometry":{"type":"Point","coordinates":[135.6234771,34.7365105]},"properties":{"z":6.7}},{"type":"Feature","geometry":{"type":"Point","coordinates":[135.6234988,34.7364693]},"properties":{"z":6.7}},{"type":"Feature","geometry":{"type":"Point","coordinates":[135.6235213,34.7364283]},"properties":{"z":6.6}},{"type":"Feature","geometry":{"type":"Point","coordinates":[135.6235439,34.7363873]},"properties":{"z":6.6}},{"type":"Feature","geometry":{"type":"Point","coordinates":[135.6235649,34.7363458]},"properties":{"z":6.6}},{"type":"Feature","geometry":{"type":"Point","coordinates":[135.623585,34.736304]},"properties":{"z":6.5}},{"type":"Feature","geometry":{"type":"Point","coordinates":[135.6236061,34.7362626]},"properties":{"z":6.5}},{"type":"Feature","geometry":{"type":"Point","coordinates":[135.6236306,34.7362224]},"properties":{"z":6.5}},{"type":"Feature","geometry":{"type":"Point","coordinates":[135.623655,34.7361822]},"properties":{"z":6.5}},{"type":"Feature","geometry":{"type":"Point","coordinates":[135.623678,34.7361414]},"properties":{"z":6.5}},{"type":"Feature","geometry":{"type":"Point","coordinates":[135.6237006,34.7361005]},"properties":{"z":6.4}},{"type":"Feature","geometry":{"type":"Point","coordinates":[135.6237222,34.7360592]},"properties":{"z":6.4}},{"type":"Feature","geometry":{"type":"Point","coordinates":[135.6237432,34.7360177]},"properties":{"z":6.4}},{"type":"Feature","geometry":{"type":"Point","coordinates":[135.6237634,34.7359759]},"properties":{"z":6.4}},{"type":"Feature","geometry":{"type":"Point","coordinates":[135.6237828,34.7359339]},"properties":{"z":6.4}},{"type":"Feature","geometry":{"type":"Point","coordinates":[135.6238014,34.7358916]},"properties":{"z":6.3}},{"type":"Feature","geometry":{"type":"Point","coordinates":[135.6238175,34.7358487]},"properties":{"z":6.3}},{"type":"Feature","geometry":{"type":"Point","coordinates":[135.6238336,34.7358057]},"properties":{"z":6.3}},{"type":"Feature","geometry":{"type":"Point","coordinates":[135.6238517,34.7357633]},"properties":{"z":6.3}},{"type":"Feature","geometry":{"type":"Point","coordinates":[135.6238703,34.735721]},"properties":{"z":6.2}},{"type":"Feature","geometry":{"type":"Point","coordinates":[135.6238878,34.7356784]},"properties":{"z":6.2}},{"type":"Feature","geometry":{"type":"Point","coordinates":[135.6239026,34.7356352]},"properties":{"z":6.2}},{"type":"Feature","geometry":{"type":"Point","coordinates":[135.6239173,34.7355919]},"properties":{"z":6.2}},{"type":"Feature","geometry":{"type":"Point","coordinates":[135.6239299,34.7355481]},"properties":{"z":6.2}},{"type":"Feature","geometry":{"type":"Point","coordinates":[135.6239416,34.7355042]},"properties":{"z":6.1}},{"type":"Feature","geometry":{"type":"Point","coordinates":[135.6239532,34.7354603]},"properties":{"z":6.1}},{"type":"Feature","geometry":{"type":"Point","coordinates":[135.6239631,34.7354161]},"properties":{"z":6.1}},{"type":"Feature","geometry":{"type":"Point","coordinates":[135.6239731,34.7353719]},"properties":{"z":6.0}},{"type":"Feature","geometry":{"type":"Point","coordinates":[135.623982,34.7353276]},"properties":{"z":6.0}},{"type":"Feature","geometry":{"type":"Point","coordinates":[135.6239894,34.735283]},"properties":{"z":6.0}},{"type":"Feature","geometry":{"type":"Point","coordinates":[135.6239968,34.7352385]},"properties":{"z":6.0}},{"type":"Feature","geometry":{"type":"Point","coordinates":[135.6240021,34.7351938]},"properties":{"z":5.9}},{"type":"Feature","geometry":{"type":"Point","coordinates":[135.624006,34.7351489]},"properties":{"z":5.9}},{"type":"Feature","geometry":{"type":"Point","coordinates":[135.6240099,34.7351041]},"properties":{"z":5.9}},{"type":"Feature","geometry":{"type":"Point","coordinates":[135.624014,34.7350593]},"properties":{"z":5.9}},{"type":"Feature","geometry":{"type":"Point","coordinates":[135.6240182,34.7350144]},"properties":{"z":5.9}},{"type":"Feature","geometry":{"type":"Point","coordinates":[135.6240224,34.7349696]},"properties":{"z":5.8}},{"type":"Feature","geometry":{"type":"Point","coordinates":[135.6240261,34.7349248]},"properties":{"z":5.8}},{"type":"Feature","geometry":{"type":"Point","coordinates":[135.6240297,34.7348799]},"properties":{"z":5.7}},{"type":"Feature","geometry":{"type":"Point","coordinates":[135.6240333,34.7348351]},"properties":{"z":5.7}},{"type":"Feature","geometry":{"type":"Point","coordinates":[135.6240364,34.7347902]},"properties":{"z":5.7}},{"type":"Feature","geometry":{"type":"Point","coordinates":[135.6240395,34.7347453]},"properties":{"z":5.6}},{"type":"Feature","geometry":{"type":"Point","coordinates":[135.6240426,34.7347004]},"properties":{"z":5.6}},{"type":"Feature","geometry":{"type":"Point","coordinates":[135.6240455,34.7346555]},"properties":{"z":5.6}},{"type":"Feature","geometry":{"type":"Point","coordinates":[135.6240485,34.7346107]},"properties":{"z":5.6}},{"type":"Feature","geometry":{"type":"Point","coordinates":[135.624051,34.7345658]},"properties":{"z":5.6}},{"type":"Feature","geometry":{"type":"Point","coordinates":[135.6240527,34.7345208]},"properties":{"z":5.5}},{"type":"Feature","geometry":{"type":"Point","coordinates":[135.6240543,34.7344759]},"properties":{"z":5.5}},{"type":"Feature","geometry":{"type":"Point","coordinates":[135.6240557,34.7344309]},"properties":{"z":5.5}},{"type":"Feature","geometry":{"type":"Point","coordinates":[135.6240568,34.734386]},"properties":{"z":5.4}},{"type":"Feature","geometry":{"type":"Point","coordinates":[135.6240579,34.7343411]},"properties":{"z":5.4}},{"type":"Feature","geometry":{"type":"Point","coordinates":[135.624058,34.7342961]},"properties":{"z":5.4}},{"type":"Feature","geometry":{"type":"Point","coordinates":[135.6240575,34.7342512]},"properties":{"z":5.4}},{"type":"Feature","geometry":{"type":"Point","coordinates":[135.6240571,34.7342062]},"properties":{"z":5.3}},{"type":"Feature","geometry":{"type":"Point","coordinates":[135.6240605,34.7341614]},"properties":{"z":5.3}},{"type":"Feature","geometry":{"type":"Point","coordinates":[135.6240644,34.7341165]},"properties":{"z":5.2}},{"type":"Feature","geometry":{"type":"Point","coordinates":[135.6240715,34.734072]},"properties":{"z":5.2}},{"type":"Feature","geometry":{"type":"Point","coordinates":[135.6240818,34.7340279]},"properties":{"z":5.2}},{"type":"Feature","geometry":{"type":"Point","coordinates":[135.6240909,34.7339836]},"properties":{"z":5.2}},{"type":"Feature","geometry":{"type":"Point","coordinates":[135.624097,34.733939]},"properties":{"z":5.2}},{"type":"Feature","geometry":{"type":"Point","coordinates":[135.6240972,34.733894]},"properties":{"z":5.1}},{"type":"Feature","geometry":{"type":"Point","coordinates":[135.6241014,34.7338492]},"properties":{"z":5.1}},{"type":"Feature","geometry":{"type":"Point","coordinates":[135.6241052,34.7338044]},"properties":{"z":5.1}},{"type":"Feature","geometry":{"type":"Point","coordinates":[135.6241048,34.7337595]},"properties":{"z":5.0}},{"type":"Feature","geometry":{"type":"Point","coordinates":[135.6241044,34.7337145]},"properties":{"z":5.0}},{"type":"Feature","geometry":{"type":"Point","coordinates":[135.6241049,34.7336696]},"properties":{"z":5.0}},{"type":"Feature","geometry":{"type":"Point","coordinates":[135.6241055,34.7336246]},"properties":{"z":5.0}},{"type":"Feature","geometry":{"type":"Point","coordinates":[135.6241065,34.7335797]},"properties":{"z":5.0}},{"type":"Feature","geometry":{"type":"Point","coordinates":[135.6241087,34.7335347]},"properties":{"z":4.9}},{"type":"Feature","geometry":{"type":"Point","coordinates":[135.6241109,34.7334898]},"properties":{"z":4.9}},{"type":"Feature","geometry":{"type":"Point","coordinates":[135.6241133,34.7334449]},"properties":{"z":4.9}},{"type":"Feature","geometry":{"type":"Point","coordinates":[135.6241158,34.7334]},"properties":{"z":4.9}},{"type":"Feature","geometry":{"type":"Point","coordinates":[135.6241184,34.7333551]},"properties":{"z":4.8}},{"type":"Feature","geometry":{"type":"Point","coordinates":[135.6241217,34.7333103]},"properties":{"z":4.8}},{"type":"Feature","geometry":{"type":"Point","coordinates":[135.6241252,34.7332654]},"properties":{"z":4.8}},{"type":"Feature","geometry":{"type":"Point","coordinates":[135.6241287,34.7332205]},"properties":{"z":4.8}},{"type":"Feature","geometry":{"type":"Point","coordinates":[135.6241336,34.7331758]},"properties":{"z":4.8}},{"type":"Feature","geometry":{"type":"Point","coordinates":[135.6241388,34.733131]},"properties":{"z":4.7}},{"type":"Feature","geometry":{"type":"Point","coordinates":[135.6241439,34.7330863]},"properties":{"z":4.7}},{"type":"Feature","geometry":{"type":"Point","coordinates":[135.6241494,34.7330415]},"properties":{"z":4.7}},{"type":"Feature","geometry":{"type":"Point","coordinates":[135.6241548,34.7329968]},"properties":{"z":4.7}},{"type":"Feature","geometry":{"type":"Point","coordinates":[135.6241603,34.7329521]},"properties":{"z":4.7}},{"type":"Feature","geometry":{"type":"Point","coordinates":[135.6241658,34.7329074]},"properties":{"z":4.7}},{"type":"Feature","geometry":{"type":"Point","coordinates":[135.6241713,34.7328626]},"properties":{"z":4.7}},{"type":"Feature","geometry":{"type":"Point","coordinates":[135.6241767,34.7328179]},"properties":{"z":4.7}},{"type":"Feature","geometry":{"type":"Point","coordinates":[135.6241815,34.7327731]},"properties":{"z":4.7}},{"type":"Feature","geometry":{"type":"Point","coordinates":[135.6241862,34.7327283]},"properties":{"z":4.7}},{"type":"Feature","geometry":{"type":"Point","coordinates":[135.6241909,34.7326836]},"properties":{"z":4.7}},{"type":"Feature","geometry":{"type":"Point","coordinates":[135.6241952,34.7326387]},"properties":{"z":4.7}},{"type":"Feature","geometry":{"type":"Point","coordinates":[135.6241995,34.7325939]},"properties":{"z":4.7}},{"type":"Feature","geometry":{"type":"Point","coordinates":[135.6242038,34.7325491]},"properties":{"z":4.7}},{"type":"Feature","geometry":{"type":"Point","coordinates":[135.6242082,34.7325043]},"properties":{"z":4.7}},{"type":"Feature","geometry":{"type":"Point","coordinates":[135.6242127,34.7324595]},"properties":{"z":4.7}},{"type":"Feature","geometry":{"type":"Point","coordinates":[135.6242172,34.7324147]},"properties":{"z":4.7}},{"type":"Feature","geometry":{"type":"Point","coordinates":[135.624221,34.7323699]},"properties":{"z":4.7}},{"type":"Feature","geometry":{"type":"Point","coordinates":[135.6242248,34.732325]},"properties":{"z":4.7}},{"type":"Feature","geometry":{"type":"Point","coordinates":[135.6242286,34.7322802]},"properties":{"z":4.6}},{"type":"Feature","geometry":{"type":"Point","coordinates":[135.6242335,34.7322354]},"properties":{"z":4.6}},{"type":"Feature","geometry":{"type":"Point","coordinates":[135.6242383,34.7321906]},"properties":{"z":4.5}},{"type":"Feature","geometry":{"type":"Point","coordinates":[135.6242432,34.7321459]},"properties":{"z":4.5}},{"type":"Feature","geometry":{"type":"Point","coordinates":[135.6242494,34.7321012]},"properties":{"z":4.5}},{"type":"Feature","geometry":{"type":"Point","coordinates":[135.6242557,34.7320565]},"properties":{"z":4.4}},{"type":"Feature","geometry":{"type":"Point","coordinates":[135.624262,34.7320119]},"properties":{"z":4.3}},{"type":"Feature","geometry":{"type":"Point","coordinates":[135.6242657,34.731967]},"properties":{"z":4.3}},{"type":"Feature","geometry":{"type":"Point","coordinates":[135.6242689,34.7319222]},"properties":{"z":4.3}},{"type":"Feature","geometry":{"type":"Point","coordinates":[135.6242721,34.7318773]},"properties":{"z":4.2}},{"type":"Feature","geometry":{"type":"Point","coordinates":[135.6242762,34.7318325]},"properties":{"z":4.2}},{"type":"Feature","geometry":{"type":"Point","coordinates":[135.6242805,34.7317877]},"properties":{"z":4.2}},{"type":"Feature","geometry":{"type":"Point","coordinates":[135.6242849,34.7317429]},"properties":{"z":4.2}},{"type":"Feature","geometry":{"type":"Point","coordinates":[135.6242893,34.731698]},"properties":{"z":4.1}},{"type":"Feature","geometry":{"type":"Point","coordinates":[135.6242937,34.7316532]},"properties":{"z":4.1}},{"type":"Feature","geometry":{"type":"Point","coordinates":[135.6242981,34.7316084]},"properties":{"z":4.1}},{"type":"Feature","geometry":{"type":"Point","coordinates":[135.6243041,34.7315638]},"properties":{"z":4.1}},{"type":"Feature","geometry":{"type":"Point","coordinates":[135.6243104,34.7315191]},"properties":{"z":4.0}},{"type":"Feature","geometry":{"type":"Point","coordinates":[135.6243168,34.7314745]},"properties":{"z":4.0}},{"type":"Feature","geometry":{"type":"Point","coordinates":[135.624324,34.7314299]},"properties":{"z":3.9}},{"type":"Feature","geometry":{"type":"Point","coordinates":[135.6243314,34.7313854]},"properties":{"z":3.9}},{"type":"Feature","geometry":{"type":"Point","coordinates":[135.6243388,34.7313408]},"properties":{"z":3.9}},{"type":"Feature","geometry":{"type":"Point","coordinates":[135.624346,34.7312963]},"properties":{"z":3.8}},{"type":"Feature","geometry":{"type":"Point","coordinates":[135.6243531,34.7312517]},"properties":{"z":3.8}},{"type":"Feature","geometry":{"type":"Point","coordinates":[135.6243602,34.7312071]},"properties":{"z":3.7}},{"type":"Feature","geometry":{"type":"Point","coordinates":[135.6243674,34.7311626]},"properties":{"z":3.7}},{"type":"Feature","geometry":{"type":"Point","coordinates":[135.6243746,34.731118]},"properties":{"z":3.7}},{"type":"Feature","geometry":{"type":"Point","coordinates":[135.6243817,34.7310734]},"properties":{"z":3.6}},{"type":"Feature","geometry":{"type":"Point","coordinates":[135.6243975,34.7310305]},"properties":{"z":3.6}},{"type":"Feature","geometry":{"type":"Point","coordinates":[135.6244153,34.730988]},"properties":{"z":3.6}},{"type":"Feature","geometry":{"type":"Point","coordinates":[135.6244395,34.7309482]},"properties":{"z":3.5}},{"type":"Feature","geometry":{"type":"Point","coordinates":[135.6244703,34.7309111]},"properties":{"z":3.5}},{"type":"Feature","geometry":{"type":"Point","coordinates":[135.6245024,34.7308746]},"properties":{"z":3.4}},{"type":"Feature","geometry":{"type":"Point","coordinates":[135.6245352,34.7308387]},"properties":{"z":3.4}},{"type":"Feature","geometry":{"type":"Point","coordinates":[135.6245557,34.7307971]},"properties":{"z":3.4}},{"type":"Feature","geometry":{"type":"Point","coordinates":[135.6245666,34.7307547]},"properties":{"z":3.4}},{"type":"Feature","geometry":{"type":"Point","coordinates":[135.6245533,34.7307111]},"properties":{"z":3.3}},{"type":"Feature","geometry":{"type":"Point","coordinates":[135.624539,34.7306677]},"properties":{"z":3.2}},{"type":"Feature","geometry":{"type":"Point","coordinates":[135.6245221,34.730625]},"properties":{"z":3.2}},{"type":"Feature","geometry":{"type":"Point","coordinates":[135.6245068,34.730582]},"properties":{"z":3.2}},{"type":"Feature","geometry":{"type":"Point","coordinates":[135.624508,34.7305371]},"properties":{"z":3.1}},{"type":"Feature","geometry":{"type":"Point","coordinates":[135.6245093,34.7304921]},"properties":{"z":3.1}},{"type":"Feature","geometry":{"type":"Point","coordinates":[135.6245199,34.7304482]},"properties":{"z":3.0}},{"type":"Feature","geometry":{"type":"Point","coordinates":[135.6245329,34.7304046]},"properties":{"z":3.0}},{"type":"Feature","geometry":{"type":"Point","coordinates":[135.6245444,34.7303606]},"properties":{"z":3.0}},{"type":"Feature","geometry":{"type":"Point","coordinates":[135.6245543,34.7303164]},"properties":{"z":2.9}},{"type":"Feature","geometry":{"type":"Point","coordinates":[135.6245644,34.7302723]},"properties":{"z":2.9}},{"type":"Feature","geometry":{"type":"Point","coordinates":[135.6245757,34.7302283]},"properties":{"z":2.9}},{"type":"Feature","geometry":{"type":"Point","coordinates":[135.6245869,34.7301843]},"properties":{"z":2.8}},{"type":"Feature","geometry":{"type":"Point","coordinates":[135.6245961,34.73014]},"properties":{"z":2.8}},{"type":"Feature","geometry":{"type":"Point","coordinates":[135.6246054,34.7300957]},"properties":{"z":2.7}},{"type":"Feature","geometry":{"type":"Point","coordinates":[135.6246165,34.7300516]},"properties":{"z":2.7}},{"type":"Feature","geometry":{"type":"Point","coordinates":[135.6246278,34.7300077]},"properties":{"z":2.7}},{"type":"Feature","geometry":{"type":"Point","coordinates":[135.624638,34.7299635]},"properties":{"z":2.6}},{"type":"Feature","geometry":{"type":"Point","coordinates":[135.6246478,34.7299193]},"properties":{"z":2.6}},{"type":"Feature","geometry":{"type":"Point","coordinates":[135.6246577,34.7298751]},"properties":{"z":2.5}},{"type":"Feature","geometry":{"type":"Point","coordinates":[135.6246678,34.7298309]},"properties":{"z":2.5}},{"type":"Feature","geometry":{"type":"Point","coordinates":[135.6246759,34.7297865]},"properties":{"z":2.5}},{"type":"Feature","geometry":{"type":"Point","coordinates":[135.6246817,34.7297418]},"properties":{"z":2.4}},{"type":"Feature","geometry":{"type":"Point","coordinates":[135.6246892,34.7296973]},"properties":{"z":2.4}},{"type":"Feature","geometry":{"type":"Point","coordinates":[135.6246999,34.7296532]},"properties":{"z":2.3}},{"type":"Feature","geometry":{"type":"Point","coordinates":[135.6247105,34.7296091]},"properties":{"z":2.3}},{"type":"Feature","geometry":{"type":"Point","coordinates":[135.624721,34.729565]},"properties":{"z":2.3}},{"type":"Feature","geometry":{"type":"Point","coordinates":[135.624731,34.7295208]},"properties":{"z":2.2}},{"type":"Feature","geometry":{"type":"Point","coordinates":[135.6247388,34.7294763]},"properties":{"z":2.2}},{"type":"Feature","geometry":{"type":"Point","coordinates":[135.6247464,34.7294318]},"properties":{"z":2.2}},{"type":"Feature","geometry":{"type":"Point","coordinates":[135.6247531,34.7293872]},"properties":{"z":2.2}},{"type":"Feature","geometry":{"type":"Point","coordinates":[135.6247555,34.7293425]},"properties":{"z":2.2}},{"type":"Feature","geometry":{"type":"Point","coordinates":[135.6247498,34.7292978]},"properties":{"z":2.1}},{"type":"Feature","geometry":{"type":"Point","coordinates":[135.6247155,34.7292636]},"properties":{"z":2.1}},{"type":"Feature","geometry":{"type":"Point","coordinates":[135.6246664,34.729249]},"properties":{"z":2.1}},{"type":"Feature","geometry":{"type":"Point","coordinates":[135.6246122,34.729243]},"properties":{"z":2.1}},{"type":"Feature","geometry":{"type":"Point","coordinates":[135.6245597,34.7292317]},"properties":{"z":2.1}},{"type":"Feature","geometry":{"type":"Point","coordinates":[135.6245138,34.7292113]},"properties":{"z":2.1}},{"type":"Feature","geometry":{"type":"Point","coordinates":[135.6244948,34.7291692]},"properties":{"z":2.0}},{"type":"Feature","geometry":{"type":"Point","coordinates":[135.6244908,34.7291266]},"properties":{"z":2.0}},{"type":"Feature","geometry":{"type":"Point","coordinates":[135.6245065,34.7290836]},"properties":{"z":2.0}},{"type":"Feature","geometry":{"type":"Point","coordinates":[135.6245207,34.7290402]},"properties":{"z":2.0}},{"type":"Feature","geometry":{"type":"Point","coordinates":[135.6245325,34.7289963]},"properties":{"z":2.0}},{"type":"Feature","geometry":{"type":"Point","coordinates":[135.6245438,34.7289523]},"properties":{"z":2.0}},{"type":"Feature","geometry":{"type":"Point","coordinates":[135.6245529,34.728908]},"properties":{"z":2.0}},{"type":"Feature","geometry":{"type":"Point","coordinates":[135.624562,34.7288637]},"properties":{"z":2.0}},{"type":"Feature","geometry":{"type":"Point","coordinates":[135.6245688,34.7288191]},"properties":{"z":2.0}},{"type":"Feature","geometry":{"type":"Point","coordinates":[135.6245756,34.7287745]},"properties":{"z":2.0}},{"type":"Feature","geometry":{"type":"Point","coordinates":[135.6245848,34.7287301]},"properties":{"z":2.0}},{"type":"Feature","geometry":{"type":"Point","coordinates":[135.6245942,34.7286859]},"properties":{"z":2.1}},{"type":"Feature","geometry":{"type":"Point","coordinates":[135.6246025,34.7286414]},"properties":{"z":2.1}},{"type":"Feature","geometry":{"type":"Point","coordinates":[135.6246104,34.728597]},"properties":{"z":2.1}},{"type":"Feature","geometry":{"type":"Point","coordinates":[135.6246183,34.7285525]},"properties":{"z":2.1}},{"type":"Feature","geometry":{"type":"Point","coordinates":[135.624626,34.728508]},"properties":{"z":2.1}},{"type":"Feature","geometry":{"type":"Point","coordinates":[135.6246329,34.7284634]},"properties":{"z":2.1}},{"type":"Feature","geometry":{"type":"Point","coordinates":[135.6246379,34.7284186]},"properties":{"z":2.1}},{"type":"Feature","geometry":{"type":"Point","coordinates":[135.6246433,34.7283739]},"properties":{"z":2.1}},{"type":"Feature","geometry":{"type":"Point","coordinates":[135.6246511,34.7283294]},"properties":{"z":2.1}},{"type":"Feature","geometry":{"type":"Point","coordinates":[135.6246589,34.7282849]},"properties":{"z":2.1}},{"type":"Feature","geometry":{"type":"Point","coordinates":[135.6246647,34.7282402]},"properties":{"z":2.1}},{"type":"Feature","geometry":{"type":"Point","coordinates":[135.6246703,34.7281955]},"properties":{"z":2.2}},{"type":"Feature","geometry":{"type":"Point","coordinates":[135.6246777,34.728151]},"properties":{"z":2.2}},{"type":"Feature","geometry":{"type":"Point","coordinates":[135.6246849,34.7281064]},"properties":{"z":2.2}},{"type":"Feature","geometry":{"type":"Point","coordinates":[135.6246899,34.7280616]},"properties":{"z":2.2}},{"type":"Feature","geometry":{"type":"Point","coordinates":[135.6246939,34.7280168]},"properties":{"z":2.2}},{"type":"Feature","geometry":{"type":"Point","coordinates":[135.6246972,34.727972]},"properties":{"z":2.2}},{"type":"Feature","geometry":{"type":"Point","coordinates":[135.6247068,34.7279277]},"properties":{"z":2.2}},{"type":"Feature","geometry":{"type":"Point","coordinates":[135.6247154,34.7278833]},"properties":{"z":2.2}},{"type":"Feature","geometry":{"type":"Point","coordinates":[135.6247235,34.7278389]},"properties":{"z":2.2}},{"type":"Feature","geometry":{"type":"Point","coordinates":[135.6247308,34.7277943]},"properties":{"z":2.2}},{"type":"Feature","geometry":{"type":"Point","coordinates":[135.6247383,34.7277498]},"properties":{"z":2.3}},{"type":"Feature","geometry":{"type":"Point","coordinates":[135.6247473,34.7277055]},"properties":{"z":2.3}},{"type":"Feature","geometry":{"type":"Point","coordinates":[135.6247563,34.7276611]},"properties":{"z":2.3}},{"type":"Feature","geometry":{"type":"Point","coordinates":[135.6247638,34.7276166]},"properties":{"z":2.3}},{"type":"Feature","geometry":{"type":"Point","coordinates":[135.624771,34.727572]},"properties":{"z":2.3}},{"type":"Feature","geometry":{"type":"Point","coordinates":[135.6247776,34.7275274]},"properties":{"z":2.3}},{"type":"Feature","geometry":{"type":"Point","coordinates":[135.6247831,34.7274827]},"properties":{"z":2.3}},{"type":"Feature","geometry":{"type":"Point","coordinates":[135.6247886,34.727438]},"properties":{"z":2.3}},{"type":"Feature","geometry":{"type":"Point","coordinates":[135.6247966,34.7273935]},"properties":{"z":2.3}},{"type":"Feature","geometry":{"type":"Point","coordinates":[135.6248048,34.7273491]},"properties":{"z":2.4}},{"type":"Feature","geometry":{"type":"Point","coordinates":[135.624813,34.7273046]},"properties":{"z":2.4}},{"type":"Feature","geometry":{"type":"Point","coordinates":[135.6248212,34.7272602]},"properties":{"z":2.4}},{"type":"Feature","geometry":{"type":"Point","coordinates":[135.62483,34.7272158]},"properties":{"z":2.4}},{"type":"Feature","geometry":{"type":"Point","coordinates":[135.6248399,34.7271716]},"properties":{"z":2.4}},{"type":"Feature","geometry":{"type":"Point","coordinates":[135.6248501,34.7271274]},"properties":{"z":2.4}},{"type":"Feature","geometry":{"type":"Point","coordinates":[135.6248609,34.7270834]},"properties":{"z":2.4}},{"type":"Feature","geometry":{"type":"Point","coordinates":[135.6248718,34.7270393]},"properties":{"z":2.4}},{"type":"Feature","geometry":{"type":"Point","coordinates":[135.624883,34.7269953]},"properties":{"z":2.4}},{"type":"Feature","geometry":{"type":"Point","coordinates":[135.6248943,34.7269514]},"properties":{"z":2.4}},{"type":"Feature","geometry":{"type":"Point","coordinates":[135.6249066,34.7269075]},"properties":{"z":2.4}},{"type":"Feature","geometry":{"type":"Point","coordinates":[135.6249189,34.7268638]},"properties":{"z":2.5}},{"type":"Feature","geometry":{"type":"Point","coordinates":[135.6249322,34.7268202]},"properties":{"z":2.5}},{"type":"Feature","geometry":{"type":"Point","coordinates":[135.6249459,34.7267766]},"properties":{"z":2.5}},{"type":"Feature","geometry":{"type":"Point","coordinates":[135.6249603,34.7267333]},"properties":{"z":2.5}},{"type":"Feature","geometry":{"type":"Point","coordinates":[135.6249756,34.7266901]},"properties":{"z":2.5}},{"type":"Feature","geometry":{"type":"Point","coordinates":[135.624991,34.726647]},"properties":{"z":2.5}},{"type":"Feature","geometry":{"type":"Point","coordinates":[135.6250069,34.726604]},"properties":{"z":2.5}},{"type":"Feature","geometry":{"type":"Point","coordinates":[135.6250228,34.726561]},"properties":{"z":2.5}},{"type":"Feature","geometry":{"type":"Point","coordinates":[135.6250412,34.7265186]},"properties":{"z":2.5}},{"type":"Feature","geometry":{"type":"Point","coordinates":[135.6250598,34.7264763]},"properties":{"z":2.5}},{"type":"Feature","geometry":{"type":"Point","coordinates":[135.6250769,34.7264337]},"properties":{"z":2.6}},{"type":"Feature","geometry":{"type":"Point","coordinates":[135.6250937,34.7263909]},"properties":{"z":2.6}},{"type":"Feature","geometry":{"type":"Point","coordinates":[135.6251106,34.7263481]},"properties":{"z":2.6}},{"type":"Feature","geometry":{"type":"Point","coordinates":[135.6251276,34.7263054]},"properties":{"z":2.6}},{"type":"Feature","geometry":{"type":"Point","coordinates":[135.6251456,34.726263]},"properties":{"z":2.6}},{"type":"Feature","geometry":{"type":"Point","coordinates":[135.625164,34.7262206]},"properties":{"z":2.6}},{"type":"Feature","geometry":{"type":"Point","coordinates":[135.6251839,34.7261788]},"properties":{"z":2.6}},{"type":"Feature","geometry":{"type":"Point","coordinates":[135.6252047,34.7261372]},"properties":{"z":2.6}},{"type":"Feature","geometry":{"type":"Point","coordinates":[135.6252247,34.7260954]},"properties":{"z":2.6}},{"type":"Feature","geometry":{"type":"Point","coordinates":[135.6252438,34.7260532]},"properties":{"z":2.6}},{"type":"Feature","geometry":{"type":"Point","coordinates":[135.6252634,34.7260113]},"properties":{"z":2.7}},{"type":"Feature","geometry":{"type":"Point","coordinates":[135.6252837,34.7259695]},"properties":{"z":2.7}},{"type":"Feature","geometry":{"type":"Point","coordinates":[135.6253045,34.725928]},"properties":{"z":2.7}},{"type":"Feature","geometry":{"type":"Point","coordinates":[135.6253268,34.7258869]},"properties":{"z":2.7}},{"type":"Feature","geometry":{"type":"Point","coordinates":[135.6253482,34.7258456]},"properties":{"z":2.7}},{"type":"Feature","geometry":{"type":"Point","coordinates":[135.6253675,34.7258035]},"properties":{"z":2.7}},{"type":"Feature","geometry":{"type":"Point","coordinates":[135.6253883,34.725762]},"properties":{"z":2.7}},{"type":"Feature","geometry":{"type":"Point","coordinates":[135.6254126,34.7257218]},"properties":{"z":2.7}},{"type":"Feature","geometry":{"type":"Point","coordinates":[135.6254369,34.7256817]},"properties":{"z":2.7}},{"type":"Feature","geometry":{"type":"Point","coordinates":[135.6254676,34.7256454]},"properties":{"z":2.7}},{"type":"Feature","geometry":{"type":"Point","coordinates":[135.6254953,34.725608]},"properties":{"z":2.7}},{"type":"Feature","geometry":{"type":"Point","coordinates":[135.6255123,34.7255653]},"properties":{"z":2.7}},{"type":"Feature","geometry":{"type":"Point","coordinates":[135.625533,34.7255239]},"properties":{"z":2.8}},{"type":"Feature","geometry":{"type":"Point","coordinates":[135.6255597,34.7254847]},"properties":{"z":2.8}},{"type":"Feature","geometry":{"type":"Point","coordinates":[135.6255882,34.7254464]},"properties":{"z":2.8}},{"type":"Feature","geometry":{"type":"Point","coordinates":[135.6256161,34.7254077]},"properties":{"z":2.8}},{"type":"Feature","geometry":{"type":"Point","coordinates":[135.6256438,34.7253689]},"properties":{"z":2.8}},{"type":"Feature","geometry":{"type":"Point","coordinates":[135.6256728,34.7253309]},"properties":{"z":2.8}},{"type":"Feature","geometry":{"type":"Point","coordinates":[135.6257027,34.7252932]},"properties":{"z":2.8}},{"type":"Feature","geometry":{"type":"Point","coordinates":[135.6257322,34.7252553]},"properties":{"z":2.8}},{"type":"Feature","geometry":{"type":"Point","coordinates":[135.6257609,34.7252171]},"properties":{"z":2.9}},{"type":"Feature","geometry":{"type":"Point","coordinates":[135.6257897,34.7251789]},"properties":{"z":2.9}},{"type":"Feature","geometry":{"type":"Point","coordinates":[135.625817,34.7251399]},"properties":{"z":2.9}},{"type":"Feature","geometry":{"type":"Point","coordinates":[135.6258443,34.725101]},"properties":{"z":2.9}},{"type":"Feature","geometry":{"type":"Point","coordinates":[135.6258729,34.7250626]},"properties":{"z":2.9}},{"type":"Feature","geometry":{"type":"Point","coordinates":[135.6259018,34.7250245]},"properties":{"z":2.9}},{"type":"Feature","geometry":{"type":"Point","coordinates":[135.6259309,34.7249865]},"properties":{"z":2.9}},{"type":"Feature","geometry":{"type":"Point","coordinates":[135.6259601,34.7249484]},"properties":{"z":2.9}},{"type":"Feature","geometry":{"type":"Point","coordinates":[135.6259886,34.7249101]},"properties":{"z":2.9}},{"type":"Feature","geometry":{"type":"Point","coordinates":[135.6260163,34.7248713]},"properties":{"z":2.9}},{"type":"Feature","geometry":{"type":"Point","coordinates":[135.6260434,34.7248323]},"properties":{"z":2.9}},{"type":"Feature","geometry":{"type":"Point","coordinates":[135.6260698,34.7247929]},"properties":{"z":2.9}},{"type":"Feature","geometry":{"type":"Point","coordinates":[135.6260968,34.7247538]},"properties":{"z":3.0}},{"type":"Feature","geometry":{"type":"Point","coordinates":[135.6261249,34.7247152]},"properties":{"z":3.0}},{"type":"Feature","geometry":{"type":"Point","coordinates":[135.6261529,34.7246766]},"properties":{"z":3.0}},{"type":"Feature","geometry":{"type":"Point","coordinates":[135.6261807,34.7246379]},"properties":{"z":3.0}},{"type":"Feature","geometry":{"type":"Point","coordinates":[135.6262085,34.7245992]},"properties":{"z":3.0}},{"type":"Feature","geometry":{"type":"Point","coordinates":[135.6262361,34.7245604]},"properties":{"z":3.0}},{"type":"Feature","geometry":{"type":"Point","coordinates":[135.6262653,34.7245224]},"properties":{"z":3.0}},{"type":"Feature","geometry":{"type":"Point","coordinates":[135.6262955,34.7244849]},"properties":{"z":3.0}},{"type":"Feature","geometry":{"type":"Point","coordinates":[135.6263249,34.724447]},"properties":{"z":3.0}},{"type":"Feature","geometry":{"type":"Point","coordinates":[135.6263539,34.7244089]},"properties":{"z":3.0}},{"type":"Feature","geometry":{"type":"Point","coordinates":[135.6263823,34.7243705]},"properties":{"z":3.0}},{"type":"Feature","geometry":{"type":"Point","coordinates":[135.6264105,34.724332]},"properties":{"z":3.0}},{"type":"Feature","geometry":{"type":"Point","coordinates":[135.6264385,34.7242934]},"properties":{"z":3.1}},{"type":"Feature","geometry":{"type":"Point","coordinates":[135.6264665,34.7242547]},"properties":{"z":3.1}},{"type":"Feature","geometry":{"type":"Point","coordinates":[135.6264959,34.7242169]},"properties":{"z":3.1}},{"type":"Feature","geometry":{"type":"Point","coordinates":[135.6265263,34.7241795]},"properties":{"z":3.1}},{"type":"Feature","geometry":{"type":"Point","coordinates":[135.626556,34.7241418]},"properties":{"z":3.1}},{"type":"Feature","geometry":{"type":"Point","coordinates":[135.6265846,34.7241035]},"properties":{"z":3.1}},{"type":"Feature","geometry":{"type":"Point","coordinates":[135.6266138,34.7240654]},"properties":{"z":3.1}},{"type":"Feature","geometry":{"type":"Point","coordinates":[135.6266449,34.7240285]},"properties":{"z":3.1}},{"type":"Feature","geometry":{"type":"Point","coordinates":[135.626676,34.7239915]},"properties":{"z":3.1}},{"type":"Feature","geometry":{"type":"Point","coordinates":[135.6267057,34.7239538]},"properties":{"z":3.2}},{"type":"Feature","geometry":{"type":"Point","coordinates":[135.6267354,34.723916]},"properties":{"z":3.2}},{"type":"Feature","geometry":{"type":"Point","coordinates":[135.6267638,34.7238776]},"properties":{"z":3.2}},{"type":"Feature","geometry":{"type":"Point","coordinates":[135.6267915,34.7238388]},"properties":{"z":3.2}},{"type":"Feature","geometry":{"type":"Point","coordinates":[135.6268195,34.7238002]},"properties":{"z":3.2}},{"type":"Feature","geometry":{"type":"Point","coordinates":[135.6268481,34.7237619]},"properties":{"z":3.2}},{"type":"Feature","geometry":{"type":"Point","coordinates":[135.6268764,34.7237234]},"properties":{"z":3.2}},{"type":"Feature","geometry":{"type":"Point","coordinates":[135.626903,34.7236842]},"properties":{"z":3.2}},{"type":"Feature","geometry":{"type":"Point","coordinates":[135.6269297,34.7236449]},"properties":{"z":3.2}},{"type":"Feature","geometry":{"type":"Point","coordinates":[135.6269537,34.7236046]},"properties":{"z":3.2}},{"type":"Feature","geometry":{"type":"Point","coordinates":[135.6269773,34.723564]},"properties":{"z":3.2}},{"type":"Feature","geometry":{"type":"Point","coordinates":[135.6270022,34.723524]},"properties":{"z":3.3}},{"type":"Feature","geometry":{"type":"Point","coordinates":[135.627028,34.7234843]},"properties":{"z":3.3}},{"type":"Feature","geometry":{"type":"Point","coordinates":[135.6270535,34.7234446]},"properties":{"z":3.3}},{"type":"Feature","geometry":{"type":"Point","coordinates":[135.6270776,34.7234042]},"properties":{"z":3.3}},{"type":"Feature","geometry":{"type":"Point","coordinates":[135.6271017,34.7233639]},"properties":{"z":3.3}},{"type":"Feature","geometry":{"type":"Point","coordinates":[135.6271257,34.7233235]},"properties":{"z":3.3}},{"type":"Feature","geometry":{"type":"Point","coordinates":[135.6271497,34.7232831]},"properties":{"z":3.3}},{"type":"Feature","geometry":{"type":"Point","coordinates":[135.6271738,34.7232428]},"properties":{"z":3.3}},{"type":"Feature","geometry":{"type":"Point","coordinates":[135.6271981,34.7232025]},"properties":{"z":3.3}},{"type":"Feature","geometry":{"type":"Point","coordinates":[135.6272223,34.7231622]},"properties":{"z":3.3}},{"type":"Feature","geometry":{"type":"Point","coordinates":[135.627246,34.7231217]},"properties":{"z":3.4}},{"type":"Feature","geometry":{"type":"Point","coordinates":[135.6272696,34.7230811]},"properties":{"z":3.4}},{"type":"Feature","geometry":{"type":"Point","coordinates":[135.6272939,34.7230408]},"properties":{"z":3.4}},{"type":"Feature","geometry":{"type":"Point","coordinates":[135.6273191,34.7230009]},"properties":{"z":3.4}},{"type":"Feature","geometry":{"type":"Point","coordinates":[135.6273443,34.7229611]},"properties":{"z":3.4}},{"type":"Feature","geometry":{"type":"Point","coordinates":[135.6273678,34.7229204]},"properties":{"z":3.4}},{"type":"Feature","geometry":{"type":"Point","coordinates":[135.6273912,34.7228798]},"properties":{"z":3.4}},{"type":"Feature","geometry":{"type":"Point","coordinates":[135.6274157,34.7228397]},"properties":{"z":3.4}},{"type":"Feature","geometry":{"type":"Point","coordinates":[135.6274411,34.7227999]},"properties":{"z":3.4}},{"type":"Feature","geometry":{"type":"Point","coordinates":[135.6274665,34.72276]},"properties":{"z":3.4}},{"type":"Feature","geometry":{"type":"Point","coordinates":[135.6274896,34.7227193]},"properties":{"z":3.4}},{"type":"Feature","geometry":{"type":"Point","coordinates":[135.6275126,34.7226785]},"properties":{"z":3.4}},{"type":"Feature","geometry":{"type":"Point","coordinates":[135.6275365,34.7226381]},"properties":{"z":3.4}},{"type":"Feature","geometry":{"type":"Point","coordinates":[135.6275615,34.7225981]},"properties":{"z":3.5}},{"type":"Feature","geometry":{"type":"Point","coordinates":[135.6275866,34.7225582]},"properties":{"z":3.5}},{"type":"Feature","geometry":{"type":"Point","coordinates":[135.6276111,34.722518]},"properties":{"z":3.5}},{"type":"Feature","geometry":{"type":"Point","coordinates":[135.6276355,34.7224777]},"properties":{"z":3.5}},{"type":"Feature","geometry":{"type":"Point","coordinates":[135.6276599,34.7224375]},"properties":{"z":3.5}},{"type":"Feature","geometry":{"type":"Point","coordinates":[135.6276847,34.7223974]},"properties":{"z":3.5}},{"type":"Feature","geometry":{"type":"Point","coordinates":[135.6277094,34.7223574]},"properties":{"z":3.5}},{"type":"Feature","geometry":{"type":"Point","coordinates":[135.6277341,34.7223172]},"properties":{"z":3.5}},{"type":"Feature","geometry":{"type":"Point","coordinates":[135.6277588,34.7222771]},"properties":{"z":3.5}},{"type":"Feature","geometry":{"type":"Point","coordinates":[135.6277835,34.722237]},"properties":{"z":3.5}},{"type":"Feature","geometry":{"type":"Point","coordinates":[135.6278082,34.7221969]},"properties":{"z":3.6}},{"type":"Feature","geometry":{"type":"Point","coordinates":[135.6278331,34.7221569]},"properties":{"z":3.6}},{"type":"Feature","geometry":{"type":"Point","coordinates":[135.6278581,34.7221169]},"properties":{"z":3.6}},{"type":"Feature","geometry":{"type":"Point","coordinates":[135.6278832,34.722077]},"properties":{"z":3.6}},{"type":"Feature","geometry":{"type":"Point","coordinates":[135.6279073,34.7220366]},"properties":{"z":3.6}},{"type":"Feature","geometry":{"type":"Point","coordinates":[135.62793,34.7219957]},"properties":{"z":3.6}},{"type":"Feature","geometry":{"type":"Point","coordinates":[135.6279531,34.721955]},"properties":{"z":3.6}},{"type":"Feature","geometry":{"type":"Point","coordinates":[135.6279781,34.721915]},"properties":{"z":3.6}},{"type":"Feature","geometry":{"type":"Point","coordinates":[135.6280031,34.721875]},"properties":{"z":3.6}},{"type":"Feature","geometry":{"type":"Point","coordinates":[135.6280268,34.7218345]},"properties":{"z":3.7}},{"type":"Feature","geometry":{"type":"Point","coordinates":[135.6280504,34.721794]},"properties":{"z":3.7}},{"type":"Feature","geometry":{"type":"Point","coordinates":[135.6280747,34.7217537]},"properties":{"z":3.7}},{"type":"Feature","geometry":{"type":"Point","coordinates":[135.6280993,34.7217136]},"properties":{"z":3.7}},{"type":"Feature","geometry":{"type":"Point","coordinates":[135.6281241,34.7216735]},"properties":{"z":3.7}},{"type":"Feature","geometry":{"type":"Point","coordinates":[135.628149,34.7216335]},"properties":{"z":3.7}},{"type":"Feature","geometry":{"type":"Point","coordinates":[135.6281731,34.7215931]},"properties":{"z":3.7}},{"type":"Feature","geometry":{"type":"Point","coordinates":[135.6281955,34.7215521]},"properties":{"z":3.7}},{"type":"Feature","geometry":{"type":"Point","coordinates":[135.6282141,34.72151]},"properties":{"z":3.7}},{"type":"Feature","geometry":{"type":"Point","coordinates":[135.6282288,34.7214667]},"properties":{"z":3.7}},{"type":"Feature","geometry":{"type":"Point","coordinates":[135.6282414,34.7214229]},"properties":{"z":3.7}},{"type":"Feature","geometry":{"type":"Point","coordinates":[135.6282558,34.7213796]},"properties":{"z":3.7}},{"type":"Feature","geometry":{"type":"Point","coordinates":[135.6282741,34.7213373]},"properties":{"z":3.7}},{"type":"Feature","geometry":{"type":"Point","coordinates":[135.6282959,34.7212961]},"properties":{"z":3.7}},{"type":"Feature","geometry":{"type":"Point","coordinates":[135.6283073,34.7212522]},"properties":{"z":3.7}},{"type":"Feature","geometry":{"type":"Point","coordinates":[135.6283177,34.7212081]},"properties":{"z":3.7}},{"type":"Feature","geometry":{"type":"Point","coordinates":[135.6283208,34.7211632]},"properties":{"z":3.7}},{"type":"Feature","geometry":{"type":"Point","coordinates":[135.6283229,34.7211183]},"properties":{"z":3.7}},{"type":"Feature","geometry":{"type":"Point","coordinates":[135.6283249,34.7210734]},"properties":{"z":3.7}},{"type":"Feature","geometry":{"type":"Point","coordinates":[135.6283265,34.7210285]},"properties":{"z":3.7}},{"type":"Feature","geometry":{"type":"Point","coordinates":[135.6283281,34.7209835]},"properties":{"z":3.7}},{"type":"Feature","geometry":{"type":"Point","coordinates":[135.6283265,34.7209387]},"properties":{"z":3.7}},{"type":"Feature","geometry":{"type":"Point","coordinates":[135.6283221,34.7208939]},"properties":{"z":3.7}},{"type":"Feature","geometry":{"type":"Point","coordinates":[135.6283177,34.7208491]},"properties":{"z":3.6}},{"type":"Feature","geometry":{"type":"Point","coordinates":[135.6283132,34.7208043]},"properties":{"z":3.6}},{"type":"Feature","geometry":{"type":"Point","coordinates":[135.6283087,34.7207595]},"properties":{"z":3.6}},{"type":"Feature","geometry":{"type":"Point","coordinates":[135.6283016,34.720715]},"properties":{"z":3.6}},{"type":"Feature","geometry":{"type":"Point","coordinates":[135.6282903,34.720671]},"properties":{"z":3.6}},{"type":"Feature","geometry":{"type":"Point","coordinates":[135.628279,34.720627]},"properties":{"z":3.6}},{"type":"Feature","geometry":{"type":"Point","coordinates":[135.6282707,34.7205826]},"properties":{"z":3.6}},{"type":"Feature","geometry":{"type":"Point","coordinates":[135.6282626,34.7205381]},"properties":{"z":3.6}},{"type":"Feature","geometry":{"type":"Point","coordinates":[135.6282536,34.7204938]},"properties":{"z":3.6}},{"type":"Feature","geometry":{"type":"Point","coordinates":[135.6282438,34.7204496]},"properties":{"z":3.6}},{"type":"Feature","geometry":{"type":"Point","coordinates":[135.6282345,34.7204053]},"properties":{"z":3.6}},{"type":"Feature","geometry":{"type":"Point","coordinates":[135.6282272,34.7203607]},"properties":{"z":3.6}},{"type":"Feature","geometry":{"type":"Point","coordinates":[135.6282199,34.7203162]},"properties":{"z":3.6}},{"type":"Feature","geometry":{"type":"Point","coordinates":[135.6282114,34.7202718]},"properties":{"z":3.6}},{"type":"Feature","geometry":{"type":"Point","coordinates":[135.6282027,34.7202274]},"properties":{"z":3.6}},{"type":"Feature","geometry":{"type":"Point","coordinates":[135.628193,34.7201832]},"properties":{"z":3.6}},{"type":"Feature","geometry":{"type":"Point","coordinates":[135.6281828,34.720139]},"properties":{"z":3.6}},{"type":"Feature","geometry":{"type":"Point","coordinates":[135.6281731,34.7200948]},"properties":{"z":3.6}},{"type":"Feature","geometry":{"type":"Point","coordinates":[135.6281639,34.7200505]},"properties":{"z":3.6}},{"type":"Feature","geometry":{"type":"Point","coordinates":[135.6281561,34.720006]},"properties":{"z":3.6}},{"type":"Feature","geometry":{"type":"Point","coordinates":[135.6281496,34.7199613]},"properties":{"z":3.6}},{"type":"Feature","geometry":{"type":"Point","coordinates":[135.6281459,34.7199165]},"properties":{"z":3.6}},{"type":"Feature","geometry":{"type":"Point","coordinates":[135.6281384,34.7198721]},"properties":{"z":3.6}},{"type":"Feature","geometry":{"type":"Point","coordinates":[135.6281251,34.7198286]},"properties":{"z":3.6}},{"type":"Feature","geometry":{"type":"Point","coordinates":[135.6281101,34.7197854]},"properties":{"z":3.6}},{"type":"Feature","geometry":{"type":"Point","coordinates":[135.6280941,34.7197424]},"properties":{"z":3.5}},{"type":"Feature","geometry":{"type":"Point","coordinates":[135.6280783,34.7196994]},"properties":{"z":3.5}},{"type":"Feature","geometry":{"type":"Point","coordinates":[135.6280661,34.7196556]},"properties":{"z":3.5}},{"type":"Feature","geometry":{"type":"Point","coordinates":[135.6280554,34.7196115]},"properties":{"z":3.5}},{"type":"Feature","geometry":{"type":"Point","coordinates":[135.6280446,34.7195675]},"properties":{"z":3.5}},{"type":"Feature","geometry":{"type":"Point","coordinates":[135.6280335,34.7195234]},"properties":{"z":3.5}},{"type":"Feature","geometry":{"type":"Point","coordinates":[135.6280229,34.7194793]},"properties":{"z":3.5}},{"type":"Feature","geometry":{"type":"Point","coordinates":[135.6280134,34.7194351]},"properties":{"z":3.5}},{"type":"Feature","geometry":{"type":"Point","coordinates":[135.6280038,34.7193908]},"properties":{"z":3.5}},{"type":"Feature","geometry":{"type":"Point","coordinates":[135.6279931,34.7193467]},"properties":{"z":3.5}},{"type":"Feature","geometry":{"type":"Point","coordinates":[135.6279824,34.7193027]},"properties":{"z":3.5}},{"type":"Feature","geometry":{"type":"Point","coordinates":[135.6279737,34.7192583]},"properties":{"z":3.5}},{"type":"Feature","geometry":{"type":"Point","coordinates":[135.6279658,34.7192138]},"properties":{"z":3.5}},{"type":"Feature","geometry":{"type":"Point","coordinates":[135.6279569,34.7191695]},"properties":{"z":3.5}},{"type":"Feature","geometry":{"type":"Point","coordinates":[135.6279468,34.7191253]},"properties":{"z":3.5}},{"type":"Feature","geometry":{"type":"Point","coordinates":[135.6279366,34.7190811]},"properties":{"z":3.5}},{"type":"Feature","geometry":{"type":"Point","coordinates":[135.6279264,34.719037]},"properties":{"z":3.5}},{"type":"Feature","geometry":{"type":"Point","coordinates":[135.6279165,34.7189928]},"properties":{"z":3.5}},{"type":"Feature","geometry":{"type":"Point","coordinates":[135.627908,34.7189483]},"properties":{"z":3.5}},{"type":"Feature","geometry":{"type":"Point","coordinates":[135.6278995,34.7189039]},"properties":{"z":3.5}},{"type":"Feature","geometry":{"type":"Point","coordinates":[135.6278913,34.7188595]},"properties":{"z":3.4}},{"type":"Feature","geometry":{"type":"Point","coordinates":[135.6278831,34.7188151]},"properties":{"z":3.4}},{"type":"Feature","geometry":{"type":"Point","coordinates":[135.627875,34.7187706]},"properties":{"z":3.4}},{"type":"Feature","geometry":{"type":"Point","coordinates":[135.6278651,34.7187264]},"properties":{"z":3.4}},{"type":"Feature","geometry":{"type":"Point","coordinates":[135.6278526,34.7186827]},"properties":{"z":3.4}},{"type":"Feature","geometry":{"type":"Point","coordinates":[135.6278388,34.7186392]},"properties":{"z":3.4}},{"type":"Feature","geometry":{"type":"Point","coordinates":[135.6278241,34.7185959]},"properties":{"z":3.4}},{"type":"Feature","geometry":{"type":"Point","coordinates":[135.627807,34.7185532]},"properties":{"z":3.4}},{"type":"Feature","geometry":{"type":"Point","coordinates":[135.6277888,34.7185108]},"properties":{"z":3.4}},{"type":"Feature","geometry":{"type":"Point","coordinates":[135.6277666,34.7184697]},"properties":{"z":3.4}},{"type":"Feature","geometry":{"type":"Point","coordinates":[135.6277436,34.718429]},"properties":{"z":3.4}},{"type":"Feature","geometry":{"type":"Point","coordinates":[135.6277193,34.7183887]},"properties":{"z":3.4}},{"type":"Feature","geometry":{"type":"Point","coordinates":[135.6276931,34.7183493]},"properties":{"z":3.4}},{"type":"Feature","geometry":{"type":"Point","coordinates":[135.6276652,34.7183106]},"properties":{"z":3.3}},{"type":"Feature","geometry":{"type":"Point","coordinates":[135.6276358,34.7182727]},"properties":{"z":3.3}},{"type":"Feature","geometry":{"type":"Point","coordinates":[135.6276056,34.7182352]},"properties":{"z":3.3}},{"type":"Feature","geometry":{"type":"Point","coordinates":[135.6275729,34.7181993]},"properties":{"z":3.3}},{"type":"Feature","geometry":{"type":"Point","coordinates":[135.6275395,34.7181637]},"properties":{"z":3.3}},{"type":"Feature","geometry":{"type":"Point","coordinates":[135.6275051,34.7181287]},"properties":{"z":3.3}},{"type":"Feature","geometry":{"type":"Point","coordinates":[135.6274675,34.7180964]},"properties":{"z":3.3}},{"type":"Feature","geometry":{"type":"Point","coordinates":[135.6274247,34.7180685]},"properties":{"z":3.3}},{"type":"Feature","geometry":{"type":"Point","coordinates":[135.6273837,34.7180388]},"properties":{"z":3.3}},{"type":"Feature","geometry":{"type":"Point","coordinates":[135.6273492,34.718004]},"properties":{"z":3.3}},{"type":"Feature","geometry":{"type":"Point","coordinates":[135.6273106,34.7179721]},"properties":{"z":3.2}},{"type":"Feature","geometry":{"type":"Point","coordinates":[135.6272725,34.7179399]},"properties":{"z":3.2}},{"type":"Feature","geometry":{"type":"Point","coordinates":[135.6272356,34.7179067]},"properties":{"z":3.2}},{"type":"Feature","geometry":{"type":"Point","coordinates":[135.6271993,34.7178731]},"properties":{"z":3.2}},{"type":"Feature","geometry":{"type":"Point","coordinates":[135.6271637,34.7178389]},"properties":{"z":3.2}},{"type":"Feature","geometry":{"type":"Point","coordinates":[135.6271287,34.7178044]},"properties":{"z":3.2}},{"type":"Feature","geometry":{"type":"Point","coordinates":[135.6270933,34.7177701]},"properties":{"z":3.2}},{"type":"Feature","geometry":{"type":"Point","coordinates":[135.6270558,34.7177374]},"properties":{"z":3.2}},{"type":"Feature","geometry":{"type":"Point","coordinates":[135.6270183,34.7177047]},"properties":{"z":3.2}},{"type":"Feature","geometry":{"type":"Point","coordinates":[135.6269811,34.7176718]},"properties":{"z":3.2}},{"type":"Feature","geometry":{"type":"Point","coordinates":[135.6269439,34.7176388]},"properties":{"z":3.2}},{"type":"Feature","geometry":{"type":"Point","coordinates":[135.6269081,34.7176049]},"properties":{"z":3.2}},{"type":"Feature","geometry":{"type":"Point","coordinates":[135.6268731,34.7175703]},"properties":{"z":3.1}},{"type":"Feature","geometry":{"type":"Point","coordinates":[135.626837,34.7175366]},"properties":{"z":3.1}},{"type":"Feature","geometry":{"type":"Point","coordinates":[135.6268,34.7175035]},"properties":{"z":3.1}},{"type":"Feature","geometry":{"type":"Point","coordinates":[135.6267628,34.7174705]},"properties":{"z":3.1}},{"type":"Feature","geometry":{"type":"Point","coordinates":[135.6267257,34.7174375]},"properties":{"z":3.1}},{"type":"Feature","geometry":{"type":"Point","coordinates":[135.6266891,34.7174041]},"properties":{"z":3.1}},{"type":"Feature","geometry":{"type":"Point","coordinates":[135.6266528,34.7173705]},"properties":{"z":3.1}},{"type":"Feature","geometry":{"type":"Point","coordinates":[135.6266155,34.7173376]},"properties":{"z":3.1}},{"type":"Feature","geometry":{"type":"Point","coordinates":[135.6265782,34.7173048]},"properties":{"z":3.1}},{"type":"Feature","geometry":{"type":"Point","coordinates":[135.6265412,34.7172717]},"properties":{"z":3.1}},{"type":"Feature","geometry":{"type":"Point","coordinates":[135.6265048,34.7172381]},"properties":{"z":3.1}},{"type":"Feature","geometry":{"type":"Point","coordinates":[135.6264691,34.717204]},"properties":{"z":3.1}},{"type":"Feature","geometry":{"type":"Point","coordinates":[135.6264327,34.7171705]},"properties":{"z":3.1}},{"type":"Feature","geometry":{"type":"Point","coordinates":[135.6263957,34.7171374]},"properties":{"z":3.1}},{"type":"Feature","geometry":{"type":"Point","coordinates":[135.6263601,34.7171033]},"properties":{"z":3.1}},{"type":"Feature","geometry":{"type":"Point","coordinates":[135.626325,34.7170688]},"properties":{"z":3.1}},{"type":"Feature","geometry":{"type":"Point","coordinates":[135.6262891,34.7170349]},"properties":{"z":3.0}},{"type":"Feature","geometry":{"type":"Point","coordinates":[135.6262532,34.717001]},"properties":{"z":3.0}},{"type":"Feature","geometry":{"type":"Point","coordinates":[135.6262189,34.716966]},"properties":{"z":3.0}},{"type":"Feature","geometry":{"type":"Point","coordinates":[135.6261849,34.7169308]},"properties":{"z":3.0}},{"type":"Feature","geometry":{"type":"Point","coordinates":[135.6261496,34.7168965]},"properties":{"z":3.0}},{"type":"Feature","geometry":{"type":"Point","coordinates":[135.6261141,34.7168622]},"properties":{"z":3.0}},{"type":"Feature","geometry":{"type":"Point","coordinates":[135.6260785,34.7168281]},"properties":{"z":3.0}},{"type":"Feature","geometry":{"type":"Point","coordinates":[135.6260429,34.716794]},"properties":{"z":3.0}},{"type":"Feature","geometry":{"type":"Point","coordinates":[135.6260077,34.7167596]},"properties":{"z":3.0}},{"type":"Feature","geometry":{"type":"Point","coordinates":[135.6259727,34.7167251]},"properties":{"z":3.0}},{"type":"Feature","geometry":{"type":"Point","coordinates":[135.6259376,34.7166906]},"properties":{"z":3.0}},{"type":"Feature","geometry":{"type":"Point","coordinates":[135.6259025,34.7166561]},"properties":{"z":3.0}},{"type":"Feature","geometry":{"type":"Point","coordinates":[135.6258673,34.7166217]},"properties":{"z":2.9}},{"type":"Feature","geometry":{"type":"Point","coordinates":[135.6258319,34.7165875]},"properties":{"z":2.9}},{"type":"Feature","geometry":{"type":"Point","coordinates":[135.6257972,34.7165527]},"properties":{"z":2.9}},{"type":"Feature","geometry":{"type":"Point","coordinates":[135.6257633,34.7165174]},"properties":{"z":2.9}},{"type":"Feature","geometry":{"type":"Point","coordinates":[135.6257283,34.7164829]},"properties":{"z":2.9}},{"type":"Feature","geometry":{"type":"Point","coordinates":[135.6256924,34.7164491]},"properties":{"z":2.9}},{"type":"Feature","geometry":{"type":"Point","coordinates":[135.6256563,34.7164152]},"properties":{"z":2.9}},{"type":"Feature","geometry":{"type":"Point","coordinates":[135.6256203,34.7163814]},"properties":{"z":2.9}},{"type":"Feature","geometry":{"type":"Point","coordinates":[135.6255844,34.7163475]},"properties":{"z":2.8}},{"type":"Feature","geometry":{"type":"Point","coordinates":[135.6255485,34.7163136]},"properties":{"z":2.8}},{"type":"Feature","geometry":{"type":"Point","coordinates":[135.625513,34.7162794]},"properties":{"z":2.8}},{"type":"Feature","geometry":{"type":"Point","coordinates":[135.6254773,34.7162453]},"properties":{"z":2.8}},{"type":"Feature","geometry":{"type":"Point","coordinates":[135.6254405,34.7162121]},"properties":{"z":2.7}},{"type":"Feature","geometry":{"type":"Point","coordinates":[135.6254038,34.7161788]},"properties":{"z":2.7}},{"type":"Feature","geometry":{"type":"Point","coordinates":[135.6253674,34.7161452]},"properties":{"z":2.7}},{"type":"Feature","geometry":{"type":"Point","coordinates":[135.625331,34.7161117]},"properties":{"z":2.7}},{"type":"Feature","geometry":{"type":"Point","coordinates":[135.6252956,34.7160774]},"properties":{"z":2.7}},{"type":"Feature","geometry":{"type":"Point","coordinates":[135.6252628,34.7160415]},"properties":{"z":2.7}},{"type":"Feature","geometry":{"type":"Point","coordinates":[135.6252235,34.7160102]},"properties":{"z":2.7}},{"type":"Feature","geometry":{"type":"Point","coordinates":[135.6251849,34.7159785]},"properties":{"z":2.6}},{"type":"Feature","geometry":{"type":"Point","coordinates":[135.6251428,34.7159499]},"properties":{"z":2.6}},{"type":"Feature","geometry":{"type":"Point","coordinates":[135.6251051,34.7159176]},"properties":{"z":2.6}},{"type":"Feature","geometry":{"type":"Point","coordinates":[135.6250733,34.7158811]},"properties":{"z":2.6}},{"type":"Feature","geometry":{"type":"Point","coordinates":[135.6250414,34.7158445]},"properties":{"z":2.6}},{"type":"Feature","geometry":{"type":"Point","coordinates":[135.6250096,34.7158079]},"properties":{"z":2.6}},{"type":"Feature","geometry":{"type":"Point","coordinates":[135.6249762,34.7157724]},"properties":{"z":2.6}},{"type":"Feature","geometry":{"type":"Point","coordinates":[135.6249425,34.7157369]},"properties":{"z":2.6}},{"type":"Feature","geometry":{"type":"Point","coordinates":[135.6249092,34.7157013]},"properties":{"z":2.5}},{"type":"Feature","geometry":{"type":"Point","coordinates":[135.6248759,34.7156656]},"properties":{"z":2.5}},{"type":"Feature","geometry":{"type":"Point","coordinates":[135.6248427,34.7156299]},"properties":{"z":2.5}},{"type":"Feature","geometry":{"type":"Point","coordinates":[135.62481,34.7155939]},"properties":{"z":2.5}},{"type":"Feature","geometry":{"type":"Point","coordinates":[135.6247773,34.7155579]},"properties":{"z":2.5}},{"type":"Feature","geometry":{"type":"Point","coordinates":[135.6247446,34.7155218]},"properties":{"z":2.5}},{"type":"Feature","geometry":{"type":"Point","coordinates":[135.624713,34.7154851]},"properties":{"z":2.5}},{"type":"Feature","geometry":{"type":"Point","coordinates":[135.6246813,34.7154485]},"properties":{"z":2.5}},{"type":"Feature","geometry":{"type":"Point","coordinates":[135.6246498,34.7154118]},"properties":{"z":2.4}},{"type":"Feature","geometry":{"type":"Point","coordinates":[135.6246193,34.7153745]},"properties":{"z":2.4}},{"type":"Feature","geometry":{"type":"Point","coordinates":[135.6245888,34.7153372]},"properties":{"z":2.4}},{"type":"Feature","geometry":{"type":"Point","coordinates":[135.6245583,34.7152998]},"properties":{"z":2.4}},{"type":"Feature","geometry":{"type":"Point","coordinates":[135.6245292,34.7152618]},"properties":{"z":2.4}},{"type":"Feature","geometry":{"type":"Point","coordinates":[135.6245001,34.7152237]},"properties":{"z":2.4}},{"type":"Feature","geometry":{"type":"Point","coordinates":[135.624471,34.7151857]},"properties":{"z":2.4}},{"type":"Feature","geometry":{"type":"Point","coordinates":[135.6244419,34.7151476]},"properties":{"z":2.4}},{"type":"Feature","geometry":{"type":"Point","coordinates":[135.6244128,34.7151096]},"properties":{"z":2.4}},{"type":"Feature","geometry":{"type":"Point","coordinates":[135.6243841,34.7150713]},"properties":{"z":2.3}},{"type":"Feature","geometry":{"type":"Point","coordinates":[135.624356,34.7150327]},"properties":{"z":2.3}},{"type":"Feature","geometry":{"type":"Point","coordinates":[135.6243278,34.7149942]},"properties":{"z":2.3}},{"type":"Feature","geometry":{"type":"Point","coordinates":[135.6242998,34.7149556]},"properties":{"z":2.3}},{"type":"Feature","geometry":{"type":"Point","coordinates":[135.6242717,34.714917]},"properties":{"z":2.3}},{"type":"Feature","geometry":{"type":"Point","coordinates":[135.624244,34.7148783]},"properties":{"z":2.3}},{"type":"Feature","geometry":{"type":"Point","coordinates":[135.624217,34.7148392]},"properties":{"z":2.3}},{"type":"Feature","geometry":{"type":"Point","coordinates":[135.6241899,34.7148001]},"properties":{"z":2.3}},{"type":"Feature","geometry":{"type":"Point","coordinates":[135.6241632,34.7147609]},"properties":{"z":2.3}},{"type":"Feature","geometry":{"type":"Point","coordinates":[135.6241365,34.7147217]},"properties":{"z":2.3}},{"type":"Feature","geometry":{"type":"Point","coordinates":[135.6241103,34.7146822]},"properties":{"z":2.3}},{"type":"Feature","geometry":{"type":"Point","coordinates":[135.6240847,34.7146425]},"properties":{"z":2.3}},{"type":"Feature","geometry":{"type":"Point","coordinates":[135.6240592,34.7146027]},"properties":{"z":2.2}},{"type":"Feature","geometry":{"type":"Point","coordinates":[135.6240336,34.714563]},"properties":{"z":2.2}},{"type":"Feature","geometry":{"type":"Point","coordinates":[135.624008,34.7145233]},"properties":{"z":2.2}},{"type":"Feature","geometry":{"type":"Point","coordinates":[135.6239832,34.7144832]},"properties":{"z":2.2}},{"type":"Feature","geometry":{"type":"Point","coordinates":[135.6239592,34.7144428]},"properties":{"z":2.2}},{"type":"Feature","geometry":{"type":"Point","coordinates":[135.6239352,34.7144025]},"properties":{"z":2.2}},{"type":"Feature","geometry":{"type":"Point","coordinates":[135.6239105,34.7143623]},"properties":{"z":2.2}},{"type":"Feature","geometry":{"type":"Point","coordinates":[135.6238858,34.7143222]},"properties":{"z":2.2}},{"type":"Feature","geometry":{"type":"Point","coordinates":[135.6238601,34.7142826]},"properties":{"z":2.2}},{"type":"Feature","geometry":{"type":"Point","coordinates":[135.6238342,34.7142429]},"properties":{"z":2.2}},{"type":"Feature","geometry":{"type":"Point","coordinates":[135.6238099,34.7142027]},"properties":{"z":2.2}},{"type":"Feature","geometry":{"type":"Point","coordinates":[135.6237861,34.7141622]},"properties":{"z":2.2}},{"type":"Feature","geometry":{"type":"Point","coordinates":[135.6237611,34.7141223]},"properties":{"z":2.2}},{"type":"Feature","geometry":{"type":"Point","coordinates":[135.6237352,34.7140827]},"properties":{"z":2.1}},{"type":"Feature","geometry":{"type":"Point","coordinates":[135.6237087,34.7140434]},"properties":{"z":2.1}},{"type":"Feature","geometry":{"type":"Point","coordinates":[135.6236812,34.7140045]},"properties":{"z":2.1}},{"type":"Feature","geometry":{"type":"Point","coordinates":[135.623654,34.7139655]},"properties":{"z":2.1}},{"type":"Feature","geometry":{"type":"Point","coordinates":[135.6236287,34.7139257]},"properties":{"z":2.1}},{"type":"Feature","geometry":{"type":"Point","coordinates":[135.6236033,34.7138858]},"properties":{"z":2.1}},{"type":"Feature","geometry":{"type":"Point","coordinates":[135.6235778,34.7138461]},"properties":{"z":2.1}},{"type":"Feature","geometry":{"type":"Point","coordinates":[135.6235522,34.7138064]},"properties":{"z":2.1}},{"type":"Feature","geometry":{"type":"Point","coordinates":[135.6235261,34.7137668]},"properties":{"z":2.1}},{"type":"Feature","geometry":{"type":"Point","coordinates":[135.6234999,34.7137274]},"properties":{"z":2.1}},{"type":"Feature","geometry":{"type":"Point","coordinates":[135.6234722,34.7136887]},"properties":{"z":2.1}},{"type":"Feature","geometry":{"type":"Point","coordinates":[135.6234437,34.7136503]},"properties":{"z":2.0}},{"type":"Feature","geometry":{"type":"Point","coordinates":[135.6234202,34.7136098]},"properties":{"z":2.0}},{"type":"Feature","geometry":{"type":"Point","coordinates":[135.6233976,34.7135688]},"properties":{"z":2.0}},{"type":"Feature","geometry":{"type":"Point","coordinates":[135.6233761,34.7135275]},"properties":{"z":2.0}},{"type":"Feature","geometry":{"type":"Point","coordinates":[135.6233565,34.7134855]},"properties":{"z":2.0}},{"type":"Feature","geometry":{"type":"Point","coordinates":[135.6233367,34.7134437]},"properties":{"z":2.0}},{"type":"Feature","geometry":{"type":"Point","coordinates":[135.6233133,34.7134031]},"properties":{"z":2.0}},{"type":"Feature","geometry":{"type":"Point","coordinates":[135.6232862,34.713364]},"properties":{"z":2.0}},{"type":"Feature","geometry":{"type":"Point","coordinates":[135.6232589,34.7133251]},"properties":{"z":2.0}},{"type":"Feature","geometry":{"type":"Point","coordinates":[135.6232302,34.7132868]},"properties":{"z":2.0}},{"type":"Feature","geometry":{"type":"Point","coordinates":[135.6232098,34.7132452]},"properties":{"z":2.0}},{"type":"Feature","geometry":{"type":"Point","coordinates":[135.6231862,34.7132046]},"properties":{"z":2.0}},{"type":"Feature","geometry":{"type":"Point","coordinates":[135.6231597,34.7131653]},"properties":{"z":1.9}},{"type":"Feature","geometry":{"type":"Point","coordinates":[135.6231295,34.713128]},"properties":{"z":1.9}},{"type":"Feature","geometry":{"type":"Point","coordinates":[135.6230967,34.713092]},"properties":{"z":1.9}},{"type":"Feature","geometry":{"type":"Point","coordinates":[135.6230683,34.7130537]},"properties":{"z":1.9}},{"type":"Feature","geometry":{"type":"Point","coordinates":[135.6230422,34.7130142]},"properties":{"z":1.9}},{"type":"Feature","geometry":{"type":"Point","coordinates":[135.6230193,34.7129735]},"properties":{"z":1.9}},{"type":"Feature","geometry":{"type":"Point","coordinates":[135.6230005,34.7129313]},"properties":{"z":1.9}},{"type":"Feature","geometry":{"type":"Point","coordinates":[135.6229797,34.7128899]},"properties":{"z":1.9}},{"type":"Feature","geometry":{"type":"Point","coordinates":[135.6229533,34.7128505]},"properties":{"z":1.9}},{"type":"Feature","geometry":{"type":"Point","coordinates":[135.6229269,34.7128111]},"properties":{"z":1.9}},{"type":"Feature","geometry":{"type":"Point","coordinates":[135.6229007,34.7127717]},"properties":{"z":1.9}},{"type":"Feature","geometry":{"type":"Point","coordinates":[135.6228771,34.7127312]},"properties":{"z":1.8}},{"type":"Feature","geometry":{"type":"Point","coordinates":[135.622856,34.7126897]},"properties":{"z":1.8}},{"type":"Feature","geometry":{"type":"Point","coordinates":[135.6228328,34.712649]},"properties":{"z":1.8}},{"type":"Feature","geometry":{"type":"Point","coordinates":[135.6228096,34.7126083]},"properties":{"z":1.8}},{"type":"Feature","geometry":{"type":"Point","coordinates":[135.6227897,34.7125665]},"properties":{"z":1.8}},{"type":"Feature","geometry":{"type":"Point","coordinates":[135.622769,34.7125249]},"properties":{"z":1.8}},{"type":"Feature","geometry":{"type":"Point","coordinates":[135.6227476,34.7124835]},"properties":{"z":1.8}},{"type":"Feature","geometry":{"type":"Point","coordinates":[135.6227259,34.7124423]},"properties":{"z":1.8}},{"type":"Feature","geometry":{"type":"Point","coordinates":[135.6227044,34.7124009]},"properties":{"z":1.8}},{"type":"Feature","geometry":{"type":"Point","coordinates":[135.6226836,34.7123593]},"properties":{"z":1.8}},{"type":"Feature","geometry":{"type":"Point","coordinates":[135.6226634,34.7123176]},"properties":{"z":1.8}},{"type":"Feature","geometry":{"type":"Point","coordinates":[135.6226437,34.7122756]},"properties":{"z":1.8}},{"type":"Feature","geometry":{"type":"Point","coordinates":[135.6226251,34.7122334]},"properties":{"z":1.8}},{"type":"Feature","geometry":{"type":"Point","coordinates":[135.6226066,34.7121911]},"properties":{"z":1.7}},{"type":"Feature","geometry":{"type":"Point","coordinates":[135.6225866,34.7121492]},"properties":{"z":1.7}},{"type":"Feature","geometry":{"type":"Point","coordinates":[135.6225669,34.7121073]},"properties":{"z":1.7}},{"type":"Feature","geometry":{"type":"Point","coordinates":[135.6225487,34.7120649]},"properties":{"z":1.7}},{"type":"Feature","geometry":{"type":"Point","coordinates":[135.6225306,34.7120225]},"properties":{"z":1.7}},{"type":"Feature","geometry":{"type":"Point","coordinates":[135.6225129,34.71198]},"properties":{"z":1.7}},{"type":"Feature","geometry":{"type":"Point","coordinates":[135.6224961,34.7119372]},"properties":{"z":1.7}},{"type":"Feature","geometry":{"type":"Point","coordinates":[135.6224813,34.7118939]},"properties":{"z":1.7}},{"type":"Feature","geometry":{"type":"Point","coordinates":[135.6224668,34.7118506]},"properties":{"z":1.7}},{"type":"Feature","geometry":{"type":"Point","coordinates":[135.6224527,34.7118071]},"properties":{"z":1.7}},{"type":"Feature","geometry":{"type":"Point","coordinates":[135.6224378,34.7117639]},"properties":{"z":1.7}},{"type":"Feature","geometry":{"type":"Point","coordinates":[135.6224217,34.7117209]},"properties":{"z":1.7}},{"type":"Feature","geometry":{"type":"Point","coordinates":[135.6224065,34.7116778]},"properties":{"z":1.7}},{"type":"Feature","geometry":{"type":"Point","coordinates":[135.6223927,34.7116343]},"properties":{"z":1.7}},{"type":"Feature","geometry":{"type":"Point","coordinates":[135.622379,34.7115908]},"properties":{"z":1.7}},{"type":"Feature","geometry":{"type":"Point","coordinates":[135.6223657,34.7115472]},"properties":{"z":1.7}},{"type":"Feature","geometry":{"type":"Point","coordinates":[135.6223523,34.7115036]},"properties":{"z":1.7}},{"type":"Feature","geometry":{"type":"Point","coordinates":[135.6223378,34.7114602]},"properties":{"z":1.7}},{"type":"Feature","geometry":{"type":"Point","coordinates":[135.6223235,34.7114169]},"properties":{"z":1.7}},{"type":"Feature","geometry":{"type":"Point","coordinates":[135.6223098,34.7113733]},"properties":{"z":1.7}},{"type":"Feature","geometry":{"type":"Point","coordinates":[135.6222962,34.7113298]},"properties":{"z":1.7}},{"type":"Feature","geometry":{"type":"Point","coordinates":[135.6222828,34.7112862]},"properties":{"z":1.7}},{"type":"Feature","geometry":{"type":"Point","coordinates":[135.6222693,34.7112427]},"properties":{"z":1.7}},{"type":"Feature","geometry":{"type":"Point","coordinates":[135.6222555,34.7111992]},"properties":{"z":1.7}},{"type":"Feature","geometry":{"type":"Point","coordinates":[135.6222413,34.7111558]},"properties":{"z":1.7}},{"type":"Feature","geometry":{"type":"Point","coordinates":[135.6222261,34.7111126]},"properties":{"z":1.7}},{"type":"Feature","geometry":{"type":"Point","coordinates":[135.62221,34.7110696]},"properties":{"z":1.7}},{"type":"Feature","geometry":{"type":"Point","coordinates":[135.6221926,34.711027]},"properties":{"z":1.7}},{"type":"Feature","geometry":{"type":"Point","coordinates":[135.6221786,34.7109836]},"properties":{"z":1.7}},{"type":"Feature","geometry":{"type":"Point","coordinates":[135.6221659,34.7109399]},"properties":{"z":1.7}},{"type":"Feature","geometry":{"type":"Point","coordinates":[135.6221513,34.7108965]},"properties":{"z":1.7}},{"type":"Feature","geometry":{"type":"Point","coordinates":[135.6221366,34.7108532]},"properties":{"z":1.7}},{"type":"Feature","geometry":{"type":"Point","coordinates":[135.6221222,34.7108099]},"properties":{"z":1.7}},{"type":"Feature","geometry":{"type":"Point","coordinates":[135.6221077,34.7107665]},"properties":{"z":1.7}},{"type":"Feature","geometry":{"type":"Point","coordinates":[135.6220926,34.7107233]},"properties":{"z":1.7}},{"type":"Feature","geometry":{"type":"Point","coordinates":[135.6220747,34.7106809]},"properties":{"z":1.7}},{"type":"Feature","geometry":{"type":"Point","coordinates":[135.6220531,34.7106396]},"properties":{"z":1.7}},{"type":"Feature","geometry":{"type":"Point","coordinates":[135.6220395,34.7105981]},"properties":{"z":1.7}},{"type":"Feature","geometry":{"type":"Point","coordinates":[135.6220757,34.7105715]},"properties":{"z":1.7}},{"type":"Feature","geometry":{"type":"Point","coordinates":[135.6221292,34.7105717]},"properties":{"z":1.7}},{"type":"Feature","geometry":{"type":"Point","coordinates":[135.6221838,34.7105711]},"properties":{"z":1.7}},{"type":"Feature","geometry":{"type":"Point","coordinates":[135.6222368,34.7105617]},"properties":{"z":1.7}},{"type":"Feature","geometry":{"type":"Point","coordinates":[135.6222733,34.7105348]},"properties":{"z":1.7}},{"type":"Feature","geometry":{"type":"Point","coordinates":[135.6222895,34.710492]},"properties":{"z":1.7}},{"type":"Feature","geometry":{"type":"Point","coordinates":[135.6223181,34.7104546]},"properties":{"z":1.7}},{"type":"Feature","geometry":{"type":"Point","coordinates":[135.6223654,34.7104328]},"properties":{"z":1.7}},{"type":"Feature","geometry":{"type":"Point","coordinates":[135.6224184,34.710422]},"properties":{"z":1.7}},{"type":"Feature","geometry":{"type":"Point","coordinates":[135.6224559,34.7103903]},"properties":{"z":1.7}},{"type":"Feature","geometry":{"type":"Point","coordinates":[135.622489,34.7103546]},"properties":{"z":1.7}},{"type":"Feature","geometry":{"type":"Point","coordinates":[135.6225187,34.7103168]},"properties":{"z":1.7}},{"type":"Feature","geometry":{"type":"Point","coordinates":[135.622544,34.7102771]},"properties":{"z":1.7}},{"type":"Feature","geometry":{"type":"Point","coordinates":[135.622567,34.7102363]},"properties":{"z":1.7}},{"type":"Feature","geometry":{"type":"Point","coordinates":[135.6225852,34.710194]},"properties":{"z":1.8}},{"type":"Feature","geometry":{"type":"Point","coordinates":[135.6226017,34.7101511]},"properties":{"z":1.8}},{"type":"Feature","geometry":{"type":"Point","coordinates":[135.6226201,34.7101089]},"properties":{"z":1.8}},{"type":"Feature","geometry":{"type":"Point","coordinates":[135.6226415,34.7100675]},"properties":{"z":1.8}},{"type":"Feature","geometry":{"type":"Point","coordinates":[135.6226629,34.7100262]},"properties":{"z":1.8}},{"type":"Feature","geometry":{"type":"Point","coordinates":[135.6226825,34.7099842]},"properties":{"z":1.8}},{"type":"Feature","geometry":{"type":"Point","coordinates":[135.6227014,34.709942]},"properties":{"z":1.8}},{"type":"Feature","geometry":{"type":"Point","coordinates":[135.6227203,34.7098998]},"properties":{"z":1.8}},{"type":"Feature","geometry":{"type":"Point","coordinates":[135.6227391,34.7098576]},"properties":{"z":1.8}},{"type":"Feature","geometry":{"type":"Point","coordinates":[135.6227578,34.7098154]},"properties":{"z":1.8}},{"type":"Feature","geometry":{"type":"Point","coordinates":[135.6227766,34.7097731]},"properties":{"z":1.8}},{"type":"Feature","geometry":{"type":"Point","coordinates":[135.6228003,34.7097327]},"properties":{"z":1.8}},{"type":"Feature","geometry":{"type":"Point","coordinates":[135.622824,34.7096921]},"properties":{"z":1.8}},{"type":"Feature","geometry":{"type":"Point","coordinates":[135.6228466,34.7096512]},"properties":{"z":1.8}},{"type":"Feature","geometry":{"type":"Point","coordinates":[135.6228677,34.7096097]},"properties":{"z":1.8}},{"type":"Feature","geometry":{"type":"Point","coordinates":[135.6228887,34.7095682]},"properties":{"z":1.8}},{"type":"Feature","geometry":{"type":"Point","coordinates":[135.6229091,34.7095265]},"properties":{"z":1.8}},{"type":"Feature","geometry":{"type":"Point","coordinates":[135.6229293,34.7094848]},"properties":{"z":1.9}},{"type":"Feature","geometry":{"type":"Point","coordinates":[135.6229496,34.709443]},"properties":{"z":1.9}},{"type":"Feature","geometry":{"type":"Point","coordinates":[135.6229699,34.7094013]},"properties":{"z":1.9}},{"type":"Feature","geometry":{"type":"Point","coordinates":[135.6229902,34.7093596]},"properties":{"z":1.9}},{"type":"Feature","geometry":{"type":"Point","coordinates":[135.6230096,34.7093175]},"properties":{"z":1.9}},{"type":"Feature","geometry":{"type":"Point","coordinates":[135.623029,34.7092755]},"properties":{"z":1.9}},{"type":"Feature","geometry":{"type":"Point","coordinates":[135.6230464,34.7092329]},"properties":{"z":1.9}},{"type":"Feature","geometry":{"type":"Point","coordinates":[135.6230638,34.7091903]},"properties":{"z":1.9}},{"type":"Feature","geometry":{"type":"Point","coordinates":[135.623083,34.7091482]},"properties":{"z":1.9}},{"type":"Feature","geometry":{"type":"Point","coordinates":[135.6231013,34.7091059]},"properties":{"z":1.9}},{"type":"Feature","geometry":{"type":"Point","coordinates":[135.6231129,34.7090619]},"properties":{"z":1.9}},{"type":"Feature","geometry":{"type":"Point","coordinates":[135.6231265,34.7090186]},"properties":{"z":1.9}},{"type":"Feature","geometry":{"type":"Point","coordinates":[135.6231502,34.7089781]},"properties":{"z":2.0}},{"type":"Feature","geometry":{"type":"Point","coordinates":[135.6231739,34.7089376]},"properties":{"z":2.0}},{"type":"Feature","geometry":{"type":"Point","coordinates":[135.6231881,34.7088942]},"properties":{"z":2.0}},{"type":"Feature","geometry":{"type":"Point","coordinates":[135.6232022,34.7088507]},"properties":{"z":2.0}},{"type":"Feature","geometry":{"type":"Point","coordinates":[135.6232232,34.7088092]},"properties":{"z":2.0}},{"type":"Feature","geometry":{"type":"Point","coordinates":[135.6232445,34.7087678]},"properties":{"z":2.0}},{"type":"Feature","geometry":{"type":"Point","coordinates":[135.6232611,34.7087251]},"properties":{"z":2.0}},{"type":"Feature","geometry":{"type":"Point","coordinates":[135.6232757,34.7086818]},"properties":{"z":2.0}},{"type":"Feature","geometry":{"type":"Point","coordinates":[135.6232898,34.7086383]},"properties":{"z":2.0}},{"type":"Feature","geometry":{"type":"Point","coordinates":[135.6233034,34.7085948]},"properties":{"z":2.1}},{"type":"Feature","geometry":{"type":"Point","coordinates":[135.6233161,34.7085511]},"properties":{"z":2.1}},{"type":"Feature","geometry":{"type":"Point","coordinates":[135.623325,34.7085068]},"properties":{"z":2.1}},{"type":"Feature","geometry":{"type":"Point","coordinates":[135.6233338,34.7084624]},"properties":{"z":2.1}},{"type":"Feature","geometry":{"type":"Point","coordinates":[135.6233341,34.7084175]},"properties":{"z":2.1}},{"type":"Feature","geometry":{"type":"Point","coordinates":[135.6233336,34.7083725]},"properties":{"z":2.1}},{"type":"Feature","geometry":{"type":"Point","coordinates":[135.6233324,34.7083276]},"properties":{"z":2.1}},{"type":"Feature","geometry":{"type":"Point","coordinates":[135.623331,34.7082827]},"properties":{"z":2.1}},{"type":"Feature","geometry":{"type":"Point","coordinates":[135.6233296,34.7082377]},"properties":{"z":2.1}},{"type":"Feature","geometry":{"type":"Point","coordinates":[135.6233282,34.7081928]},"properties":{"z":2.1}},{"type":"Feature","geometry":{"type":"Point","coordinates":[135.6233256,34.7081479]},"properties":{"z":2.1}},{"type":"Feature","geometry":{"type":"Point","coordinates":[135.6233221,34.708103]},"properties":{"z":2.1}},{"type":"Feature","geometry":{"type":"Point","coordinates":[135.6233153,34.7080585]},"properties":{"z":2.1}},{"type":"Feature","geometry":{"type":"Point","coordinates":[135.6233063,34.7080141]},"properties":{"z":2.1}},{"type":"Feature","geometry":{"type":"Point","coordinates":[135.6233029,34.7079694]},"properties":{"z":2.1}},{"type":"Feature","geometry":{"type":"Point","coordinates":[135.623303,34.7079245]},"properties":{"z":2.1}},{"type":"Feature","geometry":{"type":"Point","coordinates":[135.6232994,34.7078797]},"properties":{"z":2.1}},{"type":"Feature","geometry":{"type":"Point","coordinates":[135.6232916,34.7078353]},"properties":{"z":2.1}},{"type":"Feature","geometry":{"type":"Point","coordinates":[135.623286,34.7077906]},"properties":{"z":2.1}},{"type":"Feature","geometry":{"type":"Point","coordinates":[135.6232849,34.7077457]},"properties":{"z":2.1}},{"type":"Feature","geometry":{"type":"Point","coordinates":[135.6232825,34.7077008]},"properties":{"z":2.1}},{"type":"Feature","geometry":{"type":"Point","coordinates":[135.6232778,34.707656]},"properties":{"z":2.2}},{"type":"Feature","geometry":{"type":"Point","coordinates":[135.6232724,34.7076113]},"properties":{"z":2.2}},{"type":"Feature","geometry":{"type":"Point","coordinates":[135.6232655,34.7075667]},"properties":{"z":2.2}},{"type":"Feature","geometry":{"type":"Point","coordinates":[135.6232617,34.707522]},"properties":{"z":2.2}},{"type":"Feature","geometry":{"type":"Point","coordinates":[135.6232637,34.7074771]},"properties":{"z":2.2}},{"type":"Feature","geometry":{"type":"Point","coordinates":[135.6232635,34.7074321]},"properties":{"z":2.2}},{"type":"Feature","geometry":{"type":"Point","coordinates":[135.6232635,34.7073872]},"properties":{"z":2.2}},{"type":"Feature","geometry":{"type":"Point","coordinates":[135.6232653,34.7073424]},"properties":{"z":2.2}},{"type":"Feature","geometry":{"type":"Point","coordinates":[135.6232617,34.7072975]},"properties":{"z":2.2}},{"type":"Feature","geometry":{"type":"Point","coordinates":[135.6232637,34.7072526]},"properties":{"z":2.2}},{"type":"Feature","geometry":{"type":"Point","coordinates":[135.623262,34.7072077]},"properties":{"z":2.2}},{"type":"Feature","geometry":{"type":"Point","coordinates":[135.6232584,34.7071629]},"properties":{"z":2.2}},{"type":"Feature","geometry":{"type":"Point","coordinates":[135.6232531,34.7071182]},"properties":{"z":2.2}},{"type":"Feature","geometry":{"type":"Point","coordinates":[135.6232446,34.7070738]},"properties":{"z":2.2}},{"type":"Feature","geometry":{"type":"Point","coordinates":[135.623236,34.7070294]},"properties":{"z":2.2}},{"type":"Feature","geometry":{"type":"Point","coordinates":[135.623242,34.7069852]},"properties":{"z":2.2}},{"type":"Feature","geometry":{"type":"Point","coordinates":[135.623253,34.7069412]},"properties":{"z":2.2}},{"type":"Feature","geometry":{"type":"Point","coordinates":[135.6232654,34.7068974]},"properties":{"z":2.2}},{"type":"Feature","geometry":{"type":"Point","coordinates":[135.6232781,34.7068537]},"properties":{"z":2.2}},{"type":"Feature","geometry":{"type":"Point","coordinates":[135.6232905,34.7068099]},"properties":{"z":2.2}},{"type":"Feature","geometry":{"type":"Point","coordinates":[135.6232839,34.7067653]},"properties":{"z":2.2}},{"type":"Feature","geometry":{"type":"Point","coordinates":[135.6232772,34.7067207]},"properties":{"z":2.2}},{"type":"Feature","geometry":{"type":"Point","coordinates":[135.6232702,34.7066761]},"properties":{"z":2.3}},{"type":"Feature","geometry":{"type":"Point","coordinates":[135.623264,34.7066315]},"properties":{"z":2.3}},{"type":"Feature","geometry":{"type":"Point","coordinates":[135.6232583,34.7065867]},"properties":{"z":2.3}},{"type":"Feature","geometry":{"type":"Point","coordinates":[135.6232591,34.7065418]},"properties":{"z":2.3}},{"type":"Feature","geometry":{"type":"Point","coordinates":[135.6232591,34.7064969]},"properties":{"z":2.3}},{"type":"Feature","geometry":{"type":"Point","coordinates":[135.6232556,34.706452]},"properties":{"z":2.3}},{"type":"Feature","geometry":{"type":"Point","coordinates":[135.6232563,34.7064072]},"properties":{"z":2.3}},{"type":"Feature","geometry":{"type":"Point","coordinates":[135.6232587,34.7063623]},"properties":{"z":2.3}},{"type":"Feature","geometry":{"type":"Point","coordinates":[135.6232584,34.7063177]},"properties":{"z":2.3}},{"type":"Feature","geometry":{"type":"Point","coordinates":[135.6232056,34.706306]},"properties":{"z":2.3}},{"type":"Feature","geometry":{"type":"Point","coordinates":[135.6231519,34.7062982]},"properties":{"z":2.3}},{"type":"Feature","geometry":{"type":"Point","coordinates":[135.6230977,34.706292]},"properties":{"z":2.2}},{"type":"Feature","geometry":{"type":"Point","coordinates":[135.6230448,34.7062806]},"properties":{"z":2.2}},{"type":"Feature","geometry":{"type":"Point","coordinates":[135.6229915,34.7062709]},"properties":{"z":2.2}},{"type":"Feature","geometry":{"type":"Point","coordinates":[135.6229375,34.7062637]},"properties":{"z":2.2}},{"type":"Feature","geometry":{"type":"Point","coordinates":[135.622883,34.7062601]},"properties":{"z":2.2}},{"type":"Feature","geometry":{"type":"Point","coordinates":[135.6228285,34.7062575]},"properties":{"z":2.2}},{"type":"Feature","geometry":{"type":"Point","coordinates":[135.6227738,34.7062577]},"properties":{"z":2.2}},{"type":"Feature","geometry":{"type":"Point","coordinates":[135.6227192,34.7062562]},"properties":{"z":2.2}},{"type":"Feature","geometry":{"type":"Point","coordinates":[135.6226646,34.7062539]},"properties":{"z":2.1}},{"type":"Feature","geometry":{"type":"Point","coordinates":[135.62261,34.706251]},"properties":{"z":2.1}},{"type":"Feature","geometry":{"type":"Point","coordinates":[135.6225601,34.7062362]},"properties":{"z":2.1}},{"type":"Feature","geometry":{"type":"Point","coordinates":[135.622514,34.7062121]},"properties":{"z":2.1}},{"type":"Feature","geometry":{"type":"Point","coordinates":[135.6224679,34.7061878]},"properties":{"z":2.1}},{"type":"Feature","geometry":{"type":"Point","coordinates":[135.6224206,34.7061672]},"properties":{"z":2.1}},{"type":"Feature","geometry":{"type":"Point","coordinates":[135.6223659,34.7061662]},"properties":{"z":2.1}},{"type":"Feature","geometry":{"type":"Point","coordinates":[135.6223114,34.7061685]},"properties":{"z":2.0}},{"type":"Feature","geometry":{"type":"Point","coordinates":[135.6222569,34.7061698]},"properties":{"z":2.0}},{"type":"Feature","geometry":{"type":"Point","coordinates":[135.6222024,34.7061655]},"properties":{"z":2.0}},{"type":"Feature","geometry":{"type":"Point","coordinates":[135.6221483,34.7061592]},"properties":{"z":2.0}},{"type":"Feature","geometry":{"type":"Point","coordinates":[135.622094,34.7061539]},"properties":{"z":2.0}},{"type":"Feature","geometry":{"type":"Point","coordinates":[135.6220395,34.7061511]},"properties":{"z":2.0}},{"type":"Feature","geometry":{"type":"Point","coordinates":[135.6219851,34.7061461]},"properties":{"z":2.0}},{"type":"Feature","geometry":{"type":"Point","coordinates":[135.6219583,34.7061434]},"properties":{"z":2.0}}]}