{"type":"FeatureCollection","features":[{"type":"Feature","geometry":{"type":"Point","coordinates":[136.0801092,35.645609]},"properties":{"z":9.5}},{"type":"Feature","geometry":{"type":"Point","coordinates":[136.0800621,35.6455854]},"properties":{"z":9.4}},{"type":"Feature","geometry":{"type":"Point","coordinates":[136.0800178,35.6455586]},"properties":{"z":9.4}},{"type":"Feature","geometry":{"type":"Point","coordinates":[136.0799734,35.6455317]},"properties":{"z":9.3}},{"type":"Feature","geometry":{"type":"Point","coordinates":[136.0799317,35.6455024]},"properties":{"z":9.3}},{"type":"Feature","geometry":{"type":"Point","coordinates":[136.0798933,35.6454701]},"properties":{"z":9.2}},{"type":"Feature","geometry":{"type":"Point","coordinates":[136.0798589,35.6454349]},"properties":{"z":9.2}},{"type":"Feature","geometry":{"type":"Point","coordinates":[136.0798253,35.6453992]},"properties":{"z":9.1}},{"type":"Feature","geometry":{"type":"Point","coordinates":[136.0797921,35.6453632]},"properties":{"z":9.1}},{"type":"Feature","geometry":{"type":"Point","coordinates":[136.0797586,35.6453275]},"properties":{"z":9.1}},{"type":"Feature","geometry":{"type":"Point","coordinates":[136.0797244,35.6452921]},"properties":{"z":9.1}},{"type":"Feature","geometry":{"type":"Point","coordinates":[136.0796877,35.6452585]},"properties":{"z":9.1}},{"type":"Feature","geometry":{"type":"Point","coordinates":[136.0796496,35.645226]},"properties":{"z":9.0}},{"type":"Feature","geometry":{"type":"Point","coordinates":[136.0796081,35.6451963]},"properties":{"z":9.0}},{"type":"Feature","geometry":{"type":"Point","coordinates":[136.0795642,35.6451691]},"properties":{"z":8.9}},{"type":"Feature","geometry":{"type":"Point","coordinates":[136.0795203,35.6451419]},"properties":{"z":8.9}},{"type":"Feature","geometry":{"type":"Point","coordinates":[136.0794823,35.6451093]},"properties":{"z":8.9}},{"type":"Feature","geometry":{"type":"Point","coordinates":[136.0794438,35.645077]},"properties":{"z":8.9}},{"type":"Feature","geometry":{"type":"Point","coordinates":[136.079402,35.6450477]},"properties":{"z":8.9}},{"type":"Feature","geometry":{"type":"Point","coordinates":[136.0793616,35.6450175]},"properties":{"z":8.9}},{"type":"Feature","geometry":{"type":"Point","coordinates":[136.0793225,35.644986]},"properties":{"z":8.9}},{"type":"Feature","geometry":{"type":"Point","coordinates":[136.0792733,35.6449785]},"properties":{"z":8.8}},{"type":"Feature","geometry":{"type":"Point","coordinates":[136.0792387,35.6450026]},"properties":{"z":8.8}},{"type":"Feature","geometry":{"type":"Point","coordinates":[136.0792238,35.6450457]},"properties":{"z":8.7}},{"type":"Feature","geometry":{"type":"Point","coordinates":[136.0792259,35.64509]},"properties":{"z":8.7}},{"type":"Feature","geometry":{"type":"Point","coordinates":[136.0792263,35.6451333]},"properties":{"z":8.7}},{"type":"Feature","geometry":{"type":"Point","coordinates":[136.0792093,35.6451761]},"properties":{"z":8.6}},{"type":"Feature","geometry":{"type":"Point","coordinates":[136.0791721,35.6452083]},"properties":{"z":8.6}},{"type":"Feature","geometry":{"type":"Point","coordinates":[136.0791365,35.6451869]},"properties":{"z":8.6}},{"type":"Feature","geometry":{"type":"Point","coordinates":[136.0791208,35.6451438]},"properties":{"z":8.6}},{"type":"Feature","geometry":{"type":"Point","coordinates":[136.0791026,35.6451014]},"properties":{"z":8.6}},{"type":"Feature","geometry":{"type":"Point","coordinates":[136.07908,35.6450604]},"properties":{"z":8.7}},{"type":"Feature","geometry":{"type":"Point","coordinates":[136.0790453,35.6450266]},"properties":{"z":8.6}},{"type":"Feature","geometry":{"type":"Point","coordinates":[136.0790047,35.6449963]},"properties":{"z":8.6}},{"type":"Feature","geometry":{"type":"Point","coordinates":[136.0789684,35.6449624]},"properties":{"z":8.5}},{"type":"Feature","geometry":{"type":"Point","coordinates":[136.0789323,35.6449283]},"properties":{"z":8.5}},{"type":"Feature","geometry":{"type":"Point","coordinates":[136.0788905,35.6448996]},"properties":{"z":8.5}},{"type":"Feature","geometry":{"type":"Point","coordinates":[136.0788547,35.6448655]},"properties":{"z":8.5}},{"type":"Feature","geometry":{"type":"Point","coordinates":[136.0788149,35.6448343]},"properties":{"z":8.5}},{"type":"Feature","geometry":{"type":"Point","coordinates":[136.0787718,35.6448062]},"properties":{"z":8.5}},{"type":"Feature","geometry":{"type":"Point","coordinates":[136.0787333,35.644774]},"properties":{"z":8.5}},{"type":"Feature","geometry":{"type":"Point","coordinates":[136.0786959,35.6447409]},"properties":{"z":8.5}},{"type":"Feature","geometry":{"type":"Point","coordinates":[136.0786569,35.644709]},"properties":{"z":8.5}},{"type":"Feature","geometry":{"type":"Point","coordinates":[136.078619,35.6446763]},"properties":{"z":8.4}},{"type":"Feature","geometry":{"type":"Point","coordinates":[136.0785828,35.6446423]},"properties":{"z":8.4}},{"type":"Feature","geometry":{"type":"Point","coordinates":[136.0785472,35.6446079]},"properties":{"z":8.3}},{"type":"Feature","geometry":{"type":"Point","coordinates":[136.0785091,35.6445753]},"properties":{"z":8.3}},{"type":"Feature","geometry":{"type":"Point","coordinates":[136.0784701,35.6445434]},"properties":{"z":8.3}},{"type":"Feature","geometry":{"type":"Point","coordinates":[136.0784309,35.6445118]},"properties":{"z":8.3}},{"type":"Feature","geometry":{"type":"Point","coordinates":[136.0783897,35.6444819]},"properties":{"z":8.3}},{"type":"Feature","geometry":{"type":"Point","coordinates":[136.0783444,35.6444566]},"properties":{"z":8.3}},{"type":"Feature","geometry":{"type":"Point","coordinates":[136.0782929,35.6444404]},"properties":{"z":8.3}},{"type":"Feature","geometry":{"type":"Point","coordinates":[136.0782385,35.6444321]},"properties":{"z":8.2}},{"type":"Feature","geometry":{"type":"Point","coordinates":[136.0781876,35.644449]},"properties":{"z":8.2}},{"type":"Feature","geometry":{"type":"Point","coordinates":[136.078151,35.6444827]},"properties":{"z":8.1}},{"type":"Feature","geometry":{"type":"Point","coordinates":[136.07811,35.6445128]},"properties":{"z":8.1}},{"type":"Feature","geometry":{"type":"Point","coordinates":[136.0780747,35.6445474]},"properties":{"z":8.1}},{"type":"Feature","geometry":{"type":"Point","coordinates":[136.078052,35.6445802]},"properties":{"z":8.1}},{"type":"Feature","geometry":{"type":"Point","coordinates":[136.0780684,35.6446229]},"properties":{"z":8.0}},{"type":"Feature","geometry":{"type":"Point","coordinates":[136.0780921,35.6446635]},"properties":{"z":8.0}},{"type":"Feature","geometry":{"type":"Point","coordinates":[136.078125,35.6446993]},"properties":{"z":8.1}},{"type":"Feature","geometry":{"type":"Point","coordinates":[136.0781553,35.6447365]},"properties":{"z":8.1}},{"type":"Feature","geometry":{"type":"Point","coordinates":[136.0781815,35.6447729]},"properties":{"z":8.1}},{"type":"Feature","geometry":{"type":"Point","coordinates":[136.0782222,35.6448018]},"properties":{"z":8.1}},{"type":"Feature","geometry":{"type":"Point","coordinates":[136.0782552,35.6448377]},"properties":{"z":8.1}},{"type":"Feature","geometry":{"type":"Point","coordinates":[136.0782904,35.6448724]},"properties":{"z":8.1}},{"type":"Feature","geometry":{"type":"Point","coordinates":[136.078324,35.6449081]},"properties":{"z":8.1}},{"type":"Feature","geometry":{"type":"Point","coordinates":[136.0783565,35.6449434]},"properties":{"z":8.1}},{"type":"Feature","geometry":{"type":"Point","coordinates":[136.0783751,35.6449853]},"properties":{"z":8.1}},{"type":"Feature","geometry":{"type":"Point","coordinates":[136.0784123,35.6450117]},"properties":{"z":8.1}},{"type":"Feature","geometry":{"type":"Point","coordinates":[136.0784668,35.6450194]},"properties":{"z":8.2}},{"type":"Feature","geometry":{"type":"Point","coordinates":[136.0785213,35.6450272]},"properties":{"z":8.2}},{"type":"Feature","geometry":{"type":"Point","coordinates":[136.0785717,35.6450447]},"properties":{"z":8.3}},{"type":"Feature","geometry":{"type":"Point","coordinates":[136.0786211,35.645065]},"properties":{"z":8.3}},{"type":"Feature","geometry":{"type":"Point","coordinates":[136.0786717,35.645083]},"properties":{"z":8.3}},{"type":"Feature","geometry":{"type":"Point","coordinates":[136.0787232,35.6450995]},"properties":{"z":8.3}},{"type":"Feature","geometry":{"type":"Point","coordinates":[136.0787743,35.6451167]},"properties":{"z":8.3}},{"type":"Feature","geometry":{"type":"Point","coordinates":[136.0788248,35.645135]},"properties":{"z":8.4}},{"type":"Feature","geometry":{"type":"Point","coordinates":[136.0788694,35.6451608]},"properties":{"z":8.4}},{"type":"Feature","geometry":{"type":"Point","coordinates":[136.0789108,35.6451906]},"properties":{"z":8.5}},{"type":"Feature","geometry":{"type":"Point","coordinates":[136.0789522,35.6452205]},"properties":{"z":8.5}},{"type":"Feature","geometry":{"type":"Point","coordinates":[136.0789935,35.6452503]},"properties":{"z":8.5}},{"type":"Feature","geometry":{"type":"Point","coordinates":[136.0790328,35.6452818]},"properties":{"z":8.5}},{"type":"Feature","geometry":{"type":"Point","coordinates":[136.0790687,35.6453158]},"properties":{"z":8.6}},{"type":"Feature","geometry":{"type":"Point","coordinates":[136.0791107,35.645345]},"properties":{"z":8.6}},{"type":"Feature","geometry":{"type":"Point","coordinates":[136.0791521,35.6453748]},"properties":{"z":8.6}},{"type":"Feature","geometry":{"type":"Point","coordinates":[136.079193,35.6454051]},"properties":{"z":8.6}},{"type":"Feature","geometry":{"type":"Point","coordinates":[136.0792336,35.6454356]},"properties":{"z":8.6}},{"type":"Feature","geometry":{"type":"Point","coordinates":[136.0792736,35.6454667]},"properties":{"z":8.6}},{"type":"Feature","geometry":{"type":"Point","coordinates":[136.0793105,35.6455]},"properties":{"z":8.6}},{"type":"Feature","geometry":{"type":"Point","coordinates":[136.0793445,35.6455354]},"properties":{"z":8.7}},{"type":"Feature","geometry":{"type":"Point","coordinates":[136.0793814,35.6455689]},"properties":{"z":8.7}},{"type":"Feature","geometry":{"type":"Point","coordinates":[136.0794193,35.6456016]},"properties":{"z":8.8}},{"type":"Feature","geometry":{"type":"Point","coordinates":[136.0794589,35.645633]},"properties":{"z":8.8}},{"type":"Feature","geometry":{"type":"Point","coordinates":[136.079498,35.6456648]},"properties":{"z":8.8}},{"type":"Feature","geometry":{"type":"Point","coordinates":[136.0795367,35.645697]},"properties":{"z":8.8}},{"type":"Feature","geometry":{"type":"Point","coordinates":[136.0795771,35.6457276]},"properties":{"z":8.8}},{"type":"Feature","geometry":{"type":"Point","coordinates":[136.0796184,35.6457575]},"properties":{"z":8.9}},{"type":"Feature","geometry":{"type":"Point","coordinates":[136.0796612,35.6457859]},"properties":{"z":8.9}},{"type":"Feature","geometry":{"type":"Point","coordinates":[136.0797042,35.6458143]},"properties":{"z":9.0}},{"type":"Feature","geometry":{"type":"Point","coordinates":[136.0797472,35.6458425]},"properties":{"z":9.0}},{"type":"Feature","geometry":{"type":"Point","coordinates":[136.0797931,35.6458676]},"properties":{"z":9.0}},{"type":"Feature","geometry":{"type":"Point","coordinates":[136.0798403,35.6458909]},"properties":{"z":9.1}},{"type":"Feature","geometry":{"type":"Point","coordinates":[136.0798901,35.6459105]},"properties":{"z":9.1}},{"type":"Feature","geometry":{"type":"Point","coordinates":[136.0799402,35.6459296]},"properties":{"z":9.2}},{"type":"Feature","geometry":{"type":"Point","coordinates":[136.0799904,35.6459484]},"properties":{"z":9.2}},{"type":"Feature","geometry":{"type":"Point","coordinates":[136.0800406,35.6459672]},"properties":{"z":9.3}},{"type":"Feature","geometry":{"type":"Point","coordinates":[136.080094,35.6459788]},"properties":{"z":9.4}},{"type":"Feature","geometry":{"type":"Point","coordinates":[136.080148,35.6459885]},"properties":{"z":9.4}},{"type":"Feature","geometry":{"type":"Point","coordinates":[136.0802025,35.6459963]},"properties":{"z":9.5}},{"type":"Feature","geometry":{"type":"Point","coordinates":[136.0802574,35.6460019]},"properties":{"z":9.5}},{"type":"Feature","geometry":{"type":"Point","coordinates":[136.0803126,35.6460042]},"properties":{"z":9.5}},{"type":"Feature","geometry":{"type":"Point","coordinates":[136.0803678,35.6460034]},"properties":{"z":9.6}},{"type":"Feature","geometry":{"type":"Point","coordinates":[136.0804231,35.6460012]},"properties":{"z":9.6}},{"type":"Feature","geometry":{"type":"Point","coordinates":[136.0804783,35.6459995]},"properties":{"z":9.8}},{"type":"Feature","geometry":{"type":"Point","coordinates":[136.0805329,35.6459926]},"properties":{"z":9.8}},{"type":"Feature","geometry":{"type":"Point","coordinates":[136.0805868,35.6459824]},"properties":{"z":9.8}},{"type":"Feature","geometry":{"type":"Point","coordinates":[136.0806405,35.6459739]},"properties":{"z":9.9}},{"type":"Feature","geometry":{"type":"Point","coordinates":[136.0806913,35.6459566]},"properties":{"z":9.9}},{"type":"Feature","geometry":{"type":"Point","coordinates":[136.0807409,35.6459365]},"properties":{"z":9.9}},{"type":"Feature","geometry":{"type":"Point","coordinates":[136.0807894,35.645915]},"properties":{"z":9.9}},{"type":"Feature","geometry":{"type":"Point","coordinates":[136.080835,35.6458899]},"properties":{"z":9.9}},{"type":"Feature","geometry":{"type":"Point","coordinates":[136.0808802,35.6458643]},"properties":{"z":9.9}},{"type":"Feature","geometry":{"type":"Point","coordinates":[136.0809253,35.6458382]},"properties":{"z":9.9}},{"type":"Feature","geometry":{"type":"Point","coordinates":[136.0809736,35.645818]},"properties":{"z":9.9}},{"type":"Feature","geometry":{"type":"Point","coordinates":[136.0810266,35.6458051]},"properties":{"z":9.9}},{"type":"Feature","geometry":{"type":"Point","coordinates":[136.0810797,35.6457973]},"properties":{"z":10.0}},{"type":"Feature","geometry":{"type":"Point","coordinates":[136.0811324,35.6458078]},"properties":{"z":10.0}},{"type":"Feature","geometry":{"type":"Point","coordinates":[136.0811787,35.6458324]},"properties":{"z":10.0}},{"type":"Feature","geometry":{"type":"Point","coordinates":[136.0812253,35.6458567]},"properties":{"z":10.1}},{"type":"Feature","geometry":{"type":"Point","coordinates":[136.081268,35.6458851]},"properties":{"z":10.1}},{"type":"Feature","geometry":{"type":"Point","coordinates":[136.0813093,35.645915]},"properties":{"z":10.1}},{"type":"Feature","geometry":{"type":"Point","coordinates":[136.0813508,35.6459447]},"properties":{"z":10.2}},{"type":"Feature","geometry":{"type":"Point","coordinates":[136.0813924,35.6459743]},"properties":{"z":10.2}},{"type":"Feature","geometry":{"type":"Point","coordinates":[136.0814342,35.6460037]},"properties":{"z":10.3}},{"type":"Feature","geometry":{"type":"Point","coordinates":[136.0814779,35.6460314]},"properties":{"z":10.3}},{"type":"Feature","geometry":{"type":"Point","coordinates":[136.0815216,35.6460589]},"properties":{"z":10.3}},{"type":"Feature","geometry":{"type":"Point","coordinates":[136.0815654,35.6460863]},"properties":{"z":10.4}},{"type":"Feature","geometry":{"type":"Point","coordinates":[136.08161,35.6461129]},"properties":{"z":10.4}},{"type":"Feature","geometry":{"type":"Point","coordinates":[136.0816551,35.6461389]},"properties":{"z":10.5}},{"type":"Feature","geometry":{"type":"Point","coordinates":[136.0816995,35.6461658]},"properties":{"z":10.5}},{"type":"Feature","geometry":{"type":"Point","coordinates":[136.0817436,35.6461929]},"properties":{"z":10.5}},{"type":"Feature","geometry":{"type":"Point","coordinates":[136.0817863,35.6462214]},"properties":{"z":10.5}},{"type":"Feature","geometry":{"type":"Point","coordinates":[136.0818288,35.6462503]},"properties":{"z":10.6}},{"type":"Feature","geometry":{"type":"Point","coordinates":[136.0818682,35.6462817]},"properties":{"z":10.6}},{"type":"Feature","geometry":{"type":"Point","coordinates":[136.0819068,35.646314]},"properties":{"z":10.7}},{"type":"Feature","geometry":{"type":"Point","coordinates":[136.0819479,35.646344]},"properties":{"z":10.7}},{"type":"Feature","geometry":{"type":"Point","coordinates":[136.0819897,35.6463734]},"properties":{"z":10.7}},{"type":"Feature","geometry":{"type":"Point","coordinates":[136.0820334,35.646401]},"properties":{"z":10.7}},{"type":"Feature","geometry":{"type":"Point","coordinates":[136.0820771,35.6464284]},"properties":{"z":10.8}},{"type":"Feature","geometry":{"type":"Point","coordinates":[136.0821182,35.6464585]},"properties":{"z":10.8}},{"type":"Feature","geometry":{"type":"Point","coordinates":[136.082159,35.6464889]},"properties":{"z":10.9}},{"type":"Feature","geometry":{"type":"Point","coordinates":[136.0821986,35.6465203]},"properties":{"z":10.9}},{"type":"Feature","geometry":{"type":"Point","coordinates":[136.0822378,35.646552]},"properties":{"z":10.9}},{"type":"Feature","geometry":{"type":"Point","coordinates":[136.0822762,35.6465844]},"properties":{"z":11.0}},{"type":"Feature","geometry":{"type":"Point","coordinates":[136.0823158,35.6466157]},"properties":{"z":11.0}},{"type":"Feature","geometry":{"type":"Point","coordinates":[136.0823568,35.6466459]},"properties":{"z":11.0}},{"type":"Feature","geometry":{"type":"Point","coordinates":[136.0823988,35.6466751]},"properties":{"z":11.0}},{"type":"Feature","geometry":{"type":"Point","coordinates":[136.0824415,35.6467037]},"properties":{"z":11.1}},{"type":"Feature","geometry":{"type":"Point","coordinates":[136.0824837,35.6467327]},"properties":{"z":11.1}},{"type":"Feature","geometry":{"type":"Point","coordinates":[136.0825257,35.646762]},"properties":{"z":11.1}},{"type":"Feature","geometry":{"type":"Point","coordinates":[136.0825668,35.646792]},"properties":{"z":11.2}},{"type":"Feature","geometry":{"type":"Point","coordinates":[136.0826076,35.6468225]},"properties":{"z":11.2}},{"type":"Feature","geometry":{"type":"Point","coordinates":[136.0826499,35.6468514]},"properties":{"z":11.3}},{"type":"Feature","geometry":{"type":"Point","coordinates":[136.0826928,35.6468797]},"properties":{"z":11.3}},{"type":"Feature","geometry":{"type":"Point","coordinates":[136.0827354,35.6469085]},"properties":{"z":11.4}},{"type":"Feature","geometry":{"type":"Point","coordinates":[136.0827721,35.6469401]},"properties":{"z":11.4}},{"type":"Feature","geometry":{"type":"Point","coordinates":[136.0827813,35.6469833]},"properties":{"z":11.5}},{"type":"Feature","geometry":{"type":"Point","coordinates":[136.0827502,35.6470205]},"properties":{"z":11.5}},{"type":"Feature","geometry":{"type":"Point","coordinates":[136.0827221,35.6470592]},"properties":{"z":11.5}},{"type":"Feature","geometry":{"type":"Point","coordinates":[136.0826894,35.6470955]},"properties":{"z":11.5}},{"type":"Feature","geometry":{"type":"Point","coordinates":[136.0826572,35.647132]},"properties":{"z":11.4}},{"type":"Feature","geometry":{"type":"Point","coordinates":[136.0826279,35.64717]},"properties":{"z":11.4}},{"type":"Feature","geometry":{"type":"Point","coordinates":[136.0826046,35.6472107]},"properties":{"z":11.4}},{"type":"Feature","geometry":{"type":"Point","coordinates":[136.0825839,35.6472523]},"properties":{"z":11.4}},{"type":"Feature","geometry":{"type":"Point","coordinates":[136.0825614,35.6472933]},"properties":{"z":11.2}},{"type":"Feature","geometry":{"type":"Point","coordinates":[136.0825432,35.6473358]},"properties":{"z":11.2}},{"type":"Feature","geometry":{"type":"Point","coordinates":[136.0825263,35.6473785]},"properties":{"z":11.2}},{"type":"Feature","geometry":{"type":"Point","coordinates":[136.0825122,35.647422]},"properties":{"z":11.2}},{"type":"Feature","geometry":{"type":"Point","coordinates":[136.082498,35.6474655]},"properties":{"z":11.2}},{"type":"Feature","geometry":{"type":"Point","coordinates":[136.0824852,35.6475092]},"properties":{"z":11.2}},{"type":"Feature","geometry":{"type":"Point","coordinates":[136.0824724,35.6475529]},"properties":{"z":11.1}},{"type":"Feature","geometry":{"type":"Point","coordinates":[136.082459,35.6475965]},"properties":{"z":11.1}},{"type":"Feature","geometry":{"type":"Point","coordinates":[136.0824453,35.6476401]},"properties":{"z":11.1}},{"type":"Feature","geometry":{"type":"Point","coordinates":[136.0824336,35.6476838]},"properties":{"z":11.1}},{"type":"Feature","geometry":{"type":"Point","coordinates":[136.082434,35.6477288]},"properties":{"z":11.1}},{"type":"Feature","geometry":{"type":"Point","coordinates":[136.0824345,35.6477737]},"properties":{"z":11.1}},{"type":"Feature","geometry":{"type":"Point","coordinates":[136.0824409,35.6478182]},"properties":{"z":11.1}},{"type":"Feature","geometry":{"type":"Point","coordinates":[136.0824502,35.6478625]},"properties":{"z":11.1}},{"type":"Feature","geometry":{"type":"Point","coordinates":[136.0824632,35.647906]},"properties":{"z":11.0}},{"type":"Feature","geometry":{"type":"Point","coordinates":[136.0824849,35.6479473]},"properties":{"z":11.0}},{"type":"Feature","geometry":{"type":"Point","coordinates":[136.0825067,35.6479886]},"properties":{"z":11.0}},{"type":"Feature","geometry":{"type":"Point","coordinates":[136.0825395,35.6480247]},"properties":{"z":11.0}},{"type":"Feature","geometry":{"type":"Point","coordinates":[136.0825729,35.6480606]},"properties":{"z":11.0}},{"type":"Feature","geometry":{"type":"Point","coordinates":[136.0826149,35.6480891]},"properties":{"z":11.2}},{"type":"Feature","geometry":{"type":"Point","coordinates":[136.0826604,35.6481147]},"properties":{"z":11.3}},{"type":"Feature","geometry":{"type":"Point","coordinates":[136.0827069,35.648139]},"properties":{"z":11.6}},{"type":"Feature","geometry":{"type":"Point","coordinates":[136.0827546,35.6481617]},"properties":{"z":12.0}},{"type":"Feature","geometry":{"type":"Point","coordinates":[136.0828023,35.6481845]},"properties":{"z":12.0}},{"type":"Feature","geometry":{"type":"Point","coordinates":[136.0828501,35.6482071]},"properties":{"z":12.3}},{"type":"Feature","geometry":{"type":"Point","coordinates":[136.0828979,35.6482297]},"properties":{"z":12.5}},{"type":"Feature","geometry":{"type":"Point","coordinates":[136.0829449,35.6482534]},"properties":{"z":12.7}},{"type":"Feature","geometry":{"type":"Point","coordinates":[136.0829917,35.6482774]},"properties":{"z":12.7}},{"type":"Feature","geometry":{"type":"Point","coordinates":[136.0830391,35.6483005]},"properties":{"z":13.2}},{"type":"Feature","geometry":{"type":"Point","coordinates":[136.0830873,35.6483226]},"properties":{"z":13.2}},{"type":"Feature","geometry":{"type":"Point","coordinates":[136.0831355,35.6483446]},"properties":{"z":13.4}},{"type":"Feature","geometry":{"type":"Point","coordinates":[136.0831842,35.6483661]},"properties":{"z":13.7}},{"type":"Feature","geometry":{"type":"Point","coordinates":[136.0832328,35.6483875]},"properties":{"z":13.9}},{"type":"Feature","geometry":{"type":"Point","coordinates":[136.0832807,35.64841]},"properties":{"z":14.1}},{"type":"Feature","geometry":{"type":"Point","coordinates":[136.0833284,35.6484327]},"properties":{"z":14.1}},{"type":"Feature","geometry":{"type":"Point","coordinates":[136.0833756,35.6484562]},"properties":{"z":14.6}},{"type":"Feature","geometry":{"type":"Point","coordinates":[136.0834222,35.6484804]},"properties":{"z":14.6}},{"type":"Feature","geometry":{"type":"Point","coordinates":[136.083469,35.6485044]},"properties":{"z":14.8}},{"type":"Feature","geometry":{"type":"Point","coordinates":[136.0835161,35.6485279]},"properties":{"z":15.0}},{"type":"Feature","geometry":{"type":"Point","coordinates":[136.0835633,35.6485513]},"properties":{"z":15.2}},{"type":"Feature","geometry":{"type":"Point","coordinates":[136.083611,35.6485741]},"properties":{"z":15.2}},{"type":"Feature","geometry":{"type":"Point","coordinates":[136.0836587,35.6485969]},"properties":{"z":15.6}},{"type":"Feature","geometry":{"type":"Point","coordinates":[136.0837076,35.6486179]},"properties":{"z":15.7}},{"type":"Feature","geometry":{"type":"Point","coordinates":[136.0837565,35.6486389]},"properties":{"z":15.7}},{"type":"Feature","geometry":{"type":"Point","coordinates":[136.0838061,35.6486587]},"properties":{"z":15.8}},{"type":"Feature","geometry":{"type":"Point","coordinates":[136.0838559,35.6486784]},"properties":{"z":15.8}},{"type":"Feature","geometry":{"type":"Point","coordinates":[136.0839044,35.6487]},"properties":{"z":15.6}},{"type":"Feature","geometry":{"type":"Point","coordinates":[136.0839526,35.6487221]},"properties":{"z":15.7}},{"type":"Feature","geometry":{"type":"Point","coordinates":[136.084,35.6487452]},"properties":{"z":15.6}},{"type":"Feature","geometry":{"type":"Point","coordinates":[136.0840471,35.6487688]},"properties":{"z":15.5}},{"type":"Feature","geometry":{"type":"Point","coordinates":[136.0840935,35.6487933]},"properties":{"z":15.5}},{"type":"Feature","geometry":{"type":"Point","coordinates":[136.0841392,35.6488186]},"properties":{"z":15.4}},{"type":"Feature","geometry":{"type":"Point","coordinates":[136.0841866,35.6488414]},"properties":{"z":15.4}},{"type":"Feature","geometry":{"type":"Point","coordinates":[136.0842375,35.648859]},"properties":{"z":15.4}},{"type":"Feature","geometry":{"type":"Point","coordinates":[136.0842886,35.6488762]},"properties":{"z":15.4}},{"type":"Feature","geometry":{"type":"Point","coordinates":[136.0843399,35.6488929]},"properties":{"z":15.2}},{"type":"Feature","geometry":{"type":"Point","coordinates":[136.0843898,35.6489122]},"properties":{"z":15.1}},{"type":"Feature","geometry":{"type":"Point","coordinates":[136.0844382,35.6489339]},"properties":{"z":15.2}},{"type":"Feature","geometry":{"type":"Point","coordinates":[136.0844869,35.6489553]},"properties":{"z":15.1}},{"type":"Feature","geometry":{"type":"Point","coordinates":[136.0845356,35.6489766]},"properties":{"z":15.1}},{"type":"Feature","geometry":{"type":"Point","coordinates":[136.0845852,35.6489964]},"properties":{"z":15.0}},{"type":"Feature","geometry":{"type":"Point","coordinates":[136.0846347,35.6490165]},"properties":{"z":15.0}},{"type":"Feature","geometry":{"type":"Point","coordinates":[136.0846833,35.649038]},"properties":{"z":14.9}},{"type":"Feature","geometry":{"type":"Point","coordinates":[136.0847276,35.6490643]},"properties":{"z":14.9}},{"type":"Feature","geometry":{"type":"Point","coordinates":[136.0847511,35.6491013]},"properties":{"z":14.9}},{"type":"Feature","geometry":{"type":"Point","coordinates":[136.0847438,35.6491451]},"properties":{"z":14.9}},{"type":"Feature","geometry":{"type":"Point","coordinates":[136.0847232,35.6491868]},"properties":{"z":15.0}},{"type":"Feature","geometry":{"type":"Point","coordinates":[136.084702,35.6492283]},"properties":{"z":15.1}},{"type":"Feature","geometry":{"type":"Point","coordinates":[136.0846885,35.6492718]},"properties":{"z":15.1}},{"type":"Feature","geometry":{"type":"Point","coordinates":[136.0846628,35.6493115]},"properties":{"z":15.2}},{"type":"Feature","geometry":{"type":"Point","coordinates":[136.0846319,35.6493488]},"properties":{"z":15.6}},{"type":"Feature","geometry":{"type":"Point","coordinates":[136.0845992,35.6493851]},"properties":{"z":15.6}},{"type":"Feature","geometry":{"type":"Point","coordinates":[136.0845661,35.6494211]},"properties":{"z":16.1}},{"type":"Feature","geometry":{"type":"Point","coordinates":[136.0845285,35.6494519]},"properties":{"z":16.6}},{"type":"Feature","geometry":{"type":"Point","coordinates":[136.0844764,35.6494667]},"properties":{"z":16.6}},{"type":"Feature","geometry":{"type":"Point","coordinates":[136.0844226,35.6494772]},"properties":{"z":17.2}},{"type":"Feature","geometry":{"type":"Point","coordinates":[136.0843677,35.6494827]},"properties":{"z":17.8}},{"type":"Feature","geometry":{"type":"Point","coordinates":[136.0843128,35.649488]},"properties":{"z":18.3}},{"type":"Feature","geometry":{"type":"Point","coordinates":[136.084258,35.6494943]},"properties":{"z":18.7}},{"type":"Feature","geometry":{"type":"Point","coordinates":[136.0842038,35.6495029]},"properties":{"z":18.9}},{"type":"Feature","geometry":{"type":"Point","coordinates":[136.0841501,35.6495136]},"properties":{"z":18.9}},{"type":"Feature","geometry":{"type":"Point","coordinates":[136.0840966,35.649525]},"properties":{"z":18.8}},{"type":"Feature","geometry":{"type":"Point","coordinates":[136.0840431,35.6495366]},"properties":{"z":18.8}},{"type":"Feature","geometry":{"type":"Point","coordinates":[136.0839889,35.6495455]},"properties":{"z":18.8}},{"type":"Feature","geometry":{"type":"Point","coordinates":[136.0839344,35.6495532]},"properties":{"z":18.7}},{"type":"Feature","geometry":{"type":"Point","coordinates":[136.0838799,35.6495608]},"properties":{"z":18.9}},{"type":"Feature","geometry":{"type":"Point","coordinates":[136.0838252,35.6495676]},"properties":{"z":18.7}},{"type":"Feature","geometry":{"type":"Point","coordinates":[136.0837704,35.6495738]},"properties":{"z":18.7}},{"type":"Feature","geometry":{"type":"Point","coordinates":[136.0837154,35.6495787]},"properties":{"z":18.7}},{"type":"Feature","geometry":{"type":"Point","coordinates":[136.0836604,35.649583]},"properties":{"z":18.5}},{"type":"Feature","geometry":{"type":"Point","coordinates":[136.0836051,35.6495824]},"properties":{"z":18.2}},{"type":"Feature","geometry":{"type":"Point","coordinates":[136.0835502,35.6495846]},"properties":{"z":18.2}},{"type":"Feature","geometry":{"type":"Point","coordinates":[136.0834963,35.6495951]},"properties":{"z":17.9}},{"type":"Feature","geometry":{"type":"Point","coordinates":[136.0834427,35.649606]},"properties":{"z":17.9}},{"type":"Feature","geometry":{"type":"Point","coordinates":[136.0833893,35.6496177]},"properties":{"z":17.6}},{"type":"Feature","geometry":{"type":"Point","coordinates":[136.0833357,35.6496288]},"properties":{"z":17.5}},{"type":"Feature","geometry":{"type":"Point","coordinates":[136.083282,35.6496395]},"properties":{"z":17.5}},{"type":"Feature","geometry":{"type":"Point","coordinates":[136.0832285,35.6496511]},"properties":{"z":17.2}},{"type":"Feature","geometry":{"type":"Point","coordinates":[136.083175,35.6496625]},"properties":{"z":16.9}},{"type":"Feature","geometry":{"type":"Point","coordinates":[136.0831212,35.6496728]},"properties":{"z":16.9}},{"type":"Feature","geometry":{"type":"Point","coordinates":[136.0830682,35.6496856]},"properties":{"z":16.7}},{"type":"Feature","geometry":{"type":"Point","coordinates":[136.0830157,35.6496996]},"properties":{"z":17.1}},{"type":"Feature","geometry":{"type":"Point","coordinates":[136.0829609,35.6497062]},"properties":{"z":16.9}},{"type":"Feature","geometry":{"type":"Point","coordinates":[136.0829063,35.6497132]},"properties":{"z":16.7}},{"type":"Feature","geometry":{"type":"Point","coordinates":[136.0828518,35.6497208]},"properties":{"z":16.7}},{"type":"Feature","geometry":{"type":"Point","coordinates":[136.0827973,35.6497287]},"properties":{"z":16.4}},{"type":"Feature","geometry":{"type":"Point","coordinates":[136.0827429,35.6497367]},"properties":{"z":16.1}},{"type":"Feature","geometry":{"type":"Point","coordinates":[136.0826885,35.6497448]},"properties":{"z":16.1}},{"type":"Feature","geometry":{"type":"Point","coordinates":[136.0826342,35.6497536]},"properties":{"z":15.7}},{"type":"Feature","geometry":{"type":"Point","coordinates":[136.0825804,35.6497639]},"properties":{"z":15.3}},{"type":"Feature","geometry":{"type":"Point","coordinates":[136.0825269,35.6497752]},"properties":{"z":15.6}},{"type":"Feature","geometry":{"type":"Point","coordinates":[136.0824735,35.649787]},"properties":{"z":15.2}},{"type":"Feature","geometry":{"type":"Point","coordinates":[136.08242,35.6497986]},"properties":{"z":15.2}},{"type":"Feature","geometry":{"type":"Point","coordinates":[136.0823668,35.6498109]},"properties":{"z":14.8}},{"type":"Feature","geometry":{"type":"Point","coordinates":[136.0823141,35.6498245]},"properties":{"z":14.3}},{"type":"Feature","geometry":{"type":"Point","coordinates":[136.0822612,35.6498377]},"properties":{"z":14.7}},{"type":"Feature","geometry":{"type":"Point","coordinates":[136.0822082,35.6498505]},"properties":{"z":14.3}},{"type":"Feature","geometry":{"type":"Point","coordinates":[136.0821556,35.6498643]},"properties":{"z":14.3}},{"type":"Feature","geometry":{"type":"Point","coordinates":[136.0821033,35.649879]},"properties":{"z":13.9}},{"type":"Feature","geometry":{"type":"Point","coordinates":[136.0820506,35.6498928]},"properties":{"z":13.4}},{"type":"Feature","geometry":{"type":"Point","coordinates":[136.0819979,35.6499062]},"properties":{"z":13.9}},{"type":"Feature","geometry":{"type":"Point","coordinates":[136.0819443,35.6499176]},"properties":{"z":13.5}},{"type":"Feature","geometry":{"type":"Point","coordinates":[136.0818907,35.6499286]},"properties":{"z":13.3}},{"type":"Feature","geometry":{"type":"Point","coordinates":[136.0818374,35.6499406]},"properties":{"z":13.3}},{"type":"Feature","geometry":{"type":"Point","coordinates":[136.0817841,35.6499526]},"properties":{"z":12.8}},{"type":"Feature","geometry":{"type":"Point","coordinates":[136.0817294,35.6499592]},"properties":{"z":12.8}},{"type":"Feature","geometry":{"type":"Point","coordinates":[136.0816746,35.6499654]},"properties":{"z":12.1}},{"type":"Feature","geometry":{"type":"Point","coordinates":[136.0816213,35.6499772]},"properties":{"z":11.7}},{"type":"Feature","geometry":{"type":"Point","coordinates":[136.0815684,35.6499902]},"properties":{"z":11.7}},{"type":"Feature","geometry":{"type":"Point","coordinates":[136.0815149,35.6500017]},"properties":{"z":10.8}},{"type":"Feature","geometry":{"type":"Point","coordinates":[136.0814613,35.6500126]},"properties":{"z":10.1}},{"type":"Feature","geometry":{"type":"Point","coordinates":[136.0814086,35.6500262]},"properties":{"z":10.1}},{"type":"Feature","geometry":{"type":"Point","coordinates":[136.0813567,35.6500417]},"properties":{"z":9.8}},{"type":"Feature","geometry":{"type":"Point","coordinates":[136.0813047,35.6500571]},"properties":{"z":9.7}},{"type":"Feature","geometry":{"type":"Point","coordinates":[136.0812526,35.6500723]},"properties":{"z":9.6}},{"type":"Feature","geometry":{"type":"Point","coordinates":[136.0812013,35.6500889]},"properties":{"z":9.5}},{"type":"Feature","geometry":{"type":"Point","coordinates":[136.0811508,35.6501073]},"properties":{"z":9.5}},{"type":"Feature","geometry":{"type":"Point","coordinates":[136.0811007,35.6501263]},"properties":{"z":9.4}},{"type":"Feature","geometry":{"type":"Point","coordinates":[136.0810511,35.6501462]},"properties":{"z":9.4}},{"type":"Feature","geometry":{"type":"Point","coordinates":[136.0810019,35.6501667]},"properties":{"z":9.3}},{"type":"Feature","geometry":{"type":"Point","coordinates":[136.0809545,35.6501899]},"properties":{"z":9.3}},{"type":"Feature","geometry":{"type":"Point","coordinates":[136.0809072,35.6502131]},"properties":{"z":9.2}},{"type":"Feature","geometry":{"type":"Point","coordinates":[136.0808602,35.6502369]},"properties":{"z":9.0}},{"type":"Feature","geometry":{"type":"Point","coordinates":[136.0808132,35.6502607]},"properties":{"z":9.0}},{"type":"Feature","geometry":{"type":"Point","coordinates":[136.0807671,35.6502854]},"properties":{"z":8.9}},{"type":"Feature","geometry":{"type":"Point","coordinates":[136.0807209,35.6503102]},"properties":{"z":8.9}},{"type":"Feature","geometry":{"type":"Point","coordinates":[136.0806752,35.6503356]},"properties":{"z":8.8}},{"type":"Feature","geometry":{"type":"Point","coordinates":[136.0806296,35.650361]},"properties":{"z":8.8}},{"type":"Feature","geometry":{"type":"Point","coordinates":[136.080584,35.6503864]},"properties":{"z":8.7}},{"type":"Feature","geometry":{"type":"Point","coordinates":[136.0805384,35.6504118]},"properties":{"z":8.7}},{"type":"Feature","geometry":{"type":"Point","coordinates":[136.0804927,35.6504372]},"properties":{"z":8.6}},{"type":"Feature","geometry":{"type":"Point","coordinates":[136.0804471,35.6504627]},"properties":{"z":8.5}},{"type":"Feature","geometry":{"type":"Point","coordinates":[136.0804016,35.6504882]},"properties":{"z":8.4}},{"type":"Feature","geometry":{"type":"Point","coordinates":[136.0803559,35.6505136]},"properties":{"z":8.4}},{"type":"Feature","geometry":{"type":"Point","coordinates":[136.0803105,35.6505392]},"properties":{"z":8.2}},{"type":"Feature","geometry":{"type":"Point","coordinates":[136.0802659,35.6505658]},"properties":{"z":8.2}},{"type":"Feature","geometry":{"type":"Point","coordinates":[136.0802222,35.6505933]},"properties":{"z":8.1}},{"type":"Feature","geometry":{"type":"Point","coordinates":[136.0801802,35.6506226]},"properties":{"z":8.0}},{"type":"Feature","geometry":{"type":"Point","coordinates":[136.0801394,35.6506529]},"properties":{"z":8.0}},{"type":"Feature","geometry":{"type":"Point","coordinates":[136.0800998,35.6506843]},"properties":{"z":7.9}},{"type":"Feature","geometry":{"type":"Point","coordinates":[136.0800591,35.6507148]},"properties":{"z":7.8}},{"type":"Feature","geometry":{"type":"Point","coordinates":[136.0800177,35.6507445]},"properties":{"z":7.8}},{"type":"Feature","geometry":{"type":"Point","coordinates":[136.0799761,35.6507742]},"properties":{"z":7.7}},{"type":"Feature","geometry":{"type":"Point","coordinates":[136.0799344,35.6508037]},"properties":{"z":7.7}},{"type":"Feature","geometry":{"type":"Point","coordinates":[136.0798931,35.6508336]},"properties":{"z":7.5}},{"type":"Feature","geometry":{"type":"Point","coordinates":[136.079852,35.6508637]},"properties":{"z":7.5}},{"type":"Feature","geometry":{"type":"Point","coordinates":[136.0798126,35.6508952]},"properties":{"z":7.5}},{"type":"Feature","geometry":{"type":"Point","coordinates":[136.0797742,35.6509276]},"properties":{"z":7.5}},{"type":"Feature","geometry":{"type":"Point","coordinates":[136.0797354,35.6509596]},"properties":{"z":7.3}},{"type":"Feature","geometry":{"type":"Point","coordinates":[136.0796963,35.6509914]},"properties":{"z":7.3}},{"type":"Feature","geometry":{"type":"Point","coordinates":[136.0796569,35.651023]},"properties":{"z":7.2}},{"type":"Feature","geometry":{"type":"Point","coordinates":[136.079617,35.6510541]},"properties":{"z":7.2}},{"type":"Feature","geometry":{"type":"Point","coordinates":[136.079577,35.6510852]},"properties":{"z":7.1}},{"type":"Feature","geometry":{"type":"Point","coordinates":[136.0795358,35.6511152]},"properties":{"z":7.1}},{"type":"Feature","geometry":{"type":"Point","coordinates":[136.0794947,35.6511452]},"properties":{"z":7.1}},{"type":"Feature","geometry":{"type":"Point","coordinates":[136.0794538,35.6511755]},"properties":{"z":6.9}},{"type":"Feature","geometry":{"type":"Point","coordinates":[136.0794129,35.6512058]},"properties":{"z":6.9}},{"type":"Feature","geometry":{"type":"Point","coordinates":[136.0793727,35.6512366]},"properties":{"z":6.8}},{"type":"Feature","geometry":{"type":"Point","coordinates":[136.0793327,35.6512677]},"properties":{"z":6.8}},{"type":"Feature","geometry":{"type":"Point","coordinates":[136.0792936,35.6512994]},"properties":{"z":6.7}},{"type":"Feature","geometry":{"type":"Point","coordinates":[136.0792554,35.651332]},"properties":{"z":6.7}},{"type":"Feature","geometry":{"type":"Point","coordinates":[136.079217,35.6513643]},"properties":{"z":6.6}},{"type":"Feature","geometry":{"type":"Point","coordinates":[136.0791767,35.6513951]},"properties":{"z":6.6}},{"type":"Feature","geometry":{"type":"Point","coordinates":[136.0791364,35.6514259]},"properties":{"z":6.5}},{"type":"Feature","geometry":{"type":"Point","coordinates":[136.0790991,35.6514591]},"properties":{"z":6.5}},{"type":"Feature","geometry":{"type":"Point","coordinates":[136.0790621,35.6514926]},"properties":{"z":6.4}},{"type":"Feature","geometry":{"type":"Point","coordinates":[136.0790235,35.6515247]},"properties":{"z":6.4}},{"type":"Feature","geometry":{"type":"Point","coordinates":[136.078984,35.6515562]},"properties":{"z":6.4}},{"type":"Feature","geometry":{"type":"Point","coordinates":[136.0789455,35.6515885]},"properties":{"z":6.3}},{"type":"Feature","geometry":{"type":"Point","coordinates":[136.0789089,35.6516221]},"properties":{"z":6.3}},{"type":"Feature","geometry":{"type":"Point","coordinates":[136.0788719,35.6516556]},"properties":{"z":6.2}},{"type":"Feature","geometry":{"type":"Point","coordinates":[136.0788339,35.6516882]},"properties":{"z":6.2}},{"type":"Feature","geometry":{"type":"Point","coordinates":[136.0787957,35.6517207]},"properties":{"z":6.2}},{"type":"Feature","geometry":{"type":"Point","coordinates":[136.0787566,35.6517525]},"properties":{"z":6.2}},{"type":"Feature","geometry":{"type":"Point","coordinates":[136.0787175,35.6517843]},"properties":{"z":6.0}},{"type":"Feature","geometry":{"type":"Point","coordinates":[136.0786788,35.6518164]},"properties":{"z":6.1}},{"type":"Feature","geometry":{"type":"Point","coordinates":[136.0786401,35.6518485]},"properties":{"z":6.1}},{"type":"Feature","geometry":{"type":"Point","coordinates":[136.0786009,35.6518803]},"properties":{"z":6.0}},{"type":"Feature","geometry":{"type":"Point","coordinates":[136.0785616,35.651912]},"properties":{"z":6.0}},{"type":"Feature","geometry":{"type":"Point","coordinates":[136.0785237,35.6519446]},"properties":{"z":5.9}},{"type":"Feature","geometry":{"type":"Point","coordinates":[136.0784868,35.6519781]},"properties":{"z":5.9}},{"type":"Feature","geometry":{"type":"Point","coordinates":[136.0784499,35.6520116]},"properties":{"z":5.8}},{"type":"Feature","geometry":{"type":"Point","coordinates":[136.0784129,35.6520451]},"properties":{"z":5.8}},{"type":"Feature","geometry":{"type":"Point","coordinates":[136.078376,35.6520785]},"properties":{"z":5.7}},{"type":"Feature","geometry":{"type":"Point","coordinates":[136.0783387,35.6521117]},"properties":{"z":5.7}},{"type":"Feature","geometry":{"type":"Point","coordinates":[136.0783014,35.6521449]},"properties":{"z":5.7}},{"type":"Feature","geometry":{"type":"Point","coordinates":[136.0782643,35.6521783]},"properties":{"z":5.6}},{"type":"Feature","geometry":{"type":"Point","coordinates":[136.0782273,35.6522117]},"properties":{"z":5.6}},{"type":"Feature","geometry":{"type":"Point","coordinates":[136.0781869,35.6522424]},"properties":{"z":5.5}},{"type":"Feature","geometry":{"type":"Point","coordinates":[136.0781465,35.6522731]},"properties":{"z":5.5}},{"type":"Feature","geometry":{"type":"Point","coordinates":[136.078104,35.6523019]},"properties":{"z":5.3}},{"type":"Feature","geometry":{"type":"Point","coordinates":[136.0780614,35.6523306]},"properties":{"z":5.3}},{"type":"Feature","geometry":{"type":"Point","coordinates":[136.0780207,35.652361]},"properties":{"z":5.2}},{"type":"Feature","geometry":{"type":"Point","coordinates":[136.0779801,35.6523916]},"properties":{"z":5.2}},{"type":"Feature","geometry":{"type":"Point","coordinates":[136.0779495,35.6524288]},"properties":{"z":5.1}},{"type":"Feature","geometry":{"type":"Point","coordinates":[136.0779199,35.6524668]},"properties":{"z":5.0}},{"type":"Feature","geometry":{"type":"Point","coordinates":[136.0778857,35.6525021]},"properties":{"z":4.9}},{"type":"Feature","geometry":{"type":"Point","coordinates":[136.0778508,35.652537]},"properties":{"z":4.9}},{"type":"Feature","geometry":{"type":"Point","coordinates":[136.0778125,35.6525694]},"properties":{"z":4.9}},{"type":"Feature","geometry":{"type":"Point","coordinates":[136.077773,35.6526008]},"properties":{"z":4.9}},{"type":"Feature","geometry":{"type":"Point","coordinates":[136.0777343,35.6526329]},"properties":{"z":4.9}},{"type":"Feature","geometry":{"type":"Point","coordinates":[136.0776961,35.6526654]},"properties":{"z":4.9}},{"type":"Feature","geometry":{"type":"Point","coordinates":[136.0776571,35.6526973]},"properties":{"z":4.8}},{"type":"Feature","geometry":{"type":"Point","coordinates":[136.0776178,35.6527289]},"properties":{"z":4.8}},{"type":"Feature","geometry":{"type":"Point","coordinates":[136.0775794,35.6527613]},"properties":{"z":4.8}},{"type":"Feature","geometry":{"type":"Point","coordinates":[136.0775419,35.6527944]},"properties":{"z":4.8}},{"type":"Feature","geometry":{"type":"Point","coordinates":[136.0775039,35.652827]},"properties":{"z":4.8}},{"type":"Feature","geometry":{"type":"Point","coordinates":[136.077465,35.652859]},"properties":{"z":4.8}},{"type":"Feature","geometry":{"type":"Point","coordinates":[136.0774265,35.6528912]},"properties":{"z":4.8}},{"type":"Feature","geometry":{"type":"Point","coordinates":[136.0773888,35.6529241]},"properties":{"z":4.8}},{"type":"Feature","geometry":{"type":"Point","coordinates":[136.0773506,35.6529567]},"properties":{"z":4.8}},{"type":"Feature","geometry":{"type":"Point","coordinates":[136.0773114,35.6529883]},"properties":{"z":4.7}},{"type":"Feature","geometry":{"type":"Point","coordinates":[136.0772713,35.6530193]},"properties":{"z":4.7}},{"type":"Feature","geometry":{"type":"Point","coordinates":[136.0772297,35.6530489]},"properties":{"z":4.7}},{"type":"Feature","geometry":{"type":"Point","coordinates":[136.0771875,35.653078]},"properties":{"z":4.7}},{"type":"Feature","geometry":{"type":"Point","coordinates":[136.0771446,35.6531063]},"properties":{"z":4.7}},{"type":"Feature","geometry":{"type":"Point","coordinates":[136.0771029,35.6531359]},"properties":{"z":4.7}},{"type":"Feature","geometry":{"type":"Point","coordinates":[136.0770628,35.6531668]},"properties":{"z":4.6}},{"type":"Feature","geometry":{"type":"Point","coordinates":[136.0770232,35.6531982]},"properties":{"z":4.6}},{"type":"Feature","geometry":{"type":"Point","coordinates":[136.0769847,35.6532305]},"properties":{"z":4.6}},{"type":"Feature","geometry":{"type":"Point","coordinates":[136.0769464,35.6532629]},"properties":{"z":4.6}},{"type":"Feature","geometry":{"type":"Point","coordinates":[136.0769085,35.6532957]},"properties":{"z":4.6}},{"type":"Feature","geometry":{"type":"Point","coordinates":[136.076871,35.6533287]},"properties":{"z":4.6}},{"type":"Feature","geometry":{"type":"Point","coordinates":[136.0768341,35.6533622]},"properties":{"z":4.6}},{"type":"Feature","geometry":{"type":"Point","coordinates":[136.0767961,35.6533948]},"properties":{"z":4.5}},{"type":"Feature","geometry":{"type":"Point","coordinates":[136.076756,35.6534258]},"properties":{"z":4.5}},{"type":"Feature","geometry":{"type":"Point","coordinates":[136.0767162,35.653457]},"properties":{"z":4.5}},{"type":"Feature","geometry":{"type":"Point","coordinates":[136.0766767,35.6534885]},"properties":{"z":4.5}},{"type":"Feature","geometry":{"type":"Point","coordinates":[136.0766403,35.6535222]},"properties":{"z":4.5}},{"type":"Feature","geometry":{"type":"Point","coordinates":[136.0766059,35.6535574]},"properties":{"z":4.5}},{"type":"Feature","geometry":{"type":"Point","coordinates":[136.0765686,35.6535905]},"properties":{"z":4.5}},{"type":"Feature","geometry":{"type":"Point","coordinates":[136.0765298,35.6536226]},"properties":{"z":4.5}},{"type":"Feature","geometry":{"type":"Point","coordinates":[136.0764917,35.6536551]},"properties":{"z":4.5}},{"type":"Feature","geometry":{"type":"Point","coordinates":[136.0764534,35.6536876]},"properties":{"z":4.4}},{"type":"Feature","geometry":{"type":"Point","coordinates":[136.0764134,35.6537187]},"properties":{"z":4.4}},{"type":"Feature","geometry":{"type":"Point","coordinates":[136.0763706,35.653747]},"properties":{"z":4.4}},{"type":"Feature","geometry":{"type":"Point","coordinates":[136.0763248,35.6537719]},"properties":{"z":4.4}},{"type":"Feature","geometry":{"type":"Point","coordinates":[136.0762703,35.6537797]},"properties":{"z":4.4}},{"type":"Feature","geometry":{"type":"Point","coordinates":[136.0762174,35.6537924]},"properties":{"z":4.4}},{"type":"Feature","geometry":{"type":"Point","coordinates":[136.0761658,35.6538084]},"properties":{"z":4.4}},{"type":"Feature","geometry":{"type":"Point","coordinates":[136.0761157,35.6538275]},"properties":{"z":4.3}},{"type":"Feature","geometry":{"type":"Point","coordinates":[136.0760724,35.6538552]},"properties":{"z":4.3}},{"type":"Feature","geometry":{"type":"Point","coordinates":[136.0760284,35.6538825]},"properties":{"z":4.3}},{"type":"Feature","geometry":{"type":"Point","coordinates":[136.0760026,35.6539191]},"properties":{"z":4.3}},{"type":"Feature","geometry":{"type":"Point","coordinates":[136.0760064,35.6539635]},"properties":{"z":4.3}},{"type":"Feature","geometry":{"type":"Point","coordinates":[136.0759988,35.6540073]},"properties":{"z":4.3}},{"type":"Feature","geometry":{"type":"Point","coordinates":[136.0759515,35.6540199]},"properties":{"z":4.3}},{"type":"Feature","geometry":{"type":"Point","coordinates":[136.0758976,35.6540297]},"properties":{"z":4.3}},{"type":"Feature","geometry":{"type":"Point","coordinates":[136.075843,35.654036]},"properties":{"z":4.2}},{"type":"Feature","geometry":{"type":"Point","coordinates":[136.0757879,35.6540399]},"properties":{"z":4.2}},{"type":"Feature","geometry":{"type":"Point","coordinates":[136.0757327,35.6540436]},"properties":{"z":4.2}},{"type":"Feature","geometry":{"type":"Point","coordinates":[136.0756776,35.654047]},"properties":{"z":4.2}},{"type":"Feature","geometry":{"type":"Point","coordinates":[136.0756224,35.6540506]},"properties":{"z":4.2}},{"type":"Feature","geometry":{"type":"Point","coordinates":[136.0755671,35.654052]},"properties":{"z":4.2}},{"type":"Feature","geometry":{"type":"Point","coordinates":[136.0755122,35.6540567]},"properties":{"z":4.2}},{"type":"Feature","geometry":{"type":"Point","coordinates":[136.075457,35.6540591]},"properties":{"z":4.1}},{"type":"Feature","geometry":{"type":"Point","coordinates":[136.0754017,35.6540607]},"properties":{"z":4.1}},{"type":"Feature","geometry":{"type":"Point","coordinates":[136.0753465,35.654063]},"properties":{"z":4.1}},{"type":"Feature","geometry":{"type":"Point","coordinates":[136.0752912,35.6540622]},"properties":{"z":4.1}},{"type":"Feature","geometry":{"type":"Point","coordinates":[136.0752358,35.6540629]},"properties":{"z":4.1}},{"type":"Feature","geometry":{"type":"Point","coordinates":[136.0751805,35.6540641]},"properties":{"z":4.1}},{"type":"Feature","geometry":{"type":"Point","coordinates":[136.0751253,35.6540659]},"properties":{"z":4.1}},{"type":"Feature","geometry":{"type":"Point","coordinates":[136.0750702,35.65407]},"properties":{"z":4.0}},{"type":"Feature","geometry":{"type":"Point","coordinates":[136.0750152,35.6540752]},"properties":{"z":4.0}},{"type":"Feature","geometry":{"type":"Point","coordinates":[136.0749603,35.6540804]},"properties":{"z":4.0}},{"type":"Feature","geometry":{"type":"Point","coordinates":[136.0749051,35.6540831]},"properties":{"z":4.0}},{"type":"Feature","geometry":{"type":"Point","coordinates":[136.0748499,35.6540866]},"properties":{"z":4.0}},{"type":"Feature","geometry":{"type":"Point","coordinates":[136.0747948,35.6540905]},"properties":{"z":4.0}},{"type":"Feature","geometry":{"type":"Point","coordinates":[136.0747397,35.6540945]},"properties":{"z":3.9}},{"type":"Feature","geometry":{"type":"Point","coordinates":[136.0746849,35.6541003]},"properties":{"z":3.9}},{"type":"Feature","geometry":{"type":"Point","coordinates":[136.0746301,35.6541065]},"properties":{"z":3.9}},{"type":"Feature","geometry":{"type":"Point","coordinates":[136.0745748,35.654108]},"properties":{"z":3.9}},{"type":"Feature","geometry":{"type":"Point","coordinates":[136.0745196,35.65411]},"properties":{"z":3.9}},{"type":"Feature","geometry":{"type":"Point","coordinates":[136.0744643,35.6541123]},"properties":{"z":3.9}},{"type":"Feature","geometry":{"type":"Point","coordinates":[136.074409,35.6541139]},"properties":{"z":3.9}},{"type":"Feature","geometry":{"type":"Point","coordinates":[136.0743538,35.6541157]},"properties":{"z":3.9}},{"type":"Feature","geometry":{"type":"Point","coordinates":[136.0742985,35.6541178]},"properties":{"z":3.8}},{"type":"Feature","geometry":{"type":"Point","coordinates":[136.0742434,35.6541217]},"properties":{"z":3.8}},{"type":"Feature","geometry":{"type":"Point","coordinates":[136.0741883,35.6541255]},"properties":{"z":3.8}},{"type":"Feature","geometry":{"type":"Point","coordinates":[136.0741331,35.6541292]},"properties":{"z":3.8}},{"type":"Feature","geometry":{"type":"Point","coordinates":[136.0740779,35.6541323]},"properties":{"z":3.8}},{"type":"Feature","geometry":{"type":"Point","coordinates":[136.0740227,35.6541349]},"properties":{"z":3.8}},{"type":"Feature","geometry":{"type":"Point","coordinates":[136.0739674,35.6541368]},"properties":{"z":3.8}},{"type":"Feature","geometry":{"type":"Point","coordinates":[136.0739127,35.6541431]},"properties":{"z":3.7}},{"type":"Feature","geometry":{"type":"Point","coordinates":[136.0738576,35.654146]},"properties":{"z":3.7}},{"type":"Feature","geometry":{"type":"Point","coordinates":[136.0738023,35.6541458]},"properties":{"z":3.7}},{"type":"Feature","geometry":{"type":"Point","coordinates":[136.0737471,35.6541423]},"properties":{"z":3.7}},{"type":"Feature","geometry":{"type":"Point","coordinates":[136.073696,35.6541538]},"properties":{"z":3.7}},{"type":"Feature","geometry":{"type":"Point","coordinates":[136.0736545,35.6541801]},"properties":{"z":3.7}},{"type":"Feature","geometry":{"type":"Point","coordinates":[136.0736388,35.6542232]},"properties":{"z":3.7}},{"type":"Feature","geometry":{"type":"Point","coordinates":[136.0736278,35.6542672]},"properties":{"z":3.7}},{"type":"Feature","geometry":{"type":"Point","coordinates":[136.0736488,35.6542925]},"properties":{"z":3.7}},{"type":"Feature","geometry":{"type":"Point","coordinates":[136.0736876,35.6542985]},"properties":{"z":3.7}},{"type":"Feature","geometry":{"type":"Point","coordinates":[136.0736834,35.654343]},"properties":{"z":3.7}},{"type":"Feature","geometry":{"type":"Point","coordinates":[136.0736521,35.6543775]},"properties":{"z":3.7}},{"type":"Feature","geometry":{"type":"Point","coordinates":[136.0736321,35.654419]},"properties":{"z":3.7}},{"type":"Feature","geometry":{"type":"Point","coordinates":[136.0736266,35.6544637]},"properties":{"z":3.7}},{"type":"Feature","geometry":{"type":"Point","coordinates":[136.073631,35.6545079]},"properties":{"z":3.7}},{"type":"Feature","geometry":{"type":"Point","coordinates":[136.0736626,35.6545434]},"properties":{"z":3.7}},{"type":"Feature","geometry":{"type":"Point","coordinates":[136.0736902,35.6545773]},"properties":{"z":3.7}},{"type":"Feature","geometry":{"type":"Point","coordinates":[136.0736586,35.6545857]},"properties":{"z":3.7}},{"type":"Feature","geometry":{"type":"Point","coordinates":[136.073605,35.654575]},"properties":{"z":3.7}},{"type":"Feature","geometry":{"type":"Point","coordinates":[136.0735612,35.6545493]},"properties":{"z":3.6}},{"type":"Feature","geometry":{"type":"Point","coordinates":[136.0735396,35.6545096]},"properties":{"z":3.6}},{"type":"Feature","geometry":{"type":"Point","coordinates":[136.0734994,35.6544789]},"properties":{"z":3.6}},{"type":"Feature","geometry":{"type":"Point","coordinates":[136.0734789,35.6544386]},"properties":{"z":3.6}},{"type":"Feature","geometry":{"type":"Point","coordinates":[136.0734763,35.6543937]},"properties":{"z":3.6}},{"type":"Feature","geometry":{"type":"Point","coordinates":[136.0734664,35.6543531]},"properties":{"z":3.6}},{"type":"Feature","geometry":{"type":"Point","coordinates":[136.073422,35.6543535]},"properties":{"z":3.6}},{"type":"Feature","geometry":{"type":"Point","coordinates":[136.0733671,35.6543587]},"properties":{"z":3.6}},{"type":"Feature","geometry":{"type":"Point","coordinates":[136.0733126,35.6543665]},"properties":{"z":3.6}},{"type":"Feature","geometry":{"type":"Point","coordinates":[136.0732579,35.6543642]},"properties":{"z":3.6}},{"type":"Feature","geometry":{"type":"Point","coordinates":[136.0732238,35.6543341]},"properties":{"z":3.6}},{"type":"Feature","geometry":{"type":"Point","coordinates":[136.0731929,35.6542969]},"properties":{"z":3.6}},{"type":"Feature","geometry":{"type":"Point","coordinates":[136.0731392,35.6542876]},"properties":{"z":3.5}},{"type":"Feature","geometry":{"type":"Point","coordinates":[136.0730861,35.6542769]},"properties":{"z":3.5}},{"type":"Feature","geometry":{"type":"Point","coordinates":[136.0730341,35.6542622]},"properties":{"z":3.5}},{"type":"Feature","geometry":{"type":"Point","coordinates":[136.0729804,35.6542513]},"properties":{"z":3.5}},{"type":"Feature","geometry":{"type":"Point","coordinates":[136.072927,35.6542396]},"properties":{"z":3.5}},{"type":"Feature","geometry":{"type":"Point","coordinates":[136.0728727,35.6542311]},"properties":{"z":3.5}},{"type":"Feature","geometry":{"type":"Point","coordinates":[136.0728179,35.6542261]},"properties":{"z":3.5}},{"type":"Feature","geometry":{"type":"Point","coordinates":[136.0727626,35.6542248]},"properties":{"z":3.4}},{"type":"Feature","geometry":{"type":"Point","coordinates":[136.0727073,35.6542235]},"properties":{"z":3.4}},{"type":"Feature","geometry":{"type":"Point","coordinates":[136.072653,35.654216]},"properties":{"z":3.4}},{"type":"Feature","geometry":{"type":"Point","coordinates":[136.0725991,35.6542062]},"properties":{"z":3.4}},{"type":"Feature","geometry":{"type":"Point","coordinates":[136.0725444,35.6541995]},"properties":{"z":3.4}},{"type":"Feature","geometry":{"type":"Point","coordinates":[136.0724897,35.6541929]},"properties":{"z":3.4}},{"type":"Feature","geometry":{"type":"Point","coordinates":[136.0724352,35.6541852]},"properties":{"z":3.3}},{"type":"Feature","geometry":{"type":"Point","coordinates":[136.0723806,35.6541783]},"properties":{"z":3.3}},{"type":"Feature","geometry":{"type":"Point","coordinates":[136.0723255,35.6541737]},"properties":{"z":3.3}},{"type":"Feature","geometry":{"type":"Point","coordinates":[136.0722702,35.6541726]},"properties":{"z":3.3}},{"type":"Feature","geometry":{"type":"Point","coordinates":[136.0722154,35.6541679]},"properties":{"z":3.3}},{"type":"Feature","geometry":{"type":"Point","coordinates":[136.072161,35.6541597]},"properties":{"z":3.3}},{"type":"Feature","geometry":{"type":"Point","coordinates":[136.0721068,35.6541532]},"properties":{"z":3.2}},{"type":"Feature","geometry":{"type":"Point","coordinates":[136.0720528,35.6541613]},"properties":{"z":3.2}},{"type":"Feature","geometry":{"type":"Point","coordinates":[136.0720144,35.6541937]},"properties":{"z":3.2}},{"type":"Feature","geometry":{"type":"Point","coordinates":[136.071994,35.6542324]},"properties":{"z":3.1}},{"type":"Feature","geometry":{"type":"Point","coordinates":[136.0719763,35.6542748]},"properties":{"z":3.1}},{"type":"Feature","geometry":{"type":"Point","coordinates":[136.0719576,35.6543171]},"properties":{"z":3.1}},{"type":"Feature","geometry":{"type":"Point","coordinates":[136.071941,35.65436]},"properties":{"z":3.1}},{"type":"Feature","geometry":{"type":"Point","coordinates":[136.0719235,35.6544026]},"properties":{"z":3.1}},{"type":"Feature","geometry":{"type":"Point","coordinates":[136.0718926,35.6544388]},"properties":{"z":3.1}},{"type":"Feature","geometry":{"type":"Point","coordinates":[136.0718536,35.6544697]},"properties":{"z":3.1}},{"type":"Feature","geometry":{"type":"Point","coordinates":[136.0717993,35.6544785]},"properties":{"z":3.1}},{"type":"Feature","geometry":{"type":"Point","coordinates":[136.0717451,35.6544792]},"properties":{"z":3.0}},{"type":"Feature","geometry":{"type":"Point","coordinates":[136.0716908,35.6544705]},"properties":{"z":3.0}},{"type":"Feature","geometry":{"type":"Point","coordinates":[136.0716355,35.6544697]},"properties":{"z":3.0}},{"type":"Feature","geometry":{"type":"Point","coordinates":[136.0715802,35.6544691]},"properties":{"z":3.0}},{"type":"Feature","geometry":{"type":"Point","coordinates":[136.0715249,35.654468]},"properties":{"z":3.0}},{"type":"Feature","geometry":{"type":"Point","coordinates":[136.0714699,35.6544634]},"properties":{"z":2.9}},{"type":"Feature","geometry":{"type":"Point","coordinates":[136.0714148,35.6544611]},"properties":{"z":2.9}},{"type":"Feature","geometry":{"type":"Point","coordinates":[136.0713595,35.6544615]},"properties":{"z":2.9}},{"type":"Feature","geometry":{"type":"Point","coordinates":[136.0713054,35.6544529]},"properties":{"z":2.9}},{"type":"Feature","geometry":{"type":"Point","coordinates":[136.071251,35.6544452]},"properties":{"z":2.8}},{"type":"Feature","geometry":{"type":"Point","coordinates":[136.071196,35.6544402]},"properties":{"z":2.8}},{"type":"Feature","geometry":{"type":"Point","coordinates":[136.071142,35.6544307]},"properties":{"z":2.8}},{"type":"Feature","geometry":{"type":"Point","coordinates":[136.0710876,35.6544226]},"properties":{"z":2.8}},{"type":"Feature","geometry":{"type":"Point","coordinates":[136.0710328,35.6544166]},"properties":{"z":2.8}},{"type":"Feature","geometry":{"type":"Point","coordinates":[136.0709776,35.6544139]},"properties":{"z":2.8}},{"type":"Feature","geometry":{"type":"Point","coordinates":[136.0709225,35.6544098]},"properties":{"z":2.8}},{"type":"Feature","geometry":{"type":"Point","coordinates":[136.0708674,35.6544059]},"properties":{"z":2.7}},{"type":"Feature","geometry":{"type":"Point","coordinates":[136.0708122,35.6544028]},"properties":{"z":2.7}},{"type":"Feature","geometry":{"type":"Point","coordinates":[136.0707584,35.6543929]},"properties":{"z":2.7}},{"type":"Feature","geometry":{"type":"Point","coordinates":[136.0707048,35.6543819]},"properties":{"z":2.7}},{"type":"Feature","geometry":{"type":"Point","coordinates":[136.0706508,35.6543724]},"properties":{"z":2.6}},{"type":"Feature","geometry":{"type":"Point","coordinates":[136.0705957,35.6543686]},"properties":{"z":2.6}},{"type":"Feature","geometry":{"type":"Point","coordinates":[136.0705405,35.6543682]},"properties":{"z":2.6}},{"type":"Feature","geometry":{"type":"Point","coordinates":[136.0704856,35.654373]},"properties":{"z":2.6}},{"type":"Feature","geometry":{"type":"Point","coordinates":[136.0704329,35.6543865]},"properties":{"z":2.6}},{"type":"Feature","geometry":{"type":"Point","coordinates":[136.070392,35.654415]},"properties":{"z":2.6}},{"type":"Feature","geometry":{"type":"Point","coordinates":[136.0703725,35.6544568]},"properties":{"z":2.5}},{"type":"Feature","geometry":{"type":"Point","coordinates":[136.0703579,35.6545002]},"properties":{"z":2.5}},{"type":"Feature","geometry":{"type":"Point","coordinates":[136.070341,35.654543]},"properties":{"z":2.5}},{"type":"Feature","geometry":{"type":"Point","coordinates":[136.0703276,35.6545864]},"properties":{"z":2.5}},{"type":"Feature","geometry":{"type":"Point","coordinates":[136.0703229,35.6546306]},"properties":{"z":2.5}},{"type":"Feature","geometry":{"type":"Point","coordinates":[136.0703363,35.6546742]},"properties":{"z":2.5}},{"type":"Feature","geometry":{"type":"Point","coordinates":[136.0703372,35.6547191]},"properties":{"z":2.5}},{"type":"Feature","geometry":{"type":"Point","coordinates":[136.0703023,35.6547503]},"properties":{"z":2.5}},{"type":"Feature","geometry":{"type":"Point","coordinates":[136.0702616,35.6547799]},"properties":{"z":2.5}},{"type":"Feature","geometry":{"type":"Point","coordinates":[136.070239,35.6548209]},"properties":{"z":2.4}},{"type":"Feature","geometry":{"type":"Point","coordinates":[136.0702217,35.6548634]},"properties":{"z":2.4}},{"type":"Feature","geometry":{"type":"Point","coordinates":[136.0702071,35.6549067]},"properties":{"z":2.4}},{"type":"Feature","geometry":{"type":"Point","coordinates":[136.0701849,35.6549479]},"properties":{"z":2.4}},{"type":"Feature","geometry":{"type":"Point","coordinates":[136.07017,35.654991]},"properties":{"z":2.4}},{"type":"Feature","geometry":{"type":"Point","coordinates":[136.0701537,35.6550338]},"properties":{"z":2.3}},{"type":"Feature","geometry":{"type":"Point","coordinates":[136.070132,35.6550752]},"properties":{"z":2.3}},{"type":"Feature","geometry":{"type":"Point","coordinates":[136.070107,35.6551153]},"properties":{"z":2.3}},{"type":"Feature","geometry":{"type":"Point","coordinates":[136.0700908,35.6551581]},"properties":{"z":2.3}},{"type":"Feature","geometry":{"type":"Point","coordinates":[136.0700746,35.6552011]},"properties":{"z":2.3}},{"type":"Feature","geometry":{"type":"Point","coordinates":[136.0700386,35.6552315]},"properties":{"z":2.3}},{"type":"Feature","geometry":{"type":"Point","coordinates":[136.0699935,35.6552575]},"properties":{"z":2.3}},{"type":"Feature","geometry":{"type":"Point","coordinates":[136.0699466,35.6552812]},"properties":{"z":2.2}},{"type":"Feature","geometry":{"type":"Point","coordinates":[136.0698957,35.6552973]},"properties":{"z":2.2}},{"type":"Feature","geometry":{"type":"Point","coordinates":[136.069842,35.6553049]},"properties":{"z":2.2}},{"type":"Feature","geometry":{"type":"Point","coordinates":[136.0697926,35.6553234]},"properties":{"z":2.1}},{"type":"Feature","geometry":{"type":"Point","coordinates":[136.0697379,35.6553261]},"properties":{"z":2.1}},{"type":"Feature","geometry":{"type":"Point","coordinates":[136.0696834,35.6553182]},"properties":{"z":2.1}},{"type":"Feature","geometry":{"type":"Point","coordinates":[136.0696289,35.6553118]},"properties":{"z":2.1}},{"type":"Feature","geometry":{"type":"Point","coordinates":[136.0695736,35.6553134]},"properties":{"z":2.1}},{"type":"Feature","geometry":{"type":"Point","coordinates":[136.0695185,35.6553091]},"properties":{"z":2.1}},{"type":"Feature","geometry":{"type":"Point","coordinates":[136.0694637,35.6553031]},"properties":{"z":2.1}},{"type":"Feature","geometry":{"type":"Point","coordinates":[136.0694088,35.6553076]},"properties":{"z":2.0}},{"type":"Feature","geometry":{"type":"Point","coordinates":[136.0693536,35.6553096]},"properties":{"z":2.0}},{"type":"Feature","geometry":{"type":"Point","coordinates":[136.0692986,35.6553067]},"properties":{"z":2.0}},{"type":"Feature","geometry":{"type":"Point","coordinates":[136.0692439,35.6553008]},"properties":{"z":2.0}},{"type":"Feature","geometry":{"type":"Point","coordinates":[136.0691886,35.6553]},"properties":{"z":1.9}},{"type":"Feature","geometry":{"type":"Point","coordinates":[136.0691334,35.655297]},"properties":{"z":1.9}},{"type":"Feature","geometry":{"type":"Point","coordinates":[136.0690782,35.6552938]},"properties":{"z":1.9}},{"type":"Feature","geometry":{"type":"Point","coordinates":[136.0690272,35.6553093]},"properties":{"z":1.9}},{"type":"Feature","geometry":{"type":"Point","coordinates":[136.0689844,35.6553379]},"properties":{"z":1.9}},{"type":"Feature","geometry":{"type":"Point","coordinates":[136.0689583,35.6553757]},"properties":{"z":1.8}},{"type":"Feature","geometry":{"type":"Point","coordinates":[136.0689424,35.6554187]},"properties":{"z":1.8}},{"type":"Feature","geometry":{"type":"Point","coordinates":[136.0689319,35.6554628]},"properties":{"z":1.8}},{"type":"Feature","geometry":{"type":"Point","coordinates":[136.0689181,35.6555063]},"properties":{"z":1.8}},{"type":"Feature","geometry":{"type":"Point","coordinates":[136.0689033,35.6555496]},"properties":{"z":1.8}},{"type":"Feature","geometry":{"type":"Point","coordinates":[136.0688889,35.655593]},"properties":{"z":1.8}},{"type":"Feature","geometry":{"type":"Point","coordinates":[136.0688726,35.655636]},"properties":{"z":1.8}},{"type":"Feature","geometry":{"type":"Point","coordinates":[136.0688558,35.6556788]},"properties":{"z":1.8}},{"type":"Feature","geometry":{"type":"Point","coordinates":[136.0688388,35.6557216]},"properties":{"z":1.7}},{"type":"Feature","geometry":{"type":"Point","coordinates":[136.0688207,35.655764]},"properties":{"z":1.7}},{"type":"Feature","geometry":{"type":"Point","coordinates":[136.0688028,35.6558066]},"properties":{"z":1.7}},{"type":"Feature","geometry":{"type":"Point","coordinates":[136.0687844,35.6558489]},"properties":{"z":1.7}},{"type":"Feature","geometry":{"type":"Point","coordinates":[136.0687624,35.6558902]},"properties":{"z":1.7}},{"type":"Feature","geometry":{"type":"Point","coordinates":[136.0687396,35.6559311]},"properties":{"z":1.6}},{"type":"Feature","geometry":{"type":"Point","coordinates":[136.068715,35.6559714]},"properties":{"z":1.6}},{"type":"Feature","geometry":{"type":"Point","coordinates":[136.0686909,35.6560118]},"properties":{"z":1.6}},{"type":"Feature","geometry":{"type":"Point","coordinates":[136.0686698,35.6560534]},"properties":{"z":1.6}},{"type":"Feature","geometry":{"type":"Point","coordinates":[136.0686574,35.6560972]},"properties":{"z":1.6}},{"type":"Feature","geometry":{"type":"Point","coordinates":[136.0686466,35.6561413]},"properties":{"z":1.6}},{"type":"Feature","geometry":{"type":"Point","coordinates":[136.0686354,35.6561853]},"properties":{"z":1.6}},{"type":"Feature","geometry":{"type":"Point","coordinates":[136.0686226,35.656229]},"properties":{"z":1.6}},{"type":"Feature","geometry":{"type":"Point","coordinates":[136.0686078,35.6562723]},"properties":{"z":1.5}},{"type":"Feature","geometry":{"type":"Point","coordinates":[136.0686408,35.6562907]},"properties":{"z":1.5}},{"type":"Feature","geometry":{"type":"Point","coordinates":[136.0686946,35.656301]},"properties":{"z":1.6}},{"type":"Feature","geometry":{"type":"Point","coordinates":[136.0687472,35.6563149]},"properties":{"z":1.6}},{"type":"Feature","geometry":{"type":"Point","coordinates":[136.0688002,35.6563278]},"properties":{"z":1.6}},{"type":"Feature","geometry":{"type":"Point","coordinates":[136.0688541,35.6563374]},"properties":{"z":1.6}},{"type":"Feature","geometry":{"type":"Point","coordinates":[136.068881,35.6563677]},"properties":{"z":1.6}},{"type":"Feature","geometry":{"type":"Point","coordinates":[136.0688421,35.6563735]},"properties":{"z":1.6}},{"type":"Feature","geometry":{"type":"Point","coordinates":[136.0687898,35.6563702]},"properties":{"z":1.6}},{"type":"Feature","geometry":{"type":"Point","coordinates":[136.0687351,35.6563682]},"properties":{"z":1.6}},{"type":"Feature","geometry":{"type":"Point","coordinates":[136.0686803,35.6563618]},"properties":{"z":1.6}},{"type":"Feature","geometry":{"type":"Point","coordinates":[136.0686255,35.6563556]},"properties":{"z":1.5}},{"type":"Feature","geometry":{"type":"Point","coordinates":[136.0685714,35.6563463]},"properties":{"z":1.5}},{"type":"Feature","geometry":{"type":"Point","coordinates":[136.0685163,35.6563441]},"properties":{"z":1.5}},{"type":"Feature","geometry":{"type":"Point","coordinates":[136.0684611,35.6563419]},"properties":{"z":1.5}},{"type":"Feature","geometry":{"type":"Point","coordinates":[136.0684059,35.6563392]},"properties":{"z":1.4}},{"type":"Feature","geometry":{"type":"Point","coordinates":[136.0683506,35.6563373]},"properties":{"z":1.4}},{"type":"Feature","geometry":{"type":"Point","coordinates":[136.0682955,35.6563332]},"properties":{"z":1.4}},{"type":"Feature","geometry":{"type":"Point","coordinates":[136.0682405,35.6563285]},"properties":{"z":1.4}},{"type":"Feature","geometry":{"type":"Point","coordinates":[136.0681857,35.6563226]},"properties":{"z":1.4}},{"type":"Feature","geometry":{"type":"Point","coordinates":[136.0681317,35.656313]},"properties":{"z":1.4}},{"type":"Feature","geometry":{"type":"Point","coordinates":[136.0680785,35.6563007]},"properties":{"z":1.4}},{"type":"Feature","geometry":{"type":"Point","coordinates":[136.0680255,35.6562878]},"properties":{"z":1.3}},{"type":"Feature","geometry":{"type":"Point","coordinates":[136.0679717,35.6562776]},"properties":{"z":1.3}},{"type":"Feature","geometry":{"type":"Point","coordinates":[136.0679178,35.6562674]},"properties":{"z":1.3}},{"type":"Feature","geometry":{"type":"Point","coordinates":[136.0678642,35.6562563]},"properties":{"z":1.3}},{"type":"Feature","geometry":{"type":"Point","coordinates":[136.0678106,35.6562451]},"properties":{"z":1.3}},{"type":"Feature","geometry":{"type":"Point","coordinates":[136.0677559,35.656242]},"properties":{"z":1.3}},{"type":"Feature","geometry":{"type":"Point","coordinates":[136.0677006,35.6562436]},"properties":{"z":1.2}},{"type":"Feature","geometry":{"type":"Point","coordinates":[136.0676455,35.6562476]},"properties":{"z":1.2}},{"type":"Feature","geometry":{"type":"Point","coordinates":[136.0675904,35.6562464]},"properties":{"z":1.2}},{"type":"Feature","geometry":{"type":"Point","coordinates":[136.0675354,35.6562434]},"properties":{"z":1.2}},{"type":"Feature","geometry":{"type":"Point","coordinates":[136.0674803,35.6562475]},"properties":{"z":1.2}},{"type":"Feature","geometry":{"type":"Point","coordinates":[136.0674253,35.6562437]},"properties":{"z":1.1}},{"type":"Feature","geometry":{"type":"Point","coordinates":[136.0673708,35.6562364]},"properties":{"z":1.1}},{"type":"Feature","geometry":{"type":"Point","coordinates":[136.0673166,35.6562272]},"properties":{"z":1.1}},{"type":"Feature","geometry":{"type":"Point","coordinates":[136.0672622,35.6562192]},"properties":{"z":1.1}},{"type":"Feature","geometry":{"type":"Point","coordinates":[136.0672097,35.6562054]},"properties":{"z":1.0}},{"type":"Feature","geometry":{"type":"Point","coordinates":[136.067158,35.6561893]},"properties":{"z":1.0}},{"type":"Feature","geometry":{"type":"Point","coordinates":[136.0671066,35.6561729]},"properties":{"z":1.0}},{"type":"Feature","geometry":{"type":"Point","coordinates":[136.0670539,35.6561592]},"properties":{"z":1.0}},{"type":"Feature","geometry":{"type":"Point","coordinates":[136.0670006,35.6561472]},"properties":{"z":1.0}},{"type":"Feature","geometry":{"type":"Point","coordinates":[136.0669474,35.6561349]},"properties":{"z":0.9}},{"type":"Feature","geometry":{"type":"Point","coordinates":[136.0668931,35.6561328]},"properties":{"z":0.9}},{"type":"Feature","geometry":{"type":"Point","coordinates":[136.0668454,35.656148]},"properties":{"z":0.9}},{"type":"Feature","geometry":{"type":"Point","coordinates":[136.0668167,35.6561855]},"properties":{"z":0.9}},{"type":"Feature","geometry":{"type":"Point","coordinates":[136.0668066,35.6562297]},"properties":{"z":0.9}},{"type":"Feature","geometry":{"type":"Point","coordinates":[136.0667925,35.6562732]},"properties":{"z":0.9}},{"type":"Feature","geometry":{"type":"Point","coordinates":[136.0667762,35.6563161]},"properties":{"z":0.8}},{"type":"Feature","geometry":{"type":"Point","coordinates":[136.0667571,35.6563583]},"properties":{"z":0.8}},{"type":"Feature","geometry":{"type":"Point","coordinates":[136.0667407,35.6564011]},"properties":{"z":0.8}},{"type":"Feature","geometry":{"type":"Point","coordinates":[136.0667291,35.656445]},"properties":{"z":0.8}},{"type":"Feature","geometry":{"type":"Point","coordinates":[136.0667156,35.6564886]},"properties":{"z":0.8}},{"type":"Feature","geometry":{"type":"Point","coordinates":[136.0667248,35.6565326]},"properties":{"z":0.8}},{"type":"Feature","geometry":{"type":"Point","coordinates":[136.0667595,35.6565618]},"properties":{"z":0.8}},{"type":"Feature","geometry":{"type":"Point","coordinates":[136.0668123,35.6565708]},"properties":{"z":0.8}},{"type":"Feature","geometry":{"type":"Point","coordinates":[136.0668655,35.6565814]},"properties":{"z":0.8}},{"type":"Feature","geometry":{"type":"Point","coordinates":[136.0669202,35.656581]},"properties":{"z":0.9}},{"type":"Feature","geometry":{"type":"Point","coordinates":[136.0669741,35.6565904]},"properties":{"z":0.9}},{"type":"Feature","geometry":{"type":"Point","coordinates":[136.0670289,35.6565881]},"properties":{"z":0.9}},{"type":"Feature","geometry":{"type":"Point","coordinates":[136.067059,35.656613]},"properties":{"z":0.9}},{"type":"Feature","geometry":{"type":"Point","coordinates":[136.067037,35.6566535]},"properties":{"z":0.9}},{"type":"Feature","geometry":{"type":"Point","coordinates":[136.0670042,35.6566896]},"properties":{"z":0.9}},{"type":"Feature","geometry":{"type":"Point","coordinates":[136.0669702,35.6567249]},"properties":{"z":0.9}},{"type":"Feature","geometry":{"type":"Point","coordinates":[136.0669445,35.6567643]},"properties":{"z":0.8}},{"type":"Feature","geometry":{"type":"Point","coordinates":[136.0669293,35.6568075]},"properties":{"z":0.8}},{"type":"Feature","geometry":{"type":"Point","coordinates":[136.0669185,35.6568515]},"properties":{"z":0.8}},{"type":"Feature","geometry":{"type":"Point","coordinates":[136.0669104,35.656896]},"properties":{"z":0.8}},{"type":"Feature","geometry":{"type":"Point","coordinates":[136.066896,35.6569394]},"properties":{"z":0.8}},{"type":"Feature","geometry":{"type":"Point","coordinates":[136.066884,35.6569833]},"properties":{"z":0.8}},{"type":"Feature","geometry":{"type":"Point","coordinates":[136.0668768,35.6570278]},"properties":{"z":0.8}},{"type":"Feature","geometry":{"type":"Point","coordinates":[136.0668623,35.6570701]},"properties":{"z":0.7}},{"type":"Feature","geometry":{"type":"Point","coordinates":[136.066849,35.6571131]},"properties":{"z":0.7}},{"type":"Feature","geometry":{"type":"Point","coordinates":[136.0668342,35.657156]},"properties":{"z":0.7}},{"type":"Feature","geometry":{"type":"Point","coordinates":[136.0668091,35.6571958]},"properties":{"z":0.7}},{"type":"Feature","geometry":{"type":"Point","coordinates":[136.0667818,35.6572338]},"properties":{"z":0.7}},{"type":"Feature","geometry":{"type":"Point","coordinates":[136.0667653,35.6572767]},"properties":{"z":0.7}},{"type":"Feature","geometry":{"type":"Point","coordinates":[136.0667471,35.6573191]},"properties":{"z":0.7}},{"type":"Feature","geometry":{"type":"Point","coordinates":[136.0667333,35.6573626]},"properties":{"z":0.7}},{"type":"Feature","geometry":{"type":"Point","coordinates":[136.0667251,35.657407]},"properties":{"z":0.6}},{"type":"Feature","geometry":{"type":"Point","coordinates":[136.0667233,35.6574519]},"properties":{"z":0.6}},{"type":"Feature","geometry":{"type":"Point","coordinates":[136.0667162,35.6574964]},"properties":{"z":0.6}},{"type":"Feature","geometry":{"type":"Point","coordinates":[136.0667057,35.6575406]},"properties":{"z":0.6}},{"type":"Feature","geometry":{"type":"Point","coordinates":[136.0667157,35.6575773]},"properties":{"z":0.6}},{"type":"Feature","geometry":{"type":"Point","coordinates":[136.0667696,35.657571]},"properties":{"z":0.6}},{"type":"Feature","geometry":{"type":"Point","coordinates":[136.0668244,35.657576]},"properties":{"z":0.6}},{"type":"Feature","geometry":{"type":"Point","coordinates":[136.0668795,35.6575768]},"properties":{"z":0.7}},{"type":"Feature","geometry":{"type":"Point","coordinates":[136.0669337,35.657586]},"properties":{"z":0.7}},{"type":"Feature","geometry":{"type":"Point","coordinates":[136.0669868,35.6575985]},"properties":{"z":0.7}},{"type":"Feature","geometry":{"type":"Point","coordinates":[136.0670385,35.6576144]},"properties":{"z":0.7}},{"type":"Feature","geometry":{"type":"Point","coordinates":[136.0670905,35.6576295]},"properties":{"z":0.7}},{"type":"Feature","geometry":{"type":"Point","coordinates":[136.0671444,35.6576394]},"properties":{"z":0.8}},{"type":"Feature","geometry":{"type":"Point","coordinates":[136.0671997,35.6576388]},"properties":{"z":0.8}},{"type":"Feature","geometry":{"type":"Point","coordinates":[136.0672548,35.6576421]},"properties":{"z":0.8}},{"type":"Feature","geometry":{"type":"Point","coordinates":[136.0673086,35.6576523]},"properties":{"z":0.8}},{"type":"Feature","geometry":{"type":"Point","coordinates":[136.0673624,35.6576623]},"properties":{"z":0.8}},{"type":"Feature","geometry":{"type":"Point","coordinates":[136.0674175,35.6576589]},"properties":{"z":0.8}},{"type":"Feature","geometry":{"type":"Point","coordinates":[136.0674706,35.657665]},"properties":{"z":0.8}},{"type":"Feature","geometry":{"type":"Point","coordinates":[136.0674853,35.657694]},"properties":{"z":0.9}},{"type":"Feature","geometry":{"type":"Point","coordinates":[136.0674393,35.6577029]},"properties":{"z":0.8}},{"type":"Feature","geometry":{"type":"Point","coordinates":[136.0673918,35.6576811]},"properties":{"z":0.8}},{"type":"Feature","geometry":{"type":"Point","coordinates":[136.067344,35.657675]},"properties":{"z":0.8}},{"type":"Feature","geometry":{"type":"Point","coordinates":[136.0673246,35.6577149]},"properties":{"z":0.8}},{"type":"Feature","geometry":{"type":"Point","coordinates":[136.0673172,35.6577594]},"properties":{"z":0.8}},{"type":"Feature","geometry":{"type":"Point","coordinates":[136.0673126,35.6578041]},"properties":{"z":0.8}},{"type":"Feature","geometry":{"type":"Point","coordinates":[136.0673005,35.657848]},"properties":{"z":0.8}},{"type":"Feature","geometry":{"type":"Point","coordinates":[136.0672921,35.6578924]},"properties":{"z":0.7}},{"type":"Feature","geometry":{"type":"Point","coordinates":[136.0672844,35.6579369]},"properties":{"z":0.7}},{"type":"Feature","geometry":{"type":"Point","coordinates":[136.067274,35.6579811]},"properties":{"z":0.7}},{"type":"Feature","geometry":{"type":"Point","coordinates":[136.0672622,35.658025]},"properties":{"z":0.7}},{"type":"Feature","geometry":{"type":"Point","coordinates":[136.0672505,35.6580689]},"properties":{"z":0.7}},{"type":"Feature","geometry":{"type":"Point","coordinates":[136.0672401,35.6581131]},"properties":{"z":0.7}},{"type":"Feature","geometry":{"type":"Point","coordinates":[136.0672329,35.6581576]},"properties":{"z":0.7}},{"type":"Feature","geometry":{"type":"Point","coordinates":[136.0672269,35.6582023]},"properties":{"z":0.7}},{"type":"Feature","geometry":{"type":"Point","coordinates":[136.0672192,35.6582468]},"properties":{"z":0.7}},{"type":"Feature","geometry":{"type":"Point","coordinates":[136.0672078,35.6582907]},"properties":{"z":0.6}},{"type":"Feature","geometry":{"type":"Point","coordinates":[136.06719,35.6583329]},"properties":{"z":0.6}},{"type":"Feature","geometry":{"type":"Point","coordinates":[136.0671568,35.6583685]},"properties":{"z":0.6}},{"type":"Feature","geometry":{"type":"Point","coordinates":[136.0671131,35.6583954]},"properties":{"z":0.6}},{"type":"Feature","geometry":{"type":"Point","coordinates":[136.0670828,35.6583922]},"properties":{"z":0.6}},{"type":"Feature","geometry":{"type":"Point","coordinates":[136.0670976,35.6583494]},"properties":{"z":0.6}},{"type":"Feature","geometry":{"type":"Point","coordinates":[136.0671198,35.6583097]},"properties":{"z":0.6}},{"type":"Feature","geometry":{"type":"Point","coordinates":[136.067144,35.6582695]},"properties":{"z":0.6}},{"type":"Feature","geometry":{"type":"Point","coordinates":[136.0671662,35.6582283]},"properties":{"z":0.6}},{"type":"Feature","geometry":{"type":"Point","coordinates":[136.067152,35.6581903]},"properties":{"z":0.6}},{"type":"Feature","geometry":{"type":"Point","coordinates":[136.0671886,35.6582124]},"properties":{"z":0.6}},{"type":"Feature","geometry":{"type":"Point","coordinates":[136.0672054,35.6582141]},"properties":{"z":0.6}},{"type":"Feature","geometry":{"type":"Point","coordinates":[136.0671972,35.6581786]},"properties":{"z":0.6}},{"type":"Feature","geometry":{"type":"Point","coordinates":[136.0672084,35.6582227]},"properties":{"z":0.6}},{"type":"Feature","geometry":{"type":"Point","coordinates":[136.0672019,35.6582671]},"properties":{"z":0.6}},{"type":"Feature","geometry":{"type":"Point","coordinates":[136.0671997,35.6583119]},"properties":{"z":0.6}},{"type":"Feature","geometry":{"type":"Point","coordinates":[136.0672265,35.6583357]},"properties":{"z":0.7}},{"type":"Feature","geometry":{"type":"Point","coordinates":[136.0672027,35.658334]},"properties":{"z":0.6}},{"type":"Feature","geometry":{"type":"Point","coordinates":[136.0672035,35.6583788]},"properties":{"z":0.6}},{"type":"Feature","geometry":{"type":"Point","coordinates":[136.0671927,35.6584228]},"properties":{"z":0.6}},{"type":"Feature","geometry":{"type":"Point","coordinates":[136.0671862,35.6584673]},"properties":{"z":0.6}},{"type":"Feature","geometry":{"type":"Point","coordinates":[136.0671916,35.658512]},"properties":{"z":0.6}},{"type":"Feature","geometry":{"type":"Point","coordinates":[136.0672232,35.6585489]},"properties":{"z":0.6}},{"type":"Feature","geometry":{"type":"Point","coordinates":[136.067274,35.6585629]},"properties":{"z":0.5}},{"type":"Feature","geometry":{"type":"Point","coordinates":[136.0673276,35.6585739]},"properties":{"z":0.6}},{"type":"Feature","geometry":{"type":"Point","coordinates":[136.0673809,35.6585862]},"properties":{"z":0.6}},{"type":"Feature","geometry":{"type":"Point","coordinates":[136.0674337,35.6585994]},"properties":{"z":0.6}},{"type":"Feature","geometry":{"type":"Point","coordinates":[136.0674867,35.6586123]},"properties":{"z":0.6}},{"type":"Feature","geometry":{"type":"Point","coordinates":[136.0675405,35.6586227]},"properties":{"z":0.6}},{"type":"Feature","geometry":{"type":"Point","coordinates":[136.0675933,35.6586363]},"properties":{"z":0.6}},{"type":"Feature","geometry":{"type":"Point","coordinates":[136.0676457,35.6586507]},"properties":{"z":0.6}},{"type":"Feature","geometry":{"type":"Point","coordinates":[136.0676973,35.6586666]},"properties":{"z":0.6}},{"type":"Feature","geometry":{"type":"Point","coordinates":[136.0677461,35.6586878]},"properties":{"z":0.6}},{"type":"Feature","geometry":{"type":"Point","coordinates":[136.0677836,35.6587201]},"properties":{"z":0.6}},{"type":"Feature","geometry":{"type":"Point","coordinates":[136.0678199,35.658754]},"properties":{"z":0.6}},{"type":"Feature","geometry":{"type":"Point","coordinates":[136.0678587,35.658786]},"properties":{"z":0.5}},{"type":"Feature","geometry":{"type":"Point","coordinates":[136.067904,35.6588117]},"properties":{"z":0.5}},{"type":"Feature","geometry":{"type":"Point","coordinates":[136.0679511,35.6588353]},"properties":{"z":0.5}},{"type":"Feature","geometry":{"type":"Point","coordinates":[136.0679994,35.6588571]},"properties":{"z":0.5}},{"type":"Feature","geometry":{"type":"Point","coordinates":[136.0680492,35.6588767]},"properties":{"z":0.5}},{"type":"Feature","geometry":{"type":"Point","coordinates":[136.0681003,35.6588939]},"properties":{"z":0.5}},{"type":"Feature","geometry":{"type":"Point","coordinates":[136.0681519,35.6589102]},"properties":{"z":0.5}},{"type":"Feature","geometry":{"type":"Point","coordinates":[136.0682029,35.6589274]},"properties":{"z":0.5}},{"type":"Feature","geometry":{"type":"Point","coordinates":[136.0682549,35.6589428]},"properties":{"z":0.5}},{"type":"Feature","geometry":{"type":"Point","coordinates":[136.0683075,35.6589566]},"properties":{"z":0.5}},{"type":"Feature","geometry":{"type":"Point","coordinates":[136.0683612,35.6589675]},"properties":{"z":0.5}},{"type":"Feature","geometry":{"type":"Point","coordinates":[136.0684147,35.658979]},"properties":{"z":0.5}},{"type":"Feature","geometry":{"type":"Point","coordinates":[136.0684679,35.6589913]},"properties":{"z":0.5}},{"type":"Feature","geometry":{"type":"Point","coordinates":[136.0685204,35.6590056]},"properties":{"z":0.5}},{"type":"Feature","geometry":{"type":"Point","coordinates":[136.0685729,35.6590196]},"properties":{"z":0.5}},{"type":"Feature","geometry":{"type":"Point","coordinates":[136.0686256,35.6590334]},"properties":{"z":0.5}},{"type":"Feature","geometry":{"type":"Point","coordinates":[136.0686799,35.659042]},"properties":{"z":0.5}},{"type":"Feature","geometry":{"type":"Point","coordinates":[136.068734,35.6590512]},"properties":{"z":0.5}},{"type":"Feature","geometry":{"type":"Point","coordinates":[136.068788,35.6590612]},"properties":{"z":0.5}},{"type":"Feature","geometry":{"type":"Point","coordinates":[136.068834,35.6590851]},"properties":{"z":0.5}},{"type":"Feature","geometry":{"type":"Point","coordinates":[136.0688793,35.6591108]},"properties":{"z":0.4}},{"type":"Feature","geometry":{"type":"Point","coordinates":[136.0689272,35.6591333]},"properties":{"z":0.4}},{"type":"Feature","geometry":{"type":"Point","coordinates":[136.0689772,35.6591523]},"properties":{"z":0.4}},{"type":"Feature","geometry":{"type":"Point","coordinates":[136.0690285,35.659169]},"properties":{"z":0.5}},{"type":"Feature","geometry":{"type":"Point","coordinates":[136.0690817,35.6591813]},"properties":{"z":0.5}},{"type":"Feature","geometry":{"type":"Point","coordinates":[136.0691354,35.6591921]},"properties":{"z":0.5}},{"type":"Feature","geometry":{"type":"Point","coordinates":[136.0691894,35.659202]},"properties":{"z":0.5}},{"type":"Feature","geometry":{"type":"Point","coordinates":[136.0692442,35.6592077]},"properties":{"z":0.5}},{"type":"Feature","geometry":{"type":"Point","coordinates":[136.069299,35.659214]},"properties":{"z":0.6}},{"type":"Feature","geometry":{"type":"Point","coordinates":[136.0693536,35.6592212]},"properties":{"z":0.6}},{"type":"Feature","geometry":{"type":"Point","coordinates":[136.0694069,35.6592331]},"properties":{"z":0.7}},{"type":"Feature","geometry":{"type":"Point","coordinates":[136.0694597,35.6592464]},"properties":{"z":0.8}},{"type":"Feature","geometry":{"type":"Point","coordinates":[136.0695124,35.6592602]},"properties":{"z":0.9}},{"type":"Feature","geometry":{"type":"Point","coordinates":[136.0695659,35.6592715]},"properties":{"z":1.0}},{"type":"Feature","geometry":{"type":"Point","coordinates":[136.0696201,35.6592806]},"properties":{"z":1.0}},{"type":"Feature","geometry":{"type":"Point","coordinates":[136.0696749,35.6592865]},"properties":{"z":1.1}},{"type":"Feature","geometry":{"type":"Point","coordinates":[136.0697296,35.659293]},"properties":{"z":1.2}},{"type":"Feature","geometry":{"type":"Point","coordinates":[136.0697834,35.6593032]},"properties":{"z":1.2}},{"type":"Feature","geometry":{"type":"Point","coordinates":[136.0698368,35.6593149]},"properties":{"z":1.3}},{"type":"Feature","geometry":{"type":"Point","coordinates":[136.0698899,35.6593277]},"properties":{"z":1.4}},{"type":"Feature","geometry":{"type":"Point","coordinates":[136.0699422,35.6593423]},"properties":{"z":1.4}},{"type":"Feature","geometry":{"type":"Point","coordinates":[136.069995,35.6593556]},"properties":{"z":1.5}},{"type":"Feature","geometry":{"type":"Point","coordinates":[136.0700483,35.6593678]},"properties":{"z":1.5}},{"type":"Feature","geometry":{"type":"Point","coordinates":[136.0701021,35.6593784]},"properties":{"z":1.6}},{"type":"Feature","geometry":{"type":"Point","coordinates":[136.0701556,35.6593896]},"properties":{"z":1.7}},{"type":"Feature","geometry":{"type":"Point","coordinates":[136.0702082,35.6594036]},"properties":{"z":1.7}},{"type":"Feature","geometry":{"type":"Point","coordinates":[136.0702613,35.6594162]},"properties":{"z":1.8}},{"type":"Feature","geometry":{"type":"Point","coordinates":[136.0703144,35.6594286]},"properties":{"z":1.9}},{"type":"Feature","geometry":{"type":"Point","coordinates":[136.0703666,35.6594436]},"properties":{"z":1.9}},{"type":"Feature","geometry":{"type":"Point","coordinates":[136.0704189,35.6594581]},"properties":{"z":2.1}},{"type":"Feature","geometry":{"type":"Point","coordinates":[136.0704713,35.6594726]},"properties":{"z":2.1}},{"type":"Feature","geometry":{"type":"Point","coordinates":[136.0705219,35.6594907]},"properties":{"z":2.2}},{"type":"Feature","geometry":{"type":"Point","coordinates":[136.0705731,35.6595078]},"properties":{"z":2.3}},{"type":"Feature","geometry":{"type":"Point","coordinates":[136.0706247,35.659524]},"properties":{"z":2.3}},{"type":"Feature","geometry":{"type":"Point","coordinates":[136.0706796,35.659529]},"properties":{"z":2.4}},{"type":"Feature","geometry":{"type":"Point","coordinates":[136.0707338,35.6595376]},"properties":{"z":2.4}},{"type":"Feature","geometry":{"type":"Point","coordinates":[136.0707869,35.6595499]},"properties":{"z":2.5}},{"type":"Feature","geometry":{"type":"Point","coordinates":[136.0708369,35.6595692]},"properties":{"z":2.6}},{"type":"Feature","geometry":{"type":"Point","coordinates":[136.0708852,35.659591]},"properties":{"z":2.6}},{"type":"Feature","geometry":{"type":"Point","coordinates":[136.0709328,35.6596139]},"properties":{"z":2.5}},{"type":"Feature","geometry":{"type":"Point","coordinates":[136.0709809,35.6596361]},"properties":{"z":2.5}},{"type":"Feature","geometry":{"type":"Point","coordinates":[136.0710309,35.6596551]},"properties":{"z":2.5}},{"type":"Feature","geometry":{"type":"Point","coordinates":[136.0710824,35.6596715]},"properties":{"z":2.4}},{"type":"Feature","geometry":{"type":"Point","coordinates":[136.0711335,35.6596888]},"properties":{"z":2.4}},{"type":"Feature","geometry":{"type":"Point","coordinates":[136.0711853,35.6597045]},"properties":{"z":2.4}},{"type":"Feature","geometry":{"type":"Point","coordinates":[136.071238,35.6597182]},"properties":{"z":2.4}},{"type":"Feature","geometry":{"type":"Point","coordinates":[136.0712914,35.6597297]},"properties":{"z":2.4}},{"type":"Feature","geometry":{"type":"Point","coordinates":[136.0713442,35.6597429]},"properties":{"z":2.2}},{"type":"Feature","geometry":{"type":"Point","coordinates":[136.0713955,35.6597597]},"properties":{"z":2.2}},{"type":"Feature","geometry":{"type":"Point","coordinates":[136.0714434,35.6597821]},"properties":{"z":2.2}},{"type":"Feature","geometry":{"type":"Point","coordinates":[136.0714935,35.659801]},"properties":{"z":2.2}},{"type":"Feature","geometry":{"type":"Point","coordinates":[136.0715447,35.6598181]},"properties":{"z":2.0}},{"type":"Feature","geometry":{"type":"Point","coordinates":[136.0715965,35.6598339]},"properties":{"z":2.0}},{"type":"Feature","geometry":{"type":"Point","coordinates":[136.0716467,35.6598528]},"properties":{"z":2.0}},{"type":"Feature","geometry":{"type":"Point","coordinates":[136.0716958,35.6598736]},"properties":{"z":2.0}},{"type":"Feature","geometry":{"type":"Point","coordinates":[136.071742,35.659898]},"properties":{"z":1.8}},{"type":"Feature","geometry":{"type":"Point","coordinates":[136.0717861,35.6599252]},"properties":{"z":1.8}},{"type":"Feature","geometry":{"type":"Point","coordinates":[136.0718302,35.6599523]},"properties":{"z":1.6}},{"type":"Feature","geometry":{"type":"Point","coordinates":[136.0718772,35.6599759]},"properties":{"z":1.6}},{"type":"Feature","geometry":{"type":"Point","coordinates":[136.0719245,35.6599991]},"properties":{"z":1.6}},{"type":"Feature","geometry":{"type":"Point","coordinates":[136.0719696,35.6600251]},"properties":{"z":1.4}},{"type":"Feature","geometry":{"type":"Point","coordinates":[136.0720163,35.6600492]},"properties":{"z":1.4}},{"type":"Feature","geometry":{"type":"Point","coordinates":[136.0720635,35.6600727]},"properties":{"z":1.4}},{"type":"Feature","geometry":{"type":"Point","coordinates":[136.0721081,35.6600993]},"properties":{"z":1.2}},{"type":"Feature","geometry":{"type":"Point","coordinates":[136.072151,35.6601276]},"properties":{"z":1.2}},{"type":"Feature","geometry":{"type":"Point","coordinates":[136.0721827,35.6601571]},"properties":{"z":1.0}},{"type":"Feature","geometry":{"type":"Point","coordinates":[136.0721402,35.6601583]},"properties":{"z":1.0}},{"type":"Feature","geometry":{"type":"Point","coordinates":[136.0720993,35.6601282]},"properties":{"z":1.2}},{"type":"Feature","geometry":{"type":"Point","coordinates":[136.0720635,35.660094]},"properties":{"z":1.2}},{"type":"Feature","geometry":{"type":"Point","coordinates":[136.0720297,35.6600585]},"properties":{"z":1.4}},{"type":"Feature","geometry":{"type":"Point","coordinates":[136.0719892,35.6600282]},"properties":{"z":1.4}},{"type":"Feature","geometry":{"type":"Point","coordinates":[136.0719391,35.6600194]},"properties":{"z":1.4}},{"type":"Feature","geometry":{"type":"Point","coordinates":[136.0719073,35.6600554]},"properties":{"z":1.4}},{"type":"Feature","geometry":{"type":"Point","coordinates":[136.0718995,35.6600978]},"properties":{"z":1.2}},{"type":"Feature","geometry":{"type":"Point","coordinates":[136.0718612,35.6601293]},"properties":{"z":1.2}},{"type":"Feature","geometry":{"type":"Point","coordinates":[136.0718564,35.6601588]},"properties":{"z":1.1}},{"type":"Feature","geometry":{"type":"Point","coordinates":[136.0719081,35.6601703]},"properties":{"z":1.1}},{"type":"Feature","geometry":{"type":"Point","coordinates":[136.0718783,35.6601811]},"properties":{"z":1.1}},{"type":"Feature","geometry":{"type":"Point","coordinates":[136.071844,35.6601504]},"properties":{"z":1.2}},{"type":"Feature","geometry":{"type":"Point","coordinates":[136.0718561,35.660107]},"properties":{"z":1.2}},{"type":"Feature","geometry":{"type":"Point","coordinates":[136.0718588,35.6600621]},"properties":{"z":1.4}},{"type":"Feature","geometry":{"type":"Point","coordinates":[136.071891,35.6600288]},"properties":{"z":1.4}},{"type":"Feature","geometry":{"type":"Point","coordinates":[136.071889,35.6599897]},"properties":{"z":1.6}},{"type":"Feature","geometry":{"type":"Point","coordinates":[136.0719203,35.6600123]},"properties":{"z":1.6}},{"type":"Feature","geometry":{"type":"Point","coordinates":[136.0719664,35.6600364]},"properties":{"z":1.4}},{"type":"Feature","geometry":{"type":"Point","coordinates":[136.0720147,35.6600581]},"properties":{"z":1.4}},{"type":"Feature","geometry":{"type":"Point","coordinates":[136.0720607,35.6600831]},"properties":{"z":1.4}},{"type":"Feature","geometry":{"type":"Point","coordinates":[136.0721058,35.6601091]},"properties":{"z":1.2}},{"type":"Feature","geometry":{"type":"Point","coordinates":[136.072152,35.6601339]},"properties":{"z":1.2}},{"type":"Feature","geometry":{"type":"Point","coordinates":[136.0721949,35.6601623]},"properties":{"z":1.0}},{"type":"Feature","geometry":{"type":"Point","coordinates":[136.0722379,35.6601905]},"properties":{"z":1.0}},{"type":"Feature","geometry":{"type":"Point","coordinates":[136.0722809,35.6602188]},"properties":{"z":1.0}},{"type":"Feature","geometry":{"type":"Point","coordinates":[136.0723248,35.6602462]},"properties":{"z":0.9}},{"type":"Feature","geometry":{"type":"Point","coordinates":[136.072366,35.6602761]},"properties":{"z":0.9}},{"type":"Feature","geometry":{"type":"Point","coordinates":[136.0724091,35.6603042]},"properties":{"z":0.7}},{"type":"Feature","geometry":{"type":"Point","coordinates":[136.0724565,35.6603274]},"properties":{"z":0.7}},{"type":"Feature","geometry":{"type":"Point","coordinates":[136.0725014,35.6603536]},"properties":{"z":0.7}},{"type":"Feature","geometry":{"type":"Point","coordinates":[136.0725494,35.6603759]},"properties":{"z":0.5}},{"type":"Feature","geometry":{"type":"Point","coordinates":[136.0725952,35.660401]},"properties":{"z":0.5}},{"type":"Feature","geometry":{"type":"Point","coordinates":[136.0726375,35.6604299]},"properties":{"z":0.5}},{"type":"Feature","geometry":{"type":"Point","coordinates":[136.0726773,35.6604611]},"properties":{"z":0.3}},{"type":"Feature","geometry":{"type":"Point","coordinates":[136.072719,35.6604906]},"properties":{"z":0.4}},{"type":"Feature","geometry":{"type":"Point","coordinates":[136.0727604,35.6605204]},"properties":{"z":0.3}},{"type":"Feature","geometry":{"type":"Point","coordinates":[136.0728005,35.6605512]},"properties":{"z":0.4}},{"type":"Feature","geometry":{"type":"Point","coordinates":[136.0728354,35.6605861]},"properties":{"z":0.3}},{"type":"Feature","geometry":{"type":"Point","coordinates":[136.0728454,35.6606299]},"properties":{"z":0.3}},{"type":"Feature","geometry":{"type":"Point","coordinates":[136.0728556,35.6606741]},"properties":{"z":0.2}},{"type":"Feature","geometry":{"type":"Point","coordinates":[136.0728494,35.6607174]},"properties":{"z":0.2}},{"type":"Feature","geometry":{"type":"Point","coordinates":[136.0728161,35.6607201]},"properties":{"z":0.2}},{"type":"Feature","geometry":{"type":"Point","coordinates":[136.0728306,35.6607469]},"properties":{"z":0.2}},{"type":"Feature","geometry":{"type":"Point","coordinates":[136.0728736,35.6607662]},"properties":{"z":0.2}},{"type":"Feature","geometry":{"type":"Point","coordinates":[136.0728918,35.6607286]},"properties":{"z":0.3}},{"type":"Feature","geometry":{"type":"Point","coordinates":[136.0728731,35.6606867]},"properties":{"z":0.2}},{"type":"Feature","geometry":{"type":"Point","coordinates":[136.0728386,35.6606522]},"properties":{"z":0.2}},{"type":"Feature","geometry":{"type":"Point","coordinates":[136.0727967,35.6606229]},"properties":{"z":0.2}},{"type":"Feature","geometry":{"type":"Point","coordinates":[136.0727577,35.6605912]},"properties":{"z":0.2}},{"type":"Feature","geometry":{"type":"Point","coordinates":[136.0727067,35.6605758]},"properties":{"z":0.2}},{"type":"Feature","geometry":{"type":"Point","coordinates":[136.0726528,35.6605822]},"properties":{"z":0.2}},{"type":"Feature","geometry":{"type":"Point","coordinates":[136.0726042,35.6606025]},"properties":{"z":0.1}},{"type":"Feature","geometry":{"type":"Point","coordinates":[136.0725586,35.660586]},"properties":{"z":0.1}},{"type":"Feature","geometry":{"type":"Point","coordinates":[136.0725646,35.6605462]},"properties":{"z":0.2}},{"type":"Feature","geometry":{"type":"Point","coordinates":[136.0726153,35.6605341]},"properties":{"z":0.2}},{"type":"Feature","geometry":{"type":"Point","coordinates":[136.0726688,35.6605435]},"properties":{"z":0.2}},{"type":"Feature","geometry":{"type":"Point","coordinates":[136.0727157,35.6605672]},"properties":{"z":0.3}},{"type":"Feature","geometry":{"type":"Point","coordinates":[136.0727602,35.6605938]},"properties":{"z":0.2}},{"type":"Feature","geometry":{"type":"Point","coordinates":[136.0728029,35.6606223]},"properties":{"z":0.3}},{"type":"Feature","geometry":{"type":"Point","coordinates":[136.0728423,35.6606539]},"properties":{"z":0.2}},{"type":"Feature","geometry":{"type":"Point","coordinates":[136.0728634,35.6606937]},"properties":{"z":0.2}},{"type":"Feature","geometry":{"type":"Point","coordinates":[136.0728729,35.6607379]},"properties":{"z":0.2}},{"type":"Feature","geometry":{"type":"Point","coordinates":[136.0728944,35.660779]},"properties":{"z":0.3}},{"type":"Feature","geometry":{"type":"Point","coordinates":[136.0729039,35.6608204]},"properties":{"z":0.2}},{"type":"Feature","geometry":{"type":"Point","coordinates":[136.0728947,35.6608639]},"properties":{"z":0.2}},{"type":"Feature","geometry":{"type":"Point","coordinates":[136.0728744,35.6609057]},"properties":{"z":0.1}},{"type":"Feature","geometry":{"type":"Point","coordinates":[136.0728623,35.6609491]},"properties":{"z":0.1}},{"type":"Feature","geometry":{"type":"Point","coordinates":[136.0728605,35.660994]},"properties":{"z":0.0}},{"type":"Feature","geometry":{"type":"Point","coordinates":[136.0728652,35.6610385]},"properties":{"z":0.0}},{"type":"Feature","geometry":{"type":"Point","coordinates":[136.0728811,35.6610816]},"properties":{"z":0.0}},{"type":"Feature","geometry":{"type":"Point","coordinates":[136.0729023,35.6611231]},"properties":{"z":0.1}},{"type":"Feature","geometry":{"type":"Point","coordinates":[136.0729271,35.6611633]},"properties":{"z":0.1}},{"type":"Feature","geometry":{"type":"Point","coordinates":[136.0729558,35.6612016]},"properties":{"z":0.1}},{"type":"Feature","geometry":{"type":"Point","coordinates":[136.0729854,35.6612396]},"properties":{"z":0.3}},{"type":"Feature","geometry":{"type":"Point","coordinates":[136.0730095,35.6612798]},"properties":{"z":0.4}},{"type":"Feature","geometry":{"type":"Point","coordinates":[136.073024,35.6613229]},"properties":{"z":0.4}},{"type":"Feature","geometry":{"type":"Point","coordinates":[136.0730304,35.6613676]},"properties":{"z":0.5}},{"type":"Feature","geometry":{"type":"Point","coordinates":[136.0730367,35.6614122]},"properties":{"z":0.7}},{"type":"Feature","geometry":{"type":"Point","coordinates":[136.073052,35.6614554]},"properties":{"z":0.7}},{"type":"Feature","geometry":{"type":"Point","coordinates":[136.0730701,35.6614979]},"properties":{"z":1.0}},{"type":"Feature","geometry":{"type":"Point","coordinates":[136.0730911,35.6615394]},"properties":{"z":1.0}},{"type":"Feature","geometry":{"type":"Point","coordinates":[136.0731155,35.6615797]},"properties":{"z":1.0}},{"type":"Feature","geometry":{"type":"Point","coordinates":[136.0731406,35.6616198]},"properties":{"z":1.0}},{"type":"Feature","geometry":{"type":"Point","coordinates":[136.0731644,35.6616604]},"properties":{"z":1.3}},{"type":"Feature","geometry":{"type":"Point","coordinates":[136.0731884,35.6617009]},"properties":{"z":1.4}},{"type":"Feature","geometry":{"type":"Point","coordinates":[136.0732124,35.6617414]},"properties":{"z":1.4}},{"type":"Feature","geometry":{"type":"Point","coordinates":[136.0732351,35.6617823]},"properties":{"z":1.6}},{"type":"Feature","geometry":{"type":"Point","coordinates":[136.0732551,35.6618242]},"properties":{"z":1.6}},{"type":"Feature","geometry":{"type":"Point","coordinates":[136.0732743,35.6618664]},"properties":{"z":1.7}},{"type":"Feature","geometry":{"type":"Point","coordinates":[136.0732977,35.6619071]},"properties":{"z":1.8}},{"type":"Feature","geometry":{"type":"Point","coordinates":[136.0733232,35.661947]},"properties":{"z":2.0}},{"type":"Feature","geometry":{"type":"Point","coordinates":[136.0733472,35.6619874]},"properties":{"z":2.1}},{"type":"Feature","geometry":{"type":"Point","coordinates":[136.0733676,35.6620292]},"properties":{"z":2.1}},{"type":"Feature","geometry":{"type":"Point","coordinates":[136.0733876,35.6620711]},"properties":{"z":2.1}},{"type":"Feature","geometry":{"type":"Point","coordinates":[136.07341,35.6621122]},"properties":{"z":2.3}},{"type":"Feature","geometry":{"type":"Point","coordinates":[136.0734317,35.6621535]},"properties":{"z":2.3}},{"type":"Feature","geometry":{"type":"Point","coordinates":[136.0734537,35.6621948]},"properties":{"z":2.4}},{"type":"Feature","geometry":{"type":"Point","coordinates":[136.0734784,35.662235]},"properties":{"z":2.4}},{"type":"Feature","geometry":{"type":"Point","coordinates":[136.0735157,35.6622681]},"properties":{"z":2.7}},{"type":"Feature","geometry":{"type":"Point","coordinates":[136.0735585,35.6622964]},"properties":{"z":2.7}},{"type":"Feature","geometry":{"type":"Point","coordinates":[136.0735939,35.6623295]},"properties":{"z":3.0}},{"type":"Feature","geometry":{"type":"Point","coordinates":[136.0736193,35.6623694]},"properties":{"z":3.0}},{"type":"Feature","geometry":{"type":"Point","coordinates":[136.0736411,35.6624107]},"properties":{"z":3.0}},{"type":"Feature","geometry":{"type":"Point","coordinates":[136.0736596,35.6624531]},"properties":{"z":3.3}},{"type":"Feature","geometry":{"type":"Point","coordinates":[136.0736803,35.6624948]},"properties":{"z":3.3}},{"type":"Feature","geometry":{"type":"Point","coordinates":[136.0737027,35.6625359]},"properties":{"z":3.3}},{"type":"Feature","geometry":{"type":"Point","coordinates":[136.0737267,35.6625764]},"properties":{"z":3.3}},{"type":"Feature","geometry":{"type":"Point","coordinates":[136.0737464,35.6626184]},"properties":{"z":3.6}},{"type":"Feature","geometry":{"type":"Point","coordinates":[136.073762,35.6626614]},"properties":{"z":3.6}},{"type":"Feature","geometry":{"type":"Point","coordinates":[136.073772,35.6627054]},"properties":{"z":3.7}},{"type":"Feature","geometry":{"type":"Point","coordinates":[136.0737732,35.6627504]},"properties":{"z":3.7}},{"type":"Feature","geometry":{"type":"Point","coordinates":[136.0737722,35.6627953]},"properties":{"z":3.7}},{"type":"Feature","geometry":{"type":"Point","coordinates":[136.0737746,35.6628402]},"properties":{"z":3.8}},{"type":"Feature","geometry":{"type":"Point","coordinates":[136.0737752,35.662885]},"properties":{"z":4.1}},{"type":"Feature","geometry":{"type":"Point","coordinates":[136.0737693,35.6629296]},"properties":{"z":4.1}},{"type":"Feature","geometry":{"type":"Point","coordinates":[136.0737565,35.6629733]},"properties":{"z":4.4}},{"type":"Feature","geometry":{"type":"Point","coordinates":[136.0737461,35.6630174]},"properties":{"z":4.7}},{"type":"Feature","geometry":{"type":"Point","coordinates":[136.0737156,35.6630514]},"properties":{"z":4.4}},{"type":"Feature","geometry":{"type":"Point","coordinates":[136.0736689,35.6630748]},"properties":{"z":4.4}},{"type":"Feature","geometry":{"type":"Point","coordinates":[136.0736167,35.6630897]},"properties":{"z":4.6}},{"type":"Feature","geometry":{"type":"Point","coordinates":[136.0735632,35.6631009]},"properties":{"z":4.7}},{"type":"Feature","geometry":{"type":"Point","coordinates":[136.0735103,35.6631141]},"properties":{"z":4.7}},{"type":"Feature","geometry":{"type":"Point","coordinates":[136.0734582,35.6631292]},"properties":{"z":4.8}},{"type":"Feature","geometry":{"type":"Point","coordinates":[136.0734066,35.6631453]},"properties":{"z":4.8}},{"type":"Feature","geometry":{"type":"Point","coordinates":[136.0733537,35.6631586]},"properties":{"z":5.4}},{"type":"Feature","geometry":{"type":"Point","coordinates":[136.0733008,35.6631716]},"properties":{"z":5.3}},{"type":"Feature","geometry":{"type":"Point","coordinates":[136.0732477,35.6631842]},"properties":{"z":5.3}},{"type":"Feature","geometry":{"type":"Point","coordinates":[136.0731949,35.6631975]},"properties":{"z":4.8}},{"type":"Feature","geometry":{"type":"Point","coordinates":[136.0731444,35.6632159]},"properties":{"z":4.8}},{"type":"Feature","geometry":{"type":"Point","coordinates":[136.0731003,35.6632426]},"properties":{"z":5.0}},{"type":"Feature","geometry":{"type":"Point","coordinates":[136.0730605,35.6632736]},"properties":{"z":5.0}},{"type":"Feature","geometry":{"type":"Point","coordinates":[136.073024,35.6633073]},"properties":{"z":5.0}},{"type":"Feature","geometry":{"type":"Point","coordinates":[136.0729804,35.6633349]},"properties":{"z":5.0}},{"type":"Feature","geometry":{"type":"Point","coordinates":[136.0729328,35.6633578]},"properties":{"z":4.8}},{"type":"Feature","geometry":{"type":"Point","coordinates":[136.0728879,35.6633838]},"properties":{"z":5.2}},{"type":"Feature","geometry":{"type":"Point","coordinates":[136.0728543,35.6634186]},"properties":{"z":5.0}},{"type":"Feature","geometry":{"type":"Point","coordinates":[136.072814,35.6634457]},"properties":{"z":5.4}},{"type":"Feature","geometry":{"type":"Point","coordinates":[136.0727643,35.6634593]},"properties":{"z":5.1}},{"type":"Feature","geometry":{"type":"Point","coordinates":[136.0727432,35.6634978]},"properties":{"z":5.1}},{"type":"Feature","geometry":{"type":"Point","coordinates":[136.072751,35.663542]},"properties":{"z":5.6}},{"type":"Feature","geometry":{"type":"Point","coordinates":[136.0727622,35.663586]},"properties":{"z":6.1}},{"type":"Feature","geometry":{"type":"Point","coordinates":[136.0727537,35.6635774]},"properties":{"z":6.1}},{"type":"Feature","geometry":{"type":"Point","coordinates":[136.0727241,35.6635409]},"properties":{"z":5.6}},{"type":"Feature","geometry":{"type":"Point","coordinates":[136.072674,35.6635327]},"properties":{"z":5.4}},{"type":"Feature","geometry":{"type":"Point","coordinates":[136.0726872,35.663507]},"properties":{"z":5.4}},{"type":"Feature","geometry":{"type":"Point","coordinates":[136.0727163,35.6634688]},"properties":{"z":5.1}},{"type":"Feature","geometry":{"type":"Point","coordinates":[136.0727455,35.6634305]},"properties":{"z":4.7}},{"type":"Feature","geometry":{"type":"Point","coordinates":[136.0727905,35.6634099]},"properties":{"z":4.7}},{"type":"Feature","geometry":{"type":"Point","coordinates":[136.0728436,35.6633974]},"properties":{"z":5.0}},{"type":"Feature","geometry":{"type":"Point","coordinates":[136.0728962,35.6633836]},"properties":{"z":5.2}},{"type":"Feature","geometry":{"type":"Point","coordinates":[136.0729496,35.6633717]},"properties":{"z":5.2}},{"type":"Feature","geometry":{"type":"Point","coordinates":[136.0730034,35.6633614]},"properties":{"z":5.0}},{"type":"Feature","geometry":{"type":"Point","coordinates":[136.0730564,35.6633485]},"properties":{"z":5.3}},{"type":"Feature","geometry":{"type":"Point","coordinates":[136.0731077,35.6633323]},"properties":{"z":5.3}},{"type":"Feature","geometry":{"type":"Point","coordinates":[136.0731615,35.6633221]},"properties":{"z":5.6}},{"type":"Feature","geometry":{"type":"Point","coordinates":[136.0732145,35.6633092]},"properties":{"z":5.6}},{"type":"Feature","geometry":{"type":"Point","coordinates":[136.0732678,35.6632971]},"properties":{"z":5.7}},{"type":"Feature","geometry":{"type":"Point","coordinates":[136.0733211,35.6632849]},"properties":{"z":5.8}},{"type":"Feature","geometry":{"type":"Point","coordinates":[136.0733721,35.6632678]},"properties":{"z":5.8}},{"type":"Feature","geometry":{"type":"Point","coordinates":[136.0734194,35.6632447]},"properties":{"z":5.9}},{"type":"Feature","geometry":{"type":"Point","coordinates":[136.0734694,35.6632265]},"properties":{"z":5.9}},{"type":"Feature","geometry":{"type":"Point","coordinates":[136.0735231,35.6632161]},"properties":{"z":5.2}},{"type":"Feature","geometry":{"type":"Point","coordinates":[136.0735772,35.6632073]},"properties":{"z":5.1}},{"type":"Feature","geometry":{"type":"Point","coordinates":[136.0736304,35.6631948]},"properties":{"z":5.1}},{"type":"Feature","geometry":{"type":"Point","coordinates":[136.0736834,35.6631819]},"properties":{"z":5.0}},{"type":"Feature","geometry":{"type":"Point","coordinates":[136.0737372,35.6631715]},"properties":{"z":5.0}},{"type":"Feature","geometry":{"type":"Point","coordinates":[136.0737909,35.6631609]},"properties":{"z":5.0}},{"type":"Feature","geometry":{"type":"Point","coordinates":[136.0738443,35.663149]},"properties":{"z":5.0}},{"type":"Feature","geometry":{"type":"Point","coordinates":[136.0738971,35.6631357]},"properties":{"z":5.0}},{"type":"Feature","geometry":{"type":"Point","coordinates":[136.07395,35.6631225]},"properties":{"z":5.2}},{"type":"Feature","geometry":{"type":"Point","coordinates":[136.0740033,35.6631104]},"properties":{"z":5.4}},{"type":"Feature","geometry":{"type":"Point","coordinates":[136.0740571,35.6631001]},"properties":{"z":5.4}},{"type":"Feature","geometry":{"type":"Point","coordinates":[136.0741096,35.6630859]},"properties":{"z":5.5}},{"type":"Feature","geometry":{"type":"Point","coordinates":[136.0741623,35.6630722]},"properties":{"z":5.2}},{"type":"Feature","geometry":{"type":"Point","coordinates":[136.0742154,35.6630597]},"properties":{"z":5.3}},{"type":"Feature","geometry":{"type":"Point","coordinates":[136.0742682,35.6630462]},"properties":{"z":5.4}},{"type":"Feature","geometry":{"type":"Point","coordinates":[136.0743211,35.6630331]},"properties":{"z":5.4}},{"type":"Feature","geometry":{"type":"Point","coordinates":[136.0743743,35.6630206]},"properties":{"z":5.6}},{"type":"Feature","geometry":{"type":"Point","coordinates":[136.0744274,35.6630081]},"properties":{"z":5.5}},{"type":"Feature","geometry":{"type":"Point","coordinates":[136.0744817,35.6629994]},"properties":{"z":5.8}},{"type":"Feature","geometry":{"type":"Point","coordinates":[136.0745353,35.6629887]},"properties":{"z":6.1}},{"type":"Feature","geometry":{"type":"Point","coordinates":[136.0745855,35.6629709]},"properties":{"z":6.1}},{"type":"Feature","geometry":{"type":"Point","coordinates":[136.0746259,35.6629414]},"properties":{"z":6.3}},{"type":"Feature","geometry":{"type":"Point","coordinates":[136.0746466,35.662901]},"properties":{"z":6.3}},{"type":"Feature","geometry":{"type":"Point","coordinates":[136.0746459,35.6628567]},"properties":{"z":6.2}},{"type":"Feature","geometry":{"type":"Point","coordinates":[136.0746315,35.6628133]},"properties":{"z":6.2}},{"type":"Feature","geometry":{"type":"Point","coordinates":[136.0746114,35.6627714]},"properties":{"z":6.2}},{"type":"Feature","geometry":{"type":"Point","coordinates":[136.0745901,35.6627299]},"properties":{"z":5.9}},{"type":"Feature","geometry":{"type":"Point","coordinates":[136.0745693,35.6626883]},"properties":{"z":5.9}},{"type":"Feature","geometry":{"type":"Point","coordinates":[136.0745491,35.6626464]},"properties":{"z":5.8}},{"type":"Feature","geometry":{"type":"Point","coordinates":[136.0745292,35.6626045]},"properties":{"z":5.8}},{"type":"Feature","geometry":{"type":"Point","coordinates":[136.0745088,35.6625627]},"properties":{"z":5.5}},{"type":"Feature","geometry":{"type":"Point","coordinates":[136.0744927,35.6625199]},"properties":{"z":5.3}},{"type":"Feature","geometry":{"type":"Point","coordinates":[136.074483,35.6624757]},"properties":{"z":5.3}},{"type":"Feature","geometry":{"type":"Point","coordinates":[136.0744833,35.6624307]},"properties":{"z":5.0}},{"type":"Feature","geometry":{"type":"Point","coordinates":[136.0744779,35.6623861]},"properties":{"z":4.8}},{"type":"Feature","geometry":{"type":"Point","coordinates":[136.0744564,35.6623451]},"properties":{"z":4.8}},{"type":"Feature","geometry":{"type":"Point","coordinates":[136.0744313,35.6623054]},"properties":{"z":4.5}},{"type":"Feature","geometry":{"type":"Point","coordinates":[136.0744283,35.6622609]},"properties":{"z":4.5}},{"type":"Feature","geometry":{"type":"Point","coordinates":[136.0744354,35.6622163]},"properties":{"z":4.2}},{"type":"Feature","geometry":{"type":"Point","coordinates":[136.0744677,35.6621898]},"properties":{"z":4.2}},{"type":"Feature","geometry":{"type":"Point","coordinates":[136.0744932,35.6621817]},"properties":{"z":4.2}},{"type":"Feature","geometry":{"type":"Point","coordinates":[136.0744684,35.6621427]},"properties":{"z":4.0}},{"type":"Feature","geometry":{"type":"Point","coordinates":[136.0744294,35.6621111]},"properties":{"z":4.0}},{"type":"Feature","geometry":{"type":"Point","coordinates":[136.0743806,35.662094]},"properties":{"z":3.7}},{"type":"Feature","geometry":{"type":"Point","coordinates":[136.0743305,35.6620824]},"properties":{"z":3.6}},{"type":"Feature","geometry":{"type":"Point","coordinates":[136.0742988,35.6620463]},"properties":{"z":3.6}},{"type":"Feature","geometry":{"type":"Point","coordinates":[136.0742769,35.6620052]},"properties":{"z":3.4}},{"type":"Feature","geometry":{"type":"Point","coordinates":[136.0742624,35.6619618]},"properties":{"z":3.3}},{"type":"Feature","geometry":{"type":"Point","coordinates":[136.0742458,35.661919]},"properties":{"z":3.2}},{"type":"Feature","geometry":{"type":"Point","coordinates":[136.0742457,35.6618777]},"properties":{"z":3.1}},{"type":"Feature","geometry":{"type":"Point","coordinates":[136.0742692,35.6619012]},"properties":{"z":3.3}},{"type":"Feature","geometry":{"type":"Point","coordinates":[136.0742828,35.6619437]},"properties":{"z":3.3}},{"type":"Feature","geometry":{"type":"Point","coordinates":[136.0742994,35.6619865]},"properties":{"z":3.4}},{"type":"Feature","geometry":{"type":"Point","coordinates":[136.074306,35.6619959]},"properties":{"z":3.4}},{"type":"Feature","geometry":{"type":"Point","coordinates":[136.0742856,35.6619554]},"properties":{"z":3.3}},{"type":"Feature","geometry":{"type":"Point","coordinates":[136.0742563,35.6619173]},"properties":{"z":3.2}},{"type":"Feature","geometry":{"type":"Point","coordinates":[136.0742367,35.6618755]},"properties":{"z":3.1}},{"type":"Feature","geometry":{"type":"Point","coordinates":[136.0742197,35.6618329]},"properties":{"z":3.1}},{"type":"Feature","geometry":{"type":"Point","coordinates":[136.0742325,35.6617911]},"properties":{"z":3.0}},{"type":"Feature","geometry":{"type":"Point","coordinates":[136.0742829,35.6617735]},"properties":{"z":3.1}},{"type":"Feature","geometry":{"type":"Point","coordinates":[136.0743351,35.6617585]},"properties":{"z":3.0}},{"type":"Feature","geometry":{"type":"Point","coordinates":[136.0743876,35.6617443]},"properties":{"z":3.2}},{"type":"Feature","geometry":{"type":"Point","coordinates":[136.0744214,35.6617656]},"properties":{"z":3.3}},{"type":"Feature","geometry":{"type":"Point","coordinates":[136.0743859,35.6617886]},"properties":{"z":3.3}},{"type":"Feature","geometry":{"type":"Point","coordinates":[136.0743306,35.6617893]},"properties":{"z":3.1}},{"type":"Feature","geometry":{"type":"Point","coordinates":[136.0742776,35.6618]},"properties":{"z":3.1}},{"type":"Feature","geometry":{"type":"Point","coordinates":[136.0742347,35.6617797]},"properties":{"z":3.0}},{"type":"Feature","geometry":{"type":"Point","coordinates":[136.0742157,35.6617382]},"properties":{"z":2.9}},{"type":"Feature","geometry":{"type":"Point","coordinates":[136.0741792,35.6617096]},"properties":{"z":2.9}},{"type":"Feature","geometry":{"type":"Point","coordinates":[136.0741664,35.6617458]},"properties":{"z":2.7}},{"type":"Feature","geometry":{"type":"Point","coordinates":[136.0741744,35.6617591]},"properties":{"z":2.9}},{"type":"Feature","geometry":{"type":"Point","coordinates":[136.074157,35.6617172]},"properties":{"z":2.7}},{"type":"Feature","geometry":{"type":"Point","coordinates":[136.0741262,35.6616801]},"properties":{"z":2.7}},{"type":"Feature","geometry":{"type":"Point","coordinates":[136.0740891,35.661647]},"properties":{"z":2.7}},{"type":"Feature","geometry":{"type":"Point","coordinates":[136.0740487,35.6616162]},"properties":{"z":2.5}},{"type":"Feature","geometry":{"type":"Point","coordinates":[136.0740131,35.6615822]},"properties":{"z":2.5}},{"type":"Feature","geometry":{"type":"Point","coordinates":[136.073987,35.6615426]},"properties":{"z":2.2}},{"type":"Feature","geometry":{"type":"Point","coordinates":[136.0739644,35.6615016]},"properties":{"z":2.2}},{"type":"Feature","geometry":{"type":"Point","coordinates":[136.0739424,35.6614603]},"properties":{"z":2.2}},{"type":"Feature","geometry":{"type":"Point","coordinates":[136.0739266,35.6614173]},"properties":{"z":2.2}},{"type":"Feature","geometry":{"type":"Point","coordinates":[136.0739051,35.6613759]},"properties":{"z":2.0}},{"type":"Feature","geometry":{"type":"Point","coordinates":[136.0738699,35.6613433]},"properties":{"z":2.0}},{"type":"Feature","geometry":{"type":"Point","coordinates":[136.0738219,35.6613242]},"properties":{"z":1.7}},{"type":"Feature","geometry":{"type":"Point","coordinates":[136.073771,35.6613291]},"properties":{"z":1.7}},{"type":"Feature","geometry":{"type":"Point","coordinates":[136.0737511,35.6613698]},"properties":{"z":1.8}},{"type":"Feature","geometry":{"type":"Point","coordinates":[136.0737657,35.6614131]},"properties":{"z":1.9}},{"type":"Feature","geometry":{"type":"Point","coordinates":[136.0737887,35.6614539]},"properties":{"z":1.9}},{"type":"Feature","geometry":{"type":"Point","coordinates":[136.0738135,35.6614941]},"properties":{"z":1.9}},{"type":"Feature","geometry":{"type":"Point","coordinates":[136.0738389,35.661534]},"properties":{"z":2.1}},{"type":"Feature","geometry":{"type":"Point","coordinates":[136.0738599,35.6615756]},"properties":{"z":2.1}},{"type":"Feature","geometry":{"type":"Point","coordinates":[136.0738811,35.6616172]},"properties":{"z":2.1}},{"type":"Feature","geometry":{"type":"Point","coordinates":[136.0739026,35.6616586]},"properties":{"z":2.2}},{"type":"Feature","geometry":{"type":"Point","coordinates":[136.0739245,35.6616999]},"properties":{"z":2.4}},{"type":"Feature","geometry":{"type":"Point","coordinates":[136.0739465,35.6617411]},"properties":{"z":2.4}},{"type":"Feature","geometry":{"type":"Point","coordinates":[136.0739697,35.6617819]},"properties":{"z":2.6}},{"type":"Feature","geometry":{"type":"Point","coordinates":[136.0739932,35.6618226]},"properties":{"z":2.6}},{"type":"Feature","geometry":{"type":"Point","coordinates":[136.0740153,35.6618638]},"properties":{"z":2.8}},{"type":"Feature","geometry":{"type":"Point","coordinates":[136.0740372,35.6619051]},"properties":{"z":3.0}},{"type":"Feature","geometry":{"type":"Point","coordinates":[136.0740595,35.6619462]},"properties":{"z":3.0}},{"type":"Feature","geometry":{"type":"Point","coordinates":[136.074082,35.6619873]},"properties":{"z":3.3}},{"type":"Feature","geometry":{"type":"Point","coordinates":[136.074104,35.6620285]},"properties":{"z":3.3}},{"type":"Feature","geometry":{"type":"Point","coordinates":[136.0741252,35.6620701]},"properties":{"z":3.6}},{"type":"Feature","geometry":{"type":"Point","coordinates":[136.0741463,35.6621116]},"properties":{"z":3.9}},{"type":"Feature","geometry":{"type":"Point","coordinates":[136.0741685,35.6621528]},"properties":{"z":3.9}},{"type":"Feature","geometry":{"type":"Point","coordinates":[136.0741909,35.6621939]},"properties":{"z":4.2}},{"type":"Feature","geometry":{"type":"Point","coordinates":[136.0742132,35.662235]},"properties":{"z":4.2}},{"type":"Feature","geometry":{"type":"Point","coordinates":[136.0742344,35.6622766]},"properties":{"z":4.4}},{"type":"Feature","geometry":{"type":"Point","coordinates":[136.0742555,35.6623181]},"properties":{"z":4.6}},{"type":"Feature","geometry":{"type":"Point","coordinates":[136.0742766,35.6623596]},"properties":{"z":4.7}},{"type":"Feature","geometry":{"type":"Point","coordinates":[136.0742977,35.6624012]},"properties":{"z":5.0}},{"type":"Feature","geometry":{"type":"Point","coordinates":[136.0743187,35.6624428]},"properties":{"z":5.0}},{"type":"Feature","geometry":{"type":"Point","coordinates":[136.0743403,35.6624842]},"properties":{"z":5.1}},{"type":"Feature","geometry":{"type":"Point","coordinates":[136.0743629,35.6625252]},"properties":{"z":5.3}},{"type":"Feature","geometry":{"type":"Point","coordinates":[136.0743854,35.6625663]},"properties":{"z":5.3}},{"type":"Feature","geometry":{"type":"Point","coordinates":[136.0744034,35.6626087]},"properties":{"z":5.3}},{"type":"Feature","geometry":{"type":"Point","coordinates":[136.0744205,35.6626515]},"properties":{"z":5.3}},{"type":"Feature","geometry":{"type":"Point","coordinates":[136.074432,35.6626954]},"properties":{"z":5.6}},{"type":"Feature","geometry":{"type":"Point","coordinates":[136.0744448,35.6627186]},"properties":{"z":5.6}},{"type":"Feature","geometry":{"type":"Point","coordinates":[136.0744347,35.662712]},"properties":{"z":5.6}},{"type":"Feature","geometry":{"type":"Point","coordinates":[136.0744617,35.6627503]},"properties":{"z":5.7}},{"type":"Feature","geometry":{"type":"Point","coordinates":[136.0744977,35.6627844]},"properties":{"z":5.7}},{"type":"Feature","geometry":{"type":"Point","coordinates":[136.0745381,35.6628105]},"properties":{"z":6.0}},{"type":"Feature","geometry":{"type":"Point","coordinates":[136.0745401,35.6628004]},"properties":{"z":5.9}},{"type":"Feature","geometry":{"type":"Point","coordinates":[136.0744936,35.6627762]},"properties":{"z":5.7}},{"type":"Feature","geometry":{"type":"Point","coordinates":[136.074447,35.6627519]},"properties":{"z":5.7}},{"type":"Feature","geometry":{"type":"Point","coordinates":[136.0744004,35.6627276]},"properties":{"z":5.4}},{"type":"Feature","geometry":{"type":"Point","coordinates":[136.0743539,35.6627033]},"properties":{"z":5.4}},{"type":"Feature","geometry":{"type":"Point","coordinates":[136.0743073,35.662679]},"properties":{"z":5.1}},{"type":"Feature","geometry":{"type":"Point","coordinates":[136.0742607,35.6626548]},"properties":{"z":5.1}},{"type":"Feature","geometry":{"type":"Point","coordinates":[136.0742342,35.6626237]},"properties":{"z":4.9}},{"type":"Feature","geometry":{"type":"Point","coordinates":[136.0742455,35.6625796]},"properties":{"z":4.8}},{"type":"Feature","geometry":{"type":"Point","coordinates":[136.0742635,35.6625375]},"properties":{"z":5.1}},{"type":"Feature","geometry":{"type":"Point","coordinates":[136.0742875,35.662497]},"properties":{"z":5.1}},{"type":"Feature","geometry":{"type":"Point","coordinates":[136.0742898,35.6624534]},"properties":{"z":5.0}},{"type":"Feature","geometry":{"type":"Point","coordinates":[136.0742814,35.6624091]},"properties":{"z":5.0}},{"type":"Feature","geometry":{"type":"Point","coordinates":[136.0742658,35.662366]},"properties":{"z":4.7}},{"type":"Feature","geometry":{"type":"Point","coordinates":[136.0742461,35.662324]},"properties":{"z":4.6}},{"type":"Feature","geometry":{"type":"Point","coordinates":[136.0742274,35.6622818]},"properties":{"z":4.4}},{"type":"Feature","geometry":{"type":"Point","coordinates":[136.0742112,35.6622388]},"properties":{"z":4.2}},{"type":"Feature","geometry":{"type":"Point","coordinates":[136.0741949,35.6621958]},"properties":{"z":4.2}},{"type":"Feature","geometry":{"type":"Point","coordinates":[136.0741753,35.6621539]},"properties":{"z":3.9}},{"type":"Feature","geometry":{"type":"Point","coordinates":[136.0741529,35.6621128]},"properties":{"z":3.9}},{"type":"Feature","geometry":{"type":"Point","coordinates":[136.0741295,35.662072]},"properties":{"z":3.6}},{"type":"Feature","geometry":{"type":"Point","coordinates":[136.0741119,35.6620295]},"properties":{"z":3.3}},{"type":"Feature","geometry":{"type":"Point","coordinates":[136.074095,35.6619868]},"properties":{"z":3.3}},{"type":"Feature","geometry":{"type":"Point","coordinates":[136.0740739,35.6619453]},"properties":{"z":3.0}},{"type":"Feature","geometry":{"type":"Point","coordinates":[136.0740554,35.6619029]},"properties":{"z":3.0}},{"type":"Feature","geometry":{"type":"Point","coordinates":[136.0740393,35.6618599]},"properties":{"z":2.8}},{"type":"Feature","geometry":{"type":"Point","coordinates":[136.0740206,35.6618177]},"properties":{"z":2.7}},{"type":"Feature","geometry":{"type":"Point","coordinates":[136.0739978,35.6617768]},"properties":{"z":2.6}},{"type":"Feature","geometry":{"type":"Point","coordinates":[136.0739775,35.661735]},"properties":{"z":2.4}},{"type":"Feature","geometry":{"type":"Point","coordinates":[136.0739541,35.6616942]},"properties":{"z":2.4}},{"type":"Feature","geometry":{"type":"Point","coordinates":[136.0739313,35.6616533]},"properties":{"z":2.4}},{"type":"Feature","geometry":{"type":"Point","coordinates":[136.0739094,35.661612]},"properties":{"z":2.1}},{"type":"Feature","geometry":{"type":"Point","coordinates":[136.0738878,35.6615706]},"properties":{"z":2.1}},{"type":"Feature","geometry":{"type":"Point","coordinates":[136.0738651,35.6615297]},"properties":{"z":2.1}},{"type":"Feature","geometry":{"type":"Point","coordinates":[136.073833,35.6614931]},"properties":{"z":2.1}},{"type":"Feature","geometry":{"type":"Point","coordinates":[136.0738069,35.6614535]},"properties":{"z":1.9}},{"type":"Feature","geometry":{"type":"Point","coordinates":[136.0737764,35.6614161]},"properties":{"z":1.9}},{"type":"Feature","geometry":{"type":"Point","coordinates":[136.0737509,35.6613763]},"properties":{"z":1.8}},{"type":"Feature","geometry":{"type":"Point","coordinates":[136.0737646,35.6613329]},"properties":{"z":1.7}},{"type":"Feature","geometry":{"type":"Point","coordinates":[136.0737526,35.6612912]},"properties":{"z":1.7}},{"type":"Feature","geometry":{"type":"Point","coordinates":[136.0737376,35.6612502]},"properties":{"z":1.5}},{"type":"Feature","geometry":{"type":"Point","coordinates":[136.0737775,35.6612319]},"properties":{"z":1.6}},{"type":"Feature","geometry":{"type":"Point","coordinates":[136.0738325,35.6612364]},"properties":{"z":1.8}},{"type":"Feature","geometry":{"type":"Point","coordinates":[136.0738869,35.6612444]},"properties":{"z":1.8}},{"type":"Feature","geometry":{"type":"Point","coordinates":[136.0739345,35.6612665]},"properties":{"z":1.9}},{"type":"Feature","geometry":{"type":"Point","coordinates":[136.073971,35.6612999]},"properties":{"z":2.0}},{"type":"Feature","geometry":{"type":"Point","coordinates":[136.0739911,35.6613411]},"properties":{"z":2.1}},{"type":"Feature","geometry":{"type":"Point","coordinates":[136.0740104,35.6613831]},"properties":{"z":2.3}},{"type":"Feature","geometry":{"type":"Point","coordinates":[136.0740294,35.6614252]},"properties":{"z":2.3}},{"type":"Feature","geometry":{"type":"Point","coordinates":[136.0740443,35.6614685]},"properties":{"z":2.3}},{"type":"Feature","geometry":{"type":"Point","coordinates":[136.074063,35.6615108]},"properties":{"z":2.4}},{"type":"Feature","geometry":{"type":"Point","coordinates":[136.0740817,35.6615531]},"properties":{"z":2.5}},{"type":"Feature","geometry":{"type":"Point","coordinates":[136.0740994,35.6615957]},"properties":{"z":2.6}},{"type":"Feature","geometry":{"type":"Point","coordinates":[136.0741148,35.6616389]},"properties":{"z":2.7}},{"type":"Feature","geometry":{"type":"Point","coordinates":[136.0741309,35.6616819]},"properties":{"z":2.7}},{"type":"Feature","geometry":{"type":"Point","coordinates":[136.0741482,35.6617245]},"properties":{"z":2.7}},{"type":"Feature","geometry":{"type":"Point","coordinates":[136.0741687,35.6617663]},"properties":{"z":2.9}},{"type":"Feature","geometry":{"type":"Point","coordinates":[136.074188,35.6618084]},"properties":{"z":3.0}},{"type":"Feature","geometry":{"type":"Point","coordinates":[136.0742068,35.6618507]},"properties":{"z":3.1}},{"type":"Feature","geometry":{"type":"Point","coordinates":[136.0742259,35.6618929]},"properties":{"z":3.1}},{"type":"Feature","geometry":{"type":"Point","coordinates":[136.0742446,35.6619352]},"properties":{"z":3.2}},{"type":"Feature","geometry":{"type":"Point","coordinates":[136.0742636,35.6619774]},"properties":{"z":3.4}},{"type":"Feature","geometry":{"type":"Point","coordinates":[136.0742861,35.6620185]},"properties":{"z":3.4}},{"type":"Feature","geometry":{"type":"Point","coordinates":[136.0743153,35.6620563]},"properties":{"z":3.6}},{"type":"Feature","geometry":{"type":"Point","coordinates":[136.0743486,35.6620922]},"properties":{"z":3.7}},{"type":"Feature","geometry":{"type":"Point","coordinates":[136.0743829,35.6621275]},"properties":{"z":3.9}},{"type":"Feature","geometry":{"type":"Point","coordinates":[136.0744102,35.6621664]},"properties":{"z":3.9}},{"type":"Feature","geometry":{"type":"Point","coordinates":[136.074438,35.6622051]},"properties":{"z":4.2}},{"type":"Feature","geometry":{"type":"Point","coordinates":[136.0744804,35.6622228]},"properties":{"z":4.2}},{"type":"Feature","geometry":{"type":"Point","coordinates":[136.0745352,35.6622165]},"properties":{"z":4.2}},{"type":"Feature","geometry":{"type":"Point","coordinates":[136.0745896,35.6622084]},"properties":{"z":4.2}},{"type":"Feature","geometry":{"type":"Point","coordinates":[136.0746441,35.6622004]},"properties":{"z":4.3}},{"type":"Feature","geometry":{"type":"Point","coordinates":[136.0746987,35.6621936]},"properties":{"z":4.4}},{"type":"Feature","geometry":{"type":"Point","coordinates":[136.0747533,35.6621862]},"properties":{"z":4.4}},{"type":"Feature","geometry":{"type":"Point","coordinates":[136.0748068,35.6621754]},"properties":{"z":4.4}},{"type":"Feature","geometry":{"type":"Point","coordinates":[136.0748582,35.6621588]},"properties":{"z":4.6}},{"type":"Feature","geometry":{"type":"Point","coordinates":[136.0749067,35.6621373]},"properties":{"z":4.6}},{"type":"Feature","geometry":{"type":"Point","coordinates":[136.0749587,35.6621226]},"properties":{"z":4.7}},{"type":"Feature","geometry":{"type":"Point","coordinates":[136.0750129,35.6621151]},"properties":{"z":4.7}},{"type":"Feature","geometry":{"type":"Point","coordinates":[136.0750682,35.662113]},"properties":{"z":4.9}},{"type":"Feature","geometry":{"type":"Point","coordinates":[136.0751235,35.6621115]},"properties":{"z":5.0}},{"type":"Feature","geometry":{"type":"Point","coordinates":[136.0751784,35.6621062]},"properties":{"z":4.9}},{"type":"Feature","geometry":{"type":"Point","coordinates":[136.0752331,35.6620996]},"properties":{"z":5.1}},{"type":"Feature","geometry":{"type":"Point","coordinates":[136.0752876,35.6620917]},"properties":{"z":5.2}},{"type":"Feature","geometry":{"type":"Point","coordinates":[136.0753416,35.6620821]},"properties":{"z":5.2}},{"type":"Feature","geometry":{"type":"Point","coordinates":[136.0753955,35.6620718]},"properties":{"z":5.4}},{"type":"Feature","geometry":{"type":"Point","coordinates":[136.0754492,35.6620613]},"properties":{"z":5.4}},{"type":"Feature","geometry":{"type":"Point","coordinates":[136.0755023,35.6620487]},"properties":{"z":5.5}},{"type":"Feature","geometry":{"type":"Point","coordinates":[136.0755547,35.6620342]},"properties":{"z":5.6}},{"type":"Feature","geometry":{"type":"Point","coordinates":[136.0756083,35.6620233]},"properties":{"z":5.6}},{"type":"Feature","geometry":{"type":"Point","coordinates":[136.0756623,35.6620134]},"properties":{"z":5.7}},{"type":"Feature","geometry":{"type":"Point","coordinates":[136.0757167,35.6620054]},"properties":{"z":5.9}},{"type":"Feature","geometry":{"type":"Point","coordinates":[136.0757714,35.6619986]},"properties":{"z":5.9}},{"type":"Feature","geometry":{"type":"Point","coordinates":[136.0758263,35.6619928]},"properties":{"z":6.0}},{"type":"Feature","geometry":{"type":"Point","coordinates":[136.0758808,35.6619854]},"properties":{"z":6.0}},{"type":"Feature","geometry":{"type":"Point","coordinates":[136.0759353,35.6619774]},"properties":{"z":6.1}},{"type":"Feature","geometry":{"type":"Point","coordinates":[136.0759889,35.6619664]},"properties":{"z":6.2}},{"type":"Feature","geometry":{"type":"Point","coordinates":[136.0760428,35.661965]},"properties":{"z":6.2}},{"type":"Feature","geometry":{"type":"Point","coordinates":[136.0760962,35.6619753]},"properties":{"z":6.4}},{"type":"Feature","geometry":{"type":"Point","coordinates":[136.0761361,35.6620064]},"properties":{"z":6.4}},{"type":"Feature","geometry":{"type":"Point","coordinates":[136.0761698,35.6620414]},"properties":{"z":6.7}},{"type":"Feature","geometry":{"type":"Point","coordinates":[136.0761897,35.6620833]},"properties":{"z":6.7}},{"type":"Feature","geometry":{"type":"Point","coordinates":[136.0762062,35.6621261]},"properties":{"z":6.8}},{"type":"Feature","geometry":{"type":"Point","coordinates":[136.0762167,35.6621702]},"properties":{"z":6.8}},{"type":"Feature","geometry":{"type":"Point","coordinates":[136.0762241,35.6622148]},"properties":{"z":6.9}},{"type":"Feature","geometry":{"type":"Point","coordinates":[136.0762376,35.6622583]},"properties":{"z":7.1}},{"type":"Feature","geometry":{"type":"Point","coordinates":[136.0762522,35.6623016]},"properties":{"z":7.1}},{"type":"Feature","geometry":{"type":"Point","coordinates":[136.0762636,35.6623455]},"properties":{"z":7.2}},{"type":"Feature","geometry":{"type":"Point","coordinates":[136.0762693,35.6623902]},"properties":{"z":7.2}},{"type":"Feature","geometry":{"type":"Point","coordinates":[136.0762791,35.6624344]},"properties":{"z":7.2}},{"type":"Feature","geometry":{"type":"Point","coordinates":[136.0762886,35.6624785]},"properties":{"z":7.3}},{"type":"Feature","geometry":{"type":"Point","coordinates":[136.0762693,35.6625122]},"properties":{"z":7.3}},{"type":"Feature","geometry":{"type":"Point","coordinates":[136.0763029,35.6624938]},"properties":{"z":7.3}},{"type":"Feature","geometry":{"type":"Point","coordinates":[136.0762994,35.6625386]},"properties":{"z":7.4}},{"type":"Feature","geometry":{"type":"Point","coordinates":[136.0763007,35.6625835]},"properties":{"z":7.4}},{"type":"Feature","geometry":{"type":"Point","coordinates":[136.0763057,35.6626283]},"properties":{"z":7.4}},{"type":"Feature","geometry":{"type":"Point","coordinates":[136.0763051,35.6626732]},"properties":{"z":7.6}},{"type":"Feature","geometry":{"type":"Point","coordinates":[136.0762939,35.6627172]},"properties":{"z":7.6}},{"type":"Feature","geometry":{"type":"Point","coordinates":[136.0762735,35.6627571]},"properties":{"z":7.6}},{"type":"Feature","geometry":{"type":"Point","coordinates":[136.0762253,35.6627791]},"properties":{"z":7.5}},{"type":"Feature","geometry":{"type":"Point","coordinates":[136.0761804,35.6628047]},"properties":{"z":7.5}},{"type":"Feature","geometry":{"type":"Point","coordinates":[136.0761476,35.6628409]},"properties":{"z":7.5}},{"type":"Feature","geometry":{"type":"Point","coordinates":[136.0761244,35.6628817]},"properties":{"z":7.5}},{"type":"Feature","geometry":{"type":"Point","coordinates":[136.076105,35.6629238]},"properties":{"z":7.5}},{"type":"Feature","geometry":{"type":"Point","coordinates":[136.0760836,35.6629653]},"properties":{"z":7.7}},{"type":"Feature","geometry":{"type":"Point","coordinates":[136.0760558,35.6630041]},"properties":{"z":7.7}},{"type":"Feature","geometry":{"type":"Point","coordinates":[136.0760286,35.6630432]},"properties":{"z":8.0}},{"type":"Feature","geometry":{"type":"Point","coordinates":[136.0760052,35.6630834]},"properties":{"z":8.0}},{"type":"Feature","geometry":{"type":"Point","coordinates":[136.075986,35.6631251]},"properties":{"z":8.3}},{"type":"Feature","geometry":{"type":"Point","coordinates":[136.075969,35.6631675]},"properties":{"z":8.5}},{"type":"Feature","geometry":{"type":"Point","coordinates":[136.0759437,35.6632063]},"properties":{"z":8.5}},{"type":"Feature","geometry":{"type":"Point","coordinates":[136.0759154,35.6631856]},"properties":{"z":8.5}},{"type":"Feature","geometry":{"type":"Point","coordinates":[136.075924,35.6631414]},"properties":{"z":8.2}},{"type":"Feature","geometry":{"type":"Point","coordinates":[136.0759412,35.6630987]},"properties":{"z":8.2}},{"type":"Feature","geometry":{"type":"Point","coordinates":[136.0759617,35.6630571]},"properties":{"z":8.0}},{"type":"Feature","geometry":{"type":"Point","coordinates":[136.0759991,35.6630257]},"properties":{"z":8.0}},{"type":"Feature","geometry":{"type":"Point","coordinates":[136.0760346,35.6629919]},"properties":{"z":7.7}},{"type":"Feature","geometry":{"type":"Point","coordinates":[136.0760674,35.6629557]},"properties":{"z":7.7}},{"type":"Feature","geometry":{"type":"Point","coordinates":[136.076103,35.6629212]},"properties":{"z":7.5}},{"type":"Feature","geometry":{"type":"Point","coordinates":[136.0761479,35.6628954]},"properties":{"z":7.6}},{"type":"Feature","geometry":{"type":"Point","coordinates":[136.0761856,35.6628628]},"properties":{"z":7.5}},{"type":"Feature","geometry":{"type":"Point","coordinates":[136.0762169,35.6628258]},"properties":{"z":7.5}},{"type":"Feature","geometry":{"type":"Point","coordinates":[136.076249,35.6627892]},"properties":{"z":7.6}},{"type":"Feature","geometry":{"type":"Point","coordinates":[136.0762905,35.6627627]},"properties":{"z":7.6}},{"type":"Feature","geometry":{"type":"Point","coordinates":[136.07629,35.6627188]},"properties":{"z":7.6}},{"type":"Feature","geometry":{"type":"Point","coordinates":[136.0762947,35.662675]},"properties":{"z":7.6}},{"type":"Feature","geometry":{"type":"Point","coordinates":[136.0763008,35.6626305]},"properties":{"z":7.4}},{"type":"Feature","geometry":{"type":"Point","coordinates":[136.0762959,35.6625857]},"properties":{"z":7.4}},{"type":"Feature","geometry":{"type":"Point","coordinates":[136.0762933,35.6625408]},"properties":{"z":7.4}},{"type":"Feature","geometry":{"type":"Point","coordinates":[136.0762833,35.6624967]},"properties":{"z":7.3}},{"type":"Feature","geometry":{"type":"Point","coordinates":[136.0762738,35.6624524]},"properties":{"z":7.2}},{"type":"Feature","geometry":{"type":"Point","coordinates":[136.0762612,35.6624087]},"properties":{"z":7.2}},{"type":"Feature","geometry":{"type":"Point","coordinates":[136.0762477,35.6623651]},"properties":{"z":7.2}},{"type":"Feature","geometry":{"type":"Point","coordinates":[136.0762356,35.6623212]},"properties":{"z":7.2}},{"type":"Feature","geometry":{"type":"Point","coordinates":[136.0762266,35.662277]},"properties":{"z":6.9}},{"type":"Feature","geometry":{"type":"Point","coordinates":[136.0762216,35.6622322]},"properties":{"z":6.9}},{"type":"Feature","geometry":{"type":"Point","coordinates":[136.0762136,35.6621878]},"properties":{"z":6.9}},{"type":"Feature","geometry":{"type":"Point","coordinates":[136.0761874,35.6621482]},"properties":{"z":6.8}},{"type":"Feature","geometry":{"type":"Point","coordinates":[136.0761668,35.6621065]},"properties":{"z":6.7}},{"type":"Feature","geometry":{"type":"Point","coordinates":[136.0761592,35.6620621]},"properties":{"z":6.7}},{"type":"Feature","geometry":{"type":"Point","coordinates":[136.0761473,35.6620183]},"properties":{"z":6.6}},{"type":"Feature","geometry":{"type":"Point","coordinates":[136.0761325,35.661975]},"properties":{"z":6.4}},{"type":"Feature","geometry":{"type":"Point","coordinates":[136.0761109,35.6619339]},"properties":{"z":6.4}},{"type":"Feature","geometry":{"type":"Point","coordinates":[136.0760683,35.66191]},"properties":{"z":6.4}},{"type":"Feature","geometry":{"type":"Point","coordinates":[136.0760134,35.6619089]},"properties":{"z":6.2}},{"type":"Feature","geometry":{"type":"Point","coordinates":[136.0759617,35.6619248]},"properties":{"z":6.1}},{"type":"Feature","geometry":{"type":"Point","coordinates":[136.0759072,35.6619319]},"properties":{"z":6.1}},{"type":"Feature","geometry":{"type":"Point","coordinates":[136.0758529,35.6619406]},"properties":{"z":5.9}},{"type":"Feature","geometry":{"type":"Point","coordinates":[136.0758003,35.6619541]},"properties":{"z":5.8}},{"type":"Feature","geometry":{"type":"Point","coordinates":[136.0757476,35.6619679]},"properties":{"z":5.8}},{"type":"Feature","geometry":{"type":"Point","coordinates":[136.075695,35.6619816]},"properties":{"z":5.7}},{"type":"Feature","geometry":{"type":"Point","coordinates":[136.0756432,35.6619973]},"properties":{"z":5.7}},{"type":"Feature","geometry":{"type":"Point","coordinates":[136.0755903,35.6620104]},"properties":{"z":5.6}},{"type":"Feature","geometry":{"type":"Point","coordinates":[136.0755363,35.6620204]},"properties":{"z":5.5}},{"type":"Feature","geometry":{"type":"Point","coordinates":[136.0754814,35.6620256]},"properties":{"z":5.5}},{"type":"Feature","geometry":{"type":"Point","coordinates":[136.0754265,35.6620309]},"properties":{"z":5.3}},{"type":"Feature","geometry":{"type":"Point","coordinates":[136.0753724,35.6620399]},"properties":{"z":5.2}},{"type":"Feature","geometry":{"type":"Point","coordinates":[136.0753185,35.6620502]},"properties":{"z":5.2}},{"type":"Feature","geometry":{"type":"Point","coordinates":[136.0752642,35.6620587]},"properties":{"z":5.1}},{"type":"Feature","geometry":{"type":"Point","coordinates":[136.0752103,35.6620679]},"properties":{"z":5.1}},{"type":"Feature","geometry":{"type":"Point","coordinates":[136.075159,35.6620847]},"properties":{"z":4.9}},{"type":"Feature","geometry":{"type":"Point","coordinates":[136.0751075,35.6621012]},"properties":{"z":4.8}},{"type":"Feature","geometry":{"type":"Point","coordinates":[136.0750548,35.6621147]},"properties":{"z":4.9}},{"type":"Feature","geometry":{"type":"Point","coordinates":[136.0750016,35.6621269]},"properties":{"z":4.7}},{"type":"Feature","geometry":{"type":"Point","coordinates":[136.0749483,35.6621391]},"properties":{"z":4.7}},{"type":"Feature","geometry":{"type":"Point","coordinates":[136.074895,35.6621511]},"properties":{"z":4.6}},{"type":"Feature","geometry":{"type":"Point","coordinates":[136.0748417,35.6621631]},"properties":{"z":4.4}},{"type":"Feature","geometry":{"type":"Point","coordinates":[136.074789,35.6621769]},"properties":{"z":4.4}},{"type":"Feature","geometry":{"type":"Point","coordinates":[136.0747361,35.66219]},"properties":{"z":4.4}},{"type":"Feature","geometry":{"type":"Point","coordinates":[136.0746823,35.6622]},"properties":{"z":4.3}},{"type":"Feature","geometry":{"type":"Point","coordinates":[136.0746279,35.6622085]},"properties":{"z":4.3}},{"type":"Feature","geometry":{"type":"Point","coordinates":[136.0745739,35.6622174]},"properties":{"z":4.2}},{"type":"Feature","geometry":{"type":"Point","coordinates":[136.0745186,35.6622166]},"properties":{"z":4.2}},{"type":"Feature","geometry":{"type":"Point","coordinates":[136.0744722,35.6621934]},"properties":{"z":4.2}},{"type":"Feature","geometry":{"type":"Point","coordinates":[136.0744271,35.6621673]},"properties":{"z":3.9}},{"type":"Feature","geometry":{"type":"Point","coordinates":[136.0743875,35.6621365]},"properties":{"z":3.9}},{"type":"Feature","geometry":{"type":"Point","coordinates":[136.0743573,35.6620994]},"properties":{"z":3.7}},{"type":"Feature","geometry":{"type":"Point","coordinates":[136.0743375,35.6620574]},"properties":{"z":3.6}},{"type":"Feature","geometry":{"type":"Point","coordinates":[136.0743181,35.6620153]},"properties":{"z":3.4}},{"type":"Feature","geometry":{"type":"Point","coordinates":[136.0742995,35.6619729]},"properties":{"z":3.4}},{"type":"Feature","geometry":{"type":"Point","coordinates":[136.0742808,35.6619306]},"properties":{"z":3.3}},{"type":"Feature","geometry":{"type":"Point","coordinates":[136.074259,35.6618893]},"properties":{"z":3.2}},{"type":"Feature","geometry":{"type":"Point","coordinates":[136.0742396,35.6618473]},"properties":{"z":3.1}},{"type":"Feature","geometry":{"type":"Point","coordinates":[136.0742214,35.6618048]},"properties":{"z":3.0}},{"type":"Feature","geometry":{"type":"Point","coordinates":[136.0742033,35.6617623]},"properties":{"z":3.0}},{"type":"Feature","geometry":{"type":"Point","coordinates":[136.0741844,35.6617201]},"properties":{"z":2.9}},{"type":"Feature","geometry":{"type":"Point","coordinates":[136.0741646,35.6616781]},"properties":{"z":2.7}},{"type":"Feature","geometry":{"type":"Point","coordinates":[136.0741382,35.6616386]},"properties":{"z":2.7}},{"type":"Feature","geometry":{"type":"Point","coordinates":[136.0741122,35.6615989]},"properties":{"z":2.6}},{"type":"Feature","geometry":{"type":"Point","coordinates":[136.0740885,35.6615585]},"properties":{"z":2.6}},{"type":"Feature","geometry":{"type":"Point","coordinates":[136.0740707,35.6615159]},"properties":{"z":2.4}},{"type":"Feature","geometry":{"type":"Point","coordinates":[136.0740526,35.6614734]},"properties":{"z":2.3}},{"type":"Feature","geometry":{"type":"Point","coordinates":[136.0740346,35.6614309]},"properties":{"z":2.3}},{"type":"Feature","geometry":{"type":"Point","coordinates":[136.0740167,35.6613884]},"properties":{"z":2.3}},{"type":"Feature","geometry":{"type":"Point","coordinates":[136.0739958,35.6613468]},"properties":{"z":2.1}},{"type":"Feature","geometry":{"type":"Point","coordinates":[136.0739616,35.6613123]},"properties":{"z":2.0}},{"type":"Feature","geometry":{"type":"Point","coordinates":[136.0739189,35.6612844]},"properties":{"z":2.0}},{"type":"Feature","geometry":{"type":"Point","coordinates":[136.0738704,35.6612628]},"properties":{"z":1.8}},{"type":"Feature","geometry":{"type":"Point","coordinates":[136.0738189,35.6612464]},"properties":{"z":1.6}},{"type":"Feature","geometry":{"type":"Point","coordinates":[136.0737696,35.6612262]},"properties":{"z":1.6}},{"type":"Feature","geometry":{"type":"Point","coordinates":[136.0737237,35.6612014]},"properties":{"z":1.4}},{"type":"Feature","geometry":{"type":"Point","coordinates":[136.0736849,35.6611701]},"properties":{"z":1.4}},{"type":"Feature","geometry":{"type":"Point","coordinates":[136.0736569,35.6611314]},"properties":{"z":1.3}},{"type":"Feature","geometry":{"type":"Point","coordinates":[136.07363,35.6610921]},"properties":{"z":1.1}},{"type":"Feature","geometry":{"type":"Point","coordinates":[136.0736028,35.661053]},"properties":{"z":1.1}},{"type":"Feature","geometry":{"type":"Point","coordinates":[136.0735756,35.6610138]},"properties":{"z":1.1}},{"type":"Feature","geometry":{"type":"Point","coordinates":[136.0735497,35.6609741]},"properties":{"z":0.9}},{"type":"Feature","geometry":{"type":"Point","coordinates":[136.0735293,35.6609325]},"properties":{"z":0.9}},{"type":"Feature","geometry":{"type":"Point","coordinates":[136.0735185,35.6608886]},"properties":{"z":0.8}},{"type":"Feature","geometry":{"type":"Point","coordinates":[136.0735126,35.6608439]},"properties":{"z":0.8}},{"type":"Feature","geometry":{"type":"Point","coordinates":[136.073504,35.6607996]},"properties":{"z":0.8}},{"type":"Feature","geometry":{"type":"Point","coordinates":[136.0734847,35.6607575]},"properties":{"z":0.7}},{"type":"Feature","geometry":{"type":"Point","coordinates":[136.0734575,35.6607185]},"properties":{"z":0.7}},{"type":"Feature","geometry":{"type":"Point","coordinates":[136.0734241,35.6606829]},"properties":{"z":0.7}},{"type":"Feature","geometry":{"type":"Point","coordinates":[136.0733912,35.660647]},"properties":{"z":0.6}},{"type":"Feature","geometry":{"type":"Point","coordinates":[136.0733669,35.6606068]},"properties":{"z":0.6}},{"type":"Feature","geometry":{"type":"Point","coordinates":[136.0733448,35.6605657]},"properties":{"z":0.6}},{"type":"Feature","geometry":{"type":"Point","coordinates":[136.0733179,35.6605265]},"properties":{"z":0.6}},{"type":"Feature","geometry":{"type":"Point","coordinates":[136.0732866,35.6604894]},"properties":{"z":0.6}},{"type":"Feature","geometry":{"type":"Point","coordinates":[136.0732715,35.660463]},"properties":{"z":0.6}},{"type":"Feature","geometry":{"type":"Point","coordinates":[136.073271,35.6604991]},"properties":{"z":0.6}},{"type":"Feature","geometry":{"type":"Point","coordinates":[136.0732945,35.6605383]},"properties":{"z":0.6}},{"type":"Feature","geometry":{"type":"Point","coordinates":[136.0733298,35.6605728]},"properties":{"z":0.6}},{"type":"Feature","geometry":{"type":"Point","coordinates":[136.0733439,35.6606124]},"properties":{"z":0.6}},{"type":"Feature","geometry":{"type":"Point","coordinates":[136.0733059,35.6606308]},"properties":{"z":0.5}},{"type":"Feature","geometry":{"type":"Point","coordinates":[136.0732508,35.6606313]},"properties":{"z":0.5}},{"type":"Feature","geometry":{"type":"Point","coordinates":[136.0731999,35.6606403]},"properties":{"z":0.5}},{"type":"Feature","geometry":{"type":"Point","coordinates":[136.0731574,35.6606689]},"properties":{"z":0.5}},{"type":"Feature","geometry":{"type":"Point","coordinates":[136.0731224,35.6607038]},"properties":{"z":0.4}},{"type":"Feature","geometry":{"type":"Point","coordinates":[136.0730832,35.6607354]},"properties":{"z":0.3}},{"type":"Feature","geometry":{"type":"Point","coordinates":[136.0730395,35.6607628]},"properties":{"z":0.3}},{"type":"Feature","geometry":{"type":"Point","coordinates":[136.0729871,35.6607707]},"properties":{"z":0.3}},{"type":"Feature","geometry":{"type":"Point","coordinates":[136.0729456,35.6607422]},"properties":{"z":0.3}},{"type":"Feature","geometry":{"type":"Point","coordinates":[136.0729012,35.6607154]},"properties":{"z":0.3}},{"type":"Feature","geometry":{"type":"Point","coordinates":[136.0728547,35.660691]},"properties":{"z":0.2}},{"type":"Feature","geometry":{"type":"Point","coordinates":[136.0728135,35.6606617]},"properties":{"z":0.2}},{"type":"Feature","geometry":{"type":"Point","coordinates":[136.0727752,35.6606293]},"properties":{"z":0.2}},{"type":"Feature","geometry":{"type":"Point","coordinates":[136.072736,35.6605975]},"properties":{"z":0.2}},{"type":"Feature","geometry":{"type":"Point","coordinates":[136.072696,35.6605665]},"properties":{"z":0.2}},{"type":"Feature","geometry":{"type":"Point","coordinates":[136.0726564,35.660535]},"properties":{"z":0.2}},{"type":"Feature","geometry":{"type":"Point","coordinates":[136.072617,35.6605035]},"properties":{"z":0.3}},{"type":"Feature","geometry":{"type":"Point","coordinates":[136.0725768,35.6604726]},"properties":{"z":0.3}},{"type":"Feature","geometry":{"type":"Point","coordinates":[136.0725379,35.6604407]},"properties":{"z":0.3}},{"type":"Feature","geometry":{"type":"Point","coordinates":[136.0724981,35.6604095]},"properties":{"z":0.5}},{"type":"Feature","geometry":{"type":"Point","coordinates":[136.0724567,35.6603797]},"properties":{"z":0.5}},{"type":"Feature","geometry":{"type":"Point","coordinates":[136.0724147,35.6603504]},"properties":{"z":0.7}},{"type":"Feature","geometry":{"type":"Point","coordinates":[136.0723739,35.66032]},"properties":{"z":0.7}},{"type":"Feature","geometry":{"type":"Point","coordinates":[136.0723339,35.660289]},"properties":{"z":0.9}},{"type":"Feature","geometry":{"type":"Point","coordinates":[136.0722964,35.660256]},"properties":{"z":0.9}},{"type":"Feature","geometry":{"type":"Point","coordinates":[136.0722597,35.6602224]},"properties":{"z":1.0}},{"type":"Feature","geometry":{"type":"Point","coordinates":[136.0722229,35.6601888]},"properties":{"z":1.0}},{"type":"Feature","geometry":{"type":"Point","coordinates":[136.0721861,35.6601552]},"properties":{"z":1.2}},{"type":"Feature","geometry":{"type":"Point","coordinates":[136.072149,35.6601218]},"properties":{"z":1.2}},{"type":"Feature","geometry":{"type":"Point","coordinates":[136.0721108,35.6600896]},"properties":{"z":1.2}},{"type":"Feature","geometry":{"type":"Point","coordinates":[136.0720647,35.6600647]},"properties":{"z":1.4}},{"type":"Feature","geometry":{"type":"Point","coordinates":[136.0720234,35.6600356]},"properties":{"z":1.4}},{"type":"Feature","geometry":{"type":"Point","coordinates":[136.0719776,35.6600104]},"properties":{"z":1.6}},{"type":"Feature","geometry":{"type":"Point","coordinates":[136.0719302,35.6599873]},"properties":{"z":1.6}},{"type":"Feature","geometry":{"type":"Point","coordinates":[136.0718768,35.6599761]},"properties":{"z":1.6}},{"type":"Feature","geometry":{"type":"Point","coordinates":[136.0718264,35.6599577]},"properties":{"z":1.6}},{"type":"Feature","geometry":{"type":"Point","coordinates":[136.0717756,35.6599399]},"properties":{"z":1.8}},{"type":"Feature","geometry":{"type":"Point","coordinates":[136.0717251,35.6599216]},"properties":{"z":1.8}},{"type":"Feature","geometry":{"type":"Point","coordinates":[136.0716753,35.6599021]},"properties":{"z":1.8}},{"type":"Feature","geometry":{"type":"Point","coordinates":[136.0716268,35.6598805]},"properties":{"z":1.8}},{"type":"Feature","geometry":{"type":"Point","coordinates":[136.0715768,35.6598613]},"properties":{"z":2.0}},{"type":"Feature","geometry":{"type":"Point","coordinates":[136.0715259,35.6598437]},"properties":{"z":2.0}},{"type":"Feature","geometry":{"type":"Point","coordinates":[136.0714743,35.6598274]},"properties":{"z":2.0}},{"type":"Feature","geometry":{"type":"Point","coordinates":[136.0714229,35.6598108]},"properties":{"z":2.0}},{"type":"Feature","geometry":{"type":"Point","coordinates":[136.0713715,35.6597941]},"properties":{"z":2.2}},{"type":"Feature","geometry":{"type":"Point","coordinates":[136.07132,35.6597777]},"properties":{"z":2.2}},{"type":"Feature","geometry":{"type":"Point","coordinates":[136.0712674,35.6597638]},"properties":{"z":2.2}},{"type":"Feature","geometry":{"type":"Point","coordinates":[136.0712154,35.6597485]},"properties":{"z":2.2}},{"type":"Feature","geometry":{"type":"Point","coordinates":[136.0711637,35.6597325]},"properties":{"z":2.4}},{"type":"Feature","geometry":{"type":"Point","coordinates":[136.0711124,35.6597156]},"properties":{"z":2.4}},{"type":"Feature","geometry":{"type":"Point","coordinates":[136.071061,35.6596992]},"properties":{"z":2.4}},{"type":"Feature","geometry":{"type":"Point","coordinates":[136.0710092,35.6596833]},"properties":{"z":2.4}},{"type":"Feature","geometry":{"type":"Point","coordinates":[136.0709567,35.6596692]},"properties":{"z":2.4}},{"type":"Feature","geometry":{"type":"Point","coordinates":[136.0709053,35.6596526]},"properties":{"z":2.5}},{"type":"Feature","geometry":{"type":"Point","coordinates":[136.0708537,35.6596365]},"properties":{"z":2.5}},{"type":"Feature","geometry":{"type":"Point","coordinates":[136.0708005,35.6596243]},"properties":{"z":2.5}},{"type":"Feature","geometry":{"type":"Point","coordinates":[136.0707471,35.6596126]},"properties":{"z":2.5}},{"type":"Feature","geometry":{"type":"Point","coordinates":[136.0706943,35.6595993]},"properties":{"z":2.4}},{"type":"Feature","geometry":{"type":"Point","coordinates":[136.0706428,35.6595829]},"properties":{"z":2.4}},{"type":"Feature","geometry":{"type":"Point","coordinates":[136.0705894,35.6595712]},"properties":{"z":2.4}},{"type":"Feature","geometry":{"type":"Point","coordinates":[136.0705354,35.6595615]},"properties":{"z":2.2}},{"type":"Feature","geometry":{"type":"Point","coordinates":[136.0704809,35.6595537]},"properties":{"z":2.2}},{"type":"Feature","geometry":{"type":"Point","coordinates":[136.0704272,35.6595429]},"properties":{"z":2.1}},{"type":"Feature","geometry":{"type":"Point","coordinates":[136.0703736,35.6595319]},"properties":{"z":2.0}},{"type":"Feature","geometry":{"type":"Point","coordinates":[136.0703199,35.659521]},"properties":{"z":2.0}},{"type":"Feature","geometry":{"type":"Point","coordinates":[136.0702671,35.6595078]},"properties":{"z":1.9}},{"type":"Feature","geometry":{"type":"Point","coordinates":[136.0702145,35.6594937]},"properties":{"z":1.8}},{"type":"Feature","geometry":{"type":"Point","coordinates":[136.0701624,35.6594786]},"properties":{"z":1.8}},{"type":"Feature","geometry":{"type":"Point","coordinates":[136.0701109,35.6594621]},"properties":{"z":1.7}},{"type":"Feature","geometry":{"type":"Point","coordinates":[136.0700603,35.659444]},"properties":{"z":1.7}},{"type":"Feature","geometry":{"type":"Point","coordinates":[136.0700097,35.6594259]},"properties":{"z":1.5}},{"type":"Feature","geometry":{"type":"Point","coordinates":[136.0699589,35.6594081]},"properties":{"z":1.4}},{"type":"Feature","geometry":{"type":"Point","coordinates":[136.0699085,35.6593896]},"properties":{"z":1.4}},{"type":"Feature","geometry":{"type":"Point","coordinates":[136.0698586,35.6593702]},"properties":{"z":1.3}},{"type":"Feature","geometry":{"type":"Point","coordinates":[136.0698061,35.659356]},"properties":{"z":1.3}},{"type":"Feature","geometry":{"type":"Point","coordinates":[136.0697521,35.6593467]},"properties":{"z":1.2}},{"type":"Feature","geometry":{"type":"Point","coordinates":[136.0697036,35.6593288]},"properties":{"z":1.1}},{"type":"Feature","geometry":{"type":"Point","coordinates":[136.06965,35.6593178]},"properties":{"z":1.1}},{"type":"Feature","geometry":{"type":"Point","coordinates":[136.0695986,35.6593014]},"properties":{"z":1.0}},{"type":"Feature","geometry":{"type":"Point","coordinates":[136.0695477,35.6592838]},"properties":{"z":1.0}},{"type":"Feature","geometry":{"type":"Point","coordinates":[136.0694982,35.6592637]},"properties":{"z":0.9}},{"type":"Feature","geometry":{"type":"Point","coordinates":[136.0694469,35.659247]},"properties":{"z":0.7}},{"type":"Feature","geometry":{"type":"Point","coordinates":[136.0693933,35.659236]},"properties":{"z":0.7}},{"type":"Feature","geometry":{"type":"Point","coordinates":[136.0693453,35.6592139]},"properties":{"z":0.6}},{"type":"Feature","geometry":{"type":"Point","coordinates":[136.0692969,35.6591947]},"properties":{"z":0.6}},{"type":"Feature","geometry":{"type":"Point","coordinates":[136.0692422,35.6591973]},"properties":{"z":0.5}},{"type":"Feature","geometry":{"type":"Point","coordinates":[136.0691879,35.6591889]},"properties":{"z":0.5}},{"type":"Feature","geometry":{"type":"Point","coordinates":[136.0691345,35.6591773]},"properties":{"z":0.5}},{"type":"Feature","geometry":{"type":"Point","coordinates":[136.069084,35.6591595]},"properties":{"z":0.5}},{"type":"Feature","geometry":{"type":"Point","coordinates":[136.0690367,35.6591362]},"properties":{"z":0.5}},{"type":"Feature","geometry":{"type":"Point","coordinates":[136.0689838,35.6591253]},"properties":{"z":0.4}},{"type":"Feature","geometry":{"type":"Point","coordinates":[136.0689322,35.6591376]},"properties":{"z":0.4}},{"type":"Feature","geometry":{"type":"Point","coordinates":[136.0688769,35.6591367]},"properties":{"z":0.4}},{"type":"Feature","geometry":{"type":"Point","coordinates":[136.0688228,35.6591278]},"properties":{"z":0.4}},{"type":"Feature","geometry":{"type":"Point","coordinates":[136.0687693,35.6591165]},"properties":{"z":0.4}},{"type":"Feature","geometry":{"type":"Point","coordinates":[136.0687194,35.6590985]},"properties":{"z":0.5}},{"type":"Feature","geometry":{"type":"Point","coordinates":[136.0686719,35.6590765]},"properties":{"z":0.5}},{"type":"Feature","geometry":{"type":"Point","coordinates":[136.0686175,35.6590721]},"properties":{"z":0.5}},{"type":"Feature","geometry":{"type":"Point","coordinates":[136.0685636,35.6590621]},"properties":{"z":0.4}},{"type":"Feature","geometry":{"type":"Point","coordinates":[136.068512,35.6590467]},"properties":{"z":0.4}},{"type":"Feature","geometry":{"type":"Point","coordinates":[136.0684586,35.6590352]},"properties":{"z":0.5}},{"type":"Feature","geometry":{"type":"Point","coordinates":[136.0684073,35.6590186]},"properties":{"z":0.5}},{"type":"Feature","geometry":{"type":"Point","coordinates":[136.0683608,35.6589948]},"properties":{"z":0.5}},{"type":"Feature","geometry":{"type":"Point","coordinates":[136.0683093,35.6589784]},"properties":{"z":0.5}},{"type":"Feature","geometry":{"type":"Point","coordinates":[136.0682575,35.6589627]},"properties":{"z":0.5}},{"type":"Feature","geometry":{"type":"Point","coordinates":[136.0682035,35.658954]},"properties":{"z":0.5}},{"type":"Feature","geometry":{"type":"Point","coordinates":[136.0681504,35.6589418]},"properties":{"z":0.5}},{"type":"Feature","geometry":{"type":"Point","coordinates":[136.0681005,35.6589227]},"properties":{"z":0.5}},{"type":"Feature","geometry":{"type":"Point","coordinates":[136.0680514,35.6589019]},"properties":{"z":0.4}},{"type":"Feature","geometry":{"type":"Point","coordinates":[136.0679989,35.6588895]},"properties":{"z":0.5}},{"type":"Feature","geometry":{"type":"Point","coordinates":[136.0679447,35.6588804]},"properties":{"z":0.5}},{"type":"Feature","geometry":{"type":"Point","coordinates":[136.0678908,35.6588703]},"properties":{"z":0.5}},{"type":"Feature","geometry":{"type":"Point","coordinates":[136.0678369,35.6588601]},"properties":{"z":0.5}},{"type":"Feature","geometry":{"type":"Point","coordinates":[136.0677829,35.6588503]},"properties":{"z":0.5}},{"type":"Feature","geometry":{"type":"Point","coordinates":[136.0677294,35.6588391]},"properties":{"z":0.5}},{"type":"Feature","geometry":{"type":"Point","coordinates":[136.0676905,35.6588103]},"properties":{"z":0.5}},{"type":"Feature","geometry":{"type":"Point","coordinates":[136.0676703,35.6587689]},"properties":{"z":0.5}},{"type":"Feature","geometry":{"type":"Point","coordinates":[136.0676397,35.6587316]},"properties":{"z":0.5}},{"type":"Feature","geometry":{"type":"Point","coordinates":[136.0676013,35.6586993]},"properties":{"z":0.5}},{"type":"Feature","geometry":{"type":"Point","coordinates":[136.0675507,35.6586833]},"properties":{"z":0.6}},{"type":"Feature","geometry":{"type":"Point","coordinates":[136.0674962,35.6586779]},"properties":{"z":0.6}},{"type":"Feature","geometry":{"type":"Point","coordinates":[136.0674416,35.6586722]},"properties":{"z":0.6}},{"type":"Feature","geometry":{"type":"Point","coordinates":[136.0673902,35.6586555]},"properties":{"z":0.5}},{"type":"Feature","geometry":{"type":"Point","coordinates":[136.0673386,35.6586392]},"properties":{"z":0.5}},{"type":"Feature","geometry":{"type":"Point","coordinates":[136.0672855,35.6586266]},"properties":{"z":0.5}},{"type":"Feature","geometry":{"type":"Point","coordinates":[136.0672327,35.6586133]},"properties":{"z":0.5}},{"type":"Feature","geometry":{"type":"Point","coordinates":[136.06718,35.6585995]},"properties":{"z":0.5}},{"type":"Feature","geometry":{"type":"Point","coordinates":[136.0671269,35.658587]},"properties":{"z":0.5}},{"type":"Feature","geometry":{"type":"Point","coordinates":[136.067073,35.6585767]},"properties":{"z":0.5}},{"type":"Feature","geometry":{"type":"Point","coordinates":[136.0670201,35.6585635]},"properties":{"z":0.5}},{"type":"Feature","geometry":{"type":"Point","coordinates":[136.0669678,35.658549]},"properties":{"z":0.5}},{"type":"Feature","geometry":{"type":"Point","coordinates":[136.0669152,35.658535]},"properties":{"z":0.5}},{"type":"Feature","geometry":{"type":"Point","coordinates":[136.066862,35.6585228]},"properties":{"z":0.5}},{"type":"Feature","geometry":{"type":"Point","coordinates":[136.0668097,35.6585081]},"properties":{"z":0.5}},{"type":"Feature","geometry":{"type":"Point","coordinates":[136.0667565,35.6584956]},"properties":{"z":0.4}},{"type":"Feature","geometry":{"type":"Point","coordinates":[136.0667042,35.6584809]},"properties":{"z":0.4}},{"type":"Feature","geometry":{"type":"Point","coordinates":[136.0666523,35.6584655]},"properties":{"z":0.4}},{"type":"Feature","geometry":{"type":"Point","coordinates":[136.0666004,35.6584499]},"properties":{"z":0.4}},{"type":"Feature","geometry":{"type":"Point","coordinates":[136.066548,35.6584355]},"properties":{"z":0.4}},{"type":"Feature","geometry":{"type":"Point","coordinates":[136.0664957,35.6584207]},"properties":{"z":0.3}},{"type":"Feature","geometry":{"type":"Point","coordinates":[136.0664434,35.6584061]},"properties":{"z":0.3}},{"type":"Feature","geometry":{"type":"Point","coordinates":[136.0663908,35.6583923]},"properties":{"z":0.3}},{"type":"Feature","geometry":{"type":"Point","coordinates":[136.0663387,35.6583772]},"properties":{"z":0.3}},{"type":"Feature","geometry":{"type":"Point","coordinates":[136.0662868,35.6583616]},"properties":{"z":0.3}},{"type":"Feature","geometry":{"type":"Point","coordinates":[136.0662348,35.6583463]},"properties":{"z":0.3}},{"type":"Feature","geometry":{"type":"Point","coordinates":[136.0661825,35.6583315]},"properties":{"z":0.3}},{"type":"Feature","geometry":{"type":"Point","coordinates":[136.0661302,35.6583169]},"properties":{"z":0.3}},{"type":"Feature","geometry":{"type":"Point","coordinates":[136.0660776,35.658303]},"properties":{"z":0.2}},{"type":"Feature","geometry":{"type":"Point","coordinates":[136.0660257,35.6582874]},"properties":{"z":0.2}},{"type":"Feature","geometry":{"type":"Point","coordinates":[136.0659732,35.6582733]},"properties":{"z":0.2}},{"type":"Feature","geometry":{"type":"Point","coordinates":[136.065921,35.6582584]},"properties":{"z":0.2}},{"type":"Feature","geometry":{"type":"Point","coordinates":[136.0658698,35.6582419]},"properties":{"z":0.2}},{"type":"Feature","geometry":{"type":"Point","coordinates":[136.0658178,35.6582281]},"properties":{"z":0.2}},{"type":"Feature","geometry":{"type":"Point","coordinates":[136.0657654,35.6582145]},"properties":{"z":0.2}},{"type":"Feature","geometry":{"type":"Point","coordinates":[136.0657128,35.6582008]},"properties":{"z":0.2}},{"type":"Feature","geometry":{"type":"Point","coordinates":[136.065663,35.6581816]},"properties":{"z":0.2}},{"type":"Feature","geometry":{"type":"Point","coordinates":[136.0656111,35.658166]},"properties":{"z":0.2}},{"type":"Feature","geometry":{"type":"Point","coordinates":[136.0655595,35.6581499]},"properties":{"z":0.2}},{"type":"Feature","geometry":{"type":"Point","coordinates":[136.0655068,35.6581362]},"properties":{"z":0.2}},{"type":"Feature","geometry":{"type":"Point","coordinates":[136.0654546,35.6581214]},"properties":{"z":0.2}},{"type":"Feature","geometry":{"type":"Point","coordinates":[136.0654021,35.6581072]},"properties":{"z":0.2}},{"type":"Feature","geometry":{"type":"Point","coordinates":[136.0653501,35.6580918]},"properties":{"z":0.2}},{"type":"Feature","geometry":{"type":"Point","coordinates":[136.0652985,35.6580758]},"properties":{"z":0.2}},{"type":"Feature","geometry":{"type":"Point","coordinates":[136.0652459,35.6580618]},"properties":{"z":0.2}},{"type":"Feature","geometry":{"type":"Point","coordinates":[136.0651941,35.6580461]},"properties":{"z":0.2}},{"type":"Feature","geometry":{"type":"Point","coordinates":[136.0651419,35.6580311]},"properties":{"z":0.3}},{"type":"Feature","geometry":{"type":"Point","coordinates":[136.0650894,35.6580169]},"properties":{"z":0.3}},{"type":"Feature","geometry":{"type":"Point","coordinates":[136.0650368,35.6580033]},"properties":{"z":0.3}},{"type":"Feature","geometry":{"type":"Point","coordinates":[136.0649852,35.657987]},"properties":{"z":0.3}},{"type":"Feature","geometry":{"type":"Point","coordinates":[136.0649334,35.6579713]},"properties":{"z":0.3}},{"type":"Feature","geometry":{"type":"Point","coordinates":[136.0648815,35.6579556]},"properties":{"z":0.3}},{"type":"Feature","geometry":{"type":"Point","coordinates":[136.0648298,35.6579396]},"properties":{"z":0.3}},{"type":"Feature","geometry":{"type":"Point","coordinates":[136.0647785,35.6579227]},"properties":{"z":0.3}},{"type":"Feature","geometry":{"type":"Point","coordinates":[136.0647258,35.6579092]},"properties":{"z":0.3}},{"type":"Feature","geometry":{"type":"Point","coordinates":[136.0646738,35.6578943]},"properties":{"z":0.3}},{"type":"Feature","geometry":{"type":"Point","coordinates":[136.0646225,35.6578774]},"properties":{"z":0.2}},{"type":"Feature","geometry":{"type":"Point","coordinates":[136.0645704,35.6578623]},"properties":{"z":0.2}},{"type":"Feature","geometry":{"type":"Point","coordinates":[136.0645184,35.6578469]},"properties":{"z":0.2}},{"type":"Feature","geometry":{"type":"Point","coordinates":[136.0644665,35.6578314]},"properties":{"z":0.2}},{"type":"Feature","geometry":{"type":"Point","coordinates":[136.0644142,35.6578168]},"properties":{"z":0.2}},{"type":"Feature","geometry":{"type":"Point","coordinates":[136.0643621,35.6578016]},"properties":{"z":0.2}},{"type":"Feature","geometry":{"type":"Point","coordinates":[136.0643101,35.6577861]},"properties":{"z":0.2}},{"type":"Feature","geometry":{"type":"Point","coordinates":[136.0642573,35.657773]},"properties":{"z":0.2}},{"type":"Feature","geometry":{"type":"Point","coordinates":[136.0642041,35.6577607]},"properties":{"z":0.2}},{"type":"Feature","geometry":{"type":"Point","coordinates":[136.0641514,35.6577469]},"properties":{"z":0.2}},{"type":"Feature","geometry":{"type":"Point","coordinates":[136.0640993,35.6577319]},"properties":{"z":0.2}},{"type":"Feature","geometry":{"type":"Point","coordinates":[136.0640474,35.6577164]},"properties":{"z":0.2}},{"type":"Feature","geometry":{"type":"Point","coordinates":[136.063996,35.6576996]},"properties":{"z":0.2}},{"type":"Feature","geometry":{"type":"Point","coordinates":[136.0639447,35.6576828]},"properties":{"z":0.1}},{"type":"Feature","geometry":{"type":"Point","coordinates":[136.0638924,35.6576683]},"properties":{"z":0.1}},{"type":"Feature","geometry":{"type":"Point","coordinates":[136.06384,35.6576539]},"properties":{"z":0.1}},{"type":"Feature","geometry":{"type":"Point","coordinates":[136.063788,35.6576385]},"properties":{"z":0.2}},{"type":"Feature","geometry":{"type":"Point","coordinates":[136.0637361,35.6576228]},"properties":{"z":0.1}},{"type":"Feature","geometry":{"type":"Point","coordinates":[136.0636841,35.6576076]},"properties":{"z":0.1}},{"type":"Feature","geometry":{"type":"Point","coordinates":[136.0636319,35.6575925]},"properties":{"z":0.1}},{"type":"Feature","geometry":{"type":"Point","coordinates":[136.0635799,35.6575772]},"properties":{"z":0.1}},{"type":"Feature","geometry":{"type":"Point","coordinates":[136.063528,35.6575618]},"properties":{"z":0.2}},{"type":"Feature","geometry":{"type":"Point","coordinates":[136.0634749,35.6575493]},"properties":{"z":0.2}},{"type":"Feature","geometry":{"type":"Point","coordinates":[136.0634214,35.6575377]},"properties":{"z":0.2}},{"type":"Feature","geometry":{"type":"Point","coordinates":[136.0633688,35.657524]},"properties":{"z":0.2}},{"type":"Feature","geometry":{"type":"Point","coordinates":[136.0633162,35.6575099]},"properties":{"z":0.1}},{"type":"Feature","geometry":{"type":"Point","coordinates":[136.0632629,35.657498]},"properties":{"z":0.1}},{"type":"Feature","geometry":{"type":"Point","coordinates":[136.0632094,35.6574863]},"properties":{"z":0.1}},{"type":"Feature","geometry":{"type":"Point","coordinates":[136.063157,35.657472]},"properties":{"z":0.1}},{"type":"Feature","geometry":{"type":"Point","coordinates":[136.0631045,35.6574577]},"properties":{"z":0.1}},{"type":"Feature","geometry":{"type":"Point","coordinates":[136.0630517,35.6574444]},"properties":{"z":0.1}},{"type":"Feature","geometry":{"type":"Point","coordinates":[136.0629988,35.6574313]},"properties":{"z":0.1}},{"type":"Feature","geometry":{"type":"Point","coordinates":[136.0629455,35.6574191]},"properties":{"z":0.1}},{"type":"Feature","geometry":{"type":"Point","coordinates":[136.0628925,35.6574062]},"properties":{"z":0.1}},{"type":"Feature","geometry":{"type":"Point","coordinates":[136.06284,35.6573922]},"properties":{"z":0.1}},{"type":"Feature","geometry":{"type":"Point","coordinates":[136.062787,35.6573794]},"properties":{"z":0.1}},{"type":"Feature","geometry":{"type":"Point","coordinates":[136.0627335,35.6573679]},"properties":{"z":0.1}},{"type":"Feature","geometry":{"type":"Point","coordinates":[136.06268,35.6573564]},"properties":{"z":0.2}},{"type":"Feature","geometry":{"type":"Point","coordinates":[136.0626269,35.657344]},"properties":{"z":0.2}},{"type":"Feature","geometry":{"type":"Point","coordinates":[136.0625767,35.6573252]},"properties":{"z":0.1}},{"type":"Feature","geometry":{"type":"Point","coordinates":[136.0625261,35.657307]},"properties":{"z":0.1}},{"type":"Feature","geometry":{"type":"Point","coordinates":[136.0624752,35.6572894]},"properties":{"z":0.1}},{"type":"Feature","geometry":{"type":"Point","coordinates":[136.0624236,35.6572732]},"properties":{"z":0.1}},{"type":"Feature","geometry":{"type":"Point","coordinates":[136.062376,35.657251]},"properties":{"z":0.1}},{"type":"Feature","geometry":{"type":"Point","coordinates":[136.0623376,35.6572207]},"properties":{"z":0.2}},{"type":"Feature","geometry":{"type":"Point","coordinates":[136.0623202,35.657178]},"properties":{"z":0.2}},{"type":"Feature","geometry":{"type":"Point","coordinates":[136.0623072,35.6571343]},"properties":{"z":0.2}},{"type":"Feature","geometry":{"type":"Point","coordinates":[136.0623017,35.6570898]},"properties":{"z":0.2}},{"type":"Feature","geometry":{"type":"Point","coordinates":[136.0623016,35.6570449]},"properties":{"z":0.2}},{"type":"Feature","geometry":{"type":"Point","coordinates":[136.0623052,35.657]},"properties":{"z":0.2}},{"type":"Feature","geometry":{"type":"Point","coordinates":[136.0623111,35.6569553]},"properties":{"z":0.2}},{"type":"Feature","geometry":{"type":"Point","coordinates":[136.0623211,35.6569111]},"properties":{"z":0.2}},{"type":"Feature","geometry":{"type":"Point","coordinates":[136.062331,35.6568669]},"properties":{"z":0.2}},{"type":"Feature","geometry":{"type":"Point","coordinates":[136.0623355,35.6568224]},"properties":{"z":0.2}},{"type":"Feature","geometry":{"type":"Point","coordinates":[136.0623206,35.6567822]},"properties":{"z":0.3}},{"type":"Feature","geometry":{"type":"Point","coordinates":[136.0622766,35.656757]},"properties":{"z":0.3}},{"type":"Feature","geometry":{"type":"Point","coordinates":[136.0622219,35.6567502]},"properties":{"z":0.3}},{"type":"Feature","geometry":{"type":"Point","coordinates":[136.0621673,35.6567431]},"properties":{"z":0.3}},{"type":"Feature","geometry":{"type":"Point","coordinates":[136.0621134,35.6567331]},"properties":{"z":0.3}},{"type":"Feature","geometry":{"type":"Point","coordinates":[136.06206,35.6567213]},"properties":{"z":0.2}},{"type":"Feature","geometry":{"type":"Point","coordinates":[136.0620066,35.6567095]},"properties":{"z":0.2}},{"type":"Feature","geometry":{"type":"Point","coordinates":[136.0619528,35.6566992]},"properties":{"z":0.2}},{"type":"Feature","geometry":{"type":"Point","coordinates":[136.0618988,35.6566892]},"properties":{"z":0.2}},{"type":"Feature","geometry":{"type":"Point","coordinates":[136.0618449,35.6566793]},"properties":{"z":0.2}},{"type":"Feature","geometry":{"type":"Point","coordinates":[136.061791,35.6566689]},"properties":{"z":0.2}},{"type":"Feature","geometry":{"type":"Point","coordinates":[136.0617375,35.6566576]},"properties":{"z":0.3}},{"type":"Feature","geometry":{"type":"Point","coordinates":[136.0616838,35.6566468]},"properties":{"z":0.3}},{"type":"Feature","geometry":{"type":"Point","coordinates":[136.0616301,35.6566361]},"properties":{"z":0.2}},{"type":"Feature","geometry":{"type":"Point","coordinates":[136.061576,35.6566269]},"properties":{"z":0.2}},{"type":"Feature","geometry":{"type":"Point","coordinates":[136.0615211,35.6566212]},"properties":{"z":0.2}},{"type":"Feature","geometry":{"type":"Point","coordinates":[136.0614666,35.6566134]},"properties":{"z":0.2}},{"type":"Feature","geometry":{"type":"Point","coordinates":[136.0614177,35.6565935]},"properties":{"z":0.2}},{"type":"Feature","geometry":{"type":"Point","coordinates":[136.0614059,35.6565513]},"properties":{"z":0.2}},{"type":"Feature","geometry":{"type":"Point","coordinates":[136.0614085,35.6565064]},"properties":{"z":0.3}},{"type":"Feature","geometry":{"type":"Point","coordinates":[136.0614111,35.6564615]},"properties":{"z":0.3}},{"type":"Feature","geometry":{"type":"Point","coordinates":[136.0614102,35.6564166]},"properties":{"z":0.3}},{"type":"Feature","geometry":{"type":"Point","coordinates":[136.061407,35.6563717]},"properties":{"z":0.3}},{"type":"Feature","geometry":{"type":"Point","coordinates":[136.0614036,35.6563268]},"properties":{"z":0.3}},{"type":"Feature","geometry":{"type":"Point","coordinates":[136.0614089,35.6562821]},"properties":{"z":0.3}},{"type":"Feature","geometry":{"type":"Point","coordinates":[136.0614155,35.6562375]},"properties":{"z":0.3}},{"type":"Feature","geometry":{"type":"Point","coordinates":[136.0614217,35.656193]},"properties":{"z":0.3}},{"type":"Feature","geometry":{"type":"Point","coordinates":[136.0614108,35.6561489]},"properties":{"z":0.3}},{"type":"Feature","geometry":{"type":"Point","coordinates":[136.0614,35.656105]},"properties":{"z":0.4}},{"type":"Feature","geometry":{"type":"Point","coordinates":[136.0614136,35.6560614]},"properties":{"z":0.4}},{"type":"Feature","geometry":{"type":"Point","coordinates":[136.061422,35.656017]},"properties":{"z":0.4}},{"type":"Feature","geometry":{"type":"Point","coordinates":[136.0614301,35.6559725]},"properties":{"z":0.4}},{"type":"Feature","geometry":{"type":"Point","coordinates":[136.0614388,35.6559282]},"properties":{"z":0.4}},{"type":"Feature","geometry":{"type":"Point","coordinates":[136.0614474,35.6558837]},"properties":{"z":0.4}},{"type":"Feature","geometry":{"type":"Point","coordinates":[136.0614038,35.6558588]},"properties":{"z":0.4}},{"type":"Feature","geometry":{"type":"Point","coordinates":[136.06137,35.6558237]},"properties":{"z":0.4}},{"type":"Feature","geometry":{"type":"Point","coordinates":[136.0613329,35.6557906]},"properties":{"z":0.4}},{"type":"Feature","geometry":{"type":"Point","coordinates":[136.0612881,35.6557644]},"properties":{"z":0.4}},{"type":"Feature","geometry":{"type":"Point","coordinates":[136.0612393,35.6557437]},"properties":{"z":0.4}},{"type":"Feature","geometry":{"type":"Point","coordinates":[136.0611868,35.6557296]},"properties":{"z":0.4}},{"type":"Feature","geometry":{"type":"Point","coordinates":[136.0611359,35.655712]},"properties":{"z":0.4}},{"type":"Feature","geometry":{"type":"Point","coordinates":[136.0610837,35.6556973]},"properties":{"z":0.4}},{"type":"Feature","geometry":{"type":"Point","coordinates":[136.0610312,35.6556833]},"properties":{"z":0.4}},{"type":"Feature","geometry":{"type":"Point","coordinates":[136.0609803,35.6556658]},"properties":{"z":0.4}},{"type":"Feature","geometry":{"type":"Point","coordinates":[136.0609266,35.6556549]},"properties":{"z":0.4}},{"type":"Feature","geometry":{"type":"Point","coordinates":[136.0608724,35.6556461]},"properties":{"z":0.4}},{"type":"Feature","geometry":{"type":"Point","coordinates":[136.0608178,35.6556387]},"properties":{"z":0.4}},{"type":"Feature","geometry":{"type":"Point","coordinates":[136.0607683,35.655619]},"properties":{"z":0.4}},{"type":"Feature","geometry":{"type":"Point","coordinates":[136.0607176,35.6556014]},"properties":{"z":0.4}},{"type":"Feature","geometry":{"type":"Point","coordinates":[136.0606647,35.6555892]},"properties":{"z":0.5}},{"type":"Feature","geometry":{"type":"Point","coordinates":[136.0606096,35.6555854]},"properties":{"z":0.5}},{"type":"Feature","geometry":{"type":"Point","coordinates":[136.0605543,35.6555848]},"properties":{"z":0.5}},{"type":"Feature","geometry":{"type":"Point","coordinates":[136.060499,35.6555854]},"properties":{"z":0.5}},{"type":"Feature","geometry":{"type":"Point","coordinates":[136.0604443,35.655579]},"properties":{"z":0.5}},{"type":"Feature","geometry":{"type":"Point","coordinates":[136.0603903,35.6555697]},"properties":{"z":0.6}},{"type":"Feature","geometry":{"type":"Point","coordinates":[136.0603375,35.6555562]},"properties":{"z":0.6}},{"type":"Feature","geometry":{"type":"Point","coordinates":[136.0602824,35.6555535]},"properties":{"z":0.6}},{"type":"Feature","geometry":{"type":"Point","coordinates":[136.0602274,35.6555494]},"properties":{"z":0.7}},{"type":"Feature","geometry":{"type":"Point","coordinates":[136.0601727,35.6555428]},"properties":{"z":0.8}},{"type":"Feature","geometry":{"type":"Point","coordinates":[136.0601185,35.6555338]},"properties":{"z":0.8}},{"type":"Feature","geometry":{"type":"Point","coordinates":[136.0600645,35.6555238]},"properties":{"z":0.8}},{"type":"Feature","geometry":{"type":"Point","coordinates":[136.0600099,35.6555169]},"properties":{"z":0.8}},{"type":"Feature","geometry":{"type":"Point","coordinates":[136.0599557,35.6555079]},"properties":{"z":0.9}},{"type":"Feature","geometry":{"type":"Point","coordinates":[136.0599018,35.6554979]},"properties":{"z":0.9}},{"type":"Feature","geometry":{"type":"Point","coordinates":[136.0598477,35.6554885]},"properties":{"z":0.9}},{"type":"Feature","geometry":{"type":"Point","coordinates":[136.0597932,35.6554806]},"properties":{"z":1.0}},{"type":"Feature","geometry":{"type":"Point","coordinates":[136.0597391,35.6554714]},"properties":{"z":1.1}},{"type":"Feature","geometry":{"type":"Point","coordinates":[136.0596854,35.6554606]},"properties":{"z":1.1}},{"type":"Feature","geometry":{"type":"Point","coordinates":[136.0596308,35.6554534]},"properties":{"z":1.1}},{"type":"Feature","geometry":{"type":"Point","coordinates":[136.0595758,35.6554484]},"properties":{"z":1.1}},{"type":"Feature","geometry":{"type":"Point","coordinates":[136.0595207,35.6554468]},"properties":{"z":1.1}},{"type":"Feature","geometry":{"type":"Point","coordinates":[136.0594655,35.6554502]},"properties":{"z":1.2}},{"type":"Feature","geometry":{"type":"Point","coordinates":[136.0594142,35.6554667]},"properties":{"z":1.2}},{"type":"Feature","geometry":{"type":"Point","coordinates":[136.0593687,35.6554914]},"properties":{"z":1.1}},{"type":"Feature","geometry":{"type":"Point","coordinates":[136.0593264,35.6555204]},"properties":{"z":1.1}},{"type":"Feature","geometry":{"type":"Point","coordinates":[136.05928,35.6555448]},"properties":{"z":1.2}},{"type":"Feature","geometry":{"type":"Point","coordinates":[136.0592312,35.6555647]},"properties":{"z":1.2}},{"type":"Feature","geometry":{"type":"Point","coordinates":[136.0591772,35.6555744]},"properties":{"z":1.2}},{"type":"Feature","geometry":{"type":"Point","coordinates":[136.0591223,35.655578]},"properties":{"z":1.2}},{"type":"Feature","geometry":{"type":"Point","coordinates":[136.0590672,35.6555773]},"properties":{"z":1.2}},{"type":"Feature","geometry":{"type":"Point","coordinates":[136.0590132,35.6555675]},"properties":{"z":1.3}},{"type":"Feature","geometry":{"type":"Point","coordinates":[136.0589594,35.655557]},"properties":{"z":1.3}},{"type":"Feature","geometry":{"type":"Point","coordinates":[136.0589056,35.6555464]},"properties":{"z":1.4}},{"type":"Feature","geometry":{"type":"Point","coordinates":[136.0588516,35.6555366]},"properties":{"z":1.4}},{"type":"Feature","geometry":{"type":"Point","coordinates":[136.0587983,35.6555248]},"properties":{"z":1.5}},{"type":"Feature","geometry":{"type":"Point","coordinates":[136.058746,35.6555104]},"properties":{"z":1.5}},{"type":"Feature","geometry":{"type":"Point","coordinates":[136.0586947,35.6554934]},"properties":{"z":1.5}},{"type":"Feature","geometry":{"type":"Point","coordinates":[136.0586425,35.6554787]},"properties":{"z":1.5}},{"type":"Feature","geometry":{"type":"Point","coordinates":[136.0585912,35.655462]},"properties":{"z":1.6}},{"type":"Feature","geometry":{"type":"Point","coordinates":[136.0585405,35.6554438]},"properties":{"z":1.6}},{"type":"Feature","geometry":{"type":"Point","coordinates":[136.0584902,35.6554252]},"properties":{"z":1.6}},{"type":"Feature","geometry":{"type":"Point","coordinates":[136.0584384,35.6554095]},"properties":{"z":1.7}},{"type":"Feature","geometry":{"type":"Point","coordinates":[136.058386,35.6553951]},"properties":{"z":1.7}},{"type":"Feature","geometry":{"type":"Point","coordinates":[136.0583351,35.6553775]},"properties":{"z":1.7}},{"type":"Feature","geometry":{"type":"Point","coordinates":[136.0582836,35.6553611]},"properties":{"z":1.7}},{"type":"Feature","geometry":{"type":"Point","coordinates":[136.0582317,35.6553457]},"properties":{"z":1.7}},{"type":"Feature","geometry":{"type":"Point","coordinates":[136.0581794,35.6553309]},"properties":{"z":1.9}},{"type":"Feature","geometry":{"type":"Point","coordinates":[136.0581282,35.6553141]},"properties":{"z":1.9}},{"type":"Feature","geometry":{"type":"Point","coordinates":[136.0580777,35.6552957]},"properties":{"z":1.9}},{"type":"Feature","geometry":{"type":"Point","coordinates":[136.0580266,35.6552784]},"properties":{"z":1.9}},{"type":"Feature","geometry":{"type":"Point","coordinates":[136.0579767,35.6552591]},"properties":{"z":2.0}},{"type":"Feature","geometry":{"type":"Point","coordinates":[136.0579265,35.6552403]},"properties":{"z":2.0}},{"type":"Feature","geometry":{"type":"Point","coordinates":[136.0578756,35.6552226]},"properties":{"z":2.0}},{"type":"Feature","geometry":{"type":"Point","coordinates":[136.0578236,35.6552073]},"properties":{"z":2.1}},{"type":"Feature","geometry":{"type":"Point","coordinates":[136.0577694,35.6551999]},"properties":{"z":2.2}},{"type":"Feature","geometry":{"type":"Point","coordinates":[136.0577145,35.6551943]},"properties":{"z":2.2}},{"type":"Feature","geometry":{"type":"Point","coordinates":[136.0576605,35.6551846]},"properties":{"z":2.2}},{"type":"Feature","geometry":{"type":"Point","coordinates":[136.057607,35.6551731]},"properties":{"z":2.2}},{"type":"Feature","geometry":{"type":"Point","coordinates":[136.0575546,35.655159]},"properties":{"z":2.2}},{"type":"Feature","geometry":{"type":"Point","coordinates":[136.0575042,35.6551406]},"properties":{"z":2.3}},{"type":"Feature","geometry":{"type":"Point","coordinates":[136.0574538,35.6551219]},"properties":{"z":2.4}},{"type":"Feature","geometry":{"type":"Point","coordinates":[136.057403,35.6551042]},"properties":{"z":2.4}},{"type":"Feature","geometry":{"type":"Point","coordinates":[136.0573517,35.6550873]},"properties":{"z":2.4}},{"type":"Feature","geometry":{"type":"Point","coordinates":[136.0573009,35.6550695]},"properties":{"z":2.4}},{"type":"Feature","geometry":{"type":"Point","coordinates":[136.0572502,35.6550516]},"properties":{"z":2.5}},{"type":"Feature","geometry":{"type":"Point","coordinates":[136.0571996,35.6550333]},"properties":{"z":2.5}},{"type":"Feature","geometry":{"type":"Point","coordinates":[136.0571469,35.6550202]},"properties":{"z":2.6}},{"type":"Feature","geometry":{"type":"Point","coordinates":[136.0570932,35.6550095]},"properties":{"z":2.6}},{"type":"Feature","geometry":{"type":"Point","coordinates":[136.0570385,35.6550027]},"properties":{"z":2.6}},{"type":"Feature","geometry":{"type":"Point","coordinates":[136.0569841,35.6549946]},"properties":{"z":2.7}},{"type":"Feature","geometry":{"type":"Point","coordinates":[136.0569305,35.654984]},"properties":{"z":2.7}},{"type":"Feature","geometry":{"type":"Point","coordinates":[136.0568796,35.6549664]},"properties":{"z":2.7}},{"type":"Feature","geometry":{"type":"Point","coordinates":[136.0568276,35.6549512]},"properties":{"z":2.7}},{"type":"Feature","geometry":{"type":"Point","coordinates":[136.0567742,35.6549396]},"properties":{"z":2.7}},{"type":"Feature","geometry":{"type":"Point","coordinates":[136.0567201,35.6549305]},"properties":{"z":2.8}},{"type":"Feature","geometry":{"type":"Point","coordinates":[136.0566648,35.6549288]},"properties":{"z":2.8}},{"type":"Feature","geometry":{"type":"Point","coordinates":[136.0566099,35.6549237]},"properties":{"z":2.9}},{"type":"Feature","geometry":{"type":"Point","coordinates":[136.0565551,35.6549177]},"properties":{"z":2.9}},{"type":"Feature","geometry":{"type":"Point","coordinates":[136.0565003,35.6549117]},"properties":{"z":2.9}},{"type":"Feature","geometry":{"type":"Point","coordinates":[136.0564456,35.6549048]},"properties":{"z":2.9}},{"type":"Feature","geometry":{"type":"Point","coordinates":[136.0563911,35.6548976]},"properties":{"z":2.9}},{"type":"Feature","geometry":{"type":"Point","coordinates":[136.0563359,35.6548947]},"properties":{"z":2.9}},{"type":"Feature","geometry":{"type":"Point","coordinates":[136.0562807,35.6548973]},"properties":{"z":2.9}},{"type":"Feature","geometry":{"type":"Point","coordinates":[136.0562254,35.6548994]},"properties":{"z":2.9}},{"type":"Feature","geometry":{"type":"Point","coordinates":[136.0561702,35.6548976]},"properties":{"z":2.9}},{"type":"Feature","geometry":{"type":"Point","coordinates":[136.056115,35.6549]},"properties":{"z":2.8}},{"type":"Feature","geometry":{"type":"Point","coordinates":[136.05606,35.6548952]},"properties":{"z":2.8}},{"type":"Feature","geometry":{"type":"Point","coordinates":[136.0560049,35.6548912]},"properties":{"z":2.8}},{"type":"Feature","geometry":{"type":"Point","coordinates":[136.0559497,35.6548899]},"properties":{"z":2.8}},{"type":"Feature","geometry":{"type":"Point","coordinates":[136.0559057,35.6549017]},"properties":{"z":2.8}},{"type":"Feature","geometry":{"type":"Point","coordinates":[136.0559609,35.6549003]},"properties":{"z":2.8}},{"type":"Feature","geometry":{"type":"Point","coordinates":[136.0560161,35.6549006]},"properties":{"z":2.8}},{"type":"Feature","geometry":{"type":"Point","coordinates":[136.0560712,35.6549047]},"properties":{"z":2.8}},{"type":"Feature","geometry":{"type":"Point","coordinates":[136.0561254,35.6549024]},"properties":{"z":2.8}},{"type":"Feature","geometry":{"type":"Point","coordinates":[136.0561792,35.6548943]},"properties":{"z":2.9}},{"type":"Feature","geometry":{"type":"Point","coordinates":[136.0562345,35.6548945]},"properties":{"z":2.9}},{"type":"Feature","geometry":{"type":"Point","coordinates":[136.0562896,35.6548917]},"properties":{"z":2.9}},{"type":"Feature","geometry":{"type":"Point","coordinates":[136.0563448,35.6548935]},"properties":{"z":2.9}},{"type":"Feature","geometry":{"type":"Point","coordinates":[136.0563999,35.6548968]},"properties":{"z":2.9}},{"type":"Feature","geometry":{"type":"Point","coordinates":[136.0564551,35.6548958]},"properties":{"z":2.9}},{"type":"Feature","geometry":{"type":"Point","coordinates":[136.0564552,35.6549037]},"properties":{"z":2.9}},{"type":"Feature","geometry":{"type":"Point","coordinates":[136.0564024,35.6548906]},"properties":{"z":2.9}},{"type":"Feature","geometry":{"type":"Point","coordinates":[136.0563478,35.6548838]},"properties":{"z":2.9}},{"type":"Feature","geometry":{"type":"Point","coordinates":[136.0562929,35.6548786]},"properties":{"z":2.9}},{"type":"Feature","geometry":{"type":"Point","coordinates":[136.0562379,35.6548732]},"properties":{"z":2.9}},{"type":"Feature","geometry":{"type":"Point","coordinates":[136.056183,35.6548684]},"properties":{"z":2.9}},{"type":"Feature","geometry":{"type":"Point","coordinates":[136.0561276,35.6548682]},"properties":{"z":2.8}},{"type":"Feature","geometry":{"type":"Point","coordinates":[136.0560726,35.6548722]},"properties":{"z":2.8}},{"type":"Feature","geometry":{"type":"Point","coordinates":[136.0560177,35.6548773]},"properties":{"z":2.8}},{"type":"Feature","geometry":{"type":"Point","coordinates":[136.0559627,35.6548807]},"properties":{"z":2.8}},{"type":"Feature","geometry":{"type":"Point","coordinates":[136.0559075,35.6548779]},"properties":{"z":2.8}},{"type":"Feature","geometry":{"type":"Point","coordinates":[136.0558522,35.6548794]},"properties":{"z":2.8}},{"type":"Feature","geometry":{"type":"Point","coordinates":[136.0557969,35.6548782]},"properties":{"z":2.7}},{"type":"Feature","geometry":{"type":"Point","coordinates":[136.0557416,35.6548787]},"properties":{"z":2.7}},{"type":"Feature","geometry":{"type":"Point","coordinates":[136.0556863,35.6548797]},"properties":{"z":2.7}},{"type":"Feature","geometry":{"type":"Point","coordinates":[136.0556311,35.6548767]},"properties":{"z":2.6}},{"type":"Feature","geometry":{"type":"Point","coordinates":[136.0555763,35.6548705]},"properties":{"z":2.6}},{"type":"Feature","geometry":{"type":"Point","coordinates":[136.0555213,35.6548659]},"properties":{"z":2.6}},{"type":"Feature","geometry":{"type":"Point","coordinates":[136.0554663,35.6548615]},"properties":{"z":2.6}},{"type":"Feature","geometry":{"type":"Point","coordinates":[136.0554112,35.6548575]},"properties":{"z":2.6}},{"type":"Feature","geometry":{"type":"Point","coordinates":[136.0553559,35.6548577]},"properties":{"z":2.6}},{"type":"Feature","geometry":{"type":"Point","coordinates":[136.0553009,35.6548535]},"properties":{"z":2.6}},{"type":"Feature","geometry":{"type":"Point","coordinates":[136.0552457,35.6548516]},"properties":{"z":2.6}},{"type":"Feature","geometry":{"type":"Point","coordinates":[136.0551905,35.65485]},"properties":{"z":2.5}},{"type":"Feature","geometry":{"type":"Point","coordinates":[136.0551355,35.6548451]},"properties":{"z":2.5}},{"type":"Feature","geometry":{"type":"Point","coordinates":[136.0550804,35.6548411]},"properties":{"z":2.5}},{"type":"Feature","geometry":{"type":"Point","coordinates":[136.0550252,35.6548385]},"properties":{"z":2.5}},{"type":"Feature","geometry":{"type":"Point","coordinates":[136.0549699,35.6548379]},"properties":{"z":2.5}},{"type":"Feature","geometry":{"type":"Point","coordinates":[136.0549147,35.6548407]},"properties":{"z":2.5}},{"type":"Feature","geometry":{"type":"Point","coordinates":[136.0548595,35.6548435]},"properties":{"z":2.5}},{"type":"Feature","geometry":{"type":"Point","coordinates":[136.0548042,35.654845]},"properties":{"z":2.4}},{"type":"Feature","geometry":{"type":"Point","coordinates":[136.0547489,35.654847]},"properties":{"z":2.4}},{"type":"Feature","geometry":{"type":"Point","coordinates":[136.0546937,35.6548493]},"properties":{"z":2.4}},{"type":"Feature","geometry":{"type":"Point","coordinates":[136.0546387,35.6548544]},"properties":{"z":2.4}},{"type":"Feature","geometry":{"type":"Point","coordinates":[136.0545837,35.6548589]},"properties":{"z":2.3}},{"type":"Feature","geometry":{"type":"Point","coordinates":[136.0545284,35.6548583]},"properties":{"z":2.3}},{"type":"Feature","geometry":{"type":"Point","coordinates":[136.0544734,35.65486]},"properties":{"z":2.3}},{"type":"Feature","geometry":{"type":"Point","coordinates":[136.0544193,35.6548693]},"properties":{"z":2.3}},{"type":"Feature","geometry":{"type":"Point","coordinates":[136.0543644,35.6548727]},"properties":{"z":2.3}},{"type":"Feature","geometry":{"type":"Point","coordinates":[136.054309,35.6548728]},"properties":{"z":2.2}},{"type":"Feature","geometry":{"type":"Point","coordinates":[136.0542537,35.6548743]},"properties":{"z":2.2}},{"type":"Feature","geometry":{"type":"Point","coordinates":[136.0541985,35.6548751]},"properties":{"z":2.2}},{"type":"Feature","geometry":{"type":"Point","coordinates":[136.0541431,35.6548741]},"properties":{"z":2.2}},{"type":"Feature","geometry":{"type":"Point","coordinates":[136.0540878,35.6548732]},"properties":{"z":2.2}},{"type":"Feature","geometry":{"type":"Point","coordinates":[136.0540325,35.6548724]},"properties":{"z":2.1}},{"type":"Feature","geometry":{"type":"Point","coordinates":[136.0539772,35.6548721]},"properties":{"z":2.1}},{"type":"Feature","geometry":{"type":"Point","coordinates":[136.0539219,35.654872]},"properties":{"z":2.1}},{"type":"Feature","geometry":{"type":"Point","coordinates":[136.0538666,35.654871]},"properties":{"z":2.1}},{"type":"Feature","geometry":{"type":"Point","coordinates":[136.0538113,35.6548708]},"properties":{"z":2.1}},{"type":"Feature","geometry":{"type":"Point","coordinates":[136.0537563,35.6548758]},"properties":{"z":2.1}},{"type":"Feature","geometry":{"type":"Point","coordinates":[136.0537012,35.6548797]},"properties":{"z":2.0}},{"type":"Feature","geometry":{"type":"Point","coordinates":[136.053646,35.6548826]},"properties":{"z":2.0}},{"type":"Feature","geometry":{"type":"Point","coordinates":[136.0535909,35.6548862]},"properties":{"z":2.0}},{"type":"Feature","geometry":{"type":"Point","coordinates":[136.0535357,35.6548891]},"properties":{"z":2.0}},{"type":"Feature","geometry":{"type":"Point","coordinates":[136.0534804,35.6548904]},"properties":{"z":2.0}},{"type":"Feature","geometry":{"type":"Point","coordinates":[136.0534252,35.6548875]},"properties":{"z":2.0}},{"type":"Feature","geometry":{"type":"Point","coordinates":[136.0533701,35.6548841]},"properties":{"z":1.9}},{"type":"Feature","geometry":{"type":"Point","coordinates":[136.0533148,35.6548861]},"properties":{"z":1.9}},{"type":"Feature","geometry":{"type":"Point","coordinates":[136.0532597,35.6548892]},"properties":{"z":1.9}},{"type":"Feature","geometry":{"type":"Point","coordinates":[136.0532048,35.6548951]},"properties":{"z":1.9}},{"type":"Feature","geometry":{"type":"Point","coordinates":[136.0531502,35.6549023]},"properties":{"z":1.9}},{"type":"Feature","geometry":{"type":"Point","coordinates":[136.0530955,35.6549089]},"properties":{"z":1.8}},{"type":"Feature","geometry":{"type":"Point","coordinates":[136.0530405,35.6549136]},"properties":{"z":1.8}},{"type":"Feature","geometry":{"type":"Point","coordinates":[136.0529853,35.6549146]},"properties":{"z":1.8}},{"type":"Feature","geometry":{"type":"Point","coordinates":[136.05293,35.6549129]},"properties":{"z":1.8}},{"type":"Feature","geometry":{"type":"Point","coordinates":[136.052875,35.6549087]},"properties":{"z":1.8}},{"type":"Feature","geometry":{"type":"Point","coordinates":[136.05282,35.6549042]},"properties":{"z":1.8}},{"type":"Feature","geometry":{"type":"Point","coordinates":[136.0527646,35.6549038]},"properties":{"z":1.7}},{"type":"Feature","geometry":{"type":"Point","coordinates":[136.0527093,35.6549045]},"properties":{"z":1.7}},{"type":"Feature","geometry":{"type":"Point","coordinates":[136.052654,35.6549057]},"properties":{"z":1.7}},{"type":"Feature","geometry":{"type":"Point","coordinates":[136.0525987,35.6549067]},"properties":{"z":1.7}},{"type":"Feature","geometry":{"type":"Point","coordinates":[136.0525434,35.6549072]},"properties":{"z":1.7}},{"type":"Feature","geometry":{"type":"Point","coordinates":[136.0524881,35.6549072]},"properties":{"z":1.7}},{"type":"Feature","geometry":{"type":"Point","coordinates":[136.0524329,35.6549048]},"properties":{"z":1.6}},{"type":"Feature","geometry":{"type":"Point","coordinates":[136.0523777,35.6549011]},"properties":{"z":1.6}},{"type":"Feature","geometry":{"type":"Point","coordinates":[136.0523226,35.6548977]},"properties":{"z":1.6}},{"type":"Feature","geometry":{"type":"Point","coordinates":[136.0522674,35.6548943]},"properties":{"z":1.6}},{"type":"Feature","geometry":{"type":"Point","coordinates":[136.0522122,35.6548964]},"properties":{"z":1.6}},{"type":"Feature","geometry":{"type":"Point","coordinates":[136.0521569,35.6548971]},"properties":{"z":1.5}},{"type":"Feature","geometry":{"type":"Point","coordinates":[136.0521017,35.6548943]},"properties":{"z":1.5}},{"type":"Feature","geometry":{"type":"Point","coordinates":[136.0520467,35.6548979]},"properties":{"z":1.5}},{"type":"Feature","geometry":{"type":"Point","coordinates":[136.0519916,35.6549021]},"properties":{"z":1.5}},{"type":"Feature","geometry":{"type":"Point","coordinates":[136.0519364,35.654904]},"properties":{"z":1.4}},{"type":"Feature","geometry":{"type":"Point","coordinates":[136.0518811,35.6549053]},"properties":{"z":1.4}},{"type":"Feature","geometry":{"type":"Point","coordinates":[136.0518257,35.6549053]},"properties":{"z":1.4}},{"type":"Feature","geometry":{"type":"Point","coordinates":[136.0517706,35.6549084]},"properties":{"z":1.4}},{"type":"Feature","geometry":{"type":"Point","coordinates":[136.0517157,35.6549134]},"properties":{"z":1.4}},{"type":"Feature","geometry":{"type":"Point","coordinates":[136.0516608,35.6549189]},"properties":{"z":1.4}},{"type":"Feature","geometry":{"type":"Point","coordinates":[136.0516058,35.6549238]},"properties":{"z":1.4}},{"type":"Feature","geometry":{"type":"Point","coordinates":[136.0515506,35.6549268]},"properties":{"z":1.2}},{"type":"Feature","geometry":{"type":"Point","coordinates":[136.0514953,35.6549292]},"properties":{"z":1.2}},{"type":"Feature","geometry":{"type":"Point","coordinates":[136.0514401,35.6549302]},"properties":{"z":1.2}},{"type":"Feature","geometry":{"type":"Point","coordinates":[136.0513849,35.6549284]},"properties":{"z":1.2}},{"type":"Feature","geometry":{"type":"Point","coordinates":[136.0513308,35.6549378]},"properties":{"z":1.2}},{"type":"Feature","geometry":{"type":"Point","coordinates":[136.0512756,35.6549371]},"properties":{"z":1.2}},{"type":"Feature","geometry":{"type":"Point","coordinates":[136.0512206,35.6549415]},"properties":{"z":1.1}},{"type":"Feature","geometry":{"type":"Point","coordinates":[136.0511667,35.6549509]},"properties":{"z":1.1}},{"type":"Feature","geometry":{"type":"Point","coordinates":[136.0511139,35.6549641]},"properties":{"z":1.1}},{"type":"Feature","geometry":{"type":"Point","coordinates":[136.0510602,35.654975]},"properties":{"z":1.1}},{"type":"Feature","geometry":{"type":"Point","coordinates":[136.0510066,35.654986]},"properties":{"z":1.1}},{"type":"Feature","geometry":{"type":"Point","coordinates":[136.0509525,35.654995]},"properties":{"z":1.0}},{"type":"Feature","geometry":{"type":"Point","coordinates":[136.0508975,35.6549996]},"properties":{"z":1.0}},{"type":"Feature","geometry":{"type":"Point","coordinates":[136.0508433,35.6550081]},"properties":{"z":1.0}},{"type":"Feature","geometry":{"type":"Point","coordinates":[136.0507895,35.6550186]},"properties":{"z":0.9}},{"type":"Feature","geometry":{"type":"Point","coordinates":[136.050736,35.6550302]},"properties":{"z":0.9}},{"type":"Feature","geometry":{"type":"Point","coordinates":[136.0506838,35.6550447]},"properties":{"z":0.9}},{"type":"Feature","geometry":{"type":"Point","coordinates":[136.0506329,35.6550624]},"properties":{"z":0.9}},{"type":"Feature","geometry":{"type":"Point","coordinates":[136.0505796,35.6550741]},"properties":{"z":0.9}},{"type":"Feature","geometry":{"type":"Point","coordinates":[136.0505264,35.6550864]},"properties":{"z":0.8}},{"type":"Feature","geometry":{"type":"Point","coordinates":[136.0504732,35.6550984]},"properties":{"z":0.8}},{"type":"Feature","geometry":{"type":"Point","coordinates":[136.0504182,35.6551035]},"properties":{"z":0.8}},{"type":"Feature","geometry":{"type":"Point","coordinates":[136.0503645,35.655114]},"properties":{"z":0.7}},{"type":"Feature","geometry":{"type":"Point","coordinates":[136.0503101,35.6551221]},"properties":{"z":0.7}},{"type":"Feature","geometry":{"type":"Point","coordinates":[136.0502561,35.6551315]},"properties":{"z":0.7}},{"type":"Feature","geometry":{"type":"Point","coordinates":[136.0502023,35.6551422]},"properties":{"z":0.7}},{"type":"Feature","geometry":{"type":"Point","coordinates":[136.0501484,35.655152]},"properties":{"z":0.7}},{"type":"Feature","geometry":{"type":"Point","coordinates":[136.0500941,35.6551605]},"properties":{"z":0.7}},{"type":"Feature","geometry":{"type":"Point","coordinates":[136.0500394,35.6551672]},"properties":{"z":0.7}},{"type":"Feature","geometry":{"type":"Point","coordinates":[136.0499842,35.6551707]},"properties":{"z":0.7}},{"type":"Feature","geometry":{"type":"Point","coordinates":[136.0499307,35.6551795]},"properties":{"z":0.7}},{"type":"Feature","geometry":{"type":"Point","coordinates":[136.0498798,35.6551973]},"properties":{"z":0.7}},{"type":"Feature","geometry":{"type":"Point","coordinates":[136.0498266,35.655209]},"properties":{"z":0.7}},{"type":"Feature","geometry":{"type":"Point","coordinates":[136.0497727,35.655219]},"properties":{"z":0.7}},{"type":"Feature","geometry":{"type":"Point","coordinates":[136.0497187,35.6552289]},"properties":{"z":0.7}},{"type":"Feature","geometry":{"type":"Point","coordinates":[136.0496645,35.6552379]},"properties":{"z":0.7}},{"type":"Feature","geometry":{"type":"Point","coordinates":[136.0496101,35.6552462]},"properties":{"z":0.7}},{"type":"Feature","geometry":{"type":"Point","coordinates":[136.0495572,35.6552594]},"properties":{"z":0.7}},{"type":"Feature","geometry":{"type":"Point","coordinates":[136.0495041,35.655272]},"properties":{"z":0.7}},{"type":"Feature","geometry":{"type":"Point","coordinates":[136.0494503,35.6552822]},"properties":{"z":0.7}},{"type":"Feature","geometry":{"type":"Point","coordinates":[136.0493964,35.6552925]},"properties":{"z":0.7}},{"type":"Feature","geometry":{"type":"Point","coordinates":[136.0493429,35.655304]},"properties":{"z":0.7}},{"type":"Feature","geometry":{"type":"Point","coordinates":[136.0492892,35.6553142]},"properties":{"z":0.7}},{"type":"Feature","geometry":{"type":"Point","coordinates":[136.049234,35.6553172]},"properties":{"z":0.7}},{"type":"Feature","geometry":{"type":"Point","coordinates":[136.0491797,35.6553252]},"properties":{"z":0.7}},{"type":"Feature","geometry":{"type":"Point","coordinates":[136.0491257,35.6553351]},"properties":{"z":0.7}},{"type":"Feature","geometry":{"type":"Point","coordinates":[136.0490737,35.6553503]},"properties":{"z":0.6}},{"type":"Feature","geometry":{"type":"Point","coordinates":[136.0490213,35.6553646]},"properties":{"z":0.6}},{"type":"Feature","geometry":{"type":"Point","coordinates":[136.0489674,35.6553748]},"properties":{"z":0.6}},{"type":"Feature","geometry":{"type":"Point","coordinates":[136.0489134,35.6553847]},"properties":{"z":0.6}},{"type":"Feature","geometry":{"type":"Point","coordinates":[136.0488595,35.6553946]},"properties":{"z":0.6}},{"type":"Feature","geometry":{"type":"Point","coordinates":[136.0488054,35.6554042]},"properties":{"z":0.6}},{"type":"Feature","geometry":{"type":"Point","coordinates":[136.0487514,35.6554138]},"properties":{"z":0.6}},{"type":"Feature","geometry":{"type":"Point","coordinates":[136.0486975,35.655424]},"properties":{"z":0.6}},{"type":"Feature","geometry":{"type":"Point","coordinates":[136.0486438,35.6554347]},"properties":{"z":0.6}},{"type":"Feature","geometry":{"type":"Point","coordinates":[136.04859,35.6554452]},"properties":{"z":0.6}},{"type":"Feature","geometry":{"type":"Point","coordinates":[136.0485361,35.6554553]},"properties":{"z":0.6}},{"type":"Feature","geometry":{"type":"Point","coordinates":[136.0484823,35.6554657]},"properties":{"z":0.6}},{"type":"Feature","geometry":{"type":"Point","coordinates":[136.0484286,35.6554767]},"properties":{"z":0.6}},{"type":"Feature","geometry":{"type":"Point","coordinates":[136.0483749,35.6554874]},"properties":{"z":0.6}},{"type":"Feature","geometry":{"type":"Point","coordinates":[136.0483208,35.6554971]},"properties":{"z":0.6}},{"type":"Feature","geometry":{"type":"Point","coordinates":[136.0482668,35.6555068]},"properties":{"z":0.6}},{"type":"Feature","geometry":{"type":"Point","coordinates":[136.0482128,35.6555163]},"properties":{"z":0.6}},{"type":"Feature","geometry":{"type":"Point","coordinates":[136.0481587,35.6555258]},"properties":{"z":0.6}},{"type":"Feature","geometry":{"type":"Point","coordinates":[136.0481046,35.6555354]},"properties":{"z":0.6}},{"type":"Feature","geometry":{"type":"Point","coordinates":[136.0480506,35.6555452]},"properties":{"z":0.6}},{"type":"Feature","geometry":{"type":"Point","coordinates":[136.0479963,35.6555534]},"properties":{"z":0.6}},{"type":"Feature","geometry":{"type":"Point","coordinates":[136.0479416,35.6555601]},"properties":{"z":0.6}},{"type":"Feature","geometry":{"type":"Point","coordinates":[136.0478876,35.6555696]},"properties":{"z":0.6}},{"type":"Feature","geometry":{"type":"Point","coordinates":[136.0478345,35.655582]},"properties":{"z":0.6}},{"type":"Feature","geometry":{"type":"Point","coordinates":[136.0477835,35.6555993]},"properties":{"z":0.6}},{"type":"Feature","geometry":{"type":"Point","coordinates":[136.0477333,35.6556182]},"properties":{"z":0.6}},{"type":"Feature","geometry":{"type":"Point","coordinates":[136.0476849,35.65564]},"properties":{"z":0.6}},{"type":"Feature","geometry":{"type":"Point","coordinates":[136.0476349,35.6556585]},"properties":{"z":0.6}},{"type":"Feature","geometry":{"type":"Point","coordinates":[136.0475814,35.6556698]},"properties":{"z":0.6}},{"type":"Feature","geometry":{"type":"Point","coordinates":[136.0475278,35.6556812]},"properties":{"z":0.6}},{"type":"Feature","geometry":{"type":"Point","coordinates":[136.0474745,35.655693]},"properties":{"z":0.6}},{"type":"Feature","geometry":{"type":"Point","coordinates":[136.0474212,35.6557051]},"properties":{"z":0.6}},{"type":"Feature","geometry":{"type":"Point","coordinates":[136.0473732,35.6557274]},"properties":{"z":0.6}},{"type":"Feature","geometry":{"type":"Point","coordinates":[136.047325,35.6557494]},"properties":{"z":0.6}},{"type":"Feature","geometry":{"type":"Point","coordinates":[136.0472758,35.65577]},"properties":{"z":0.5}},{"type":"Feature","geometry":{"type":"Point","coordinates":[136.0472274,35.6557918]},"properties":{"z":0.5}},{"type":"Feature","geometry":{"type":"Point","coordinates":[136.0471805,35.6558156]},"properties":{"z":0.5}},{"type":"Feature","geometry":{"type":"Point","coordinates":[136.0471341,35.65584]},"properties":{"z":0.5}},{"type":"Feature","geometry":{"type":"Point","coordinates":[136.0470881,35.655865]},"properties":{"z":0.5}},{"type":"Feature","geometry":{"type":"Point","coordinates":[136.0470436,35.6558917]},"properties":{"z":0.5}},{"type":"Feature","geometry":{"type":"Point","coordinates":[136.0469992,35.6559184]},"properties":{"z":0.5}},{"type":"Feature","geometry":{"type":"Point","coordinates":[136.0469521,35.6559421]},"properties":{"z":0.5}},{"type":"Feature","geometry":{"type":"Point","coordinates":[136.0469055,35.6559662]},"properties":{"z":0.5}},{"type":"Feature","geometry":{"type":"Point","coordinates":[136.0468604,35.6559923]},"properties":{"z":0.5}},{"type":"Feature","geometry":{"type":"Point","coordinates":[136.0468154,35.6560184]},"properties":{"z":0.5}},{"type":"Feature","geometry":{"type":"Point","coordinates":[136.0467707,35.6560449]},"properties":{"z":0.5}},{"type":"Feature","geometry":{"type":"Point","coordinates":[136.0467279,35.6560734]},"properties":{"z":0.5}},{"type":"Feature","geometry":{"type":"Point","coordinates":[136.046687,35.6561036]},"properties":{"z":0.5}},{"type":"Feature","geometry":{"type":"Point","coordinates":[136.0466416,35.6561292]},"properties":{"z":0.5}},{"type":"Feature","geometry":{"type":"Point","coordinates":[136.0465954,35.6561539]},"properties":{"z":0.5}},{"type":"Feature","geometry":{"type":"Point","coordinates":[136.0465491,35.6561785]},"properties":{"z":0.5}},{"type":"Feature","geometry":{"type":"Point","coordinates":[136.0465017,35.6562016]},"properties":{"z":0.5}},{"type":"Feature","geometry":{"type":"Point","coordinates":[136.0464532,35.6562233]},"properties":{"z":0.5}},{"type":"Feature","geometry":{"type":"Point","coordinates":[136.0464072,35.6562482]},"properties":{"z":0.5}},{"type":"Feature","geometry":{"type":"Point","coordinates":[136.0463621,35.6562742]},"properties":{"z":0.4}},{"type":"Feature","geometry":{"type":"Point","coordinates":[136.0463165,35.6562996]},"properties":{"z":0.5}},{"type":"Feature","geometry":{"type":"Point","coordinates":[136.0462723,35.6563266]},"properties":{"z":0.6}},{"type":"Feature","geometry":{"type":"Point","coordinates":[136.0462275,35.6563529]},"properties":{"z":0.6}},{"type":"Feature","geometry":{"type":"Point","coordinates":[136.0461803,35.6563764]},"properties":{"z":0.8}},{"type":"Feature","geometry":{"type":"Point","coordinates":[136.0461344,35.6564014]},"properties":{"z":0.8}},{"type":"Feature","geometry":{"type":"Point","coordinates":[136.046089,35.6564271]},"properties":{"z":1.0}},{"type":"Feature","geometry":{"type":"Point","coordinates":[136.046041,35.6564495]},"properties":{"z":1.0}},{"type":"Feature","geometry":{"type":"Point","coordinates":[136.0459936,35.6564725]},"properties":{"z":1.1}},{"type":"Feature","geometry":{"type":"Point","coordinates":[136.0459478,35.6564978]},"properties":{"z":1.1}},{"type":"Feature","geometry":{"type":"Point","coordinates":[136.0459043,35.6565254]},"properties":{"z":1.3}},{"type":"Feature","geometry":{"type":"Point","coordinates":[136.0458632,35.6565555]},"properties":{"z":1.3}},{"type":"Feature","geometry":{"type":"Point","coordinates":[136.0458313,35.6565922]},"properties":{"z":1.5}},{"type":"Feature","geometry":{"type":"Point","coordinates":[136.0457999,35.6566292]},"properties":{"z":1.5}},{"type":"Feature","geometry":{"type":"Point","coordinates":[136.0457688,35.6566664]},"properties":{"z":1.5}},{"type":"Feature","geometry":{"type":"Point","coordinates":[136.0457327,35.6567002]},"properties":{"z":1.7}},{"type":"Feature","geometry":{"type":"Point","coordinates":[136.0456955,35.6567335]},"properties":{"z":1.7}},{"type":"Feature","geometry":{"type":"Point","coordinates":[136.045662,35.6567693]},"properties":{"z":1.9}},{"type":"Feature","geometry":{"type":"Point","coordinates":[136.0456288,35.6568052]},"properties":{"z":1.9}},{"type":"Feature","geometry":{"type":"Point","coordinates":[136.0455958,35.6568413]},"properties":{"z":1.9}},{"type":"Feature","geometry":{"type":"Point","coordinates":[136.0455627,35.6568773]},"properties":{"z":2.0}},{"type":"Feature","geometry":{"type":"Point","coordinates":[136.0455297,35.6569134]},"properties":{"z":2.0}},{"type":"Feature","geometry":{"type":"Point","coordinates":[136.0454969,35.6569496]},"properties":{"z":2.2}},{"type":"Feature","geometry":{"type":"Point","coordinates":[136.045463,35.6569851]},"properties":{"z":2.2}},{"type":"Feature","geometry":{"type":"Point","coordinates":[136.0454297,35.657021]},"properties":{"z":2.2}},{"type":"Feature","geometry":{"type":"Point","coordinates":[136.0453972,35.6570574]},"properties":{"z":2.4}},{"type":"Feature","geometry":{"type":"Point","coordinates":[136.0453626,35.6570924]},"properties":{"z":2.4}},{"type":"Feature","geometry":{"type":"Point","coordinates":[136.0453279,35.6571275]},"properties":{"z":2.6}},{"type":"Feature","geometry":{"type":"Point","coordinates":[136.0452963,35.6571644]},"properties":{"z":2.5}},{"type":"Feature","geometry":{"type":"Point","coordinates":[136.0452635,35.6572005]},"properties":{"z":2.5}},{"type":"Feature","geometry":{"type":"Point","coordinates":[136.0452298,35.6572362]},"properties":{"z":2.4}},{"type":"Feature","geometry":{"type":"Point","coordinates":[136.0451964,35.657272]},"properties":{"z":2.4}},{"type":"Feature","geometry":{"type":"Point","coordinates":[136.0451616,35.6573069]},"properties":{"z":2.2}},{"type":"Feature","geometry":{"type":"Point","coordinates":[136.0451271,35.6573421]},"properties":{"z":2.3}},{"type":"Feature","geometry":{"type":"Point","coordinates":[136.0450939,35.657378]},"properties":{"z":2.1}},{"type":"Feature","geometry":{"type":"Point","coordinates":[136.0450594,35.6574132]},"properties":{"z":2.2}},{"type":"Feature","geometry":{"type":"Point","coordinates":[136.0450248,35.6574483]},"properties":{"z":2.0}},{"type":"Feature","geometry":{"type":"Point","coordinates":[136.0449905,35.6574835]},"properties":{"z":2.0}},{"type":"Feature","geometry":{"type":"Point","coordinates":[136.0449615,35.6575218]},"properties":{"z":1.9}},{"type":"Feature","geometry":{"type":"Point","coordinates":[136.0449349,35.6575612]},"properties":{"z":1.9}},{"type":"Feature","geometry":{"type":"Point","coordinates":[136.0449062,35.6575995]},"properties":{"z":1.7}},{"type":"Feature","geometry":{"type":"Point","coordinates":[136.0448733,35.6576356]},"properties":{"z":1.9}},{"type":"Feature","geometry":{"type":"Point","coordinates":[136.0448387,35.6576707]},"properties":{"z":1.6}},{"type":"Feature","geometry":{"type":"Point","coordinates":[136.0448048,35.6577062]},"properties":{"z":1.8}},{"type":"Feature","geometry":{"type":"Point","coordinates":[136.0447721,35.6577425]},"properties":{"z":1.5}},{"type":"Feature","geometry":{"type":"Point","coordinates":[136.0447391,35.6577786]},"properties":{"z":1.5}},{"type":"Feature","geometry":{"type":"Point","coordinates":[136.0447074,35.6578154]},"properties":{"z":1.4}},{"type":"Feature","geometry":{"type":"Point","coordinates":[136.0446773,35.6578531]},"properties":{"z":1.4}},{"type":"Feature","geometry":{"type":"Point","coordinates":[136.0446504,35.6578923]},"properties":{"z":1.3}},{"type":"Feature","geometry":{"type":"Point","coordinates":[136.0446198,35.6579297]},"properties":{"z":1.5}},{"type":"Feature","geometry":{"type":"Point","coordinates":[136.0445884,35.6579667]},"properties":{"z":1.5}},{"type":"Feature","geometry":{"type":"Point","coordinates":[136.0445566,35.6580032]},"properties":{"z":2.0}},{"type":"Feature","geometry":{"type":"Point","coordinates":[136.0445124,35.6580301]},"properties":{"z":2.0}},{"type":"Feature","geometry":{"type":"Point","coordinates":[136.0444718,35.6580604]},"properties":{"z":2.3}},{"type":"Feature","geometry":{"type":"Point","coordinates":[136.0444354,35.6580942]},"properties":{"z":2.3}},{"type":"Feature","geometry":{"type":"Point","coordinates":[136.0443981,35.6581274]},"properties":{"z":2.3}},{"type":"Feature","geometry":{"type":"Point","coordinates":[136.0443608,35.6581606]},"properties":{"z":2.5}},{"type":"Feature","geometry":{"type":"Point","coordinates":[136.044323,35.6581934]},"properties":{"z":2.5}},{"type":"Feature","geometry":{"type":"Point","coordinates":[136.0442838,35.6582251]},"properties":{"z":2.3}},{"type":"Feature","geometry":{"type":"Point","coordinates":[136.0442437,35.6582561]},"properties":{"z":2.3}},{"type":"Feature","geometry":{"type":"Point","coordinates":[136.0442044,35.6582877]},"properties":{"z":2.2}},{"type":"Feature","geometry":{"type":"Point","coordinates":[136.0442108,35.6582675]},"properties":{"z":2.8}},{"type":"Feature","geometry":{"type":"Point","coordinates":[136.0442428,35.6582309]},"properties":{"z":2.3}},{"type":"Feature","geometry":{"type":"Point","coordinates":[136.0442764,35.6581952]},"properties":{"z":2.9}},{"type":"Feature","geometry":{"type":"Point","coordinates":[136.0443102,35.6581596]},"properties":{"z":2.5}},{"type":"Feature","geometry":{"type":"Point","coordinates":[136.044342,35.6581229]},"properties":{"z":2.7}},{"type":"Feature","geometry":{"type":"Point","coordinates":[136.0443736,35.658086]},"properties":{"z":2.7}},{"type":"Feature","geometry":{"type":"Point","coordinates":[136.0444039,35.6580483]},"properties":{"z":2.3}},{"type":"Feature","geometry":{"type":"Point","coordinates":[136.0444315,35.6580094]},"properties":{"z":2.3}},{"type":"Feature","geometry":{"type":"Point","coordinates":[136.04446,35.657971]},"properties":{"z":2.0}},{"type":"Feature","geometry":{"type":"Point","coordinates":[136.0445016,35.6579439]},"properties":{"z":1.7}},{"type":"Feature","geometry":{"type":"Point","coordinates":[136.0445326,35.6579116]},"properties":{"z":1.7}},{"type":"Feature","geometry":{"type":"Point","coordinates":[136.0445616,35.6578745]},"properties":{"z":1.5}},{"type":"Feature","geometry":{"type":"Point","coordinates":[136.0445866,35.6578344]},"properties":{"z":1.6}},{"type":"Feature","geometry":{"type":"Point","coordinates":[136.0446159,35.6577963]},"properties":{"z":1.6}},{"type":"Feature","geometry":{"type":"Point","coordinates":[136.0446527,35.6577629]},"properties":{"z":1.7}},{"type":"Feature","geometry":{"type":"Point","coordinates":[136.0446885,35.6577293]},"properties":{"z":1.7}},{"type":"Feature","geometry":{"type":"Point","coordinates":[136.044712,35.6576887]},"properties":{"z":1.9}},{"type":"Feature","geometry":{"type":"Point","coordinates":[136.0447407,35.6576504]},"properties":{"z":1.8}},{"type":"Feature","geometry":{"type":"Point","coordinates":[136.0447645,35.6576101]},"properties":{"z":2.0}},{"type":"Feature","geometry":{"type":"Point","coordinates":[136.0447944,35.6575724]},"properties":{"z":2.2}},{"type":"Feature","geometry":{"type":"Point","coordinates":[136.0448265,35.657536]},"properties":{"z":2.0}},{"type":"Feature","geometry":{"type":"Point","coordinates":[136.0448588,35.6574995]},"properties":{"z":2.2}},{"type":"Feature","geometry":{"type":"Point","coordinates":[136.0448932,35.6574644]},"properties":{"z":2.2}},{"type":"Feature","geometry":{"type":"Point","coordinates":[136.0449257,35.6574281]},"properties":{"z":2.4}},{"type":"Feature","geometry":{"type":"Point","coordinates":[136.0449584,35.6573919]},"properties":{"z":2.4}},{"type":"Feature","geometry":{"type":"Point","coordinates":[136.0449915,35.6573559]},"properties":{"z":2.5}},{"type":"Feature","geometry":{"type":"Point","coordinates":[136.045023,35.657319]},"properties":{"z":2.5}},{"type":"Feature","geometry":{"type":"Point","coordinates":[136.045054,35.6572818]},"properties":{"z":2.7}},{"type":"Feature","geometry":{"type":"Point","coordinates":[136.0450936,35.657254]},"properties":{"z":2.6}},{"type":"Feature","geometry":{"type":"Point","coordinates":[136.0451434,35.657257]},"properties":{"z":2.6}},{"type":"Feature","geometry":{"type":"Point","coordinates":[136.0451814,35.6572896]},"properties":{"z":2.4}},{"type":"Feature","geometry":{"type":"Point","coordinates":[136.0452093,35.6573279]},"properties":{"z":2.2}},{"type":"Feature","geometry":{"type":"Point","coordinates":[136.0452468,35.6573606]},"properties":{"z":2.1}},{"type":"Feature","geometry":{"type":"Point","coordinates":[136.0452913,35.6573869]},"properties":{"z":1.8}},{"type":"Feature","geometry":{"type":"Point","coordinates":[136.0453249,35.6574217]},"properties":{"z":1.8}},{"type":"Feature","geometry":{"type":"Point","coordinates":[136.0453709,35.6574465]},"properties":{"z":1.4}},{"type":"Feature","geometry":{"type":"Point","coordinates":[136.0454217,35.6574518]},"properties":{"z":1.3}},{"type":"Feature","geometry":{"type":"Point","coordinates":[136.0454747,35.6574596]},"properties":{"z":1.3}},{"type":"Feature","geometry":{"type":"Point","coordinates":[136.0455247,35.6574787]},"properties":{"z":1.2}},{"type":"Feature","geometry":{"type":"Point","coordinates":[136.0455753,35.6574968]},"properties":{"z":1.2}},{"type":"Feature","geometry":{"type":"Point","coordinates":[136.045629,35.6574997]},"properties":{"z":1.1}},{"type":"Feature","geometry":{"type":"Point","coordinates":[136.0456657,35.6574674]},"properties":{"z":1.1}},{"type":"Feature","geometry":{"type":"Point","coordinates":[136.0457157,35.6574518]},"properties":{"z":1.0}},{"type":"Feature","geometry":{"type":"Point","coordinates":[136.0457677,35.6574369]},"properties":{"z":0.9}},{"type":"Feature","geometry":{"type":"Point","coordinates":[136.0458148,35.6574135]},"properties":{"z":1.1}},{"type":"Feature","geometry":{"type":"Point","coordinates":[136.0458575,35.6573853]},"properties":{"z":1.0}},{"type":"Feature","geometry":{"type":"Point","coordinates":[136.0459094,35.657376]},"properties":{"z":1.0}},{"type":"Feature","geometry":{"type":"Point","coordinates":[136.0459556,35.6573972]},"properties":{"z":0.8}},{"type":"Feature","geometry":{"type":"Point","coordinates":[136.0459665,35.6573915]},"properties":{"z":0.8}},{"type":"Feature","geometry":{"type":"Point","coordinates":[136.0459331,35.6573557]},"properties":{"z":1.0}},{"type":"Feature","geometry":{"type":"Point","coordinates":[136.045901,35.6573197]},"properties":{"z":1.2}},{"type":"Feature","geometry":{"type":"Point","coordinates":[136.0458727,35.6572811]},"properties":{"z":1.3}},{"type":"Feature","geometry":{"type":"Point","coordinates":[136.045838,35.6572464]},"properties":{"z":1.5}},{"type":"Feature","geometry":{"type":"Point","coordinates":[136.0457975,35.6572158]},"properties":{"z":1.5}},{"type":"Feature","geometry":{"type":"Point","coordinates":[136.0457621,35.6571815]},"properties":{"z":1.5}},{"type":"Feature","geometry":{"type":"Point","coordinates":[136.0457235,35.6571492]},"properties":{"z":1.7}},{"type":"Feature","geometry":{"type":"Point","coordinates":[136.0456874,35.6571154]},"properties":{"z":1.7}},{"type":"Feature","geometry":{"type":"Point","coordinates":[136.0456587,35.657077]},"properties":{"z":1.9}},{"type":"Feature","geometry":{"type":"Point","coordinates":[136.0456301,35.6570386]},"properties":{"z":1.9}},{"type":"Feature","geometry":{"type":"Point","coordinates":[136.0455985,35.6570017]},"properties":{"z":1.9}},{"type":"Feature","geometry":{"type":"Point","coordinates":[136.0455613,35.6569685]},"properties":{"z":2.0}},{"type":"Feature","geometry":{"type":"Point","coordinates":[136.0455222,35.6569367]},"properties":{"z":2.0}},{"type":"Feature","geometry":{"type":"Point","coordinates":[136.0454979,35.6568978]},"properties":{"z":2.2}},{"type":"Feature","geometry":{"type":"Point","coordinates":[136.045515,35.6568563]},"properties":{"z":2.0}},{"type":"Feature","geometry":{"type":"Point","coordinates":[136.0455353,35.6568147]},"properties":{"z":2.0}},{"type":"Feature","geometry":{"type":"Point","coordinates":[136.0455671,35.6567784]},"properties":{"z":2.0}},{"type":"Feature","geometry":{"type":"Point","coordinates":[136.0455926,35.6567386]},"properties":{"z":1.9}},{"type":"Feature","geometry":{"type":"Point","coordinates":[136.0456143,35.6566976]},"properties":{"z":1.9}},{"type":"Feature","geometry":{"type":"Point","coordinates":[136.0455994,35.6566596]},"properties":{"z":1.9}},{"type":"Feature","geometry":{"type":"Point","coordinates":[136.0455627,35.656626]},"properties":{"z":2.0}},{"type":"Feature","geometry":{"type":"Point","coordinates":[136.0455329,35.6565886]},"properties":{"z":2.0}},{"type":"Feature","geometry":{"type":"Point","coordinates":[136.0455176,35.6565456]},"properties":{"z":2.0}},{"type":"Feature","geometry":{"type":"Point","coordinates":[136.0455122,35.656501]},"properties":{"z":2.0}},{"type":"Feature","geometry":{"type":"Point","coordinates":[136.0455198,35.6564564]},"properties":{"z":2.0}},{"type":"Feature","geometry":{"type":"Point","coordinates":[136.0455301,35.6564123]},"properties":{"z":2.0}},{"type":"Feature","geometry":{"type":"Point","coordinates":[136.0455355,35.6563676]},"properties":{"z":2.0}},{"type":"Feature","geometry":{"type":"Point","coordinates":[136.0455378,35.6563227]},"properties":{"z":2.0}},{"type":"Feature","geometry":{"type":"Point","coordinates":[136.0455419,35.6562778]},"properties":{"z":2.0}},{"type":"Feature","geometry":{"type":"Point","coordinates":[136.0455439,35.6562329]},"properties":{"z":2.1}},{"type":"Feature","geometry":{"type":"Point","coordinates":[136.0455462,35.656188]},"properties":{"z":2.1}},{"type":"Feature","geometry":{"type":"Point","coordinates":[136.0455503,35.6561432]},"properties":{"z":2.1}},{"type":"Feature","geometry":{"type":"Point","coordinates":[136.0455558,35.6560985]},"properties":{"z":2.1}},{"type":"Feature","geometry":{"type":"Point","coordinates":[136.0455616,35.6560538]},"properties":{"z":2.1}},{"type":"Feature","geometry":{"type":"Point","coordinates":[136.0455698,35.6560093]},"properties":{"z":2.1}},{"type":"Feature","geometry":{"type":"Point","coordinates":[136.0455786,35.6559649]},"properties":{"z":2.1}},{"type":"Feature","geometry":{"type":"Point","coordinates":[136.0455851,35.6559203]},"properties":{"z":2.1}},{"type":"Feature","geometry":{"type":"Point","coordinates":[136.0455917,35.6558757]},"properties":{"z":1.9}},{"type":"Feature","geometry":{"type":"Point","coordinates":[136.045599,35.6558311]},"properties":{"z":1.9}},{"type":"Feature","geometry":{"type":"Point","coordinates":[136.0456057,35.6557865]},"properties":{"z":1.9}},{"type":"Feature","geometry":{"type":"Point","coordinates":[136.0456132,35.655742]},"properties":{"z":1.9}},{"type":"Feature","geometry":{"type":"Point","coordinates":[136.0456211,35.6556975]},"properties":{"z":1.9}},{"type":"Feature","geometry":{"type":"Point","coordinates":[136.0456288,35.655653]},"properties":{"z":1.9}},{"type":"Feature","geometry":{"type":"Point","coordinates":[136.0456359,35.6556084]},"properties":{"z":1.9}},{"type":"Feature","geometry":{"type":"Point","coordinates":[136.045643,35.6555638]},"properties":{"z":1.9}},{"type":"Feature","geometry":{"type":"Point","coordinates":[136.0456501,35.6555192]},"properties":{"z":1.9}},{"type":"Feature","geometry":{"type":"Point","coordinates":[136.0456527,35.6554743]},"properties":{"z":1.9}},{"type":"Feature","geometry":{"type":"Point","coordinates":[136.0456555,35.6554294]},"properties":{"z":1.9}},{"type":"Feature","geometry":{"type":"Point","coordinates":[136.0456583,35.6553845]},"properties":{"z":1.9}},{"type":"Feature","geometry":{"type":"Point","coordinates":[136.0456621,35.6553397]},"properties":{"z":1.9}},{"type":"Feature","geometry":{"type":"Point","coordinates":[136.0456707,35.6552954]},"properties":{"z":1.9}},{"type":"Feature","geometry":{"type":"Point","coordinates":[136.0456788,35.655251]},"properties":{"z":1.7}},{"type":"Feature","geometry":{"type":"Point","coordinates":[136.0456804,35.655206]},"properties":{"z":1.7}},{"type":"Feature","geometry":{"type":"Point","coordinates":[136.045687,35.6551615]},"properties":{"z":1.7}},{"type":"Feature","geometry":{"type":"Point","coordinates":[136.0456945,35.6551169]},"properties":{"z":1.7}},{"type":"Feature","geometry":{"type":"Point","coordinates":[136.0457018,35.6550724]},"properties":{"z":1.7}},{"type":"Feature","geometry":{"type":"Point","coordinates":[136.0457079,35.6550277]},"properties":{"z":1.7}},{"type":"Feature","geometry":{"type":"Point","coordinates":[136.0457124,35.6549829]},"properties":{"z":1.7}},{"type":"Feature","geometry":{"type":"Point","coordinates":[136.045717,35.6549381]},"properties":{"z":1.7}},{"type":"Feature","geometry":{"type":"Point","coordinates":[136.0457242,35.6548936]},"properties":{"z":1.7}},{"type":"Feature","geometry":{"type":"Point","coordinates":[136.0457293,35.6548488]},"properties":{"z":1.7}},{"type":"Feature","geometry":{"type":"Point","coordinates":[136.0457343,35.654804]},"properties":{"z":1.7}},{"type":"Feature","geometry":{"type":"Point","coordinates":[136.0457402,35.6547594]},"properties":{"z":1.7}},{"type":"Feature","geometry":{"type":"Point","coordinates":[136.0457483,35.6547149]},"properties":{"z":1.7}},{"type":"Feature","geometry":{"type":"Point","coordinates":[136.045753,35.6546701]},"properties":{"z":1.7}},{"type":"Feature","geometry":{"type":"Point","coordinates":[136.045756,35.6546252]},"properties":{"z":1.7}},{"type":"Feature","geometry":{"type":"Point","coordinates":[136.0457583,35.6545803]},"properties":{"z":1.7}},{"type":"Feature","geometry":{"type":"Point","coordinates":[136.0457667,35.6545359]},"properties":{"z":1.6}},{"type":"Feature","geometry":{"type":"Point","coordinates":[136.0457729,35.6544913]},"properties":{"z":1.6}},{"type":"Feature","geometry":{"type":"Point","coordinates":[136.0457772,35.6544464]},"properties":{"z":1.6}},{"type":"Feature","geometry":{"type":"Point","coordinates":[136.0457816,35.6544016]},"properties":{"z":1.6}},{"type":"Feature","geometry":{"type":"Point","coordinates":[136.045787,35.6543569]},"properties":{"z":1.6}},{"type":"Feature","geometry":{"type":"Point","coordinates":[136.0457936,35.6543123]},"properties":{"z":1.6}},{"type":"Feature","geometry":{"type":"Point","coordinates":[136.0458001,35.6542677]},"properties":{"z":1.6}},{"type":"Feature","geometry":{"type":"Point","coordinates":[136.0458022,35.6542228]},"properties":{"z":1.6}},{"type":"Feature","geometry":{"type":"Point","coordinates":[136.0458155,35.6541792]},"properties":{"z":1.6}},{"type":"Feature","geometry":{"type":"Point","coordinates":[136.0458299,35.6541358]},"properties":{"z":1.6}},{"type":"Feature","geometry":{"type":"Point","coordinates":[136.045845,35.6540925]},"properties":{"z":1.6}},{"type":"Feature","geometry":{"type":"Point","coordinates":[136.0458608,35.6540495]},"properties":{"z":1.5}},{"type":"Feature","geometry":{"type":"Point","coordinates":[136.04589,35.6540113]},"properties":{"z":1.5}},{"type":"Feature","geometry":{"type":"Point","coordinates":[136.0459214,35.6539744]},"properties":{"z":1.5}},{"type":"Feature","geometry":{"type":"Point","coordinates":[136.0459552,35.6539388]},"properties":{"z":1.4}},{"type":"Feature","geometry":{"type":"Point","coordinates":[136.0459926,35.6539057]},"properties":{"z":1.4}},{"type":"Feature","geometry":{"type":"Point","coordinates":[136.0460393,35.6538825]},"properties":{"z":1.4}},{"type":"Feature","geometry":{"type":"Point","coordinates":[136.0460907,35.6538662]},"properties":{"z":1.5}},{"type":"Feature","geometry":{"type":"Point","coordinates":[136.0461432,35.653852]},"properties":{"z":1.5}},{"type":"Feature","geometry":{"type":"Point","coordinates":[136.0461958,35.6538381]},"properties":{"z":1.4}},{"type":"Feature","geometry":{"type":"Point","coordinates":[136.0462468,35.6538206]},"properties":{"z":1.4}},{"type":"Feature","geometry":{"type":"Point","coordinates":[136.0462986,35.6538049]},"properties":{"z":1.5}},{"type":"Feature","geometry":{"type":"Point","coordinates":[136.046351,35.6537905]},"properties":{"z":1.5}},{"type":"Feature","geometry":{"type":"Point","coordinates":[136.0464044,35.6537787]},"properties":{"z":1.5}},{"type":"Feature","geometry":{"type":"Point","coordinates":[136.0464567,35.6537643]},"properties":{"z":1.5}},{"type":"Feature","geometry":{"type":"Point","coordinates":[136.0465087,35.653749]},"properties":{"z":1.5}},{"type":"Feature","geometry":{"type":"Point","coordinates":[136.0465617,35.6537362]},"properties":{"z":1.5}},{"type":"Feature","geometry":{"type":"Point","coordinates":[136.0466153,35.6537249]},"properties":{"z":1.5}},{"type":"Feature","geometry":{"type":"Point","coordinates":[136.0466692,35.6537148]},"properties":{"z":1.5}},{"type":"Feature","geometry":{"type":"Point","coordinates":[136.0467202,35.6536975]},"properties":{"z":1.5}},{"type":"Feature","geometry":{"type":"Point","coordinates":[136.0467719,35.6536816]},"properties":{"z":1.5}},{"type":"Feature","geometry":{"type":"Point","coordinates":[136.0468244,35.6536674]},"properties":{"z":1.5}},{"type":"Feature","geometry":{"type":"Point","coordinates":[136.0468776,35.6536551]},"properties":{"z":1.5}},{"type":"Feature","geometry":{"type":"Point","coordinates":[136.0469306,35.6536421]},"properties":{"z":1.5}},{"type":"Feature","geometry":{"type":"Point","coordinates":[136.0469833,35.6536286]},"properties":{"z":1.5}},{"type":"Feature","geometry":{"type":"Point","coordinates":[136.0470364,35.653616]},"properties":{"z":1.5}},{"type":"Feature","geometry":{"type":"Point","coordinates":[136.047089,35.653602]},"properties":{"z":1.5}},{"type":"Feature","geometry":{"type":"Point","coordinates":[136.0471411,35.6535869]},"properties":{"z":1.5}},{"type":"Feature","geometry":{"type":"Point","coordinates":[136.0471939,35.6535735]},"properties":{"z":1.5}},{"type":"Feature","geometry":{"type":"Point","coordinates":[136.0472474,35.6535622]},"properties":{"z":1.5}},{"type":"Feature","geometry":{"type":"Point","coordinates":[136.0473015,35.6535528]},"properties":{"z":1.5}},{"type":"Feature","geometry":{"type":"Point","coordinates":[136.0473544,35.6535397]},"properties":{"z":1.5}},{"type":"Feature","geometry":{"type":"Point","coordinates":[136.0474077,35.6535277]},"properties":{"z":1.5}},{"type":"Feature","geometry":{"type":"Point","coordinates":[136.0474614,35.653517]},"properties":{"z":1.5}},{"type":"Feature","geometry":{"type":"Point","coordinates":[136.0475155,35.6535076]},"properties":{"z":1.5}},{"type":"Feature","geometry":{"type":"Point","coordinates":[136.0475681,35.6534943]},"properties":{"z":1.5}},{"type":"Feature","geometry":{"type":"Point","coordinates":[136.0476203,35.6534799]},"properties":{"z":1.5}},{"type":"Feature","geometry":{"type":"Point","coordinates":[136.0476743,35.6534702]},"properties":{"z":1.5}},{"type":"Feature","geometry":{"type":"Point","coordinates":[136.0477283,35.6534603]},"properties":{"z":1.6}},{"type":"Feature","geometry":{"type":"Point","coordinates":[136.0477823,35.6534507]},"properties":{"z":1.6}},{"type":"Feature","geometry":{"type":"Point","coordinates":[136.0478365,35.6534418]},"properties":{"z":1.6}},{"type":"Feature","geometry":{"type":"Point","coordinates":[136.0478897,35.6534293]},"properties":{"z":1.6}},{"type":"Feature","geometry":{"type":"Point","coordinates":[136.0479413,35.6534134]},"properties":{"z":1.6}},{"type":"Feature","geometry":{"type":"Point","coordinates":[136.0479937,35.6533998]},"properties":{"z":1.6}},{"type":"Feature","geometry":{"type":"Point","coordinates":[136.0480483,35.6533922]},"properties":{"z":1.6}},{"type":"Feature","geometry":{"type":"Point","coordinates":[136.0481018,35.6533811]},"properties":{"z":1.6}},{"type":"Feature","geometry":{"type":"Point","coordinates":[136.0481552,35.6533692]},"properties":{"z":1.6}},{"type":"Feature","geometry":{"type":"Point","coordinates":[136.0482086,35.6533576]},"properties":{"z":1.5}},{"type":"Feature","geometry":{"type":"Point","coordinates":[136.0482621,35.653346]},"properties":{"z":1.5}},{"type":"Feature","geometry":{"type":"Point","coordinates":[136.0483156,35.6533345]},"properties":{"z":1.5}},{"type":"Feature","geometry":{"type":"Point","coordinates":[136.0483691,35.6533231]},"properties":{"z":1.5}},{"type":"Feature","geometry":{"type":"Point","coordinates":[136.048423,35.6533132]},"properties":{"z":1.7}},{"type":"Feature","geometry":{"type":"Point","coordinates":[136.0484771,35.6533037]},"properties":{"z":1.7}},{"type":"Feature","geometry":{"type":"Point","coordinates":[136.0485313,35.6532949]},"properties":{"z":1.7}},{"type":"Feature","geometry":{"type":"Point","coordinates":[136.0485855,35.6532856]},"properties":{"z":1.7}},{"type":"Feature","geometry":{"type":"Point","coordinates":[136.0486395,35.653276]},"properties":{"z":1.7}},{"type":"Feature","geometry":{"type":"Point","coordinates":[136.0486936,35.6532665]},"properties":{"z":1.7}},{"type":"Feature","geometry":{"type":"Point","coordinates":[136.0487476,35.653257]},"properties":{"z":1.7}},{"type":"Feature","geometry":{"type":"Point","coordinates":[136.0488017,35.6532474]},"properties":{"z":1.8}},{"type":"Feature","geometry":{"type":"Point","coordinates":[136.0488562,35.6532397]},"properties":{"z":1.9}},{"type":"Feature","geometry":{"type":"Point","coordinates":[136.0489109,35.653233]},"properties":{"z":1.9}},{"type":"Feature","geometry":{"type":"Point","coordinates":[136.0489659,35.653228]},"properties":{"z":1.9}},{"type":"Feature","geometry":{"type":"Point","coordinates":[136.0490208,35.6532227]},"properties":{"z":1.9}},{"type":"Feature","geometry":{"type":"Point","coordinates":[136.0490756,35.6532168]},"properties":{"z":1.9}},{"type":"Feature","geometry":{"type":"Point","coordinates":[136.0491305,35.6532108]},"properties":{"z":1.9}},{"type":"Feature","geometry":{"type":"Point","coordinates":[136.0491853,35.6532047]},"properties":{"z":1.9}},{"type":"Feature","geometry":{"type":"Point","coordinates":[136.0492401,35.653199]},"properties":{"z":2.0}},{"type":"Feature","geometry":{"type":"Point","coordinates":[136.049295,35.6531934]},"properties":{"z":2.0}},{"type":"Feature","geometry":{"type":"Point","coordinates":[136.0493497,35.6531864]},"properties":{"z":2.0}},{"type":"Feature","geometry":{"type":"Point","coordinates":[136.0494042,35.6531789]},"properties":{"z":2.0}},{"type":"Feature","geometry":{"type":"Point","coordinates":[136.0494585,35.6531701]},"properties":{"z":2.1}},{"type":"Feature","geometry":{"type":"Point","coordinates":[136.0495128,35.6531615]},"properties":{"z":2.1}},{"type":"Feature","geometry":{"type":"Point","coordinates":[136.0495671,35.653153]},"properties":{"z":2.1}},{"type":"Feature","geometry":{"type":"Point","coordinates":[136.0496216,35.6531455]},"properties":{"z":2.1}},{"type":"Feature","geometry":{"type":"Point","coordinates":[136.0496763,35.6531387]},"properties":{"z":2.2}},{"type":"Feature","geometry":{"type":"Point","coordinates":[136.0497309,35.6531316]},"properties":{"z":2.2}},{"type":"Feature","geometry":{"type":"Point","coordinates":[136.0497855,35.6531245]},"properties":{"z":2.2}},{"type":"Feature","geometry":{"type":"Point","coordinates":[136.0498403,35.6531179]},"properties":{"z":2.2}},{"type":"Feature","geometry":{"type":"Point","coordinates":[136.0498951,35.6531116]},"properties":{"z":2.3}},{"type":"Feature","geometry":{"type":"Point","coordinates":[136.04995,35.6531061]},"properties":{"z":2.3}},{"type":"Feature","geometry":{"type":"Point","coordinates":[136.0500048,35.6530999]},"properties":{"z":2.3}},{"type":"Feature","geometry":{"type":"Point","coordinates":[136.0500595,35.6530933]},"properties":{"z":2.4}},{"type":"Feature","geometry":{"type":"Point","coordinates":[136.0501139,35.6530853]},"properties":{"z":2.4}},{"type":"Feature","geometry":{"type":"Point","coordinates":[136.0501683,35.6530771]},"properties":{"z":2.4}},{"type":"Feature","geometry":{"type":"Point","coordinates":[136.0502227,35.6530689]},"properties":{"z":2.4}},{"type":"Feature","geometry":{"type":"Point","coordinates":[136.0502771,35.6530609]},"properties":{"z":2.4}},{"type":"Feature","geometry":{"type":"Point","coordinates":[136.0503317,35.6530533]},"properties":{"z":2.5}},{"type":"Feature","geometry":{"type":"Point","coordinates":[136.0503858,35.6530441]},"properties":{"z":2.5}},{"type":"Feature","geometry":{"type":"Point","coordinates":[136.0504396,35.6530337]},"properties":{"z":2.5}},{"type":"Feature","geometry":{"type":"Point","coordinates":[136.050493,35.653022]},"properties":{"z":2.5}},{"type":"Feature","geometry":{"type":"Point","coordinates":[136.050547,35.6530123]},"properties":{"z":2.5}},{"type":"Feature","geometry":{"type":"Point","coordinates":[136.0506014,35.6530046]},"properties":{"z":2.5}},{"type":"Feature","geometry":{"type":"Point","coordinates":[136.0506564,35.6529997]},"properties":{"z":2.6}},{"type":"Feature","geometry":{"type":"Point","coordinates":[136.0507117,35.6529983]},"properties":{"z":2.6}},{"type":"Feature","geometry":{"type":"Point","coordinates":[136.0507668,35.6529951]},"properties":{"z":2.6}},{"type":"Feature","geometry":{"type":"Point","coordinates":[136.0508215,35.6529883]},"properties":{"z":2.6}},{"type":"Feature","geometry":{"type":"Point","coordinates":[136.050876,35.6529807]},"properties":{"z":2.7}},{"type":"Feature","geometry":{"type":"Point","coordinates":[136.0509309,35.6529757]},"properties":{"z":2.7}},{"type":"Feature","geometry":{"type":"Point","coordinates":[136.0509861,35.6529723]},"properties":{"z":2.7}},{"type":"Feature","geometry":{"type":"Point","coordinates":[136.0510414,35.6529716]},"properties":{"z":2.8}},{"type":"Feature","geometry":{"type":"Point","coordinates":[136.0510965,35.6529679]},"properties":{"z":2.8}},{"type":"Feature","geometry":{"type":"Point","coordinates":[136.0511516,35.6529652]},"properties":{"z":2.8}},{"type":"Feature","geometry":{"type":"Point","coordinates":[136.0512068,35.6529618]},"properties":{"z":2.8}},{"type":"Feature","geometry":{"type":"Point","coordinates":[136.0512614,35.6529553]},"properties":{"z":2.9}},{"type":"Feature","geometry":{"type":"Point","coordinates":[136.0513137,35.6529425]},"properties":{"z":2.9}},{"type":"Feature","geometry":{"type":"Point","coordinates":[136.0513593,35.6529171]},"properties":{"z":2.9}},{"type":"Feature","geometry":{"type":"Point","coordinates":[136.0514021,35.6528886]},"properties":{"z":3.0}},{"type":"Feature","geometry":{"type":"Point","coordinates":[136.0514455,35.6528608]},"properties":{"z":3.0}},{"type":"Feature","geometry":{"type":"Point","coordinates":[136.0514923,35.652837]},"properties":{"z":3.0}},{"type":"Feature","geometry":{"type":"Point","coordinates":[136.051544,35.6528219]},"properties":{"z":3.0}},{"type":"Feature","geometry":{"type":"Point","coordinates":[136.0515972,35.6528098]},"properties":{"z":3.0}},{"type":"Feature","geometry":{"type":"Point","coordinates":[136.05165,35.6527962]},"properties":{"z":3.0}},{"type":"Feature","geometry":{"type":"Point","coordinates":[136.0517037,35.6527857]},"properties":{"z":3.0}},{"type":"Feature","geometry":{"type":"Point","coordinates":[136.0517578,35.6527764]},"properties":{"z":3.0}},{"type":"Feature","geometry":{"type":"Point","coordinates":[136.0518113,35.6527648]},"properties":{"z":3.0}},{"type":"Feature","geometry":{"type":"Point","coordinates":[136.0518648,35.6527534]},"properties":{"z":3.0}},{"type":"Feature","geometry":{"type":"Point","coordinates":[136.0519188,35.6527438]},"properties":{"z":3.0}},{"type":"Feature","geometry":{"type":"Point","coordinates":[136.0519732,35.6527357]},"properties":{"z":3.0}},{"type":"Feature","geometry":{"type":"Point","coordinates":[136.0520278,35.6527285]},"properties":{"z":3.0}},{"type":"Feature","geometry":{"type":"Point","coordinates":[136.0520824,35.6527213]},"properties":{"z":3.0}},{"type":"Feature","geometry":{"type":"Point","coordinates":[136.0521373,35.6527157]},"properties":{"z":3.0}},{"type":"Feature","geometry":{"type":"Point","coordinates":[136.0521924,35.6527114]},"properties":{"z":3.0}},{"type":"Feature","geometry":{"type":"Point","coordinates":[136.0522474,35.6527066]},"properties":{"z":3.0}},{"type":"Feature","geometry":{"type":"Point","coordinates":[136.0523019,35.6526991]},"properties":{"z":3.0}},{"type":"Feature","geometry":{"type":"Point","coordinates":[136.0523563,35.6526914]},"properties":{"z":3.1}},{"type":"Feature","geometry":{"type":"Point","coordinates":[136.0524113,35.6526874]},"properties":{"z":3.1}},{"type":"Feature","geometry":{"type":"Point","coordinates":[136.0524666,35.6526885]},"properties":{"z":3.1}},{"type":"Feature","geometry":{"type":"Point","coordinates":[136.0525219,35.6526871]},"properties":{"z":3.1}},{"type":"Feature","geometry":{"type":"Point","coordinates":[136.0525771,35.6526851]},"properties":{"z":3.1}},{"type":"Feature","geometry":{"type":"Point","coordinates":[136.052632,35.6526795]},"properties":{"z":3.1}},{"type":"Feature","geometry":{"type":"Point","coordinates":[136.0526868,35.6526734]},"properties":{"z":3.1}},{"type":"Feature","geometry":{"type":"Point","coordinates":[136.0527411,35.652665]},"properties":{"z":3.1}},{"type":"Feature","geometry":{"type":"Point","coordinates":[136.0527952,35.6526554]},"properties":{"z":3.1}},{"type":"Feature","geometry":{"type":"Point","coordinates":[136.0528499,35.6526489]},"properties":{"z":3.1}},{"type":"Feature","geometry":{"type":"Point","coordinates":[136.0529046,35.652642]},"properties":{"z":3.1}},{"type":"Feature","geometry":{"type":"Point","coordinates":[136.0529592,35.6526353]},"properties":{"z":3.1}},{"type":"Feature","geometry":{"type":"Point","coordinates":[136.0530139,35.6526285]},"properties":{"z":3.1}},{"type":"Feature","geometry":{"type":"Point","coordinates":[136.0530684,35.6526206]},"properties":{"z":3.1}},{"type":"Feature","geometry":{"type":"Point","coordinates":[136.0531235,35.6526164]},"properties":{"z":3.1}},{"type":"Feature","geometry":{"type":"Point","coordinates":[136.0531784,35.6526109]},"properties":{"z":3.1}},{"type":"Feature","geometry":{"type":"Point","coordinates":[136.0532332,35.6526051]},"properties":{"z":3.1}},{"type":"Feature","geometry":{"type":"Point","coordinates":[136.0532883,35.6526019]},"properties":{"z":3.1}},{"type":"Feature","geometry":{"type":"Point","coordinates":[136.0533436,35.6526044]},"properties":{"z":3.2}},{"type":"Feature","geometry":{"type":"Point","coordinates":[136.0533986,35.6526005]},"properties":{"z":3.2}},{"type":"Feature","geometry":{"type":"Point","coordinates":[136.0534536,35.6525959]},"properties":{"z":3.2}},{"type":"Feature","geometry":{"type":"Point","coordinates":[136.0535086,35.6525906]},"properties":{"z":3.2}},{"type":"Feature","geometry":{"type":"Point","coordinates":[136.0535628,35.6525826]},"properties":{"z":3.2}},{"type":"Feature","geometry":{"type":"Point","coordinates":[136.053613,35.6525638]},"properties":{"z":3.2}},{"type":"Feature","geometry":{"type":"Point","coordinates":[136.0536637,35.6525457]},"properties":{"z":3.2}},{"type":"Feature","geometry":{"type":"Point","coordinates":[136.0537151,35.6525294]},"properties":{"z":3.2}},{"type":"Feature","geometry":{"type":"Point","coordinates":[136.0537694,35.6525211]},"properties":{"z":3.2}},{"type":"Feature","geometry":{"type":"Point","coordinates":[136.0538244,35.6525163]},"properties":{"z":3.2}},{"type":"Feature","geometry":{"type":"Point","coordinates":[136.0538795,35.6525129]},"properties":{"z":3.2}},{"type":"Feature","geometry":{"type":"Point","coordinates":[136.0539348,35.6525101]},"properties":{"z":3.2}},{"type":"Feature","geometry":{"type":"Point","coordinates":[136.0539898,35.6525059]},"properties":{"z":3.2}},{"type":"Feature","geometry":{"type":"Point","coordinates":[136.0540447,35.6525004]},"properties":{"z":3.2}},{"type":"Feature","geometry":{"type":"Point","coordinates":[136.054099,35.6524919]},"properties":{"z":3.2}},{"type":"Feature","geometry":{"type":"Point","coordinates":[136.0541537,35.6524853]},"properties":{"z":3.2}},{"type":"Feature","geometry":{"type":"Point","coordinates":[136.0542086,35.6524799]},"properties":{"z":3.3}},{"type":"Feature","geometry":{"type":"Point","coordinates":[136.0542635,35.6524744]},"properties":{"z":3.3}},{"type":"Feature","geometry":{"type":"Point","coordinates":[136.0543184,35.6524689]},"properties":{"z":3.3}},{"type":"Feature","geometry":{"type":"Point","coordinates":[136.0543733,35.6524633]},"properties":{"z":3.3}},{"type":"Feature","geometry":{"type":"Point","coordinates":[136.0544283,35.652458]},"properties":{"z":3.3}},{"type":"Feature","geometry":{"type":"Point","coordinates":[136.0544829,35.652451]},"properties":{"z":3.3}},{"type":"Feature","geometry":{"type":"Point","coordinates":[136.0545374,35.6524438]},"properties":{"z":3.3}},{"type":"Feature","geometry":{"type":"Point","coordinates":[136.0545926,35.6524409]},"properties":{"z":3.3}},{"type":"Feature","geometry":{"type":"Point","coordinates":[136.0546474,35.6524348]},"properties":{"z":3.3}},{"type":"Feature","geometry":{"type":"Point","coordinates":[136.0547019,35.6524273]},"properties":{"z":3.3}},{"type":"Feature","geometry":{"type":"Point","coordinates":[136.0547566,35.6524207]},"properties":{"z":3.3}},{"type":"Feature","geometry":{"type":"Point","coordinates":[136.0548116,35.6524161]},"properties":{"z":3.3}},{"type":"Feature","geometry":{"type":"Point","coordinates":[136.0548666,35.652411]},"properties":{"z":3.3}},{"type":"Feature","geometry":{"type":"Point","coordinates":[136.0549211,35.6524034]},"properties":{"z":3.3}},{"type":"Feature","geometry":{"type":"Point","coordinates":[136.0549754,35.6523949]},"properties":{"z":3.3}},{"type":"Feature","geometry":{"type":"Point","coordinates":[136.0550297,35.6523865]},"properties":{"z":3.3}},{"type":"Feature","geometry":{"type":"Point","coordinates":[136.0550847,35.6523813]},"properties":{"z":3.3}},{"type":"Feature","geometry":{"type":"Point","coordinates":[136.0551398,35.6523771]},"properties":{"z":3.3}},{"type":"Feature","geometry":{"type":"Point","coordinates":[136.0551949,35.6523733]},"properties":{"z":3.3}},{"type":"Feature","geometry":{"type":"Point","coordinates":[136.0552497,35.6523674]},"properties":{"z":3.3}},{"type":"Feature","geometry":{"type":"Point","coordinates":[136.0553045,35.6523611]},"properties":{"z":3.3}},{"type":"Feature","geometry":{"type":"Point","coordinates":[136.0553592,35.6523544]},"properties":{"z":3.3}},{"type":"Feature","geometry":{"type":"Point","coordinates":[136.055414,35.6523481]},"properties":{"z":3.3}},{"type":"Feature","geometry":{"type":"Point","coordinates":[136.0554688,35.6523425]},"properties":{"z":3.4}},{"type":"Feature","geometry":{"type":"Point","coordinates":[136.0555238,35.6523373]},"properties":{"z":3.4}},{"type":"Feature","geometry":{"type":"Point","coordinates":[136.0555786,35.6523311]},"properties":{"z":3.4}},{"type":"Feature","geometry":{"type":"Point","coordinates":[136.0556334,35.6523249]},"properties":{"z":3.4}},{"type":"Feature","geometry":{"type":"Point","coordinates":[136.0556881,35.6523184]},"properties":{"z":3.4}},{"type":"Feature","geometry":{"type":"Point","coordinates":[136.0557426,35.6523108]},"properties":{"z":3.4}},{"type":"Feature","geometry":{"type":"Point","coordinates":[136.0557973,35.6523039]},"properties":{"z":3.4}},{"type":"Feature","geometry":{"type":"Point","coordinates":[136.0558521,35.6522978]},"properties":{"z":3.4}},{"type":"Feature","geometry":{"type":"Point","coordinates":[136.0559071,35.6522934]},"properties":{"z":3.4}},{"type":"Feature","geometry":{"type":"Point","coordinates":[136.055962,35.6522875]},"properties":{"z":3.4}},{"type":"Feature","geometry":{"type":"Point","coordinates":[136.0560168,35.6522813]},"properties":{"z":3.4}},{"type":"Feature","geometry":{"type":"Point","coordinates":[136.0560718,35.6522768]},"properties":{"z":3.4}},{"type":"Feature","geometry":{"type":"Point","coordinates":[136.0561268,35.6522719]},"properties":{"z":3.4}},{"type":"Feature","geometry":{"type":"Point","coordinates":[136.0561817,35.6522667]},"properties":{"z":3.4}},{"type":"Feature","geometry":{"type":"Point","coordinates":[136.0562365,35.6522603]},"properties":{"z":3.4}},{"type":"Feature","geometry":{"type":"Point","coordinates":[136.0562913,35.6522544]},"properties":{"z":3.4}},{"type":"Feature","geometry":{"type":"Point","coordinates":[136.0563464,35.6522502]},"properties":{"z":3.4}},{"type":"Feature","geometry":{"type":"Point","coordinates":[136.0564014,35.6522451]},"properties":{"z":3.4}},{"type":"Feature","geometry":{"type":"Point","coordinates":[136.0564563,35.6522398]},"properties":{"z":3.4}},{"type":"Feature","geometry":{"type":"Point","coordinates":[136.0565112,35.6522343]},"properties":{"z":3.4}},{"type":"Feature","geometry":{"type":"Point","coordinates":[136.0565662,35.6522293]},"properties":{"z":3.4}},{"type":"Feature","geometry":{"type":"Point","coordinates":[136.0566212,35.6522246]},"properties":{"z":3.4}},{"type":"Feature","geometry":{"type":"Point","coordinates":[136.0566764,35.6522217]},"properties":{"z":3.3}},{"type":"Feature","geometry":{"type":"Point","coordinates":[136.0567316,35.6522182]},"properties":{"z":3.3}},{"type":"Feature","geometry":{"type":"Point","coordinates":[136.0567867,35.6522143]},"properties":{"z":3.3}},{"type":"Feature","geometry":{"type":"Point","coordinates":[136.0568418,35.6522109]},"properties":{"z":3.3}},{"type":"Feature","geometry":{"type":"Point","coordinates":[136.056897,35.652208]},"properties":{"z":3.3}},{"type":"Feature","geometry":{"type":"Point","coordinates":[136.0569523,35.6522056]},"properties":{"z":3.3}},{"type":"Feature","geometry":{"type":"Point","coordinates":[136.0570075,35.6522036]},"properties":{"z":3.3}},{"type":"Feature","geometry":{"type":"Point","coordinates":[136.0570628,35.6522018]},"properties":{"z":3.3}},{"type":"Feature","geometry":{"type":"Point","coordinates":[136.0571181,35.6522007]},"properties":{"z":3.4}},{"type":"Feature","geometry":{"type":"Point","coordinates":[136.0571734,35.6521996]},"properties":{"z":3.4}},{"type":"Feature","geometry":{"type":"Point","coordinates":[136.0572287,35.6521987]},"properties":{"z":3.4}},{"type":"Feature","geometry":{"type":"Point","coordinates":[136.0572839,35.6522011]},"properties":{"z":3.4}},{"type":"Feature","geometry":{"type":"Point","coordinates":[136.0573392,35.6522037]},"properties":{"z":3.4}},{"type":"Feature","geometry":{"type":"Point","coordinates":[136.0573944,35.652206]},"properties":{"z":3.4}},{"type":"Feature","geometry":{"type":"Point","coordinates":[136.0574497,35.6522082]},"properties":{"z":3.5}},{"type":"Feature","geometry":{"type":"Point","coordinates":[136.0575049,35.6522098]},"properties":{"z":3.5}},{"type":"Feature","geometry":{"type":"Point","coordinates":[136.0575602,35.6522093]},"properties":{"z":3.5}},{"type":"Feature","geometry":{"type":"Point","coordinates":[136.0576155,35.6522072]},"properties":{"z":3.4}},{"type":"Feature","geometry":{"type":"Point","coordinates":[136.0576707,35.652209]},"properties":{"z":3.4}},{"type":"Feature","geometry":{"type":"Point","coordinates":[136.057726,35.6522112]},"properties":{"z":3.4}},{"type":"Feature","geometry":{"type":"Point","coordinates":[136.0577812,35.6522133]},"properties":{"z":3.4}},{"type":"Feature","geometry":{"type":"Point","coordinates":[136.0578364,35.6522163]},"properties":{"z":3.4}},{"type":"Feature","geometry":{"type":"Point","coordinates":[136.0578916,35.6522195]},"properties":{"z":3.4}},{"type":"Feature","geometry":{"type":"Point","coordinates":[136.0579468,35.6522232]},"properties":{"z":3.4}},{"type":"Feature","geometry":{"type":"Point","coordinates":[136.058002,35.6522254]},"properties":{"z":3.4}},{"type":"Feature","geometry":{"type":"Point","coordinates":[136.0580573,35.6522267]},"properties":{"z":3.3}},{"type":"Feature","geometry":{"type":"Point","coordinates":[136.0581126,35.6522272]},"properties":{"z":3.3}},{"type":"Feature","geometry":{"type":"Point","coordinates":[136.0581679,35.6522283]},"properties":{"z":3.3}},{"type":"Feature","geometry":{"type":"Point","coordinates":[136.0582231,35.6522306]},"properties":{"z":3.3}},{"type":"Feature","geometry":{"type":"Point","coordinates":[136.0582784,35.6522335]},"properties":{"z":3.3}},{"type":"Feature","geometry":{"type":"Point","coordinates":[136.0583335,35.6522368]},"properties":{"z":3.3}},{"type":"Feature","geometry":{"type":"Point","coordinates":[136.0583886,35.6522413]},"properties":{"z":3.3}},{"type":"Feature","geometry":{"type":"Point","coordinates":[136.0584434,35.6522472]},"properties":{"z":3.3}},{"type":"Feature","geometry":{"type":"Point","coordinates":[136.058498,35.6522541]},"properties":{"z":3.2}},{"type":"Feature","geometry":{"type":"Point","coordinates":[136.0585526,35.6522614]},"properties":{"z":3.2}},{"type":"Feature","geometry":{"type":"Point","coordinates":[136.0586071,35.6522694]},"properties":{"z":3.2}},{"type":"Feature","geometry":{"type":"Point","coordinates":[136.0586614,35.652278]},"properties":{"z":3.2}},{"type":"Feature","geometry":{"type":"Point","coordinates":[136.0587165,35.6522813]},"properties":{"z":3.2}},{"type":"Feature","geometry":{"type":"Point","coordinates":[136.0587716,35.6522846]},"properties":{"z":3.2}},{"type":"Feature","geometry":{"type":"Point","coordinates":[136.0588265,35.6522902]},"properties":{"z":3.2}},{"type":"Feature","geometry":{"type":"Point","coordinates":[136.0588803,35.6523005]},"properties":{"z":3.2}},{"type":"Feature","geometry":{"type":"Point","coordinates":[136.0589341,35.6523109]},"properties":{"z":3.1}},{"type":"Feature","geometry":{"type":"Point","coordinates":[136.0589882,35.6523202]},"properties":{"z":3.1}},{"type":"Feature","geometry":{"type":"Point","coordinates":[136.0590424,35.6523292]},"properties":{"z":3.1}},{"type":"Feature","geometry":{"type":"Point","coordinates":[136.0590966,35.6523384]},"properties":{"z":3.1}},{"type":"Feature","geometry":{"type":"Point","coordinates":[136.0591505,35.6523485]},"properties":{"z":3.1}},{"type":"Feature","geometry":{"type":"Point","coordinates":[136.0592038,35.6523603]},"properties":{"z":3.1}},{"type":"Feature","geometry":{"type":"Point","coordinates":[136.0592568,35.6523734]},"properties":{"z":3.0}},{"type":"Feature","geometry":{"type":"Point","coordinates":[136.0593097,35.6523866]},"properties":{"z":3.0}},{"type":"Feature","geometry":{"type":"Point","coordinates":[136.0593624,35.6524]},"properties":{"z":3.0}},{"type":"Feature","geometry":{"type":"Point","coordinates":[136.0594149,35.6524143]},"properties":{"z":3.0}},{"type":"Feature","geometry":{"type":"Point","coordinates":[136.0594675,35.6524283]},"properties":{"z":3.0}},{"type":"Feature","geometry":{"type":"Point","coordinates":[136.0595201,35.6524421]},"properties":{"z":3.0}},{"type":"Feature","geometry":{"type":"Point","coordinates":[136.0595721,35.6524575]},"properties":{"z":3.0}},{"type":"Feature","geometry":{"type":"Point","coordinates":[136.0596242,35.6524726]},"properties":{"z":2.9}},{"type":"Feature","geometry":{"type":"Point","coordinates":[136.0596766,35.6524871]},"properties":{"z":2.9}},{"type":"Feature","geometry":{"type":"Point","coordinates":[136.0597295,35.6525002]},"properties":{"z":2.9}},{"type":"Feature","geometry":{"type":"Point","coordinates":[136.0597826,35.6525125]},"properties":{"z":2.9}},{"type":"Feature","geometry":{"type":"Point","coordinates":[136.0598347,35.6525278]},"properties":{"z":2.9}},{"type":"Feature","geometry":{"type":"Point","coordinates":[136.0598866,35.6525433]},"properties":{"z":2.9}},{"type":"Feature","geometry":{"type":"Point","coordinates":[136.0599388,35.6525581]},"properties":{"z":2.8}},{"type":"Feature","geometry":{"type":"Point","coordinates":[136.0599921,35.6525702]},"properties":{"z":2.8}},{"type":"Feature","geometry":{"type":"Point","coordinates":[136.0600455,35.6525819]},"properties":{"z":2.8}},{"type":"Feature","geometry":{"type":"Point","coordinates":[136.0600989,35.6525936]},"properties":{"z":2.8}},{"type":"Feature","geometry":{"type":"Point","coordinates":[136.0601524,35.6526049]},"properties":{"z":2.8}},{"type":"Feature","geometry":{"type":"Point","coordinates":[136.060207,35.6526121]},"properties":{"z":2.8}},{"type":"Feature","geometry":{"type":"Point","coordinates":[136.0602607,35.652623]},"properties":{"z":2.8}},{"type":"Feature","geometry":{"type":"Point","coordinates":[136.0603143,35.6526339]},"properties":{"z":2.7}},{"type":"Feature","geometry":{"type":"Point","coordinates":[136.0603683,35.6526436]},"properties":{"z":2.7}},{"type":"Feature","geometry":{"type":"Point","coordinates":[136.0604226,35.6526522]},"properties":{"z":2.7}},{"type":"Feature","geometry":{"type":"Point","coordinates":[136.0604771,35.65266]},"properties":{"z":2.7}},{"type":"Feature","geometry":{"type":"Point","coordinates":[136.0605314,35.6526684]},"properties":{"z":2.7}},{"type":"Feature","geometry":{"type":"Point","coordinates":[136.0605851,35.6526794]},"properties":{"z":2.7}},{"type":"Feature","geometry":{"type":"Point","coordinates":[136.0606388,35.6526899]},"properties":{"z":2.6}},{"type":"Feature","geometry":{"type":"Point","coordinates":[136.0606934,35.6526973]},"properties":{"z":2.6}},{"type":"Feature","geometry":{"type":"Point","coordinates":[136.0607479,35.6527051]},"properties":{"z":2.6}},{"type":"Feature","geometry":{"type":"Point","coordinates":[136.0608023,35.6527133]},"properties":{"z":2.5}},{"type":"Feature","geometry":{"type":"Point","coordinates":[136.0608568,35.6527209]},"properties":{"z":2.5}},{"type":"Feature","geometry":{"type":"Point","coordinates":[136.0609102,35.6527325]},"properties":{"z":2.5}},{"type":"Feature","geometry":{"type":"Point","coordinates":[136.0609614,35.6527494]},"properties":{"z":2.5}},{"type":"Feature","geometry":{"type":"Point","coordinates":[136.0610146,35.6527616]},"properties":{"z":2.5}},{"type":"Feature","geometry":{"type":"Point","coordinates":[136.0610692,35.6527689]},"properties":{"z":2.3}},{"type":"Feature","geometry":{"type":"Point","coordinates":[136.0611231,35.652779]},"properties":{"z":2.3}},{"type":"Feature","geometry":{"type":"Point","coordinates":[136.0611775,35.6527871]},"properties":{"z":2.3}},{"type":"Feature","geometry":{"type":"Point","coordinates":[136.0612323,35.6527884]},"properties":{"z":2.3}},{"type":"Feature","geometry":{"type":"Point","coordinates":[136.0612872,35.6527931]},"properties":{"z":2.3}},{"type":"Feature","geometry":{"type":"Point","coordinates":[136.0613422,35.6527945]},"properties":{"z":2.2}},{"type":"Feature","geometry":{"type":"Point","coordinates":[136.061396,35.6528047]},"properties":{"z":2.2}},{"type":"Feature","geometry":{"type":"Point","coordinates":[136.0614501,35.6528142]},"properties":{"z":2.2}},{"type":"Feature","geometry":{"type":"Point","coordinates":[136.061504,35.6528243]},"properties":{"z":2.1}},{"type":"Feature","geometry":{"type":"Point","coordinates":[136.0615569,35.6528374]},"properties":{"z":2.1}},{"type":"Feature","geometry":{"type":"Point","coordinates":[136.0616118,35.6528417]},"properties":{"z":2.1}},{"type":"Feature","geometry":{"type":"Point","coordinates":[136.0616668,35.6528466]},"properties":{"z":2.0}},{"type":"Feature","geometry":{"type":"Point","coordinates":[136.0617197,35.6528589]},"properties":{"z":2.0}},{"type":"Feature","geometry":{"type":"Point","coordinates":[136.0617742,35.6528658]},"properties":{"z":2.0}},{"type":"Feature","geometry":{"type":"Point","coordinates":[136.0618294,35.6528685]},"properties":{"z":2.0}},{"type":"Feature","geometry":{"type":"Point","coordinates":[136.0618845,35.6528727]},"properties":{"z":2.0}},{"type":"Feature","geometry":{"type":"Point","coordinates":[136.0619395,35.652877]},"properties":{"z":1.9}},{"type":"Feature","geometry":{"type":"Point","coordinates":[136.0619941,35.6528842]},"properties":{"z":1.9}},{"type":"Feature","geometry":{"type":"Point","coordinates":[136.0620492,35.6528879]},"properties":{"z":1.9}},{"type":"Feature","geometry":{"type":"Point","coordinates":[136.0621043,35.6528916]},"properties":{"z":1.8}},{"type":"Feature","geometry":{"type":"Point","coordinates":[136.0621589,35.6528989]},"properties":{"z":1.8}},{"type":"Feature","geometry":{"type":"Point","coordinates":[136.0622137,35.6529048]},"properties":{"z":1.7}},{"type":"Feature","geometry":{"type":"Point","coordinates":[136.0622679,35.6529141]},"properties":{"z":1.7}},{"type":"Feature","geometry":{"type":"Point","coordinates":[136.0623223,35.652922]},"properties":{"z":1.7}},{"type":"Feature","geometry":{"type":"Point","coordinates":[136.062377,35.6529285]},"properties":{"z":1.6}},{"type":"Feature","geometry":{"type":"Point","coordinates":[136.0624318,35.6529347]},"properties":{"z":1.6}},{"type":"Feature","geometry":{"type":"Point","coordinates":[136.0624863,35.6529427]},"properties":{"z":1.6}},{"type":"Feature","geometry":{"type":"Point","coordinates":[136.0625407,35.6529505]},"properties":{"z":1.6}},{"type":"Feature","geometry":{"type":"Point","coordinates":[136.0625952,35.6529583]},"properties":{"z":1.5}},{"type":"Feature","geometry":{"type":"Point","coordinates":[136.0626497,35.6529662]},"properties":{"z":1.5}},{"type":"Feature","geometry":{"type":"Point","coordinates":[136.0627039,35.6529751]},"properties":{"z":1.4}},{"type":"Feature","geometry":{"type":"Point","coordinates":[136.0627586,35.6529809]},"properties":{"z":1.4}},{"type":"Feature","geometry":{"type":"Point","coordinates":[136.0628138,35.6529843]},"properties":{"z":1.4}},{"type":"Feature","geometry":{"type":"Point","coordinates":[136.0628687,35.6529894]},"properties":{"z":1.3}},{"type":"Feature","geometry":{"type":"Point","coordinates":[136.0629232,35.6529969]},"properties":{"z":1.3}},{"type":"Feature","geometry":{"type":"Point","coordinates":[136.0629775,35.6530055]},"properties":{"z":1.3}},{"type":"Feature","geometry":{"type":"Point","coordinates":[136.0630315,35.6530153]},"properties":{"z":1.2}},{"type":"Feature","geometry":{"type":"Point","coordinates":[136.0630855,35.6530251]},"properties":{"z":1.2}},{"type":"Feature","geometry":{"type":"Point","coordinates":[136.0631394,35.6530352]},"properties":{"z":1.2}},{"type":"Feature","geometry":{"type":"Point","coordinates":[136.063193,35.6530466]},"properties":{"z":1.1}},{"type":"Feature","geometry":{"type":"Point","coordinates":[136.0632472,35.6530548]},"properties":{"z":1.1}},{"type":"Feature","geometry":{"type":"Point","coordinates":[136.0633021,35.6530603]},"properties":{"z":1.1}},{"type":"Feature","geometry":{"type":"Point","coordinates":[136.063357,35.6530657]},"properties":{"z":1.2}},{"type":"Feature","geometry":{"type":"Point","coordinates":[136.0634116,35.6530728]},"properties":{"z":1.2}},{"type":"Feature","geometry":{"type":"Point","coordinates":[136.0634657,35.6530822]},"properties":{"z":1.2}},{"type":"Feature","geometry":{"type":"Point","coordinates":[136.0635204,35.653089]},"properties":{"z":1.2}},{"type":"Feature","geometry":{"type":"Point","coordinates":[136.0635752,35.6530948]},"properties":{"z":1.2}},{"type":"Feature","geometry":{"type":"Point","coordinates":[136.0636302,35.6530999]},"properties":{"z":1.2}},{"type":"Feature","geometry":{"type":"Point","coordinates":[136.0636845,35.6531084]},"properties":{"z":1.2}},{"type":"Feature","geometry":{"type":"Point","coordinates":[136.0637389,35.6531163]},"properties":{"z":1.1}},{"type":"Feature","geometry":{"type":"Point","coordinates":[136.0637937,35.6531229]},"properties":{"z":1.2}},{"type":"Feature","geometry":{"type":"Point","coordinates":[136.0638487,35.6531272]},"properties":{"z":1.2}},{"type":"Feature","geometry":{"type":"Point","coordinates":[136.0639039,35.6531291]},"properties":{"z":1.2}},{"type":"Feature","geometry":{"type":"Point","coordinates":[136.063959,35.6531291]},"properties":{"z":1.2}},{"type":"Feature","geometry":{"type":"Point","coordinates":[136.0640112,35.6531439]},"properties":{"z":1.2}},{"type":"Feature","geometry":{"type":"Point","coordinates":[136.0640632,35.6531592]},"properties":{"z":1.2}},{"type":"Feature","geometry":{"type":"Point","coordinates":[136.0641149,35.6531752]},"properties":{"z":1.2}},{"type":"Feature","geometry":{"type":"Point","coordinates":[136.0641662,35.653192]},"properties":{"z":1.2}},{"type":"Feature","geometry":{"type":"Point","coordinates":[136.064219,35.6532055]},"properties":{"z":1.2}},{"type":"Feature","geometry":{"type":"Point","coordinates":[136.0642722,35.6532178]},"properties":{"z":1.2}},{"type":"Feature","geometry":{"type":"Point","coordinates":[136.0643261,35.6532276]},"properties":{"z":1.2}},{"type":"Feature","geometry":{"type":"Point","coordinates":[136.0643809,35.6532339]},"properties":{"z":1.2}},{"type":"Feature","geometry":{"type":"Point","coordinates":[136.0644348,35.6532439]},"properties":{"z":1.2}},{"type":"Feature","geometry":{"type":"Point","coordinates":[136.0644889,35.6532521]},"properties":{"z":1.2}},{"type":"Feature","geometry":{"type":"Point","coordinates":[136.0645442,35.6532548]},"properties":{"z":1.2}},{"type":"Feature","geometry":{"type":"Point","coordinates":[136.0645992,35.6532588]},"properties":{"z":1.2}},{"type":"Feature","geometry":{"type":"Point","coordinates":[136.0646542,35.6532641]},"properties":{"z":1.2}},{"type":"Feature","geometry":{"type":"Point","coordinates":[136.0647088,35.6532711]},"properties":{"z":1.2}},{"type":"Feature","geometry":{"type":"Point","coordinates":[136.0647619,35.6532836]},"properties":{"z":1.2}},{"type":"Feature","geometry":{"type":"Point","coordinates":[136.0648148,35.6532968]},"properties":{"z":1.2}},{"type":"Feature","geometry":{"type":"Point","coordinates":[136.0648679,35.6533093]},"properties":{"z":1.2}},{"type":"Feature","geometry":{"type":"Point","coordinates":[136.0649224,35.653317]},"properties":{"z":1.2}},{"type":"Feature","geometry":{"type":"Point","coordinates":[136.0649772,35.653323]},"properties":{"z":1.2}},{"type":"Feature","geometry":{"type":"Point","coordinates":[136.0650322,35.6533276]},"properties":{"z":1.2}},{"type":"Feature","geometry":{"type":"Point","coordinates":[136.0650875,35.6533262]},"properties":{"z":1.2}},{"type":"Feature","geometry":{"type":"Point","coordinates":[136.0651423,35.6533303]},"properties":{"z":1.2}},{"type":"Feature","geometry":{"type":"Point","coordinates":[136.0651969,35.6533378]},"properties":{"z":1.2}},{"type":"Feature","geometry":{"type":"Point","coordinates":[136.0652513,35.6533456]},"properties":{"z":1.2}},{"type":"Feature","geometry":{"type":"Point","coordinates":[136.0653047,35.6533574]},"properties":{"z":1.2}},{"type":"Feature","geometry":{"type":"Point","coordinates":[136.0653581,35.6533686]},"properties":{"z":1.2}},{"type":"Feature","geometry":{"type":"Point","coordinates":[136.0654126,35.6533766]},"properties":{"z":1.2}},{"type":"Feature","geometry":{"type":"Point","coordinates":[136.0654663,35.6533872]},"properties":{"z":1.2}},{"type":"Feature","geometry":{"type":"Point","coordinates":[136.0655188,35.6534012]},"properties":{"z":1.2}},{"type":"Feature","geometry":{"type":"Point","coordinates":[136.0655715,35.6534147]},"properties":{"z":1.2}},{"type":"Feature","geometry":{"type":"Point","coordinates":[136.0656257,35.6534226]},"properties":{"z":1.2}},{"type":"Feature","geometry":{"type":"Point","coordinates":[136.0656809,35.6534258]},"properties":{"z":1.3}},{"type":"Feature","geometry":{"type":"Point","coordinates":[136.0657356,35.6534321]},"properties":{"z":1.3}},{"type":"Feature","geometry":{"type":"Point","coordinates":[136.0657904,35.653438]},"properties":{"z":1.3}},{"type":"Feature","geometry":{"type":"Point","coordinates":[136.0658456,35.6534414]},"properties":{"z":1.3}},{"type":"Feature","geometry":{"type":"Point","coordinates":[136.0659008,35.6534448]},"properties":{"z":1.3}},{"type":"Feature","geometry":{"type":"Point","coordinates":[136.0659559,35.6534482]},"properties":{"z":1.3}},{"type":"Feature","geometry":{"type":"Point","coordinates":[136.0660112,35.6534486]},"properties":{"z":1.3}},{"type":"Feature","geometry":{"type":"Point","coordinates":[136.0660664,35.6534467]},"properties":{"z":1.3}},{"type":"Feature","geometry":{"type":"Point","coordinates":[136.0661214,35.6534419]},"properties":{"z":1.3}},{"type":"Feature","geometry":{"type":"Point","coordinates":[136.0661759,35.6534347]},"properties":{"z":1.3}},{"type":"Feature","geometry":{"type":"Point","coordinates":[136.0662309,35.6534396]},"properties":{"z":1.3}},{"type":"Feature","geometry":{"type":"Point","coordinates":[136.0662857,35.6534457]},"properties":{"z":1.3}},{"type":"Feature","geometry":{"type":"Point","coordinates":[136.0663407,35.6534489]},"properties":{"z":1.3}},{"type":"Feature","geometry":{"type":"Point","coordinates":[136.0663959,35.6534475]},"properties":{"z":1.3}},{"type":"Feature","geometry":{"type":"Point","coordinates":[136.066451,35.653452]},"properties":{"z":1.3}},{"type":"Feature","geometry":{"type":"Point","coordinates":[136.0665044,35.6534627]},"properties":{"z":1.3}},{"type":"Feature","geometry":{"type":"Point","coordinates":[136.0665583,35.6534683]},"properties":{"z":1.3}},{"type":"Feature","geometry":{"type":"Point","coordinates":[136.066613,35.6534729]},"properties":{"z":1.3}},{"type":"Feature","geometry":{"type":"Point","coordinates":[136.0666676,35.65348]},"properties":{"z":1.4}},{"type":"Feature","geometry":{"type":"Point","coordinates":[136.0667226,35.653484]},"properties":{"z":1.4}},{"type":"Feature","geometry":{"type":"Point","coordinates":[136.0667745,35.6534959]},"properties":{"z":1.4}},{"type":"Feature","geometry":{"type":"Point","coordinates":[136.0668288,35.653498]},"properties":{"z":1.4}},{"type":"Feature","geometry":{"type":"Point","coordinates":[136.066884,35.6534959]},"properties":{"z":1.5}},{"type":"Feature","geometry":{"type":"Point","coordinates":[136.0669388,35.6534895]},"properties":{"z":1.5}},{"type":"Feature","geometry":{"type":"Point","coordinates":[136.066992,35.6534773]},"properties":{"z":1.5}},{"type":"Feature","geometry":{"type":"Point","coordinates":[136.0670465,35.6534704]},"properties":{"z":1.5}},{"type":"Feature","geometry":{"type":"Point","coordinates":[136.0671016,35.6534697]},"properties":{"z":1.5}},{"type":"Feature","geometry":{"type":"Point","coordinates":[136.0671568,35.6534733]},"properties":{"z":1.5}},{"type":"Feature","geometry":{"type":"Point","coordinates":[136.0672115,35.6534795]},"properties":{"z":1.5}},{"type":"Feature","geometry":{"type":"Point","coordinates":[136.0672662,35.6534864]},"properties":{"z":1.6}},{"type":"Feature","geometry":{"type":"Point","coordinates":[136.0673209,35.6534933]},"properties":{"z":1.6}},{"type":"Feature","geometry":{"type":"Point","coordinates":[136.0673757,35.6534994]},"properties":{"z":1.6}},{"type":"Feature","geometry":{"type":"Point","coordinates":[136.0674304,35.6535061]},"properties":{"z":1.6}},{"type":"Feature","geometry":{"type":"Point","coordinates":[136.067485,35.653513]},"properties":{"z":1.7}},{"type":"Feature","geometry":{"type":"Point","coordinates":[136.0675396,35.6535203]},"properties":{"z":1.7}},{"type":"Feature","geometry":{"type":"Point","coordinates":[136.067594,35.6535287]},"properties":{"z":1.7}},{"type":"Feature","geometry":{"type":"Point","coordinates":[136.0676482,35.6535375]},"properties":{"z":1.7}},{"type":"Feature","geometry":{"type":"Point","coordinates":[136.0677027,35.6535455]},"properties":{"z":1.7}},{"type":"Feature","geometry":{"type":"Point","coordinates":[136.0677572,35.6535528]},"properties":{"z":1.8}},{"type":"Feature","geometry":{"type":"Point","coordinates":[136.067812,35.6535588]},"properties":{"z":1.8}},{"type":"Feature","geometry":{"type":"Point","coordinates":[136.0678664,35.6535671]},"properties":{"z":1.8}},{"type":"Feature","geometry":{"type":"Point","coordinates":[136.0679203,35.6535771]},"properties":{"z":1.8}},{"type":"Feature","geometry":{"type":"Point","coordinates":[136.0679736,35.6535891]},"properties":{"z":1.8}},{"type":"Feature","geometry":{"type":"Point","coordinates":[136.0680273,35.6536001]},"properties":{"z":1.8}},{"type":"Feature","geometry":{"type":"Point","coordinates":[136.0680809,35.6536111]},"properties":{"z":1.9}},{"type":"Feature","geometry":{"type":"Point","coordinates":[136.0681344,35.6536226]},"properties":{"z":1.9}},{"type":"Feature","geometry":{"type":"Point","coordinates":[136.0681884,35.6536323]},"properties":{"z":1.9}},{"type":"Feature","geometry":{"type":"Point","coordinates":[136.0682427,35.6536409]},"properties":{"z":1.9}},{"type":"Feature","geometry":{"type":"Point","coordinates":[136.0682972,35.6536484]},"properties":{"z":1.9}},{"type":"Feature","geometry":{"type":"Point","coordinates":[136.068352,35.6536547]},"properties":{"z":2.0}},{"type":"Feature","geometry":{"type":"Point","coordinates":[136.0684069,35.6536599]},"properties":{"z":2.0}},{"type":"Feature","geometry":{"type":"Point","coordinates":[136.0684619,35.6536647]},"properties":{"z":2.0}},{"type":"Feature","geometry":{"type":"Point","coordinates":[136.0685167,35.6536711]},"properties":{"z":2.0}},{"type":"Feature","geometry":{"type":"Point","coordinates":[136.0685705,35.6536812]},"properties":{"z":2.0}},{"type":"Feature","geometry":{"type":"Point","coordinates":[136.0686244,35.6536915]},"properties":{"z":2.0}},{"type":"Feature","geometry":{"type":"Point","coordinates":[136.0686786,35.6537004]},"properties":{"z":2.1}},{"type":"Feature","geometry":{"type":"Point","coordinates":[136.0687333,35.6537067]},"properties":{"z":2.1}},{"type":"Feature","geometry":{"type":"Point","coordinates":[136.0687882,35.6537124]},"properties":{"z":2.1}},{"type":"Feature","geometry":{"type":"Point","coordinates":[136.0688431,35.6537181]},"properties":{"z":2.1}},{"type":"Feature","geometry":{"type":"Point","coordinates":[136.068898,35.6537237]},"properties":{"z":2.2}},{"type":"Feature","geometry":{"type":"Point","coordinates":[136.0689531,35.653727]},"properties":{"z":2.2}},{"type":"Feature","geometry":{"type":"Point","coordinates":[136.069008,35.6537327]},"properties":{"z":2.2}},{"type":"Feature","geometry":{"type":"Point","coordinates":[136.0690616,35.6537428]},"properties":{"z":2.2}},{"type":"Feature","geometry":{"type":"Point","coordinates":[136.0691153,35.6537527]},"properties":{"z":2.2}},{"type":"Feature","geometry":{"type":"Point","coordinates":[136.06917,35.6537598]},"properties":{"z":2.2}},{"type":"Feature","geometry":{"type":"Point","coordinates":[136.0692246,35.653767]},"properties":{"z":2.3}},{"type":"Feature","geometry":{"type":"Point","coordinates":[136.0692796,35.6537717]},"properties":{"z":2.3}},{"type":"Feature","geometry":{"type":"Point","coordinates":[136.0693345,35.6537771]},"properties":{"z":2.3}},{"type":"Feature","geometry":{"type":"Point","coordinates":[136.0693893,35.6537835]},"properties":{"z":2.3}},{"type":"Feature","geometry":{"type":"Point","coordinates":[136.0694438,35.653791]},"properties":{"z":2.3}},{"type":"Feature","geometry":{"type":"Point","coordinates":[136.0694979,35.6538001]},"properties":{"z":2.4}},{"type":"Feature","geometry":{"type":"Point","coordinates":[136.0695516,35.6538112]},"properties":{"z":2.4}},{"type":"Feature","geometry":{"type":"Point","coordinates":[136.0696057,35.6538205]},"properties":{"z":2.4}},{"type":"Feature","geometry":{"type":"Point","coordinates":[136.0696601,35.6538286]},"properties":{"z":2.4}},{"type":"Feature","geometry":{"type":"Point","coordinates":[136.0697147,35.6538356]},"properties":{"z":2.4}},{"type":"Feature","geometry":{"type":"Point","coordinates":[136.0697695,35.6538419]},"properties":{"z":2.4}},{"type":"Feature","geometry":{"type":"Point","coordinates":[136.0698236,35.6538509]},"properties":{"z":2.5}},{"type":"Feature","geometry":{"type":"Point","coordinates":[136.0698771,35.6538622]},"properties":{"z":2.5}},{"type":"Feature","geometry":{"type":"Point","coordinates":[136.0699313,35.6538712]},"properties":{"z":2.5}},{"type":"Feature","geometry":{"type":"Point","coordinates":[136.0699855,35.6538803]},"properties":{"z":2.5}},{"type":"Feature","geometry":{"type":"Point","coordinates":[136.0700398,35.6538891]},"properties":{"z":2.5}},{"type":"Feature","geometry":{"type":"Point","coordinates":[136.0700944,35.6538963]},"properties":{"z":2.5}},{"type":"Feature","geometry":{"type":"Point","coordinates":[136.070147,35.6539098]},"properties":{"z":2.6}},{"type":"Feature","geometry":{"type":"Point","coordinates":[136.0701968,35.6539291]},"properties":{"z":2.6}},{"type":"Feature","geometry":{"type":"Point","coordinates":[136.0702469,35.6539473]},"properties":{"z":2.6}},{"type":"Feature","geometry":{"type":"Point","coordinates":[136.0703006,35.6539582]},"properties":{"z":2.6}},{"type":"Feature","geometry":{"type":"Point","coordinates":[136.0703553,35.6539648]},"properties":{"z":2.6}},{"type":"Feature","geometry":{"type":"Point","coordinates":[136.0704105,35.6539676]},"properties":{"z":2.6}},{"type":"Feature","geometry":{"type":"Point","coordinates":[136.0704657,35.6539662]},"properties":{"z":2.6}},{"type":"Feature","geometry":{"type":"Point","coordinates":[136.0705208,35.653966]},"properties":{"z":2.7}},{"type":"Feature","geometry":{"type":"Point","coordinates":[136.0705754,35.6539727]},"properties":{"z":2.7}},{"type":"Feature","geometry":{"type":"Point","coordinates":[136.0706287,35.6539845]},"properties":{"z":2.7}},{"type":"Feature","geometry":{"type":"Point","coordinates":[136.0706829,35.6539937]},"properties":{"z":2.8}},{"type":"Feature","geometry":{"type":"Point","coordinates":[136.0707335,35.6540108]},"properties":{"z":2.8}},{"type":"Feature","geometry":{"type":"Point","coordinates":[136.0707867,35.6540212]},"properties":{"z":2.8}},{"type":"Feature","geometry":{"type":"Point","coordinates":[136.0708383,35.6540346]},"properties":{"z":2.8}},{"type":"Feature","geometry":{"type":"Point","coordinates":[136.0708913,35.6540459]},"properties":{"z":2.8}},{"type":"Feature","geometry":{"type":"Point","coordinates":[136.0709462,35.6540417]},"properties":{"z":2.8}},{"type":"Feature","geometry":{"type":"Point","coordinates":[136.071001,35.6540466]},"properties":{"z":2.9}},{"type":"Feature","geometry":{"type":"Point","coordinates":[136.0710561,35.6540501]},"properties":{"z":2.9}},{"type":"Feature","geometry":{"type":"Point","coordinates":[136.0711111,35.6540466]},"properties":{"z":2.9}},{"type":"Feature","geometry":{"type":"Point","coordinates":[136.0711663,35.6540462]},"properties":{"z":2.9}},{"type":"Feature","geometry":{"type":"Point","coordinates":[136.0712215,35.6540485]},"properties":{"z":2.9}},{"type":"Feature","geometry":{"type":"Point","coordinates":[136.0712766,35.6540489]},"properties":{"z":2.9}},{"type":"Feature","geometry":{"type":"Point","coordinates":[136.0713309,35.65404]},"properties":{"z":2.9}},{"type":"Feature","geometry":{"type":"Point","coordinates":[136.0713819,35.6540573]},"properties":{"z":3.0}},{"type":"Feature","geometry":{"type":"Point","coordinates":[136.0714358,35.654067]},"properties":{"z":3.0}},{"type":"Feature","geometry":{"type":"Point","coordinates":[136.0714908,35.6540698]},"properties":{"z":3.0}},{"type":"Feature","geometry":{"type":"Point","coordinates":[136.0715461,35.6540693]},"properties":{"z":3.1}},{"type":"Feature","geometry":{"type":"Point","coordinates":[136.071601,35.6540744]},"properties":{"z":3.1}},{"type":"Feature","geometry":{"type":"Point","coordinates":[136.0716556,35.6540814]},"properties":{"z":3.1}},{"type":"Feature","geometry":{"type":"Point","coordinates":[136.0717096,35.6540911]},"properties":{"z":3.1}},{"type":"Feature","geometry":{"type":"Point","coordinates":[136.0717626,35.6541042]},"properties":{"z":3.1}},{"type":"Feature","geometry":{"type":"Point","coordinates":[136.0718161,35.6541154]},"properties":{"z":3.1}},{"type":"Feature","geometry":{"type":"Point","coordinates":[136.0718707,35.6541219]},"properties":{"z":3.2}},{"type":"Feature","geometry":{"type":"Point","coordinates":[136.0719253,35.6541286]},"properties":{"z":3.2}},{"type":"Feature","geometry":{"type":"Point","coordinates":[136.07198,35.6541353]},"properties":{"z":3.2}},{"type":"Feature","geometry":{"type":"Point","coordinates":[136.0720349,35.6541408]},"properties":{"z":3.2}},{"type":"Feature","geometry":{"type":"Point","coordinates":[136.0720895,35.6541477]},"properties":{"z":3.2}},{"type":"Feature","geometry":{"type":"Point","coordinates":[136.0721439,35.6541556]},"properties":{"z":3.3}},{"type":"Feature","geometry":{"type":"Point","coordinates":[136.0721978,35.6541659]},"properties":{"z":3.3}},{"type":"Feature","geometry":{"type":"Point","coordinates":[136.0722525,35.6541724]},"properties":{"z":3.3}},{"type":"Feature","geometry":{"type":"Point","coordinates":[136.0723076,35.6541741]},"properties":{"z":3.3}},{"type":"Feature","geometry":{"type":"Point","coordinates":[136.0723628,35.6541719]},"properties":{"z":3.3}},{"type":"Feature","geometry":{"type":"Point","coordinates":[136.0724181,35.6541729]},"properties":{"z":3.3}},{"type":"Feature","geometry":{"type":"Point","coordinates":[136.0724729,35.6541763]},"properties":{"z":3.4}},{"type":"Feature","geometry":{"type":"Point","coordinates":[136.0725235,35.6541912]},"properties":{"z":3.4}},{"type":"Feature","geometry":{"type":"Point","coordinates":[136.0725786,35.654194]},"properties":{"z":3.4}},{"type":"Feature","geometry":{"type":"Point","coordinates":[136.0726324,35.6542042]},"properties":{"z":3.4}},{"type":"Feature","geometry":{"type":"Point","coordinates":[136.0726871,35.6542104]},"properties":{"z":3.4}},{"type":"Feature","geometry":{"type":"Point","coordinates":[136.0727419,35.6542142]},"properties":{"z":3.4}},{"type":"Feature","geometry":{"type":"Point","coordinates":[136.0727967,35.6542174]},"properties":{"z":3.4}},{"type":"Feature","geometry":{"type":"Point","coordinates":[136.0728518,35.6542209]},"properties":{"z":3.5}},{"type":"Feature","geometry":{"type":"Point","coordinates":[136.0729062,35.6542286]},"properties":{"z":3.5}},{"type":"Feature","geometry":{"type":"Point","coordinates":[136.072948,35.6542539]},"properties":{"z":3.5}},{"type":"Feature","geometry":{"type":"Point","coordinates":[136.072999,35.6542622]},"properties":{"z":3.5}},{"type":"Feature","geometry":{"type":"Point","coordinates":[136.0730426,35.65424]},"properties":{"z":3.5}},{"type":"Feature","geometry":{"type":"Point","coordinates":[136.0730663,35.6542002]},"properties":{"z":3.5}},{"type":"Feature","geometry":{"type":"Point","coordinates":[136.0730619,35.6541569]},"properties":{"z":3.6}},{"type":"Feature","geometry":{"type":"Point","coordinates":[136.0730241,35.654128]},"properties":{"z":3.5}},{"type":"Feature","geometry":{"type":"Point","coordinates":[136.0729688,35.6541304]},"properties":{"z":3.5}},{"type":"Feature","geometry":{"type":"Point","coordinates":[136.0729163,35.6541243]},"properties":{"z":3.5}},{"type":"Feature","geometry":{"type":"Point","coordinates":[136.0728627,35.6541172]},"properties":{"z":3.5}},{"type":"Feature","geometry":{"type":"Point","coordinates":[136.07281,35.6541086]},"properties":{"z":3.5}},{"type":"Feature","geometry":{"type":"Point","coordinates":[136.0727789,35.6541228]},"properties":{"z":3.5}},{"type":"Feature","geometry":{"type":"Point","coordinates":[136.0728054,35.6541515]},"properties":{"z":3.5}},{"type":"Feature","geometry":{"type":"Point","coordinates":[136.0728596,35.6541576]},"properties":{"z":3.5}},{"type":"Feature","geometry":{"type":"Point","coordinates":[136.0729147,35.6541616]},"properties":{"z":3.5}},{"type":"Feature","geometry":{"type":"Point","coordinates":[136.072969,35.6541572]},"properties":{"z":3.5}},{"type":"Feature","geometry":{"type":"Point","coordinates":[136.0730222,35.6541478]},"properties":{"z":3.5}},{"type":"Feature","geometry":{"type":"Point","coordinates":[136.0730281,35.6541863]},"properties":{"z":3.5}},{"type":"Feature","geometry":{"type":"Point","coordinates":[136.073021,35.6542309]},"properties":{"z":3.5}},{"type":"Feature","geometry":{"type":"Point","coordinates":[136.0729997,35.6542711]},"properties":{"z":3.5}},{"type":"Feature","geometry":{"type":"Point","coordinates":[136.0729552,35.6542963]},"properties":{"z":3.5}},{"type":"Feature","geometry":{"type":"Point","coordinates":[136.0730062,35.6542861]},"properties":{"z":3.5}},{"type":"Feature","geometry":{"type":"Point","coordinates":[136.0730583,35.6542744]},"properties":{"z":3.5}},{"type":"Feature","geometry":{"type":"Point","coordinates":[136.0730952,35.6542414]},"properties":{"z":3.5}},{"type":"Feature","geometry":{"type":"Point","coordinates":[136.0730946,35.6542018]},"properties":{"z":3.5}},{"type":"Feature","geometry":{"type":"Point","coordinates":[136.0730924,35.6541587]},"properties":{"z":3.5}},{"type":"Feature","geometry":{"type":"Point","coordinates":[136.0731108,35.6541168]},"properties":{"z":3.6}},{"type":"Feature","geometry":{"type":"Point","coordinates":[136.0731377,35.6540775]},"properties":{"z":3.6}},{"type":"Feature","geometry":{"type":"Point","coordinates":[136.0731598,35.6540365]},"properties":{"z":3.6}},{"type":"Feature","geometry":{"type":"Point","coordinates":[136.0731832,35.6539965]},"properties":{"z":3.6}},{"type":"Feature","geometry":{"type":"Point","coordinates":[136.0732302,35.6539762]},"properties":{"z":3.6}},{"type":"Feature","geometry":{"type":"Point","coordinates":[136.073284,35.6539658]},"properties":{"z":3.6}},{"type":"Feature","geometry":{"type":"Point","coordinates":[136.0733321,35.6539446]},"properties":{"z":3.7}},{"type":"Feature","geometry":{"type":"Point","coordinates":[136.0733483,35.6539041]},"properties":{"z":3.7}},{"type":"Feature","geometry":{"type":"Point","coordinates":[136.0733443,35.6538592]},"properties":{"z":3.7}},{"type":"Feature","geometry":{"type":"Point","coordinates":[136.0733369,35.6538147]},"properties":{"z":3.7}},{"type":"Feature","geometry":{"type":"Point","coordinates":[136.0733381,35.6537698]},"properties":{"z":3.7}},{"type":"Feature","geometry":{"type":"Point","coordinates":[136.0733555,35.6537285]},"properties":{"z":3.7}},{"type":"Feature","geometry":{"type":"Point","coordinates":[136.0733596,35.6536852]},"properties":{"z":3.7}},{"type":"Feature","geometry":{"type":"Point","coordinates":[136.0733653,35.6536409]},"properties":{"z":3.7}},{"type":"Feature","geometry":{"type":"Point","coordinates":[136.0733561,35.6535971]},"properties":{"z":3.7}},{"type":"Feature","geometry":{"type":"Point","coordinates":[136.0733455,35.6535548]},"properties":{"z":3.7}},{"type":"Feature","geometry":{"type":"Point","coordinates":[136.0733216,35.6535143]},"properties":{"z":3.7}},{"type":"Feature","geometry":{"type":"Point","coordinates":[136.0733313,35.6534732]},"properties":{"z":3.7}},{"type":"Feature","geometry":{"type":"Point","coordinates":[136.0733329,35.6534308]},"properties":{"z":3.7}},{"type":"Feature","geometry":{"type":"Point","coordinates":[136.0733028,35.6533933]},"properties":{"z":3.7}},{"type":"Feature","geometry":{"type":"Point","coordinates":[136.0732857,35.6533506]},"properties":{"z":3.7}},{"type":"Feature","geometry":{"type":"Point","coordinates":[136.0732773,35.6533062]},"properties":{"z":3.7}},{"type":"Feature","geometry":{"type":"Point","coordinates":[136.0732621,35.653263]},"properties":{"z":3.7}},{"type":"Feature","geometry":{"type":"Point","coordinates":[136.0732696,35.6532193]},"properties":{"z":3.7}},{"type":"Feature","geometry":{"type":"Point","coordinates":[136.0732792,35.653175]},"properties":{"z":3.7}},{"type":"Feature","geometry":{"type":"Point","coordinates":[136.0732765,35.6531304]},"properties":{"z":3.7}},{"type":"Feature","geometry":{"type":"Point","coordinates":[136.0732833,35.653086]},"properties":{"z":3.7}},{"type":"Feature","geometry":{"type":"Point","coordinates":[136.0732946,35.653042]},"properties":{"z":3.7}},{"type":"Feature","geometry":{"type":"Point","coordinates":[136.0732989,35.6529976]},"properties":{"z":3.7}},{"type":"Feature","geometry":{"type":"Point","coordinates":[136.0732823,35.6529567]},"properties":{"z":3.7}},{"type":"Feature","geometry":{"type":"Point","coordinates":[136.0732506,35.6529198]},"properties":{"z":3.7}},{"type":"Feature","geometry":{"type":"Point","coordinates":[136.0732238,35.6528805]},"properties":{"z":3.7}},{"type":"Feature","geometry":{"type":"Point","coordinates":[136.0731981,35.6528408]},"properties":{"z":3.7}},{"type":"Feature","geometry":{"type":"Point","coordinates":[136.0731748,35.6528]},"properties":{"z":3.7}},{"type":"Feature","geometry":{"type":"Point","coordinates":[136.0731582,35.6527571]},"properties":{"z":3.7}},{"type":"Feature","geometry":{"type":"Point","coordinates":[136.0731248,35.6527278]},"properties":{"z":3.7}},{"type":"Feature","geometry":{"type":"Point","coordinates":[136.0731208,35.6526945]},"properties":{"z":3.7}},{"type":"Feature","geometry":{"type":"Point","coordinates":[136.0731105,35.6526504]},"properties":{"z":3.7}},{"type":"Feature","geometry":{"type":"Point","coordinates":[136.0731053,35.6526056]},"properties":{"z":3.7}},{"type":"Feature","geometry":{"type":"Point","coordinates":[136.0730892,35.6525635]},"properties":{"z":3.7}},{"type":"Feature","geometry":{"type":"Point","coordinates":[136.0730716,35.6525211]},"properties":{"z":3.7}},{"type":"Feature","geometry":{"type":"Point","coordinates":[136.0730967,35.6524831]},"properties":{"z":3.7}},{"type":"Feature","geometry":{"type":"Point","coordinates":[136.0731156,35.6524447]},"properties":{"z":3.7}},{"type":"Feature","geometry":{"type":"Point","coordinates":[136.0731034,35.6524012]},"properties":{"z":3.7}},{"type":"Feature","geometry":{"type":"Point","coordinates":[136.0730909,35.6523574]},"properties":{"z":3.7}},{"type":"Feature","geometry":{"type":"Point","coordinates":[136.0730805,35.6523133]},"properties":{"z":3.7}},{"type":"Feature","geometry":{"type":"Point","coordinates":[136.0730722,35.6522689]},"properties":{"z":3.7}},{"type":"Feature","geometry":{"type":"Point","coordinates":[136.073065,35.6522243]},"properties":{"z":3.7}},{"type":"Feature","geometry":{"type":"Point","coordinates":[136.0730588,35.6521796]},"properties":{"z":3.7}},{"type":"Feature","geometry":{"type":"Point","coordinates":[136.0730368,35.6521401]},"properties":{"z":3.7}},{"type":"Feature","geometry":{"type":"Point","coordinates":[136.0730107,35.6521006]},"properties":{"z":3.7}},{"type":"Feature","geometry":{"type":"Point","coordinates":[136.0729854,35.6520606]},"properties":{"z":3.7}},{"type":"Feature","geometry":{"type":"Point","coordinates":[136.0729621,35.6520206]},"properties":{"z":3.7}},{"type":"Feature","geometry":{"type":"Point","coordinates":[136.0729501,35.6519768]},"properties":{"z":3.7}},{"type":"Feature","geometry":{"type":"Point","coordinates":[136.0729335,35.651934]},"properties":{"z":3.7}},{"type":"Feature","geometry":{"type":"Point","coordinates":[136.0729231,35.6518898]},"properties":{"z":3.7}},{"type":"Feature","geometry":{"type":"Point","coordinates":[136.0729148,35.6518454]},"properties":{"z":3.7}},{"type":"Feature","geometry":{"type":"Point","coordinates":[136.0729086,35.6518008]},"properties":{"z":3.7}},{"type":"Feature","geometry":{"type":"Point","coordinates":[136.0728947,35.6517574]},"properties":{"z":3.7}},{"type":"Feature","geometry":{"type":"Point","coordinates":[136.072884,35.6517134]},"properties":{"z":3.7}},{"type":"Feature","geometry":{"type":"Point","coordinates":[136.0728787,35.6516687]},"properties":{"z":3.7}},{"type":"Feature","geometry":{"type":"Point","coordinates":[136.0728769,35.6516238]},"properties":{"z":3.7}},{"type":"Feature","geometry":{"type":"Point","coordinates":[136.0728727,35.6515789]},"properties":{"z":3.7}},{"type":"Feature","geometry":{"type":"Point","coordinates":[136.072872,35.651534]},"properties":{"z":3.7}},{"type":"Feature","geometry":{"type":"Point","coordinates":[136.072874,35.6514891]},"properties":{"z":3.7}},{"type":"Feature","geometry":{"type":"Point","coordinates":[136.0728738,35.6514442]},"properties":{"z":3.7}},{"type":"Feature","geometry":{"type":"Point","coordinates":[136.0728703,35.6513994]},"properties":{"z":3.8}},{"type":"Feature","geometry":{"type":"Point","coordinates":[136.0728602,35.6513552]},"properties":{"z":3.8}},{"type":"Feature","geometry":{"type":"Point","coordinates":[136.0728576,35.6513104]},"properties":{"z":3.8}},{"type":"Feature","geometry":{"type":"Point","coordinates":[136.0728663,35.6512661]},"properties":{"z":3.8}},{"type":"Feature","geometry":{"type":"Point","coordinates":[136.0728682,35.6512214]},"properties":{"z":3.8}},{"type":"Feature","geometry":{"type":"Point","coordinates":[136.0728623,35.6511768]},"properties":{"z":3.8}},{"type":"Feature","geometry":{"type":"Point","coordinates":[136.0728561,35.6511322]},"properties":{"z":3.8}},{"type":"Feature","geometry":{"type":"Point","coordinates":[136.0728511,35.6510874]},"properties":{"z":3.8}},{"type":"Feature","geometry":{"type":"Point","coordinates":[136.0728502,35.6510425]},"properties":{"z":3.8}},{"type":"Feature","geometry":{"type":"Point","coordinates":[136.0728309,35.6510006]},"properties":{"z":3.8}},{"type":"Feature","geometry":{"type":"Point","coordinates":[136.0728355,35.6509563]},"properties":{"z":3.8}},{"type":"Feature","geometry":{"type":"Point","coordinates":[136.072836,35.6509124]},"properties":{"z":3.8}},{"type":"Feature","geometry":{"type":"Point","coordinates":[136.0728262,35.6508687]},"properties":{"z":3.8}},{"type":"Feature","geometry":{"type":"Point","coordinates":[136.0728237,35.6508238]},"properties":{"z":3.8}},{"type":"Feature","geometry":{"type":"Point","coordinates":[136.0728144,35.6507796]},"properties":{"z":3.8}},{"type":"Feature","geometry":{"type":"Point","coordinates":[136.072802,35.6507358]},"properties":{"z":3.8}},{"type":"Feature","geometry":{"type":"Point","coordinates":[136.0727927,35.6506915]},"properties":{"z":3.8}},{"type":"Feature","geometry":{"type":"Point","coordinates":[136.0727819,35.6506474]},"properties":{"z":3.8}},{"type":"Feature","geometry":{"type":"Point","coordinates":[136.0727652,35.6506048]},"properties":{"z":3.8}},{"type":"Feature","geometry":{"type":"Point","coordinates":[136.0727483,35.650562]},"properties":{"z":3.8}},{"type":"Feature","geometry":{"type":"Point","coordinates":[136.072735,35.6505184]},"properties":{"z":3.8}},{"type":"Feature","geometry":{"type":"Point","coordinates":[136.0727233,35.6504744]},"properties":{"z":3.8}},{"type":"Feature","geometry":{"type":"Point","coordinates":[136.0727133,35.6504303]},"properties":{"z":3.8}},{"type":"Feature","geometry":{"type":"Point","coordinates":[136.0727121,35.6503854]},"properties":{"z":3.8}},{"type":"Feature","geometry":{"type":"Point","coordinates":[136.0727098,35.6503408]},"properties":{"z":3.8}},{"type":"Feature","geometry":{"type":"Point","coordinates":[136.0726935,35.6502979]},"properties":{"z":3.8}},{"type":"Feature","geometry":{"type":"Point","coordinates":[136.0726758,35.6502559]},"properties":{"z":3.8}},{"type":"Feature","geometry":{"type":"Point","coordinates":[136.072717,35.6502286]},"properties":{"z":3.8}},{"type":"Feature","geometry":{"type":"Point","coordinates":[136.0726983,35.650194]},"properties":{"z":3.8}},{"type":"Feature","geometry":{"type":"Point","coordinates":[136.0726682,35.6501565]},"properties":{"z":3.8}},{"type":"Feature","geometry":{"type":"Point","coordinates":[136.0726558,35.6501132]},"properties":{"z":3.8}},{"type":"Feature","geometry":{"type":"Point","coordinates":[136.0726383,35.6500706]},"properties":{"z":3.8}},{"type":"Feature","geometry":{"type":"Point","coordinates":[136.0726189,35.6500286]},"properties":{"z":3.8}},{"type":"Feature","geometry":{"type":"Point","coordinates":[136.0725981,35.649987]},"properties":{"z":3.8}},{"type":"Feature","geometry":{"type":"Point","coordinates":[136.0725776,35.6499453]},"properties":{"z":3.8}},{"type":"Feature","geometry":{"type":"Point","coordinates":[136.0725604,35.6499026]},"properties":{"z":3.9}},{"type":"Feature","geometry":{"type":"Point","coordinates":[136.0725474,35.6498589]},"properties":{"z":3.9}},{"type":"Feature","geometry":{"type":"Point","coordinates":[136.0725365,35.6498148]},"properties":{"z":3.9}},{"type":"Feature","geometry":{"type":"Point","coordinates":[136.0725255,35.6497708]},"properties":{"z":3.9}},{"type":"Feature","geometry":{"type":"Point","coordinates":[136.0725219,35.6497259]},"properties":{"z":3.9}},{"type":"Feature","geometry":{"type":"Point","coordinates":[136.0725113,35.6496819]},"properties":{"z":4.0}},{"type":"Feature","geometry":{"type":"Point","coordinates":[136.0725071,35.6496371]},"properties":{"z":4.0}},{"type":"Feature","geometry":{"type":"Point","coordinates":[136.0725004,35.6495931]},"properties":{"z":4.0}},{"type":"Feature","geometry":{"type":"Point","coordinates":[136.0724799,35.6495517]},"properties":{"z":4.0}},{"type":"Feature","geometry":{"type":"Point","coordinates":[136.0724762,35.6495069]},"properties":{"z":4.0}},{"type":"Feature","geometry":{"type":"Point","coordinates":[136.0724748,35.649462]},"properties":{"z":4.0}},{"type":"Feature","geometry":{"type":"Point","coordinates":[136.0724692,35.6494172]},"properties":{"z":4.0}},{"type":"Feature","geometry":{"type":"Point","coordinates":[136.0724681,35.6493723]},"properties":{"z":4.0}},{"type":"Feature","geometry":{"type":"Point","coordinates":[136.0724703,35.6493275]},"properties":{"z":4.0}},{"type":"Feature","geometry":{"type":"Point","coordinates":[136.0724683,35.649284]},"properties":{"z":4.0}},{"type":"Feature","geometry":{"type":"Point","coordinates":[136.0724552,35.6492405]},"properties":{"z":4.0}},{"type":"Feature","geometry":{"type":"Point","coordinates":[136.072439,35.6491977]},"properties":{"z":3.9}},{"type":"Feature","geometry":{"type":"Point","coordinates":[136.0724248,35.6491542]},"properties":{"z":3.9}},{"type":"Feature","geometry":{"type":"Point","coordinates":[136.0724163,35.6491099]},"properties":{"z":3.9}},{"type":"Feature","geometry":{"type":"Point","coordinates":[136.0724097,35.6490654]},"properties":{"z":3.9}},{"type":"Feature","geometry":{"type":"Point","coordinates":[136.0724008,35.6490211]},"properties":{"z":3.9}},{"type":"Feature","geometry":{"type":"Point","coordinates":[136.0724014,35.6489764]},"properties":{"z":3.9}},{"type":"Feature","geometry":{"type":"Point","coordinates":[136.0723883,35.6489336]},"properties":{"z":3.9}},{"type":"Feature","geometry":{"type":"Point","coordinates":[136.0723876,35.6488888]},"properties":{"z":3.9}},{"type":"Feature","geometry":{"type":"Point","coordinates":[136.0723748,35.6488453]},"properties":{"z":3.9}},{"type":"Feature","geometry":{"type":"Point","coordinates":[136.0723577,35.6488026]},"properties":{"z":3.9}},{"type":"Feature","geometry":{"type":"Point","coordinates":[136.072342,35.6487596]},"properties":{"z":3.9}},{"type":"Feature","geometry":{"type":"Point","coordinates":[136.0723312,35.6487155]},"properties":{"z":4.0}},{"type":"Feature","geometry":{"type":"Point","coordinates":[136.0723264,35.6486708]},"properties":{"z":4.0}},{"type":"Feature","geometry":{"type":"Point","coordinates":[136.0723194,35.6486263]},"properties":{"z":4.0}},{"type":"Feature","geometry":{"type":"Point","coordinates":[136.0723084,35.6485822]},"properties":{"z":4.0}},{"type":"Feature","geometry":{"type":"Point","coordinates":[136.0723091,35.6485381]},"properties":{"z":4.0}},{"type":"Feature","geometry":{"type":"Point","coordinates":[136.0723071,35.6484945]},"properties":{"z":4.0}},{"type":"Feature","geometry":{"type":"Point","coordinates":[136.0722842,35.6484543]},"properties":{"z":4.0}},{"type":"Feature","geometry":{"type":"Point","coordinates":[136.07225,35.648419]},"properties":{"z":4.0}},{"type":"Feature","geometry":{"type":"Point","coordinates":[136.0722483,35.6483768]},"properties":{"z":4.0}},{"type":"Feature","geometry":{"type":"Point","coordinates":[136.0722574,35.6483324]},"properties":{"z":4.0}},{"type":"Feature","geometry":{"type":"Point","coordinates":[136.0722778,35.6482924]},"properties":{"z":4.0}},{"type":"Feature","geometry":{"type":"Point","coordinates":[136.0722701,35.6482485]},"properties":{"z":4.0}},{"type":"Feature","geometry":{"type":"Point","coordinates":[136.0722585,35.6482046]},"properties":{"z":4.1}},{"type":"Feature","geometry":{"type":"Point","coordinates":[136.0722541,35.6481598]},"properties":{"z":4.1}},{"type":"Feature","geometry":{"type":"Point","coordinates":[136.0722544,35.6481149]},"properties":{"z":4.1}},{"type":"Feature","geometry":{"type":"Point","coordinates":[136.0722511,35.64807]},"properties":{"z":4.1}},{"type":"Feature","geometry":{"type":"Point","coordinates":[136.072237,35.6480266]},"properties":{"z":4.1}},{"type":"Feature","geometry":{"type":"Point","coordinates":[136.0722214,35.6479841]},"properties":{"z":4.1}},{"type":"Feature","geometry":{"type":"Point","coordinates":[136.0722249,35.6479392]},"properties":{"z":4.1}},{"type":"Feature","geometry":{"type":"Point","coordinates":[136.0722143,35.6478951]},"properties":{"z":4.1}},{"type":"Feature","geometry":{"type":"Point","coordinates":[136.0721996,35.6478518]},"properties":{"z":4.1}},{"type":"Feature","geometry":{"type":"Point","coordinates":[136.0721818,35.6478093]},"properties":{"z":4.2}},{"type":"Feature","geometry":{"type":"Point","coordinates":[136.0721658,35.6477666]},"properties":{"z":4.2}},{"type":"Feature","geometry":{"type":"Point","coordinates":[136.0721617,35.6477218]},"properties":{"z":4.2}},{"type":"Feature","geometry":{"type":"Point","coordinates":[136.0721689,35.6476773]},"properties":{"z":4.2}},{"type":"Feature","geometry":{"type":"Point","coordinates":[136.0721714,35.6476325]},"properties":{"z":4.2}},{"type":"Feature","geometry":{"type":"Point","coordinates":[136.0721693,35.6475876]},"properties":{"z":4.2}},{"type":"Feature","geometry":{"type":"Point","coordinates":[136.0721818,35.6475456]},"properties":{"z":4.2}},{"type":"Feature","geometry":{"type":"Point","coordinates":[136.0722022,35.6475039]},"properties":{"z":4.2}},{"type":"Feature","geometry":{"type":"Point","coordinates":[136.0722404,35.6475099]},"properties":{"z":4.2}},{"type":"Feature","geometry":{"type":"Point","coordinates":[136.0722235,35.6475523]},"properties":{"z":4.2}},{"type":"Feature","geometry":{"type":"Point","coordinates":[136.0722102,35.6475957]},"properties":{"z":4.2}},{"type":"Feature","geometry":{"type":"Point","coordinates":[136.0722142,35.6476404]},"properties":{"z":4.2}},{"type":"Feature","geometry":{"type":"Point","coordinates":[136.0722339,35.6476793]},"properties":{"z":4.2}},{"type":"Feature","geometry":{"type":"Point","coordinates":[136.0722534,35.6477188]},"properties":{"z":4.2}},{"type":"Feature","geometry":{"type":"Point","coordinates":[136.0722095,35.6477253]},"properties":{"z":4.2}},{"type":"Feature","geometry":{"type":"Point","coordinates":[136.0721562,35.6477357]},"properties":{"z":4.2}},{"type":"Feature","geometry":{"type":"Point","coordinates":[136.0721038,35.6477499]},"properties":{"z":4.1}},{"type":"Feature","geometry":{"type":"Point","coordinates":[136.0720704,35.6477826]},"properties":{"z":4.1}},{"type":"Feature","geometry":{"type":"Point","coordinates":[136.0720836,35.6478261]},"properties":{"z":4.1}},{"type":"Feature","geometry":{"type":"Point","coordinates":[136.0720859,35.647871]},"properties":{"z":4.1}},{"type":"Feature","geometry":{"type":"Point","coordinates":[136.072087,35.6479159]},"properties":{"z":4.1}},{"type":"Feature","geometry":{"type":"Point","coordinates":[136.0720897,35.6479608]},"properties":{"z":4.1}},{"type":"Feature","geometry":{"type":"Point","coordinates":[136.0720909,35.6480058]},"properties":{"z":4.1}},{"type":"Feature","geometry":{"type":"Point","coordinates":[136.07209,35.6480507]},"properties":{"z":4.1}},{"type":"Feature","geometry":{"type":"Point","coordinates":[136.0720845,35.6480953]},"properties":{"z":4.0}},{"type":"Feature","geometry":{"type":"Point","coordinates":[136.0720765,35.6481391]},"properties":{"z":4.0}},{"type":"Feature","geometry":{"type":"Point","coordinates":[136.0720789,35.6481835]},"properties":{"z":4.0}},{"type":"Feature","geometry":{"type":"Point","coordinates":[136.0720708,35.6482274]},"properties":{"z":4.0}},{"type":"Feature","geometry":{"type":"Point","coordinates":[136.0720819,35.6482713]},"properties":{"z":4.0}},{"type":"Feature","geometry":{"type":"Point","coordinates":[136.0720744,35.6483151]},"properties":{"z":4.0}},{"type":"Feature","geometry":{"type":"Point","coordinates":[136.0720591,35.6483581]},"properties":{"z":4.0}},{"type":"Feature","geometry":{"type":"Point","coordinates":[136.0720761,35.6484]},"properties":{"z":4.0}},{"type":"Feature","geometry":{"type":"Point","coordinates":[136.0721014,35.6484383]},"properties":{"z":4.0}},{"type":"Feature","geometry":{"type":"Point","coordinates":[136.0720974,35.6484831]},"properties":{"z":4.0}},{"type":"Feature","geometry":{"type":"Point","coordinates":[136.0721025,35.6485277]},"properties":{"z":4.0}},{"type":"Feature","geometry":{"type":"Point","coordinates":[136.0721088,35.6485723]},"properties":{"z":4.0}},{"type":"Feature","geometry":{"type":"Point","coordinates":[136.0721225,35.6486155]},"properties":{"z":4.0}},{"type":"Feature","geometry":{"type":"Point","coordinates":[136.072129,35.6486599]},"properties":{"z":3.9}},{"type":"Feature","geometry":{"type":"Point","coordinates":[136.0721282,35.6487048]},"properties":{"z":3.9}},{"type":"Feature","geometry":{"type":"Point","coordinates":[136.0721371,35.6487492]},"properties":{"z":3.9}},{"type":"Feature","geometry":{"type":"Point","coordinates":[136.0721639,35.648788]},"properties":{"z":3.9}},{"type":"Feature","geometry":{"type":"Point","coordinates":[136.0721937,35.6488258]},"properties":{"z":3.9}},{"type":"Feature","geometry":{"type":"Point","coordinates":[136.0722278,35.6488612]},"properties":{"z":3.9}},{"type":"Feature","geometry":{"type":"Point","coordinates":[136.0722623,35.6488964]},"properties":{"z":3.9}},{"type":"Feature","geometry":{"type":"Point","coordinates":[136.0722905,35.6489349]},"properties":{"z":3.9}},{"type":"Feature","geometry":{"type":"Point","coordinates":[136.0723135,35.6489757]},"properties":{"z":3.9}},{"type":"Feature","geometry":{"type":"Point","coordinates":[136.072325,35.6490196]},"properties":{"z":3.9}},{"type":"Feature","geometry":{"type":"Point","coordinates":[136.0723239,35.6490639]},"properties":{"z":3.9}},{"type":"Feature","geometry":{"type":"Point","coordinates":[136.0723198,35.6491069]},"properties":{"z":3.9}},{"type":"Feature","geometry":{"type":"Point","coordinates":[136.0723422,35.649148]},"properties":{"z":3.9}},{"type":"Feature","geometry":{"type":"Point","coordinates":[136.0723631,35.6491891]},"properties":{"z":3.9}},{"type":"Feature","geometry":{"type":"Point","coordinates":[136.072403,35.6492189]},"properties":{"z":3.9}},{"type":"Feature","geometry":{"type":"Point","coordinates":[136.0724274,35.6492556]},"properties":{"z":3.9}},{"type":"Feature","geometry":{"type":"Point","coordinates":[136.0724357,35.6493001]},"properties":{"z":3.9}},{"type":"Feature","geometry":{"type":"Point","coordinates":[136.0724456,35.6493443]},"properties":{"z":3.9}},{"type":"Feature","geometry":{"type":"Point","coordinates":[136.0724555,35.6493885]},"properties":{"z":4.0}},{"type":"Feature","geometry":{"type":"Point","coordinates":[136.0724666,35.6494325]},"properties":{"z":4.0}},{"type":"Feature","geometry":{"type":"Point","coordinates":[136.0724787,35.6494764]},"properties":{"z":4.0}},{"type":"Feature","geometry":{"type":"Point","coordinates":[136.0724821,35.6495211]},"properties":{"z":4.0}},{"type":"Feature","geometry":{"type":"Point","coordinates":[136.0724963,35.6495646]},"properties":{"z":4.0}},{"type":"Feature","geometry":{"type":"Point","coordinates":[136.0725079,35.6496085]},"properties":{"z":4.0}},{"type":"Feature","geometry":{"type":"Point","coordinates":[136.0725133,35.6496532]},"properties":{"z":4.0}},{"type":"Feature","geometry":{"type":"Point","coordinates":[136.0725174,35.649698]},"properties":{"z":3.9}},{"type":"Feature","geometry":{"type":"Point","coordinates":[136.0725215,35.6497428]},"properties":{"z":3.9}},{"type":"Feature","geometry":{"type":"Point","coordinates":[136.0725257,35.6497877]},"properties":{"z":3.9}},{"type":"Feature","geometry":{"type":"Point","coordinates":[136.0725282,35.6498325]},"properties":{"z":3.9}},{"type":"Feature","geometry":{"type":"Point","coordinates":[136.0725347,35.649877]},"properties":{"z":3.9}},{"type":"Feature","geometry":{"type":"Point","coordinates":[136.0725498,35.6499202]},"properties":{"z":3.8}},{"type":"Feature","geometry":{"type":"Point","coordinates":[136.0725675,35.6499628]},"properties":{"z":3.8}},{"type":"Feature","geometry":{"type":"Point","coordinates":[136.0725862,35.6500051]},"properties":{"z":3.8}},{"type":"Feature","geometry":{"type":"Point","coordinates":[136.0726001,35.6500486]},"properties":{"z":3.8}},{"type":"Feature","geometry":{"type":"Point","coordinates":[136.0726096,35.6500928]},"properties":{"z":3.8}},{"type":"Feature","geometry":{"type":"Point","coordinates":[136.0726095,35.6501375]},"properties":{"z":3.8}},{"type":"Feature","geometry":{"type":"Point","coordinates":[136.0726155,35.6501814]},"properties":{"z":3.8}},{"type":"Feature","geometry":{"type":"Point","coordinates":[136.0726293,35.6502246]},"properties":{"z":3.8}},{"type":"Feature","geometry":{"type":"Point","coordinates":[136.0726294,35.6502691]},"properties":{"z":3.8}},{"type":"Feature","geometry":{"type":"Point","coordinates":[136.0726402,35.6503131]},"properties":{"z":3.8}},{"type":"Feature","geometry":{"type":"Point","coordinates":[136.072655,35.6503562]},"properties":{"z":3.8}},{"type":"Feature","geometry":{"type":"Point","coordinates":[136.0726779,35.6503971]},"properties":{"z":3.8}},{"type":"Feature","geometry":{"type":"Point","coordinates":[136.0726918,35.6504405]},"properties":{"z":3.8}},{"type":"Feature","geometry":{"type":"Point","coordinates":[136.0727043,35.6504843]},"properties":{"z":3.8}},{"type":"Feature","geometry":{"type":"Point","coordinates":[136.0727157,35.6505282]},"properties":{"z":3.8}},{"type":"Feature","geometry":{"type":"Point","coordinates":[136.0727203,35.650573]},"properties":{"z":3.8}},{"type":"Feature","geometry":{"type":"Point","coordinates":[136.0727147,35.6506176]},"properties":{"z":3.8}},{"type":"Feature","geometry":{"type":"Point","coordinates":[136.0727055,35.6506619]},"properties":{"z":3.8}},{"type":"Feature","geometry":{"type":"Point","coordinates":[136.0726936,35.6507058]},"properties":{"z":3.8}},{"type":"Feature","geometry":{"type":"Point","coordinates":[136.0726927,35.6507507]},"properties":{"z":3.8}},{"type":"Feature","geometry":{"type":"Point","coordinates":[136.0726918,35.6507957]},"properties":{"z":3.8}},{"type":"Feature","geometry":{"type":"Point","coordinates":[136.0726927,35.6508406]},"properties":{"z":3.8}},{"type":"Feature","geometry":{"type":"Point","coordinates":[136.0726935,35.6508855]},"properties":{"z":3.8}},{"type":"Feature","geometry":{"type":"Point","coordinates":[136.0726841,35.6509298]},"properties":{"z":3.8}},{"type":"Feature","geometry":{"type":"Point","coordinates":[136.0726783,35.6509744]},"properties":{"z":3.8}},{"type":"Feature","geometry":{"type":"Point","coordinates":[136.0726774,35.6510194]},"properties":{"z":3.8}},{"type":"Feature","geometry":{"type":"Point","coordinates":[136.0726783,35.6510643]},"properties":{"z":3.8}},{"type":"Feature","geometry":{"type":"Point","coordinates":[136.0726812,35.6511092]},"properties":{"z":3.7}},{"type":"Feature","geometry":{"type":"Point","coordinates":[136.0726853,35.651154]},"properties":{"z":3.7}},{"type":"Feature","geometry":{"type":"Point","coordinates":[136.0726899,35.6511988]},"properties":{"z":3.7}},{"type":"Feature","geometry":{"type":"Point","coordinates":[136.072695,35.6512435]},"properties":{"z":3.7}},{"type":"Feature","geometry":{"type":"Point","coordinates":[136.0727007,35.6512882]},"properties":{"z":3.7}},{"type":"Feature","geometry":{"type":"Point","coordinates":[136.0727097,35.6513326]},"properties":{"z":3.7}},{"type":"Feature","geometry":{"type":"Point","coordinates":[136.0727186,35.651377]},"properties":{"z":3.7}},{"type":"Feature","geometry":{"type":"Point","coordinates":[136.0727276,35.6514213]},"properties":{"z":3.7}},{"type":"Feature","geometry":{"type":"Point","coordinates":[136.0727407,35.651465]},"properties":{"z":3.7}},{"type":"Feature","geometry":{"type":"Point","coordinates":[136.0727309,35.651509]},"properties":{"z":3.7}},{"type":"Feature","geometry":{"type":"Point","coordinates":[136.0726875,35.6515341]},"properties":{"z":3.7}},{"type":"Feature","geometry":{"type":"Point","coordinates":[136.0726367,35.6515514]},"properties":{"z":3.7}},{"type":"Feature","geometry":{"type":"Point","coordinates":[136.0725836,35.6515637]},"properties":{"z":3.7}},{"type":"Feature","geometry":{"type":"Point","coordinates":[136.0725303,35.6515724]},"properties":{"z":3.7}},{"type":"Feature","geometry":{"type":"Point","coordinates":[136.0725229,35.6516115]},"properties":{"z":3.7}},{"type":"Feature","geometry":{"type":"Point","coordinates":[136.0725739,35.6516286]},"properties":{"z":3.7}},{"type":"Feature","geometry":{"type":"Point","coordinates":[136.0726287,35.6516317]},"properties":{"z":3.7}},{"type":"Feature","geometry":{"type":"Point","coordinates":[136.0726789,35.651647]},"properties":{"z":3.7}},{"type":"Feature","geometry":{"type":"Point","coordinates":[136.0727102,35.6516837]},"properties":{"z":3.7}},{"type":"Feature","geometry":{"type":"Point","coordinates":[136.0727225,35.6517272]},"properties":{"z":3.7}},{"type":"Feature","geometry":{"type":"Point","coordinates":[136.0727159,35.6517715]},"properties":{"z":3.7}},{"type":"Feature","geometry":{"type":"Point","coordinates":[136.0727054,35.6518155]},"properties":{"z":3.7}},{"type":"Feature","geometry":{"type":"Point","coordinates":[136.0727022,35.6518604]},"properties":{"z":3.7}},{"type":"Feature","geometry":{"type":"Point","coordinates":[136.0726855,35.651903]},"properties":{"z":3.7}},{"type":"Feature","geometry":{"type":"Point","coordinates":[136.0726578,35.6519417]},"properties":{"z":3.7}},{"type":"Feature","geometry":{"type":"Point","coordinates":[136.0726819,35.6519679]},"properties":{"z":3.7}},{"type":"Feature","geometry":{"type":"Point","coordinates":[136.0727164,35.6519984]},"properties":{"z":3.7}},{"type":"Feature","geometry":{"type":"Point","coordinates":[136.0727322,35.6520415]},"properties":{"z":3.7}},{"type":"Feature","geometry":{"type":"Point","coordinates":[136.0727505,35.6520839]},"properties":{"z":3.7}},{"type":"Feature","geometry":{"type":"Point","coordinates":[136.0727668,35.6521267]},"properties":{"z":3.7}},{"type":"Feature","geometry":{"type":"Point","coordinates":[136.07277,35.6521708]},"properties":{"z":3.7}},{"type":"Feature","geometry":{"type":"Point","coordinates":[136.0727799,35.6522148]},"properties":{"z":3.7}},{"type":"Feature","geometry":{"type":"Point","coordinates":[136.0728169,35.6522465]},"properties":{"z":3.7}},{"type":"Feature","geometry":{"type":"Point","coordinates":[136.0728336,35.6522893]},"properties":{"z":3.7}},{"type":"Feature","geometry":{"type":"Point","coordinates":[136.0728583,35.6523296]},"properties":{"z":3.7}},{"type":"Feature","geometry":{"type":"Point","coordinates":[136.0728791,35.6523711]},"properties":{"z":3.7}},{"type":"Feature","geometry":{"type":"Point","coordinates":[136.0728982,35.6524133]},"properties":{"z":3.7}},{"type":"Feature","geometry":{"type":"Point","coordinates":[136.0729098,35.652457]},"properties":{"z":3.7}},{"type":"Feature","geometry":{"type":"Point","coordinates":[136.0729168,35.6525015]},"properties":{"z":3.7}},{"type":"Feature","geometry":{"type":"Point","coordinates":[136.0729167,35.6525464]},"properties":{"z":3.7}},{"type":"Feature","geometry":{"type":"Point","coordinates":[136.0729201,35.6525913]},"properties":{"z":3.7}},{"type":"Feature","geometry":{"type":"Point","coordinates":[136.0729237,35.652636]},"properties":{"z":3.7}},{"type":"Feature","geometry":{"type":"Point","coordinates":[136.0729326,35.6526804]},"properties":{"z":3.7}},{"type":"Feature","geometry":{"type":"Point","coordinates":[136.0729466,35.6527239]},"properties":{"z":3.7}},{"type":"Feature","geometry":{"type":"Point","coordinates":[136.0729623,35.652767]},"properties":{"z":3.7}},{"type":"Feature","geometry":{"type":"Point","coordinates":[136.0729771,35.6528102]},"properties":{"z":3.7}},{"type":"Feature","geometry":{"type":"Point","coordinates":[136.07299,35.652854]},"properties":{"z":3.7}},{"type":"Feature","geometry":{"type":"Point","coordinates":[136.0730035,35.6528976]},"properties":{"z":3.7}},{"type":"Feature","geometry":{"type":"Point","coordinates":[136.0730188,35.6529407]},"properties":{"z":3.7}},{"type":"Feature","geometry":{"type":"Point","coordinates":[136.0730353,35.6529836]},"properties":{"z":3.7}},{"type":"Feature","geometry":{"type":"Point","coordinates":[136.0730455,35.6530278]},"properties":{"z":3.7}},{"type":"Feature","geometry":{"type":"Point","coordinates":[136.0730517,35.6530724]},"properties":{"z":3.7}},{"type":"Feature","geometry":{"type":"Point","coordinates":[136.0730584,35.653117]},"properties":{"z":3.7}},{"type":"Feature","geometry":{"type":"Point","coordinates":[136.0730675,35.6531614]},"properties":{"z":3.7}},{"type":"Feature","geometry":{"type":"Point","coordinates":[136.0730773,35.6532055]},"properties":{"z":3.6}},{"type":"Feature","geometry":{"type":"Point","coordinates":[136.0730778,35.6532504]},"properties":{"z":3.6}},{"type":"Feature","geometry":{"type":"Point","coordinates":[136.0730823,35.653295]},"properties":{"z":3.6}},{"type":"Feature","geometry":{"type":"Point","coordinates":[136.073091,35.6533394]},"properties":{"z":3.6}},{"type":"Feature","geometry":{"type":"Point","coordinates":[136.0731009,35.6533836]},"properties":{"z":3.6}},{"type":"Feature","geometry":{"type":"Point","coordinates":[136.0731133,35.6534274]},"properties":{"z":3.6}},{"type":"Feature","geometry":{"type":"Point","coordinates":[136.0731194,35.6534719]},"properties":{"z":3.6}},{"type":"Feature","geometry":{"type":"Point","coordinates":[136.0731189,35.6534849]},"properties":{"z":3.6}},{"type":"Feature","geometry":{"type":"Point","coordinates":[136.0731155,35.653441]},"properties":{"z":3.6}},{"type":"Feature","geometry":{"type":"Point","coordinates":[136.0730987,35.6533982]},"properties":{"z":3.6}},{"type":"Feature","geometry":{"type":"Point","coordinates":[136.0730769,35.653357]},"properties":{"z":3.6}},{"type":"Feature","geometry":{"type":"Point","coordinates":[136.0730552,35.6533157]},"properties":{"z":3.6}},{"type":"Feature","geometry":{"type":"Point","coordinates":[136.0730419,35.6532722]},"properties":{"z":3.6}},{"type":"Feature","geometry":{"type":"Point","coordinates":[136.0730309,35.6532281]},"properties":{"z":3.6}},{"type":"Feature","geometry":{"type":"Point","coordinates":[136.0730113,35.6531872]},"properties":{"z":3.6}},{"type":"Feature","geometry":{"type":"Point","coordinates":[136.0729802,35.6531503]},"properties":{"z":3.6}},{"type":"Feature","geometry":{"type":"Point","coordinates":[136.0729566,35.6531096]},"properties":{"z":3.6}},{"type":"Feature","geometry":{"type":"Point","coordinates":[136.0729467,35.6530654]},"properties":{"z":3.6}},{"type":"Feature","geometry":{"type":"Point","coordinates":[136.07293,35.6530227]},"properties":{"z":3.6}},{"type":"Feature","geometry":{"type":"Point","coordinates":[136.0729041,35.6529834]},"properties":{"z":3.6}},{"type":"Feature","geometry":{"type":"Point","coordinates":[136.0728759,35.652945]},"properties":{"z":3.6}},{"type":"Feature","geometry":{"type":"Point","coordinates":[136.0728554,35.6529032]},"properties":{"z":3.6}},{"type":"Feature","geometry":{"type":"Point","coordinates":[136.0728328,35.6528622]},"properties":{"z":3.6}},{"type":"Feature","geometry":{"type":"Point","coordinates":[136.0728101,35.6528212]},"properties":{"z":3.6}},{"type":"Feature","geometry":{"type":"Point","coordinates":[136.0727892,35.6527797]},"properties":{"z":3.6}},{"type":"Feature","geometry":{"type":"Point","coordinates":[136.072774,35.6527366]},"properties":{"z":3.6}},{"type":"Feature","geometry":{"type":"Point","coordinates":[136.0727728,35.6526916]},"properties":{"z":3.6}},{"type":"Feature","geometry":{"type":"Point","coordinates":[136.0727618,35.652648]},"properties":{"z":3.6}},{"type":"Feature","geometry":{"type":"Point","coordinates":[136.0727425,35.6526061]},"properties":{"z":3.6}},{"type":"Feature","geometry":{"type":"Point","coordinates":[136.0727148,35.6525672]},"properties":{"z":3.6}},{"type":"Feature","geometry":{"type":"Point","coordinates":[136.0726947,35.6525253]},"properties":{"z":3.6}},{"type":"Feature","geometry":{"type":"Point","coordinates":[136.0726797,35.6524823]},"properties":{"z":3.6}},{"type":"Feature","geometry":{"type":"Point","coordinates":[136.0726712,35.6524379]},"properties":{"z":3.6}},{"type":"Feature","geometry":{"type":"Point","coordinates":[136.0726616,35.6523936]},"properties":{"z":3.6}},{"type":"Feature","geometry":{"type":"Point","coordinates":[136.0726486,35.6523501]},"properties":{"z":3.6}},{"type":"Feature","geometry":{"type":"Point","coordinates":[136.0726313,35.6523074]},"properties":{"z":3.6}},{"type":"Feature","geometry":{"type":"Point","coordinates":[136.0726266,35.6522626]},"properties":{"z":3.6}},{"type":"Feature","geometry":{"type":"Point","coordinates":[136.0726201,35.652218]},"properties":{"z":3.6}},{"type":"Feature","geometry":{"type":"Point","coordinates":[136.0726121,35.6521735]},"properties":{"z":3.6}},{"type":"Feature","geometry":{"type":"Point","coordinates":[136.0726069,35.6521288]},"properties":{"z":3.6}},{"type":"Feature","geometry":{"type":"Point","coordinates":[136.0726033,35.652084]},"properties":{"z":3.6}},{"type":"Feature","geometry":{"type":"Point","coordinates":[136.0725997,35.6520391]},"properties":{"z":3.6}},{"type":"Feature","geometry":{"type":"Point","coordinates":[136.0725961,35.6519943]},"properties":{"z":3.7}},{"type":"Feature","geometry":{"type":"Point","coordinates":[136.0725955,35.6519493]},"properties":{"z":3.7}},{"type":"Feature","geometry":{"type":"Point","coordinates":[136.0725962,35.6519044]},"properties":{"z":3.7}},{"type":"Feature","geometry":{"type":"Point","coordinates":[136.0725895,35.6518599]},"properties":{"z":3.7}},{"type":"Feature","geometry":{"type":"Point","coordinates":[136.0725811,35.6518154]},"properties":{"z":3.7}},{"type":"Feature","geometry":{"type":"Point","coordinates":[136.0725764,35.6517707]},"properties":{"z":3.7}},{"type":"Feature","geometry":{"type":"Point","coordinates":[136.0725725,35.6517258]},"properties":{"z":3.7}},{"type":"Feature","geometry":{"type":"Point","coordinates":[136.0725686,35.651681]},"properties":{"z":3.7}},{"type":"Feature","geometry":{"type":"Point","coordinates":[136.0725649,35.6516361]},"properties":{"z":3.7}},{"type":"Feature","geometry":{"type":"Point","coordinates":[136.0725598,35.6515914]},"properties":{"z":3.7}},{"type":"Feature","geometry":{"type":"Point","coordinates":[136.0725543,35.6515466]},"properties":{"z":3.7}},{"type":"Feature","geometry":{"type":"Point","coordinates":[136.0725473,35.651502]},"properties":{"z":3.7}},{"type":"Feature","geometry":{"type":"Point","coordinates":[136.0725399,35.6514575]},"properties":{"z":3.7}},{"type":"Feature","geometry":{"type":"Point","coordinates":[136.0725335,35.6514129]},"properties":{"z":3.7}},{"type":"Feature","geometry":{"type":"Point","coordinates":[136.0725273,35.6513682]},"properties":{"z":3.7}},{"type":"Feature","geometry":{"type":"Point","coordinates":[136.0725229,35.6513234]},"properties":{"z":3.7}},{"type":"Feature","geometry":{"type":"Point","coordinates":[136.0725187,35.6512786]},"properties":{"z":3.7}},{"type":"Feature","geometry":{"type":"Point","coordinates":[136.0725122,35.6512339]},"properties":{"z":3.7}},{"type":"Feature","geometry":{"type":"Point","coordinates":[136.0725049,35.6511894]},"properties":{"z":3.7}},{"type":"Feature","geometry":{"type":"Point","coordinates":[136.0724883,35.6511467]},"properties":{"z":3.7}},{"type":"Feature","geometry":{"type":"Point","coordinates":[136.0724697,35.6511045]},"properties":{"z":3.7}},{"type":"Feature","geometry":{"type":"Point","coordinates":[136.072461,35.6510601]},"properties":{"z":3.7}},{"type":"Feature","geometry":{"type":"Point","coordinates":[136.0724514,35.6510158]},"properties":{"z":3.7}},{"type":"Feature","geometry":{"type":"Point","coordinates":[136.0724404,35.6509718]},"properties":{"z":3.7}},{"type":"Feature","geometry":{"type":"Point","coordinates":[136.072428,35.650928]},"properties":{"z":3.7}},{"type":"Feature","geometry":{"type":"Point","coordinates":[136.0724142,35.6508844]},"properties":{"z":3.7}},{"type":"Feature","geometry":{"type":"Point","coordinates":[136.0724042,35.6508403]},"properties":{"z":3.7}},{"type":"Feature","geometry":{"type":"Point","coordinates":[136.0723962,35.6507958]},"properties":{"z":3.7}},{"type":"Feature","geometry":{"type":"Point","coordinates":[136.0723827,35.6507523]},"properties":{"z":3.7}},{"type":"Feature","geometry":{"type":"Point","coordinates":[136.0723673,35.6507092]},"properties":{"z":3.7}},{"type":"Feature","geometry":{"type":"Point","coordinates":[136.0723377,35.6506712]},"properties":{"z":3.7}},{"type":"Feature","geometry":{"type":"Point","coordinates":[136.0723165,35.6506303]},"properties":{"z":3.7}},{"type":"Feature","geometry":{"type":"Point","coordinates":[136.0723025,35.6505868]},"properties":{"z":3.7}},{"type":"Feature","geometry":{"type":"Point","coordinates":[136.0722785,35.6505463]},"properties":{"z":3.7}},{"type":"Feature","geometry":{"type":"Point","coordinates":[136.0722481,35.6505092]},"properties":{"z":3.7}},{"type":"Feature","geometry":{"type":"Point","coordinates":[136.0722121,35.650475]},"properties":{"z":3.7}},{"type":"Feature","geometry":{"type":"Point","coordinates":[136.0721919,35.6504338]},"properties":{"z":3.7}},{"type":"Feature","geometry":{"type":"Point","coordinates":[136.0721766,35.6503907]},"properties":{"z":3.7}},{"type":"Feature","geometry":{"type":"Point","coordinates":[136.0721709,35.650346]},"properties":{"z":3.7}},{"type":"Feature","geometry":{"type":"Point","coordinates":[136.0721699,35.6503012]},"properties":{"z":3.7}},{"type":"Feature","geometry":{"type":"Point","coordinates":[136.0721726,35.6502563]},"properties":{"z":3.7}},{"type":"Feature","geometry":{"type":"Point","coordinates":[136.072175,35.6502114]},"properties":{"z":3.7}},{"type":"Feature","geometry":{"type":"Point","coordinates":[136.0721771,35.6501664]},"properties":{"z":3.7}},{"type":"Feature","geometry":{"type":"Point","coordinates":[136.0721779,35.6501215]},"properties":{"z":3.7}},{"type":"Feature","geometry":{"type":"Point","coordinates":[136.0721719,35.6500769]},"properties":{"z":3.7}},{"type":"Feature","geometry":{"type":"Point","coordinates":[136.0721669,35.6500321]},"properties":{"z":3.7}},{"type":"Feature","geometry":{"type":"Point","coordinates":[136.0721644,35.6499872]},"properties":{"z":3.7}},{"type":"Feature","geometry":{"type":"Point","coordinates":[136.0721674,35.6499425]},"properties":{"z":3.7}},{"type":"Feature","geometry":{"type":"Point","coordinates":[136.0721747,35.6498979]},"properties":{"z":3.7}},{"type":"Feature","geometry":{"type":"Point","coordinates":[136.072181,35.6498533]},"properties":{"z":3.7}},{"type":"Feature","geometry":{"type":"Point","coordinates":[136.0721893,35.6498089]},"properties":{"z":3.7}},{"type":"Feature","geometry":{"type":"Point","coordinates":[136.0722026,35.6497653]},"properties":{"z":3.8}},{"type":"Feature","geometry":{"type":"Point","coordinates":[136.072207,35.6497205]},"properties":{"z":3.8}},{"type":"Feature","geometry":{"type":"Point","coordinates":[136.0722153,35.6496761]},"properties":{"z":3.9}},{"type":"Feature","geometry":{"type":"Point","coordinates":[136.0722174,35.6496312]},"properties":{"z":3.9}},{"type":"Feature","geometry":{"type":"Point","coordinates":[136.0722076,35.6495873]},"properties":{"z":3.9}},{"type":"Feature","geometry":{"type":"Point","coordinates":[136.0722128,35.6495425]},"properties":{"z":3.9}},{"type":"Feature","geometry":{"type":"Point","coordinates":[136.072218,35.6494977]},"properties":{"z":3.9}},{"type":"Feature","geometry":{"type":"Point","coordinates":[136.0722113,35.6494531]},"properties":{"z":3.9}},{"type":"Feature","geometry":{"type":"Point","coordinates":[136.0722053,35.6494085]},"properties":{"z":3.9}},{"type":"Feature","geometry":{"type":"Point","coordinates":[136.0722028,35.6493636]},"properties":{"z":3.9}},{"type":"Feature","geometry":{"type":"Point","coordinates":[136.0722055,35.6493188]},"properties":{"z":3.9}},{"type":"Feature","geometry":{"type":"Point","coordinates":[136.0722122,35.6492742]},"properties":{"z":3.9}},{"type":"Feature","geometry":{"type":"Point","coordinates":[136.072206,35.6492296]},"properties":{"z":3.9}},{"type":"Feature","geometry":{"type":"Point","coordinates":[136.0722021,35.6491848]},"properties":{"z":3.9}},{"type":"Feature","geometry":{"type":"Point","coordinates":[136.0721979,35.64914]},"properties":{"z":3.9}},{"type":"Feature","geometry":{"type":"Point","coordinates":[136.0721901,35.6490955]},"properties":{"z":3.8}},{"type":"Feature","geometry":{"type":"Point","coordinates":[136.072184,35.6490509]},"properties":{"z":3.8}},{"type":"Feature","geometry":{"type":"Point","coordinates":[136.0721762,35.6490064]},"properties":{"z":3.8}},{"type":"Feature","geometry":{"type":"Point","coordinates":[136.0721658,35.6489622]},"properties":{"z":3.9}},{"type":"Feature","geometry":{"type":"Point","coordinates":[136.0721555,35.6489181]},"properties":{"z":3.9}},{"type":"Feature","geometry":{"type":"Point","coordinates":[136.0721504,35.6488734]},"properties":{"z":3.9}},{"type":"Feature","geometry":{"type":"Point","coordinates":[136.0721478,35.6488286]},"properties":{"z":3.9}},{"type":"Feature","geometry":{"type":"Point","coordinates":[136.0721317,35.6487856]},"properties":{"z":3.9}},{"type":"Feature","geometry":{"type":"Point","coordinates":[136.0721182,35.648742]},"properties":{"z":3.9}},{"type":"Feature","geometry":{"type":"Point","coordinates":[136.072107,35.648698]},"properties":{"z":3.9}},{"type":"Feature","geometry":{"type":"Point","coordinates":[136.0721007,35.6486533]},"properties":{"z":3.9}},{"type":"Feature","geometry":{"type":"Point","coordinates":[136.0720952,35.6486086]},"properties":{"z":3.9}},{"type":"Feature","geometry":{"type":"Point","coordinates":[136.072092,35.6485638]},"properties":{"z":4.0}},{"type":"Feature","geometry":{"type":"Point","coordinates":[136.0720861,35.6485192]},"properties":{"z":4.0}},{"type":"Feature","geometry":{"type":"Point","coordinates":[136.0720741,35.6484753]},"properties":{"z":4.0}},{"type":"Feature","geometry":{"type":"Point","coordinates":[136.0720692,35.6484308]},"properties":{"z":4.0}},{"type":"Feature","geometry":{"type":"Point","coordinates":[136.0720707,35.6483859]},"properties":{"z":4.0}},{"type":"Feature","geometry":{"type":"Point","coordinates":[136.07206,35.6483423]},"properties":{"z":4.0}},{"type":"Feature","geometry":{"type":"Point","coordinates":[136.0720442,35.6482993]},"properties":{"z":4.0}},{"type":"Feature","geometry":{"type":"Point","coordinates":[136.0720466,35.6482544]},"properties":{"z":4.0}},{"type":"Feature","geometry":{"type":"Point","coordinates":[136.0720497,35.6482095]},"properties":{"z":4.0}},{"type":"Feature","geometry":{"type":"Point","coordinates":[136.0720551,35.6481648]},"properties":{"z":4.0}},{"type":"Feature","geometry":{"type":"Point","coordinates":[136.0720521,35.6481203]},"properties":{"z":4.0}},{"type":"Feature","geometry":{"type":"Point","coordinates":[136.0720424,35.648076]},"properties":{"z":4.1}},{"type":"Feature","geometry":{"type":"Point","coordinates":[136.0720298,35.6480323]},"properties":{"z":4.1}},{"type":"Feature","geometry":{"type":"Point","coordinates":[136.0720172,35.6479885]},"properties":{"z":4.1}},{"type":"Feature","geometry":{"type":"Point","coordinates":[136.0720061,35.6479445]},"properties":{"z":4.1}},{"type":"Feature","geometry":{"type":"Point","coordinates":[136.0720001,35.6478999]},"properties":{"z":4.1}},{"type":"Feature","geometry":{"type":"Point","coordinates":[136.0720149,35.6478594]},"properties":{"z":4.1}},{"type":"Feature","geometry":{"type":"Point","coordinates":[136.0720532,35.6478301]},"properties":{"z":4.1}},{"type":"Feature","geometry":{"type":"Point","coordinates":[136.0721045,35.6478134]},"properties":{"z":4.1}},{"type":"Feature","geometry":{"type":"Point","coordinates":[136.0721545,35.6477942]},"properties":{"z":4.2}},{"type":"Feature","geometry":{"type":"Point","coordinates":[136.0721932,35.6477655]},"properties":{"z":4.2}},{"type":"Feature","geometry":{"type":"Point","coordinates":[136.0722183,35.6477255]},"properties":{"z":4.2}},{"type":"Feature","geometry":{"type":"Point","coordinates":[136.0722314,35.6476818]},"properties":{"z":4.2}},{"type":"Feature","geometry":{"type":"Point","coordinates":[136.0722472,35.6476388]},"properties":{"z":4.2}},{"type":"Feature","geometry":{"type":"Point","coordinates":[136.072265,35.6475962]},"properties":{"z":4.2}},{"type":"Feature","geometry":{"type":"Point","coordinates":[136.0722814,35.6475533]},"properties":{"z":4.2}},{"type":"Feature","geometry":{"type":"Point","coordinates":[136.0723003,35.6475112]},"properties":{"z":4.2}},{"type":"Feature","geometry":{"type":"Point","coordinates":[136.072325,35.647471]},"properties":{"z":4.2}},{"type":"Feature","geometry":{"type":"Point","coordinates":[136.0723547,35.6474331]},"properties":{"z":4.2}},{"type":"Feature","geometry":{"type":"Point","coordinates":[136.0723896,35.6473986]},"properties":{"z":4.3}},{"type":"Feature","geometry":{"type":"Point","coordinates":[136.072431,35.6473688]},"properties":{"z":4.3}},{"type":"Feature","geometry":{"type":"Point","coordinates":[136.0724779,35.6473453]},"properties":{"z":4.3}},{"type":"Feature","geometry":{"type":"Point","coordinates":[136.072526,35.647323]},"properties":{"z":4.3}},{"type":"Feature","geometry":{"type":"Point","coordinates":[136.072574,35.6473006]},"properties":{"z":4.3}},{"type":"Feature","geometry":{"type":"Point","coordinates":[136.0726216,35.6472778]},"properties":{"z":4.3}},{"type":"Feature","geometry":{"type":"Point","coordinates":[136.0726737,35.6472667]},"properties":{"z":4.4}},{"type":"Feature","geometry":{"type":"Point","coordinates":[136.0727264,35.6472689]},"properties":{"z":4.4}},{"type":"Feature","geometry":{"type":"Point","coordinates":[136.0727611,35.6472338]},"properties":{"z":4.4}},{"type":"Feature","geometry":{"type":"Point","coordinates":[136.0727983,35.6472006]},"properties":{"z":4.4}},{"type":"Feature","geometry":{"type":"Point","coordinates":[136.072839,35.6471708]},"properties":{"z":4.4}},{"type":"Feature","geometry":{"type":"Point","coordinates":[136.0728862,35.6471477]},"properties":{"z":4.4}},{"type":"Feature","geometry":{"type":"Point","coordinates":[136.0729344,35.6471259]},"properties":{"z":4.4}},{"type":"Feature","geometry":{"type":"Point","coordinates":[136.0729802,35.6471007]},"properties":{"z":4.5}},{"type":"Feature","geometry":{"type":"Point","coordinates":[136.0730251,35.6470744]},"properties":{"z":4.5}},{"type":"Feature","geometry":{"type":"Point","coordinates":[136.0730735,35.6470527]},"properties":{"z":4.5}},{"type":"Feature","geometry":{"type":"Point","coordinates":[136.0731225,35.6470319]},"properties":{"z":4.5}},{"type":"Feature","geometry":{"type":"Point","coordinates":[136.0731721,35.6470121]},"properties":{"z":4.5}},{"type":"Feature","geometry":{"type":"Point","coordinates":[136.0732225,35.6469935]},"properties":{"z":4.5}},{"type":"Feature","geometry":{"type":"Point","coordinates":[136.0732733,35.6469756]},"properties":{"z":4.5}},{"type":"Feature","geometry":{"type":"Point","coordinates":[136.0733157,35.6469471]},"properties":{"z":4.6}},{"type":"Feature","geometry":{"type":"Point","coordinates":[136.07335,35.6469127]},"properties":{"z":4.6}},{"type":"Feature","geometry":{"type":"Point","coordinates":[136.0733712,35.6468717]},"properties":{"z":4.6}},{"type":"Feature","geometry":{"type":"Point","coordinates":[136.0734013,35.6468342]},"properties":{"z":4.6}},{"type":"Feature","geometry":{"type":"Point","coordinates":[136.0734415,35.6468033]},"properties":{"z":4.6}},{"type":"Feature","geometry":{"type":"Point","coordinates":[136.0734885,35.646781]},"properties":{"z":4.6}},{"type":"Feature","geometry":{"type":"Point","coordinates":[136.0735396,35.6467639]},"properties":{"z":4.6}},{"type":"Feature","geometry":{"type":"Point","coordinates":[136.0735901,35.6467457]},"properties":{"z":4.6}},{"type":"Feature","geometry":{"type":"Point","coordinates":[136.0736369,35.6467216]},"properties":{"z":4.6}},{"type":"Feature","geometry":{"type":"Point","coordinates":[136.0736802,35.6466937]},"properties":{"z":4.7}},{"type":"Feature","geometry":{"type":"Point","coordinates":[136.0737248,35.6466671]},"properties":{"z":4.7}},{"type":"Feature","geometry":{"type":"Point","coordinates":[136.0737712,35.6466427]},"properties":{"z":4.7}},{"type":"Feature","geometry":{"type":"Point","coordinates":[136.0738206,35.6466226]},"properties":{"z":4.7}},{"type":"Feature","geometry":{"type":"Point","coordinates":[136.0738674,35.6465991]},"properties":{"z":4.7}},{"type":"Feature","geometry":{"type":"Point","coordinates":[136.0739176,35.6465808]},"properties":{"z":4.7}},{"type":"Feature","geometry":{"type":"Point","coordinates":[136.0739716,35.6465742]},"properties":{"z":4.7}},{"type":"Feature","geometry":{"type":"Point","coordinates":[136.0740135,35.6465452]},"properties":{"z":4.8}},{"type":"Feature","geometry":{"type":"Point","coordinates":[136.0740616,35.6465231]},"properties":{"z":4.8}},{"type":"Feature","geometry":{"type":"Point","coordinates":[136.0741121,35.6465047]},"properties":{"z":4.8}},{"type":"Feature","geometry":{"type":"Point","coordinates":[136.0741624,35.6464859]},"properties":{"z":4.8}},{"type":"Feature","geometry":{"type":"Point","coordinates":[136.0742041,35.6464572]},"properties":{"z":4.8}},{"type":"Feature","geometry":{"type":"Point","coordinates":[136.0742385,35.6464236]},"properties":{"z":4.8}},{"type":"Feature","geometry":{"type":"Point","coordinates":[136.0742254,35.6464012]},"properties":{"z":4.8}},{"type":"Feature","geometry":{"type":"Point","coordinates":[136.0741957,35.6463633]},"properties":{"z":4.8}},{"type":"Feature","geometry":{"type":"Point","coordinates":[136.074168,35.6463244]},"properties":{"z":4.8}},{"type":"Feature","geometry":{"type":"Point","coordinates":[136.0741299,35.6462918]},"properties":{"z":4.8}},{"type":"Feature","geometry":{"type":"Point","coordinates":[136.0741262,35.6462739]},"properties":{"z":4.8}},{"type":"Feature","geometry":{"type":"Point","coordinates":[136.0741774,35.646259]},"properties":{"z":4.8}},{"type":"Feature","geometry":{"type":"Point","coordinates":[136.074217,35.6462279]},"properties":{"z":4.8}},{"type":"Feature","geometry":{"type":"Point","coordinates":[136.0742625,35.6462024]},"properties":{"z":4.8}},{"type":"Feature","geometry":{"type":"Point","coordinates":[136.0743103,35.6461798]},"properties":{"z":4.8}},{"type":"Feature","geometry":{"type":"Point","coordinates":[136.0743592,35.6461588]},"properties":{"z":4.9}},{"type":"Feature","geometry":{"type":"Point","coordinates":[136.0744083,35.6461381]},"properties":{"z":4.9}},{"type":"Feature","geometry":{"type":"Point","coordinates":[136.074457,35.6461168]},"properties":{"z":4.9}},{"type":"Feature","geometry":{"type":"Point","coordinates":[136.0745046,35.6460939]},"properties":{"z":4.9}},{"type":"Feature","geometry":{"type":"Point","coordinates":[136.0745487,35.6460668]},"properties":{"z":4.9}},{"type":"Feature","geometry":{"type":"Point","coordinates":[136.074593,35.6460399]},"properties":{"z":4.9}},{"type":"Feature","geometry":{"type":"Point","coordinates":[136.0746381,35.6460139]},"properties":{"z":4.9}},{"type":"Feature","geometry":{"type":"Point","coordinates":[136.0746822,35.6459867]},"properties":{"z":4.9}},{"type":"Feature","geometry":{"type":"Point","coordinates":[136.0747272,35.6459607]},"properties":{"z":4.9}},{"type":"Feature","geometry":{"type":"Point","coordinates":[136.0747734,35.645936]},"properties":{"z":5.0}},{"type":"Feature","geometry":{"type":"Point","coordinates":[136.0748208,35.6459128]},"properties":{"z":5.0}},{"type":"Feature","geometry":{"type":"Point","coordinates":[136.0748686,35.6458902]},"properties":{"z":5.1}},{"type":"Feature","geometry":{"type":"Point","coordinates":[136.0749179,35.6458698]},"properties":{"z":5.1}},{"type":"Feature","geometry":{"type":"Point","coordinates":[136.0749674,35.6458498]},"properties":{"z":5.2}},{"type":"Feature","geometry":{"type":"Point","coordinates":[136.0750159,35.6458281]},"properties":{"z":5.2}},{"type":"Feature","geometry":{"type":"Point","coordinates":[136.0750562,35.6458384]},"properties":{"z":5.2}},{"type":"Feature","geometry":{"type":"Point","coordinates":[136.07508,35.645879]},"properties":{"z":5.2}},{"type":"Feature","geometry":{"type":"Point","coordinates":[136.0751077,35.6459174]},"properties":{"z":5.2}},{"type":"Feature","geometry":{"type":"Point","coordinates":[136.0751571,35.6459351]},"properties":{"z":5.3}},{"type":"Feature","geometry":{"type":"Point","coordinates":[136.0752123,35.6459318]},"properties":{"z":5.4}},{"type":"Feature","geometry":{"type":"Point","coordinates":[136.0752667,35.6459241]},"properties":{"z":5.4}},{"type":"Feature","geometry":{"type":"Point","coordinates":[136.0753193,35.6459105]},"properties":{"z":5.5}},{"type":"Feature","geometry":{"type":"Point","coordinates":[136.0753689,35.6458911]},"properties":{"z":5.5}},{"type":"Feature","geometry":{"type":"Point","coordinates":[136.0754162,35.6458677]},"properties":{"z":5.5}},{"type":"Feature","geometry":{"type":"Point","coordinates":[136.0754655,35.6458477]},"properties":{"z":5.7}},{"type":"Feature","geometry":{"type":"Point","coordinates":[136.0755194,35.6458388]},"properties":{"z":5.7}},{"type":"Feature","geometry":{"type":"Point","coordinates":[136.075574,35.6458317]},"properties":{"z":5.8}},{"type":"Feature","geometry":{"type":"Point","coordinates":[136.0756247,35.6458155]},"properties":{"z":5.8}},{"type":"Feature","geometry":{"type":"Point","coordinates":[136.0756748,35.6457969]},"properties":{"z":5.9}},{"type":"Feature","geometry":{"type":"Point","coordinates":[136.0757282,35.6457869]},"properties":{"z":5.9}},{"type":"Feature","geometry":{"type":"Point","coordinates":[136.0757833,35.6457895]},"properties":{"z":5.9}},{"type":"Feature","geometry":{"type":"Point","coordinates":[136.0758368,35.645778]},"properties":{"z":6.0}},{"type":"Feature","geometry":{"type":"Point","coordinates":[136.0758896,35.6457647]},"properties":{"z":6.0}},{"type":"Feature","geometry":{"type":"Point","coordinates":[136.0759424,35.6457524]},"properties":{"z":6.0}},{"type":"Feature","geometry":{"type":"Point","coordinates":[136.0759827,35.6457218]},"properties":{"z":6.0}},{"type":"Feature","geometry":{"type":"Point","coordinates":[136.0760193,35.645688]},"properties":{"z":6.0}},{"type":"Feature","geometry":{"type":"Point","coordinates":[136.0760574,35.6456556]},"properties":{"z":6.0}},{"type":"Feature","geometry":{"type":"Point","coordinates":[136.0761016,35.6456285]},"properties":{"z":6.1}},{"type":"Feature","geometry":{"type":"Point","coordinates":[136.0761476,35.6456036]},"properties":{"z":6.1}},{"type":"Feature","geometry":{"type":"Point","coordinates":[136.0761886,35.6455741]},"properties":{"z":6.2}},{"type":"Feature","geometry":{"type":"Point","coordinates":[136.0761662,35.6455634]},"properties":{"z":6.2}},{"type":"Feature","geometry":{"type":"Point","coordinates":[136.076127,35.6455951]},"properties":{"z":6.1}},{"type":"Feature","geometry":{"type":"Point","coordinates":[136.0760963,35.6456323]},"properties":{"z":6.1}},{"type":"Feature","geometry":{"type":"Point","coordinates":[136.0760651,35.6456686]},"properties":{"z":6.1}},{"type":"Feature","geometry":{"type":"Point","coordinates":[136.076016,35.6456847]},"properties":{"z":6.0}},{"type":"Feature","geometry":{"type":"Point","coordinates":[136.0759609,35.6456884]},"properties":{"z":6.0}},{"type":"Feature","geometry":{"type":"Point","coordinates":[136.0759059,35.6456916]},"properties":{"z":6.0}},{"type":"Feature","geometry":{"type":"Point","coordinates":[136.0758527,35.645704]},"properties":{"z":6.0}},{"type":"Feature","geometry":{"type":"Point","coordinates":[136.0757993,35.6457156]},"properties":{"z":5.9}},{"type":"Feature","geometry":{"type":"Point","coordinates":[136.0757484,35.6457324]},"properties":{"z":5.9}},{"type":"Feature","geometry":{"type":"Point","coordinates":[136.0757215,35.6457711]},"properties":{"z":5.9}},{"type":"Feature","geometry":{"type":"Point","coordinates":[136.0757133,35.645815]},"properties":{"z":5.9}},{"type":"Feature","geometry":{"type":"Point","coordinates":[136.0757028,35.6458584]},"properties":{"z":5.8}},{"type":"Feature","geometry":{"type":"Point","coordinates":[136.0756613,35.6458627]},"properties":{"z":5.8}},{"type":"Feature","geometry":{"type":"Point","coordinates":[136.0756089,35.6458483]},"properties":{"z":5.8}},{"type":"Feature","geometry":{"type":"Point","coordinates":[136.0755564,35.645834]},"properties":{"z":5.8}},{"type":"Feature","geometry":{"type":"Point","coordinates":[136.075504,35.6458197]},"properties":{"z":5.7}},{"type":"Feature","geometry":{"type":"Point","coordinates":[136.0754667,35.6457877]},"properties":{"z":5.7}},{"type":"Feature","geometry":{"type":"Point","coordinates":[136.0754343,35.6457514]},"properties":{"z":5.6}},{"type":"Feature","geometry":{"type":"Point","coordinates":[136.0754048,35.6457134]},"properties":{"z":5.6}},{"type":"Feature","geometry":{"type":"Point","coordinates":[136.0753786,35.6456738]},"properties":{"z":5.6}},{"type":"Feature","geometry":{"type":"Point","coordinates":[136.0753644,35.6456372]},"properties":{"z":5.6}},{"type":"Feature","geometry":{"type":"Point","coordinates":[136.0753405,35.6456258]},"properties":{"z":5.6}},{"type":"Feature","geometry":{"type":"Point","coordinates":[136.075319,35.6456659]},"properties":{"z":5.6}},{"type":"Feature","geometry":{"type":"Point","coordinates":[136.0753456,35.6457053]},"properties":{"z":5.6}},{"type":"Feature","geometry":{"type":"Point","coordinates":[136.0753757,35.645743]},"properties":{"z":5.6}},{"type":"Feature","geometry":{"type":"Point","coordinates":[136.0754093,35.6457787]},"properties":{"z":5.6}},{"type":"Feature","geometry":{"type":"Point","coordinates":[136.0754359,35.6458179]},"properties":{"z":5.6}},{"type":"Feature","geometry":{"type":"Point","coordinates":[136.0754333,35.6458033]},"properties":{"z":5.6}},{"type":"Feature","geometry":{"type":"Point","coordinates":[136.075471,35.6457742]},"properties":{"z":5.7}},{"type":"Feature","geometry":{"type":"Point","coordinates":[136.0755152,35.6457473]},"properties":{"z":5.7}},{"type":"Feature","geometry":{"type":"Point","coordinates":[136.0755617,35.6457228]},"properties":{"z":5.8}},{"type":"Feature","geometry":{"type":"Point","coordinates":[136.0756162,35.6457208]},"properties":{"z":5.8}},{"type":"Feature","geometry":{"type":"Point","coordinates":[136.0756715,35.6457195]},"properties":{"z":5.9}},{"type":"Feature","geometry":{"type":"Point","coordinates":[136.0757268,35.6457174]},"properties":{"z":5.9}},{"type":"Feature","geometry":{"type":"Point","coordinates":[136.075782,35.6457147]},"properties":{"z":5.9}},{"type":"Feature","geometry":{"type":"Point","coordinates":[136.0758372,35.6457115]},"properties":{"z":6.0}},{"type":"Feature","geometry":{"type":"Point","coordinates":[136.0758925,35.6457117]},"properties":{"z":6.0}},{"type":"Feature","geometry":{"type":"Point","coordinates":[136.0759471,35.6457053]},"properties":{"z":6.0}},{"type":"Feature","geometry":{"type":"Point","coordinates":[136.0760022,35.6457022]},"properties":{"z":6.0}},{"type":"Feature","geometry":{"type":"Point","coordinates":[136.0760548,35.6456892]},"properties":{"z":6.0}},{"type":"Feature","geometry":{"type":"Point","coordinates":[136.0760585,35.6456503]},"properties":{"z":6.0}},{"type":"Feature","geometry":{"type":"Point","coordinates":[136.0760088,35.645665]},"properties":{"z":6.0}},{"type":"Feature","geometry":{"type":"Point","coordinates":[136.0759668,35.6456941]},"properties":{"z":6.0}},{"type":"Feature","geometry":{"type":"Point","coordinates":[136.0759166,35.6457111]},"properties":{"z":6.0}},{"type":"Feature","geometry":{"type":"Point","coordinates":[136.0758617,35.6457115]},"properties":{"z":6.0}},{"type":"Feature","geometry":{"type":"Point","coordinates":[136.0758094,35.6457255]},"properties":{"z":6.0}},{"type":"Feature","geometry":{"type":"Point","coordinates":[136.0757581,35.645739]},"properties":{"z":5.9}},{"type":"Feature","geometry":{"type":"Point","coordinates":[136.0757069,35.6457547]},"properties":{"z":5.9}},{"type":"Feature","geometry":{"type":"Point","coordinates":[136.0756805,35.6457891]},"properties":{"z":5.9}},{"type":"Feature","geometry":{"type":"Point","coordinates":[136.0756673,35.6458321]},"properties":{"z":5.9}},{"type":"Feature","geometry":{"type":"Point","coordinates":[136.0756345,35.6458657]},"properties":{"z":5.8}},{"type":"Feature","geometry":{"type":"Point","coordinates":[136.0755812,35.6458776]},"properties":{"z":5.8}},{"type":"Feature","geometry":{"type":"Point","coordinates":[136.0755308,35.6458954]},"properties":{"z":5.7}},{"type":"Feature","geometry":{"type":"Point","coordinates":[136.0754829,35.6459178]},"properties":{"z":5.7}},{"type":"Feature","geometry":{"type":"Point","coordinates":[136.0754278,35.6459175]},"properties":{"z":5.5}},{"type":"Feature","geometry":{"type":"Point","coordinates":[136.0754136,35.6458767]},"properties":{"z":5.5}},{"type":"Feature","geometry":{"type":"Point","coordinates":[136.0754261,35.6458329]},"properties":{"z":5.6}},{"type":"Feature","geometry":{"type":"Point","coordinates":[136.0754244,35.6457895]},"properties":{"z":5.6}},{"type":"Feature","geometry":{"type":"Point","coordinates":[136.0754081,35.6457466]},"properties":{"z":5.6}},{"type":"Feature","geometry":{"type":"Point","coordinates":[136.0753864,35.6457053]},"properties":{"z":5.6}},{"type":"Feature","geometry":{"type":"Point","coordinates":[136.0753628,35.6456646]},"properties":{"z":5.6}},{"type":"Feature","geometry":{"type":"Point","coordinates":[136.0753403,35.6456236]},"properties":{"z":5.6}},{"type":"Feature","geometry":{"type":"Point","coordinates":[136.0753281,35.6456451]},"properties":{"z":5.6}},{"type":"Feature","geometry":{"type":"Point","coordinates":[136.075337,35.645688]},"properties":{"z":5.6}},{"type":"Feature","geometry":{"type":"Point","coordinates":[136.0753624,35.6457279]},"properties":{"z":5.5}},{"type":"Feature","geometry":{"type":"Point","coordinates":[136.0753865,35.6457684]},"properties":{"z":5.6}},{"type":"Feature","geometry":{"type":"Point","coordinates":[136.0754025,35.6458112]},"properties":{"z":5.6}},{"type":"Feature","geometry":{"type":"Point","coordinates":[136.0754339,35.645848]},"properties":{"z":5.6}},{"type":"Feature","geometry":{"type":"Point","coordinates":[136.0754608,35.6458873]},"properties":{"z":5.7}},{"type":"Feature","geometry":{"type":"Point","coordinates":[136.0754947,35.6459227]},"properties":{"z":5.7}},{"type":"Feature","geometry":{"type":"Point","coordinates":[136.0755334,35.6459545]},"properties":{"z":5.6}},{"type":"Feature","geometry":{"type":"Point","coordinates":[136.0755761,35.645983]},"properties":{"z":5.7}},{"type":"Feature","geometry":{"type":"Point","coordinates":[136.075618,35.6460124]},"properties":{"z":5.7}},{"type":"Feature","geometry":{"type":"Point","coordinates":[136.0756611,35.6460406]},"properties":{"z":5.7}},{"type":"Feature","geometry":{"type":"Point","coordinates":[136.0757041,35.6460688]},"properties":{"z":5.6}},{"type":"Feature","geometry":{"type":"Point","coordinates":[136.0757429,35.6461008]},"properties":{"z":5.7}},{"type":"Feature","geometry":{"type":"Point","coordinates":[136.0757815,35.646133]},"properties":{"z":5.7}},{"type":"Feature","geometry":{"type":"Point","coordinates":[136.0758203,35.646165]},"properties":{"z":5.6}},{"type":"Feature","geometry":{"type":"Point","coordinates":[136.0758629,35.6461937]},"properties":{"z":5.6}},{"type":"Feature","geometry":{"type":"Point","coordinates":[136.075906,35.6462219]},"properties":{"z":5.5}},{"type":"Feature","geometry":{"type":"Point","coordinates":[136.0759496,35.6462496]},"properties":{"z":5.5}},{"type":"Feature","geometry":{"type":"Point","coordinates":[136.0759908,35.6462795]},"properties":{"z":5.6}},{"type":"Feature","geometry":{"type":"Point","coordinates":[136.076031,35.6463103]},"properties":{"z":5.6}},{"type":"Feature","geometry":{"type":"Point","coordinates":[136.0760686,35.6463433]},"properties":{"z":5.7}},{"type":"Feature","geometry":{"type":"Point","coordinates":[136.0761069,35.6463757]},"properties":{"z":5.6}},{"type":"Feature","geometry":{"type":"Point","coordinates":[136.0761458,35.6464077]},"properties":{"z":5.7}},{"type":"Feature","geometry":{"type":"Point","coordinates":[136.0761852,35.6464393]},"properties":{"z":5.7}},{"type":"Feature","geometry":{"type":"Point","coordinates":[136.0762258,35.6464697]},"properties":{"z":5.7}},{"type":"Feature","geometry":{"type":"Point","coordinates":[136.0762702,35.6464965]},"properties":{"z":5.7}},{"type":"Feature","geometry":{"type":"Point","coordinates":[136.0763123,35.6465255]},"properties":{"z":5.7}},{"type":"Feature","geometry":{"type":"Point","coordinates":[136.0763529,35.6465561]},"properties":{"z":5.8}},{"type":"Feature","geometry":{"type":"Point","coordinates":[136.0763867,35.6465917]},"properties":{"z":5.8}},{"type":"Feature","geometry":{"type":"Point","coordinates":[136.076424,35.6466243]},"properties":{"z":5.9}},{"type":"Feature","geometry":{"type":"Point","coordinates":[136.076468,35.6466516]},"properties":{"z":5.8}},{"type":"Feature","geometry":{"type":"Point","coordinates":[136.0765139,35.6466766]},"properties":{"z":5.9}},{"type":"Feature","geometry":{"type":"Point","coordinates":[136.0765581,35.6467029]},"properties":{"z":5.8}},{"type":"Feature","geometry":{"type":"Point","coordinates":[136.0765911,35.646739]},"properties":{"z":5.9}},{"type":"Feature","geometry":{"type":"Point","coordinates":[136.0766268,35.6467729]},"properties":{"z":5.9}},{"type":"Feature","geometry":{"type":"Point","coordinates":[136.0766705,35.6468005]},"properties":{"z":6.0}},{"type":"Feature","geometry":{"type":"Point","coordinates":[136.076714,35.6468283]},"properties":{"z":6.0}},{"type":"Feature","geometry":{"type":"Point","coordinates":[136.0767573,35.6468563]},"properties":{"z":6.0}},{"type":"Feature","geometry":{"type":"Point","coordinates":[136.0767948,35.6468892]},"properties":{"z":6.0}},{"type":"Feature","geometry":{"type":"Point","coordinates":[136.0768313,35.6469229]},"properties":{"z":6.0}},{"type":"Feature","geometry":{"type":"Point","coordinates":[136.0768699,35.6469551]},"properties":{"z":6.0}},{"type":"Feature","geometry":{"type":"Point","coordinates":[136.0769083,35.6469875]},"properties":{"z":6.0}},{"type":"Feature","geometry":{"type":"Point","coordinates":[136.0769463,35.6470201]},"properties":{"z":6.1}},{"type":"Feature","geometry":{"type":"Point","coordinates":[136.0769852,35.6470521]},"properties":{"z":6.0}},{"type":"Feature","geometry":{"type":"Point","coordinates":[136.0770246,35.6470837]},"properties":{"z":6.1}},{"type":"Feature","geometry":{"type":"Point","coordinates":[136.0770672,35.6471123]},"properties":{"z":6.1}},{"type":"Feature","geometry":{"type":"Point","coordinates":[136.0771124,35.6471377]},"properties":{"z":6.2}},{"type":"Feature","geometry":{"type":"Point","coordinates":[136.0771617,35.6471581]},"properties":{"z":6.2}},{"type":"Feature","geometry":{"type":"Point","coordinates":[136.0772113,35.6471781]},"properties":{"z":6.3}},{"type":"Feature","geometry":{"type":"Point","coordinates":[136.0772611,35.6471976]},"properties":{"z":6.3}},{"type":"Feature","geometry":{"type":"Point","coordinates":[136.0773116,35.647216]},"properties":{"z":6.3}},{"type":"Feature","geometry":{"type":"Point","coordinates":[136.0773631,35.6472323]},"properties":{"z":6.4}},{"type":"Feature","geometry":{"type":"Point","coordinates":[136.0774153,35.6472472]},"properties":{"z":6.4}},{"type":"Feature","geometry":{"type":"Point","coordinates":[136.077468,35.6472608]},"properties":{"z":6.5}},{"type":"Feature","geometry":{"type":"Point","coordinates":[136.0775204,35.6472753]},"properties":{"z":6.6}},{"type":"Feature","geometry":{"type":"Point","coordinates":[136.0775727,35.64729]},"properties":{"z":6.6}},{"type":"Feature","geometry":{"type":"Point","coordinates":[136.0776259,35.6473021]},"properties":{"z":6.6}},{"type":"Feature","geometry":{"type":"Point","coordinates":[136.0776791,35.6473146]},"properties":{"z":6.6}},{"type":"Feature","geometry":{"type":"Point","coordinates":[136.0777321,35.6473274]},"properties":{"z":6.7}},{"type":"Feature","geometry":{"type":"Point","coordinates":[136.0777862,35.6473367]},"properties":{"z":6.8}},{"type":"Feature","geometry":{"type":"Point","coordinates":[136.0778399,35.6473473]},"properties":{"z":6.8}},{"type":"Feature","geometry":{"type":"Point","coordinates":[136.0778926,35.6473609]},"properties":{"z":6.9}},{"type":"Feature","geometry":{"type":"Point","coordinates":[136.0779465,35.6473709]},"properties":{"z":6.9}},{"type":"Feature","geometry":{"type":"Point","coordinates":[136.0780009,35.6473785]},"properties":{"z":6.9}},{"type":"Feature","geometry":{"type":"Point","coordinates":[136.0780562,35.64738]},"properties":{"z":7.0}},{"type":"Feature","geometry":{"type":"Point","coordinates":[136.0781105,35.647387]},"properties":{"z":7.0}},{"type":"Feature","geometry":{"type":"Point","coordinates":[136.0781643,35.6473976]},"properties":{"z":7.1}},{"type":"Feature","geometry":{"type":"Point","coordinates":[136.078218,35.6474085]},"properties":{"z":7.2}},{"type":"Feature","geometry":{"type":"Point","coordinates":[136.0782716,35.6474196]},"properties":{"z":7.2}},{"type":"Feature","geometry":{"type":"Point","coordinates":[136.0783251,35.647431]},"properties":{"z":7.3}},{"type":"Feature","geometry":{"type":"Point","coordinates":[136.0783775,35.6474452]},"properties":{"z":7.4}},{"type":"Feature","geometry":{"type":"Point","coordinates":[136.0784307,35.6474576]},"properties":{"z":7.4}},{"type":"Feature","geometry":{"type":"Point","coordinates":[136.0784846,35.6474677]},"properties":{"z":7.5}},{"type":"Feature","geometry":{"type":"Point","coordinates":[136.0785394,35.6474729]},"properties":{"z":7.5}},{"type":"Feature","geometry":{"type":"Point","coordinates":[136.0785942,35.6474787]},"properties":{"z":7.6}},{"type":"Feature","geometry":{"type":"Point","coordinates":[136.0786483,35.6474882]},"properties":{"z":7.7}},{"type":"Feature","geometry":{"type":"Point","coordinates":[136.0787016,35.6475]},"properties":{"z":7.7}},{"type":"Feature","geometry":{"type":"Point","coordinates":[136.0787547,35.6475126]},"properties":{"z":7.8}},{"type":"Feature","geometry":{"type":"Point","coordinates":[136.0788077,35.6475256]},"properties":{"z":7.9}},{"type":"Feature","geometry":{"type":"Point","coordinates":[136.0788615,35.6475361]},"properties":{"z":7.9}},{"type":"Feature","geometry":{"type":"Point","coordinates":[136.0789154,35.6475461]},"properties":{"z":8.0}},{"type":"Feature","geometry":{"type":"Point","coordinates":[136.0789693,35.6475563]},"properties":{"z":8.0}},{"type":"Feature","geometry":{"type":"Point","coordinates":[136.0790219,35.6475698]},"properties":{"z":8.1}},{"type":"Feature","geometry":{"type":"Point","coordinates":[136.0790742,35.6475846]},"properties":{"z":8.2}},{"type":"Feature","geometry":{"type":"Point","coordinates":[136.0791269,35.6475983]},"properties":{"z":8.2}},{"type":"Feature","geometry":{"type":"Point","coordinates":[136.0791798,35.6476114]},"properties":{"z":8.3}},{"type":"Feature","geometry":{"type":"Point","coordinates":[136.0792329,35.647624]},"properties":{"z":8.3}},{"type":"Feature","geometry":{"type":"Point","coordinates":[136.0792879,35.6476284]},"properties":{"z":8.4}},{"type":"Feature","geometry":{"type":"Point","coordinates":[136.0793422,35.6476363]},"properties":{"z":8.5}},{"type":"Feature","geometry":{"type":"Point","coordinates":[136.079396,35.6476464]},"properties":{"z":8.5}},{"type":"Feature","geometry":{"type":"Point","coordinates":[136.0794508,35.6476529]},"properties":{"z":8.6}},{"type":"Feature","geometry":{"type":"Point","coordinates":[136.0795046,35.647663]},"properties":{"z":8.6}},{"type":"Feature","geometry":{"type":"Point","coordinates":[136.0795583,35.6476737]},"properties":{"z":8.7}},{"type":"Feature","geometry":{"type":"Point","coordinates":[136.0796128,35.6476817]},"properties":{"z":8.8}},{"type":"Feature","geometry":{"type":"Point","coordinates":[136.0796661,35.6476935]},"properties":{"z":8.9}},{"type":"Feature","geometry":{"type":"Point","coordinates":[136.0797199,35.647703]},"properties":{"z":8.9}},{"type":"Feature","geometry":{"type":"Point","coordinates":[136.079775,35.647707]},"properties":{"z":9.0}},{"type":"Feature","geometry":{"type":"Point","coordinates":[136.0798288,35.6477174]},"properties":{"z":9.0}},{"type":"Feature","geometry":{"type":"Point","coordinates":[136.0798819,35.6477298]},"properties":{"z":9.0}},{"type":"Feature","geometry":{"type":"Point","coordinates":[136.0799342,35.6477444]},"properties":{"z":9.1}},{"type":"Feature","geometry":{"type":"Point","coordinates":[136.0799877,35.6477556]},"properties":{"z":9.1}},{"type":"Feature","geometry":{"type":"Point","coordinates":[136.0800415,35.6477663]},"properties":{"z":9.2}},{"type":"Feature","geometry":{"type":"Point","coordinates":[136.0800947,35.6477785]},"properties":{"z":9.2}},{"type":"Feature","geometry":{"type":"Point","coordinates":[136.0801474,35.6477922]},"properties":{"z":9.2}},{"type":"Feature","geometry":{"type":"Point","coordinates":[136.0801997,35.6478068]},"properties":{"z":9.3}},{"type":"Feature","geometry":{"type":"Point","coordinates":[136.0802515,35.6478226]},"properties":{"z":9.2}},{"type":"Feature","geometry":{"type":"Point","coordinates":[136.080303,35.6478389]},"properties":{"z":9.2}},{"type":"Feature","geometry":{"type":"Point","coordinates":[136.0803543,35.6478559]},"properties":{"z":9.3}},{"type":"Feature","geometry":{"type":"Point","coordinates":[136.0804041,35.6478754]},"properties":{"z":9.3}},{"type":"Feature","geometry":{"type":"Point","coordinates":[136.0804536,35.6478954]},"properties":{"z":9.2}},{"type":"Feature","geometry":{"type":"Point","coordinates":[136.0805027,35.6479162]},"properties":{"z":9.2}},{"type":"Feature","geometry":{"type":"Point","coordinates":[136.0805493,35.6479403]},"properties":{"z":9.2}},{"type":"Feature","geometry":{"type":"Point","coordinates":[136.0805948,35.6479658]},"properties":{"z":9.2}},{"type":"Feature","geometry":{"type":"Point","coordinates":[136.0806387,35.6479932]},"properties":{"z":9.3}},{"type":"Feature","geometry":{"type":"Point","coordinates":[136.0806791,35.6480238]},"properties":{"z":9.3}},{"type":"Feature","geometry":{"type":"Point","coordinates":[136.0807183,35.6480555]},"properties":{"z":9.4}},{"type":"Feature","geometry":{"type":"Point","coordinates":[136.0807555,35.6480888]},"properties":{"z":9.4}},{"type":"Feature","geometry":{"type":"Point","coordinates":[136.0807922,35.6481224]},"properties":{"z":9.5}},{"type":"Feature","geometry":{"type":"Point","coordinates":[136.0808287,35.6481562]},"properties":{"z":9.5}},{"type":"Feature","geometry":{"type":"Point","coordinates":[136.0808575,35.6481946]},"properties":{"z":9.5}},{"type":"Feature","geometry":{"type":"Point","coordinates":[136.0808873,35.6482324]},"properties":{"z":9.5}},{"type":"Feature","geometry":{"type":"Point","coordinates":[136.0809187,35.6482695]},"properties":{"z":9.5}},{"type":"Feature","geometry":{"type":"Point","coordinates":[136.0809416,35.6483103]},"properties":{"z":9.4}},{"type":"Feature","geometry":{"type":"Point","coordinates":[136.0809657,35.6483508]},"properties":{"z":9.5}},{"type":"Feature","geometry":{"type":"Point","coordinates":[136.0809921,35.6483902]},"properties":{"z":9.4}},{"type":"Feature","geometry":{"type":"Point","coordinates":[136.0810161,35.6484307]},"properties":{"z":9.4}},{"type":"Feature","geometry":{"type":"Point","coordinates":[136.0810392,35.6484716]},"properties":{"z":9.5}},{"type":"Feature","geometry":{"type":"Point","coordinates":[136.081061,35.6485129]},"properties":{"z":9.3}},{"type":"Feature","geometry":{"type":"Point","coordinates":[136.0810817,35.6485545]},"properties":{"z":9.3}},{"type":"Feature","geometry":{"type":"Point","coordinates":[136.0811016,35.6485965]},"properties":{"z":9.2}},{"type":"Feature","geometry":{"type":"Point","coordinates":[136.0811203,35.6486388]},"properties":{"z":9.2}},{"type":"Feature","geometry":{"type":"Point","coordinates":[136.0811407,35.6486806]},"properties":{"z":9.2}},{"type":"Feature","geometry":{"type":"Point","coordinates":[136.0811631,35.6487216]},"properties":{"z":9.2}},{"type":"Feature","geometry":{"type":"Point","coordinates":[136.0811925,35.6487597]},"properties":{"z":9.2}},{"type":"Feature","geometry":{"type":"Point","coordinates":[136.081219,35.6487991]},"properties":{"z":9.2}},{"type":"Feature","geometry":{"type":"Point","coordinates":[136.0812422,35.6488398]},"properties":{"z":9.2}},{"type":"Feature","geometry":{"type":"Point","coordinates":[136.0812578,35.648883]},"properties":{"z":9.1}},{"type":"Feature","geometry":{"type":"Point","coordinates":[136.0812745,35.6489258]},"properties":{"z":9.1}},{"type":"Feature","geometry":{"type":"Point","coordinates":[136.0812927,35.6489683]},"properties":{"z":9.1}},{"type":"Feature","geometry":{"type":"Point","coordinates":[136.0813134,35.6490099]},"properties":{"z":9.1}},{"type":"Feature","geometry":{"type":"Point","coordinates":[136.0813339,35.6490517]},"properties":{"z":9.1}},{"type":"Feature","geometry":{"type":"Point","coordinates":[136.0813529,35.6490939]},"properties":{"z":9.1}},{"type":"Feature","geometry":{"type":"Point","coordinates":[136.0813727,35.6491359]},"properties":{"z":9.1}},{"type":"Feature","geometry":{"type":"Point","coordinates":[136.081393,35.6491777]},"properties":{"z":9.2}},{"type":"Feature","geometry":{"type":"Point","coordinates":[136.0814124,35.6492198]},"properties":{"z":9.3}},{"type":"Feature","geometry":{"type":"Point","coordinates":[136.0814308,35.6492622]},"properties":{"z":9.3}},{"type":"Feature","geometry":{"type":"Point","coordinates":[136.0814478,35.6493049]},"properties":{"z":9.4}},{"type":"Feature","geometry":{"type":"Point","coordinates":[136.0814729,35.6493448]},"properties":{"z":9.5}},{"type":"Feature","geometry":{"type":"Point","coordinates":[136.0814983,35.6493847]},"properties":{"z":9.5}},{"type":"Feature","geometry":{"type":"Point","coordinates":[136.0815173,35.6494269]},"properties":{"z":9.6}},{"type":"Feature","geometry":{"type":"Point","coordinates":[136.0815386,35.6494683]},"properties":{"z":9.6}},{"type":"Feature","geometry":{"type":"Point","coordinates":[136.081561,35.6495094]},"properties":{"z":9.8}},{"type":"Feature","geometry":{"type":"Point","coordinates":[136.0815792,35.6495519]},"properties":{"z":9.8}},{"type":"Feature","geometry":{"type":"Point","coordinates":[136.081597,35.6495944]},"properties":{"z":9.9}},{"type":"Feature","geometry":{"type":"Point","coordinates":[136.0816139,35.6496372]},"properties":{"z":10.1}},{"type":"Feature","geometry":{"type":"Point","coordinates":[136.0816289,35.6496805]},"properties":{"z":10.1}},{"type":"Feature","geometry":{"type":"Point","coordinates":[136.081643,35.6497239]},"properties":{"z":10.9}},{"type":"Feature","geometry":{"type":"Point","coordinates":[136.0816599,35.6497668]},"properties":{"z":11.4}},{"type":"Feature","geometry":{"type":"Point","coordinates":[136.081681,35.6498081]},"properties":{"z":11.4}},{"type":"Feature","geometry":{"type":"Point","coordinates":[136.0817084,35.6498471]},"properties":{"z":11.8}},{"type":"Feature","geometry":{"type":"Point","coordinates":[136.0817587,35.6498618]},"properties":{"z":12.3}},{"type":"Feature","geometry":{"type":"Point","coordinates":[136.0818131,35.6498628]},"properties":{"z":12.7}},{"type":"Feature","geometry":{"type":"Point","coordinates":[136.0818678,35.6498566]},"properties":{"z":12.7}},{"type":"Feature","geometry":{"type":"Point","coordinates":[136.0819216,35.649846]},"properties":{"z":13.0}},{"type":"Feature","geometry":{"type":"Point","coordinates":[136.0819759,35.6498374]},"properties":{"z":13.0}},{"type":"Feature","geometry":{"type":"Point","coordinates":[136.0820304,35.6498299]},"properties":{"z":13.0}},{"type":"Feature","geometry":{"type":"Point","coordinates":[136.0820852,35.6498235]},"properties":{"z":13.5}},{"type":"Feature","geometry":{"type":"Point","coordinates":[136.0821393,35.6498143]},"properties":{"z":13.5}},{"type":"Feature","geometry":{"type":"Point","coordinates":[136.0821933,35.6498045]},"properties":{"z":13.9}},{"type":"Feature","geometry":{"type":"Point","coordinates":[136.0822473,35.6497951]},"properties":{"z":14.3}},{"type":"Feature","geometry":{"type":"Point","coordinates":[136.0823013,35.6497852]},"properties":{"z":14.3}},{"type":"Feature","geometry":{"type":"Point","coordinates":[136.082355,35.6497745]},"properties":{"z":14.8}},{"type":"Feature","geometry":{"type":"Point","coordinates":[136.0824084,35.6497627]},"properties":{"z":14.4}},{"type":"Feature","geometry":{"type":"Point","coordinates":[136.0824628,35.6497544]},"properties":{"z":14.8}},{"type":"Feature","geometry":{"type":"Point","coordinates":[136.0825171,35.6497458]},"properties":{"z":15.3}},{"type":"Feature","geometry":{"type":"Point","coordinates":[136.0825711,35.6497363]},"properties":{"z":15.3}},{"type":"Feature","geometry":{"type":"Point","coordinates":[136.0826251,35.6497264]},"properties":{"z":15.7}},{"type":"Feature","geometry":{"type":"Point","coordinates":[136.0826793,35.6497174]},"properties":{"z":16.1}},{"type":"Feature","geometry":{"type":"Point","coordinates":[136.0827338,35.6497101]},"properties":{"z":16.1}},{"type":"Feature","geometry":{"type":"Point","coordinates":[136.0827879,35.6497007]},"properties":{"z":16.4}},{"type":"Feature","geometry":{"type":"Point","coordinates":[136.0828421,35.6496917]},"properties":{"z":16.2}},{"type":"Feature","geometry":{"type":"Point","coordinates":[136.0828966,35.6496841]},"properties":{"z":16.2}},{"type":"Feature","geometry":{"type":"Point","coordinates":[136.0829508,35.6496752]},"properties":{"z":16.4}},{"type":"Feature","geometry":{"type":"Point","coordinates":[136.0830052,35.649667]},"properties":{"z":16.4}},{"type":"Feature","geometry":{"type":"Point","coordinates":[136.0830598,35.6496595]},"properties":{"z":16.7}},{"type":"Feature","geometry":{"type":"Point","coordinates":[136.0831144,35.6496524]},"properties":{"z":16.9}},{"type":"Feature","geometry":{"type":"Point","coordinates":[136.0831689,35.6496446]},"properties":{"z":16.9}},{"type":"Feature","geometry":{"type":"Point","coordinates":[136.0832232,35.649636]},"properties":{"z":17.2}},{"type":"Feature","geometry":{"type":"Point","coordinates":[136.0832776,35.6496279]},"properties":{"z":17.5}},{"type":"Feature","geometry":{"type":"Point","coordinates":[136.083332,35.6496198]},"properties":{"z":17.3}},{"type":"Feature","geometry":{"type":"Point","coordinates":[136.0833864,35.6496117]},"properties":{"z":17.6}},{"type":"Feature","geometry":{"type":"Point","coordinates":[136.0834404,35.649602]},"properties":{"z":17.6}},{"type":"Feature","geometry":{"type":"Point","coordinates":[136.0834946,35.6495927]},"properties":{"z":17.9}},{"type":"Feature","geometry":{"type":"Point","coordinates":[136.0835488,35.649584]},"properties":{"z":18.2}},{"type":"Feature","geometry":{"type":"Point","coordinates":[136.0836036,35.6495779]},"properties":{"z":18.2}},{"type":"Feature","geometry":{"type":"Point","coordinates":[136.0836585,35.6495725]},"properties":{"z":18.5}},{"type":"Feature","geometry":{"type":"Point","coordinates":[136.0837135,35.6495676]},"properties":{"z":18.7}},{"type":"Feature","geometry":{"type":"Point","coordinates":[136.0837683,35.6495612]},"properties":{"z":18.7}},{"type":"Feature","geometry":{"type":"Point","coordinates":[136.0838231,35.6495552]},"properties":{"z":18.7}},{"type":"Feature","geometry":{"type":"Point","coordinates":[136.083878,35.6495497]},"properties":{"z":18.7}},{"type":"Feature","geometry":{"type":"Point","coordinates":[136.083933,35.6495447]},"properties":{"z":18.7}},{"type":"Feature","geometry":{"type":"Point","coordinates":[136.0839879,35.6495397]},"properties":{"z":18.8}},{"type":"Feature","geometry":{"type":"Point","coordinates":[136.0840429,35.6495348]},"properties":{"z":18.8}},{"type":"Feature","geometry":{"type":"Point","coordinates":[136.084098,35.6495301]},"properties":{"z":18.8}},{"type":"Feature","geometry":{"type":"Point","coordinates":[136.0841528,35.6495244]},"properties":{"z":18.9}},{"type":"Feature","geometry":{"type":"Point","coordinates":[136.0842072,35.6495165]},"properties":{"z":18.9}},{"type":"Feature","geometry":{"type":"Point","coordinates":[136.0842619,35.6495097]},"properties":{"z":18.7}},{"type":"Feature","geometry":{"type":"Point","coordinates":[136.0843166,35.6495032]},"properties":{"z":18.3}},{"type":"Feature","geometry":{"type":"Point","coordinates":[136.0843714,35.6494969]},"properties":{"z":18.3}},{"type":"Feature","geometry":{"type":"Point","coordinates":[136.0844264,35.6494922]},"properties":{"z":17.8}},{"type":"Feature","geometry":{"type":"Point","coordinates":[136.0844814,35.6494869]},"properties":{"z":17.2}},{"type":"Feature","geometry":{"type":"Point","coordinates":[136.0845361,35.6494803]},"properties":{"z":16.6}},{"type":"Feature","geometry":{"type":"Point","coordinates":[136.0845805,35.6494538]},"properties":{"z":16.1}},{"type":"Feature","geometry":{"type":"Point","coordinates":[136.084613,35.6494181]},"properties":{"z":16.1}},{"type":"Feature","geometry":{"type":"Point","coordinates":[136.0846435,35.6493807]},"properties":{"z":15.3}},{"type":"Feature","geometry":{"type":"Point","coordinates":[136.0846735,35.649343]},"properties":{"z":15.2}},{"type":"Feature","geometry":{"type":"Point","coordinates":[136.0846995,35.6493033]},"properties":{"z":15.2}},{"type":"Feature","geometry":{"type":"Point","coordinates":[136.0847205,35.6492617]},"properties":{"z":15.1}},{"type":"Feature","geometry":{"type":"Point","coordinates":[136.0847422,35.6492204]},"properties":{"z":15.0}},{"type":"Feature","geometry":{"type":"Point","coordinates":[136.0847621,35.6491784]},"properties":{"z":14.9}},{"type":"Feature","geometry":{"type":"Point","coordinates":[136.0847795,35.6491358]},"properties":{"z":14.9}},{"type":"Feature","geometry":{"type":"Point","coordinates":[136.084798,35.6490935]},"properties":{"z":14.9}},{"type":"Feature","geometry":{"type":"Point","coordinates":[136.0848189,35.6490519]},"properties":{"z":14.7}},{"type":"Feature","geometry":{"type":"Point","coordinates":[136.0848384,35.6490098]},"properties":{"z":14.7}},{"type":"Feature","geometry":{"type":"Point","coordinates":[136.0848582,35.6489678]},"properties":{"z":14.7}},{"type":"Feature","geometry":{"type":"Point","coordinates":[136.0848794,35.6489263]},"properties":{"z":14.6}},{"type":"Feature","geometry":{"type":"Point","coordinates":[136.084902,35.6488853]},"properties":{"z":14.5}},{"type":"Feature","geometry":{"type":"Point","coordinates":[136.0849249,35.6488444]},"properties":{"z":14.4}},{"type":"Feature","geometry":{"type":"Point","coordinates":[136.0849466,35.6488031]},"properties":{"z":14.4}},{"type":"Feature","geometry":{"type":"Point","coordinates":[136.0849669,35.6487613]},"properties":{"z":14.4}},{"type":"Feature","geometry":{"type":"Point","coordinates":[136.0849832,35.6487183]},"properties":{"z":14.4}},{"type":"Feature","geometry":{"type":"Point","coordinates":[136.0849992,35.6486753]},"properties":{"z":14.2}},{"type":"Feature","geometry":{"type":"Point","coordinates":[136.085016,35.6486325]},"properties":{"z":14.2}},{"type":"Feature","geometry":{"type":"Point","coordinates":[136.0850377,35.6485911]},"properties":{"z":14.2}},{"type":"Feature","geometry":{"type":"Point","coordinates":[136.0850609,35.6485503]},"properties":{"z":14.1}},{"type":"Feature","geometry":{"type":"Point","coordinates":[136.085085,35.6485099]},"properties":{"z":14.0}},{"type":"Feature","geometry":{"type":"Point","coordinates":[136.0851101,35.6484698]},"properties":{"z":13.9}},{"type":"Feature","geometry":{"type":"Point","coordinates":[136.0851325,35.6484288]},"properties":{"z":13.9}},{"type":"Feature","geometry":{"type":"Point","coordinates":[136.0851525,35.6483869]},"properties":{"z":13.9}},{"type":"Feature","geometry":{"type":"Point","coordinates":[136.0851734,35.6483452]},"properties":{"z":13.8}},{"type":"Feature","geometry":{"type":"Point","coordinates":[136.0851944,35.6483037]},"properties":{"z":13.8}},{"type":"Feature","geometry":{"type":"Point","coordinates":[136.0852155,35.6482621]},"properties":{"z":13.7}},{"type":"Feature","geometry":{"type":"Point","coordinates":[136.0852388,35.6482213]},"properties":{"z":13.7}},{"type":"Feature","geometry":{"type":"Point","coordinates":[136.0852623,35.6481806]},"properties":{"z":13.6}},{"type":"Feature","geometry":{"type":"Point","coordinates":[136.0852854,35.6481398]},"properties":{"z":13.6}},{"type":"Feature","geometry":{"type":"Point","coordinates":[136.0853069,35.6480984]},"properties":{"z":13.6}},{"type":"Feature","geometry":{"type":"Point","coordinates":[136.0853278,35.6480568]},"properties":{"z":13.5}},{"type":"Feature","geometry":{"type":"Point","coordinates":[136.0853485,35.6480151]},"properties":{"z":13.4}},{"type":"Feature","geometry":{"type":"Point","coordinates":[136.085355,35.6479715]},"properties":{"z":13.4}},{"type":"Feature","geometry":{"type":"Point","coordinates":[136.0853492,35.6479274]},"properties":{"z":13.4}},{"type":"Feature","geometry":{"type":"Point","coordinates":[136.0853141,35.6478927]},"properties":{"z":13.4}},{"type":"Feature","geometry":{"type":"Point","coordinates":[136.0852735,35.6478629]},"properties":{"z":13.3}},{"type":"Feature","geometry":{"type":"Point","coordinates":[136.0852271,35.6478385]},"properties":{"z":13.3}},{"type":"Feature","geometry":{"type":"Point","coordinates":[136.0851765,35.6478206]},"properties":{"z":13.3}},{"type":"Feature","geometry":{"type":"Point","coordinates":[136.0851249,35.6478045]},"properties":{"z":13.1}},{"type":"Feature","geometry":{"type":"Point","coordinates":[136.0850727,35.6477897]},"properties":{"z":13.1}},{"type":"Feature","geometry":{"type":"Point","coordinates":[136.0850205,35.6477748]},"properties":{"z":13.1}},{"type":"Feature","geometry":{"type":"Point","coordinates":[136.0849682,35.6477601]},"properties":{"z":13.1}},{"type":"Feature","geometry":{"type":"Point","coordinates":[136.084916,35.6477452]},"properties":{"z":13.1}},{"type":"Feature","geometry":{"type":"Point","coordinates":[136.0848639,35.6477301]},"properties":{"z":12.9}},{"type":"Feature","geometry":{"type":"Point","coordinates":[136.0848116,35.6477156]},"properties":{"z":12.9}},{"type":"Feature","geometry":{"type":"Point","coordinates":[136.0847587,35.6477024]},"properties":{"z":12.9}},{"type":"Feature","geometry":{"type":"Point","coordinates":[136.0847058,35.6476892]},"properties":{"z":12.9}},{"type":"Feature","geometry":{"type":"Point","coordinates":[136.0846526,35.6476769]},"properties":{"z":12.9}},{"type":"Feature","geometry":{"type":"Point","coordinates":[136.0845994,35.6476645]},"properties":{"z":12.8}},{"type":"Feature","geometry":{"type":"Point","coordinates":[136.0845473,35.6476495]},"properties":{"z":12.8}},{"type":"Feature","geometry":{"type":"Point","coordinates":[136.0844952,35.6476344]},"properties":{"z":12.8}},{"type":"Feature","geometry":{"type":"Point","coordinates":[136.0844426,35.6476205]},"properties":{"z":12.7}},{"type":"Feature","geometry":{"type":"Point","coordinates":[136.0843899,35.6476068]},"properties":{"z":12.7}},{"type":"Feature","geometry":{"type":"Point","coordinates":[136.0843376,35.6475922]},"properties":{"z":12.6}},{"type":"Feature","geometry":{"type":"Point","coordinates":[136.0842857,35.6475766]},"properties":{"z":12.5}},{"type":"Feature","geometry":{"type":"Point","coordinates":[136.0842339,35.6475608]},"properties":{"z":12.5}},{"type":"Feature","geometry":{"type":"Point","coordinates":[136.0841829,35.6475435]},"properties":{"z":12.5}},{"type":"Feature","geometry":{"type":"Point","coordinates":[136.0841318,35.6475262]},"properties":{"z":12.4}},{"type":"Feature","geometry":{"type":"Point","coordinates":[136.0840809,35.6475085]},"properties":{"z":12.4}},{"type":"Feature","geometry":{"type":"Point","coordinates":[136.0840302,35.6474906]},"properties":{"z":12.4}},{"type":"Feature","geometry":{"type":"Point","coordinates":[136.0839797,35.6474722]},"properties":{"z":12.4}},{"type":"Feature","geometry":{"type":"Point","coordinates":[136.0839298,35.6474529]},"properties":{"z":12.2}},{"type":"Feature","geometry":{"type":"Point","coordinates":[136.0838799,35.6474335]},"properties":{"z":12.2}},{"type":"Feature","geometry":{"type":"Point","coordinates":[136.0838303,35.6474136]},"properties":{"z":12.2}},{"type":"Feature","geometry":{"type":"Point","coordinates":[136.0837808,35.6473935]},"properties":{"z":12.2}},{"type":"Feature","geometry":{"type":"Point","coordinates":[136.0837314,35.6473733]},"properties":{"z":12.1}},{"type":"Feature","geometry":{"type":"Point","coordinates":[136.0836822,35.6473528]},"properties":{"z":12.1}},{"type":"Feature","geometry":{"type":"Point","coordinates":[136.083633,35.6473322]},"properties":{"z":12.1}},{"type":"Feature","geometry":{"type":"Point","coordinates":[136.0835843,35.6473109]},"properties":{"z":11.9}},{"type":"Feature","geometry":{"type":"Point","coordinates":[136.0835358,35.6472893]},"properties":{"z":11.9}},{"type":"Feature","geometry":{"type":"Point","coordinates":[136.0834874,35.6472676]},"properties":{"z":11.9}},{"type":"Feature","geometry":{"type":"Point","coordinates":[136.0834392,35.6472454]},"properties":{"z":11.8}},{"type":"Feature","geometry":{"type":"Point","coordinates":[136.0833911,35.6472233]},"properties":{"z":11.8}},{"type":"Feature","geometry":{"type":"Point","coordinates":[136.0833432,35.6472008]},"properties":{"z":11.8}},{"type":"Feature","geometry":{"type":"Point","coordinates":[136.0832957,35.6471777]},"properties":{"z":11.7}},{"type":"Feature","geometry":{"type":"Point","coordinates":[136.0832482,35.6471547]},"properties":{"z":11.7}},{"type":"Feature","geometry":{"type":"Point","coordinates":[136.0832017,35.6471304]},"properties":{"z":11.7}},{"type":"Feature","geometry":{"type":"Point","coordinates":[136.0831556,35.6471055]},"properties":{"z":11.6}},{"type":"Feature","geometry":{"type":"Point","coordinates":[136.0831096,35.6470806]},"properties":{"z":11.6}},{"type":"Feature","geometry":{"type":"Point","coordinates":[136.0830667,35.6470521]},"properties":{"z":11.5}},{"type":"Feature","geometry":{"type":"Point","coordinates":[136.0830239,35.6470237]},"properties":{"z":11.5}},{"type":"Feature","geometry":{"type":"Point","coordinates":[136.0829816,35.6469947]},"properties":{"z":11.5}},{"type":"Feature","geometry":{"type":"Point","coordinates":[136.0829406,35.6469646]},"properties":{"z":11.4}},{"type":"Feature","geometry":{"type":"Point","coordinates":[136.0828995,35.6469345]},"properties":{"z":11.4}},{"type":"Feature","geometry":{"type":"Point","coordinates":[136.0828587,35.6469042]},"properties":{"z":11.3}},{"type":"Feature","geometry":{"type":"Point","coordinates":[136.082818,35.6468737]},"properties":{"z":11.3}},{"type":"Feature","geometry":{"type":"Point","coordinates":[136.0827773,35.6468432]},"properties":{"z":11.3}},{"type":"Feature","geometry":{"type":"Point","coordinates":[136.082737,35.6468125]},"properties":{"z":11.3}},{"type":"Feature","geometry":{"type":"Point","coordinates":[136.0826967,35.6467816]},"properties":{"z":11.3}},{"type":"Feature","geometry":{"type":"Point","coordinates":[136.0826565,35.6467508]},"properties":{"z":11.1}},{"type":"Feature","geometry":{"type":"Point","coordinates":[136.0826158,35.6467204]},"properties":{"z":11.1}},{"type":"Feature","geometry":{"type":"Point","coordinates":[136.082575,35.64669]},"properties":{"z":11.0}},{"type":"Feature","geometry":{"type":"Point","coordinates":[136.0825342,35.6466596]},"properties":{"z":11.0}},{"type":"Feature","geometry":{"type":"Point","coordinates":[136.0824936,35.6466291]},"properties":{"z":11.0}},{"type":"Feature","geometry":{"type":"Point","coordinates":[136.082453,35.6465986]},"properties":{"z":11.0}},{"type":"Feature","geometry":{"type":"Point","coordinates":[136.0824124,35.646568]},"properties":{"z":11.0}},{"type":"Feature","geometry":{"type":"Point","coordinates":[136.0823718,35.6465375]},"properties":{"z":10.9}},{"type":"Feature","geometry":{"type":"Point","coordinates":[136.0823313,35.6465069]},"properties":{"z":10.9}},{"type":"Feature","geometry":{"type":"Point","coordinates":[136.0822907,35.6464764]},"properties":{"z":10.9}},{"type":"Feature","geometry":{"type":"Point","coordinates":[136.0822496,35.6464462]},"properties":{"z":10.9}},{"type":"Feature","geometry":{"type":"Point","coordinates":[136.0822086,35.6464161]},"properties":{"z":10.8}},{"type":"Feature","geometry":{"type":"Point","coordinates":[136.0821677,35.6463858]},"properties":{"z":10.8}},{"type":"Feature","geometry":{"type":"Point","coordinates":[136.082127,35.6463554]},"properties":{"z":10.8}},{"type":"Feature","geometry":{"type":"Point","coordinates":[136.0820863,35.6463249]},"properties":{"z":10.7}},{"type":"Feature","geometry":{"type":"Point","coordinates":[136.0820452,35.6462949]},"properties":{"z":10.7}},{"type":"Feature","geometry":{"type":"Point","coordinates":[136.0820036,35.6462652]},"properties":{"z":10.7}},{"type":"Feature","geometry":{"type":"Point","coordinates":[136.081962,35.6462356]},"properties":{"z":10.7}},{"type":"Feature","geometry":{"type":"Point","coordinates":[136.0819205,35.6462059]},"properties":{"z":10.6}},{"type":"Feature","geometry":{"type":"Point","coordinates":[136.081879,35.6461762]},"properties":{"z":10.6}},{"type":"Feature","geometry":{"type":"Point","coordinates":[136.0818374,35.6461465]},"properties":{"z":10.6}},{"type":"Feature","geometry":{"type":"Point","coordinates":[136.0817958,35.6461169]},"properties":{"z":10.5}},{"type":"Feature","geometry":{"type":"Point","coordinates":[136.0817542,35.6460873]},"properties":{"z":10.5}},{"type":"Feature","geometry":{"type":"Point","coordinates":[136.0817101,35.6460602]},"properties":{"z":10.4}},{"type":"Feature","geometry":{"type":"Point","coordinates":[136.0816655,35.6460336]},"properties":{"z":10.4}},{"type":"Feature","geometry":{"type":"Point","coordinates":[136.0816167,35.6460133]},"properties":{"z":10.4}},{"type":"Feature","geometry":{"type":"Point","coordinates":[136.0815649,35.6459976]},"properties":{"z":10.3}},{"type":"Feature","geometry":{"type":"Point","coordinates":[136.0815147,35.645979]},"properties":{"z":10.3}},{"type":"Feature","geometry":{"type":"Point","coordinates":[136.0814667,35.6459566]},"properties":{"z":10.3}},{"type":"Feature","geometry":{"type":"Point","coordinates":[136.0814211,35.6459316]},"properties":{"z":10.2}},{"type":"Feature","geometry":{"type":"Point","coordinates":[136.0813785,35.6459028]},"properties":{"z":10.1}},{"type":"Feature","geometry":{"type":"Point","coordinates":[136.0813365,35.6458736]},"properties":{"z":10.1}},{"type":"Feature","geometry":{"type":"Point","coordinates":[136.081295,35.6458439]},"properties":{"z":10.1}},{"type":"Feature","geometry":{"type":"Point","coordinates":[136.081253,35.6458146]},"properties":{"z":10.1}},{"type":"Feature","geometry":{"type":"Point","coordinates":[136.0812098,35.6457868]},"properties":{"z":10.0}},{"type":"Feature","geometry":{"type":"Point","coordinates":[136.0811606,35.6457663]},"properties":{"z":10.0}},{"type":"Feature","geometry":{"type":"Point","coordinates":[136.081113,35.6457435]},"properties":{"z":9.9}},{"type":"Feature","geometry":{"type":"Point","coordinates":[136.0810659,35.6457199]},"properties":{"z":9.9}},{"type":"Feature","geometry":{"type":"Point","coordinates":[136.0810138,35.6457049]},"properties":{"z":9.9}},{"type":"Feature","geometry":{"type":"Point","coordinates":[136.0809662,35.6457115]},"properties":{"z":9.9}},{"type":"Feature","geometry":{"type":"Point","coordinates":[136.0809232,35.6457398]},"properties":{"z":9.9}},{"type":"Feature","geometry":{"type":"Point","coordinates":[136.0808812,35.6457691]},"properties":{"z":9.9}},{"type":"Feature","geometry":{"type":"Point","coordinates":[136.0808375,35.6457964]},"properties":{"z":9.9}},{"type":"Feature","geometry":{"type":"Point","coordinates":[136.0807904,35.64582]},"properties":{"z":9.9}},{"type":"Feature","geometry":{"type":"Point","coordinates":[136.0807416,35.6458411]},"properties":{"z":9.8}},{"type":"Feature","geometry":{"type":"Point","coordinates":[136.080692,35.6458609]},"properties":{"z":9.8}},{"type":"Feature","geometry":{"type":"Point","coordinates":[136.0806404,35.645877]},"properties":{"z":9.8}},{"type":"Feature","geometry":{"type":"Point","coordinates":[136.0805884,35.6458923]},"properties":{"z":9.8}},{"type":"Feature","geometry":{"type":"Point","coordinates":[136.0805347,35.645903]},"properties":{"z":9.8}},{"type":"Feature","geometry":{"type":"Point","coordinates":[136.0804807,35.6459127]},"properties":{"z":9.8}},{"type":"Feature","geometry":{"type":"Point","coordinates":[136.0804257,35.6459156]},"properties":{"z":9.7}},{"type":"Feature","geometry":{"type":"Point","coordinates":[136.0803704,35.645916]},"properties":{"z":9.7}},{"type":"Feature","geometry":{"type":"Point","coordinates":[136.0803153,35.6459136]},"properties":{"z":9.6}},{"type":"Feature","geometry":{"type":"Point","coordinates":[136.0802604,35.645908]},"properties":{"z":9.5}},{"type":"Feature","geometry":{"type":"Point","coordinates":[136.0802055,35.6459025]},"properties":{"z":9.5}},{"type":"Feature","geometry":{"type":"Point","coordinates":[136.0801522,35.6458907]},"properties":{"z":9.4}},{"type":"Feature","geometry":{"type":"Point","coordinates":[136.0800989,35.6458787]},"properties":{"z":9.4}},{"type":"Feature","geometry":{"type":"Point","coordinates":[136.0800461,35.6458654]},"properties":{"z":9.3}},{"type":"Feature","geometry":{"type":"Point","coordinates":[136.079997,35.6458447]},"properties":{"z":9.2}},{"type":"Feature","geometry":{"type":"Point","coordinates":[136.0799479,35.645824]},"properties":{"z":9.2}},{"type":"Feature","geometry":{"type":"Point","coordinates":[136.079899,35.6458031]},"properties":{"z":9.1}},{"type":"Feature","geometry":{"type":"Point","coordinates":[136.0798548,35.6457761]},"properties":{"z":9.1}},{"type":"Feature","geometry":{"type":"Point","coordinates":[136.0798105,35.6457492]},"properties":{"z":9.1}},{"type":"Feature","geometry":{"type":"Point","coordinates":[136.0797662,35.6457222]},"properties":{"z":9.1}},{"type":"Feature","geometry":{"type":"Point","coordinates":[136.0797251,35.6456922]},"properties":{"z":9.0}},{"type":"Feature","geometry":{"type":"Point","coordinates":[136.0796842,35.6456619]},"properties":{"z":9.0}},{"type":"Feature","geometry":{"type":"Point","coordinates":[136.0796434,35.6456315]},"properties":{"z":8.9}},{"type":"Feature","geometry":{"type":"Point","coordinates":[136.0796047,35.6455995]},"properties":{"z":8.9}},{"type":"Feature","geometry":{"type":"Point","coordinates":[136.0795663,35.6455671]},"properties":{"z":8.8}},{"type":"Feature","geometry":{"type":"Point","coordinates":[136.0795279,35.6455347]},"properties":{"z":8.8}},{"type":"Feature","geometry":{"type":"Point","coordinates":[136.0794882,35.6455034]},"properties":{"z":8.8}},{"type":"Feature","geometry":{"type":"Point","coordinates":[136.0794484,35.6454722]},"properties":{"z":8.8}},{"type":"Feature","geometry":{"type":"Point","coordinates":[136.0794119,35.645439]},"properties":{"z":8.8}},{"type":"Feature","geometry":{"type":"Point","coordinates":[136.0793866,35.645399]},"properties":{"z":8.7}},{"type":"Feature","geometry":{"type":"Point","coordinates":[136.0794307,35.6453908]},"properties":{"z":8.8}},{"type":"Feature","geometry":{"type":"Point","coordinates":[136.0794769,35.6454134]},"properties":{"z":8.8}},{"type":"Feature","geometry":{"type":"Point","coordinates":[136.0795167,35.6454446]},"properties":{"z":8.8}},{"type":"Feature","geometry":{"type":"Point","coordinates":[136.0795617,35.6454646]},"properties":{"z":8.8}},{"type":"Feature","geometry":{"type":"Point","coordinates":[136.0796162,35.6454703]},"properties":{"z":8.9}},{"type":"Feature","geometry":{"type":"Point","coordinates":[136.0796675,35.645486]},"properties":{"z":9.0}},{"type":"Feature","geometry":{"type":"Point","coordinates":[136.0797128,35.6455117]},"properties":{"z":9.0}},{"type":"Feature","geometry":{"type":"Point","coordinates":[136.0797557,35.6455401]},"properties":{"z":9.1}},{"type":"Feature","geometry":{"type":"Point","coordinates":[136.0797974,35.6455696]},"properties":{"z":9.1}},{"type":"Feature","geometry":{"type":"Point","coordinates":[136.079839,35.6455993]},"properties":{"z":9.1}},{"type":"Feature","geometry":{"type":"Point","coordinates":[136.0798817,35.6456278]},"properties":{"z":9.1}},{"type":"Feature","geometry":{"type":"Point","coordinates":[136.0799271,35.6456535]},"properties":{"z":9.2}},{"type":"Feature","geometry":{"type":"Point","coordinates":[136.0799723,35.6456793]},"properties":{"z":9.2}},{"type":"Feature","geometry":{"type":"Point","coordinates":[136.0800168,35.6457061]},"properties":{"z":9.3}},{"type":"Feature","geometry":{"type":"Point","coordinates":[136.080065,35.6457281]},"properties":{"z":9.3}},{"type":"Feature","geometry":{"type":"Point","coordinates":[136.0801154,35.6457461]},"properties":{"z":9.4}},{"type":"Feature","geometry":{"type":"Point","coordinates":[136.080168,35.6457599]},"properties":{"z":9.4}},{"type":"Feature","geometry":{"type":"Point","coordinates":[136.0802208,35.6457735]},"properties":{"z":9.5}},{"type":"Feature","geometry":{"type":"Point","coordinates":[136.0802735,35.6457693]},"properties":{"z":9.6}},{"type":"Feature","geometry":{"type":"Point","coordinates":[136.0803073,35.6457466]},"properties":{"z":9.6}},{"type":"Feature","geometry":{"type":"Point","coordinates":[136.0802969,35.6457024]},"properties":{"z":9.6}},{"type":"Feature","geometry":{"type":"Point","coordinates":[136.0802663,35.6456653]},"properties":{"z":9.6}},{"type":"Feature","geometry":{"type":"Point","coordinates":[136.0802269,35.6456363]},"properties":{"z":9.6}},{"type":"Feature","geometry":{"type":"Point","coordinates":[136.0801754,35.6456198]},"properties":{"z":9.5}},{"type":"Feature","geometry":{"type":"Point","coordinates":[136.0801213,35.6456152]},"properties":{"z":9.5}},{"type":"Feature","geometry":{"type":"Point","coordinates":[136.0800945,35.6456528]},"properties":{"z":9.5}},{"type":"Feature","geometry":{"type":"Point","coordinates":[136.0800976,35.6456574]},"properties":{"z":9.5}}]}